family_id,family,variable,source,table,database,existing_path,native_frequency,stored_rows,stored_nonnull,stored_finite,stored_missing_or_nonfinite_pct,raw_expected_grid_missingness,all_country_count,t2_market_count,t2_countries,first_observation_date,last_observation_date,concept_orientation,registry_sign,proposed_transform,publication_availability,revision_policy,cleaning_lineage,pit_candidate_class,certified_for_historical_ml,admission_reason
7,Sovereign fiscal stress,BBG_Debt_GDP_Ratio,bloomberg,bloomberg_factors,warehouse,Data/processed/bloomberg_factors_panel.parquet,M,61,61,61,0.0,Not inferred from omitted rows; see DATA_AUDIT.md for denominator and selected matched coverage,1,1,Indonesia,2011-03-01,2026-03-01,Higher = more sovereign stress after component-specific orientation,unknown,"Keep level and one predeclared change separate; trailing/fold-local scale; sign into state, not assumed return direction.",Not established from current rows,Latest values may overwrite history,Rebuild raw-source transforms with cutoff and original missingness; do not admit normalized aliases automatically.,QUARANTINE_LATEST_VINTAGE,False,Reference-period latest histories; publication lag cannot undo revisions. Existing archives would need independent vintage evidence.
7,Sovereign fiscal stress,BBG_MIPD_5Y,bloomberg,bloomberg_factors,warehouse,Data/processed/bloomberg_factors_panel.parquet,M,5550,5550,5550,0.0,Not inferred from omitted rows; see DATA_AUDIT.md for denominator and selected matched coverage,20,20,Australia|Brazil|Chile|ChinaA|ChinaH|France|Indonesia|Italy|Japan|Korea|Malaysia|Mexico|Philippines|Poland|Saudi Arabia|South Africa|Spain|Thailand|Turkey|Vietnam,2000-10-01,2026-07-01,Higher = more sovereign stress after component-specific orientation,unknown,"Keep level and one predeclared change separate; trailing/fold-local scale; sign into state, not assumed return direction.",Not established from current rows,Latest values may overwrite history,Rebuild raw-source transforms with cutoff and original missingness; do not admit normalized aliases automatically.,QUARANTINE_LATEST_VINTAGE,False,Reference-period latest histories; publication lag cannot undo revisions. Existing archives would need independent vintage evidence.
1,Growth cycle,BBG_PMI_Manufacturing,bloomberg,bloomberg_factors,warehouse,Data/processed/bloomberg_factors_panel.parquet,M,828,828,828,0.0,Not inferred from omitted rows; see DATA_AUDIT.md for denominator and selected matched coverage,23,23,Australia|Canada|ChinaA|ChinaH|France|Germany|India|Indonesia|Italy|Malaysia|Mexico|NASDAQ|Netherlands|Philippines|Poland|Spain|Taiwan|Thailand|Turkey|U.K.|U.S.|US SmallCap|Vietnam,2023-08-01,2026-07-01,Higher = stronger growth,unknown,"Keep level and one predeclared change separate; trailing/fold-local scale; sign into state, not assumed return direction.",Not established from current rows,Latest values may overwrite history,Rebuild raw-source transforms with cutoff and original missingness; do not admit normalized aliases automatically.,QUARANTINE_LATEST_VINTAGE,False,Reference-period latest histories; publication lag cannot undo revisions. Existing archives would need independent vintage evidence.
1,Growth cycle,BBG_PMI_Services,bloomberg,bloomberg_factors,warehouse,Data/processed/bloomberg_factors_panel.parquet,M,502,502,502,0.0,Not inferred from omitted rows; see DATA_AUDIT.md for denominator and selected matched coverage,13,13,Australia|Canada|ChinaA|ChinaH|France|Germany|India|Italy|NASDAQ|Spain|U.K.|U.S.|US SmallCap,2020-10-01,2026-07-01,Higher = stronger growth,unknown,"Keep level and one predeclared change separate; trailing/fold-local scale; sign into state, not assumed return direction.",Not established from current rows,Latest values may overwrite history,Rebuild raw-source transforms with cutoff and original missingness; do not admit normalized aliases automatically.,QUARANTINE_LATEST_VINTAGE,False,Reference-period latest histories; publication lag cannot undo revisions. Existing archives would need independent vintage evidence.
1,Growth cycle,BBG_M2_YoY,bloomberg,bloomberg_factors,warehouse,Data/processed/bloomberg_factors_panel.parquet,M,3429,3429,3429,0.0,Not inferred from omitted rows; see DATA_AUDIT.md for denominator and selected matched coverage,13,13,ChinaA|ChinaH|Denmark|Germany|Indonesia|Japan|Korea|Mexico|Spain|Switzerland|Taiwan|Thailand|Vietnam,2000-01-01,2026-06-01,Higher = stronger growth,unknown,"Keep level and one predeclared change separate; trailing/fold-local scale; sign into state, not assumed return direction.",Not established from current rows,Latest values may overwrite history,Rebuild raw-source transforms with cutoff and original missingness; do not admit normalized aliases automatically.,QUARANTINE_LATEST_VINTAGE,False,Reference-period latest histories; publication lag cannot undo revisions. Existing archives would need independent vintage evidence.
10,Capital flows positioning,MS_ETF_Redemption_Fee_USD,bloomberg,bloomberg_factors,warehouse,Data/processed/bloomberg_factors_panel.parquet,M,33,33,33,0.0,Not inferred from omitted rows; see DATA_AUDIT.md for denominator and selected matched coverage,33,33,Australia|Brazil|Canada|Chile|ChinaA|ChinaH|Denmark|France|Germany|Hong Kong|India|Indonesia|Italy|Japan|Korea|Malaysia|Mexico|NASDAQ|Netherlands|Philippines|Poland|Singapore|South Africa|Spain|Sweden|Switzerland|Taiwan|Thailand|Turkey|U.K.|U.S.|US SmallCap|Vietnam,2026-08-01,2026-08-01,Higher = inflow/crowding (distinct impulse/extreme),unknown,"Keep level and one predeclared change separate; trailing/fold-local scale; sign into state, not assumed return direction.",Not established from current rows,Latest values may overwrite history,Rebuild raw-source transforms with cutoff and original missingness; do not admit normalized aliases automatically.,QUARANTINE_LATEST_VINTAGE,False,Reference-period latest histories; publication lag cannot undo revisions. Existing archives would need independent vintage evidence.
10,Capital flows positioning,MS_Passive_Flow_Distortion,bloomberg,bloomberg_factors,warehouse,Data/processed/bloomberg_factors_panel.parquet,M,5539,5539,5539,0.0,Not inferred from omitted rows; see DATA_AUDIT.md for denominator and selected matched coverage,33,33,Australia|Brazil|Canada|Chile|ChinaA|ChinaH|Denmark|France|Germany|Hong Kong|India|Indonesia|Italy|Japan|Korea|Malaysia|Mexico|NASDAQ|Netherlands|Philippines|Poland|Saudi Arabia|Singapore|South Africa|Spain|Sweden|Switzerland|Thailand|Turkey|U.K.|U.S.|US SmallCap|Vietnam,1976-12-01,2026-07-01,Higher = inflow/crowding (distinct impulse/extreme),lower_is_better,"Keep level and one predeclared change separate; trailing/fold-local scale; sign into state, not assumed return direction.",Not established from current rows,Latest values may overwrite history,Rebuild raw-source transforms with cutoff and original missingness; do not admit normalized aliases automatically.,QUARANTINE_LATEST_VINTAGE,False,Reference-period latest histories; publication lag cannot undo revisions. Existing archives would need independent vintage evidence.
7,Sovereign fiscal stress,BBG_Govt_Bond_10Y,bloomberg,bloomberg_factors,warehouse,Data/processed/bloomberg_factors_panel.parquet,M,8918,8918,8918,0.0,Not inferred from omitted rows; see DATA_AUDIT.md for denominator and selected matched coverage,32,32,Australia|Brazil|Canada|Chile|ChinaA|ChinaH|Denmark|France|Germany|India|Indonesia|Italy|Japan|Korea|Malaysia|Mexico|NASDAQ|Netherlands|Philippines|Poland|Saudi Arabia|Singapore|South Africa|Spain|Sweden|Switzerland|Taiwan|Thailand|Turkey|U.K.|U.S.|US SmallCap,2000-01-01,2026-07-01,Higher = more sovereign stress after component-specific orientation,unknown,"Keep level and one predeclared change separate; trailing/fold-local scale; sign into state, not assumed return direction.",Not established from current rows,Latest values may overwrite history,Rebuild raw-source transforms with cutoff and original missingness; do not admit normalized aliases automatically.,QUARANTINE_LATEST_VINTAGE,False,Reference-period latest histories; publication lag cannot undo revisions. Existing archives would need independent vintage evidence.
10,Capital flows positioning,MS_ETF_NetCreation_Shares,bloomberg,bloomberg_factors,warehouse,Data/processed/bloomberg_factors_panel.parquet,M,4684,4684,4684,0.0,Not inferred from omitted rows; see DATA_AUDIT.md for denominator and selected matched coverage,34,34,Australia|Brazil|Canada|Chile|ChinaA|ChinaH|Denmark|France|Germany|Hong Kong|India|Indonesia|Italy|Japan|Korea|Malaysia|Mexico|NASDAQ|Netherlands|Philippines|Poland|Saudi Arabia|Singapore|South Africa|Spain|Sweden|Switzerland|Taiwan|Thailand|Turkey|U.K.|U.S.|US SmallCap|Vietnam,2015-02-01,2026-07-01,Higher = inflow/crowding (distinct impulse/extreme),unknown,"Keep level and one predeclared change separate; trailing/fold-local scale; sign into state, not assumed return direction.",Not established from current rows,Latest values may overwrite history,Rebuild raw-source transforms with cutoff and original missingness; do not admit normalized aliases automatically.,QUARANTINE_LATEST_VINTAGE,False,Reference-period latest histories; publication lag cannot undo revisions. Existing archives would need independent vintage evidence.
2,Monetary policy impulse,BBG_Govt_Bond_2Y,bloomberg,bloomberg_factors,warehouse,Data/processed/bloomberg_factors_panel.parquet,M,7996,7996,7996,0.0,Not inferred from omitted rows; see DATA_AUDIT.md for denominator and selected matched coverage,27,27,Australia|Brazil|Canada|ChinaA|ChinaH|Denmark|France|Germany|India|Indonesia|Italy|Japan|Korea|Mexico|NASDAQ|Netherlands|Poland|Singapore|South Africa|Spain|Sweden|Switzerland|Thailand|Turkey|U.K.|U.S.|US SmallCap,2000-01-01,2026-07-01,Higher = tighter nominal policy for levels; easing impulse defined as negative change,unknown,"Keep level and one predeclared change separate; trailing/fold-local scale; sign into state, not assumed return direction.",Not established from current rows,Latest values may overwrite history,Rebuild raw-source transforms with cutoff and original missingness; do not admit normalized aliases automatically.,QUARANTINE_LATEST_VINTAGE,False,Reference-period latest histories; publication lag cannot undo revisions. Existing archives would need independent vintage evidence.
2,Monetary policy impulse,BBG_OIS_10Y,bloomberg,bloomberg_factors,warehouse,Data/processed/bloomberg_factors_panel.parquet,M,4304,4304,4304,0.0,Not inferred from omitted rows; see DATA_AUDIT.md for denominator and selected matched coverage,17,17,Australia|Canada|Denmark|France|Germany|Italy|Japan|NASDAQ|Netherlands|Poland|South Africa|Spain|Sweden|Switzerland|U.K.|U.S.|US SmallCap,2000-01-01,2026-07-01,Higher = tighter nominal policy for levels; easing impulse defined as negative change,unknown,"Keep level and one predeclared change separate; trailing/fold-local scale; sign into state, not assumed return direction.",Not established from current rows,Latest values may overwrite history,Rebuild raw-source transforms with cutoff and original missingness; do not admit normalized aliases automatically.,QUARANTINE_LATEST_VINTAGE,False,Reference-period latest histories; publication lag cannot undo revisions. Existing archives would need independent vintage evidence.
10,Capital flows positioning,MS_ETF_Creation_Unit_Size_Shares,bloomberg,bloomberg_factors,warehouse,Data/processed/bloomberg_factors_panel.parquet,M,34,34,34,0.0,Not inferred from omitted rows; see DATA_AUDIT.md for denominator and selected matched coverage,34,34,Australia|Brazil|Canada|Chile|ChinaA|ChinaH|Denmark|France|Germany|Hong Kong|India|Indonesia|Italy|Japan|Korea|Malaysia|Mexico|NASDAQ|Netherlands|Philippines|Poland|Saudi Arabia|Singapore|South Africa|Spain|Sweden|Switzerland|Taiwan|Thailand|Turkey|U.K.|U.S.|US SmallCap|Vietnam,2026-08-01,2026-08-01,Higher = inflow/crowding (distinct impulse/extreme),unknown,"Keep level and one predeclared change separate; trailing/fold-local scale; sign into state, not assumed return direction.",Not established from current rows,Latest values may overwrite history,Rebuild raw-source transforms with cutoff and original missingness; do not admit normalized aliases automatically.,QUARANTINE_LATEST_VINTAGE,False,Reference-period latest histories; publication lag cannot undo revisions. Existing archives would need independent vintage evidence.
10,Capital flows positioning,MS_ETF_NetFlow_to_MarketCap,bloomberg,bloomberg_factors,warehouse,Data/processed/bloomberg_factors_panel.parquet,M,4579,4579,4579,0.0,Not inferred from omitted rows; see DATA_AUDIT.md for denominator and selected matched coverage,33,33,Australia|Brazil|Canada|Chile|ChinaA|ChinaH|Denmark|France|Germany|Hong Kong|India|Indonesia|Italy|Japan|Korea|Malaysia|Mexico|NASDAQ|Netherlands|Philippines|Poland|Saudi Arabia|Singapore|South Africa|Spain|Sweden|Switzerland|Thailand|Turkey|U.K.|U.S.|US SmallCap|Vietnam,2015-01-01,2026-07-01,Higher = inflow/crowding (distinct impulse/extreme),unknown,"Keep level and one predeclared change separate; trailing/fold-local scale; sign into state, not assumed return direction.",Not established from current rows,Latest values may overwrite history,Rebuild raw-source transforms with cutoff and original missingness; do not admit normalized aliases automatically.,QUARANTINE_LATEST_VINTAGE,False,Reference-period latest histories; publication lag cannot undo revisions. Existing archives would need independent vintage evidence.
7,Sovereign fiscal stress,BBG_Govt_Bond_5Y,bloomberg,bloomberg_factors,warehouse,Data/processed/bloomberg_factors_panel.parquet,M,8225,8225,8225,0.0,Not inferred from omitted rows; see DATA_AUDIT.md for denominator and selected matched coverage,29,29,Australia|Brazil|Canada|ChinaA|ChinaH|Denmark|France|Germany|India|Indonesia|Italy|Japan|Korea|Malaysia|Mexico|NASDAQ|Netherlands|Philippines|Poland|Saudi Arabia|Singapore|South Africa|Spain|Sweden|Thailand|Turkey|U.K.|U.S.|US SmallCap,2000-01-01,2026-07-01,Higher = more sovereign stress after component-specific orientation,unknown,"Keep level and one predeclared change separate; trailing/fold-local scale; sign into state, not assumed return direction.",Not established from current rows,Latest values may overwrite history,Rebuild raw-source transforms with cutoff and original missingness; do not admit normalized aliases automatically.,QUARANTINE_LATEST_VINTAGE,False,Reference-period latest histories; publication lag cannot undo revisions. Existing archives would need independent vintage evidence.
7,Sovereign fiscal stress,BBG_Rating_SP_FC,bloomberg,bloomberg_factors,warehouse,Data/processed/bloomberg_factors_panel.parquet,M,31,31,31,0.0,Not inferred from omitted rows; see DATA_AUDIT.md for denominator and selected matched coverage,31,31,Australia|Brazil|Canada|Chile|ChinaA|ChinaH|Denmark|France|Germany|India|Indonesia|Italy|Japan|Korea|Malaysia|Mexico|NASDAQ|Netherlands|Philippines|Poland|Singapore|South Africa|Spain|Sweden|Switzerland|Taiwan|Thailand|Turkey|U.K.|U.S.|US SmallCap,2026-08-01,2026-08-01,Higher = more sovereign stress after component-specific orientation,unknown,"Keep level and one predeclared change separate; trailing/fold-local scale; sign into state, not assumed return direction.",Not established from current rows,Latest values may overwrite history,Rebuild raw-source transforms with cutoff and original missingness; do not admit normalized aliases automatically.,QUARANTINE_LATEST_VINTAGE,False,Reference-period latest histories; publication lag cannot undo revisions. Existing archives would need independent vintage evidence.
7,Sovereign fiscal stress,BBG_CDS_5Y,bloomberg,bloomberg_factors,warehouse,Data/processed/bloomberg_factors_panel.parquet,M,5550,5550,5550,0.0,Not inferred from omitted rows; see DATA_AUDIT.md for denominator and selected matched coverage,20,20,Australia|Brazil|Chile|ChinaA|ChinaH|France|Indonesia|Italy|Japan|Korea|Malaysia|Mexico|Philippines|Poland|Saudi Arabia|South Africa|Spain|Thailand|Turkey|Vietnam,2000-10-01,2026-07-01,Higher = more sovereign stress after component-specific orientation,unknown,"Keep level and one predeclared change separate; trailing/fold-local scale; sign into state, not assumed return direction.",Not established from current rows,Latest values may overwrite history,Rebuild raw-source transforms with cutoff and original missingness; do not admit normalized aliases automatically.,QUARANTINE_LATEST_VINTAGE,False,Reference-period latest histories; publication lag cannot undo revisions. Existing archives would need independent vintage evidence.
10,Capital flows positioning,MS_Country_ETF_NetFlow_USD,bloomberg,bloomberg_factors,warehouse,Data/processed/bloomberg_factors_panel.parquet,M,4718,4718,4718,0.0,Not inferred from omitted rows; see DATA_AUDIT.md for denominator and selected matched coverage,34,34,Australia|Brazil|Canada|Chile|ChinaA|ChinaH|Denmark|France|Germany|Hong Kong|India|Indonesia|Italy|Japan|Korea|Malaysia|Mexico|NASDAQ|Netherlands|Philippines|Poland|Saudi Arabia|Singapore|South Africa|Spain|Sweden|Switzerland|Taiwan|Thailand|Turkey|U.K.|U.S.|US SmallCap|Vietnam,2015-01-01,2026-07-01,Higher = inflow/crowding (distinct impulse/extreme),unknown,"Keep level and one predeclared change separate; trailing/fold-local scale; sign into state, not assumed return direction.",Not established from current rows,Latest values may overwrite history,Rebuild raw-source transforms with cutoff and original missingness; do not admit normalized aliases automatically.,QUARANTINE_LATEST_VINTAGE,False,Reference-period latest histories; publication lag cannot undo revisions. Existing archives would need independent vintage evidence.
10,Capital flows positioning,MS_Passive_AUM_to_MarketCap,bloomberg,bloomberg_factors,warehouse,Data/processed/bloomberg_factors_panel.parquet,M,4579,4579,4579,0.0,Not inferred from omitted rows; see DATA_AUDIT.md for denominator and selected matched coverage,33,33,Australia|Brazil|Canada|Chile|ChinaA|ChinaH|Denmark|France|Germany|Hong Kong|India|Indonesia|Italy|Japan|Korea|Malaysia|Mexico|NASDAQ|Netherlands|Philippines|Poland|Saudi Arabia|Singapore|South Africa|Spain|Sweden|Switzerland|Thailand|Turkey|U.K.|U.S.|US SmallCap|Vietnam,2015-01-01,2026-07-01,Higher = inflow/crowding (distinct impulse/extreme),unknown,"Keep level and one predeclared change separate; trailing/fold-local scale; sign into state, not assumed return direction.",Not established from current rows,Latest values may overwrite history,Rebuild raw-source transforms with cutoff and original missingness; do not admit normalized aliases automatically.,QUARANTINE_LATEST_VINTAGE,False,Reference-period latest histories; publication lag cannot undo revisions. Existing archives would need independent vintage evidence.
7,Sovereign fiscal stress,BBG_Govt_Bond_30Y,bloomberg,bloomberg_factors,warehouse,Data/processed/bloomberg_factors_panel.parquet,M,4305,4305,4305,0.0,Not inferred from omitted rows; see DATA_AUDIT.md for denominator and selected matched coverage,17,17,Australia|Canada|ChinaA|ChinaH|France|Germany|Italy|Japan|Korea|Mexico|NASDAQ|Netherlands|Saudi Arabia|Spain|U.K.|U.S.|US SmallCap,2000-01-01,2026-07-01,Higher = more sovereign stress after component-specific orientation,unknown,"Keep level and one predeclared change separate; trailing/fold-local scale; sign into state, not assumed return direction.",Not established from current rows,Latest values may overwrite history,Rebuild raw-source transforms with cutoff and original missingness; do not admit normalized aliases automatically.,QUARANTINE_LATEST_VINTAGE,False,Reference-period latest histories; publication lag cannot undo revisions. Existing archives would need independent vintage evidence.
2,Monetary policy impulse,BBG_ZSpread_OIS_10Y,bloomberg,bloomberg_factors,warehouse,Data/processed/bloomberg_factors_panel.parquet,M,4270,4270,4270,0.0,Not inferred from omitted rows; see DATA_AUDIT.md for denominator and selected matched coverage,17,17,Australia|Canada|Denmark|France|Germany|Italy|Japan|NASDAQ|Netherlands|Poland|South Africa|Spain|Sweden|Switzerland|U.K.|U.S.|US SmallCap,2000-01-01,2026-07-01,Higher = tighter nominal policy for levels; easing impulse defined as negative change,unknown,"Keep level and one predeclared change separate; trailing/fold-local scale; sign into state, not assumed return direction.",Not established from current rows,Latest values may overwrite history,Rebuild raw-source transforms with cutoff and original missingness; do not admit normalized aliases automatically.,QUARANTINE_LATEST_VINTAGE,False,Reference-period latest histories; publication lag cannot undo revisions. Existing archives would need independent vintage evidence.
1,Growth cycle,BBG_ECFC_GDP,bloomberg,bloomberg_factors,warehouse,Data/processed/bloomberg_factors_panel.parquet,M,440,440,440,0.0,Not inferred from omitted rows; see DATA_AUDIT.md for denominator and selected matched coverage,29,29,Australia|Canada|Chile|ChinaA|ChinaH|Denmark|France|Germany|Hong Kong|India|Indonesia|Italy|Malaysia|Mexico|NASDAQ|Netherlands|Philippines|Poland|Saudi Arabia|Singapore|South Africa|Spain|Sweden|Taiwan|Thailand|U.K.|U.S.|US SmallCap|Vietnam,2010-12-01,2025-12-01,Higher = stronger growth,unknown,"Keep level and one predeclared change separate; trailing/fold-local scale; sign into state, not assumed return direction.",Not established from current rows,Latest values may overwrite history,Rebuild raw-source transforms with cutoff and original missingness; do not admit normalized aliases automatically.,QUARANTINE_LATEST_VINTAGE,False,Reference-period latest histories; publication lag cannot undo revisions. Existing archives would need independent vintage evidence.
7,Sovereign fiscal stress,BBG_Rating_Fitch_LC,bloomberg,bloomberg_factors,warehouse,Data/processed/bloomberg_factors_panel.parquet,M,32,32,32,0.0,Not inferred from omitted rows; see DATA_AUDIT.md for denominator and selected matched coverage,32,32,Australia|Brazil|Canada|Chile|ChinaA|ChinaH|Denmark|France|Germany|India|Indonesia|Italy|Japan|Korea|Malaysia|Mexico|NASDAQ|Netherlands|Philippines|Poland|Saudi Arabia|Singapore|South Africa|Spain|Sweden|Switzerland|Taiwan|Thailand|Turkey|U.K.|U.S.|US SmallCap,2026-08-01,2026-08-01,Higher = more sovereign stress after component-specific orientation,unknown,"Keep level and one predeclared change separate; trailing/fold-local scale; sign into state, not assumed return direction.",Not established from current rows,Latest values may overwrite history,Rebuild raw-source transforms with cutoff and original missingness; do not admit normalized aliases automatically.,QUARANTINE_LATEST_VINTAGE,False,Reference-period latest histories; publication lag cannot undo revisions. Existing archives would need independent vintage evidence.
10,Capital flows positioning,MS_ETF_Creation_Fee_USD,bloomberg,bloomberg_factors,warehouse,Data/processed/bloomberg_factors_panel.parquet,M,34,34,34,0.0,Not inferred from omitted rows; see DATA_AUDIT.md for denominator and selected matched coverage,34,34,Australia|Brazil|Canada|Chile|ChinaA|ChinaH|Denmark|France|Germany|Hong Kong|India|Indonesia|Italy|Japan|Korea|Malaysia|Mexico|NASDAQ|Netherlands|Philippines|Poland|Saudi Arabia|Singapore|South Africa|Spain|Sweden|Switzerland|Taiwan|Thailand|Turkey|U.K.|U.S.|US SmallCap|Vietnam,2026-08-01,2026-08-01,Higher = inflow/crowding (distinct impulse/extreme),unknown,"Keep level and one predeclared change separate; trailing/fold-local scale; sign into state, not assumed return direction.",Not established from current rows,Latest values may overwrite history,Rebuild raw-source transforms with cutoff and original missingness; do not admit normalized aliases automatically.,QUARANTINE_LATEST_VINTAGE,False,Reference-period latest histories; publication lag cannot undo revisions. Existing archives would need independent vintage evidence.
10,Capital flows positioning,MS_Index_Weight_Change,bloomberg,bloomberg_factors,warehouse,Data/processed/bloomberg_factors_panel.parquet,M,1263,1263,1263,0.0,Not inferred from omitted rows; see DATA_AUDIT.md for denominator and selected matched coverage,33,33,Australia|Brazil|Canada|Chile|ChinaA|ChinaH|Denmark|France|Germany|Hong Kong|India|Indonesia|Italy|Japan|Korea|Malaysia|Mexico|NASDAQ|Netherlands|Philippines|Poland|Saudi Arabia|Singapore|South Africa|Spain|Sweden|Switzerland|Thailand|Turkey|U.K.|U.S.|US SmallCap|Vietnam,1976-12-01,2025-12-01,Higher = inflow/crowding (distinct impulse/extreme),unknown,"Keep level and one predeclared change separate; trailing/fold-local scale; sign into state, not assumed return direction.",Not established from current rows,Latest values may overwrite history,Rebuild raw-source transforms with cutoff and original missingness; do not admit normalized aliases automatically.,QUARANTINE_LATEST_VINTAGE,False,Reference-period latest histories; publication lag cannot undo revisions. Existing archives would need independent vintage evidence.
7,Sovereign fiscal stress,BBG_Rating_SP_LC,bloomberg,bloomberg_factors,warehouse,Data/processed/bloomberg_factors_panel.parquet,M,31,31,31,0.0,Not inferred from omitted rows; see DATA_AUDIT.md for denominator and selected matched coverage,31,31,Australia|Brazil|Canada|Chile|ChinaA|ChinaH|Denmark|France|Germany|India|Indonesia|Italy|Japan|Korea|Malaysia|Mexico|NASDAQ|Netherlands|Philippines|Poland|Singapore|South Africa|Spain|Sweden|Switzerland|Taiwan|Thailand|Turkey|U.K.|U.S.|US SmallCap,2026-08-01,2026-08-01,Higher = more sovereign stress after component-specific orientation,unknown,"Keep level and one predeclared change separate; trailing/fold-local scale; sign into state, not assumed return direction.",Not established from current rows,Latest values may overwrite history,Rebuild raw-source transforms with cutoff and original missingness; do not admit normalized aliases automatically.,QUARANTINE_LATEST_VINTAGE,False,Reference-period latest histories; publication lag cannot undo revisions. Existing archives would need independent vintage evidence.
2,Monetary policy impulse,BBG_WIRP_ImpliedRate,bloomberg,bloomberg_factors,warehouse,Data/processed/bloomberg_factors_panel.parquet,M,6993,6993,6993,0.0,Not inferred from omitted rows; see DATA_AUDIT.md for denominator and selected matched coverage,25,25,Australia|Brazil|Canada|Chile|ChinaA|ChinaH|France|Germany|India|Indonesia|Italy|Japan|Korea|Malaysia|Mexico|NASDAQ|Netherlands|South Africa|Spain|Sweden|Switzerland|Thailand|U.K.|U.S.|US SmallCap,2000-01-01,2026-07-01,Higher = tighter nominal policy for levels; easing impulse defined as negative change,unknown,"Keep level and one predeclared change separate; trailing/fold-local scale; sign into state, not assumed return direction.",Not established from current rows,Latest values may overwrite history,Rebuild raw-source transforms with cutoff and original missingness; do not admit normalized aliases automatically.,QUARANTINE_LATEST_VINTAGE,False,Reference-period latest histories; publication lag cannot undo revisions. Existing archives would need independent vintage evidence.
7,Sovereign fiscal stress,BBG_Yield_Curve_10Y2Y,bloomberg,bloomberg_factors,warehouse,Data/processed/bloomberg_factors_panel.parquet,M,7854,7854,7854,0.0,Not inferred from omitted rows; see DATA_AUDIT.md for denominator and selected matched coverage,27,27,Australia|Brazil|Canada|ChinaA|ChinaH|Denmark|France|Germany|India|Indonesia|Italy|Japan|Korea|Mexico|NASDAQ|Netherlands|Poland|Singapore|South Africa|Spain|Sweden|Switzerland|Thailand|Turkey|U.K.|U.S.|US SmallCap,2000-01-01,2026-07-01,Higher = more sovereign stress after component-specific orientation,unknown,"Keep level and one predeclared change separate; trailing/fold-local scale; sign into state, not assumed return direction.",Not established from current rows,Latest values may overwrite history,Rebuild raw-source transforms with cutoff and original missingness; do not admit normalized aliases automatically.,QUARANTINE_LATEST_VINTAGE,False,Reference-period latest histories; publication lag cannot undo revisions. Existing archives would need independent vintage evidence.
10,Capital flows positioning,MS_Country_ETF_AUM_USD,bloomberg,bloomberg_factors,warehouse,Data/processed/bloomberg_factors_panel.parquet,M,4718,4718,4718,0.0,Not inferred from omitted rows; see DATA_AUDIT.md for denominator and selected matched coverage,34,34,Australia|Brazil|Canada|Chile|ChinaA|ChinaH|Denmark|France|Germany|Hong Kong|India|Indonesia|Italy|Japan|Korea|Malaysia|Mexico|NASDAQ|Netherlands|Philippines|Poland|Saudi Arabia|Singapore|South Africa|Spain|Sweden|Switzerland|Taiwan|Thailand|Turkey|U.K.|U.S.|US SmallCap|Vietnam,2015-01-01,2026-07-01,Higher = inflow/crowding (distinct impulse/extreme),unknown,"Keep level and one predeclared change separate; trailing/fold-local scale; sign into state, not assumed return direction.",Not established from current rows,Latest values may overwrite history,Rebuild raw-source transforms with cutoff and original missingness; do not admit normalized aliases automatically.,QUARANTINE_LATEST_VINTAGE,False,Reference-period latest histories; publication lag cannot undo revisions. Existing archives would need independent vintage evidence.
7,Sovereign fiscal stress,BBG_Breakeven_10Y,bloomberg,bloomberg_factors,warehouse,Data/processed/bloomberg_factors_panel.parquet,M,1781,1781,1781,0.0,Not inferred from omitted rows; see DATA_AUDIT.md for denominator and selected matched coverage,6,6,Canada|Japan|NASDAQ|U.K.|U.S.|US SmallCap,2000-01-01,2026-07-01,Higher = more sovereign stress after component-specific orientation,unknown,"Keep level and one predeclared change separate; trailing/fold-local scale; sign into state, not assumed return direction.",Not established from current rows,Latest values may overwrite history,Rebuild raw-source transforms with cutoff and original missingness; do not admit normalized aliases automatically.,QUARANTINE_LATEST_VINTAGE,False,Reference-period latest histories; publication lag cannot undo revisions. Existing archives would need independent vintage evidence.
4,Inflation regime,BBG_ECFC_CPI,bloomberg,bloomberg_factors,warehouse,Data/processed/bloomberg_factors_panel.parquet,M,4023,4023,4023,0.0,Not inferred from omitted rows; see DATA_AUDIT.md for denominator and selected matched coverage,21,21,Australia|Canada|France|Germany|Hong Kong|Indonesia|Italy|Japan|Korea|Malaysia|NASDAQ|Poland|Singapore|South Africa|Sweden|Switzerland|Taiwan|Thailand|U.K.|U.S.|US SmallCap,2010-01-01,2026-07-01,Higher = higher inflation pressure,unknown,"Keep level and one predeclared change separate; trailing/fold-local scale; sign into state, not assumed return direction.",Not established from current rows,Latest values may overwrite history,Rebuild raw-source transforms with cutoff and original missingness; do not admit normalized aliases automatically.,QUARANTINE_LATEST_VINTAGE,False,Reference-period latest histories; publication lag cannot undo revisions. Existing archives would need independent vintage evidence.
10,Capital flows positioning,MS_Index_Weight,bloomberg,bloomberg_factors,warehouse,Data/processed/bloomberg_factors_panel.parquet,M,1296,1296,1296,0.0,Not inferred from omitted rows; see DATA_AUDIT.md for denominator and selected matched coverage,33,33,Australia|Brazil|Canada|Chile|ChinaA|ChinaH|Denmark|France|Germany|Hong Kong|India|Indonesia|Italy|Japan|Korea|Malaysia|Mexico|NASDAQ|Netherlands|Philippines|Poland|Saudi Arabia|Singapore|South Africa|Spain|Sweden|Switzerland|Thailand|Turkey|U.K.|U.S.|US SmallCap|Vietnam,1975-12-01,2025-12-01,Higher = inflow/crowding (distinct impulse/extreme),unknown,"Keep level and one predeclared change separate; trailing/fold-local scale; sign into state, not assumed return direction.",Not established from current rows,Latest values may overwrite history,Rebuild raw-source transforms with cutoff and original missingness; do not admit normalized aliases automatically.,QUARANTINE_LATEST_VINTAGE,False,Reference-period latest histories; publication lag cannot undo revisions. Existing archives would need independent vintage evidence.
15,Institutional structural capacity,DIP_rel,demographics_dip,demographics_dip,warehouse,Data/asado.duckdb,M,5134,5134,5134,0.0,Not inferred from omitted rows; see DATA_AUDIT.md for denominator and selected matched coverage,34,25,Australia|Brazil|Canada|Chile|ChinaA|Denmark|France|Germany|India|Indonesia|Italy|Japan|Korea|Malaysia|Mexico|Netherlands|Poland|South Africa|Spain|Sweden|Switzerland|Thailand|Turkey|U.K.|U.S.,1950-12-01,2100-12-01,Higher = more resilience/capacity after component-specific orientation,unknown,"Keep level and one predeclared change separate; trailing/fold-local scale; sign into state, not assumed return direction.",Not established from current rows,Latest values may overwrite history,Rebuild raw-source transforms with cutoff and original missingness; do not admit normalized aliases automatically.,QUARANTINE_LATEST_VINTAGE,False,"Extends 2100, realized and projected values not separable by date alone. Current projection vintage cannot be broadcast backward."
15,Institutional structural capacity,DIP_rel_chg_5y,demographics_dip,demographics_dip,warehouse,Data/asado.duckdb,M,4964,4964,4964,0.0,Not inferred from omitted rows; see DATA_AUDIT.md for denominator and selected matched coverage,34,25,Australia|Brazil|Canada|Chile|ChinaA|Denmark|France|Germany|India|Indonesia|Italy|Japan|Korea|Malaysia|Mexico|Netherlands|Poland|South Africa|Spain|Sweden|Switzerland|Thailand|Turkey|U.K.|U.S.,1955-12-01,2100-12-01,Higher = more resilience/capacity after component-specific orientation,unknown,"Keep level and one predeclared change separate; trailing/fold-local scale; sign into state, not assumed return direction.",Not established from current rows,Latest values may overwrite history,Rebuild raw-source transforms with cutoff and original missingness; do not admit normalized aliases automatically.,QUARANTINE_LATEST_VINTAGE,False,"Extends 2100, realized and projected values not separable by date alone. Current projection vintage cannot be broadcast backward."
15,Institutional structural capacity,DIP_rel_chg_10y,demographics_dip,demographics_dip,warehouse,Data/asado.duckdb,M,4794,4794,4794,0.0,Not inferred from omitted rows; see DATA_AUDIT.md for denominator and selected matched coverage,34,25,Australia|Brazil|Canada|Chile|ChinaA|Denmark|France|Germany|India|Indonesia|Italy|Japan|Korea|Malaysia|Mexico|Netherlands|Poland|South Africa|Spain|Sweden|Switzerland|Thailand|Turkey|U.K.|U.S.,1960-12-01,2100-12-01,Higher = more resilience/capacity after component-specific orientation,unknown,"Keep level and one predeclared change separate; trailing/fold-local scale; sign into state, not assumed return direction.",Not established from current rows,Latest values may overwrite history,Rebuild raw-source transforms with cutoff and original missingness; do not admit normalized aliases automatically.,QUARANTINE_LATEST_VINTAGE,False,"Extends 2100, realized and projected values not separable by date alone. Current projection vintage cannot be broadcast backward."
15,Institutional structural capacity,DIP_abs,demographics_dip,demographics_dip,warehouse,Data/asado.duckdb,M,5134,5134,5134,0.0,Not inferred from omitted rows; see DATA_AUDIT.md for denominator and selected matched coverage,34,25,Australia|Brazil|Canada|Chile|ChinaA|Denmark|France|Germany|India|Indonesia|Italy|Japan|Korea|Malaysia|Mexico|Netherlands|Poland|South Africa|Spain|Sweden|Switzerland|Thailand|Turkey|U.K.|U.S.,1950-12-01,2100-12-01,Higher = more resilience/capacity after component-specific orientation,unknown,"Keep level and one predeclared change separate; trailing/fold-local scale; sign into state, not assumed return direction.",Not established from current rows,Latest values may overwrite history,Rebuild raw-source transforms with cutoff and original missingness; do not admit normalized aliases automatically.,QUARANTINE_LATEST_VINTAGE,False,"Extends 2100, realized and projected values not separable by date alone. Current projection vintage cannot be broadcast backward."
11,Global risk,FRED_VIX,fred,extended_factors,warehouse,Data/processed/extended_factors_panel.parquet,M,10846,10846,10846,0.0,Not inferred from omitted rows; see DATA_AUDIT.md for denominator and selected matched coverage,34,34,Australia|Brazil|Canada|Chile|ChinaA|ChinaH|Denmark|France|Germany|Hong Kong|India|Indonesia|Italy|Japan|Korea|Malaysia|Mexico|NASDAQ|Netherlands|Philippines|Poland|Saudi Arabia|Singapore|South Africa|Spain|Sweden|Switzerland|Taiwan|Thailand|Turkey|U.K.|U.S.|US SmallCap|Vietnam,2000-01-01,2026-07-01,Higher = more global risk after component-specific orientation,unknown,"Keep level and one predeclared change separate; trailing/fold-local scale; sign into state, not assumed return direction.",Close/official change known by next decision cutoff; global source is one observation,Vendor/corporate corrections possible; archive frozen input,Recompute changes/rolling stats causally from raw levels; avoid live partially completed month.,CONDITIONAL_MARKET_HISTORY,False,"Observed market/admin-rate history is plausible replay input; exact security/field, currency, availability, corrected-history policy and causal transforms need contract."
11,Global risk,FRED_Yield_Curve_10Y2Y,fred,extended_factors,warehouse,Data/processed/extended_factors_panel.parquet,M,13717,13717,13717,0.0,Not inferred from omitted rows; see DATA_AUDIT.md for denominator and selected matched coverage,43,34,Australia|Brazil|Canada|Chile|ChinaA|ChinaH|Denmark|France|Germany|Hong Kong|India|Indonesia|Italy|Japan|Korea|Malaysia|Mexico|NASDAQ|Netherlands|Philippines|Poland|Saudi Arabia|Singapore|South Africa|Spain|Sweden|Switzerland|Taiwan|Thailand|Turkey|U.K.|U.S.|US SmallCap|Vietnam,2000-01-01,2026-07-01,Higher = more global risk after component-specific orientation,unknown,"Keep level and one predeclared change separate; trailing/fold-local scale; sign into state, not assumed return direction.",Close/official change known by next decision cutoff; global source is one observation,Vendor/corporate corrections possible; archive frozen input,Recompute changes/rolling stats causally from raw levels; avoid live partially completed month.,CONDITIONAL_MARKET_HISTORY,False,"Observed market/admin-rate history is plausible replay input; exact security/field, currency, availability, corrected-history policy and causal transforms need contract."
11,Global risk,FRED_HY_OAS,fred,extended_factors,warehouse,Data/processed/extended_factors_panel.parquet,M,1224,1224,1224,0.0,Not inferred from omitted rows; see DATA_AUDIT.md for denominator and selected matched coverage,34,34,Australia|Brazil|Canada|Chile|ChinaA|ChinaH|Denmark|France|Germany|Hong Kong|India|Indonesia|Italy|Japan|Korea|Malaysia|Mexico|NASDAQ|Netherlands|Philippines|Poland|Saudi Arabia|Singapore|South Africa|Spain|Sweden|Switzerland|Taiwan|Thailand|Turkey|U.K.|U.S.|US SmallCap|Vietnam,2023-08-01,2026-07-01,Higher = more global risk after component-specific orientation,unknown,"Keep level and one predeclared change separate; trailing/fold-local scale; sign into state, not assumed return direction.",Close/official change known by next decision cutoff; global source is one observation,Vendor/corporate corrections possible; archive frozen input,Recompute changes/rolling stats causally from raw levels; avoid live partially completed month.,CONDITIONAL_MARKET_HISTORY,False,"Observed market/admin-rate history is plausible replay input; exact security/field, currency, availability, corrected-history policy and causal transforms need contract."
5,Private credit cycle,BIS_DSR_Private,bis_debt_service,extended_factors,warehouse,Data/processed/extended_factors_panel.parquet,Q,3424,3424,3424,0.0,Not inferred from omitted rows; see DATA_AUDIT.md for denominator and selected matched coverage,33,28,Australia|Brazil|Canada|ChinaA|ChinaH|Denmark|France|Germany|Hong Kong|India|Indonesia|Italy|Japan|Korea|Malaysia|Mexico|NASDAQ|Netherlands|Poland|South Africa|Spain|Sweden|Switzerland|Thailand|Turkey|U.K.|U.S.|US SmallCap,2000-03-01,2025-12-01,Higher = more credit expansion or fragility (separate subscore),lower_is_better,"Keep level and one predeclared change separate; trailing/fold-local scale; sign into state, not assumed return direction.",Not established from current rows,Latest values may overwrite history,Rebuild raw-source transforms with cutoff and original missingness; do not admit normalized aliases automatically.,QUARANTINE_LATEST_VINTAGE,False,Reference-period latest histories; publication lag cannot undo revisions. Existing archives would need independent vintage evidence.
1,Growth cycle,OECD_CCI,oecd_cci,extended_factors,warehouse,Data/processed/extended_factors_panel.parquet,M,8779,8779,8779,0.0,Not inferred from omitted rows; see DATA_AUDIT.md for denominator and selected matched coverage,28,22,Australia|Brazil|Chile|ChinaA|ChinaH|Denmark|France|Germany|Indonesia|Italy|Japan|Korea|Mexico|NASDAQ|Netherlands|Poland|Spain|Sweden|Turkey|U.K.|U.S.|US SmallCap,2000-01-01,2026-06-01,Higher = stronger growth,unknown,"Keep level and one predeclared change separate; trailing/fold-local scale; sign into state, not assumed return direction.",Not established from current rows,Latest values may overwrite history,Rebuild raw-source transforms with cutoff and original missingness; do not admit normalized aliases automatically.,QUARANTINE_LATEST_VINTAGE,False,Reference-period latest histories; publication lag cannot undo revisions. Existing archives would need independent vintage evidence.
12,Terms of trade commodity impulse,FAO_Self_Sufficiency,faostat,extended_factors,warehouse,Data/processed/extended_factors_panel.parquet,A,493,493,493,0.0,Not inferred from omitted rows; see DATA_AUDIT.md for denominator and selected matched coverage,33,33,Australia|Brazil|Canada|Chile|ChinaA|ChinaH|Denmark|France|Germany|Hong Kong|India|Indonesia|Italy|Japan|Korea|Malaysia|Mexico|NASDAQ|Netherlands|Philippines|Poland|Saudi Arabia|Singapore|South Africa|Spain|Sweden|Switzerland|Taiwan|Thailand|U.K.|U.S.|US SmallCap|Vietnam,2010-12-01,2024-12-01,Higher = country benefit after exposure sign; no uniform sign,unknown,"Keep level and one predeclared change separate; trailing/fold-local scale; sign into state, not assumed return direction.",Not established from current rows,Latest values may overwrite history,Rebuild raw-source transforms with cutoff and original missingness; do not admit normalized aliases automatically.,QUARANTINE_LATEST_VINTAGE,False,Reference-period latest histories; publication lag cannot undo revisions. Existing archives would need independent vintage evidence.
12,Terms of trade commodity impulse,FAO_AgExport_GDP_Share,faostat,extended_factors,warehouse,Data/processed/extended_factors_panel.parquet,A,478,478,478,0.0,Not inferred from omitted rows; see DATA_AUDIT.md for denominator and selected matched coverage,32,32,Australia|Brazil|Canada|Chile|ChinaA|ChinaH|Denmark|France|Germany|Hong Kong|India|Indonesia|Italy|Japan|Korea|Malaysia|Mexico|NASDAQ|Netherlands|Philippines|Poland|Saudi Arabia|Singapore|South Africa|Spain|Sweden|Switzerland|Thailand|U.K.|U.S.|US SmallCap|Vietnam,2010-12-01,2024-12-01,Higher = country benefit after exposure sign; no uniform sign,unknown,"Keep level and one predeclared change separate; trailing/fold-local scale; sign into state, not assumed return direction.",Not established from current rows,Latest values may overwrite history,Rebuild raw-source transforms with cutoff and original missingness; do not admit normalized aliases automatically.,QUARANTINE_LATEST_VINTAGE,False,Reference-period latest histories; publication lag cannot undo revisions. Existing archives would need independent vintage evidence.
12,Terms of trade commodity impulse,FAO_Trade_Openness,faostat,extended_factors,warehouse,Data/processed/extended_factors_panel.parquet,A,478,478,478,0.0,Not inferred from omitted rows; see DATA_AUDIT.md for denominator and selected matched coverage,32,32,Australia|Brazil|Canada|Chile|ChinaA|ChinaH|Denmark|France|Germany|Hong Kong|India|Indonesia|Italy|Japan|Korea|Malaysia|Mexico|NASDAQ|Netherlands|Philippines|Poland|Saudi Arabia|Singapore|South Africa|Spain|Sweden|Switzerland|Thailand|U.K.|U.S.|US SmallCap|Vietnam,2010-12-01,2024-12-01,Higher = country benefit after exposure sign; no uniform sign,unknown,"Keep level and one predeclared change separate; trailing/fold-local scale; sign into state, not assumed return direction.",Not established from current rows,Latest values may overwrite history,Rebuild raw-source transforms with cutoff and original missingness; do not admit normalized aliases automatically.,QUARANTINE_LATEST_VINTAGE,False,Reference-period latest histories; publication lag cannot undo revisions. Existing archives would need independent vintage evidence.
15,Institutional structural capacity,NDGAIN_Vulnerability,ndgain,extended_factors,warehouse,Data/processed/extended_factors_panel.parquet,A,1189,1189,1189,0.0,Not inferred from omitted rows; see DATA_AUDIT.md for denominator and selected matched coverage,41,32,Australia|Brazil|Canada|Chile|ChinaA|ChinaH|Denmark|France|Germany|India|Indonesia|Italy|Japan|Korea|Malaysia|Mexico|NASDAQ|Netherlands|Philippines|Poland|Saudi Arabia|Singapore|South Africa|Spain|Sweden|Switzerland|Thailand|Turkey|U.K.|U.S.|US SmallCap|Vietnam,1995-12-01,2023-12-01,Higher = more resilience/capacity after component-specific orientation,lower_is_better,"Keep level and one predeclared change separate; trailing/fold-local scale; sign into state, not assumed return direction.",Not established from current rows,Latest values may overwrite history,Rebuild raw-source transforms with cutoff and original missingness; do not admit normalized aliases automatically.,QUARANTINE_LATEST_VINTAGE,False,Reference-period latest histories; publication lag cannot undo revisions. Existing archives would need independent vintage evidence.
15,Institutional structural capacity,OFAC_Sanctions_Count,ofac,extended_factors,warehouse,Data/processed/extended_factors_panel.parquet,M,34,34,34,0.0,Not inferred from omitted rows; see DATA_AUDIT.md for denominator and selected matched coverage,34,34,Australia|Brazil|Canada|Chile|ChinaA|ChinaH|Denmark|France|Germany|Hong Kong|India|Indonesia|Italy|Japan|Korea|Malaysia|Mexico|NASDAQ|Netherlands|Philippines|Poland|Saudi Arabia|Singapore|South Africa|Spain|Sweden|Switzerland|Taiwan|Thailand|Turkey|U.K.|U.S.|US SmallCap|Vietnam,2026-08-01,2026-08-01,Higher = more resilience/capacity after component-specific orientation,unknown,"Keep level and one predeclared change separate; trailing/fold-local scale; sign into state, not assumed return direction.",Not established from current rows,Latest values may overwrite history,Rebuild raw-source transforms with cutoff and original missingness; do not admit normalized aliases automatically.,QUARANTINE_LATEST_VINTAGE,False,Reference-period latest histories; publication lag cannot undo revisions. Existing archives would need independent vintage evidence.
11,Global risk,FRED_USD_Broad_Index,fred,extended_factors,warehouse,Data/processed/extended_factors_panel.parquet,M,8398,8398,8398,0.0,Not inferred from omitted rows; see DATA_AUDIT.md for denominator and selected matched coverage,34,34,Australia|Brazil|Canada|Chile|ChinaA|ChinaH|Denmark|France|Germany|Hong Kong|India|Indonesia|Italy|Japan|Korea|Malaysia|Mexico|NASDAQ|Netherlands|Philippines|Poland|Saudi Arabia|Singapore|South Africa|Spain|Sweden|Switzerland|Taiwan|Thailand|Turkey|U.K.|U.S.|US SmallCap|Vietnam,2006-01-01,2026-07-01,Higher = more global risk after component-specific orientation,lower_is_better,"Keep level and one predeclared change separate; trailing/fold-local scale; sign into state, not assumed return direction.",Close/official change known by next decision cutoff; global source is one observation,Vendor/corporate corrections possible; archive frozen input,Recompute changes/rolling stats causally from raw levels; avoid live partially completed month.,CONDITIONAL_MARKET_HISTORY,False,"Observed market/admin-rate history is plausible replay input; exact security/field, currency, availability, corrected-history policy and causal transforms need contract."
1,Growth cycle,ILO_Unemployment_Rate,ilostat,extended_factors,warehouse,Data/processed/extended_factors_panel.parquet,A,1077,1077,1077,0.0,Not inferred from omitted rows; see DATA_AUDIT.md for denominator and selected matched coverage,43,34,Australia|Brazil|Canada|Chile|ChinaA|ChinaH|Denmark|France|Germany|Hong Kong|India|Indonesia|Italy|Japan|Korea|Malaysia|Mexico|NASDAQ|Netherlands|Philippines|Poland|Saudi Arabia|Singapore|South Africa|Spain|Sweden|Switzerland|Taiwan|Thailand|Turkey|U.K.|U.S.|US SmallCap|Vietnam,2000-12-01,2026-12-01,Higher = stronger growth,lower_is_better,"Keep level and one predeclared change separate; trailing/fold-local scale; sign into state, not assumed return direction.",Not established from current rows,Latest values may overwrite history,Rebuild raw-source transforms with cutoff and original missingness; do not admit normalized aliases automatically.,QUARANTINE_LATEST_VINTAGE,False,Reference-period latest histories; publication lag cannot undo revisions. Existing archives would need independent vintage evidence.
15,Institutional structural capacity,UNDP_GII,undp_hdi,extended_factors,warehouse,Data/processed/extended_factors_panel.parquet,A,1360,1360,1360,0.0,Not inferred from omitted rows; see DATA_AUDIT.md for denominator and selected matched coverage,41,32,Australia|Brazil|Canada|Chile|ChinaA|ChinaH|Denmark|France|Germany|India|Indonesia|Italy|Japan|Korea|Malaysia|Mexico|NASDAQ|Netherlands|Philippines|Poland|Saudi Arabia|Singapore|South Africa|Spain|Sweden|Switzerland|Thailand|Turkey|U.K.|U.S.|US SmallCap|Vietnam,1990-12-01,2023-12-01,Higher = more resilience/capacity after component-specific orientation,lower_is_better,"Keep level and one predeclared change separate; trailing/fold-local scale; sign into state, not assumed return direction.",Not established from current rows,Latest values may overwrite history,Rebuild raw-source transforms with cutoff and original missingness; do not admit normalized aliases automatically.,QUARANTINE_LATEST_VINTAGE,False,Reference-period latest histories; publication lag cannot undo revisions. Existing archives would need independent vintage evidence.
15,Institutional structural capacity,NDGAIN_Score,ndgain,extended_factors,warehouse,Data/processed/extended_factors_panel.parquet,A,1189,1189,1189,0.0,Not inferred from omitted rows; see DATA_AUDIT.md for denominator and selected matched coverage,41,32,Australia|Brazil|Canada|Chile|ChinaA|ChinaH|Denmark|France|Germany|India|Indonesia|Italy|Japan|Korea|Malaysia|Mexico|NASDAQ|Netherlands|Philippines|Poland|Saudi Arabia|Singapore|South Africa|Spain|Sweden|Switzerland|Thailand|Turkey|U.K.|U.S.|US SmallCap|Vietnam,1995-12-01,2023-12-01,Higher = more resilience/capacity after component-specific orientation,unknown,"Keep level and one predeclared change separate; trailing/fold-local scale; sign into state, not assumed return direction.",Not established from current rows,Latest values may overwrite history,Rebuild raw-source transforms with cutoff and original missingness; do not admit normalized aliases automatically.,QUARANTINE_LATEST_VINTAGE,False,Reference-period latest histories; publication lag cannot undo revisions. Existing archives would need independent vintage evidence.
1,Growth cycle,ILO_LFP_Rate,ilostat,extended_factors,warehouse,Data/processed/extended_factors_panel.parquet,A,1065,1065,1065,0.0,Not inferred from omitted rows; see DATA_AUDIT.md for denominator and selected matched coverage,43,34,Australia|Brazil|Canada|Chile|ChinaA|ChinaH|Denmark|France|Germany|Hong Kong|India|Indonesia|Italy|Japan|Korea|Malaysia|Mexico|NASDAQ|Netherlands|Philippines|Poland|Saudi Arabia|Singapore|South Africa|Spain|Sweden|Switzerland|Taiwan|Thailand|Turkey|U.K.|U.S.|US SmallCap|Vietnam,2000-12-01,2026-12-01,Higher = stronger growth,unknown,"Keep level and one predeclared change separate; trailing/fold-local scale; sign into state, not assumed return direction.",Not established from current rows,Latest values may overwrite history,Rebuild raw-source transforms with cutoff and original missingness; do not admit normalized aliases automatically.,QUARANTINE_LATEST_VINTAGE,False,Reference-period latest histories; publication lag cannot undo revisions. Existing archives would need independent vintage evidence.
15,Institutional structural capacity,NDGAIN_Readiness,ndgain,extended_factors,warehouse,Data/processed/extended_factors_panel.parquet,A,1189,1189,1189,0.0,Not inferred from omitted rows; see DATA_AUDIT.md for denominator and selected matched coverage,41,32,Australia|Brazil|Canada|Chile|ChinaA|ChinaH|Denmark|France|Germany|India|Indonesia|Italy|Japan|Korea|Malaysia|Mexico|NASDAQ|Netherlands|Philippines|Poland|Saudi Arabia|Singapore|South Africa|Spain|Sweden|Switzerland|Thailand|Turkey|U.K.|U.S.|US SmallCap|Vietnam,1995-12-01,2023-12-01,Higher = more resilience/capacity after component-specific orientation,unknown,"Keep level and one predeclared change separate; trailing/fold-local scale; sign into state, not assumed return direction.",Not established from current rows,Latest values may overwrite history,Rebuild raw-source transforms with cutoff and original missingness; do not admit normalized aliases automatically.,QUARANTINE_LATEST_VINTAGE,False,Reference-period latest histories; publication lag cannot undo revisions. Existing archives would need independent vintage evidence.
15,Institutional structural capacity,UNDP_HDI,undp_hdi,extended_factors,warehouse,Data/processed/extended_factors_panel.parquet,A,1428,1428,1428,0.0,Not inferred from omitted rows; see DATA_AUDIT.md for denominator and selected matched coverage,42,33,Australia|Brazil|Canada|Chile|ChinaA|ChinaH|Denmark|France|Germany|Hong Kong|India|Indonesia|Italy|Japan|Korea|Malaysia|Mexico|NASDAQ|Netherlands|Philippines|Poland|Saudi Arabia|Singapore|South Africa|Spain|Sweden|Switzerland|Thailand|Turkey|U.K.|U.S.|US SmallCap|Vietnam,1990-12-01,2023-12-01,Higher = more resilience/capacity after component-specific orientation,unknown,"Keep level and one predeclared change separate; trailing/fold-local scale; sign into state, not assumed return direction.",Not established from current rows,Latest values may overwrite history,Rebuild raw-source transforms with cutoff and original missingness; do not admit normalized aliases automatically.,QUARANTINE_LATEST_VINTAGE,False,Reference-period latest histories; publication lag cannot undo revisions. Existing archives would need independent vintage evidence.
15,Institutional structural capacity,UNDP_GDI,undp_hdi,extended_factors,warehouse,Data/processed/extended_factors_panel.parquet,A,1392,1392,1392,0.0,Not inferred from omitted rows; see DATA_AUDIT.md for denominator and selected matched coverage,42,33,Australia|Brazil|Canada|Chile|ChinaA|ChinaH|Denmark|France|Germany|Hong Kong|India|Indonesia|Italy|Japan|Korea|Malaysia|Mexico|NASDAQ|Netherlands|Philippines|Poland|Saudi Arabia|Singapore|South Africa|Spain|Sweden|Switzerland|Thailand|Turkey|U.K.|U.S.|US SmallCap|Vietnam,1990-12-01,2023-12-01,Higher = more resilience/capacity after component-specific orientation,unknown,"Keep level and one predeclared change separate; trailing/fold-local scale; sign into state, not assumed return direction.",Not established from current rows,Latest values may overwrite history,Rebuild raw-source transforms with cutoff and original missingness; do not admit normalized aliases automatically.,QUARANTINE_LATEST_VINTAGE,False,Reference-period latest histories; publication lag cannot undo revisions. Existing archives would need independent vintage evidence.
12,Terms of trade commodity impulse,FAO_Import_Dependency,faostat,extended_factors,warehouse,Data/processed/extended_factors_panel.parquet,A,493,493,493,0.0,Not inferred from omitted rows; see DATA_AUDIT.md for denominator and selected matched coverage,33,33,Australia|Brazil|Canada|Chile|ChinaA|ChinaH|Denmark|France|Germany|Hong Kong|India|Indonesia|Italy|Japan|Korea|Malaysia|Mexico|NASDAQ|Netherlands|Philippines|Poland|Saudi Arabia|Singapore|South Africa|Spain|Sweden|Switzerland|Taiwan|Thailand|U.K.|U.S.|US SmallCap|Vietnam,2010-12-01,2024-12-01,Higher = country benefit after exposure sign; no uniform sign,lower_is_better,"Keep level and one predeclared change separate; trailing/fold-local scale; sign into state, not assumed return direction.",Not established from current rows,Latest values may overwrite history,Rebuild raw-source transforms with cutoff and original missingness; do not admit normalized aliases automatically.,QUARANTINE_LATEST_VINTAGE,False,Reference-period latest histories; publication lag cannot undo revisions. Existing archives would need independent vintage evidence.
12,Terms of trade commodity impulse,EIA_Petroleum_Consumption_TBPD,eia,extended_factors,warehouse,Data/processed/extended_factors_panel.parquet,A,1103,1103,1103,0.0,Not inferred from omitted rows; see DATA_AUDIT.md for denominator and selected matched coverage,43,34,Australia|Brazil|Canada|Chile|ChinaA|ChinaH|Denmark|France|Germany|Hong Kong|India|Indonesia|Italy|Japan|Korea|Malaysia|Mexico|NASDAQ|Netherlands|Philippines|Poland|Saudi Arabia|Singapore|South Africa|Spain|Sweden|Switzerland|Taiwan|Thailand|Turkey|U.K.|U.S.|US SmallCap|Vietnam,2000-12-01,2025-12-01,Higher = country benefit after exposure sign; no uniform sign,unknown,"Keep level and one predeclared change separate; trailing/fold-local scale; sign into state, not assumed return direction.",Not established from current rows,Latest values may overwrite history,Rebuild raw-source transforms with cutoff and original missingness; do not admit normalized aliases automatically.,QUARANTINE_LATEST_VINTAGE,False,Reference-period latest histories; publication lag cannot undo revisions. Existing archives would need independent vintage evidence.
2,Monetary policy impulse,BIS_Policy_Rate,bis_policy_rate,extended_factors,warehouse,Data/processed/extended_factors_panel.parquet,D,9077,9077,9077,0.0,Not inferred from omitted rows; see DATA_AUDIT.md for denominator and selected matched coverage,30,26,Australia|Brazil|Canada|Chile|ChinaA|ChinaH|Denmark|Hong Kong|India|Indonesia|Japan|Korea|Malaysia|Mexico|NASDAQ|Philippines|Poland|Saudi Arabia|South Africa|Sweden|Switzerland|Thailand|Turkey|U.K.|U.S.|US SmallCap,2000-01-01,2026-08-01,Higher = tighter nominal policy for levels; easing impulse defined as negative change,unknown,"Keep level and one predeclared change separate; trailing/fold-local scale; sign into state, not assumed return direction.",Close/official change known by next decision cutoff; global source is one observation,Vendor/corporate corrections possible; archive frozen input,Recompute changes/rolling stats causally from raw levels; avoid live partially completed month.,CONDITIONAL_MARKET_HISTORY,False,"Observed market/admin-rate history is plausible replay input; exact security/field, currency, availability, corrected-history policy and causal transforms need contract."
3,Real monetary tightness,BIS_Policy_Rate,bis_policy_rate,extended_factors,warehouse,Data/processed/extended_factors_panel.parquet,D,9077,9077,9077,0.0,Not inferred from omitted rows; see DATA_AUDIT.md for denominator and selected matched coverage,30,26,Australia|Brazil|Canada|Chile|ChinaA|ChinaH|Denmark|Hong Kong|India|Indonesia|Japan|Korea|Malaysia|Mexico|NASDAQ|Philippines|Poland|Saudi Arabia|South Africa|Sweden|Switzerland|Thailand|Turkey|U.K.|U.S.|US SmallCap,2000-01-01,2026-08-01,Higher = tighter real policy,unknown,"Keep level and one predeclared change separate; trailing/fold-local scale; sign into state, not assumed return direction.",Close/official change known by next decision cutoff; global source is one observation,Vendor/corporate corrections possible; archive frozen input,Recompute changes/rolling stats causally from raw levels; avoid live partially completed month.,CONDITIONAL_MARKET_HISTORY,False,"Observed market/admin-rate history is plausible replay input; exact security/field, currency, availability, corrected-history policy and causal transforms need contract."
15,Institutional structural capacity,UNDP_IHDI,undp_hdi,extended_factors,warehouse,Data/processed/extended_factors_panel.parquet,A,547,547,547,0.0,Not inferred from omitted rows; see DATA_AUDIT.md for denominator and selected matched coverage,41,32,Australia|Brazil|Canada|Chile|ChinaA|ChinaH|Denmark|France|Germany|Hong Kong|India|Indonesia|Italy|Japan|Korea|Malaysia|Mexico|NASDAQ|Netherlands|Philippines|Poland|Singapore|South Africa|Spain|Sweden|Switzerland|Thailand|Turkey|U.K.|U.S.|US SmallCap|Vietnam,2010-12-01,2023-12-01,Higher = more resilience/capacity after component-specific orientation,unknown,"Keep level and one predeclared change separate; trailing/fold-local scale; sign into state, not assumed return direction.",Not established from current rows,Latest values may overwrite history,Rebuild raw-source transforms with cutoff and original missingness; do not admit normalized aliases automatically.,QUARANTINE_LATEST_VINTAGE,False,Reference-period latest histories; publication lag cannot undo revisions. Existing archives would need independent vintage evidence.
11,Global risk,FRED_UST_10Y,fred,extended_factors,warehouse,Data/processed/extended_factors_panel.parquet,M,13717,13717,13717,0.0,Not inferred from omitted rows; see DATA_AUDIT.md for denominator and selected matched coverage,43,34,Australia|Brazil|Canada|Chile|ChinaA|ChinaH|Denmark|France|Germany|Hong Kong|India|Indonesia|Italy|Japan|Korea|Malaysia|Mexico|NASDAQ|Netherlands|Philippines|Poland|Saudi Arabia|Singapore|South Africa|Spain|Sweden|Switzerland|Taiwan|Thailand|Turkey|U.K.|U.S.|US SmallCap|Vietnam,2000-01-01,2026-07-01,Higher = more global risk after component-specific orientation,unknown,"Keep level and one predeclared change separate; trailing/fold-local scale; sign into state, not assumed return direction.",Close/official change known by next decision cutoff; global source is one observation,Vendor/corporate corrections possible; archive frozen input,Recompute changes/rolling stats causally from raw levels; avoid live partially completed month.,CONDITIONAL_MARKET_HISTORY,False,"Observed market/admin-rate history is plausible replay input; exact security/field, currency, availability, corrected-history policy and causal transforms need contract."
15,Institutional structural capacity,OFAC_Sanctioned,ofac,extended_factors,warehouse,Data/processed/extended_factors_panel.parquet,M,34,34,34,0.0,Not inferred from omitted rows; see DATA_AUDIT.md for denominator and selected matched coverage,34,34,Australia|Brazil|Canada|Chile|ChinaA|ChinaH|Denmark|France|Germany|Hong Kong|India|Indonesia|Italy|Japan|Korea|Malaysia|Mexico|NASDAQ|Netherlands|Philippines|Poland|Saudi Arabia|Singapore|South Africa|Spain|Sweden|Switzerland|Taiwan|Thailand|Turkey|U.K.|U.S.|US SmallCap|Vietnam,2026-08-01,2026-08-01,Higher = more resilience/capacity after component-specific orientation,unknown,"Keep level and one predeclared change separate; trailing/fold-local scale; sign into state, not assumed return direction.",Not established from current rows,Latest values may overwrite history,Rebuild raw-source transforms with cutoff and original missingness; do not admit normalized aliases automatically.,QUARANTINE_LATEST_VINTAGE,False,Reference-period latest histories; publication lag cannot undo revisions. Existing archives would need independent vintage evidence.
11,Global risk,FRED_UST_2Y,fred,extended_factors,warehouse,Data/processed/extended_factors_panel.parquet,M,13717,13717,13717,0.0,Not inferred from omitted rows; see DATA_AUDIT.md for denominator and selected matched coverage,43,34,Australia|Brazil|Canada|Chile|ChinaA|ChinaH|Denmark|France|Germany|Hong Kong|India|Indonesia|Italy|Japan|Korea|Malaysia|Mexico|NASDAQ|Netherlands|Philippines|Poland|Saudi Arabia|Singapore|South Africa|Spain|Sweden|Switzerland|Taiwan|Thailand|Turkey|U.K.|U.S.|US SmallCap|Vietnam,2000-01-01,2026-07-01,Higher = more global risk after component-specific orientation,unknown,"Keep level and one predeclared change separate; trailing/fold-local scale; sign into state, not assumed return direction.",Close/official change known by next decision cutoff; global source is one observation,Vendor/corporate corrections possible; archive frozen input,Recompute changes/rolling stats causally from raw levels; avoid live partially completed month.,CONDITIONAL_MARKET_HISTORY,False,"Observed market/admin-rate history is plausible replay input; exact security/field, currency, availability, corrected-history policy and causal transforms need contract."
1,Growth cycle,OECD_BCI,oecd_bci,extended_factors,warehouse,Data/processed/extended_factors_panel.parquet,M,8482,8482,8482,0.0,Not inferred from omitted rows; see DATA_AUDIT.md for denominator and selected matched coverage,27,20,Brazil|Chile|ChinaA|ChinaH|Denmark|France|Germany|Italy|Korea|Mexico|NASDAQ|Netherlands|Poland|Spain|Sweden|Switzerland|Turkey|U.K.|U.S.|US SmallCap,2000-01-01,2026-06-01,Higher = stronger growth,unknown,"Keep level and one predeclared change separate; trailing/fold-local scale; sign into state, not assumed return direction.",Not established from current rows,Latest values may overwrite history,Rebuild raw-source transforms with cutoff and original missingness; do not admit normalized aliases automatically.,QUARANTINE_LATEST_VINTAGE,False,Reference-period latest histories; publication lag cannot undo revisions. Existing archives would need independent vintage evidence.
12,Terms of trade commodity impulse,FAO_Terms_of_Trade,faostat,extended_factors,warehouse,Data/processed/extended_factors_panel.parquet,A,493,493,493,0.0,Not inferred from omitted rows; see DATA_AUDIT.md for denominator and selected matched coverage,33,33,Australia|Brazil|Canada|Chile|ChinaA|ChinaH|Denmark|France|Germany|Hong Kong|India|Indonesia|Italy|Japan|Korea|Malaysia|Mexico|NASDAQ|Netherlands|Philippines|Poland|Saudi Arabia|Singapore|South Africa|Spain|Sweden|Switzerland|Taiwan|Thailand|U.K.|U.S.|US SmallCap|Vietnam,2010-12-01,2024-12-01,Higher = country benefit after exposure sign; no uniform sign,unknown,"Keep level and one predeclared change separate; trailing/fold-local scale; sign into state, not assumed return direction.",Not established from current rows,Latest values may overwrite history,Rebuild raw-source transforms with cutoff and original missingness; do not admit normalized aliases automatically.,QUARANTINE_LATEST_VINTAGE,False,Reference-period latest histories; publication lag cannot undo revisions. Existing archives would need independent vintage evidence.
15,Institutional structural capacity,WB_Population_Growth,worldbank,external_factors,warehouse,Data/processed/external_factors_panel.parquet,A,1092,1092,1092,0.0,Not inferred from omitted rows; see DATA_AUDIT.md for denominator and selected matched coverage,42,33,Australia|Brazil|Canada|Chile|ChinaA|ChinaH|Denmark|France|Germany|Hong Kong|India|Indonesia|Italy|Japan|Korea|Malaysia|Mexico|NASDAQ|Netherlands|Philippines|Poland|Saudi Arabia|Singapore|South Africa|Spain|Sweden|Switzerland|Thailand|Turkey|U.K.|U.S.|US SmallCap|Vietnam,2000-12-01,2025-12-01,Higher = more resilience/capacity after component-specific orientation,unknown,"Keep level and one predeclared change separate; trailing/fold-local scale; sign into state, not assumed return direction.",Not established from current rows,Latest values may overwrite history,Rebuild raw-source transforms with cutoff and original missingness; do not admit normalized aliases automatically.,QUARANTINE_LATEST_VINTAGE,False,Reference-period latest histories; publication lag cannot undo revisions. Existing archives would need independent vintage evidence.
15,Institutional structural capacity,WB_Regulatory_Quality,worldbank,external_factors,warehouse,Data/processed/external_factors_panel.parquet,A,1008,1008,1008,0.0,Not inferred from omitted rows; see DATA_AUDIT.md for denominator and selected matched coverage,42,33,Australia|Brazil|Canada|Chile|ChinaA|ChinaH|Denmark|France|Germany|Hong Kong|India|Indonesia|Italy|Japan|Korea|Malaysia|Mexico|NASDAQ|Netherlands|Philippines|Poland|Saudi Arabia|Singapore|South Africa|Spain|Sweden|Switzerland|Thailand|Turkey|U.K.|U.S.|US SmallCap|Vietnam,2000-12-01,2024-12-01,Higher = more resilience/capacity after component-specific orientation,unknown,"Keep level and one predeclared change separate; trailing/fold-local scale; sign into state, not assumed return direction.",Not established from current rows,Latest values may overwrite history,Rebuild raw-source transforms with cutoff and original missingness; do not admit normalized aliases automatically.,QUARANTINE_LATEST_VINTAGE,False,Reference-period latest histories; publication lag cannot undo revisions. Existing archives would need independent vintage evidence.
1,Growth cycle,OECD_CLI,oecd,external_factors,warehouse,Data/processed/external_factors_panel.parquet,M,6360,6360,6360,0.0,Not inferred from omitted rows; see DATA_AUDIT.md for denominator and selected matched coverage,20,20,Australia|Brazil|Canada|ChinaA|ChinaH|France|Germany|India|Indonesia|Italy|Japan|Korea|Mexico|NASDAQ|South Africa|Spain|Turkey|U.K.|U.S.|US SmallCap,2000-01-01,2026-06-01,Higher = stronger growth,unknown,"Keep level and one predeclared change separate; trailing/fold-local scale; sign into state, not assumed return direction.",Not established from current rows,Latest values may overwrite history,Rebuild raw-source transforms with cutoff and original missingness; do not admit normalized aliases automatically.,QUARANTINE_LATEST_VINTAGE,False,Reference-period latest histories; publication lag cannot undo revisions. Existing archives would need independent vintage evidence.
1,Growth cycle,WB_Unemployment,worldbank,external_factors,warehouse,Data/processed/external_factors_panel.parquet,A,1092,1092,1092,0.0,Not inferred from omitted rows; see DATA_AUDIT.md for denominator and selected matched coverage,42,33,Australia|Brazil|Canada|Chile|ChinaA|ChinaH|Denmark|France|Germany|Hong Kong|India|Indonesia|Italy|Japan|Korea|Malaysia|Mexico|NASDAQ|Netherlands|Philippines|Poland|Saudi Arabia|Singapore|South Africa|Spain|Sweden|Switzerland|Thailand|Turkey|U.K.|U.S.|US SmallCap|Vietnam,2000-12-01,2025-12-01,Higher = stronger growth,lower_is_better,"Keep level and one predeclared change separate; trailing/fold-local scale; sign into state, not assumed return direction.",Not established from current rows,Latest values may overwrite history,Rebuild raw-source transforms with cutoff and original missingness; do not admit normalized aliases automatically.,QUARANTINE_LATEST_VINTAGE,False,Reference-period latest histories; publication lag cannot undo revisions. Existing archives would need independent vintage evidence.
15,Institutional structural capacity,WB_Voice_Accountability,worldbank,external_factors,warehouse,Data/processed/external_factors_panel.parquet,A,1008,1008,1008,0.0,Not inferred from omitted rows; see DATA_AUDIT.md for denominator and selected matched coverage,42,33,Australia|Brazil|Canada|Chile|ChinaA|ChinaH|Denmark|France|Germany|Hong Kong|India|Indonesia|Italy|Japan|Korea|Malaysia|Mexico|NASDAQ|Netherlands|Philippines|Poland|Saudi Arabia|Singapore|South Africa|Spain|Sweden|Switzerland|Thailand|Turkey|U.K.|U.S.|US SmallCap|Vietnam,2000-12-01,2024-12-01,Higher = more resilience/capacity after component-specific orientation,unknown,"Keep level and one predeclared change separate; trailing/fold-local scale; sign into state, not assumed return direction.",Not established from current rows,Latest values may overwrite history,Rebuild raw-source transforms with cutoff and original missingness; do not admit normalized aliases automatically.,QUARANTINE_LATEST_VINTAGE,False,Reference-period latest histories; publication lag cannot undo revisions. Existing archives would need independent vintage evidence.
6,External vulnerability,WB_Current_Account_GDP,worldbank,external_factors,warehouse,Data/processed/external_factors_panel.parquet,A,1071,1071,1071,0.0,Not inferred from omitted rows; see DATA_AUDIT.md for denominator and selected matched coverage,42,33,Australia|Brazil|Canada|Chile|ChinaA|ChinaH|Denmark|France|Germany|Hong Kong|India|Indonesia|Italy|Japan|Korea|Malaysia|Mexico|NASDAQ|Netherlands|Philippines|Poland|Saudi Arabia|Singapore|South Africa|Spain|Sweden|Switzerland|Thailand|Turkey|U.K.|U.S.|US SmallCap|Vietnam,2000-12-01,2025-12-01,Higher = more vulnerability after component-specific orientation,unknown,"Keep level and one predeclared change separate; trailing/fold-local scale; sign into state, not assumed return direction.",Not established from current rows,Latest values may overwrite history,Rebuild raw-source transforms with cutoff and original missingness; do not admit normalized aliases automatically.,QUARANTINE_LATEST_VINTAGE,False,Reference-period latest histories; publication lag cannot undo revisions. Existing archives would need independent vintage evidence.
15,Institutional structural capacity,WB_Female_LFP,worldbank,external_factors,warehouse,Data/processed/external_factors_panel.parquet,A,1092,1092,1092,0.0,Not inferred from omitted rows; see DATA_AUDIT.md for denominator and selected matched coverage,42,33,Australia|Brazil|Canada|Chile|ChinaA|ChinaH|Denmark|France|Germany|Hong Kong|India|Indonesia|Italy|Japan|Korea|Malaysia|Mexico|NASDAQ|Netherlands|Philippines|Poland|Saudi Arabia|Singapore|South Africa|Spain|Sweden|Switzerland|Thailand|Turkey|U.K.|U.S.|US SmallCap|Vietnam,2000-12-01,2025-12-01,Higher = more resilience/capacity after component-specific orientation,unknown,"Keep level and one predeclared change separate; trailing/fold-local scale; sign into state, not assumed return direction.",Not established from current rows,Latest values may overwrite history,Rebuild raw-source transforms with cutoff and original missingness; do not admit normalized aliases automatically.,QUARANTINE_LATEST_VINTAGE,False,Reference-period latest histories; publication lag cannot undo revisions. Existing archives would need independent vintage evidence.
11,Global risk,Global_GPR,gpr,external_factors,warehouse,Data/processed/external_factors_panel.parquet,M,21457,21457,21457,0.0,Not inferred from omitted rows; see DATA_AUDIT.md for denominator and selected matched coverage,43,34,Australia|Brazil|Canada|Chile|ChinaA|ChinaH|Denmark|France|Germany|Hong Kong|India|Indonesia|Italy|Japan|Korea|Malaysia|Mexico|NASDAQ|Netherlands|Philippines|Poland|Saudi Arabia|Singapore|South Africa|Spain|Sweden|Switzerland|Taiwan|Thailand|Turkey|U.K.|U.S.|US SmallCap|Vietnam,1985-01-01,2026-07-01,Higher = more global risk after component-specific orientation,lower_is_better,"Keep level and one predeclared change separate; trailing/fold-local scale; sign into state, not assumed return direction.",Not established from current rows,Latest values may overwrite history,Rebuild raw-source transforms with cutoff and original missingness; do not admit normalized aliases automatically.,QUARANTINE_LATEST_VINTAGE,False,Reference-period latest histories; publication lag cannot undo revisions. Existing archives would need independent vintage evidence.
6,External vulnerability,BIS_REER,bis_reer,external_factors,warehouse,Data/processed/external_factors_panel.parquet,M,13356,13356,13356,0.0,Not inferred from omitted rows; see DATA_AUDIT.md for denominator and selected matched coverage,42,33,Australia|Brazil|Canada|Chile|ChinaA|ChinaH|Denmark|France|Germany|Hong Kong|India|Indonesia|Italy|Japan|Korea|Malaysia|Mexico|NASDAQ|Netherlands|Philippines|Poland|Saudi Arabia|Singapore|South Africa|Spain|Sweden|Switzerland|Taiwan|Thailand|Turkey|U.K.|U.S.|US SmallCap,2000-01-01,2026-06-01,Higher = more vulnerability after component-specific orientation,lower_is_better,"Keep level and one predeclared change separate; trailing/fold-local scale; sign into state, not assumed return direction.",Not established from current rows,Latest values may overwrite history,Rebuild raw-source transforms with cutoff and original missingness; do not admit normalized aliases automatically.,QUARANTINE_LATEST_VINTAGE,False,Reference-period latest histories; publication lag cannot undo revisions. Existing archives would need independent vintage evidence.
4,Inflation regime,WB_Inflation_CPI,worldbank,external_factors,warehouse,Data/processed/external_factors_panel.parquet,A,1089,1089,1089,0.0,Not inferred from omitted rows; see DATA_AUDIT.md for denominator and selected matched coverage,42,33,Australia|Brazil|Canada|Chile|ChinaA|ChinaH|Denmark|France|Germany|Hong Kong|India|Indonesia|Italy|Japan|Korea|Malaysia|Mexico|NASDAQ|Netherlands|Philippines|Poland|Saudi Arabia|Singapore|South Africa|Spain|Sweden|Switzerland|Thailand|Turkey|U.K.|U.S.|US SmallCap|Vietnam,2000-12-01,2025-12-01,Higher = higher inflation pressure,lower_is_better,"Keep level and one predeclared change separate; trailing/fold-local scale; sign into state, not assumed return direction.",Not established from current rows,Latest values may overwrite history,Rebuild raw-source transforms with cutoff and original missingness; do not admit normalized aliases automatically.,QUARANTINE_LATEST_VINTAGE,False,Reference-period latest histories; publication lag cannot undo revisions. Existing archives would need independent vintage evidence.
15,Institutional structural capacity,WB_Population,worldbank,external_factors,warehouse,Data/processed/external_factors_panel.parquet,A,1092,1092,1092,0.0,Not inferred from omitted rows; see DATA_AUDIT.md for denominator and selected matched coverage,42,33,Australia|Brazil|Canada|Chile|ChinaA|ChinaH|Denmark|France|Germany|Hong Kong|India|Indonesia|Italy|Japan|Korea|Malaysia|Mexico|NASDAQ|Netherlands|Philippines|Poland|Saudi Arabia|Singapore|South Africa|Spain|Sweden|Switzerland|Thailand|Turkey|U.K.|U.S.|US SmallCap|Vietnam,2000-12-01,2025-12-01,Higher = more resilience/capacity after component-specific orientation,unknown,"Keep level and one predeclared change separate; trailing/fold-local scale; sign into state, not assumed return direction.",Not established from current rows,Latest values may overwrite history,Rebuild raw-source transforms with cutoff and original missingness; do not admit normalized aliases automatically.,QUARANTINE_LATEST_VINTAGE,False,Reference-period latest histories; publication lag cannot undo revisions. Existing archives would need independent vintage evidence.
15,Institutional structural capacity,WB_Labor_Force,worldbank,external_factors,warehouse,Data/processed/external_factors_panel.parquet,A,1092,1092,1092,0.0,Not inferred from omitted rows; see DATA_AUDIT.md for denominator and selected matched coverage,42,33,Australia|Brazil|Canada|Chile|ChinaA|ChinaH|Denmark|France|Germany|Hong Kong|India|Indonesia|Italy|Japan|Korea|Malaysia|Mexico|NASDAQ|Netherlands|Philippines|Poland|Saudi Arabia|Singapore|South Africa|Spain|Sweden|Switzerland|Thailand|Turkey|U.K.|U.S.|US SmallCap|Vietnam,2000-12-01,2025-12-01,Higher = more resilience/capacity after component-specific orientation,unknown,"Keep level and one predeclared change separate; trailing/fold-local scale; sign into state, not assumed return direction.",Not established from current rows,Latest values may overwrite history,Rebuild raw-source transforms with cutoff and original missingness; do not admit normalized aliases automatically.,QUARANTINE_LATEST_VINTAGE,False,Reference-period latest histories; publication lag cannot undo revisions. Existing archives would need independent vintage evidence.
11,Global risk,EPU,epu,external_factors,warehouse,Data/processed/external_factors_panel.parquet,M,8498,8498,8498,0.0,Not inferred from omitted rows; see DATA_AUDIT.md for denominator and selected matched coverage,21,20,Australia|Brazil|Canada|Chile|ChinaA|ChinaH|France|Germany|Hong Kong|India|Italy|Japan|Korea|Mexico|NASDAQ|Singapore|Spain|U.K.|U.S.|US SmallCap,1985-01-01,2026-07-01,Higher = more global risk after component-specific orientation,unknown,"Keep level and one predeclared change separate; trailing/fold-local scale; sign into state, not assumed return direction.",Not established from current rows,Latest values may overwrite history,Rebuild raw-source transforms with cutoff and original missingness; do not admit normalized aliases automatically.,QUARANTINE_LATEST_VINTAGE,False,Reference-period latest histories; publication lag cannot undo revisions. Existing archives would need independent vintage evidence.
5,Private credit cycle,WB_Domestic_Credit_GDP,worldbank,external_factors,warehouse,Data/processed/external_factors_panel.parquet,A,973,973,973,0.0,Not inferred from omitted rows; see DATA_AUDIT.md for denominator and selected matched coverage,42,33,Australia|Brazil|Canada|Chile|ChinaA|ChinaH|Denmark|France|Germany|Hong Kong|India|Indonesia|Italy|Japan|Korea|Malaysia|Mexico|NASDAQ|Netherlands|Philippines|Poland|Saudi Arabia|Singapore|South Africa|Spain|Sweden|Switzerland|Thailand|Turkey|U.K.|U.S.|US SmallCap|Vietnam,2000-12-01,2025-12-01,Higher = more credit expansion or fragility (separate subscore),lower_is_better,"Keep level and one predeclared change separate; trailing/fold-local scale; sign into state, not assumed return direction.",Not established from current rows,Latest values may overwrite history,Rebuild raw-source transforms with cutoff and original missingness; do not admit normalized aliases automatically.,QUARANTINE_LATEST_VINTAGE,False,Reference-period latest histories; publication lag cannot undo revisions. Existing archives would need independent vintage evidence.
6,External vulnerability,WB_FDI_Inflows_GDP,worldbank,external_factors,warehouse,Data/processed/external_factors_panel.parquet,A,1083,1083,1083,0.0,Not inferred from omitted rows; see DATA_AUDIT.md for denominator and selected matched coverage,42,33,Australia|Brazil|Canada|Chile|ChinaA|ChinaH|Denmark|France|Germany|Hong Kong|India|Indonesia|Italy|Japan|Korea|Malaysia|Mexico|NASDAQ|Netherlands|Philippines|Poland|Saudi Arabia|Singapore|South Africa|Spain|Sweden|Switzerland|Thailand|Turkey|U.K.|U.S.|US SmallCap|Vietnam,2000-12-01,2025-12-01,Higher = more vulnerability after component-specific orientation,unknown,"Keep level and one predeclared change separate; trailing/fold-local scale; sign into state, not assumed return direction.",Not established from current rows,Latest values may overwrite history,Rebuild raw-source transforms with cutoff and original missingness; do not admit normalized aliases automatically.,QUARANTINE_LATEST_VINTAGE,False,Reference-period latest histories; publication lag cannot undo revisions. Existing archives would need independent vintage evidence.
5,Private credit cycle,BIS_Property_Price,bis_property,external_factors,warehouse,Data/processed/external_factors_panel.parquet,Q,3961,3961,3961,0.0,Not inferred from omitted rows; see DATA_AUDIT.md for denominator and selected matched coverage,40,31,Australia|Brazil|Canada|Chile|ChinaA|ChinaH|Denmark|France|Germany|Hong Kong|India|Indonesia|Italy|Japan|Korea|Malaysia|Mexico|NASDAQ|Netherlands|Philippines|Poland|Singapore|South Africa|Spain|Sweden|Switzerland|Thailand|Turkey|U.K.|U.S.|US SmallCap,2000-03-01,2026-03-01,Higher = more credit expansion or fragility (separate subscore),lower_is_better,"Keep level and one predeclared change separate; trailing/fold-local scale; sign into state, not assumed return direction.",Not established from current rows,Latest values may overwrite history,Rebuild raw-source transforms with cutoff and original missingness; do not admit normalized aliases automatically.,QUARANTINE_LATEST_VINTAGE,False,Reference-period latest histories; publication lag cannot undo revisions. Existing archives would need independent vintage evidence.
11,Global risk,GPR,gpr,external_factors,warehouse,Data/processed/external_factors_panel.parquet,M,11477,11477,11477,0.0,Not inferred from omitted rows; see DATA_AUDIT.md for denominator and selected matched coverage,23,22,Australia|Brazil|Canada|ChinaA|ChinaH|France|Germany|India|Italy|Japan|Korea|Mexico|NASDAQ|Philippines|Saudi Arabia|Spain|Sweden|Taiwan|Turkey|U.K.|U.S.|US SmallCap,1985-01-01,2026-07-01,Higher = more global risk after component-specific orientation,unknown,"Keep level and one predeclared change separate; trailing/fold-local scale; sign into state, not assumed return direction.",Not established from current rows,Latest values may overwrite history,Rebuild raw-source transforms with cutoff and original missingness; do not admit normalized aliases automatically.,QUARANTINE_LATEST_VINTAGE,False,Reference-period latest histories; publication lag cannot undo revisions. Existing archives would need independent vintage evidence.
7,Sovereign fiscal stress,WB_Govt_Debt_GDP,worldbank,external_factors,warehouse,Data/processed/external_factors_panel.parquet,A,418,418,418,0.0,Not inferred from omitted rows; see DATA_AUDIT.md for denominator and selected matched coverage,22,20,Australia|Brazil|Canada|Chile|India|Indonesia|Korea|Malaysia|Mexico|NASDAQ|Philippines|Singapore|South Africa|Spain|Switzerland|Thailand|Turkey|U.K.|U.S.|US SmallCap,2000-12-01,2024-12-01,Higher = more sovereign stress after component-specific orientation,lower_is_better,"Keep level and one predeclared change separate; trailing/fold-local scale; sign into state, not assumed return direction.",Not established from current rows,Latest values may overwrite history,Rebuild raw-source transforms with cutoff and original missingness; do not admit normalized aliases automatically.,QUARANTINE_LATEST_VINTAGE,False,Reference-period latest histories; publication lag cannot undo revisions. Existing archives would need independent vintage evidence.
6,External vulnerability,WB_External_Debt_GNI,worldbank,external_factors,warehouse,Data/processed/external_factors_panel.parquet,A,298,298,298,0.0,Not inferred from omitted rows; see DATA_AUDIT.md for denominator and selected matched coverage,12,11,Brazil|ChinaA|ChinaH|India|Indonesia|Mexico|Philippines|South Africa|Thailand|Turkey|Vietnam,2000-12-01,2024-12-01,Higher = more vulnerability after component-specific orientation,unknown,"Keep level and one predeclared change separate; trailing/fold-local scale; sign into state, not assumed return direction.",Not established from current rows,Latest values may overwrite history,Rebuild raw-source transforms with cutoff and original missingness; do not admit normalized aliases automatically.,QUARANTINE_LATEST_VINTAGE,False,Reference-period latest histories; publication lag cannot undo revisions. Existing archives would need independent vintage evidence.
11,Global risk,Global_GPR_Act,gpr,external_factors,warehouse,Data/processed/external_factors_panel.parquet,M,21457,21457,21457,0.0,Not inferred from omitted rows; see DATA_AUDIT.md for denominator and selected matched coverage,43,34,Australia|Brazil|Canada|Chile|ChinaA|ChinaH|Denmark|France|Germany|Hong Kong|India|Indonesia|Italy|Japan|Korea|Malaysia|Mexico|NASDAQ|Netherlands|Philippines|Poland|Saudi Arabia|Singapore|South Africa|Spain|Sweden|Switzerland|Taiwan|Thailand|Turkey|U.K.|U.S.|US SmallCap|Vietnam,1985-01-01,2026-07-01,Higher = more global risk after component-specific orientation,lower_is_better,"Keep level and one predeclared change separate; trailing/fold-local scale; sign into state, not assumed return direction.",Not established from current rows,Latest values may overwrite history,Rebuild raw-source transforms with cutoff and original missingness; do not admit normalized aliases automatically.,QUARANTINE_LATEST_VINTAGE,False,Reference-period latest histories; publication lag cannot undo revisions. Existing archives would need independent vintage evidence.
15,Institutional structural capacity,WB_Control_Corruption,worldbank,external_factors,warehouse,Data/processed/external_factors_panel.parquet,A,1008,1008,1008,0.0,Not inferred from omitted rows; see DATA_AUDIT.md for denominator and selected matched coverage,42,33,Australia|Brazil|Canada|Chile|ChinaA|ChinaH|Denmark|France|Germany|Hong Kong|India|Indonesia|Italy|Japan|Korea|Malaysia|Mexico|NASDAQ|Netherlands|Philippines|Poland|Saudi Arabia|Singapore|South Africa|Spain|Sweden|Switzerland|Thailand|Turkey|U.K.|U.S.|US SmallCap|Vietnam,2000-12-01,2024-12-01,Higher = more resilience/capacity after component-specific orientation,unknown,"Keep level and one predeclared change separate; trailing/fold-local scale; sign into state, not assumed return direction.",Not established from current rows,Latest values may overwrite history,Rebuild raw-source transforms with cutoff and original missingness; do not admit normalized aliases automatically.,QUARANTINE_LATEST_VINTAGE,False,Reference-period latest histories; publication lag cannot undo revisions. Existing archives would need independent vintage evidence.
5,Private credit cycle,BIS_Credit_GDP_Gap,bis_credit,external_factors,warehouse,Data/processed/external_factors_panel.parquet,Q,4160,4160,4160,0.0,Not inferred from omitted rows; see DATA_AUDIT.md for denominator and selected matched coverage,40,31,Australia|Brazil|Canada|Chile|ChinaA|ChinaH|Denmark|France|Germany|Hong Kong|India|Indonesia|Italy|Japan|Korea|Malaysia|Mexico|NASDAQ|Netherlands|Poland|Saudi Arabia|Singapore|South Africa|Spain|Sweden|Switzerland|Thailand|Turkey|U.K.|U.S.|US SmallCap,2000-03-01,2025-12-01,Higher = more credit expansion or fragility (separate subscore),lower_is_better,"Keep level and one predeclared change separate; trailing/fold-local scale; sign into state, not assumed return direction.",Not established from current rows,Latest values may overwrite history,Rebuild raw-source transforms with cutoff and original missingness; do not admit normalized aliases automatically.,QUARANTINE_LATEST_VINTAGE,False,Reference-period latest histories; publication lag cannot undo revisions. Existing archives would need independent vintage evidence.
15,Institutional structural capacity,WB_Trade_Openness,worldbank,external_factors,warehouse,Data/processed/external_factors_panel.parquet,A,1087,1087,1087,0.0,Not inferred from omitted rows; see DATA_AUDIT.md for denominator and selected matched coverage,42,33,Australia|Brazil|Canada|Chile|ChinaA|ChinaH|Denmark|France|Germany|Hong Kong|India|Indonesia|Italy|Japan|Korea|Malaysia|Mexico|NASDAQ|Netherlands|Philippines|Poland|Saudi Arabia|Singapore|South Africa|Spain|Sweden|Switzerland|Thailand|Turkey|U.K.|U.S.|US SmallCap|Vietnam,2000-12-01,2025-12-01,Higher = more resilience/capacity after component-specific orientation,unknown,"Keep level and one predeclared change separate; trailing/fold-local scale; sign into state, not assumed return direction.",Not established from current rows,Latest values may overwrite history,Rebuild raw-source transforms with cutoff and original missingness; do not admit normalized aliases automatically.,QUARANTINE_LATEST_VINTAGE,False,Reference-period latest histories; publication lag cannot undo revisions. Existing archives would need independent vintage evidence.
6,External vulnerability,WB_Import_Cover_Months,worldbank,external_factors,warehouse,Data/processed/external_factors_panel.parquet,A,1068,1068,1068,0.0,Not inferred from omitted rows; see DATA_AUDIT.md for denominator and selected matched coverage,42,33,Australia|Brazil|Canada|Chile|ChinaA|ChinaH|Denmark|France|Germany|Hong Kong|India|Indonesia|Italy|Japan|Korea|Malaysia|Mexico|NASDAQ|Netherlands|Philippines|Poland|Saudi Arabia|Singapore|South Africa|Spain|Sweden|Switzerland|Thailand|Turkey|U.K.|U.S.|US SmallCap|Vietnam,2000-12-01,2025-12-01,Higher = more vulnerability after component-specific orientation,unknown,"Keep level and one predeclared change separate; trailing/fold-local scale; sign into state, not assumed return direction.",Not established from current rows,Latest values may overwrite history,Rebuild raw-source transforms with cutoff and original missingness; do not admit normalized aliases automatically.,QUARANTINE_LATEST_VINTAGE,False,Reference-period latest histories; publication lag cannot undo revisions. Existing archives would need independent vintage evidence.
11,Global risk,Global_GPR_Threat,gpr,external_factors,warehouse,Data/processed/external_factors_panel.parquet,M,21457,21457,21457,0.0,Not inferred from omitted rows; see DATA_AUDIT.md for denominator and selected matched coverage,43,34,Australia|Brazil|Canada|Chile|ChinaA|ChinaH|Denmark|France|Germany|Hong Kong|India|Indonesia|Italy|Japan|Korea|Malaysia|Mexico|NASDAQ|Netherlands|Philippines|Poland|Saudi Arabia|Singapore|South Africa|Spain|Sweden|Switzerland|Taiwan|Thailand|Turkey|U.K.|U.S.|US SmallCap|Vietnam,1985-01-01,2026-07-01,Higher = more global risk after component-specific orientation,lower_is_better,"Keep level and one predeclared change separate; trailing/fold-local scale; sign into state, not assumed return direction.",Not established from current rows,Latest values may overwrite history,Rebuild raw-source transforms with cutoff and original missingness; do not admit normalized aliases automatically.,QUARANTINE_LATEST_VINTAGE,False,Reference-period latest histories; publication lag cannot undo revisions. Existing archives would need independent vintage evidence.
15,Institutional structural capacity,WB_Renewable_Energy_Share,worldbank,external_factors,warehouse,Data/processed/external_factors_panel.parquet,A,924,924,924,0.0,Not inferred from omitted rows; see DATA_AUDIT.md for denominator and selected matched coverage,42,33,Australia|Brazil|Canada|Chile|ChinaA|ChinaH|Denmark|France|Germany|Hong Kong|India|Indonesia|Italy|Japan|Korea|Malaysia|Mexico|NASDAQ|Netherlands|Philippines|Poland|Saudi Arabia|Singapore|South Africa|Spain|Sweden|Switzerland|Thailand|Turkey|U.K.|U.S.|US SmallCap|Vietnam,2000-12-01,2021-12-01,Higher = more resilience/capacity after component-specific orientation,unknown,"Keep level and one predeclared change separate; trailing/fold-local scale; sign into state, not assumed return direction.",Not established from current rows,Latest values may overwrite history,Rebuild raw-source transforms with cutoff and original missingness; do not admit normalized aliases automatically.,QUARANTINE_LATEST_VINTAGE,False,Reference-period latest histories; publication lag cannot undo revisions. Existing archives would need independent vintage evidence.
15,Institutional structural capacity,WB_Political_Stability,worldbank,external_factors,warehouse,Data/processed/external_factors_panel.parquet,A,1008,1008,1008,0.0,Not inferred from omitted rows; see DATA_AUDIT.md for denominator and selected matched coverage,42,33,Australia|Brazil|Canada|Chile|ChinaA|ChinaH|Denmark|France|Germany|Hong Kong|India|Indonesia|Italy|Japan|Korea|Malaysia|Mexico|NASDAQ|Netherlands|Philippines|Poland|Saudi Arabia|Singapore|South Africa|Spain|Sweden|Switzerland|Thailand|Turkey|U.K.|U.S.|US SmallCap|Vietnam,2000-12-01,2024-12-01,Higher = more resilience/capacity after component-specific orientation,unknown,"Keep level and one predeclared change separate; trailing/fold-local scale; sign into state, not assumed return direction.",Not established from current rows,Latest values may overwrite history,Rebuild raw-source transforms with cutoff and original missingness; do not admit normalized aliases automatically.,QUARANTINE_LATEST_VINTAGE,False,Reference-period latest histories; publication lag cannot undo revisions. Existing archives would need independent vintage evidence.
15,Institutional structural capacity,WB_Rule_of_Law,worldbank,external_factors,warehouse,Data/processed/external_factors_panel.parquet,A,1008,1008,1008,0.0,Not inferred from omitted rows; see DATA_AUDIT.md for denominator and selected matched coverage,42,33,Australia|Brazil|Canada|Chile|ChinaA|ChinaH|Denmark|France|Germany|Hong Kong|India|Indonesia|Italy|Japan|Korea|Malaysia|Mexico|NASDAQ|Netherlands|Philippines|Poland|Saudi Arabia|Singapore|South Africa|Spain|Sweden|Switzerland|Thailand|Turkey|U.K.|U.S.|US SmallCap|Vietnam,2000-12-01,2024-12-01,Higher = more resilience/capacity after component-specific orientation,unknown,"Keep level and one predeclared change separate; trailing/fold-local scale; sign into state, not assumed return direction.",Not established from current rows,Latest values may overwrite history,Rebuild raw-source transforms with cutoff and original missingness; do not admit normalized aliases automatically.,QUARANTINE_LATEST_VINTAGE,False,Reference-period latest histories; publication lag cannot undo revisions. Existing archives would need independent vintage evidence.
15,Institutional structural capacity,WB_Market_Cap_GDP,worldbank,external_factors,warehouse,Data/processed/external_factors_panel.parquet,A,926,926,926,0.0,Not inferred from omitted rows; see DATA_AUDIT.md for denominator and selected matched coverage,42,33,Australia|Brazil|Canada|Chile|ChinaA|ChinaH|Denmark|France|Germany|Hong Kong|India|Indonesia|Italy|Japan|Korea|Malaysia|Mexico|NASDAQ|Netherlands|Philippines|Poland|Saudi Arabia|Singapore|South Africa|Spain|Sweden|Switzerland|Thailand|Turkey|U.K.|U.S.|US SmallCap|Vietnam,2000-12-01,2025-12-01,Higher = more resilience/capacity after component-specific orientation,lower_is_better,"Keep level and one predeclared change separate; trailing/fold-local scale; sign into state, not assumed return direction.",Not established from current rows,Latest values may overwrite history,Rebuild raw-source transforms with cutoff and original missingness; do not admit normalized aliases automatically.,QUARANTINE_LATEST_VINTAGE,False,Reference-period latest histories; publication lag cannot undo revisions. Existing archives would need independent vintage evidence.
15,Institutional structural capacity,WB_CO2_Per_Capita,worldbank,external_factors,warehouse,Data/processed/external_factors_panel.parquet,A,1050,1050,1050,0.0,Not inferred from omitted rows; see DATA_AUDIT.md for denominator and selected matched coverage,42,33,Australia|Brazil|Canada|Chile|ChinaA|ChinaH|Denmark|France|Germany|Hong Kong|India|Indonesia|Italy|Japan|Korea|Malaysia|Mexico|NASDAQ|Netherlands|Philippines|Poland|Saudi Arabia|Singapore|South Africa|Spain|Sweden|Switzerland|Thailand|Turkey|U.K.|U.S.|US SmallCap|Vietnam,2000-12-01,2024-12-01,Higher = more resilience/capacity after component-specific orientation,lower_is_better,"Keep level and one predeclared change separate; trailing/fold-local scale; sign into state, not assumed return direction.",Not established from current rows,Latest values may overwrite history,Rebuild raw-source transforms with cutoff and original missingness; do not admit normalized aliases automatically.,QUARANTINE_LATEST_VINTAGE,False,Reference-period latest histories; publication lag cannot undo revisions. Existing archives would need independent vintage evidence.
15,Institutional structural capacity,WB_Female_Labor_Share,worldbank,external_factors,warehouse,Data/processed/external_factors_panel.parquet,A,1092,1092,1092,0.0,Not inferred from omitted rows; see DATA_AUDIT.md for denominator and selected matched coverage,42,33,Australia|Brazil|Canada|Chile|ChinaA|ChinaH|Denmark|France|Germany|Hong Kong|India|Indonesia|Italy|Japan|Korea|Malaysia|Mexico|NASDAQ|Netherlands|Philippines|Poland|Saudi Arabia|Singapore|South Africa|Spain|Sweden|Switzerland|Thailand|Turkey|U.K.|U.S.|US SmallCap|Vietnam,2000-12-01,2025-12-01,Higher = more resilience/capacity after component-specific orientation,unknown,"Keep level and one predeclared change separate; trailing/fold-local scale; sign into state, not assumed return direction.",Not established from current rows,Latest values may overwrite history,Rebuild raw-source transforms with cutoff and original missingness; do not admit normalized aliases automatically.,QUARANTINE_LATEST_VINTAGE,False,Reference-period latest histories; publication lag cannot undo revisions. Existing archives would need independent vintage evidence.
1,Growth cycle,WB_GDP_Growth_Real,worldbank,external_factors,warehouse,Data/processed/external_factors_panel.parquet,A,1092,1092,1092,0.0,Not inferred from omitted rows; see DATA_AUDIT.md for denominator and selected matched coverage,42,33,Australia|Brazil|Canada|Chile|ChinaA|ChinaH|Denmark|France|Germany|Hong Kong|India|Indonesia|Italy|Japan|Korea|Malaysia|Mexico|NASDAQ|Netherlands|Philippines|Poland|Saudi Arabia|Singapore|South Africa|Spain|Sweden|Switzerland|Thailand|Turkey|U.K.|U.S.|US SmallCap|Vietnam,2000-12-01,2025-12-01,Higher = stronger growth,unknown,"Keep level and one predeclared change separate; trailing/fold-local scale; sign into state, not assumed return direction.",Not established from current rows,Latest values may overwrite history,Rebuild raw-source transforms with cutoff and original missingness; do not admit normalized aliases automatically.,QUARANTINE_LATEST_VINTAGE,False,Reference-period latest histories; publication lag cannot undo revisions. Existing archives would need independent vintage evidence.
15,Institutional structural capacity,WB_OldAge_Dependency,worldbank,external_factors,warehouse,Data/processed/external_factors_panel.parquet,A,1092,1092,1092,0.0,Not inferred from omitted rows; see DATA_AUDIT.md for denominator and selected matched coverage,42,33,Australia|Brazil|Canada|Chile|ChinaA|ChinaH|Denmark|France|Germany|Hong Kong|India|Indonesia|Italy|Japan|Korea|Malaysia|Mexico|NASDAQ|Netherlands|Philippines|Poland|Saudi Arabia|Singapore|South Africa|Spain|Sweden|Switzerland|Thailand|Turkey|U.K.|U.S.|US SmallCap|Vietnam,2000-12-01,2025-12-01,Higher = more resilience/capacity after component-specific orientation,lower_is_better,"Keep level and one predeclared change separate; trailing/fold-local scale; sign into state, not assumed return direction.",Not established from current rows,Latest values may overwrite history,Rebuild raw-source transforms with cutoff and original missingness; do not admit normalized aliases automatically.,QUARANTINE_LATEST_VINTAGE,False,Reference-period latest histories; publication lag cannot undo revisions. Existing archives would need independent vintage evidence.
6,External vulnerability,WB_FX_Reserves,worldbank,external_factors,warehouse,Data/processed/external_factors_panel.parquet,A,1088,1088,1088,0.0,Not inferred from omitted rows; see DATA_AUDIT.md for denominator and selected matched coverage,42,33,Australia|Brazil|Canada|Chile|ChinaA|ChinaH|Denmark|France|Germany|Hong Kong|India|Indonesia|Italy|Japan|Korea|Malaysia|Mexico|NASDAQ|Netherlands|Philippines|Poland|Saudi Arabia|Singapore|South Africa|Spain|Sweden|Switzerland|Thailand|Turkey|U.K.|U.S.|US SmallCap|Vietnam,2000-12-01,2025-12-01,Higher = more vulnerability after component-specific orientation,unknown,"Keep level and one predeclared change separate; trailing/fold-local scale; sign into state, not assumed return direction.",Not established from current rows,Latest values may overwrite history,Rebuild raw-source transforms with cutoff and original missingness; do not admit normalized aliases automatically.,QUARANTINE_LATEST_VINTAGE,False,Reference-period latest histories; publication lag cannot undo revisions. Existing archives would need independent vintage evidence.
15,Institutional structural capacity,WB_Govt_Effectiveness,worldbank,external_factors,warehouse,Data/processed/external_factors_panel.parquet,A,1008,1008,1008,0.0,Not inferred from omitted rows; see DATA_AUDIT.md for denominator and selected matched coverage,42,33,Australia|Brazil|Canada|Chile|ChinaA|ChinaH|Denmark|France|Germany|Hong Kong|India|Indonesia|Italy|Japan|Korea|Malaysia|Mexico|NASDAQ|Netherlands|Philippines|Poland|Saudi Arabia|Singapore|South Africa|Spain|Sweden|Switzerland|Thailand|Turkey|U.K.|U.S.|US SmallCap|Vietnam,2000-12-01,2024-12-01,Higher = more resilience/capacity after component-specific orientation,unknown,"Keep level and one predeclared change separate; trailing/fold-local scale; sign into state, not assumed return direction.",Not established from current rows,Latest values may overwrite history,Rebuild raw-source transforms with cutoff and original missingness; do not admit normalized aliases automatically.,QUARANTINE_LATEST_VINTAGE,False,Reference-period latest histories; publication lag cannot undo revisions. Existing archives would need independent vintage evidence.
6,External vulnerability,IMF_BOP_Direct_Investment_Net,imf_bop,imf_factors,warehouse,Data/processed/imf_factors_panel.parquet,A,840,840,840,0.0,Not inferred from omitted rows; see DATA_AUDIT.md for denominator and selected matched coverage,42,33,Australia|Brazil|Canada|Chile|ChinaA|ChinaH|Denmark|France|Germany|Hong Kong|India|Indonesia|Italy|Japan|Korea|Malaysia|Mexico|NASDAQ|Netherlands|Philippines|Poland|Saudi Arabia|Singapore|South Africa|Spain|Sweden|Switzerland|Thailand|Turkey|U.K.|U.S.|US SmallCap|Vietnam,2005-12-01,2024-12-01,Higher = more vulnerability after component-specific orientation,unknown,"Keep level and one predeclared change separate; trailing/fold-local scale; sign into state, not assumed return direction.",Not established from current rows,Latest values may overwrite history,Rebuild raw-source transforms with cutoff and original missingness; do not admit normalized aliases automatically.,QUARANTINE_LATEST_VINTAGE,False,Reference-period latest histories; publication lag cannot undo revisions. Existing archives would need independent vintage evidence.
4,Inflation regime,IMF_CPI_Index,imf_cpi,imf_factors,warehouse,Data/processed/imf_factors_panel.parquet,M,12360,12360,12360,0.0,Not inferred from omitted rows; see DATA_AUDIT.md for denominator and selected matched coverage,41,33,Australia|Brazil|Canada|Chile|ChinaA|ChinaH|Denmark|France|Germany|Hong Kong|India|Indonesia|Italy|Japan|Korea|Malaysia|Mexico|NASDAQ|Netherlands|Philippines|Poland|Saudi Arabia|Singapore|South Africa|Spain|Sweden|Switzerland|Thailand|Turkey|U.K.|U.S.|US SmallCap|Vietnam,2000-01-01,2026-07-01,Higher = higher inflation pressure,unknown,"Keep level and one predeclared change separate; trailing/fold-local scale; sign into state, not assumed return direction.",Not established from current rows,Latest values may overwrite history,Rebuild raw-source transforms with cutoff and original missingness; do not admit normalized aliases automatically.,QUARANTINE_LATEST_VINTAGE,False,Reference-period latest histories; publication lag cannot undo revisions. Existing archives would need independent vintage evidence.
6,External vulnerability,IMF_XRate_LCU_per_USD,imf_er,imf_factors,warehouse,Data/processed/imf_factors_panel.parquet,M,10175,10175,10175,0.0,Not inferred from omitted rows; see DATA_AUDIT.md for denominator and selected matched coverage,33,29,Australia|Brazil|Canada|Chile|ChinaA|ChinaH|Denmark|Hong Kong|India|Indonesia|Japan|Korea|Malaysia|Mexico|NASDAQ|Philippines|Poland|Saudi Arabia|Singapore|South Africa|Sweden|Switzerland|Taiwan|Thailand|Turkey|U.K.|U.S.|US SmallCap|Vietnam,2000-01-01,2026-07-01,Higher = more vulnerability after component-specific orientation,unknown,"Keep level and one predeclared change separate; trailing/fold-local scale; sign into state, not assumed return direction.",Not established from current rows,Latest values may overwrite history,Rebuild raw-source transforms with cutoff and original missingness; do not admit normalized aliases automatically.,QUARANTINE_LATEST_VINTAGE,False,Reference-period latest histories; publication lag cannot undo revisions. Existing archives would need independent vintage evidence.
1,Growth cycle,IMF_Imports_USD,imf_itg,imf_factors,warehouse,Data/processed/imf_factors_panel.parquet,M,9196,9196,9196,0.0,Not inferred from omitted rows; see DATA_AUDIT.md for denominator and selected matched coverage,38,31,Australia|Brazil|Canada|Chile|ChinaA|ChinaH|Denmark|France|Germany|Hong Kong|India|Indonesia|Italy|Japan|Korea|Malaysia|Mexico|NASDAQ|Netherlands|Poland|Saudi Arabia|Singapore|Spain|Switzerland|Taiwan|Thailand|Turkey|U.K.|U.S.|US SmallCap|Vietnam,2005-01-01,2026-05-01,Higher = stronger growth,unknown,"Keep level and one predeclared change separate; trailing/fold-local scale; sign into state, not assumed return direction.",Not established from current rows,Latest values may overwrite history,Rebuild raw-source transforms with cutoff and original missingness; do not admit normalized aliases automatically.,QUARANTINE_LATEST_VINTAGE,False,Reference-period latest histories; publication lag cannot undo revisions. Existing archives would need independent vintage evidence.
1,Growth cycle,IMF_Trade_Balance_USD,imf_itg,imf_factors,warehouse,Data/processed/imf_factors_panel.parquet,M,9196,9196,9196,0.0,Not inferred from omitted rows; see DATA_AUDIT.md for denominator and selected matched coverage,38,31,Australia|Brazil|Canada|Chile|ChinaA|ChinaH|Denmark|France|Germany|Hong Kong|India|Indonesia|Italy|Japan|Korea|Malaysia|Mexico|NASDAQ|Netherlands|Poland|Saudi Arabia|Singapore|Spain|Switzerland|Taiwan|Thailand|Turkey|U.K.|U.S.|US SmallCap|Vietnam,2005-01-01,2026-05-01,Higher = stronger growth,unknown,"Keep level and one predeclared change separate; trailing/fold-local scale; sign into state, not assumed return direction.",Not established from current rows,Latest values may overwrite history,Rebuild raw-source transforms with cutoff and original missingness; do not admit normalized aliases automatically.,QUARANTINE_LATEST_VINTAGE,False,Reference-period latest histories; publication lag cannot undo revisions. Existing archives would need independent vintage evidence.
6,External vulnerability,IMF_WEO_CA_GDP,imf_weo,imf_factors,warehouse,Data/processed/imf_factors_panel.parquet,A,2186,2186,2186,0.0,Not inferred from omitted rows; see DATA_AUDIT.md for denominator and selected matched coverage,43,34,Australia|Brazil|Canada|Chile|ChinaA|ChinaH|Denmark|France|Germany|Hong Kong|India|Indonesia|Italy|Japan|Korea|Malaysia|Mexico|NASDAQ|Netherlands|Philippines|Poland|Saudi Arabia|Singapore|South Africa|Spain|Sweden|Switzerland|Taiwan|Thailand|Turkey|U.K.|U.S.|US SmallCap|Vietnam,1980-12-01,2031-12-01,Higher = more vulnerability after component-specific orientation,unknown,"Keep level and one predeclared change separate; trailing/fold-local scale; sign into state, not assumed return direction.",Not established from current rows,Latest values may overwrite history,Rebuild raw-source transforms with cutoff and original missingness; do not admit normalized aliases automatically.,QUARANTINE_LATEST_VINTAGE,False,Reference-period latest histories; publication lag cannot undo revisions. Existing archives would need independent vintage evidence.
7,Sovereign fiscal stress,IMF_WEO_Debt_GDP,imf_weo,imf_factors,warehouse,Data/processed/imf_factors_panel.parquet,A,1761,1761,1761,0.0,Not inferred from omitted rows; see DATA_AUDIT.md for denominator and selected matched coverage,43,34,Australia|Brazil|Canada|Chile|ChinaA|ChinaH|Denmark|France|Germany|Hong Kong|India|Indonesia|Italy|Japan|Korea|Malaysia|Mexico|NASDAQ|Netherlands|Philippines|Poland|Saudi Arabia|Singapore|South Africa|Spain|Sweden|Switzerland|Taiwan|Thailand|Turkey|U.K.|U.S.|US SmallCap|Vietnam,1980-12-01,2031-12-01,Higher = more sovereign stress after component-specific orientation,lower_is_better,"Keep level and one predeclared change separate; trailing/fold-local scale; sign into state, not assumed return direction.",Not established from current rows,Latest values may overwrite history,Rebuild raw-source transforms with cutoff and original missingness; do not admit normalized aliases automatically.,QUARANTINE_LATEST_VINTAGE,False,Reference-period latest histories; publication lag cannot undo revisions. Existing archives would need independent vintage evidence.
15,Institutional structural capacity,IMF_WEO_Population,imf_weo,imf_factors,warehouse,Data/processed/imf_factors_panel.parquet,A,2227,2227,2227,0.0,Not inferred from omitted rows; see DATA_AUDIT.md for denominator and selected matched coverage,43,34,Australia|Brazil|Canada|Chile|ChinaA|ChinaH|Denmark|France|Germany|Hong Kong|India|Indonesia|Italy|Japan|Korea|Malaysia|Mexico|NASDAQ|Netherlands|Philippines|Poland|Saudi Arabia|Singapore|South Africa|Spain|Sweden|Switzerland|Taiwan|Thailand|Turkey|U.K.|U.S.|US SmallCap|Vietnam,1980-12-01,2031-12-01,Higher = more resilience/capacity after component-specific orientation,unknown,"Keep level and one predeclared change separate; trailing/fold-local scale; sign into state, not assumed return direction.",Not established from current rows,Latest values may overwrite history,Rebuild raw-source transforms with cutoff and original missingness; do not admit normalized aliases automatically.,QUARANTINE_LATEST_VINTAGE,False,Reference-period latest histories; publication lag cannot undo revisions. Existing archives would need independent vintage evidence.
4,Inflation regime,IMF_WEO_Inflation,imf_weo,imf_factors,warehouse,Data/processed/imf_factors_panel.parquet,A,2220,2220,2220,0.0,Not inferred from omitted rows; see DATA_AUDIT.md for denominator and selected matched coverage,43,34,Australia|Brazil|Canada|Chile|ChinaA|ChinaH|Denmark|France|Germany|Hong Kong|India|Indonesia|Italy|Japan|Korea|Malaysia|Mexico|NASDAQ|Netherlands|Philippines|Poland|Saudi Arabia|Singapore|South Africa|Spain|Sweden|Switzerland|Taiwan|Thailand|Turkey|U.K.|U.S.|US SmallCap|Vietnam,1980-12-01,2031-12-01,Higher = higher inflation pressure,unknown,"Keep level and one predeclared change separate; trailing/fold-local scale; sign into state, not assumed return direction.",Not established from current rows,Latest values may overwrite history,Rebuild raw-source transforms with cutoff and original missingness; do not admit normalized aliases automatically.,QUARANTINE_LATEST_VINTAGE,False,Reference-period latest histories; publication lag cannot undo revisions. Existing archives would need independent vintage evidence.
6,External vulnerability,IMF_BOP_Financial_Account_Bal,imf_bop,imf_factors,warehouse,Data/processed/imf_factors_panel.parquet,A,852,852,852,0.0,Not inferred from omitted rows; see DATA_AUDIT.md for denominator and selected matched coverage,43,34,Australia|Brazil|Canada|Chile|ChinaA|ChinaH|Denmark|France|Germany|Hong Kong|India|Indonesia|Italy|Japan|Korea|Malaysia|Mexico|NASDAQ|Netherlands|Philippines|Poland|Saudi Arabia|Singapore|South Africa|Spain|Sweden|Switzerland|Taiwan|Thailand|Turkey|U.K.|U.S.|US SmallCap|Vietnam,2005-12-01,2024-12-01,Higher = more vulnerability after component-specific orientation,unknown,"Keep level and one predeclared change separate; trailing/fold-local scale; sign into state, not assumed return direction.",Not established from current rows,Latest values may overwrite history,Rebuild raw-source transforms with cutoff and original missingness; do not admit normalized aliases automatically.,QUARANTINE_LATEST_VINTAGE,False,Reference-period latest histories; publication lag cannot undo revisions. Existing archives would need independent vintage evidence.
1,Growth cycle,IMF_Imports_YoY,imf_itg,imf_factors,warehouse,Data/processed/imf_factors_panel.parquet,M,2203,2203,2203,0.0,Not inferred from omitted rows; see DATA_AUDIT.md for denominator and selected matched coverage,23,19,Brazil|Canada|Chile|ChinaA|ChinaH|France|Germany|India|Japan|Malaysia|NASDAQ|Poland|Singapore|Switzerland|Thailand|Turkey|U.S.|US SmallCap|Vietnam,2000-01-01,2024-04-01,Higher = stronger growth,unknown,"Keep level and one predeclared change separate; trailing/fold-local scale; sign into state, not assumed return direction.",Not established from current rows,Latest values may overwrite history,Rebuild raw-source transforms with cutoff and original missingness; do not admit normalized aliases automatically.,QUARANTINE_LATEST_VINTAGE,False,Reference-period latest histories; publication lag cannot undo revisions. Existing archives would need independent vintage evidence.
7,Sovereign fiscal stress,IMF_Govt_Bond_Yield,imf_mfs_ir,imf_factors,warehouse,Data/processed/imf_factors_panel.parquet,M,7258,7258,7258,0.0,Not inferred from omitted rows; see DATA_AUDIT.md for denominator and selected matched coverage,29,20,Australia|Canada|Denmark|France|Germany|Italy|Japan|Korea|Malaysia|Mexico|NASDAQ|Netherlands|Philippines|Poland|South Africa|Spain|Sweden|Thailand|U.S.|US SmallCap,2000-01-01,2026-06-01,Higher = more sovereign stress after component-specific orientation,unknown,"Keep level and one predeclared change separate; trailing/fold-local scale; sign into state, not assumed return direction.",Not established from current rows,Latest values may overwrite history,Rebuild raw-source transforms with cutoff and original missingness; do not admit normalized aliases automatically.,QUARANTINE_LATEST_VINTAGE,False,Reference-period latest histories; publication lag cannot undo revisions. Existing archives would need independent vintage evidence.
2,Monetary policy impulse,IMF_Money_Market_Rate,imf_mfs_ir,imf_factors,warehouse,Data/processed/imf_factors_panel.parquet,M,7028,7028,7028,0.0,Not inferred from omitted rows; see DATA_AUDIT.md for denominator and selected matched coverage,26,21,Australia|Brazil|Canada|Chile|Denmark|Hong Kong|Indonesia|Italy|Japan|Korea|Malaysia|Mexico|NASDAQ|Philippines|Poland|South Africa|Spain|Sweden|Thailand|U.S.|US SmallCap,2000-01-01,2026-06-01,Higher = tighter nominal policy for levels; easing impulse defined as negative change,lower_is_better,"Keep level and one predeclared change separate; trailing/fold-local scale; sign into state, not assumed return direction.",Not established from current rows,Latest values may overwrite history,Rebuild raw-source transforms with cutoff and original missingness; do not admit normalized aliases automatically.,QUARANTINE_LATEST_VINTAGE,False,Reference-period latest histories; publication lag cannot undo revisions. Existing archives would need independent vintage evidence.
3,Real monetary tightness,IMF_Money_Market_Rate,imf_mfs_ir,imf_factors,warehouse,Data/processed/imf_factors_panel.parquet,M,7028,7028,7028,0.0,Not inferred from omitted rows; see DATA_AUDIT.md for denominator and selected matched coverage,26,21,Australia|Brazil|Canada|Chile|Denmark|Hong Kong|Indonesia|Italy|Japan|Korea|Malaysia|Mexico|NASDAQ|Philippines|Poland|South Africa|Spain|Sweden|Thailand|U.S.|US SmallCap,2000-01-01,2026-06-01,Higher = tighter real policy,lower_is_better,"Keep level and one predeclared change separate; trailing/fold-local scale; sign into state, not assumed return direction.",Not established from current rows,Latest values may overwrite history,Rebuild raw-source transforms with cutoff and original missingness; do not admit normalized aliases automatically.,QUARANTINE_LATEST_VINTAGE,False,Reference-period latest histories; publication lag cannot undo revisions. Existing archives would need independent vintage evidence.
1,Growth cycle,IMF_Exports_YoY,imf_itg,imf_factors,warehouse,Data/processed/imf_factors_panel.parquet,M,2273,2273,2273,0.0,Not inferred from omitted rows; see DATA_AUDIT.md for denominator and selected matched coverage,24,20,Brazil|Canada|Chile|ChinaA|ChinaH|France|Germany|India|Japan|Malaysia|NASDAQ|Poland|Singapore|South Africa|Switzerland|Thailand|Turkey|U.S.|US SmallCap|Vietnam,2000-01-01,2024-04-01,Higher = stronger growth,unknown,"Keep level and one predeclared change separate; trailing/fold-local scale; sign into state, not assumed return direction.",Not established from current rows,Latest values may overwrite history,Rebuild raw-source transforms with cutoff and original missingness; do not admit normalized aliases automatically.,QUARANTINE_LATEST_VINTAGE,False,Reference-period latest histories; publication lag cannot undo revisions. Existing archives would need independent vintage evidence.
1,Growth cycle,IMF_Exports_USD,imf_itg,imf_factors,warehouse,Data/processed/imf_factors_panel.parquet,M,9684,9684,9684,0.0,Not inferred from omitted rows; see DATA_AUDIT.md for denominator and selected matched coverage,40,32,Australia|Brazil|Canada|Chile|ChinaA|ChinaH|Denmark|France|Germany|Hong Kong|India|Indonesia|Italy|Japan|Korea|Malaysia|Mexico|NASDAQ|Netherlands|Poland|Saudi Arabia|Singapore|South Africa|Spain|Switzerland|Taiwan|Thailand|Turkey|U.K.|U.S.|US SmallCap|Vietnam,2005-01-01,2026-05-01,Higher = stronger growth,unknown,"Keep level and one predeclared change separate; trailing/fold-local scale; sign into state, not assumed return direction.",Not established from current rows,Latest values may overwrite history,Rebuild raw-source transforms with cutoff and original missingness; do not admit normalized aliases automatically.,QUARANTINE_LATEST_VINTAGE,False,Reference-period latest histories; publication lag cannot undo revisions. Existing archives would need independent vintage evidence.
2,Monetary policy impulse,IMF_TBill_Rate,imf_mfs_ir,imf_factors,warehouse,Data/processed/imf_factors_panel.parquet,M,5095,5095,5095,0.0,Not inferred from omitted rows; see DATA_AUDIT.md for denominator and selected matched coverage,20,17,Australia|Brazil|Canada|Hong Kong|Italy|Japan|Malaysia|Mexico|NASDAQ|Philippines|Poland|South Africa|Spain|Sweden|Thailand|U.S.|US SmallCap,2000-01-01,2026-06-01,Higher = tighter nominal policy for levels; easing impulse defined as negative change,unknown,"Keep level and one predeclared change separate; trailing/fold-local scale; sign into state, not assumed return direction.",Not established from current rows,Latest values may overwrite history,Rebuild raw-source transforms with cutoff and original missingness; do not admit normalized aliases automatically.,QUARANTINE_LATEST_VINTAGE,False,Reference-period latest histories; publication lag cannot undo revisions. Existing archives would need independent vintage evidence.
3,Real monetary tightness,IMF_TBill_Rate,imf_mfs_ir,imf_factors,warehouse,Data/processed/imf_factors_panel.parquet,M,5095,5095,5095,0.0,Not inferred from omitted rows; see DATA_AUDIT.md for denominator and selected matched coverage,20,17,Australia|Brazil|Canada|Hong Kong|Italy|Japan|Malaysia|Mexico|NASDAQ|Philippines|Poland|South Africa|Spain|Sweden|Thailand|U.S.|US SmallCap,2000-01-01,2026-06-01,Higher = tighter real policy,unknown,"Keep level and one predeclared change separate; trailing/fold-local scale; sign into state, not assumed return direction.",Not established from current rows,Latest values may overwrite history,Rebuild raw-source transforms with cutoff and original missingness; do not admit normalized aliases automatically.,QUARANTINE_LATEST_VINTAGE,False,Reference-period latest histories; publication lag cannot undo revisions. Existing archives would need independent vintage evidence.
1,Growth cycle,IMF_Trade_Openness_USD,imf_itg,imf_factors,warehouse,Data/processed/imf_factors_panel.parquet,M,9196,9196,9196,0.0,Not inferred from omitted rows; see DATA_AUDIT.md for denominator and selected matched coverage,38,31,Australia|Brazil|Canada|Chile|ChinaA|ChinaH|Denmark|France|Germany|Hong Kong|India|Indonesia|Italy|Japan|Korea|Malaysia|Mexico|NASDAQ|Netherlands|Poland|Saudi Arabia|Singapore|Spain|Switzerland|Taiwan|Thailand|Turkey|U.K.|U.S.|US SmallCap|Vietnam,2005-01-01,2026-05-01,Higher = stronger growth,unknown,"Keep level and one predeclared change separate; trailing/fold-local scale; sign into state, not assumed return direction.",Not established from current rows,Latest values may overwrite history,Rebuild raw-source transforms with cutoff and original missingness; do not admit normalized aliases automatically.,QUARANTINE_LATEST_VINTAGE,False,Reference-period latest histories; publication lag cannot undo revisions. Existing archives would need independent vintage evidence.
1,Growth cycle,IMF_Employment_Index,imf_ls,imf_factors,warehouse,Data/processed/imf_factors_panel.parquet,M,3138,3138,3138,0.0,Not inferred from omitted rows; see DATA_AUDIT.md for denominator and selected matched coverage,12,11,Australia|Canada|Germany|Hong Kong|Japan|Korea|Malaysia|NASDAQ|Thailand|U.S.|US SmallCap,2000-01-01,2026-05-01,Higher = stronger growth,unknown,"Keep level and one predeclared change separate; trailing/fold-local scale; sign into state, not assumed return direction.",Not established from current rows,Latest values may overwrite history,Rebuild raw-source transforms with cutoff and original missingness; do not admit normalized aliases automatically.,QUARANTINE_LATEST_VINTAGE,False,Reference-period latest histories; publication lag cannot undo revisions. Existing archives would need independent vintage evidence.
1,Growth cycle,IMF_Export_Price_Index,imf_itg,imf_factors,warehouse,Data/processed/imf_factors_panel.parquet,M,3236,3236,3236,0.0,Not inferred from omitted rows; see DATA_AUDIT.md for denominator and selected matched coverage,14,13,Brazil|ChinaA|ChinaH|France|Germany|Japan|Korea|Mexico|NASDAQ|South Africa|Taiwan|U.S.|US SmallCap,2000-01-01,2025-12-01,Higher = stronger growth,unknown,"Keep level and one predeclared change separate; trailing/fold-local scale; sign into state, not assumed return direction.",Not established from current rows,Latest values may overwrite history,Rebuild raw-source transforms with cutoff and original missingness; do not admit normalized aliases automatically.,QUARANTINE_LATEST_VINTAGE,False,Reference-period latest histories; publication lag cannot undo revisions. Existing archives would need independent vintage evidence.
1,Growth cycle,IMF_WEO_GDP_Growth,imf_weo,imf_factors,warehouse,Data/processed/imf_factors_panel.parquet,A,2222,2222,2222,0.0,Not inferred from omitted rows; see DATA_AUDIT.md for denominator and selected matched coverage,43,34,Australia|Brazil|Canada|Chile|ChinaA|ChinaH|Denmark|France|Germany|Hong Kong|India|Indonesia|Italy|Japan|Korea|Malaysia|Mexico|NASDAQ|Netherlands|Philippines|Poland|Saudi Arabia|Singapore|South Africa|Spain|Sweden|Switzerland|Taiwan|Thailand|Turkey|U.K.|U.S.|US SmallCap|Vietnam,1980-12-01,2031-12-01,Higher = stronger growth,unknown,"Keep level and one predeclared change separate; trailing/fold-local scale; sign into state, not assumed return direction.",Not established from current rows,Latest values may overwrite history,Rebuild raw-source transforms with cutoff and original missingness; do not admit normalized aliases automatically.,QUARANTINE_LATEST_VINTAGE,False,Reference-period latest histories; publication lag cannot undo revisions. Existing archives would need independent vintage evidence.
2,Monetary policy impulse,IMF_Discount_Rate,imf_mfs_ir,imf_factors,warehouse,Data/processed/imf_factors_panel.parquet,M,2683,2683,2683,0.0,Not inferred from omitted rows; see DATA_AUDIT.md for denominator and selected matched coverage,10,10,Brazil|Chile|Japan|Korea|NASDAQ|Philippines|Thailand|Turkey|U.S.|US SmallCap,2000-01-01,2026-06-01,Higher = tighter nominal policy for levels; easing impulse defined as negative change,unknown,"Keep level and one predeclared change separate; trailing/fold-local scale; sign into state, not assumed return direction.",Not established from current rows,Latest values may overwrite history,Rebuild raw-source transforms with cutoff and original missingness; do not admit normalized aliases automatically.,QUARANTINE_LATEST_VINTAGE,False,Reference-period latest histories; publication lag cannot undo revisions. Existing archives would need independent vintage evidence.
3,Real monetary tightness,IMF_Discount_Rate,imf_mfs_ir,imf_factors,warehouse,Data/processed/imf_factors_panel.parquet,M,2683,2683,2683,0.0,Not inferred from omitted rows; see DATA_AUDIT.md for denominator and selected matched coverage,10,10,Brazil|Chile|Japan|Korea|NASDAQ|Philippines|Thailand|Turkey|U.S.|US SmallCap,2000-01-01,2026-06-01,Higher = tighter real policy,unknown,"Keep level and one predeclared change separate; trailing/fold-local scale; sign into state, not assumed return direction.",Not established from current rows,Latest values may overwrite history,Rebuild raw-source transforms with cutoff and original missingness; do not admit normalized aliases automatically.,QUARANTINE_LATEST_VINTAGE,False,Reference-period latest histories; publication lag cannot undo revisions. Existing archives would need independent vintage evidence.
1,Growth cycle,IMF_WEO_Unemployment,imf_weo,imf_factors,warehouse,Data/processed/imf_factors_panel.parquet,A,2026,2026,2026,0.0,Not inferred from omitted rows; see DATA_AUDIT.md for denominator and selected matched coverage,43,34,Australia|Brazil|Canada|Chile|ChinaA|ChinaH|Denmark|France|Germany|Hong Kong|India|Indonesia|Italy|Japan|Korea|Malaysia|Mexico|NASDAQ|Netherlands|Philippines|Poland|Saudi Arabia|Singapore|South Africa|Spain|Sweden|Switzerland|Taiwan|Thailand|Turkey|U.K.|U.S.|US SmallCap|Vietnam,1980-12-01,2031-12-01,Higher = stronger growth,lower_is_better,"Keep level and one predeclared change separate; trailing/fold-local scale; sign into state, not assumed return direction.",Not established from current rows,Latest values may overwrite history,Rebuild raw-source transforms with cutoff and original missingness; do not admit normalized aliases automatically.,QUARANTINE_LATEST_VINTAGE,False,Reference-period latest histories; publication lag cannot undo revisions. Existing archives would need independent vintage evidence.
6,External vulnerability,IMF_BOP_Portfolio_Investment_Net,imf_bop,imf_factors,warehouse,Data/processed/imf_factors_panel.parquet,A,840,840,840,0.0,Not inferred from omitted rows; see DATA_AUDIT.md for denominator and selected matched coverage,42,33,Australia|Brazil|Canada|Chile|ChinaA|ChinaH|Denmark|France|Germany|Hong Kong|India|Indonesia|Italy|Japan|Korea|Malaysia|Mexico|NASDAQ|Netherlands|Philippines|Poland|Saudi Arabia|Singapore|South Africa|Spain|Sweden|Switzerland|Thailand|Turkey|U.K.|U.S.|US SmallCap|Vietnam,2005-12-01,2024-12-01,Higher = more vulnerability after component-specific orientation,unknown,"Keep level and one predeclared change separate; trailing/fold-local scale; sign into state, not assumed return direction.",Not established from current rows,Latest values may overwrite history,Rebuild raw-source transforms with cutoff and original missingness; do not admit normalized aliases automatically.,QUARANTINE_LATEST_VINTAGE,False,Reference-period latest histories; publication lag cannot undo revisions. Existing archives would need independent vintage evidence.
6,External vulnerability,IMF_BOP_Current_Account,imf_bop,imf_factors,warehouse,Data/processed/imf_factors_panel.parquet,A,855,855,855,0.0,Not inferred from omitted rows; see DATA_AUDIT.md for denominator and selected matched coverage,43,34,Australia|Brazil|Canada|Chile|ChinaA|ChinaH|Denmark|France|Germany|Hong Kong|India|Indonesia|Italy|Japan|Korea|Malaysia|Mexico|NASDAQ|Netherlands|Philippines|Poland|Saudi Arabia|Singapore|South Africa|Spain|Sweden|Switzerland|Taiwan|Thailand|Turkey|U.K.|U.S.|US SmallCap|Vietnam,2005-12-01,2024-12-01,Higher = more vulnerability after component-specific orientation,unknown,"Keep level and one predeclared change separate; trailing/fold-local scale; sign into state, not assumed return direction.",Not established from current rows,Latest values may overwrite history,Rebuild raw-source transforms with cutoff and original missingness; do not admit normalized aliases automatically.,QUARANTINE_LATEST_VINTAGE,False,Reference-period latest histories; publication lag cannot undo revisions. Existing archives would need independent vintage evidence.
4,Inflation regime,IMF_CPI_Inflation_YoY,imf_cpi,imf_factors,warehouse,Data/processed/imf_factors_panel.parquet,M,11868,11868,11868,0.0,Not inferred from omitted rows; see DATA_AUDIT.md for denominator and selected matched coverage,41,33,Australia|Brazil|Canada|Chile|ChinaA|ChinaH|Denmark|France|Germany|Hong Kong|India|Indonesia|Italy|Japan|Korea|Malaysia|Mexico|NASDAQ|Netherlands|Philippines|Poland|Saudi Arabia|Singapore|South Africa|Spain|Sweden|Switzerland|Thailand|Turkey|U.K.|U.S.|US SmallCap|Vietnam,2001-01-01,2026-07-01,Higher = higher inflation pressure,unknown,"Keep level and one predeclared change separate; trailing/fold-local scale; sign into state, not assumed return direction.",Not established from current rows,Latest values may overwrite history,Rebuild raw-source transforms with cutoff and original missingness; do not admit normalized aliases automatically.,QUARANTINE_LATEST_VINTAGE,False,Reference-period latest histories; publication lag cannot undo revisions. Existing archives would need independent vintage evidence.
4,Inflation regime,IMF_Import_Price_Index,imf_itg,imf_factors,warehouse,Data/processed/imf_factors_panel.parquet,M,4856,4856,4856,0.0,Not inferred from omitted rows; see DATA_AUDIT.md for denominator and selected matched coverage,19,17,Brazil|ChinaA|ChinaH|Denmark|France|Germany|Japan|Korea|Mexico|NASDAQ|Netherlands|South Africa|Spain|Switzerland|Taiwan|U.S.|US SmallCap,2000-01-01,2026-04-01,Higher = higher inflation pressure,unknown,"Keep level and one predeclared change separate; trailing/fold-local scale; sign into state, not assumed return direction.",Not established from current rows,Latest values may overwrite history,Rebuild raw-source transforms with cutoff and original missingness; do not admit normalized aliases automatically.,QUARANTINE_LATEST_VINTAGE,False,Reference-period latest histories; publication lag cannot undo revisions. Existing archives would need independent vintage evidence.
8,Banking fragility,MS_NPL_Ratio,imf_fsi,macrostructure_factors,warehouse,Data/processed/macrostructure_panel.parquet,Q,2591,2591,2591,0.0,Not inferred from omitted rows; see DATA_AUDIT.md for denominator and selected matched coverage,41,33,Australia|Brazil|Canada|Chile|ChinaA|ChinaH|Denmark|France|Germany|Hong Kong|India|Indonesia|Italy|Japan|Korea|Malaysia|Mexico|NASDAQ|Netherlands|Philippines|Poland|Saudi Arabia|Singapore|South Africa|Spain|Sweden|Switzerland|Thailand|Turkey|U.K.|U.S.|US SmallCap|Vietnam,2001-03-01,2026-03-01,Higher = more bank fragility after component-specific orientation,lower_is_better,"Keep level and one predeclared change separate; trailing/fold-local scale; sign into state, not assumed return direction.",Not established from current rows,Latest values may overwrite history,Rebuild raw-source transforms with cutoff and original missingness; do not admit normalized aliases automatically.,QUARANTINE_LATEST_VINTAGE,False,Reference-period latest histories; publication lag cannot undo revisions. Existing archives would need independent vintage evidence.
8,Banking fragility,MS_Bank_Liquidity_Coverage_Ratio,imf_fsi,macrostructure_factors,warehouse,Data/processed/macrostructure_panel.parquet,Q,754,754,754,0.0,Not inferred from omitted rows; see DATA_AUDIT.md for denominator and selected matched coverage,31,23,Brazil|Chile|ChinaA|ChinaH|Denmark|France|Germany|Hong Kong|India|Indonesia|Italy|Korea|Malaysia|Netherlands|Philippines|Poland|Saudi Arabia|South Africa|Spain|Switzerland|Thailand|Turkey|U.K.,2015-03-01,2026-03-01,Higher = more bank fragility after component-specific orientation,unknown,"Keep level and one predeclared change separate; trailing/fold-local scale; sign into state, not assumed return direction.",Not established from current rows,Latest values may overwrite history,Rebuild raw-source transforms with cutoff and original missingness; do not admit normalized aliases automatically.,QUARANTINE_LATEST_VINTAGE,False,Reference-period latest histories; publication lag cannot undo revisions. Existing archives would need independent vintage evidence.
15,Institutional structural capacity,MS_Pension_Assets_GDP,oecd_institutional_investors,macrostructure_factors,warehouse,Data/processed/macrostructure_panel.parquet,Q,1647,1647,1647,0.0,Not inferred from omitted rows; see DATA_AUDIT.md for denominator and selected matched coverage,28,20,Australia|Canada|Chile|Denmark|France|Germany|Italy|Japan|Korea|Mexico|NASDAQ|Netherlands|Poland|Spain|Sweden|Switzerland|Turkey|U.K.|U.S.|US SmallCap,2010-03-01,2026-03-01,Higher = more resilience/capacity after component-specific orientation,unknown,"Keep level and one predeclared change separate; trailing/fold-local scale; sign into state, not assumed return direction.",Not established from current rows,Latest values may overwrite history,Rebuild raw-source transforms with cutoff and original missingness; do not admit normalized aliases automatically.,QUARANTINE_LATEST_VINTAGE,False,Reference-period latest histories; publication lag cannot undo revisions. Existing archives would need independent vintage evidence.
9,Policy backstop capacity,MS_Policy_Backstop,macrostructure_derived,macrostructure_factors,warehouse,Data/processed/macrostructure_panel.parquet,Q,13760,13760,13760,0.0,Not inferred from omitted rows; see DATA_AUDIT.md for denominator and selected matched coverage,43,34,Australia|Brazil|Canada|Chile|ChinaA|ChinaH|Denmark|France|Germany|Hong Kong|India|Indonesia|Italy|Japan|Korea|Malaysia|Mexico|NASDAQ|Netherlands|Philippines|Poland|Saudi Arabia|Singapore|South Africa|Spain|Sweden|Switzerland|Taiwan|Thailand|Turkey|U.K.|U.S.|US SmallCap|Vietnam,2000-01-01,2026-08-01,Higher = more backstop capacity,unknown,"Keep level and one predeclared change separate; trailing/fold-local scale; sign into state, not assumed return direction.",Not established from current rows,Latest values may overwrite history,Rebuild raw-source transforms with cutoff and original missingness; do not admit normalized aliases automatically.,QUARANTINE_LATEST_VINTAGE,False,Reference-period latest histories; publication lag cannot undo revisions. Existing archives would need independent vintage evidence.
9,Policy backstop capacity,MS_CentralBank_SovDebt_Share,macrostructure_derived,macrostructure_factors,warehouse,Data/processed/macrostructure_panel.parquet,Q,9656,9656,9656,0.0,Not inferred from omitted rows; see DATA_AUDIT.md for denominator and selected matched coverage,35,26,Australia|Brazil|Canada|Chile|Denmark|France|Germany|Hong Kong|India|Indonesia|Italy|Japan|Korea|Malaysia|Mexico|NASDAQ|Netherlands|Philippines|Poland|South Africa|Spain|Sweden|Thailand|Turkey|U.S.|US SmallCap,1997-12-01,2026-06-01,Higher = more backstop capacity,unknown,"Keep level and one predeclared change separate; trailing/fold-local scale; sign into state, not assumed return direction.",Not established from current rows,Latest values may overwrite history,Rebuild raw-source transforms with cutoff and original missingness; do not admit normalized aliases automatically.,QUARANTINE_LATEST_VINTAGE,False,Reference-period latest histories; publication lag cannot undo revisions. Existing archives would need independent vintage evidence.
6,External vulnerability,MS_Public_Debt_External_Creditors_Pct_GDP,qpsd,macrostructure_factors,warehouse,Data/processed/macrostructure_panel.parquet,Q,2469,2469,2469,0.0,Not inferred from omitted rows; see DATA_AUDIT.md for denominator and selected matched coverage,29,24,Australia|Brazil|Canada|Chile|ChinaA|ChinaH|Indonesia|Italy|Korea|Malaysia|Mexico|NASDAQ|Netherlands|Philippines|Saudi Arabia|South Africa|Spain|Sweden|Switzerland|Thailand|Turkey|U.K.|U.S.|US SmallCap,1995-03-01,2026-03-01,Higher = more vulnerability after component-specific orientation,unknown,"Keep level and one predeclared change separate; trailing/fold-local scale; sign into state, not assumed return direction.",Not established from current rows,Latest values may overwrite history,Rebuild raw-source transforms with cutoff and original missingness; do not admit normalized aliases automatically.,QUARANTINE_LATEST_VINTAGE,False,Reference-period latest histories; publication lag cannot undo revisions. Existing archives would need independent vintage evidence.
7,Sovereign fiscal stress,MS_Public_Debt_External_Creditors_Pct_GDP,qpsd,macrostructure_factors,warehouse,Data/processed/macrostructure_panel.parquet,Q,2469,2469,2469,0.0,Not inferred from omitted rows; see DATA_AUDIT.md for denominator and selected matched coverage,29,24,Australia|Brazil|Canada|Chile|ChinaA|ChinaH|Indonesia|Italy|Korea|Malaysia|Mexico|NASDAQ|Netherlands|Philippines|Saudi Arabia|South Africa|Spain|Sweden|Switzerland|Thailand|Turkey|U.K.|U.S.|US SmallCap,1995-03-01,2026-03-01,Higher = more sovereign stress after component-specific orientation,unknown,"Keep level and one predeclared change separate; trailing/fold-local scale; sign into state, not assumed return direction.",Not established from current rows,Latest values may overwrite history,Rebuild raw-source transforms with cutoff and original missingness; do not admit normalized aliases automatically.,QUARANTINE_LATEST_VINTAGE,False,Reference-period latest histories; publication lag cannot undo revisions. Existing archives would need independent vintage evidence.
8,Banking fragility,MS_Bank_Net_Stable_Funding_Ratio,imf_fsi,macrostructure_factors,warehouse,Data/processed/macrostructure_panel.parquet,Q,436,436,436,0.0,Not inferred from omitted rows; see DATA_AUDIT.md for denominator and selected matched coverage,25,17,Brazil|Denmark|France|Germany|Hong Kong|India|Indonesia|Italy|Korea|Malaysia|Netherlands|Philippines|Poland|Saudi Arabia|South Africa|Spain|Turkey,2018-03-01,2026-03-01,Higher = more bank fragility after component-specific orientation,unknown,"Keep level and one predeclared change separate; trailing/fold-local scale; sign into state, not assumed return direction.",Not established from current rows,Latest values may overwrite history,Rebuild raw-source transforms with cutoff and original missingness; do not admit normalized aliases automatically.,QUARANTINE_LATEST_VINTAGE,False,Reference-period latest histories; publication lag cannot undo revisions. Existing archives would need independent vintage evidence.
7,Sovereign fiscal stress,MS_Public_Debt_Short_Maturity_Pct,qpsd,macrostructure_factors,warehouse,Data/processed/macrostructure_panel.parquet,Q,3064,3064,3064,0.0,Not inferred from omitted rows; see DATA_AUDIT.md for denominator and selected matched coverage,36,27,Australia|Brazil|ChinaA|ChinaH|Denmark|France|Germany|Indonesia|Italy|Japan|Korea|Malaysia|Mexico|NASDAQ|Netherlands|Philippines|Poland|Saudi Arabia|South Africa|Spain|Sweden|Switzerland|Thailand|Turkey|U.K.|U.S.|US SmallCap,1995-03-01,2026-03-01,Higher = more sovereign stress after component-specific orientation,unknown,"Keep level and one predeclared change separate; trailing/fold-local scale; sign into state, not assumed return direction.",Not established from current rows,Latest values may overwrite history,Rebuild raw-source transforms with cutoff and original missingness; do not admit normalized aliases automatically.,QUARANTINE_LATEST_VINTAGE,False,Reference-period latest histories; publication lag cannot undo revisions. Existing archives would need independent vintage evidence.
9,Policy backstop capacity,MS_Public_Debt_Short_Maturity_Pct,qpsd,macrostructure_factors,warehouse,Data/processed/macrostructure_panel.parquet,Q,3064,3064,3064,0.0,Not inferred from omitted rows; see DATA_AUDIT.md for denominator and selected matched coverage,36,27,Australia|Brazil|ChinaA|ChinaH|Denmark|France|Germany|Indonesia|Italy|Japan|Korea|Malaysia|Mexico|NASDAQ|Netherlands|Philippines|Poland|Saudi Arabia|South Africa|Spain|Sweden|Switzerland|Thailand|Turkey|U.K.|U.S.|US SmallCap,1995-03-01,2026-03-01,Higher = more backstop capacity,unknown,"Keep level and one predeclared change separate; trailing/fold-local scale; sign into state, not assumed return direction.",Not established from current rows,Latest values may overwrite history,Rebuild raw-source transforms with cutoff and original missingness; do not admit normalized aliases automatically.,QUARANTINE_LATEST_VINTAGE,False,Reference-period latest histories; publication lag cannot undo revisions. Existing archives would need independent vintage evidence.
9,Policy backstop capacity,MS_CentralBank_BalanceSheet_GDP,imf_mfs_cbs,macrostructure_factors,warehouse,Data/processed/macrostructure_panel.parquet,M,6490,6490,6490,0.0,Not inferred from omitted rows; see DATA_AUDIT.md for denominator and selected matched coverage,24,21,Australia|Brazil|Canada|Chile|Denmark|Hong Kong|India|Indonesia|Japan|Korea|Malaysia|Mexico|NASDAQ|Philippines|Poland|South Africa|Sweden|Thailand|Turkey|U.S.|US SmallCap,1997-12-01,2026-06-01,Higher = more backstop capacity,unknown,"Keep level and one predeclared change separate; trailing/fold-local scale; sign into state, not assumed return direction.",Not established from current rows,Latest values may overwrite history,Rebuild raw-source transforms with cutoff and original missingness; do not admit normalized aliases automatically.,QUARANTINE_LATEST_VINTAGE,False,Reference-period latest histories; publication lag cannot undo revisions. Existing archives would need independent vintage evidence.
15,Institutional structural capacity,MS_Insurance_Assets_GDP,oecd_institutional_investors,macrostructure_factors,warehouse,Data/processed/macrostructure_panel.parquet,Q,1601,1601,1601,0.0,Not inferred from omitted rows; see DATA_AUDIT.md for denominator and selected matched coverage,28,20,Australia|Canada|Chile|Denmark|France|Germany|Italy|Japan|Korea|Mexico|NASDAQ|Netherlands|Poland|Spain|Sweden|Switzerland|Turkey|U.K.|U.S.|US SmallCap,2010-03-01,2026-03-01,Higher = more resilience/capacity after component-specific orientation,unknown,"Keep level and one predeclared change separate; trailing/fold-local scale; sign into state, not assumed return direction.",Not established from current rows,Latest values may overwrite history,Rebuild raw-source transforms with cutoff and original missingness; do not admit normalized aliases automatically.,QUARANTINE_LATEST_VINTAGE,False,Reference-period latest histories; publication lag cannot undo revisions. Existing archives would need independent vintage evidence.
9,Policy backstop capacity,MS_Reserve_Adequacy,macrostructure_derived,macrostructure_factors,warehouse,Data/processed/macrostructure_panel.parquet,Q,1068,1068,1068,0.0,Not inferred from omitted rows; see DATA_AUDIT.md for denominator and selected matched coverage,42,33,Australia|Brazil|Canada|Chile|ChinaA|ChinaH|Denmark|France|Germany|Hong Kong|India|Indonesia|Italy|Japan|Korea|Malaysia|Mexico|NASDAQ|Netherlands|Philippines|Poland|Saudi Arabia|Singapore|South Africa|Spain|Sweden|Switzerland|Thailand|Turkey|U.K.|U.S.|US SmallCap|Vietnam,2000-12-01,2025-12-01,Higher = more backstop capacity,unknown,"Keep level and one predeclared change separate; trailing/fold-local scale; sign into state, not assumed return direction.",Not established from current rows,Latest values may overwrite history,Rebuild raw-source transforms with cutoff and original missingness; do not admit normalized aliases automatically.,QUARANTINE_LATEST_VINTAGE,False,Reference-period latest histories; publication lag cannot undo revisions. Existing archives would need independent vintage evidence.
8,Banking fragility,MS_Bank_Liquidity_Ratio,imf_fsi,macrostructure_factors,warehouse,Data/processed/macrostructure_panel.parquet,Q,2303,2303,2303,0.0,Not inferred from omitted rows; see DATA_AUDIT.md for denominator and selected matched coverage,40,32,Australia|Brazil|Canada|Chile|ChinaA|ChinaH|Denmark|France|Germany|Hong Kong|India|Indonesia|Italy|Japan|Korea|Malaysia|Mexico|NASDAQ|Netherlands|Philippines|Poland|Saudi Arabia|Singapore|South Africa|Spain|Sweden|Switzerland|Thailand|Turkey|U.S.|US SmallCap|Vietnam,2001-03-01,2026-03-01,Higher = more bank fragility after component-specific orientation,unknown,"Keep level and one predeclared change separate; trailing/fold-local scale; sign into state, not assumed return direction.",Not established from current rows,Latest values may overwrite history,Rebuild raw-source transforms with cutoff and original missingness; do not admit normalized aliases automatically.,QUARANTINE_LATEST_VINTAGE,False,Reference-period latest histories; publication lag cannot undo revisions. Existing archives would need independent vintage evidence.
6,External vulnerability,MS_Public_Debt_Foreign_Held_Pct,qpsd,macrostructure_factors,warehouse,Data/processed/macrostructure_panel.parquet,Q,2444,2444,2444,0.0,Not inferred from omitted rows; see DATA_AUDIT.md for denominator and selected matched coverage,29,24,Australia|Brazil|Canada|Chile|ChinaA|ChinaH|Indonesia|Italy|Korea|Malaysia|Mexico|NASDAQ|Netherlands|Philippines|Saudi Arabia|South Africa|Spain|Sweden|Switzerland|Thailand|Turkey|U.K.|U.S.|US SmallCap,1995-03-01,2026-03-01,Higher = more vulnerability after component-specific orientation,lower_is_better,"Keep level and one predeclared change separate; trailing/fold-local scale; sign into state, not assumed return direction.",Not established from current rows,Latest values may overwrite history,Rebuild raw-source transforms with cutoff and original missingness; do not admit normalized aliases automatically.,QUARANTINE_LATEST_VINTAGE,False,Reference-period latest histories; publication lag cannot undo revisions. Existing archives would need independent vintage evidence.
7,Sovereign fiscal stress,MS_Public_Debt_Foreign_Held_Pct,qpsd,macrostructure_factors,warehouse,Data/processed/macrostructure_panel.parquet,Q,2444,2444,2444,0.0,Not inferred from omitted rows; see DATA_AUDIT.md for denominator and selected matched coverage,29,24,Australia|Brazil|Canada|Chile|ChinaA|ChinaH|Indonesia|Italy|Korea|Malaysia|Mexico|NASDAQ|Netherlands|Philippines|Saudi Arabia|South Africa|Spain|Sweden|Switzerland|Thailand|Turkey|U.K.|U.S.|US SmallCap,1995-03-01,2026-03-01,Higher = more sovereign stress after component-specific orientation,lower_is_better,"Keep level and one predeclared change separate; trailing/fold-local scale; sign into state, not assumed return direction.",Not established from current rows,Latest values may overwrite history,Rebuild raw-source transforms with cutoff and original missingness; do not admit normalized aliases automatically.,QUARANTINE_LATEST_VINTAGE,False,Reference-period latest histories; publication lag cannot undo revisions. Existing archives would need independent vintage evidence.
7,Sovereign fiscal stress,MS_Public_Debt_Local_Currency_Pct,qpsd,macrostructure_factors,warehouse,Data/processed/macrostructure_panel.parquet,Q,2375,2375,2375,0.0,Not inferred from omitted rows; see DATA_AUDIT.md for denominator and selected matched coverage,29,24,Australia|Brazil|Canada|Chile|ChinaA|ChinaH|Indonesia|Italy|Korea|Malaysia|Mexico|NASDAQ|Netherlands|Philippines|Saudi Arabia|South Africa|Spain|Sweden|Switzerland|Thailand|Turkey|U.K.|U.S.|US SmallCap,1995-03-01,2026-03-01,Higher = more sovereign stress after component-specific orientation,unknown,"Keep level and one predeclared change separate; trailing/fold-local scale; sign into state, not assumed return direction.",Not established from current rows,Latest values may overwrite history,Rebuild raw-source transforms with cutoff and original missingness; do not admit normalized aliases automatically.,QUARANTINE_LATEST_VINTAGE,False,Reference-period latest histories; publication lag cannot undo revisions. Existing archives would need independent vintage evidence.
9,Policy backstop capacity,MS_Public_Debt_Local_Currency_Pct,qpsd,macrostructure_factors,warehouse,Data/processed/macrostructure_panel.parquet,Q,2375,2375,2375,0.0,Not inferred from omitted rows; see DATA_AUDIT.md for denominator and selected matched coverage,29,24,Australia|Brazil|Canada|Chile|ChinaA|ChinaH|Indonesia|Italy|Korea|Malaysia|Mexico|NASDAQ|Netherlands|Philippines|Saudi Arabia|South Africa|Spain|Sweden|Switzerland|Thailand|Turkey|U.K.|U.S.|US SmallCap,1995-03-01,2026-03-01,Higher = more backstop capacity,unknown,"Keep level and one predeclared change separate; trailing/fold-local scale; sign into state, not assumed return direction.",Not established from current rows,Latest values may overwrite history,Rebuild raw-source transforms with cutoff and original missingness; do not admit normalized aliases automatically.,QUARANTINE_LATEST_VINTAGE,False,Reference-period latest histories; publication lag cannot undo revisions. Existing archives would need independent vintage evidence.
15,Institutional structural capacity,MS_US_Holder_Share_Pct,portfolio_ownership,macrostructure_factors,warehouse,Data/processed/macrostructure_panel.parquet,A,1075,1075,1075,0.0,Not inferred from omitted rows; see DATA_AUDIT.md for denominator and selected matched coverage,43,34,Australia|Brazil|Canada|Chile|ChinaA|ChinaH|Denmark|France|Germany|Hong Kong|India|Indonesia|Italy|Japan|Korea|Malaysia|Mexico|NASDAQ|Netherlands|Philippines|Poland|Saudi Arabia|Singapore|South Africa|Spain|Sweden|Switzerland|Taiwan|Thailand|Turkey|U.K.|U.S.|US SmallCap|Vietnam,1997-12-01,2024-12-01,Higher = more resilience/capacity after component-specific orientation,unknown,"Keep level and one predeclared change separate; trailing/fold-local scale; sign into state, not assumed return direction.",Not established from current rows,Latest values may overwrite history,Rebuild raw-source transforms with cutoff and original missingness; do not admit normalized aliases automatically.,QUARANTINE_LATEST_VINTAGE,False,Reference-period latest histories; publication lag cannot undo revisions. Existing archives would need independent vintage evidence.
9,Policy backstop capacity,MS_CentralBank_Claims_on_Government_Pct_GDP,imf_mfs_cbs,macrostructure_factors,warehouse,Data/processed/macrostructure_panel.parquet,M,9722,9722,9722,0.0,Not inferred from omitted rows; see DATA_AUDIT.md for denominator and selected matched coverage,35,26,Australia|Brazil|Canada|Chile|Denmark|France|Germany|Hong Kong|India|Indonesia|Italy|Japan|Korea|Malaysia|Mexico|NASDAQ|Netherlands|Philippines|Poland|South Africa|Spain|Sweden|Thailand|Turkey|U.S.|US SmallCap,1997-12-01,2026-06-01,Higher = more backstop capacity,unknown,"Keep level and one predeclared change separate; trailing/fold-local scale; sign into state, not assumed return direction.",Not established from current rows,Latest values may overwrite history,Rebuild raw-source transforms with cutoff and original missingness; do not admit normalized aliases automatically.,QUARANTINE_LATEST_VINTAGE,False,Reference-period latest histories; publication lag cannot undo revisions. Existing archives would need independent vintage evidence.
15,Institutional structural capacity,MS_Investor_Base_Fragility,macrostructure_derived,macrostructure_factors,warehouse,Data/processed/macrostructure_panel.parquet,Q,2700,2700,2700,0.0,Not inferred from omitted rows; see DATA_AUDIT.md for denominator and selected matched coverage,41,33,Australia|Brazil|Canada|Chile|ChinaA|ChinaH|Denmark|France|Germany|Hong Kong|India|Indonesia|Italy|Japan|Korea|Malaysia|Mexico|NASDAQ|Netherlands|Philippines|Poland|Saudi Arabia|Singapore|South Africa|Spain|Sweden|Switzerland|Thailand|Turkey|U.K.|U.S.|US SmallCap|Vietnam,2001-03-01,2026-03-01,Higher = more resilience/capacity after component-specific orientation,lower_is_better,"Keep level and one predeclared change separate; trailing/fold-local scale; sign into state, not assumed return direction.",Not established from current rows,Latest values may overwrite history,Rebuild raw-source transforms with cutoff and original missingness; do not admit normalized aliases automatically.,QUARANTINE_LATEST_VINTAGE,False,Reference-period latest histories; publication lag cannot undo revisions. Existing archives would need independent vintage evidence.
7,Sovereign fiscal stress,MS_Public_Debt_Total_Pct_GDP,qpsd,macrostructure_factors,warehouse,Data/processed/macrostructure_panel.parquet,Q,3464,3464,3464,0.0,Not inferred from omitted rows; see DATA_AUDIT.md for denominator and selected matched coverage,38,29,Australia|Brazil|Canada|Chile|ChinaA|ChinaH|Denmark|France|Germany|Indonesia|Italy|Japan|Korea|Malaysia|Mexico|NASDAQ|Netherlands|Philippines|Poland|Saudi Arabia|South Africa|Spain|Sweden|Switzerland|Thailand|Turkey|U.K.|U.S.|US SmallCap,1995-03-01,2026-03-01,Higher = more sovereign stress after component-specific orientation,lower_is_better,"Keep level and one predeclared change separate; trailing/fold-local scale; sign into state, not assumed return direction.",Not established from current rows,Latest values may overwrite history,Rebuild raw-source transforms with cutoff and original missingness; do not admit normalized aliases automatically.,QUARANTINE_LATEST_VINTAGE,False,Reference-period latest histories; publication lag cannot undo revisions. Existing archives would need independent vintage evidence.
9,Policy backstop capacity,MS_Public_Debt_Total_Pct_GDP,qpsd,macrostructure_factors,warehouse,Data/processed/macrostructure_panel.parquet,Q,3464,3464,3464,0.0,Not inferred from omitted rows; see DATA_AUDIT.md for denominator and selected matched coverage,38,29,Australia|Brazil|Canada|Chile|ChinaA|ChinaH|Denmark|France|Germany|Indonesia|Italy|Japan|Korea|Malaysia|Mexico|NASDAQ|Netherlands|Philippines|Poland|Saudi Arabia|South Africa|Spain|Sweden|Switzerland|Thailand|Turkey|U.K.|U.S.|US SmallCap,1995-03-01,2026-03-01,Higher = more backstop capacity,lower_is_better,"Keep level and one predeclared change separate; trailing/fold-local scale; sign into state, not assumed return direction.",Not established from current rows,Latest values may overwrite history,Rebuild raw-source transforms with cutoff and original missingness; do not admit normalized aliases automatically.,QUARANTINE_LATEST_VINTAGE,False,Reference-period latest histories; publication lag cannot undo revisions. Existing archives would need independent vintage evidence.
9,Policy backstop capacity,MS_Swap_Line_Access,macrostructure_derived,macrostructure_factors,warehouse,Data/processed/macrostructure_panel.parquet,Q,13760,13760,13760,0.0,Not inferred from omitted rows; see DATA_AUDIT.md for denominator and selected matched coverage,43,34,Australia|Brazil|Canada|Chile|ChinaA|ChinaH|Denmark|France|Germany|Hong Kong|India|Indonesia|Italy|Japan|Korea|Malaysia|Mexico|NASDAQ|Netherlands|Philippines|Poland|Saudi Arabia|Singapore|South Africa|Spain|Sweden|Switzerland|Taiwan|Thailand|Turkey|U.K.|U.S.|US SmallCap|Vietnam,2000-01-01,2026-08-01,Higher = more backstop capacity,unknown,"Keep level and one predeclared change separate; trailing/fold-local scale; sign into state, not assumed return direction.",Rule effective dates need event ledger evidence; month-start timing cannot anticipate announcement,"Frozen policy-rule series, not continuous measured capacity","Keep policy access binary/category; numerical 100/75 scale is chosen proxy, not cardinal capacity.",CONDITIONAL_EVENT_RULE,False,Dated rule uses 2013 standing and 2020-2021 temporary lines; structural proxy incomplete (e.g. earlier crisis facilities)
7,Sovereign fiscal stress,MS_Public_Debt_Domestic_Creditors_Pct_GDP,qpsd,macrostructure_factors,warehouse,Data/processed/macrostructure_panel.parquet,Q,2404,2404,2404,0.0,Not inferred from omitted rows; see DATA_AUDIT.md for denominator and selected matched coverage,28,23,Australia|Brazil|Canada|Chile|ChinaA|ChinaH|Indonesia|Italy|Korea|Malaysia|Mexico|NASDAQ|Netherlands|Saudi Arabia|South Africa|Spain|Sweden|Switzerland|Thailand|Turkey|U.K.|U.S.|US SmallCap,1995-03-01,2026-03-01,Higher = more sovereign stress after component-specific orientation,unknown,"Keep level and one predeclared change separate; trailing/fold-local scale; sign into state, not assumed return direction.",Not established from current rows,Latest values may overwrite history,Rebuild raw-source transforms with cutoff and original missingness; do not admit normalized aliases automatically.,QUARANTINE_LATEST_VINTAGE,False,Reference-period latest histories; publication lag cannot undo revisions. Existing archives would need independent vintage evidence.
9,Policy backstop capacity,MS_Public_Debt_Domestic_Creditors_Pct_GDP,qpsd,macrostructure_factors,warehouse,Data/processed/macrostructure_panel.parquet,Q,2404,2404,2404,0.0,Not inferred from omitted rows; see DATA_AUDIT.md for denominator and selected matched coverage,28,23,Australia|Brazil|Canada|Chile|ChinaA|ChinaH|Indonesia|Italy|Korea|Malaysia|Mexico|NASDAQ|Netherlands|Saudi Arabia|South Africa|Spain|Sweden|Switzerland|Thailand|Turkey|U.K.|U.S.|US SmallCap,1995-03-01,2026-03-01,Higher = more backstop capacity,unknown,"Keep level and one predeclared change separate; trailing/fold-local scale; sign into state, not assumed return direction.",Not established from current rows,Latest values may overwrite history,Rebuild raw-source transforms with cutoff and original missingness; do not admit normalized aliases automatically.,QUARANTINE_LATEST_VINTAGE,False,Reference-period latest histories; publication lag cannot undo revisions. Existing archives would need independent vintage evidence.
8,Banking fragility,MS_Bank_Capital_Adequacy,imf_fsi,macrostructure_factors,warehouse,Data/processed/macrostructure_panel.parquet,Q,2673,2673,2673,0.0,Not inferred from omitted rows; see DATA_AUDIT.md for denominator and selected matched coverage,41,33,Australia|Brazil|Canada|Chile|ChinaA|ChinaH|Denmark|France|Germany|Hong Kong|India|Indonesia|Italy|Japan|Korea|Malaysia|Mexico|NASDAQ|Netherlands|Philippines|Poland|Saudi Arabia|Singapore|South Africa|Spain|Sweden|Switzerland|Thailand|Turkey|U.K.|U.S.|US SmallCap|Vietnam,2001-03-01,2026-03-01,Higher = more bank fragility after component-specific orientation,unknown,"Keep level and one predeclared change separate; trailing/fold-local scale; sign into state, not assumed return direction.",Not established from current rows,Latest values may overwrite history,Rebuild raw-source transforms with cutoff and original missingness; do not admit normalized aliases automatically.,QUARANTINE_LATEST_VINTAGE,False,Reference-period latest histories; publication lag cannot undo revisions. Existing archives would need independent vintage evidence.
15,Institutional structural capacity,MS_Household_Direct_Equity_Share,oecd_household_dashboard,macrostructure_factors,warehouse,Data/processed/macrostructure_panel.parquet,A,442,442,442,0.0,Not inferred from omitted rows; see DATA_AUDIT.md for denominator and selected matched coverage,28,21,Australia|Brazil|Canada|Chile|Denmark|France|Germany|Italy|Japan|Korea|Mexico|NASDAQ|Netherlands|Poland|Spain|Sweden|Switzerland|Turkey|U.K.|U.S.|US SmallCap,2010-12-01,2025-12-01,Higher = more resilience/capacity after component-specific orientation,unknown,"Keep level and one predeclared change separate; trailing/fold-local scale; sign into state, not assumed return direction.",Not established from current rows,Latest values may overwrite history,Rebuild raw-source transforms with cutoff and original missingness; do not admit normalized aliases automatically.,QUARANTINE_LATEST_VINTAGE,False,Reference-period latest histories; publication lag cannot undo revisions. Existing archives would need independent vintage evidence.
7,Sovereign fiscal stress,MS_Public_Debt_Domestic_Currency_Pct_GDP,qpsd,macrostructure_factors,warehouse,Data/processed/macrostructure_panel.parquet,Q,2405,2405,2405,0.0,Not inferred from omitted rows; see DATA_AUDIT.md for denominator and selected matched coverage,29,24,Australia|Brazil|Canada|Chile|ChinaA|ChinaH|Indonesia|Italy|Korea|Malaysia|Mexico|NASDAQ|Netherlands|Philippines|Saudi Arabia|South Africa|Spain|Sweden|Switzerland|Thailand|Turkey|U.K.|U.S.|US SmallCap,1995-03-01,2026-03-01,Higher = more sovereign stress after component-specific orientation,unknown,"Keep level and one predeclared change separate; trailing/fold-local scale; sign into state, not assumed return direction.",Not established from current rows,Latest values may overwrite history,Rebuild raw-source transforms with cutoff and original missingness; do not admit normalized aliases automatically.,QUARANTINE_LATEST_VINTAGE,False,Reference-period latest histories; publication lag cannot undo revisions. Existing archives would need independent vintage evidence.
9,Policy backstop capacity,MS_Public_Debt_Domestic_Currency_Pct_GDP,qpsd,macrostructure_factors,warehouse,Data/processed/macrostructure_panel.parquet,Q,2405,2405,2405,0.0,Not inferred from omitted rows; see DATA_AUDIT.md for denominator and selected matched coverage,29,24,Australia|Brazil|Canada|Chile|ChinaA|ChinaH|Indonesia|Italy|Korea|Malaysia|Mexico|NASDAQ|Netherlands|Philippines|Saudi Arabia|South Africa|Spain|Sweden|Switzerland|Thailand|Turkey|U.K.|U.S.|US SmallCap,1995-03-01,2026-03-01,Higher = more backstop capacity,unknown,"Keep level and one predeclared change separate; trailing/fold-local scale; sign into state, not assumed return direction.",Not established from current rows,Latest values may overwrite history,Rebuild raw-source transforms with cutoff and original missingness; do not admit normalized aliases automatically.,QUARANTINE_LATEST_VINTAGE,False,Reference-period latest histories; publication lag cannot undo revisions. Existing archives would need independent vintage evidence.
8,Banking fragility,MS_NPL_Net_Provisions_to_Capital_Pct,imf_fsi,macrostructure_factors,warehouse,Data/processed/macrostructure_panel.parquet,Q,2454,2454,2454,0.0,Not inferred from omitted rows; see DATA_AUDIT.md for denominator and selected matched coverage,41,33,Australia|Brazil|Canada|Chile|ChinaA|ChinaH|Denmark|France|Germany|Hong Kong|India|Indonesia|Italy|Japan|Korea|Malaysia|Mexico|NASDAQ|Netherlands|Philippines|Poland|Saudi Arabia|Singapore|South Africa|Spain|Sweden|Switzerland|Thailand|Turkey|U.K.|U.S.|US SmallCap|Vietnam,2001-03-01,2026-03-01,Higher = more bank fragility after component-specific orientation,unknown,"Keep level and one predeclared change separate; trailing/fold-local scale; sign into state, not assumed return direction.",Not established from current rows,Latest values may overwrite history,Rebuild raw-source transforms with cutoff and original missingness; do not admit normalized aliases automatically.,QUARANTINE_LATEST_VINTAGE,False,Reference-period latest histories; publication lag cannot undo revisions. Existing archives would need independent vintage evidence.
7,Sovereign fiscal stress,MS_Public_Debt_Short_Term_Pct_GDP,qpsd,macrostructure_factors,warehouse,Data/processed/macrostructure_panel.parquet,Q,3064,3064,3064,0.0,Not inferred from omitted rows; see DATA_AUDIT.md for denominator and selected matched coverage,36,27,Australia|Brazil|ChinaA|ChinaH|Denmark|France|Germany|Indonesia|Italy|Japan|Korea|Malaysia|Mexico|NASDAQ|Netherlands|Philippines|Poland|Saudi Arabia|South Africa|Spain|Sweden|Switzerland|Thailand|Turkey|U.K.|U.S.|US SmallCap,1995-03-01,2026-03-01,Higher = more sovereign stress after component-specific orientation,unknown,"Keep level and one predeclared change separate; trailing/fold-local scale; sign into state, not assumed return direction.",Not established from current rows,Latest values may overwrite history,Rebuild raw-source transforms with cutoff and original missingness; do not admit normalized aliases automatically.,QUARANTINE_LATEST_VINTAGE,False,Reference-period latest histories; publication lag cannot undo revisions. Existing archives would need independent vintage evidence.
9,Policy backstop capacity,MS_Public_Debt_Short_Term_Pct_GDP,qpsd,macrostructure_factors,warehouse,Data/processed/macrostructure_panel.parquet,Q,3064,3064,3064,0.0,Not inferred from omitted rows; see DATA_AUDIT.md for denominator and selected matched coverage,36,27,Australia|Brazil|ChinaA|ChinaH|Denmark|France|Germany|Indonesia|Italy|Japan|Korea|Malaysia|Mexico|NASDAQ|Netherlands|Philippines|Poland|Saudi Arabia|South Africa|Spain|Sweden|Switzerland|Thailand|Turkey|U.K.|U.S.|US SmallCap,1995-03-01,2026-03-01,Higher = more backstop capacity,unknown,"Keep level and one predeclared change separate; trailing/fold-local scale; sign into state, not assumed return direction.",Not established from current rows,Latest values may overwrite history,Rebuild raw-source transforms with cutoff and original missingness; do not admit normalized aliases automatically.,QUARANTINE_LATEST_VINTAGE,False,Reference-period latest histories; publication lag cannot undo revisions. Existing archives would need independent vintage evidence.
6,External vulnerability,MS_Public_Debt_Foreign_Currency_Pct_GDP,qpsd,macrostructure_factors,warehouse,Data/processed/macrostructure_panel.parquet,Q,2284,2284,2284,0.0,Not inferred from omitted rows; see DATA_AUDIT.md for denominator and selected matched coverage,28,23,Brazil|Canada|Chile|ChinaA|ChinaH|Indonesia|Italy|Korea|Malaysia|Mexico|NASDAQ|Netherlands|Philippines|Saudi Arabia|South Africa|Spain|Sweden|Switzerland|Thailand|Turkey|U.K.|U.S.|US SmallCap,1995-03-01,2026-03-01,Higher = more vulnerability after component-specific orientation,unknown,"Keep level and one predeclared change separate; trailing/fold-local scale; sign into state, not assumed return direction.",Not established from current rows,Latest values may overwrite history,Rebuild raw-source transforms with cutoff and original missingness; do not admit normalized aliases automatically.,QUARANTINE_LATEST_VINTAGE,False,Reference-period latest histories; publication lag cannot undo revisions. Existing archives would need independent vintage evidence.
7,Sovereign fiscal stress,MS_Public_Debt_Foreign_Currency_Pct_GDP,qpsd,macrostructure_factors,warehouse,Data/processed/macrostructure_panel.parquet,Q,2284,2284,2284,0.0,Not inferred from omitted rows; see DATA_AUDIT.md for denominator and selected matched coverage,28,23,Brazil|Canada|Chile|ChinaA|ChinaH|Indonesia|Italy|Korea|Malaysia|Mexico|NASDAQ|Netherlands|Philippines|Saudi Arabia|South Africa|Spain|Sweden|Switzerland|Thailand|Turkey|U.K.|U.S.|US SmallCap,1995-03-01,2026-03-01,Higher = more sovereign stress after component-specific orientation,unknown,"Keep level and one predeclared change separate; trailing/fold-local scale; sign into state, not assumed return direction.",Not established from current rows,Latest values may overwrite history,Rebuild raw-source transforms with cutoff and original missingness; do not admit normalized aliases automatically.,QUARANTINE_LATEST_VINTAGE,False,Reference-period latest histories; publication lag cannot undo revisions. Existing archives would need independent vintage evidence.
12,Terms of trade commodity impulse,Gold,t2_raw,t2_raw,warehouse,Data/work/t2/T2 Master.xlsx,M,10846,10846,10846,0.0,Not inferred from omitted rows; see DATA_AUDIT.md for denominator and selected matched coverage,34,34,Australia|Brazil|Canada|Chile|ChinaA|ChinaH|Denmark|France|Germany|Hong Kong|India|Indonesia|Italy|Japan|Korea|Malaysia|Mexico|NASDAQ|Netherlands|Philippines|Poland|Saudi Arabia|Singapore|South Africa|Spain|Sweden|Switzerland|Taiwan|Thailand|Turkey|U.K.|U.S.|US SmallCap|Vietnam,2000-02-01,2026-08-01,Higher = country benefit after exposure sign; no uniform sign,unknown,"Keep level and one predeclared change separate; trailing/fold-local scale; sign into state, not assumed return direction.",Monthly rows shifted first day next month; source date known at preceding close only for market fields,Macro/financial-statement fields retain provider revision/restatement risk,2026-08-21 full-sample winsorizer removed; strictly prior EWM spike clipping; reconcile workbook/build lineage and prefix tests.,CONDITIONAL_SOURCE_REPLAY,False,"Current builder has causal spike guard, but monthly warehouse has not been proven regenerated from that code. Raw workbook reread and mask recovery can use existing ASADO files. Commodity names may represent exposure betas in transformed family; inspect raw workbook vs output, never infer price from variable name."
13,Valuation expected return,Best Price Sales,t2_raw,t2_raw,warehouse,Data/work/t2/T2 Master.xlsx,M,8617,8617,8617,0.0,Not inferred from omitted rows; see DATA_AUDIT.md for denominator and selected matched coverage,34,34,Australia|Brazil|Canada|Chile|ChinaA|ChinaH|Denmark|France|Germany|Hong Kong|India|Indonesia|Italy|Japan|Korea|Malaysia|Mexico|NASDAQ|Netherlands|Philippines|Poland|Saudi Arabia|Singapore|South Africa|Spain|Sweden|Switzerland|Taiwan|Thailand|Turkey|U.K.|U.S.|US SmallCap|Vietnam,2000-03-01,2026-08-01,Higher = more expected-return attractiveness after component-specific orientation,lower_is_better,"Keep level and one predeclared change separate; trailing/fold-local scale; sign into state, not assumed return direction.",Monthly rows shifted first day next month; source date known at preceding close only for market fields,Macro/financial-statement fields retain provider revision/restatement risk,2026-08-21 full-sample winsorizer removed; strictly prior EWM spike clipping; reconcile workbook/build lineage and prefix tests.,CONDITIONAL_SOURCE_REPLAY,False,"Current builder has causal spike guard, but monthly warehouse has not been proven regenerated from that code. Raw workbook reread and mask recovery can use existing ASADO files."
13,Valuation expected return,Best PE,t2_raw,t2_raw,warehouse,Data/work/t2/T2 Master.xlsx,M,8768,8768,8768,0.0,Not inferred from omitted rows; see DATA_AUDIT.md for denominator and selected matched coverage,34,34,Australia|Brazil|Canada|Chile|ChinaA|ChinaH|Denmark|France|Germany|Hong Kong|India|Indonesia|Italy|Japan|Korea|Malaysia|Mexico|NASDAQ|Netherlands|Philippines|Poland|Saudi Arabia|Singapore|South Africa|Spain|Sweden|Switzerland|Taiwan|Thailand|Turkey|U.K.|U.S.|US SmallCap|Vietnam,2000-02-01,2026-08-01,Higher = more expected-return attractiveness after component-specific orientation,lower_is_better,"Keep level and one predeclared change separate; trailing/fold-local scale; sign into state, not assumed return direction.",Monthly rows shifted first day next month; source date known at preceding close only for market fields,Macro/financial-statement fields retain provider revision/restatement risk,2026-08-21 full-sample winsorizer removed; strictly prior EWM spike clipping; reconcile workbook/build lineage and prefix tests.,CONDITIONAL_SOURCE_REPLAY,False,"Current builder has causal spike guard, but monthly warehouse has not been proven regenerated from that code. Raw workbook reread and mask recovery can use existing ASADO files."
13,Valuation expected return,Operating Margin,t2_raw,t2_raw,warehouse,Data/work/t2/T2 Master.xlsx,M,10398,10398,10398,0.0,Not inferred from omitted rows; see DATA_AUDIT.md for denominator and selected matched coverage,34,34,Australia|Brazil|Canada|Chile|ChinaA|ChinaH|Denmark|France|Germany|Hong Kong|India|Indonesia|Italy|Japan|Korea|Malaysia|Mexico|NASDAQ|Netherlands|Philippines|Poland|Saudi Arabia|Singapore|South Africa|Spain|Sweden|Switzerland|Taiwan|Thailand|Turkey|U.K.|U.S.|US SmallCap|Vietnam,2000-02-01,2026-08-01,Higher = more expected-return attractiveness after component-specific orientation,unknown,"Keep level and one predeclared change separate; trailing/fold-local scale; sign into state, not assumed return direction.",Monthly rows shifted first day next month; source date known at preceding close only for market fields,Macro/financial-statement fields retain provider revision/restatement risk,2026-08-21 full-sample winsorizer removed; strictly prior EWM spike clipping; reconcile workbook/build lineage and prefix tests.,CONDITIONAL_SOURCE_REPLAY,False,"Current builder has causal spike guard, but monthly warehouse has not been proven regenerated from that code. Raw workbook reread and mask recovery can use existing ASADO files."
14,Market trend fragility,360 Day Vol,t2_raw,t2_raw,warehouse,Data/work/t2/T2 Master.xlsx,M,10451,10451,10451,0.0,Not inferred from omitted rows; see DATA_AUDIT.md for denominator and selected matched coverage,34,34,Australia|Brazil|Canada|Chile|ChinaA|ChinaH|Denmark|France|Germany|Hong Kong|India|Indonesia|Italy|Japan|Korea|Malaysia|Mexico|NASDAQ|Netherlands|Philippines|Poland|Saudi Arabia|Singapore|South Africa|Spain|Sweden|Switzerland|Taiwan|Thailand|Turkey|U.K.|U.S.|US SmallCap|Vietnam,2000-02-01,2026-08-01,Higher = stronger trend or more fragility (separate),unknown,"Keep level and one predeclared change separate; trailing/fold-local scale; sign into state, not assumed return direction.",Monthly rows shifted first day next month; source date known at preceding close only for market fields,Macro/financial-statement fields retain provider revision/restatement risk,2026-08-21 full-sample winsorizer removed; strictly prior EWM spike clipping; reconcile workbook/build lineage and prefix tests.,CONDITIONAL_SOURCE_REPLAY,False,"Current builder has causal spike guard, but monthly warehouse has not been proven regenerated from that code. Raw workbook reread and mask recovery can use existing ASADO files."
13,Valuation expected return,EV to EBITDA,t2_raw,t2_raw,warehouse,Data/work/t2/T2 Master.xlsx,M,8091,8091,8091,0.0,Not inferred from omitted rows; see DATA_AUDIT.md for denominator and selected matched coverage,34,34,Australia|Brazil|Canada|Chile|ChinaA|ChinaH|Denmark|France|Germany|Hong Kong|India|Indonesia|Italy|Japan|Korea|Malaysia|Mexico|NASDAQ|Netherlands|Philippines|Poland|Saudi Arabia|Singapore|South Africa|Spain|Sweden|Switzerland|Taiwan|Thailand|Turkey|U.K.|U.S.|US SmallCap|Vietnam,2005-07-01,2026-08-01,Higher = more expected-return attractiveness after component-specific orientation,lower_is_better,"Keep level and one predeclared change separate; trailing/fold-local scale; sign into state, not assumed return direction.",Monthly rows shifted first day next month; source date known at preceding close only for market fields,Macro/financial-statement fields retain provider revision/restatement risk,2026-08-21 full-sample winsorizer removed; strictly prior EWM spike clipping; reconcile workbook/build lineage and prefix tests.,CONDITIONAL_SOURCE_REPLAY,False,"Current builder has causal spike guard, but monthly warehouse has not been proven regenerated from that code. Raw workbook reread and mask recovery can use existing ASADO files."
10,Capital flows positioning,Mcap Weights,t2_raw,t2_raw,warehouse,Data/work/t2/T2 Master.xlsx,M,9417,9417,9417,0.0,Not inferred from omitted rows; see DATA_AUDIT.md for denominator and selected matched coverage,34,34,Australia|Brazil|Canada|Chile|ChinaA|ChinaH|Denmark|France|Germany|Hong Kong|India|Indonesia|Italy|Japan|Korea|Malaysia|Mexico|NASDAQ|Netherlands|Philippines|Poland|Saudi Arabia|Singapore|South Africa|Spain|Sweden|Switzerland|Taiwan|Thailand|Turkey|U.K.|U.S.|US SmallCap|Vietnam,2000-02-01,2026-08-01,Higher = inflow/crowding (distinct impulse/extreme),lower_is_better,"Keep level and one predeclared change separate; trailing/fold-local scale; sign into state, not assumed return direction.",Monthly rows shifted first day next month; source date known at preceding close only for market fields,Macro/financial-statement fields retain provider revision/restatement risk,2026-08-21 full-sample winsorizer removed; strictly prior EWM spike clipping; reconcile workbook/build lineage and prefix tests.,CONDITIONAL_SOURCE_REPLAY,False,"Current builder has causal spike guard, but monthly warehouse has not been proven regenerated from that code. Raw workbook reread and mask recovery can use existing ASADO files."
12,Terms of trade commodity impulse,Copper 12,t2_raw,t2_raw,warehouse,Data/work/t2/T2 Master.xlsx,M,10438,10438,10438,0.0,Not inferred from omitted rows; see DATA_AUDIT.md for denominator and selected matched coverage,34,34,Australia|Brazil|Canada|Chile|ChinaA|ChinaH|Denmark|France|Germany|Hong Kong|India|Indonesia|Italy|Japan|Korea|Malaysia|Mexico|NASDAQ|Netherlands|Philippines|Poland|Saudi Arabia|Singapore|South Africa|Spain|Sweden|Switzerland|Taiwan|Thailand|Turkey|U.K.|U.S.|US SmallCap|Vietnam,2001-02-01,2026-08-01,Higher = country benefit after exposure sign; no uniform sign,unknown,"Keep level and one predeclared change separate; trailing/fold-local scale; sign into state, not assumed return direction.",Monthly rows shifted first day next month; source date known at preceding close only for market fields,Macro/financial-statement fields retain provider revision/restatement risk,2026-08-21 full-sample winsorizer removed; strictly prior EWM spike clipping; reconcile workbook/build lineage and prefix tests.,CONDITIONAL_SOURCE_REPLAY,False,"Current builder has causal spike guard, but monthly warehouse has not been proven regenerated from that code. Raw workbook reread and mask recovery can use existing ASADO files. Commodity names may represent exposure betas in transformed family; inspect raw workbook vs output, never infer price from variable name."
1,Growth cycle,LT Growth,t2_raw,t2_raw,warehouse,Data/work/t2/T2 Master.xlsx,M,8262,8262,8262,0.0,Not inferred from omitted rows; see DATA_AUDIT.md for denominator and selected matched coverage,34,34,Australia|Brazil|Canada|Chile|ChinaA|ChinaH|Denmark|France|Germany|Hong Kong|India|Indonesia|Italy|Japan|Korea|Malaysia|Mexico|NASDAQ|Netherlands|Philippines|Poland|Saudi Arabia|Singapore|South Africa|Spain|Sweden|Switzerland|Taiwan|Thailand|Turkey|U.K.|U.S.|US SmallCap|Vietnam,2000-02-01,2026-08-01,Higher = stronger growth,unknown,"Keep level and one predeclared change separate; trailing/fold-local scale; sign into state, not assumed return direction.",Monthly rows shifted first day next month; source date known at preceding close only for market fields,Macro/financial-statement fields retain provider revision/restatement risk,2026-08-21 full-sample winsorizer removed; strictly prior EWM spike clipping; reconcile workbook/build lineage and prefix tests.,CONDITIONAL_SOURCE_REPLAY,False,"Current builder has causal spike guard, but monthly warehouse has not been proven regenerated from that code. Raw workbook reread and mask recovery can use existing ASADO files."
6,External vulnerability,Current Account,t2_raw,t2_raw,warehouse,Data/work/t2/T2 Master.xlsx,M,3376,3376,3376,0.0,Not inferred from omitted rows; see DATA_AUDIT.md for denominator and selected matched coverage,33,33,Australia|Brazil|Canada|Chile|ChinaA|ChinaH|Denmark|France|Germany|Hong Kong|India|Indonesia|Italy|Japan|Korea|Malaysia|Mexico|NASDAQ|Netherlands|Philippines|Poland|Saudi Arabia|Singapore|South Africa|Spain|Sweden|Switzerland|Taiwan|Thailand|Turkey|U.K.|U.S.|US SmallCap,2000-04-01,2026-07-01,Higher = more vulnerability after component-specific orientation,unknown,"Keep level and one predeclared change separate; trailing/fold-local scale; sign into state, not assumed return direction.",Monthly rows shifted first day next month; source date known at preceding close only for market fields,Macro/financial-statement fields retain provider revision/restatement risk,2026-08-21 full-sample winsorizer removed; strictly prior EWM spike clipping; reconcile workbook/build lineage and prefix tests.,QUARANTINE_LATEST_VINTAGE,False,"Current builder has causal spike guard, but monthly warehouse has not been proven regenerated from that code. Raw workbook reread and mask recovery can use existing ASADO files."
12,Terms of trade commodity impulse,Gold 12,t2_raw,t2_raw,warehouse,Data/work/t2/T2 Master.xlsx,M,10438,10438,10438,0.0,Not inferred from omitted rows; see DATA_AUDIT.md for denominator and selected matched coverage,34,34,Australia|Brazil|Canada|Chile|ChinaA|ChinaH|Denmark|France|Germany|Hong Kong|India|Indonesia|Italy|Japan|Korea|Malaysia|Mexico|NASDAQ|Netherlands|Philippines|Poland|Saudi Arabia|Singapore|South Africa|Spain|Sweden|Switzerland|Taiwan|Thailand|Turkey|U.K.|U.S.|US SmallCap|Vietnam,2001-02-01,2026-08-01,Higher = country benefit after exposure sign; no uniform sign,unknown,"Keep level and one predeclared change separate; trailing/fold-local scale; sign into state, not assumed return direction.",Monthly rows shifted first day next month; source date known at preceding close only for market fields,Macro/financial-statement fields retain provider revision/restatement risk,2026-08-21 full-sample winsorizer removed; strictly prior EWM spike clipping; reconcile workbook/build lineage and prefix tests.,CONDITIONAL_SOURCE_REPLAY,False,"Current builder has causal spike guard, but monthly warehouse has not been proven regenerated from that code. Raw workbook reread and mask recovery can use existing ASADO files. Commodity names may represent exposure betas in transformed family; inspect raw workbook vs output, never infer price from variable name."
6,External vulnerability,Currency 12,t2_raw,t2_raw,warehouse,Data/work/t2/T2 Master.xlsx,M,10438,10438,10438,0.0,Not inferred from omitted rows; see DATA_AUDIT.md for denominator and selected matched coverage,34,34,Australia|Brazil|Canada|Chile|ChinaA|ChinaH|Denmark|France|Germany|Hong Kong|India|Indonesia|Italy|Japan|Korea|Malaysia|Mexico|NASDAQ|Netherlands|Philippines|Poland|Saudi Arabia|Singapore|South Africa|Spain|Sweden|Switzerland|Taiwan|Thailand|Turkey|U.K.|U.S.|US SmallCap|Vietnam,2001-02-01,2026-08-01,Higher = more vulnerability after component-specific orientation,unknown,"Keep level and one predeclared change separate; trailing/fold-local scale; sign into state, not assumed return direction.",Monthly rows shifted first day next month; source date known at preceding close only for market fields,Macro/financial-statement fields retain provider revision/restatement risk,2026-08-21 full-sample winsorizer removed; strictly prior EWM spike clipping; reconcile workbook/build lineage and prefix tests.,CONDITIONAL_SOURCE_REPLAY,False,"Current builder has causal spike guard, but monthly warehouse has not been proven regenerated from that code. Raw workbook reread and mask recovery can use existing ASADO files."
14,Market trend fragility,Currency 12,t2_raw,t2_raw,warehouse,Data/work/t2/T2 Master.xlsx,M,10438,10438,10438,0.0,Not inferred from omitted rows; see DATA_AUDIT.md for denominator and selected matched coverage,34,34,Australia|Brazil|Canada|Chile|ChinaA|ChinaH|Denmark|France|Germany|Hong Kong|India|Indonesia|Italy|Japan|Korea|Malaysia|Mexico|NASDAQ|Netherlands|Philippines|Poland|Saudi Arabia|Singapore|South Africa|Spain|Sweden|Switzerland|Taiwan|Thailand|Turkey|U.K.|U.S.|US SmallCap|Vietnam,2001-02-01,2026-08-01,Higher = stronger trend or more fragility (separate),unknown,"Keep level and one predeclared change separate; trailing/fold-local scale; sign into state, not assumed return direction.",Monthly rows shifted first day next month; source date known at preceding close only for market fields,Macro/financial-statement fields retain provider revision/restatement risk,2026-08-21 full-sample winsorizer removed; strictly prior EWM spike clipping; reconcile workbook/build lineage and prefix tests.,CONDITIONAL_SOURCE_REPLAY,False,"Current builder has causal spike guard, but monthly warehouse has not been proven regenerated from that code. Raw workbook reread and mask recovery can use existing ASADO files."
14,Market trend fragility,120MA Signal,t2_raw,t2_raw,warehouse,Data/work/t2/T2 Master.xlsx,M,10133,10133,10133,0.0,Not inferred from omitted rows; see DATA_AUDIT.md for denominator and selected matched coverage,34,34,Australia|Brazil|Canada|Chile|ChinaA|ChinaH|Denmark|France|Germany|Hong Kong|India|Indonesia|Italy|Japan|Korea|Malaysia|Mexico|NASDAQ|Netherlands|Philippines|Poland|Saudi Arabia|Singapore|South Africa|Spain|Sweden|Switzerland|Taiwan|Thailand|Turkey|U.K.|U.S.|US SmallCap|Vietnam,2000-02-01,2026-08-01,Higher = stronger trend or more fragility (separate),lower_is_better,"Keep level and one predeclared change separate; trailing/fold-local scale; sign into state, not assumed return direction.",Monthly rows shifted first day next month; source date known at preceding close only for market fields,Macro/financial-statement fields retain provider revision/restatement risk,2026-08-21 full-sample winsorizer removed; strictly prior EWM spike clipping; reconcile workbook/build lineage and prefix tests.,CONDITIONAL_SOURCE_REPLAY,False,"Current builder has causal spike guard, but monthly warehouse has not been proven regenerated from that code. Raw workbook reread and mask recovery can use existing ASADO files."
14,Market trend fragility,Advance Decline,t2_raw,t2_raw,warehouse,Data/work/t2/T2 Master.xlsx,M,10490,10490,10490,0.0,Not inferred from omitted rows; see DATA_AUDIT.md for denominator and selected matched coverage,34,34,Australia|Brazil|Canada|Chile|ChinaA|ChinaH|Denmark|France|Germany|Hong Kong|India|Indonesia|Italy|Japan|Korea|Malaysia|Mexico|NASDAQ|Netherlands|Philippines|Poland|Saudi Arabia|Singapore|South Africa|Spain|Sweden|Switzerland|Taiwan|Thailand|Turkey|U.K.|U.S.|US SmallCap|Vietnam,2000-02-01,2026-08-01,Higher = stronger trend or more fragility (separate),lower_is_better,"Keep level and one predeclared change separate; trailing/fold-local scale; sign into state, not assumed return direction.",Monthly rows shifted first day next month; source date known at preceding close only for market fields,Macro/financial-statement fields retain provider revision/restatement risk,2026-08-21 full-sample winsorizer removed; strictly prior EWM spike clipping; reconcile workbook/build lineage and prefix tests.,CONDITIONAL_SOURCE_REPLAY,False,"Current builder has causal spike guard, but monthly warehouse has not been proven regenerated from that code. Raw workbook reread and mask recovery can use existing ASADO files."
10,Capital flows positioning,MCAP,t2_raw,t2_raw,warehouse,Data/work/t2/T2 Master.xlsx,M,9417,9417,9417,0.0,Not inferred from omitted rows; see DATA_AUDIT.md for denominator and selected matched coverage,34,34,Australia|Brazil|Canada|Chile|ChinaA|ChinaH|Denmark|France|Germany|Hong Kong|India|Indonesia|Italy|Japan|Korea|Malaysia|Mexico|NASDAQ|Netherlands|Philippines|Poland|Saudi Arabia|Singapore|South Africa|Spain|Sweden|Switzerland|Taiwan|Thailand|Turkey|U.K.|U.S.|US SmallCap|Vietnam,2000-02-01,2026-08-01,Higher = inflow/crowding (distinct impulse/extreme),unknown,"Keep level and one predeclared change separate; trailing/fold-local scale; sign into state, not assumed return direction.",Monthly rows shifted first day next month; source date known at preceding close only for market fields,Macro/financial-statement fields retain provider revision/restatement risk,2026-08-21 full-sample winsorizer removed; strictly prior EWM spike clipping; reconcile workbook/build lineage and prefix tests.,CONDITIONAL_SOURCE_REPLAY,False,"Current builder has causal spike guard, but monthly warehouse has not been proven regenerated from that code. Raw workbook reread and mask recovery can use existing ASADO files."
13,Valuation expected return,Best Div Yield,t2_raw,t2_raw,warehouse,Data/work/t2/T2 Master.xlsx,M,8184,8184,8184,0.0,Not inferred from omitted rows; see DATA_AUDIT.md for denominator and selected matched coverage,34,34,Australia|Brazil|Canada|Chile|ChinaA|ChinaH|Denmark|France|Germany|Hong Kong|India|Indonesia|Italy|Japan|Korea|Malaysia|Mexico|NASDAQ|Netherlands|Philippines|Poland|Saudi Arabia|Singapore|South Africa|Spain|Sweden|Switzerland|Taiwan|Thailand|Turkey|U.K.|U.S.|US SmallCap|Vietnam,2005-05-01,2026-08-01,Higher = more expected-return attractiveness after component-specific orientation,unknown,"Keep level and one predeclared change separate; trailing/fold-local scale; sign into state, not assumed return direction.",Monthly rows shifted first day next month; source date known at preceding close only for market fields,Macro/financial-statement fields retain provider revision/restatement risk,2026-08-21 full-sample winsorizer removed; strictly prior EWM spike clipping; reconcile workbook/build lineage and prefix tests.,CONDITIONAL_SOURCE_REPLAY,False,"Current builder has causal spike guard, but monthly warehouse has not been proven regenerated from that code. Raw workbook reread and mask recovery can use existing ASADO files."
2,Monetary policy impulse,10Yr Bond,t2_raw,t2_raw,warehouse,Data/work/t2/T2 Master.xlsx,M,9209,9209,9209,0.0,Not inferred from omitted rows; see DATA_AUDIT.md for denominator and selected matched coverage,33,33,Australia|Brazil|Canada|Chile|ChinaA|ChinaH|Denmark|France|Germany|Hong Kong|India|Indonesia|Italy|Japan|Korea|Malaysia|Mexico|NASDAQ|Netherlands|Philippines|Poland|Saudi Arabia|Singapore|South Africa|Spain|Sweden|Switzerland|Taiwan|Thailand|Turkey|U.K.|U.S.|US SmallCap,2000-02-01,2026-08-01,Higher = tighter nominal policy for levels; easing impulse defined as negative change,unknown,"Keep level and one predeclared change separate; trailing/fold-local scale; sign into state, not assumed return direction.",Monthly rows shifted first day next month; source date known at preceding close only for market fields,Macro/financial-statement fields retain provider revision/restatement risk,2026-08-21 full-sample winsorizer removed; strictly prior EWM spike clipping; reconcile workbook/build lineage and prefix tests.,CONDITIONAL_SOURCE_REPLAY,False,"Current builder has causal spike guard, but monthly warehouse has not been proven regenerated from that code. Raw workbook reread and mask recovery can use existing ASADO files."
7,Sovereign fiscal stress,10Yr Bond,t2_raw,t2_raw,warehouse,Data/work/t2/T2 Master.xlsx,M,9209,9209,9209,0.0,Not inferred from omitted rows; see DATA_AUDIT.md for denominator and selected matched coverage,33,33,Australia|Brazil|Canada|Chile|ChinaA|ChinaH|Denmark|France|Germany|Hong Kong|India|Indonesia|Italy|Japan|Korea|Malaysia|Mexico|NASDAQ|Netherlands|Philippines|Poland|Saudi Arabia|Singapore|South Africa|Spain|Sweden|Switzerland|Taiwan|Thailand|Turkey|U.K.|U.S.|US SmallCap,2000-02-01,2026-08-01,Higher = more sovereign stress after component-specific orientation,unknown,"Keep level and one predeclared change separate; trailing/fold-local scale; sign into state, not assumed return direction.",Monthly rows shifted first day next month; source date known at preceding close only for market fields,Macro/financial-statement fields retain provider revision/restatement risk,2026-08-21 full-sample winsorizer removed; strictly prior EWM spike clipping; reconcile workbook/build lineage and prefix tests.,CONDITIONAL_SOURCE_REPLAY,False,"Current builder has causal spike guard, but monthly warehouse has not been proven regenerated from that code. Raw workbook reread and mask recovery can use existing ASADO files."
2,Monetary policy impulse,10Yr Bond 12,t2_raw,t2_raw,warehouse,Data/work/t2/T2 Master.xlsx,M,8813,8813,8813,0.0,Not inferred from omitted rows; see DATA_AUDIT.md for denominator and selected matched coverage,33,33,Australia|Brazil|Canada|Chile|ChinaA|ChinaH|Denmark|France|Germany|Hong Kong|India|Indonesia|Italy|Japan|Korea|Malaysia|Mexico|NASDAQ|Netherlands|Philippines|Poland|Saudi Arabia|Singapore|South Africa|Spain|Sweden|Switzerland|Taiwan|Thailand|Turkey|U.K.|U.S.|US SmallCap,2001-02-01,2026-08-01,Higher = tighter nominal policy for levels; easing impulse defined as negative change,lower_is_better,"Keep level and one predeclared change separate; trailing/fold-local scale; sign into state, not assumed return direction.",Monthly rows shifted first day next month; source date known at preceding close only for market fields,Macro/financial-statement fields retain provider revision/restatement risk,2026-08-21 full-sample winsorizer removed; strictly prior EWM spike clipping; reconcile workbook/build lineage and prefix tests.,CONDITIONAL_SOURCE_REPLAY,False,"Current builder has causal spike guard, but monthly warehouse has not been proven regenerated from that code. Raw workbook reread and mask recovery can use existing ASADO files."
7,Sovereign fiscal stress,10Yr Bond 12,t2_raw,t2_raw,warehouse,Data/work/t2/T2 Master.xlsx,M,8813,8813,8813,0.0,Not inferred from omitted rows; see DATA_AUDIT.md for denominator and selected matched coverage,33,33,Australia|Brazil|Canada|Chile|ChinaA|ChinaH|Denmark|France|Germany|Hong Kong|India|Indonesia|Italy|Japan|Korea|Malaysia|Mexico|NASDAQ|Netherlands|Philippines|Poland|Saudi Arabia|Singapore|South Africa|Spain|Sweden|Switzerland|Taiwan|Thailand|Turkey|U.K.|U.S.|US SmallCap,2001-02-01,2026-08-01,Higher = more sovereign stress after component-specific orientation,lower_is_better,"Keep level and one predeclared change separate; trailing/fold-local scale; sign into state, not assumed return direction.",Monthly rows shifted first day next month; source date known at preceding close only for market fields,Macro/financial-statement fields retain provider revision/restatement risk,2026-08-21 full-sample winsorizer removed; strictly prior EWM spike clipping; reconcile workbook/build lineage and prefix tests.,CONDITIONAL_SOURCE_REPLAY,False,"Current builder has causal spike guard, but monthly warehouse has not been proven regenerated from that code. Raw workbook reread and mask recovery can use existing ASADO files."
1,Growth cycle,GDP,t2_raw,t2_raw,warehouse,Data/work/t2/T2 Master.xlsx,M,883,883,883,0.0,Not inferred from omitted rows; see DATA_AUDIT.md for denominator and selected matched coverage,34,34,Australia|Brazil|Canada|Chile|ChinaA|ChinaH|Denmark|France|Germany|Hong Kong|India|Indonesia|Italy|Japan|Korea|Malaysia|Mexico|NASDAQ|Netherlands|Philippines|Poland|Saudi Arabia|Singapore|South Africa|Spain|Sweden|Switzerland|Taiwan|Thailand|Turkey|U.K.|U.S.|US SmallCap|Vietnam,2001-01-01,2026-01-01,Higher = stronger growth,unknown,"Keep level and one predeclared change separate; trailing/fold-local scale; sign into state, not assumed return direction.",Monthly rows shifted first day next month; source date known at preceding close only for market fields,Macro/financial-statement fields retain provider revision/restatement risk,2026-08-21 full-sample winsorizer removed; strictly prior EWM spike clipping; reconcile workbook/build lineage and prefix tests.,QUARANTINE_LATEST_VINTAGE,False,"Current builder has causal spike guard, but monthly warehouse has not been proven regenerated from that code. Raw workbook reread and mask recovery can use existing ASADO files."
14,Market trend fragility,RSI14,t2_raw,t2_raw,warehouse,Data/work/t2/T2 Master.xlsx,M,10561,10561,10561,0.0,Not inferred from omitted rows; see DATA_AUDIT.md for denominator and selected matched coverage,34,34,Australia|Brazil|Canada|Chile|ChinaA|ChinaH|Denmark|France|Germany|Hong Kong|India|Indonesia|Italy|Japan|Korea|Malaysia|Mexico|NASDAQ|Netherlands|Philippines|Poland|Saudi Arabia|Singapore|South Africa|Spain|Sweden|Switzerland|Taiwan|Thailand|Turkey|U.K.|U.S.|US SmallCap|Vietnam,2000-02-01,2026-08-01,Higher = stronger trend or more fragility (separate),lower_is_better,"Keep level and one predeclared change separate; trailing/fold-local scale; sign into state, not assumed return direction.",Monthly rows shifted first day next month; source date known at preceding close only for market fields,Macro/financial-statement fields retain provider revision/restatement risk,2026-08-21 full-sample winsorizer removed; strictly prior EWM spike clipping; reconcile workbook/build lineage and prefix tests.,CONDITIONAL_SOURCE_REPLAY,False,"Current builder has causal spike guard, but monthly warehouse has not been proven regenerated from that code. Raw workbook reread and mask recovery can use existing ASADO files."
13,Valuation expected return,Best Cash Flow,t2_raw,t2_raw,warehouse,Data/work/t2/T2 Master.xlsx,M,8169,8169,8169,0.0,Not inferred from omitted rows; see DATA_AUDIT.md for denominator and selected matched coverage,34,34,Australia|Brazil|Canada|Chile|ChinaA|ChinaH|Denmark|France|Germany|Hong Kong|India|Indonesia|Italy|Japan|Korea|Malaysia|Mexico|NASDAQ|Netherlands|Philippines|Poland|Saudi Arabia|Singapore|South Africa|Spain|Sweden|Switzerland|Taiwan|Thailand|Turkey|U.K.|U.S.|US SmallCap|Vietnam,2005-05-01,2026-08-01,Higher = more expected-return attractiveness after component-specific orientation,lower_is_better,"Keep level and one predeclared change separate; trailing/fold-local scale; sign into state, not assumed return direction.",Monthly rows shifted first day next month; source date known at preceding close only for market fields,Macro/financial-statement fields retain provider revision/restatement risk,2026-08-21 full-sample winsorizer removed; strictly prior EWM spike clipping; reconcile workbook/build lineage and prefix tests.,CONDITIONAL_SOURCE_REPLAY,False,"Current builder has causal spike guard, but monthly warehouse has not been proven regenerated from that code. Raw workbook reread and mask recovery can use existing ASADO files."
14,Market trend fragility,20 Day Vol,t2_raw,t2_raw,warehouse,Data/work/t2/T2 Master.xlsx,M,10467,10467,10467,0.0,Not inferred from omitted rows; see DATA_AUDIT.md for denominator and selected matched coverage,34,34,Australia|Brazil|Canada|Chile|ChinaA|ChinaH|Denmark|France|Germany|Hong Kong|India|Indonesia|Italy|Japan|Korea|Malaysia|Mexico|NASDAQ|Netherlands|Philippines|Poland|Saudi Arabia|Singapore|South Africa|Spain|Sweden|Switzerland|Taiwan|Thailand|Turkey|U.K.|U.S.|US SmallCap|Vietnam,2000-02-01,2026-08-01,Higher = stronger trend or more fragility (separate),unknown,"Keep level and one predeclared change separate; trailing/fold-local scale; sign into state, not assumed return direction.",Monthly rows shifted first day next month; source date known at preceding close only for market fields,Macro/financial-statement fields retain provider revision/restatement risk,2026-08-21 full-sample winsorizer removed; strictly prior EWM spike clipping; reconcile workbook/build lineage and prefix tests.,CONDITIONAL_SOURCE_REPLAY,False,"Current builder has causal spike guard, but monthly warehouse has not been proven regenerated from that code. Raw workbook reread and mask recovery can use existing ASADO files."
6,External vulnerability,Currency,t2_raw,t2_raw,warehouse,Data/work/t2/T2 Master.xlsx,M,10846,10846,10846,0.0,Not inferred from omitted rows; see DATA_AUDIT.md for denominator and selected matched coverage,34,34,Australia|Brazil|Canada|Chile|ChinaA|ChinaH|Denmark|France|Germany|Hong Kong|India|Indonesia|Italy|Japan|Korea|Malaysia|Mexico|NASDAQ|Netherlands|Philippines|Poland|Saudi Arabia|Singapore|South Africa|Spain|Sweden|Switzerland|Taiwan|Thailand|Turkey|U.K.|U.S.|US SmallCap|Vietnam,2000-02-01,2026-08-01,Higher = more vulnerability after component-specific orientation,unknown,"Keep level and one predeclared change separate; trailing/fold-local scale; sign into state, not assumed return direction.",Monthly rows shifted first day next month; source date known at preceding close only for market fields,Macro/financial-statement fields retain provider revision/restatement risk,2026-08-21 full-sample winsorizer removed; strictly prior EWM spike clipping; reconcile workbook/build lineage and prefix tests.,CONDITIONAL_SOURCE_REPLAY,False,"Current builder has causal spike guard, but monthly warehouse has not been proven regenerated from that code. Raw workbook reread and mask recovery can use existing ASADO files."
14,Market trend fragility,Currency,t2_raw,t2_raw,warehouse,Data/work/t2/T2 Master.xlsx,M,10846,10846,10846,0.0,Not inferred from omitted rows; see DATA_AUDIT.md for denominator and selected matched coverage,34,34,Australia|Brazil|Canada|Chile|ChinaA|ChinaH|Denmark|France|Germany|Hong Kong|India|Indonesia|Italy|Japan|Korea|Malaysia|Mexico|NASDAQ|Netherlands|Philippines|Poland|Saudi Arabia|Singapore|South Africa|Spain|Sweden|Switzerland|Taiwan|Thailand|Turkey|U.K.|U.S.|US SmallCap|Vietnam,2000-02-01,2026-08-01,Higher = stronger trend or more fragility (separate),unknown,"Keep level and one predeclared change separate; trailing/fold-local scale; sign into state, not assumed return direction.",Monthly rows shifted first day next month; source date known at preceding close only for market fields,Macro/financial-statement fields retain provider revision/restatement risk,2026-08-21 full-sample winsorizer removed; strictly prior EWM spike clipping; reconcile workbook/build lineage and prefix tests.,CONDITIONAL_SOURCE_REPLAY,False,"Current builder has causal spike guard, but monthly warehouse has not been proven regenerated from that code. Raw workbook reread and mask recovery can use existing ASADO files."
14,Market trend fragility,3MTR,t2_raw,t2_raw,warehouse,Data/work/t2/T2 Master.xlsx,M,10487,10487,10487,0.0,Not inferred from omitted rows; see DATA_AUDIT.md for denominator and selected matched coverage,34,34,Australia|Brazil|Canada|Chile|ChinaA|ChinaH|Denmark|France|Germany|Hong Kong|India|Indonesia|Italy|Japan|Korea|Malaysia|Mexico|NASDAQ|Netherlands|Philippines|Poland|Saudi Arabia|Singapore|South Africa|Spain|Sweden|Switzerland|Taiwan|Thailand|Turkey|U.K.|U.S.|US SmallCap|Vietnam,2000-05-01,2026-08-01,Higher = stronger trend or more fragility (separate),lower_is_better,"Keep level and one predeclared change separate; trailing/fold-local scale; sign into state, not assumed return direction.",Monthly rows shifted first day next month; source date known at preceding close only for market fields,Macro/financial-statement fields retain provider revision/restatement risk,2026-08-21 full-sample winsorizer removed; strictly prior EWM spike clipping; reconcile workbook/build lineage and prefix tests.,CONDITIONAL_SOURCE_REPLAY,False,"Current builder has causal spike guard, but monthly warehouse has not been proven regenerated from that code. Raw workbook reread and mask recovery can use existing ASADO files."
12,Terms of trade commodity impulse,Copper,t2_raw,t2_raw,warehouse,Data/work/t2/T2 Master.xlsx,M,10846,10846,10846,0.0,Not inferred from omitted rows; see DATA_AUDIT.md for denominator and selected matched coverage,34,34,Australia|Brazil|Canada|Chile|ChinaA|ChinaH|Denmark|France|Germany|Hong Kong|India|Indonesia|Italy|Japan|Korea|Malaysia|Mexico|NASDAQ|Netherlands|Philippines|Poland|Saudi Arabia|Singapore|South Africa|Spain|Sweden|Switzerland|Taiwan|Thailand|Turkey|U.K.|U.S.|US SmallCap|Vietnam,2000-02-01,2026-08-01,Higher = country benefit after exposure sign; no uniform sign,unknown,"Keep level and one predeclared change separate; trailing/fold-local scale; sign into state, not assumed return direction.",Monthly rows shifted first day next month; source date known at preceding close only for market fields,Macro/financial-statement fields retain provider revision/restatement risk,2026-08-21 full-sample winsorizer removed; strictly prior EWM spike clipping; reconcile workbook/build lineage and prefix tests.,CONDITIONAL_SOURCE_REPLAY,False,"Current builder has causal spike guard, but monthly warehouse has not been proven regenerated from that code. Raw workbook reread and mask recovery can use existing ASADO files. Commodity names may represent exposure betas in transformed family; inspect raw workbook vs output, never infer price from variable name."
7,Sovereign fiscal stress,Budget Def,t2_raw,t2_raw,warehouse,Data/work/t2/T2 Master.xlsx,M,805,805,805,0.0,Not inferred from omitted rows; see DATA_AUDIT.md for denominator and selected matched coverage,32,32,Australia|Brazil|Canada|Chile|ChinaA|ChinaH|Denmark|France|Germany|Hong Kong|India|Indonesia|Italy|Japan|Korea|Malaysia|Mexico|NASDAQ|Netherlands|Philippines|Poland|Singapore|South Africa|Spain|Sweden|Switzerland|Taiwan|Thailand|Turkey|U.K.|U.S.|US SmallCap,2001-01-01,2026-01-01,Higher = more sovereign stress after component-specific orientation,unknown,"Keep level and one predeclared change separate; trailing/fold-local scale; sign into state, not assumed return direction.",Monthly rows shifted first day next month; source date known at preceding close only for market fields,Macro/financial-statement fields retain provider revision/restatement risk,2026-08-21 full-sample winsorizer removed; strictly prior EWM spike clipping; reconcile workbook/build lineage and prefix tests.,QUARANTINE_LATEST_VINTAGE,False,"Current builder has causal spike guard, but monthly warehouse has not been proven regenerated from that code. Raw workbook reread and mask recovery can use existing ASADO files."
13,Valuation expected return,Shiller PE,t2_raw,t2_raw,warehouse,Data/work/t2/T2 Master.xlsx,M,7583,7583,7583,0.0,Not inferred from omitted rows; see DATA_AUDIT.md for denominator and selected matched coverage,28,28,Australia|Canada|Chile|ChinaA|ChinaH|Denmark|France|Germany|Hong Kong|India|Italy|Japan|Korea|Malaysia|Mexico|NASDAQ|Netherlands|Poland|Saudi Arabia|Singapore|South Africa|Switzerland|Taiwan|Thailand|Turkey|U.K.|U.S.|US SmallCap,2000-02-01,2026-08-01,Higher = more expected-return attractiveness after component-specific orientation,lower_is_better,"Keep level and one predeclared change separate; trailing/fold-local scale; sign into state, not assumed return direction.",Monthly rows shifted first day next month; source date known at preceding close only for market fields,Macro/financial-statement fields retain provider revision/restatement risk,2026-08-21 full-sample winsorizer removed; strictly prior EWM spike clipping; reconcile workbook/build lineage and prefix tests.,CONDITIONAL_SOURCE_REPLAY,False,"Current builder has causal spike guard, but monthly warehouse has not been proven regenerated from that code. Raw workbook reread and mask recovery can use existing ASADO files."
12,Terms of trade commodity impulse,Oil 12,t2_raw,t2_raw,warehouse,Data/work/t2/T2 Master.xlsx,M,10438,10438,10438,0.0,Not inferred from omitted rows; see DATA_AUDIT.md for denominator and selected matched coverage,34,34,Australia|Brazil|Canada|Chile|ChinaA|ChinaH|Denmark|France|Germany|Hong Kong|India|Indonesia|Italy|Japan|Korea|Malaysia|Mexico|NASDAQ|Netherlands|Philippines|Poland|Saudi Arabia|Singapore|South Africa|Spain|Sweden|Switzerland|Taiwan|Thailand|Turkey|U.K.|U.S.|US SmallCap|Vietnam,2001-02-01,2026-08-01,Higher = country benefit after exposure sign; no uniform sign,unknown,"Keep level and one predeclared change separate; trailing/fold-local scale; sign into state, not assumed return direction.",Monthly rows shifted first day next month; source date known at preceding close only for market fields,Macro/financial-statement fields retain provider revision/restatement risk,2026-08-21 full-sample winsorizer removed; strictly prior EWM spike clipping; reconcile workbook/build lineage and prefix tests.,CONDITIONAL_SOURCE_REPLAY,False,"Current builder has causal spike guard, but monthly warehouse has not been proven regenerated from that code. Raw workbook reread and mask recovery can use existing ASADO files. Commodity names may represent exposure betas in transformed family; inspect raw workbook vs output, never infer price from variable name."
12,Terms of trade commodity impulse,Agriculture,t2_raw,t2_raw,warehouse,Data/work/t2/T2 Master.xlsx,M,10846,10846,10846,0.0,Not inferred from omitted rows; see DATA_AUDIT.md for denominator and selected matched coverage,34,34,Australia|Brazil|Canada|Chile|ChinaA|ChinaH|Denmark|France|Germany|Hong Kong|India|Indonesia|Italy|Japan|Korea|Malaysia|Mexico|NASDAQ|Netherlands|Philippines|Poland|Saudi Arabia|Singapore|South Africa|Spain|Sweden|Switzerland|Taiwan|Thailand|Turkey|U.K.|U.S.|US SmallCap|Vietnam,2000-02-01,2026-08-01,Higher = country benefit after exposure sign; no uniform sign,unknown,"Keep level and one predeclared change separate; trailing/fold-local scale; sign into state, not assumed return direction.",Monthly rows shifted first day next month; source date known at preceding close only for market fields,Macro/financial-statement fields retain provider revision/restatement risk,2026-08-21 full-sample winsorizer removed; strictly prior EWM spike clipping; reconcile workbook/build lineage and prefix tests.,CONDITIONAL_SOURCE_REPLAY,False,"Current builder has causal spike guard, but monthly warehouse has not been proven regenerated from that code. Raw workbook reread and mask recovery can use existing ASADO files. Commodity names may represent exposure betas in transformed family; inspect raw workbook vs output, never infer price from variable name."
13,Valuation expected return,Earnings Yield,t2_raw,t2_raw,warehouse,Data/work/t2/T2 Master.xlsx,M,10402,10402,10402,0.0,Not inferred from omitted rows; see DATA_AUDIT.md for denominator and selected matched coverage,34,34,Australia|Brazil|Canada|Chile|ChinaA|ChinaH|Denmark|France|Germany|Hong Kong|India|Indonesia|Italy|Japan|Korea|Malaysia|Mexico|NASDAQ|Netherlands|Philippines|Poland|Saudi Arabia|Singapore|South Africa|Spain|Sweden|Switzerland|Taiwan|Thailand|Turkey|U.K.|U.S.|US SmallCap|Vietnam,2000-02-01,2026-08-01,Higher = more expected-return attractiveness after component-specific orientation,unknown,"Keep level and one predeclared change separate; trailing/fold-local scale; sign into state, not assumed return direction.",Monthly rows shifted first day next month; source date known at preceding close only for market fields,Macro/financial-statement fields retain provider revision/restatement risk,2026-08-21 full-sample winsorizer removed; strictly prior EWM spike clipping; reconcile workbook/build lineage and prefix tests.,CONDITIONAL_SOURCE_REPLAY,False,"Current builder has causal spike guard, but monthly warehouse has not been proven regenerated from that code. Raw workbook reread and mask recovery can use existing ASADO files."
13,Valuation expected return,BEST EPS,t2_raw,t2_raw,warehouse,Data/work/t2/T2 Master.xlsx,M,8769,8769,8769,0.0,Not inferred from omitted rows; see DATA_AUDIT.md for denominator and selected matched coverage,34,34,Australia|Brazil|Canada|Chile|ChinaA|ChinaH|Denmark|France|Germany|Hong Kong|India|Indonesia|Italy|Japan|Korea|Malaysia|Mexico|NASDAQ|Netherlands|Philippines|Poland|Saudi Arabia|Singapore|South Africa|Spain|Sweden|Switzerland|Taiwan|Thailand|Turkey|U.K.|U.S.|US SmallCap|Vietnam,2000-02-01,2026-08-01,Higher = more expected-return attractiveness after component-specific orientation,unknown,"Keep level and one predeclared change separate; trailing/fold-local scale; sign into state, not assumed return direction.",Monthly rows shifted first day next month; source date known at preceding close only for market fields,Macro/financial-statement fields retain provider revision/restatement risk,2026-08-21 full-sample winsorizer removed; strictly prior EWM spike clipping; reconcile workbook/build lineage and prefix tests.,CONDITIONAL_SOURCE_REPLAY,False,"Current builder has causal spike guard, but monthly warehouse has not been proven regenerated from that code. Raw workbook reread and mask recovery can use existing ASADO files."
13,Valuation expected return,Trailing EPS,t2_raw,t2_raw,warehouse,Data/work/t2/T2 Master.xlsx,M,10199,10199,10199,0.0,Not inferred from omitted rows; see DATA_AUDIT.md for denominator and selected matched coverage,34,34,Australia|Brazil|Canada|Chile|ChinaA|ChinaH|Denmark|France|Germany|Hong Kong|India|Indonesia|Italy|Japan|Korea|Malaysia|Mexico|NASDAQ|Netherlands|Philippines|Poland|Saudi Arabia|Singapore|South Africa|Spain|Sweden|Switzerland|Taiwan|Thailand|Turkey|U.K.|U.S.|US SmallCap|Vietnam,2000-02-01,2026-08-01,Higher = more expected-return attractiveness after component-specific orientation,unknown,"Keep level and one predeclared change separate; trailing/fold-local scale; sign into state, not assumed return direction.",Monthly rows shifted first day next month; source date known at preceding close only for market fields,Macro/financial-statement fields retain provider revision/restatement risk,2026-08-21 full-sample winsorizer removed; strictly prior EWM spike clipping; reconcile workbook/build lineage and prefix tests.,CONDITIONAL_SOURCE_REPLAY,False,"Current builder has causal spike guard, but monthly warehouse has not been proven regenerated from that code. Raw workbook reread and mask recovery can use existing ASADO files."
7,Sovereign fiscal stress,Bloom Country Risk,t2_raw,t2_raw,warehouse,Data/work/t2/T2 Master.xlsx,M,2244,2244,2244,0.0,Not inferred from omitted rows; see DATA_AUDIT.md for denominator and selected matched coverage,34,34,Australia|Brazil|Canada|Chile|ChinaA|ChinaH|Denmark|France|Germany|Hong Kong|India|Indonesia|Italy|Japan|Korea|Malaysia|Mexico|NASDAQ|Netherlands|Philippines|Poland|Saudi Arabia|Singapore|South Africa|Spain|Sweden|Switzerland|Taiwan|Thailand|Turkey|U.K.|U.S.|US SmallCap|Vietnam,2009-07-01,2025-10-01,Higher = more sovereign stress after component-specific orientation,lower_is_better,"Keep level and one predeclared change separate; trailing/fold-local scale; sign into state, not assumed return direction.",Monthly rows shifted first day next month; source date known at preceding close only for market fields,Macro/financial-statement fields retain provider revision/restatement risk,2026-08-21 full-sample winsorizer removed; strictly prior EWM spike clipping; reconcile workbook/build lineage and prefix tests.,CONDITIONAL_SOURCE_REPLAY,False,"Current builder has causal spike guard, but monthly warehouse has not been proven regenerated from that code. Raw workbook reread and mask recovery can use existing ASADO files."
14,Market trend fragility,120MA,t2_raw,t2_raw,warehouse,Data/work/t2/T2 Master.xlsx,M,10133,10133,10133,0.0,Not inferred from omitted rows; see DATA_AUDIT.md for denominator and selected matched coverage,34,34,Australia|Brazil|Canada|Chile|ChinaA|ChinaH|Denmark|France|Germany|Hong Kong|India|Indonesia|Italy|Japan|Korea|Malaysia|Mexico|NASDAQ|Netherlands|Philippines|Poland|Saudi Arabia|Singapore|South Africa|Spain|Sweden|Switzerland|Taiwan|Thailand|Turkey|U.K.|U.S.|US SmallCap|Vietnam,2000-02-01,2026-08-01,Higher = stronger trend or more fragility (separate),unknown,"Keep level and one predeclared change separate; trailing/fold-local scale; sign into state, not assumed return direction.",Monthly rows shifted first day next month; source date known at preceding close only for market fields,Macro/financial-statement fields retain provider revision/restatement risk,2026-08-21 full-sample winsorizer removed; strictly prior EWM spike clipping; reconcile workbook/build lineage and prefix tests.,CONDITIONAL_SOURCE_REPLAY,False,"Current builder has causal spike guard, but monthly warehouse has not been proven regenerated from that code. Raw workbook reread and mask recovery can use existing ASADO files."
13,Valuation expected return,Best ROE,t2_raw,t2_raw,warehouse,Data/work/t2/T2 Master.xlsx,M,8165,8165,8165,0.0,Not inferred from omitted rows; see DATA_AUDIT.md for denominator and selected matched coverage,34,34,Australia|Brazil|Canada|Chile|ChinaA|ChinaH|Denmark|France|Germany|Hong Kong|India|Indonesia|Italy|Japan|Korea|Malaysia|Mexico|NASDAQ|Netherlands|Philippines|Poland|Saudi Arabia|Singapore|South Africa|Spain|Sweden|Switzerland|Taiwan|Thailand|Turkey|U.K.|U.S.|US SmallCap|Vietnam,2005-09-01,2026-08-01,Higher = more expected-return attractiveness after component-specific orientation,unknown,"Keep level and one predeclared change separate; trailing/fold-local scale; sign into state, not assumed return direction.",Monthly rows shifted first day next month; source date known at preceding close only for market fields,Macro/financial-statement fields retain provider revision/restatement risk,2026-08-21 full-sample winsorizer removed; strictly prior EWM spike clipping; reconcile workbook/build lineage and prefix tests.,CONDITIONAL_SOURCE_REPLAY,False,"Current builder has causal spike guard, but monthly warehouse has not been proven regenerated from that code. Raw workbook reread and mask recovery can use existing ASADO files."
13,Valuation expected return,Best PBK,t2_raw,t2_raw,warehouse,Data/work/t2/T2 Master.xlsx,M,8186,8186,8186,0.0,Not inferred from omitted rows; see DATA_AUDIT.md for denominator and selected matched coverage,34,34,Australia|Brazil|Canada|Chile|ChinaA|ChinaH|Denmark|France|Germany|Hong Kong|India|Indonesia|Italy|Japan|Korea|Malaysia|Mexico|NASDAQ|Netherlands|Philippines|Poland|Saudi Arabia|Singapore|South Africa|Spain|Sweden|Switzerland|Taiwan|Thailand|Turkey|U.K.|U.S.|US SmallCap|Vietnam,2005-04-01,2026-08-01,Higher = more expected-return attractiveness after component-specific orientation,lower_is_better,"Keep level and one predeclared change separate; trailing/fold-local scale; sign into state, not assumed return direction.",Monthly rows shifted first day next month; source date known at preceding close only for market fields,Macro/financial-statement fields retain provider revision/restatement risk,2026-08-21 full-sample winsorizer removed; strictly prior EWM spike clipping; reconcile workbook/build lineage and prefix tests.,CONDITIONAL_SOURCE_REPLAY,False,"Current builder has causal spike guard, but monthly warehouse has not been proven regenerated from that code. Raw workbook reread and mask recovery can use existing ASADO files."
14,Market trend fragility,12MTR,t2_raw,t2_raw,warehouse,Data/work/t2/T2 Master.xlsx,M,10181,10181,10181,0.0,Not inferred from omitted rows; see DATA_AUDIT.md for denominator and selected matched coverage,34,34,Australia|Brazil|Canada|Chile|ChinaA|ChinaH|Denmark|France|Germany|Hong Kong|India|Indonesia|Italy|Japan|Korea|Malaysia|Mexico|NASDAQ|Netherlands|Philippines|Poland|Saudi Arabia|Singapore|South Africa|Spain|Sweden|Switzerland|Taiwan|Thailand|Turkey|U.K.|U.S.|US SmallCap|Vietnam,2001-02-01,2026-08-01,Higher = stronger trend or more fragility (separate),unknown,"Keep level and one predeclared change separate; trailing/fold-local scale; sign into state, not assumed return direction.",Monthly rows shifted first day next month; source date known at preceding close only for market fields,Macro/financial-statement fields retain provider revision/restatement risk,2026-08-21 full-sample winsorizer removed; strictly prior EWM spike clipping; reconcile workbook/build lineage and prefix tests.,CONDITIONAL_SOURCE_REPLAY,False,"Current builder has causal spike guard, but monthly warehouse has not been proven regenerated from that code. Raw workbook reread and mask recovery can use existing ASADO files."
12,Terms of trade commodity impulse,Agriculture 12,t2_raw,t2_raw,warehouse,Data/work/t2/T2 Master.xlsx,M,10438,10438,10438,0.0,Not inferred from omitted rows; see DATA_AUDIT.md for denominator and selected matched coverage,34,34,Australia|Brazil|Canada|Chile|ChinaA|ChinaH|Denmark|France|Germany|Hong Kong|India|Indonesia|Italy|Japan|Korea|Malaysia|Mexico|NASDAQ|Netherlands|Philippines|Poland|Saudi Arabia|Singapore|South Africa|Spain|Sweden|Switzerland|Taiwan|Thailand|Turkey|U.K.|U.S.|US SmallCap|Vietnam,2001-02-01,2026-08-01,Higher = country benefit after exposure sign; no uniform sign,unknown,"Keep level and one predeclared change separate; trailing/fold-local scale; sign into state, not assumed return direction.",Monthly rows shifted first day next month; source date known at preceding close only for market fields,Macro/financial-statement fields retain provider revision/restatement risk,2026-08-21 full-sample winsorizer removed; strictly prior EWM spike clipping; reconcile workbook/build lineage and prefix tests.,CONDITIONAL_SOURCE_REPLAY,False,"Current builder has causal spike guard, but monthly warehouse has not been proven regenerated from that code. Raw workbook reread and mask recovery can use existing ASADO files. Commodity names may represent exposure betas in transformed family; inspect raw workbook vs output, never infer price from variable name."
6,External vulnerability,REER,t2_raw,t2_raw,warehouse,Data/work/t2/T2 Master.xlsx,M,10812,10812,10812,0.0,Not inferred from omitted rows; see DATA_AUDIT.md for denominator and selected matched coverage,34,34,Australia|Brazil|Canada|Chile|ChinaA|ChinaH|Denmark|France|Germany|Hong Kong|India|Indonesia|Italy|Japan|Korea|Malaysia|Mexico|NASDAQ|Netherlands|Philippines|Poland|Saudi Arabia|Singapore|South Africa|Spain|Sweden|Switzerland|Taiwan|Thailand|Turkey|U.K.|U.S.|US SmallCap|Vietnam,2000-02-01,2026-07-01,Higher = more vulnerability after component-specific orientation,lower_is_better,"Keep level and one predeclared change separate; trailing/fold-local scale; sign into state, not assumed return direction.",Monthly rows shifted first day next month; source date known at preceding close only for market fields,Macro/financial-statement fields retain provider revision/restatement risk,2026-08-21 full-sample winsorizer removed; strictly prior EWM spike clipping; reconcile workbook/build lineage and prefix tests.,QUARANTINE_LATEST_VINTAGE,False,"Current builder has causal spike guard, but monthly warehouse has not been proven regenerated from that code. Raw workbook reread and mask recovery can use existing ASADO files."
4,Inflation regime,Inflation,t2_raw,t2_raw,warehouse,Data/work/t2/T2 Master.xlsx,M,10140,10140,10140,0.0,Not inferred from omitted rows; see DATA_AUDIT.md for denominator and selected matched coverage,34,34,Australia|Brazil|Canada|Chile|ChinaA|ChinaH|Denmark|France|Germany|Hong Kong|India|Indonesia|Italy|Japan|Korea|Malaysia|Mexico|NASDAQ|Netherlands|Philippines|Poland|Saudi Arabia|Singapore|South Africa|Spain|Sweden|Switzerland|Taiwan|Thailand|Turkey|U.K.|U.S.|US SmallCap|Vietnam,2000-02-01,2026-08-01,Higher = higher inflation pressure,unknown,"Keep level and one predeclared change separate; trailing/fold-local scale; sign into state, not assumed return direction.",Monthly rows shifted first day next month; source date known at preceding close only for market fields,Macro/financial-statement fields retain provider revision/restatement risk,2026-08-21 full-sample winsorizer removed; strictly prior EWM spike clipping; reconcile workbook/build lineage and prefix tests.,QUARANTINE_LATEST_VINTAGE,False,"Current builder has causal spike guard, but monthly warehouse has not been proven regenerated from that code. Raw workbook reread and mask recovery can use existing ASADO files."
3,Real monetary tightness,Inflation,t2_raw,t2_raw,warehouse,Data/work/t2/T2 Master.xlsx,M,10140,10140,10140,0.0,Not inferred from omitted rows; see DATA_AUDIT.md for denominator and selected matched coverage,34,34,Australia|Brazil|Canada|Chile|ChinaA|ChinaH|Denmark|France|Germany|Hong Kong|India|Indonesia|Italy|Japan|Korea|Malaysia|Mexico|NASDAQ|Netherlands|Philippines|Poland|Saudi Arabia|Singapore|South Africa|Spain|Sweden|Switzerland|Taiwan|Thailand|Turkey|U.K.|U.S.|US SmallCap|Vietnam,2000-02-01,2026-08-01,Higher = tighter real policy,unknown,"Keep level and one predeclared change separate; trailing/fold-local scale; sign into state, not assumed return direction.",Monthly rows shifted first day next month; source date known at preceding close only for market fields,Macro/financial-statement fields retain provider revision/restatement risk,2026-08-21 full-sample winsorizer removed; strictly prior EWM spike clipping; reconcile workbook/build lineage and prefix tests.,QUARANTINE_LATEST_VINTAGE,False,"Current builder has causal spike guard, but monthly warehouse has not been proven regenerated from that code. Raw workbook reread and mask recovery can use existing ASADO files."
14,Market trend fragility,PX_LAST,t2_raw,t2_raw,warehouse,Data/work/t2/T2 Master.xlsx,M,10589,10589,10589,0.0,Not inferred from omitted rows; see DATA_AUDIT.md for denominator and selected matched coverage,34,34,Australia|Brazil|Canada|Chile|ChinaA|ChinaH|Denmark|France|Germany|Hong Kong|India|Indonesia|Italy|Japan|Korea|Malaysia|Mexico|NASDAQ|Netherlands|Philippines|Poland|Saudi Arabia|Singapore|South Africa|Spain|Sweden|Switzerland|Taiwan|Thailand|Turkey|U.K.|U.S.|US SmallCap|Vietnam,2000-02-01,2026-08-01,Higher = stronger trend or more fragility (separate),unknown,"Keep level and one predeclared change separate; trailing/fold-local scale; sign into state, not assumed return direction.",Monthly rows shifted first day next month; source date known at preceding close only for market fields,Macro/financial-statement fields retain provider revision/restatement risk,2026-08-21 full-sample winsorizer removed; strictly prior EWM spike clipping; reconcile workbook/build lineage and prefix tests.,CONDITIONAL_SOURCE_REPLAY,False,"Current builder has causal spike guard, but monthly warehouse has not been proven regenerated from that code. Raw workbook reread and mask recovery can use existing ASADO files."
13,Valuation expected return,Positive PE,t2_raw,t2_raw,warehouse,Data/work/t2/T2 Master.xlsx,M,8177,8177,8177,0.0,Not inferred from omitted rows; see DATA_AUDIT.md for denominator and selected matched coverage,34,34,Australia|Brazil|Canada|Chile|ChinaA|ChinaH|Denmark|France|Germany|Hong Kong|India|Indonesia|Italy|Japan|Korea|Malaysia|Mexico|NASDAQ|Netherlands|Philippines|Poland|Saudi Arabia|Singapore|South Africa|Spain|Sweden|Switzerland|Taiwan|Thailand|Turkey|U.K.|U.S.|US SmallCap|Vietnam,2005-05-01,2026-08-01,Higher = more expected-return attractiveness after component-specific orientation,lower_is_better,"Keep level and one predeclared change separate; trailing/fold-local scale; sign into state, not assumed return direction.",Monthly rows shifted first day next month; source date known at preceding close only for market fields,Macro/financial-statement fields retain provider revision/restatement risk,2026-08-21 full-sample winsorizer removed; strictly prior EWM spike clipping; reconcile workbook/build lineage and prefix tests.,CONDITIONAL_SOURCE_REPLAY,False,"Current builder has causal spike guard, but monthly warehouse has not been proven regenerated from that code. Raw workbook reread and mask recovery can use existing ASADO files."
10,Capital flows positioning,MCAP Adj,t2_raw,t2_raw,warehouse,Data/work/t2/T2 Master.xlsx,M,9417,9417,9417,0.0,Not inferred from omitted rows; see DATA_AUDIT.md for denominator and selected matched coverage,34,34,Australia|Brazil|Canada|Chile|ChinaA|ChinaH|Denmark|France|Germany|Hong Kong|India|Indonesia|Italy|Japan|Korea|Malaysia|Mexico|NASDAQ|Netherlands|Philippines|Poland|Saudi Arabia|Singapore|South Africa|Spain|Sweden|Switzerland|Taiwan|Thailand|Turkey|U.K.|U.S.|US SmallCap|Vietnam,2000-02-01,2026-08-01,Higher = inflow/crowding (distinct impulse/extreme),unknown,"Keep level and one predeclared change separate; trailing/fold-local scale; sign into state, not assumed return direction.",Monthly rows shifted first day next month; source date known at preceding close only for market fields,Macro/financial-statement fields retain provider revision/restatement risk,2026-08-21 full-sample winsorizer removed; strictly prior EWM spike clipping; reconcile workbook/build lineage and prefix tests.,CONDITIONAL_SOURCE_REPLAY,False,"Current builder has causal spike guard, but monthly warehouse has not been proven regenerated from that code. Raw workbook reread and mask recovery can use existing ASADO files."
14,Market trend fragility,1MTR,t2_raw,t2_raw,warehouse,Data/work/t2/T2 Master.xlsx,M,10555,10555,10555,0.0,Not inferred from omitted rows; see DATA_AUDIT.md for denominator and selected matched coverage,34,34,Australia|Brazil|Canada|Chile|ChinaA|ChinaH|Denmark|France|Germany|Hong Kong|India|Indonesia|Italy|Japan|Korea|Malaysia|Mexico|NASDAQ|Netherlands|Philippines|Poland|Saudi Arabia|Singapore|South Africa|Spain|Sweden|Switzerland|Taiwan|Thailand|Turkey|U.K.|U.S.|US SmallCap|Vietnam,2000-03-01,2026-08-01,Higher = stronger trend or more fragility (separate),lower_is_better,"Keep level and one predeclared change separate; trailing/fold-local scale; sign into state, not assumed return direction.",Monthly rows shifted first day next month; source date known at preceding close only for market fields,Macro/financial-statement fields retain provider revision/restatement risk,2026-08-21 full-sample winsorizer removed; strictly prior EWM spike clipping; reconcile workbook/build lineage and prefix tests.,CONDITIONAL_SOURCE_REPLAY,False,"Current builder has causal spike guard, but monthly warehouse has not been proven regenerated from that code. Raw workbook reread and mask recovery can use existing ASADO files."
13,Valuation expected return,Trailing EPS 36,t2_raw,t2_raw,warehouse,Data/work/t2/T2 Master.xlsx,M,8975,8975,8975,0.0,Not inferred from omitted rows; see DATA_AUDIT.md for denominator and selected matched coverage,34,34,Australia|Brazil|Canada|Chile|ChinaA|ChinaH|Denmark|France|Germany|Hong Kong|India|Indonesia|Italy|Japan|Korea|Malaysia|Mexico|NASDAQ|Netherlands|Philippines|Poland|Saudi Arabia|Singapore|South Africa|Spain|Sweden|Switzerland|Taiwan|Thailand|Turkey|U.K.|U.S.|US SmallCap|Vietnam,2003-02-01,2026-08-01,Higher = more expected-return attractiveness after component-specific orientation,unknown,"Keep level and one predeclared change separate; trailing/fold-local scale; sign into state, not assumed return direction.",Monthly rows shifted first day next month; source date known at preceding close only for market fields,Macro/financial-statement fields retain provider revision/restatement risk,2026-08-21 full-sample winsorizer removed; strictly prior EWM spike clipping; reconcile workbook/build lineage and prefix tests.,CONDITIONAL_SOURCE_REPLAY,False,"Current builder has causal spike guard, but monthly warehouse has not been proven regenerated from that code. Raw workbook reread and mask recovery can use existing ASADO files."
13,Valuation expected return,Debt to EV,t2_raw,t2_raw,warehouse,Data/work/t2/T2 Master.xlsx,M,10426,10426,10426,0.0,Not inferred from omitted rows; see DATA_AUDIT.md for denominator and selected matched coverage,34,34,Australia|Brazil|Canada|Chile|ChinaA|ChinaH|Denmark|France|Germany|Hong Kong|India|Indonesia|Italy|Japan|Korea|Malaysia|Mexico|NASDAQ|Netherlands|Philippines|Poland|Saudi Arabia|Singapore|South Africa|Spain|Sweden|Switzerland|Taiwan|Thailand|Turkey|U.K.|U.S.|US SmallCap|Vietnam,2000-02-01,2026-08-01,Higher = more expected-return attractiveness after component-specific orientation,unknown,"Keep level and one predeclared change separate; trailing/fold-local scale; sign into state, not assumed return direction.",Monthly rows shifted first day next month; source date known at preceding close only for market fields,Macro/financial-statement fields retain provider revision/restatement risk,2026-08-21 full-sample winsorizer removed; strictly prior EWM spike clipping; reconcile workbook/build lineage and prefix tests.,CONDITIONAL_SOURCE_REPLAY,False,"Current builder has causal spike guard, but monthly warehouse has not been proven regenerated from that code. Raw workbook reread and mask recovery can use existing ASADO files."
6,External vulnerability,Currency Vol,t2_raw,t2_raw,warehouse,Data/work/t2/T2 Master.xlsx,M,10846,10846,10846,0.0,Not inferred from omitted rows; see DATA_AUDIT.md for denominator and selected matched coverage,34,34,Australia|Brazil|Canada|Chile|ChinaA|ChinaH|Denmark|France|Germany|Hong Kong|India|Indonesia|Italy|Japan|Korea|Malaysia|Mexico|NASDAQ|Netherlands|Philippines|Poland|Saudi Arabia|Singapore|South Africa|Spain|Sweden|Switzerland|Taiwan|Thailand|Turkey|U.K.|U.S.|US SmallCap|Vietnam,2000-02-01,2026-08-01,Higher = more vulnerability after component-specific orientation,unknown,"Keep level and one predeclared change separate; trailing/fold-local scale; sign into state, not assumed return direction.",Monthly rows shifted first day next month; source date known at preceding close only for market fields,Macro/financial-statement fields retain provider revision/restatement risk,2026-08-21 full-sample winsorizer removed; strictly prior EWM spike clipping; reconcile workbook/build lineage and prefix tests.,CONDITIONAL_SOURCE_REPLAY,False,"Current builder has causal spike guard, but monthly warehouse has not been proven regenerated from that code. Raw workbook reread and mask recovery can use existing ASADO files."
14,Market trend fragility,Currency Vol,t2_raw,t2_raw,warehouse,Data/work/t2/T2 Master.xlsx,M,10846,10846,10846,0.0,Not inferred from omitted rows; see DATA_AUDIT.md for denominator and selected matched coverage,34,34,Australia|Brazil|Canada|Chile|ChinaA|ChinaH|Denmark|France|Germany|Hong Kong|India|Indonesia|Italy|Japan|Korea|Malaysia|Mexico|NASDAQ|Netherlands|Philippines|Poland|Saudi Arabia|Singapore|South Africa|Spain|Sweden|Switzerland|Taiwan|Thailand|Turkey|U.K.|U.S.|US SmallCap|Vietnam,2000-02-01,2026-08-01,Higher = stronger trend or more fragility (separate),unknown,"Keep level and one predeclared change separate; trailing/fold-local scale; sign into state, not assumed return direction.",Monthly rows shifted first day next month; source date known at preceding close only for market fields,Macro/financial-statement fields retain provider revision/restatement risk,2026-08-21 full-sample winsorizer removed; strictly prior EWM spike clipping; reconcile workbook/build lineage and prefix tests.,CONDITIONAL_SOURCE_REPLAY,False,"Current builder has causal spike guard, but monthly warehouse has not been proven regenerated from that code. Raw workbook reread and mask recovery can use existing ASADO files."
14,Market trend fragility,12-1MTR,t2_raw,t2_raw,warehouse,Data/work/t2/T2 Master.xlsx,M,10181,10181,10181,0.0,Not inferred from omitted rows; see DATA_AUDIT.md for denominator and selected matched coverage,34,34,Australia|Brazil|Canada|Chile|ChinaA|ChinaH|Denmark|France|Germany|Hong Kong|India|Indonesia|Italy|Japan|Korea|Malaysia|Mexico|NASDAQ|Netherlands|Philippines|Poland|Saudi Arabia|Singapore|South Africa|Spain|Sweden|Switzerland|Taiwan|Thailand|Turkey|U.K.|U.S.|US SmallCap|Vietnam,2001-02-01,2026-08-01,Higher = stronger trend or more fragility (separate),unknown,"Keep level and one predeclared change separate; trailing/fold-local scale; sign into state, not assumed return direction.",Monthly rows shifted first day next month; source date known at preceding close only for market fields,Macro/financial-statement fields retain provider revision/restatement risk,2026-08-21 full-sample winsorizer removed; strictly prior EWM spike clipping; reconcile workbook/build lineage and prefix tests.,CONDITIONAL_SOURCE_REPLAY,False,"Current builder has causal spike guard, but monthly warehouse has not been proven regenerated from that code. Raw workbook reread and mask recovery can use existing ASADO files."
12,Terms of trade commodity impulse,Oil,t2_raw,t2_raw,warehouse,Data/work/t2/T2 Master.xlsx,M,10846,10846,10846,0.0,Not inferred from omitted rows; see DATA_AUDIT.md for denominator and selected matched coverage,34,34,Australia|Brazil|Canada|Chile|ChinaA|ChinaH|Denmark|France|Germany|Hong Kong|India|Indonesia|Italy|Japan|Korea|Malaysia|Mexico|NASDAQ|Netherlands|Philippines|Poland|Saudi Arabia|Singapore|South Africa|Spain|Sweden|Switzerland|Taiwan|Thailand|Turkey|U.K.|U.S.|US SmallCap|Vietnam,2000-02-01,2026-08-01,Higher = country benefit after exposure sign; no uniform sign,unknown,"Keep level and one predeclared change separate; trailing/fold-local scale; sign into state, not assumed return direction.",Monthly rows shifted first day next month; source date known at preceding close only for market fields,Macro/financial-statement fields retain provider revision/restatement risk,2026-08-21 full-sample winsorizer removed; strictly prior EWM spike clipping; reconcile workbook/build lineage and prefix tests.,CONDITIONAL_SOURCE_REPLAY,False,"Current builder has causal spike guard, but monthly warehouse has not been proven regenerated from that code. Raw workbook reread and mask recovery can use existing ASADO files. Commodity names may represent exposure betas in transformed family; inspect raw workbook vs output, never infer price from variable name."
7,Sovereign fiscal stress,Debt to GDP,t2_raw,t2_raw,warehouse,Data/work/t2/T2 Master.xlsx,M,543,543,543,0.0,Not inferred from omitted rows; see DATA_AUDIT.md for denominator and selected matched coverage,34,34,Australia|Brazil|Canada|Chile|ChinaA|ChinaH|Denmark|France|Germany|Hong Kong|India|Indonesia|Italy|Japan|Korea|Malaysia|Mexico|NASDAQ|Netherlands|Philippines|Poland|Saudi Arabia|Singapore|South Africa|Spain|Sweden|Switzerland|Taiwan|Thailand|Turkey|U.K.|U.S.|US SmallCap|Vietnam,2001-01-01,2016-01-01,Higher = more sovereign stress after component-specific orientation,lower_is_better,"Keep level and one predeclared change separate; trailing/fold-local scale; sign into state, not assumed return direction.",Monthly rows shifted first day next month; source date known at preceding close only for market fields,Macro/financial-statement fields retain provider revision/restatement risk,2026-08-21 full-sample winsorizer removed; strictly prior EWM spike clipping; reconcile workbook/build lineage and prefix tests.,QUARANTINE_LATEST_VINTAGE,False,"Current builder has causal spike guard, but monthly warehouse has not been proven regenerated from that code. Raw workbook reread and mask recovery can use existing ASADO files."
14,Market trend fragility,P2P,t2_raw,t2_raw,warehouse,Data/work/t2/T2 Master.xlsx,M,9043,9043,9043,0.0,Not inferred from omitted rows; see DATA_AUDIT.md for denominator and selected matched coverage,34,34,Australia|Brazil|Canada|Chile|ChinaA|ChinaH|Denmark|France|Germany|Hong Kong|India|Indonesia|Italy|Japan|Korea|Malaysia|Mexico|NASDAQ|Netherlands|Philippines|Poland|Saudi Arabia|Singapore|South Africa|Spain|Sweden|Switzerland|Taiwan|Thailand|Turkey|U.K.|U.S.|US SmallCap|Vietnam,2000-02-01,2026-08-01,Higher = stronger trend or more fragility (separate),unknown,"Keep level and one predeclared change separate; trailing/fold-local scale; sign into state, not assumed return direction.",Monthly rows shifted first day next month; source date known at preceding close only for market fields,Macro/financial-statement fields retain provider revision/restatement risk,2026-08-21 full-sample winsorizer removed; strictly prior EWM spike clipping; reconcile workbook/build lineage and prefix tests.,CONDITIONAL_SOURCE_REPLAY,False,"Current builder has causal spike guard, but monthly warehouse has not been proven regenerated from that code. Raw workbook reread and mask recovery can use existing ASADO files."
14,Market trend fragility,Tot Return Index,t2_raw,t2_raw,warehouse,Data/work/t2/T2 Master.xlsx,M,10589,10589,10589,0.0,Not inferred from omitted rows; see DATA_AUDIT.md for denominator and selected matched coverage,34,34,Australia|Brazil|Canada|Chile|ChinaA|ChinaH|Denmark|France|Germany|Hong Kong|India|Indonesia|Italy|Japan|Korea|Malaysia|Mexico|NASDAQ|Netherlands|Philippines|Poland|Saudi Arabia|Singapore|South Africa|Spain|Sweden|Switzerland|Taiwan|Thailand|Turkey|U.K.|U.S.|US SmallCap|Vietnam,2000-02-01,2026-08-01,Higher = stronger trend or more fragility (separate),unknown,"Keep level and one predeclared change separate; trailing/fold-local scale; sign into state, not assumed return direction.",Monthly rows shifted first day next month; source date known at preceding close only for market fields,Macro/financial-statement fields retain provider revision/restatement risk,2026-08-21 full-sample winsorizer removed; strictly prior EWM spike clipping; reconcile workbook/build lineage and prefix tests.,CONDITIONAL_SOURCE_REPLAY,False,"Current builder has causal spike guard, but monthly warehouse has not been proven regenerated from that code. Raw workbook reread and mask recovery can use existing ASADO files."
13,Valuation expected return,Trailing PE,t2_raw,t2_raw,warehouse,Data/work/t2/T2 Master.xlsx,M,10392,10392,10392,0.0,Not inferred from omitted rows; see DATA_AUDIT.md for denominator and selected matched coverage,34,34,Australia|Brazil|Canada|Chile|ChinaA|ChinaH|Denmark|France|Germany|Hong Kong|India|Indonesia|Italy|Japan|Korea|Malaysia|Mexico|NASDAQ|Netherlands|Philippines|Poland|Saudi Arabia|Singapore|South Africa|Spain|Sweden|Switzerland|Taiwan|Thailand|Turkey|U.K.|U.S.|US SmallCap|Vietnam,2000-02-01,2026-08-01,Higher = more expected-return attractiveness after component-specific orientation,lower_is_better,"Keep level and one predeclared change separate; trailing/fold-local scale; sign into state, not assumed return direction.",Monthly rows shifted first day next month; source date known at preceding close only for market fields,Macro/financial-statement fields retain provider revision/restatement risk,2026-08-21 full-sample winsorizer removed; strictly prior EWM spike clipping; reconcile workbook/build lineage and prefix tests.,CONDITIONAL_SOURCE_REPLAY,False,"Current builder has causal spike guard, but monthly warehouse has not been proven regenerated from that code. Raw workbook reread and mask recovery can use existing ASADO files."
4,Inflation regime,CONS_CPI_PCT,bloomberg_ecfc,consensus_daily,loop,Data/work/loop/consensus_daily.parquet,daily,458822,458822,458822,0.0,Not inferred from omitted rows; see DATA_AUDIT.md for denominator and selected matched coverage,34,34,Australia|Brazil|Canada|Chile|ChinaA|ChinaH|Denmark|France|Germany|Hong Kong|India|Indonesia|Italy|Japan|Korea|Malaysia|Mexico|NASDAQ|Netherlands|Philippines|Poland|Saudi Arabia|Singapore|South Africa|Spain|Sweden|Switzerland|Taiwan|Thailand|Turkey|U.K.|U.S.|US SmallCap|Vietnam,2007-10-04,2026-09-04,Higher = higher inflation pressure,,"Keep level and one predeclared change separate; trailing/fold-local scale; sign into state, not assumed return direction.",Daily vendor observation date + conservative next decision boundary; month-end derived rows include unfinished current month,Collector keep-last dedupe can overwrite old dates; no immutable original-release flag,Within target-year month-end last then 1m/3m differences; blend current and next target years at current month weights; both legs required; rebuild exact cutoff and contiguous-month lag.,CONDITIONAL_DATED_HISTORY,False,Year-specific ECFC historical daily forecasts preserve economic target-year identity. Vendor histories can be corrected; first-publication and immutable snapshot proof not yet tested.
1,Growth cycle,CONS_GDP_PCT,bloomberg_ecfc,consensus_daily,loop,Data/work/loop/consensus_daily.parquet,daily,470792,470792,470792,0.0,Not inferred from omitted rows; see DATA_AUDIT.md for denominator and selected matched coverage,34,34,Australia|Brazil|Canada|Chile|ChinaA|ChinaH|Denmark|France|Germany|Hong Kong|India|Indonesia|Italy|Japan|Korea|Malaysia|Mexico|NASDAQ|Netherlands|Philippines|Poland|Saudi Arabia|Singapore|South Africa|Spain|Sweden|Switzerland|Taiwan|Thailand|Turkey|U.K.|U.S.|US SmallCap|Vietnam,2007-10-04,2026-09-04,Higher = stronger growth,,"Keep level and one predeclared change separate; trailing/fold-local scale; sign into state, not assumed return direction.",Daily vendor observation date + conservative next decision boundary; month-end derived rows include unfinished current month,Collector keep-last dedupe can overwrite old dates; no immutable original-release flag,Within target-year month-end last then 1m/3m differences; blend current and next target years at current month weights; both legs required; rebuild exact cutoff and contiguous-month lag.,CONDITIONAL_DATED_HISTORY,False,Year-specific ECFC historical daily forecasts preserve economic target-year identity. Vendor histories can be corrected; first-publication and immutable snapshot proof not yet tested.
4,Inflation regime,CONS_CPI_REV3M_12M,consensus_ecfc,consensus_signals,loop,Data/work/loop/consensus_daily.parquet,monthly,7058,7058,7058,0.0,Not inferred from omitted rows; see DATA_AUDIT.md for denominator and selected matched coverage,34,34,Australia|Brazil|Canada|Chile|ChinaA|ChinaH|Denmark|France|Germany|Hong Kong|India|Indonesia|Italy|Japan|Korea|Malaysia|Mexico|NASDAQ|Netherlands|Philippines|Poland|Saudi Arabia|Singapore|South Africa|Spain|Sweden|Switzerland|Taiwan|Thailand|Turkey|U.K.|U.S.|US SmallCap|Vietnam,2008-02-29,2026-09-30,Higher = higher inflation pressure,,"Keep level and one predeclared change separate; trailing/fold-local scale; sign into state, not assumed return direction.",Daily vendor observation date + conservative next decision boundary; month-end derived rows include unfinished current month,Collector keep-last dedupe can overwrite old dates; no immutable original-release flag,Within target-year month-end last then 1m/3m differences; blend current and next target years at current month weights; both legs required; rebuild exact cutoff and contiguous-month lag.,CONDITIONAL_DATED_HISTORY,False,Year-specific ECFC historical daily forecasts preserve economic target-year identity. Vendor histories can be corrected; first-publication and immutable snapshot proof not yet tested.
1,Growth cycle,CONS_GDP_REV3M_12M,consensus_ecfc,consensus_signals,loop,Data/work/loop/consensus_daily.parquet,monthly,7198,7198,7198,0.0,Not inferred from omitted rows; see DATA_AUDIT.md for denominator and selected matched coverage,34,34,Australia|Brazil|Canada|Chile|ChinaA|ChinaH|Denmark|France|Germany|Hong Kong|India|Indonesia|Italy|Japan|Korea|Malaysia|Mexico|NASDAQ|Netherlands|Philippines|Poland|Saudi Arabia|Singapore|South Africa|Spain|Sweden|Switzerland|Taiwan|Thailand|Turkey|U.K.|U.S.|US SmallCap|Vietnam,2008-02-29,2026-09-30,Higher = stronger growth,,"Keep level and one predeclared change separate; trailing/fold-local scale; sign into state, not assumed return direction.",Daily vendor observation date + conservative next decision boundary; month-end derived rows include unfinished current month,Collector keep-last dedupe can overwrite old dates; no immutable original-release flag,Within target-year month-end last then 1m/3m differences; blend current and next target years at current month weights; both legs required; rebuild exact cutoff and contiguous-month lag.,CONDITIONAL_DATED_HISTORY,False,Year-specific ECFC historical daily forecasts preserve economic target-year identity. Vendor histories can be corrected; first-publication and immutable snapshot proof not yet tested.
1,Growth cycle,ECO_GDP_ACTUAL,bloomberg,eco_surprise_monthly,loop,Data/work/loop/eco_surprise_monthly.parquet,monthly,2139,2139,2139,0.0,Not inferred from omitted rows; see DATA_AUDIT.md for denominator and selected matched coverage,21,21,Australia|Brazil|Canada|ChinaA|ChinaH|France|Germany|Indonesia|Japan|Korea|Malaysia|Mexico|NASDAQ|Poland|Singapore|South Africa|Spain|Sweden|U.K.|U.S.|US SmallCap,2000-03-01,2026-06-01,Higher = stronger growth,,"Keep level and one predeclared change separate; trailing/fold-local scale; sign into state, not assumed return direction.",Not established from current rows,Latest values may overwrite history,Rebuild raw-source transforms with cutoff and original missingness; do not admit normalized aliases automatically.,QUARANTINE_LATEST_VINTAGE,False,Reference-period monthly release surprises cannot be treated as announcement-date surprises; prefer existing release_events archive.
1,Growth cycle,ECO_UNEMP_SURPRISE,bloomberg,eco_surprise_monthly,loop,Data/work/loop/eco_surprise_monthly.parquet,monthly,4590,4590,4590,0.0,Not inferred from omitted rows; see DATA_AUDIT.md for denominator and selected matched coverage,21,21,Australia|Brazil|Canada|Chile|Germany|Hong Kong|Italy|Japan|Korea|Mexico|NASDAQ|Netherlands|Poland|Singapore|South Africa|Sweden|Switzerland|Taiwan|U.K.|U.S.|US SmallCap,2000-01-01,2026-08-01,Higher = stronger growth,,"Keep level and one predeclared change separate; trailing/fold-local scale; sign into state, not assumed return direction.",Not established from current rows,Latest values may overwrite history,Rebuild raw-source transforms with cutoff and original missingness; do not admit normalized aliases automatically.,QUARANTINE_LATEST_VINTAGE,False,Reference-period monthly release surprises cannot be treated as announcement-date surprises; prefer existing release_events archive.
1,Growth cycle,ECO_PMI_SURPRISE,bloomberg,eco_surprise_monthly,loop,Data/work/loop/eco_surprise_monthly.parquet,monthly,437,437,437,0.0,Not inferred from omitted rows; see DATA_AUDIT.md for denominator and selected matched coverage,13,13,Canada|ChinaA|ChinaH|France|Germany|Italy|NASDAQ|Netherlands|Poland|Spain|U.K.|U.S.|US SmallCap,2023-06-01,2026-08-01,Higher = stronger growth,,"Keep level and one predeclared change separate; trailing/fold-local scale; sign into state, not assumed return direction.",Not established from current rows,Latest values may overwrite history,Rebuild raw-source transforms with cutoff and original missingness; do not admit normalized aliases automatically.,QUARANTINE_LATEST_VINTAGE,False,Reference-period monthly release surprises cannot be treated as announcement-date surprises; prefer existing release_events archive.
1,Growth cycle,ECO_GDP_SURPRISE,bloomberg,eco_surprise_monthly,loop,Data/work/loop/eco_surprise_monthly.parquet,monthly,2041,2041,2041,0.0,Not inferred from omitted rows; see DATA_AUDIT.md for denominator and selected matched coverage,21,21,Australia|Brazil|Canada|ChinaA|ChinaH|France|Germany|Indonesia|Japan|Korea|Malaysia|Mexico|NASDAQ|Poland|Singapore|South Africa|Spain|Sweden|U.K.|U.S.|US SmallCap,2000-03-01,2026-06-01,Higher = stronger growth,,"Keep level and one predeclared change separate; trailing/fold-local scale; sign into state, not assumed return direction.",Not established from current rows,Latest values may overwrite history,Rebuild raw-source transforms with cutoff and original missingness; do not admit normalized aliases automatically.,QUARANTINE_LATEST_VINTAGE,False,Reference-period monthly release surprises cannot be treated as announcement-date surprises; prefer existing release_events archive.
1,Growth cycle,ECO_PMI_ACTUAL,bloomberg,eco_surprise_monthly,loop,Data/work/loop/eco_surprise_monthly.parquet,monthly,897,897,897,0.0,Not inferred from omitted rows; see DATA_AUDIT.md for denominator and selected matched coverage,23,23,Brazil|Canada|ChinaA|ChinaH|France|Germany|India|Indonesia|Italy|Japan|Korea|Malaysia|Mexico|NASDAQ|Netherlands|Poland|Spain|Taiwan|Turkey|U.K.|U.S.|US SmallCap|Vietnam,2023-06-01,2026-08-01,Higher = stronger growth,,"Keep level and one predeclared change separate; trailing/fold-local scale; sign into state, not assumed return direction.",Not established from current rows,Latest values may overwrite history,Rebuild raw-source transforms with cutoff and original missingness; do not admit normalized aliases automatically.,QUARANTINE_LATEST_VINTAGE,False,Reference-period monthly release surprises cannot be treated as announcement-date surprises; prefer existing release_events archive.
4,Inflation regime,ECO_CPI_SURPRISE,bloomberg,eco_surprise_monthly,loop,Data/work/loop/eco_surprise_monthly.parquet,monthly,8668,8668,8668,0.0,Not inferred from omitted rows; see DATA_AUDIT.md for denominator and selected matched coverage,34,34,Australia|Brazil|Canada|Chile|ChinaA|ChinaH|Denmark|France|Germany|Hong Kong|India|Indonesia|Italy|Japan|Korea|Malaysia|Mexico|NASDAQ|Netherlands|Philippines|Poland|Saudi Arabia|Singapore|South Africa|Spain|Sweden|Switzerland|Taiwan|Thailand|Turkey|U.K.|U.S.|US SmallCap|Vietnam,2000-01-01,2026-08-01,Higher = higher inflation pressure,,"Keep level and one predeclared change separate; trailing/fold-local scale; sign into state, not assumed return direction.",Not established from current rows,Latest values may overwrite history,Rebuild raw-source transforms with cutoff and original missingness; do not admit normalized aliases automatically.,QUARANTINE_LATEST_VINTAGE,False,Reference-period monthly release surprises cannot be treated as announcement-date surprises; prefer existing release_events archive.
4,Inflation regime,ECO_CPI_ACTUAL,bloomberg,eco_surprise_monthly,loop,Data/work/loop/eco_surprise_monthly.parquet,monthly,9703,9703,9703,0.0,Not inferred from omitted rows; see DATA_AUDIT.md for denominator and selected matched coverage,34,34,Australia|Brazil|Canada|Chile|ChinaA|ChinaH|Denmark|France|Germany|Hong Kong|India|Indonesia|Italy|Japan|Korea|Malaysia|Mexico|NASDAQ|Netherlands|Philippines|Poland|Saudi Arabia|Singapore|South Africa|Spain|Sweden|Switzerland|Taiwan|Thailand|Turkey|U.K.|U.S.|US SmallCap|Vietnam,2000-01-01,2026-08-01,Higher = higher inflation pressure,,"Keep level and one predeclared change separate; trailing/fold-local scale; sign into state, not assumed return direction.",Not established from current rows,Latest values may overwrite history,Rebuild raw-source transforms with cutoff and original missingness; do not admit normalized aliases automatically.,QUARANTINE_LATEST_VINTAGE,False,Reference-period monthly release surprises cannot be treated as announcement-date surprises; prefer existing release_events archive.
1,Growth cycle,ECO_UNEMP_ACTUAL,bloomberg,eco_surprise_monthly,loop,Data/work/loop/eco_surprise_monthly.parquet,monthly,5054,5054,5054,0.0,Not inferred from omitted rows; see DATA_AUDIT.md for denominator and selected matched coverage,25,25,Australia|Brazil|Canada|Chile|ChinaA|ChinaH|Germany|Hong Kong|Italy|Japan|Korea|Malaysia|Mexico|NASDAQ|Netherlands|Philippines|Poland|Singapore|South Africa|Sweden|Switzerland|Taiwan|U.K.|U.S.|US SmallCap,2000-01-01,2026-08-01,Higher = stronger growth,,"Keep level and one predeclared change separate; trailing/fold-local scale; sign into state, not assumed return direction.",Not established from current rows,Latest values may overwrite history,Rebuild raw-source transforms with cutoff and original missingness; do not admit normalized aliases automatically.,QUARANTINE_LATEST_VINTAGE,False,Reference-period monthly release surprises cannot be treated as announcement-date surprises; prefer existing release_events archive.
4,Inflation regime,ECO_INFL_SURPRISE_Z,derived,eco_surprise_signals,loop,Data/work/loop/eco_surprise_monthly.parquet,monthly,8271,8271,8271,0.0,Not inferred from omitted rows; see DATA_AUDIT.md for denominator and selected matched coverage,33,33,Australia|Brazil|Canada|Chile|ChinaA|ChinaH|Denmark|France|Germany|Hong Kong|India|Indonesia|Italy|Japan|Korea|Malaysia|Mexico|NASDAQ|Netherlands|Philippines|Poland|Singapore|South Africa|Spain|Sweden|Switzerland|Taiwan|Thailand|Turkey|U.K.|U.S.|US SmallCap|Vietnam,2001-01-01,2026-08-01,Higher = higher inflation pressure,,"Keep level and one predeclared change separate; trailing/fold-local scale; sign into state, not assumed return direction.",Not established from current rows,Latest values may overwrite history,Rebuild raw-source transforms with cutoff and original missingness; do not admit normalized aliases automatically.,QUARANTINE_LATEST_VINTAGE,False,Reference-period monthly release surprises cannot be treated as announcement-date surprises; prefer existing release_events archive.
1,Growth cycle,ECO_UNEMP_SURPRISE_Z,derived,eco_surprise_signals,loop,Data/work/loop/eco_surprise_monthly.parquet,monthly,4338,4338,4338,0.0,Not inferred from omitted rows; see DATA_AUDIT.md for denominator and selected matched coverage,21,21,Australia|Brazil|Canada|Chile|Germany|Hong Kong|Italy|Japan|Korea|Mexico|NASDAQ|Netherlands|Poland|Singapore|South Africa|Sweden|Switzerland|Taiwan|U.K.|U.S.|US SmallCap,2001-01-01,2026-08-01,Higher = stronger growth,,"Keep level and one predeclared change separate; trailing/fold-local scale; sign into state, not assumed return direction.",Not established from current rows,Latest values may overwrite history,Rebuild raw-source transforms with cutoff and original missingness; do not admit normalized aliases automatically.,QUARANTINE_LATEST_VINTAGE,False,Reference-period monthly release surprises cannot be treated as announcement-date surprises; prefer existing release_events archive.
1,Growth cycle,ECO_GDP_SURPRISE_Z,derived,eco_surprise_signals,loop,Data/work/loop/eco_surprise_monthly.parquet,monthly,1789,1789,1789,0.0,Not inferred from omitted rows; see DATA_AUDIT.md for denominator and selected matched coverage,21,21,Australia|Brazil|Canada|ChinaA|ChinaH|France|Germany|Indonesia|Japan|Korea|Malaysia|Mexico|NASDAQ|Poland|Singapore|South Africa|Spain|Sweden|U.K.|U.S.|US SmallCap,2003-03-01,2026-06-01,Higher = stronger growth,,"Keep level and one predeclared change separate; trailing/fold-local scale; sign into state, not assumed return direction.",Not established from current rows,Latest values may overwrite history,Rebuild raw-source transforms with cutoff and original missingness; do not admit normalized aliases automatically.,QUARANTINE_LATEST_VINTAGE,False,Reference-period monthly release surprises cannot be treated as announcement-date surprises; prefer existing release_events archive.
1,Growth cycle,ECO_GROWTH_SURPRISE_Z,derived,eco_surprise_signals,loop,Data/work/loop/eco_surprise_monthly.parquet,monthly,5291,5291,5291,0.0,Not inferred from omitted rows; see DATA_AUDIT.md for denominator and selected matched coverage,27,27,Australia|Brazil|Canada|Chile|ChinaA|ChinaH|France|Germany|Hong Kong|Indonesia|Italy|Japan|Korea|Malaysia|Mexico|NASDAQ|Netherlands|Poland|Singapore|South Africa|Spain|Sweden|Switzerland|Taiwan|U.K.|U.S.|US SmallCap,2001-01-01,2026-08-01,Higher = stronger growth,,"Keep level and one predeclared change separate; trailing/fold-local scale; sign into state, not assumed return direction.",Not established from current rows,Latest values may overwrite history,Rebuild raw-source transforms with cutoff and original missingness; do not admit normalized aliases automatically.,QUARANTINE_LATEST_VINTAGE,False,Reference-period monthly release surprises cannot be treated as announcement-date surprises; prefer existing release_events archive.
4,Inflation regime,ECO_CPI_SURPRISE_Z,derived,eco_surprise_signals,loop,Data/work/loop/eco_surprise_monthly.parquet,monthly,8271,8271,8271,0.0,Not inferred from omitted rows; see DATA_AUDIT.md for denominator and selected matched coverage,33,33,Australia|Brazil|Canada|Chile|ChinaA|ChinaH|Denmark|France|Germany|Hong Kong|India|Indonesia|Italy|Japan|Korea|Malaysia|Mexico|NASDAQ|Netherlands|Philippines|Poland|Singapore|South Africa|Spain|Sweden|Switzerland|Taiwan|Thailand|Turkey|U.K.|U.S.|US SmallCap|Vietnam,2001-01-01,2026-08-01,Higher = higher inflation pressure,,"Keep level and one predeclared change separate; trailing/fold-local scale; sign into state, not assumed return direction.",Not established from current rows,Latest values may overwrite history,Rebuild raw-source transforms with cutoff and original missingness; do not admit normalized aliases automatically.,QUARANTINE_LATEST_VINTAGE,False,Reference-period monthly release surprises cannot be treated as announcement-date surprises; prefer existing release_events archive.
1,Growth cycle,ECO_PMI_SURPRISE_Z,derived,eco_surprise_signals,loop,Data/work/loop/eco_surprise_monthly.parquet,monthly,297,297,297,0.0,Not inferred from omitted rows; see DATA_AUDIT.md for denominator and selected matched coverage,11,11,ChinaA|ChinaH|France|Germany|Italy|NASDAQ|Poland|Spain|U.K.|U.S.|US SmallCap,2024-06-01,2026-08-01,Higher = stronger growth,,"Keep level and one predeclared change separate; trailing/fold-local scale; sign into state, not assumed return direction.",Not established from current rows,Latest values may overwrite history,Rebuild raw-source transforms with cutoff and original missingness; do not admit normalized aliases automatically.,QUARANTINE_LATEST_VINTAGE,False,Reference-period monthly release surprises cannot be treated as announcement-date surprises; prefer existing release_events archive.
10,Capital flows positioning,ETF_FLOW_21D_PCT_AUM,bloomberg_derived,etf_flow_signals,loop,Data/work/loop/etf_flows.parquet,daily,119890,119890,119890,0.0,Not inferred from omitted rows; see DATA_AUDIT.md for denominator and selected matched coverage,34,34,Australia|Brazil|Canada|Chile|ChinaA|ChinaH|Denmark|France|Germany|Hong Kong|India|Indonesia|Italy|Japan|Korea|Malaysia|Mexico|NASDAQ|Netherlands|Philippines|Poland|Saudi Arabia|Singapore|South Africa|Spain|Sweden|Switzerland|Taiwan|Thailand|Turkey|U.K.|U.S.|US SmallCap|Vietnam,2010-01-26,2026-09-04,Higher = inflow/crowding (distinct impulse/extreme),,"Keep level and one predeclared change separate; trailing/fold-local scale; sign into state, not assumed return direction.",NSDL India report date trade+1; other markets source-specific; short interest requires actual publication date not settlement date,Vendor revisions/splits and NAV/share adjustments require frozen source contract,Flow sign positive inflow; normalize to own lagged AUM/vol; keep share/NAV split guard and real timestamp; do not average ETF and national flows indiscriminately.,CONDITIONAL_FLOW_HISTORY,False,Historical observations exist; reporting vs trading date and publication latency unresolved per series; not all dollar flows comparable.
10,Capital flows positioning,ETF_FLOW_USD_MN,bloomberg_derived,etf_flow_signals,loop,Data/work/loop/etf_flows.parquet,daily,138326,138326,138326,0.0,Not inferred from omitted rows; see DATA_AUDIT.md for denominator and selected matched coverage,34,34,Australia|Brazil|Canada|Chile|ChinaA|ChinaH|Denmark|France|Germany|Hong Kong|India|Indonesia|Italy|Japan|Korea|Malaysia|Mexico|NASDAQ|Netherlands|Philippines|Poland|Saudi Arabia|Singapore|South Africa|Spain|Sweden|Switzerland|Taiwan|Thailand|Turkey|U.K.|U.S.|US SmallCap|Vietnam,2010-01-05,2026-09-04,Higher = inflow/crowding (distinct impulse/extreme),,"Keep level and one predeclared change separate; trailing/fold-local scale; sign into state, not assumed return direction.",NSDL India report date trade+1; other markets source-specific; short interest requires actual publication date not settlement date,Vendor revisions/splits and NAV/share adjustments require frozen source contract,Flow sign positive inflow; normalize to own lagged AUM/vol; keep share/NAV split guard and real timestamp; do not average ETF and national flows indiscriminately.,CONDITIONAL_FLOW_HISTORY,False,Historical observations exist; reporting vs trading date and publication latency unresolved per series; not all dollar flows comparable.
10,Capital flows positioning,ETF_SHORT_PCT_Z,bloomberg_derived,etf_flow_signals,loop,Data/work/loop/etf_flows.parquet,daily,11361,11361,11361,0.0,Not inferred from omitted rows; see DATA_AUDIT.md for denominator and selected matched coverage,32,32,Australia|Brazil|Canada|Chile|ChinaA|ChinaH|France|Germany|Hong Kong|Indonesia|Italy|Japan|Korea|Malaysia|Mexico|NASDAQ|Netherlands|Philippines|Poland|Saudi Arabia|Singapore|South Africa|Spain|Sweden|Switzerland|Taiwan|Thailand|Turkey|U.K.|U.S.|US SmallCap|Vietnam,2010-12-31,2026-08-14,Higher = inflow/crowding (distinct impulse/extreme),,"Keep level and one predeclared change separate; trailing/fold-local scale; sign into state, not assumed return direction.",NSDL India report date trade+1; other markets source-specific; short interest requires actual publication date not settlement date,Vendor revisions/splits and NAV/share adjustments require frozen source contract,Flow sign positive inflow; normalize to own lagged AUM/vol; keep share/NAV split guard and real timestamp; do not average ETF and national flows indiscriminately.,CONDITIONAL_FLOW_HISTORY,False,Historical observations exist; reporting vs trading date and publication latency unresolved per series; not all dollar flows comparable.
10,Capital flows positioning,ETF_SHORT_PCT_SHOUT,bloomberg_derived,etf_flow_signals,loop,Data/work/loop/etf_flows.parquet,daily,12097,12097,12097,0.0,Not inferred from omitted rows; see DATA_AUDIT.md for denominator and selected matched coverage,32,32,Australia|Brazil|Canada|Chile|ChinaA|ChinaH|France|Germany|Hong Kong|Indonesia|Italy|Japan|Korea|Malaysia|Mexico|NASDAQ|Netherlands|Philippines|Poland|Saudi Arabia|Singapore|South Africa|Spain|Sweden|Switzerland|Taiwan|Thailand|Turkey|U.K.|U.S.|US SmallCap|Vietnam,2010-01-15,2026-08-14,Higher = inflow/crowding (distinct impulse/extreme),,"Keep level and one predeclared change separate; trailing/fold-local scale; sign into state, not assumed return direction.",NSDL India report date trade+1; other markets source-specific; short interest requires actual publication date not settlement date,Vendor revisions/splits and NAV/share adjustments require frozen source contract,Flow sign positive inflow; normalize to own lagged AUM/vol; keep share/NAV split guard and real timestamp; do not average ETF and national flows indiscriminately.,CONDITIONAL_FLOW_HISTORY,False,Historical observations exist; reporting vs trading date and publication latency unresolved per series; not all dollar flows comparable.
10,Capital flows positioning,ETF_FLOW_21D_USD_MN,bloomberg_derived,etf_flow_signals,loop,Data/work/loop/etf_flows.parquet,daily,138033,138033,138033,0.0,Not inferred from omitted rows; see DATA_AUDIT.md for denominator and selected matched coverage,34,34,Australia|Brazil|Canada|Chile|ChinaA|ChinaH|Denmark|France|Germany|Hong Kong|India|Indonesia|Italy|Japan|Korea|Malaysia|Mexico|NASDAQ|Netherlands|Philippines|Poland|Saudi Arabia|Singapore|South Africa|Spain|Sweden|Switzerland|Taiwan|Thailand|Turkey|U.K.|U.S.|US SmallCap|Vietnam,2010-01-26,2026-09-04,Higher = inflow/crowding (distinct impulse/extreme),,"Keep level and one predeclared change separate; trailing/fold-local scale; sign into state, not assumed return direction.",NSDL India report date trade+1; other markets source-specific; short interest requires actual publication date not settlement date,Vendor revisions/splits and NAV/share adjustments require frozen source contract,Flow sign positive inflow; normalize to own lagged AUM/vol; keep share/NAV split guard and real timestamp; do not average ETF and national flows indiscriminately.,CONDITIONAL_FLOW_HISTORY,False,Historical observations exist; reporting vs trading date and publication latency unresolved per series; not all dollar flows comparable.
10,Capital flows positioning,ETF_FLOW_21D_Z,bloomberg_derived,etf_flow_signals,loop,Data/work/loop/etf_flows.parquet,daily,133304,133304,133304,0.0,Not inferred from omitted rows; see DATA_AUDIT.md for denominator and selected matched coverage,34,34,Australia|Brazil|Canada|Chile|ChinaA|ChinaH|Denmark|France|Germany|Hong Kong|India|Indonesia|Italy|Japan|Korea|Malaysia|Mexico|NASDAQ|Netherlands|Philippines|Poland|Saudi Arabia|Singapore|South Africa|Spain|Sweden|Switzerland|Taiwan|Thailand|Turkey|U.K.|U.S.|US SmallCap|Vietnam,2010-07-15,2026-09-04,Higher = inflow/crowding (distinct impulse/extreme),,"Keep level and one predeclared change separate; trailing/fold-local scale; sign into state, not assumed return direction.",NSDL India report date trade+1; other markets source-specific; short interest requires actual publication date not settlement date,Vendor revisions/splits and NAV/share adjustments require frozen source contract,Flow sign positive inflow; normalize to own lagged AUM/vol; keep share/NAV split guard and real timestamp; do not average ETF and national flows indiscriminately.,CONDITIONAL_FLOW_HISTORY,False,Historical observations exist; reporting vs trading date and publication latency unresolved per series; not all dollar flows comparable.
10,Capital flows positioning,ETF_SHORT_INT_DTC,bloomberg,etf_flows,loop,Data/work/loop/etf_flows.parquet,daily,12097,12097,12097,0.0,Not inferred from omitted rows; see DATA_AUDIT.md for denominator and selected matched coverage,32,32,Australia|Brazil|Canada|Chile|ChinaA|ChinaH|France|Germany|Hong Kong|Indonesia|Italy|Japan|Korea|Malaysia|Mexico|NASDAQ|Netherlands|Philippines|Poland|Saudi Arabia|Singapore|South Africa|Spain|Sweden|Switzerland|Taiwan|Thailand|Turkey|U.K.|U.S.|US SmallCap|Vietnam,2010-01-15,2026-08-14,Higher = inflow/crowding (distinct impulse/extreme),,"Keep level and one predeclared change separate; trailing/fold-local scale; sign into state, not assumed return direction.",NSDL India report date trade+1; other markets source-specific; short interest requires actual publication date not settlement date,Vendor revisions/splits and NAV/share adjustments require frozen source contract,Flow sign positive inflow; normalize to own lagged AUM/vol; keep share/NAV split guard and real timestamp; do not average ETF and national flows indiscriminately.,CONDITIONAL_FLOW_HISTORY,False,Historical observations exist; reporting vs trading date and publication latency unresolved per series; not all dollar flows comparable.
10,Capital flows positioning,ETF_SHARES_OUT_MN,bloomberg,etf_flows,loop,Data/work/loop/etf_flows.parquet,daily,138542,138542,138542,0.0,Not inferred from omitted rows; see DATA_AUDIT.md for denominator and selected matched coverage,34,34,Australia|Brazil|Canada|Chile|ChinaA|ChinaH|Denmark|France|Germany|Hong Kong|India|Indonesia|Italy|Japan|Korea|Malaysia|Mexico|NASDAQ|Netherlands|Philippines|Poland|Saudi Arabia|Singapore|South Africa|Spain|Sweden|Switzerland|Taiwan|Thailand|Turkey|U.K.|U.S.|US SmallCap|Vietnam,2010-01-04,2026-09-04,Higher = inflow/crowding (distinct impulse/extreme),,"Keep level and one predeclared change separate; trailing/fold-local scale; sign into state, not assumed return direction.",NSDL India report date trade+1; other markets source-specific; short interest requires actual publication date not settlement date,Vendor revisions/splits and NAV/share adjustments require frozen source contract,Flow sign positive inflow; normalize to own lagged AUM/vol; keep share/NAV split guard and real timestamp; do not average ETF and national flows indiscriminately.,CONDITIONAL_FLOW_HISTORY,False,Historical observations exist; reporting vs trading date and publication latency unresolved per series; not all dollar flows comparable.
10,Capital flows positioning,ETF_AUM_USD_MN,bloomberg,etf_flows,loop,Data/work/loop/etf_flows.parquet,daily,119925,119925,119925,0.0,Not inferred from omitted rows; see DATA_AUDIT.md for denominator and selected matched coverage,34,34,Australia|Brazil|Canada|Chile|ChinaA|ChinaH|Denmark|France|Germany|Hong Kong|India|Indonesia|Italy|Japan|Korea|Malaysia|Mexico|NASDAQ|Netherlands|Philippines|Poland|Saudi Arabia|Singapore|South Africa|Spain|Sweden|Switzerland|Taiwan|Thailand|Turkey|U.K.|U.S.|US SmallCap|Vietnam,2010-01-04,2026-09-04,Higher = inflow/crowding (distinct impulse/extreme),,"Keep level and one predeclared change separate; trailing/fold-local scale; sign into state, not assumed return direction.",NSDL India report date trade+1; other markets source-specific; short interest requires actual publication date not settlement date,Vendor revisions/splits and NAV/share adjustments require frozen source contract,Flow sign positive inflow; normalize to own lagged AUM/vol; keep share/NAV split guard and real timestamp; do not average ETF and national flows indiscriminately.,CONDITIONAL_FLOW_HISTORY,False,Historical observations exist; reporting vs trading date and publication latency unresolved per series; not all dollar flows comparable.
10,Capital flows positioning,ETF_SHORT_INT_SH,bloomberg,etf_flows,loop,Data/work/loop/etf_flows.parquet,daily,12097,12097,12097,0.0,Not inferred from omitted rows; see DATA_AUDIT.md for denominator and selected matched coverage,32,32,Australia|Brazil|Canada|Chile|ChinaA|ChinaH|France|Germany|Hong Kong|Indonesia|Italy|Japan|Korea|Malaysia|Mexico|NASDAQ|Netherlands|Philippines|Poland|Saudi Arabia|Singapore|South Africa|Spain|Sweden|Switzerland|Taiwan|Thailand|Turkey|U.K.|U.S.|US SmallCap|Vietnam,2010-01-15,2026-08-14,Higher = inflow/crowding (distinct impulse/extreme),,"Keep level and one predeclared change separate; trailing/fold-local scale; sign into state, not assumed return direction.",NSDL India report date trade+1; other markets source-specific; short interest requires actual publication date not settlement date,Vendor revisions/splits and NAV/share adjustments require frozen source contract,Flow sign positive inflow; normalize to own lagged AUM/vol; keep share/NAV split guard and real timestamp; do not average ETF and national flows indiscriminately.,CONDITIONAL_FLOW_HISTORY,False,Historical observations exist; reporting vs trading date and publication latency unresolved per series; not all dollar flows comparable.
10,Capital flows positioning,ETF_NAV_USD,bloomberg,etf_flows,loop,Data/work/loop/etf_flows.parquet,daily,138485,138485,138485,0.0,Not inferred from omitted rows; see DATA_AUDIT.md for denominator and selected matched coverage,34,34,Australia|Brazil|Canada|Chile|ChinaA|ChinaH|Denmark|France|Germany|Hong Kong|India|Indonesia|Italy|Japan|Korea|Malaysia|Mexico|NASDAQ|Netherlands|Philippines|Poland|Saudi Arabia|Singapore|South Africa|Spain|Sweden|Switzerland|Taiwan|Thailand|Turkey|U.K.|U.S.|US SmallCap|Vietnam,2010-01-04,2026-09-04,Higher = inflow/crowding (distinct impulse/extreme),,"Keep level and one predeclared change separate; trailing/fold-local scale; sign into state, not assumed return direction.",NSDL India report date trade+1; other markets source-specific; short interest requires actual publication date not settlement date,Vendor revisions/splits and NAV/share adjustments require frozen source contract,Flow sign positive inflow; normalize to own lagged AUM/vol; keep share/NAV split guard and real timestamp; do not average ETF and national flows indiscriminately.,CONDITIONAL_FLOW_HISTORY,False,Historical observations exist; reporting vs trading date and publication latency unresolved per series; not all dollar flows comparable.
10,Capital flows positioning,FOREIGN_EQUITY_GROSS_BUY_USD_MN,nsdl_fpi,foreign_flows_daily,loop,Data/work/loop/foreign_flows.parquet,daily,2207,2207,2207,0.0,Not inferred from omitted rows; see DATA_AUDIT.md for denominator and selected matched coverage,1,1,India,2017-01-02,2026-09-04,Higher = inflow/crowding (distinct impulse/extreme),,"Keep level and one predeclared change separate; trailing/fold-local scale; sign into state, not assumed return direction.",NSDL India report date trade+1; other markets source-specific; short interest requires actual publication date not settlement date,Vendor revisions/splits and NAV/share adjustments require frozen source contract,Flow sign positive inflow; normalize to own lagged AUM/vol; keep share/NAV split guard and real timestamp; do not average ETF and national flows indiscriminately.,CONDITIONAL_FLOW_HISTORY,False,Historical observations exist; reporting vs trading date and publication latency unresolved per series; not all dollar flows comparable.
10,Capital flows positioning,FOREIGN_TOTAL_NET_USD_MN,nsdl_fpi,foreign_flows_daily,loop,Data/work/loop/foreign_flows.parquet,daily,2207,2207,2207,0.0,Not inferred from omitted rows; see DATA_AUDIT.md for denominator and selected matched coverage,1,1,India,2017-01-02,2026-09-04,Higher = inflow/crowding (distinct impulse/extreme),,"Keep level and one predeclared change separate; trailing/fold-local scale; sign into state, not assumed return direction.",NSDL India report date trade+1; other markets source-specific; short interest requires actual publication date not settlement date,Vendor revisions/splits and NAV/share adjustments require frozen source contract,Flow sign positive inflow; normalize to own lagged AUM/vol; keep share/NAV split guard and real timestamp; do not average ETF and national flows indiscriminately.,CONDITIONAL_FLOW_HISTORY,False,Historical observations exist; reporting vs trading date and publication latency unresolved per series; not all dollar flows comparable.
10,Capital flows positioning,FOREIGN_DEBT_NET_USD_MN,nsdl_fpi,foreign_flows_daily,loop,Data/work/loop/foreign_flows.parquet,daily,2207,2207,2207,0.0,Not inferred from omitted rows; see DATA_AUDIT.md for denominator and selected matched coverage,1,1,India,2017-01-02,2026-09-04,Higher = inflow/crowding (distinct impulse/extreme),,"Keep level and one predeclared change separate; trailing/fold-local scale; sign into state, not assumed return direction.",NSDL India report date trade+1; other markets source-specific; short interest requires actual publication date not settlement date,Vendor revisions/splits and NAV/share adjustments require frozen source contract,Flow sign positive inflow; normalize to own lagged AUM/vol; keep share/NAV split guard and real timestamp; do not average ETF and national flows indiscriminately.,CONDITIONAL_FLOW_HISTORY,False,Historical observations exist; reporting vs trading date and publication latency unresolved per series; not all dollar flows comparable.
10,Capital flows positioning,FOREIGN_EQUITY_GROSS_SELL_USD_MN,bloomberg,foreign_flows_daily,loop,Data/work/loop/foreign_flows.parquet,daily,10571,10571,10571,0.0,Not inferred from omitted rows; see DATA_AUDIT.md for denominator and selected matched coverage,2,2,Indonesia|Taiwan,2005-01-03,2026-09-04,Higher = inflow/crowding (distinct impulse/extreme),,"Keep level and one predeclared change separate; trailing/fold-local scale; sign into state, not assumed return direction.",NSDL India report date trade+1; other markets source-specific; short interest requires actual publication date not settlement date,Vendor revisions/splits and NAV/share adjustments require frozen source contract,Flow sign positive inflow; normalize to own lagged AUM/vol; keep share/NAV split guard and real timestamp; do not average ETF and national flows indiscriminately.,CONDITIONAL_FLOW_HISTORY,False,Historical observations exist; reporting vs trading date and publication latency unresolved per series; not all dollar flows comparable.
10,Capital flows positioning,FOREIGN_EQUITY_NET_USD_MN,bloomberg,foreign_flows_daily,loop,Data/work/loop/foreign_flows.parquet,daily,26493,26493,26493,0.0,Not inferred from omitted rows; see DATA_AUDIT.md for denominator and selected matched coverage,5,5,Indonesia|Korea|Philippines|Taiwan|Thailand,2005-01-03,2026-09-04,Higher = inflow/crowding (distinct impulse/extreme),,"Keep level and one predeclared change separate; trailing/fold-local scale; sign into state, not assumed return direction.",NSDL India report date trade+1; other markets source-specific; short interest requires actual publication date not settlement date,Vendor revisions/splits and NAV/share adjustments require frozen source contract,Flow sign positive inflow; normalize to own lagged AUM/vol; keep share/NAV split guard and real timestamp; do not average ETF and national flows indiscriminately.,CONDITIONAL_FLOW_HISTORY,False,Historical observations exist; reporting vs trading date and publication latency unresolved per series; not all dollar flows comparable.
10,Capital flows positioning,FOREIGN_EQUITY_GROSS_SELL_USD_MN,nsdl_fpi,foreign_flows_daily,loop,Data/work/loop/foreign_flows.parquet,daily,2207,2207,2207,0.0,Not inferred from omitted rows; see DATA_AUDIT.md for denominator and selected matched coverage,1,1,India,2017-01-02,2026-09-04,Higher = inflow/crowding (distinct impulse/extreme),,"Keep level and one predeclared change separate; trailing/fold-local scale; sign into state, not assumed return direction.",NSDL India report date trade+1; other markets source-specific; short interest requires actual publication date not settlement date,Vendor revisions/splits and NAV/share adjustments require frozen source contract,Flow sign positive inflow; normalize to own lagged AUM/vol; keep share/NAV split guard and real timestamp; do not average ETF and national flows indiscriminately.,CONDITIONAL_FLOW_HISTORY,False,Historical observations exist; reporting vs trading date and publication latency unresolved per series; not all dollar flows comparable.
10,Capital flows positioning,FOREIGN_EQUITY_NET_USD_MN,nsdl_fpi,foreign_flows_daily,loop,Data/work/loop/foreign_flows.parquet,daily,2207,2207,2207,0.0,Not inferred from omitted rows; see DATA_AUDIT.md for denominator and selected matched coverage,1,1,India,2017-01-02,2026-09-04,Higher = inflow/crowding (distinct impulse/extreme),,"Keep level and one predeclared change separate; trailing/fold-local scale; sign into state, not assumed return direction.",NSDL India report date trade+1; other markets source-specific; short interest requires actual publication date not settlement date,Vendor revisions/splits and NAV/share adjustments require frozen source contract,Flow sign positive inflow; normalize to own lagged AUM/vol; keep share/NAV split guard and real timestamp; do not average ETF and national flows indiscriminately.,CONDITIONAL_FLOW_HISTORY,False,Historical observations exist; reporting vs trading date and publication latency unresolved per series; not all dollar flows comparable.
10,Capital flows positioning,FOREIGN_EQUITY_GROSS_BUY_USD_MN,bloomberg,foreign_flows_daily,loop,Data/work/loop/foreign_flows.parquet,daily,10571,10571,10571,0.0,Not inferred from omitted rows; see DATA_AUDIT.md for denominator and selected matched coverage,2,2,Indonesia|Taiwan,2005-01-03,2026-09-04,Higher = inflow/crowding (distinct impulse/extreme),,"Keep level and one predeclared change separate; trailing/fold-local scale; sign into state, not assumed return direction.",NSDL India report date trade+1; other markets source-specific; short interest requires actual publication date not settlement date,Vendor revisions/splits and NAV/share adjustments require frozen source contract,Flow sign positive inflow; normalize to own lagged AUM/vol; keep share/NAV split guard and real timestamp; do not average ETF and national flows indiscriminately.,CONDITIONAL_FLOW_HISTORY,False,Historical observations exist; reporting vs trading date and publication latency unresolved per series; not all dollar flows comparable.
16,Cross-country contagion,GRAPHP_HUB_GAP_21D,graph_pit,graph_features_pit_daily,loop,Data/loop/graph_edge_vintages.parquet,daily,199878,199878,199878,0.0,Not inferred from omitted rows; see DATA_AUDIT.md for denominator and selected matched coverage,30,30,Australia|Brazil|Canada|Chile|ChinaA|Denmark|France|Germany|Hong Kong|India|Indonesia|Italy|Japan|Korea|Malaysia|Mexico|Netherlands|Philippines|Poland|Saudi Arabia|Singapore|South Africa|Spain|Sweden|Switzerland|Thailand|Turkey|U.K.|U.S.|Vietnam,2000-04-03,2026-09-04,Higher = more exposure to stressed neighbors,,"Keep level and one predeclared change separate; trailing/fold-local scale; sign into state, not assumed return direction.","trade +4m; bank +4m; holder +9m assumed, actual revisions unresolved",Current API historical periods may revise; edge vintage_end describes period not fetch vintage,Use as-of legal edges only; no current graph/similarity/combiner substitute.,CONDITIONAL_LAGGED_RELATIONSHIP,False,Historical reference weights + assumed lag are better than current weights but not proof of original release vintages.
16,Cross-country contagion,GRAPHP_TWOHOP_TRADE_GAP_21D,graph_pit,graph_features_pit_daily,loop,Data/loop/graph_edge_vintages.parquet,daily,199878,199878,199878,0.0,Not inferred from omitted rows; see DATA_AUDIT.md for denominator and selected matched coverage,30,30,Australia|Brazil|Canada|Chile|ChinaA|Denmark|France|Germany|Hong Kong|India|Indonesia|Italy|Japan|Korea|Malaysia|Mexico|Netherlands|Philippines|Poland|Saudi Arabia|Singapore|South Africa|Spain|Sweden|Switzerland|Thailand|Turkey|U.K.|U.S.|Vietnam,2000-04-03,2026-09-04,Higher = more exposure to stressed neighbors,,"Keep level and one predeclared change separate; trailing/fold-local scale; sign into state, not assumed return direction.","trade +4m; bank +4m; holder +9m assumed, actual revisions unresolved",Current API historical periods may revise; edge vintage_end describes period not fetch vintage,Use as-of legal edges only; no current graph/similarity/combiner substitute.,CONDITIONAL_LAGGED_RELATIONSHIP,False,Historical reference weights + assumed lag are better than current weights but not proof of original release vintages.
16,Cross-country contagion,GRAPHP_BANK_NBR_RET_GAP_21D,graph_pit,graph_features_pit_daily,loop,Data/loop/graph_edge_vintages.parquet,daily,119826,119826,119826,0.0,Not inferred from omitted rows; see DATA_AUDIT.md for denominator and selected matched coverage,21,21,Australia|Brazil|Canada|Chile|Denmark|France|Germany|Hong Kong|Italy|Japan|Korea|Mexico|Netherlands|Philippines|South Africa|Spain|Sweden|Switzerland|Taiwan|U.K.|U.S.,2000-01-31,2026-09-04,Higher = more exposure to stressed neighbors,,"Keep level and one predeclared change separate; trailing/fold-local scale; sign into state, not assumed return direction.","trade +4m; bank +4m; holder +9m assumed, actual revisions unresolved",Current API historical periods may revise; edge vintage_end describes period not fetch vintage,Use as-of legal edges only; no current graph/similarity/combiner substitute.,CONDITIONAL_LAGGED_RELATIONSHIP,False,Historical reference weights + assumed lag are better than current weights but not proof of original release vintages.
16,Cross-country contagion,GRAPHP_TRADE_NBR_RET_GAP_63D,graph_pit,graph_features_pit_daily,loop,Data/loop/graph_edge_vintages.parquet,daily,199700,199700,199700,0.0,Not inferred from omitted rows; see DATA_AUDIT.md for denominator and selected matched coverage,30,30,Australia|Brazil|Canada|Chile|ChinaA|Denmark|France|Germany|Hong Kong|India|Indonesia|Italy|Japan|Korea|Malaysia|Mexico|Netherlands|Philippines|Poland|Saudi Arabia|Singapore|South Africa|Spain|Sweden|Switzerland|Thailand|Turkey|U.K.|U.S.|Vietnam,2000-04-03,2026-09-04,Higher = more exposure to stressed neighbors,,"Keep level and one predeclared change separate; trailing/fold-local scale; sign into state, not assumed return direction.","trade +4m; bank +4m; holder +9m assumed, actual revisions unresolved",Current API historical periods may revise; edge vintage_end describes period not fetch vintage,Use as-of legal edges only; no current graph/similarity/combiner substitute.,CONDITIONAL_LAGGED_RELATIONSHIP,False,Historical reference weights + assumed lag are better than current weights but not proof of original release vintages.
16,Cross-country contagion,GRAPHP_TRADE_NBR_RET_GAP_21D,graph_pit,graph_features_pit_daily,loop,Data/loop/graph_edge_vintages.parquet,daily,199878,199878,199878,0.0,Not inferred from omitted rows; see DATA_AUDIT.md for denominator and selected matched coverage,30,30,Australia|Brazil|Canada|Chile|ChinaA|Denmark|France|Germany|Hong Kong|India|Indonesia|Italy|Japan|Korea|Malaysia|Mexico|Netherlands|Philippines|Poland|Saudi Arabia|Singapore|South Africa|Spain|Sweden|Switzerland|Thailand|Turkey|U.K.|U.S.|Vietnam,2000-04-03,2026-09-04,Higher = more exposure to stressed neighbors,,"Keep level and one predeclared change separate; trailing/fold-local scale; sign into state, not assumed return direction.","trade +4m; bank +4m; holder +9m assumed, actual revisions unresolved",Current API historical periods may revise; edge vintage_end describes period not fetch vintage,Use as-of legal edges only; no current graph/similarity/combiner substitute.,CONDITIONAL_LAGGED_RELATIONSHIP,False,Historical reference weights + assumed lag are better than current weights but not proof of original release vintages.
16,Cross-country contagion,GRAPHP_BANK_NBR_RET_GAP_63D,graph_pit,graph_features_pit_daily,loop,Data/loop/graph_edge_vintages.parquet,daily,119365,119365,119365,0.0,Not inferred from omitted rows; see DATA_AUDIT.md for denominator and selected matched coverage,21,21,Australia|Brazil|Canada|Chile|Denmark|France|Germany|Hong Kong|Italy|Japan|Korea|Mexico|Netherlands|Philippines|South Africa|Spain|Sweden|Switzerland|Taiwan|U.K.|U.S.,2000-03-29,2026-09-04,Higher = more exposure to stressed neighbors,,"Keep level and one predeclared change separate; trailing/fold-local scale; sign into state, not assumed return direction.","trade +4m; bank +4m; holder +9m assumed, actual revisions unresolved",Current API historical periods may revise; edge vintage_end describes period not fetch vintage,Use as-of legal edges only; no current graph/similarity/combiner substitute.,CONDITIONAL_LAGGED_RELATIONSHIP,False,Historical reference weights + assumed lag are better than current weights but not proof of original release vintages.
16,Cross-country contagion,GRAPHP_BLOC_GAP_21D,graph_pit,graph_features_pit_daily,loop,Data/loop/graph_edge_vintages.parquet,daily,199878,199878,199878,0.0,Not inferred from omitted rows; see DATA_AUDIT.md for denominator and selected matched coverage,30,30,Australia|Brazil|Canada|Chile|ChinaA|Denmark|France|Germany|Hong Kong|India|Indonesia|Italy|Japan|Korea|Malaysia|Mexico|Netherlands|Philippines|Poland|Saudi Arabia|Singapore|South Africa|Spain|Sweden|Switzerland|Thailand|Turkey|U.K.|U.S.|Vietnam,2000-04-03,2026-09-04,Higher = more exposure to stressed neighbors,,"Keep level and one predeclared change separate; trailing/fold-local scale; sign into state, not assumed return direction.","trade +4m; bank +4m; holder +9m assumed, actual revisions unresolved",Current API historical periods may revise; edge vintage_end describes period not fetch vintage,Use as-of legal edges only; no current graph/similarity/combiner substitute.,CONDITIONAL_LAGGED_RELATIONSHIP,False,Historical reference weights + assumed lag are better than current weights but not proof of original release vintages.
16,Cross-country contagion,GRAPHP_HOLDER_STRESS_21D,graph_pit,graph_features_pit_daily,loop,Data/loop/graph_edge_vintages.parquet,daily,212970,212970,212970,0.0,Not inferred from omitted rows; see DATA_AUDIT.md for denominator and selected matched coverage,31,31,Australia|Brazil|Canada|Chile|ChinaA|Denmark|France|Germany|Hong Kong|India|Indonesia|Italy|Japan|Korea|Malaysia|Mexico|Netherlands|Philippines|Poland|Saudi Arabia|Singapore|South Africa|Spain|Sweden|Switzerland|Taiwan|Thailand|Turkey|U.K.|U.S.|Vietnam,2000-03-24,2026-09-04,Higher = more exposure to stressed neighbors,,"Keep level and one predeclared change separate; trailing/fold-local scale; sign into state, not assumed return direction.","trade +4m; bank +4m; holder +9m assumed, actual revisions unresolved",Current API historical periods may revise; edge vintage_end describes period not fetch vintage,Use as-of legal edges only; no current graph/similarity/combiner substitute.,CONDITIONAL_LAGGED_RELATIONSHIP,False,Historical reference weights + assumed lag are better than current weights but not proof of original release vintages.
16,Cross-country contagion,GRAPHP_NBR_DD_COUNT,graph_pit,graph_features_pit_daily,loop,Data/loop/graph_edge_vintages.parquet,daily,205920,205920,205920,0.0,Not inferred from omitted rows; see DATA_AUDIT.md for denominator and selected matched coverage,30,30,Australia|Brazil|Canada|Chile|ChinaA|Denmark|France|Germany|Hong Kong|India|Indonesia|Italy|Japan|Korea|Malaysia|Mexico|Netherlands|Philippines|Poland|Saudi Arabia|Singapore|South Africa|Spain|Sweden|Switzerland|Thailand|Turkey|U.K.|U.S.|Vietnam,2000-04-03,2026-09-04,Higher = more exposure to stressed neighbors,,"Keep level and one predeclared change separate; trailing/fold-local scale; sign into state, not assumed return direction.","trade +4m; bank +4m; holder +9m assumed, actual revisions unresolved",Current API historical periods may revise; edge vintage_end describes period not fetch vintage,Use as-of legal edges only; no current graph/similarity/combiner substitute.,CONDITIONAL_LAGGED_RELATIONSHIP,False,Historical reference weights + assumed lag are better than current weights but not proof of original release vintages.
16,Cross-country contagion,GRAPHP_KATZ_TRADE_GAP_21D,graph_pit,graph_features_pit_daily,loop,Data/loop/graph_edge_vintages.parquet,daily,199878,199878,199878,0.0,Not inferred from omitted rows; see DATA_AUDIT.md for denominator and selected matched coverage,30,30,Australia|Brazil|Canada|Chile|ChinaA|Denmark|France|Germany|Hong Kong|India|Indonesia|Italy|Japan|Korea|Malaysia|Mexico|Netherlands|Philippines|Poland|Saudi Arabia|Singapore|South Africa|Spain|Sweden|Switzerland|Thailand|Turkey|U.K.|U.S.|Vietnam,2000-04-03,2026-09-04,Higher = more exposure to stressed neighbors,,"Keep level and one predeclared change separate; trailing/fold-local scale; sign into state, not assumed return direction.","trade +4m; bank +4m; holder +9m assumed, actual revisions unresolved",Current API historical periods may revise; edge vintage_end describes period not fetch vintage,Use as-of legal edges only; no current graph/similarity/combiner substitute.,CONDITIONAL_LAGGED_RELATIONSHIP,False,Historical reference weights + assumed lag are better than current weights but not proof of original release vintages.
11,Global risk,RISK_MOVE,bloomberg,market_implied_daily,loop,Data/work/loop/market_implied_daily.parquet,daily,5305,5305,5305,0.0,Not inferred from omitted rows; see DATA_AUDIT.md for denominator and selected matched coverage,1,0,,2006-01-02,2026-09-04,Higher = more global risk after component-specific orientation,,"Keep level and one predeclared change separate; trailing/fold-local scale; sign into state, not assumed return direction.",Close/official change known by next decision cutoff; global source is one observation,Vendor/corporate corrections possible; archive frozen input,Recompute changes/rolling stats causally from raw levels; avoid live partially completed month.,CONDITIONAL_MARKET_HISTORY,False,"Observed market/admin-rate history is plausible replay input; exact security/field, currency, availability, corrected-history policy and causal transforms need contract."
12,Terms of trade commodity impulse,CMD_NG2,bloomberg,market_implied_daily,loop,Data/work/loop/market_implied_daily.parquet,daily,5209,5209,5209,0.0,Not inferred from omitted rows; see DATA_AUDIT.md for denominator and selected matched coverage,1,0,,2006-01-03,2026-09-04,Higher = country benefit after exposure sign; no uniform sign,,"Keep level and one predeclared change separate; trailing/fold-local scale; sign into state, not assumed return direction.",Close/official change known by next decision cutoff; global source is one observation,Vendor/corporate corrections possible; archive frozen input,Recompute changes/rolling stats causally from raw levels; avoid live partially completed month.,CONDITIONAL_MARKET_HISTORY,False,"Observed market/admin-rate history is plausible replay input; exact security/field, currency, availability, corrected-history policy and causal transforms need contract."
12,Terms of trade commodity impulse,CMD_CO1,bloomberg,market_implied_daily,loop,Data/work/loop/market_implied_daily.parquet,daily,5335,5335,5335,0.0,Not inferred from omitted rows; see DATA_AUDIT.md for denominator and selected matched coverage,1,0,,2006-01-03,2026-09-04,Higher = country benefit after exposure sign; no uniform sign,,"Keep level and one predeclared change separate; trailing/fold-local scale; sign into state, not assumed return direction.",Close/official change known by next decision cutoff; global source is one observation,Vendor/corporate corrections possible; archive frozen input,Recompute changes/rolling stats causally from raw levels; avoid live partially completed month.,CONDITIONAL_MARKET_HISTORY,False,"Observed market/admin-rate history is plausible replay input; exact security/field, currency, availability, corrected-history policy and causal transforms need contract."
11,Global risk,RISK_VIX3M,bloomberg,market_implied_daily,loop,Data/work/loop/market_implied_daily.parquet,daily,5201,5201,5201,0.0,Not inferred from omitted rows; see DATA_AUDIT.md for denominator and selected matched coverage,1,0,,2006-01-03,2026-09-04,Higher = more global risk after component-specific orientation,,"Keep level and one predeclared change separate; trailing/fold-local scale; sign into state, not assumed return direction.",Close/official change known by next decision cutoff; global source is one observation,Vendor/corporate corrections possible; archive frozen input,Recompute changes/rolling stats causally from raw levels; avoid live partially completed month.,CONDITIONAL_MARKET_HISTORY,False,"Observed market/admin-rate history is plausible replay input; exact security/field, currency, availability, corrected-history policy and causal transforms need contract."
12,Terms of trade commodity impulse,CMD_NG1,bloomberg,market_implied_daily,loop,Data/work/loop/market_implied_daily.parquet,daily,5209,5209,5209,0.0,Not inferred from omitted rows; see DATA_AUDIT.md for denominator and selected matched coverage,1,0,,2006-01-03,2026-09-04,Higher = country benefit after exposure sign; no uniform sign,,"Keep level and one predeclared change separate; trailing/fold-local scale; sign into state, not assumed return direction.",Close/official change known by next decision cutoff; global source is one observation,Vendor/corporate corrections possible; archive frozen input,Recompute changes/rolling stats causally from raw levels; avoid live partially completed month.,CONDITIONAL_MARKET_HISTORY,False,"Observed market/admin-rate history is plausible replay input; exact security/field, currency, availability, corrected-history policy and causal transforms need contract."
11,Global risk,RISK_HY_OAS,bloomberg,market_implied_daily,loop,Data/work/loop/market_implied_daily.parquet,daily,5204,5204,5204,0.0,Not inferred from omitted rows; see DATA_AUDIT.md for denominator and selected matched coverage,1,0,,2006-01-03,2026-09-04,Higher = more global risk after component-specific orientation,,"Keep level and one predeclared change separate; trailing/fold-local scale; sign into state, not assumed return direction.",Close/official change known by next decision cutoff; global source is one observation,Vendor/corporate corrections possible; archive frozen input,Recompute changes/rolling stats causally from raw levels; avoid live partially completed month.,CONDITIONAL_MARKET_HISTORY,False,"Observed market/admin-rate history is plausible replay input; exact security/field, currency, availability, corrected-history policy and causal transforms need contract."
12,Terms of trade commodity impulse,CMD_CL2,bloomberg,market_implied_daily,loop,Data/work/loop/market_implied_daily.parquet,daily,5210,5210,5210,0.0,Not inferred from omitted rows; see DATA_AUDIT.md for denominator and selected matched coverage,1,0,,2006-01-03,2026-09-04,Higher = country benefit after exposure sign; no uniform sign,,"Keep level and one predeclared change separate; trailing/fold-local scale; sign into state, not assumed return direction.",Close/official change known by next decision cutoff; global source is one observation,Vendor/corporate corrections possible; archive frozen input,Recompute changes/rolling stats causally from raw levels; avoid live partially completed month.,CONDITIONAL_MARKET_HISTORY,False,"Observed market/admin-rate history is plausible replay input; exact security/field, currency, availability, corrected-history policy and causal transforms need contract."
12,Terms of trade commodity impulse,CMD_HG1,bloomberg,market_implied_daily,loop,Data/work/loop/market_implied_daily.parquet,daily,5210,5210,5210,0.0,Not inferred from omitted rows; see DATA_AUDIT.md for denominator and selected matched coverage,1,0,,2006-01-03,2026-09-04,Higher = country benefit after exposure sign; no uniform sign,,"Keep level and one predeclared change separate; trailing/fold-local scale; sign into state, not assumed return direction.",Close/official change known by next decision cutoff; global source is one observation,Vendor/corporate corrections possible; archive frozen input,Recompute changes/rolling stats causally from raw levels; avoid live partially completed month.,CONDITIONAL_MARKET_HISTORY,False,"Observed market/admin-rate history is plausible replay input; exact security/field, currency, availability, corrected-history policy and causal transforms need contract."
6,External vulnerability,FX_IMPVOL_1M_PCT,bloomberg,market_implied_daily,loop,Data/work/loop/market_implied_daily.parquet,daily,151882,151882,151882,0.0,Not inferred from omitted rows; see DATA_AUDIT.md for denominator and selected matched coverage,29,29,Australia|Brazil|Canada|Chile|ChinaA|ChinaH|France|Germany|Hong Kong|India|Indonesia|Italy|Japan|Korea|Malaysia|Mexico|Netherlands|Philippines|Poland|Saudi Arabia|Singapore|South Africa|Spain|Sweden|Switzerland|Taiwan|Thailand|Turkey|U.K.,2006-01-02,2026-09-04,Higher = more vulnerability after component-specific orientation,,"Keep level and one predeclared change separate; trailing/fold-local scale; sign into state, not assumed return direction.",Close/official change known by next decision cutoff; global source is one observation,Vendor/corporate corrections possible; archive frozen input,Recompute changes/rolling stats causally from raw levels; avoid live partially completed month.,CONDITIONAL_MARKET_HISTORY,False,"Observed market/admin-rate history is plausible replay input; exact security/field, currency, availability, corrected-history policy and causal transforms need contract."
6,External vulnerability,FX_BF25_1M_PCT,bloomberg,market_implied_daily,loop,Data/work/loop/market_implied_daily.parquet,daily,150550,150550,150550,0.0,Not inferred from omitted rows; see DATA_AUDIT.md for denominator and selected matched coverage,29,29,Australia|Brazil|Canada|Chile|ChinaA|ChinaH|France|Germany|Hong Kong|India|Indonesia|Italy|Japan|Korea|Malaysia|Mexico|Netherlands|Philippines|Poland|Saudi Arabia|Singapore|South Africa|Spain|Sweden|Switzerland|Taiwan|Thailand|Turkey|U.K.,2006-01-02,2026-09-04,Higher = more vulnerability after component-specific orientation,,"Keep level and one predeclared change separate; trailing/fold-local scale; sign into state, not assumed return direction.",Close/official change known by next decision cutoff; global source is one observation,Vendor/corporate corrections possible; archive frozen input,Recompute changes/rolling stats causally from raw levels; avoid live partially completed month.,CONDITIONAL_MARKET_HISTORY,False,"Observed market/admin-rate history is plausible replay input; exact security/field, currency, availability, corrected-history policy and causal transforms need contract."
12,Terms of trade commodity impulse,CMD_CL1,bloomberg,market_implied_daily,loop,Data/work/loop/market_implied_daily.parquet,daily,5210,5210,5210,0.0,Not inferred from omitted rows; see DATA_AUDIT.md for denominator and selected matched coverage,1,0,,2006-01-03,2026-09-04,Higher = country benefit after exposure sign; no uniform sign,,"Keep level and one predeclared change separate; trailing/fold-local scale; sign into state, not assumed return direction.",Close/official change known by next decision cutoff; global source is one observation,Vendor/corporate corrections possible; archive frozen input,Recompute changes/rolling stats causally from raw levels; avoid live partially completed month.,CONDITIONAL_MARKET_HISTORY,False,"Observed market/admin-rate history is plausible replay input; exact security/field, currency, availability, corrected-history policy and causal transforms need contract."
6,External vulnerability,FX_IMPVOL_3M_PCT,bloomberg,market_implied_daily,loop,Data/work/loop/market_implied_daily.parquet,daily,151859,151859,151859,0.0,Not inferred from omitted rows; see DATA_AUDIT.md for denominator and selected matched coverage,29,29,Australia|Brazil|Canada|Chile|ChinaA|ChinaH|France|Germany|Hong Kong|India|Indonesia|Italy|Japan|Korea|Malaysia|Mexico|Netherlands|Philippines|Poland|Saudi Arabia|Singapore|South Africa|Spain|Sweden|Switzerland|Taiwan|Thailand|Turkey|U.K.,2006-01-02,2026-09-04,Higher = more vulnerability after component-specific orientation,,"Keep level and one predeclared change separate; trailing/fold-local scale; sign into state, not assumed return direction.",Close/official change known by next decision cutoff; global source is one observation,Vendor/corporate corrections possible; archive frozen input,Recompute changes/rolling stats causally from raw levels; avoid live partially completed month.,CONDITIONAL_MARKET_HISTORY,False,"Observed market/admin-rate history is plausible replay input; exact security/field, currency, availability, corrected-history policy and causal transforms need contract."
11,Global risk,RISK_IG_OAS,bloomberg,market_implied_daily,loop,Data/work/loop/market_implied_daily.parquet,daily,5204,5204,5204,0.0,Not inferred from omitted rows; see DATA_AUDIT.md for denominator and selected matched coverage,1,0,,2006-01-03,2026-09-04,Higher = more global risk after component-specific orientation,,"Keep level and one predeclared change separate; trailing/fold-local scale; sign into state, not assumed return direction.",Close/official change known by next decision cutoff; global source is one observation,Vendor/corporate corrections possible; archive frozen input,Recompute changes/rolling stats causally from raw levels; avoid live partially completed month.,CONDITIONAL_MARKET_HISTORY,False,"Observed market/admin-rate history is plausible replay input; exact security/field, currency, availability, corrected-history policy and causal transforms need contract."
12,Terms of trade commodity impulse,CMD_HG2,bloomberg,market_implied_daily,loop,Data/work/loop/market_implied_daily.parquet,daily,5211,5211,5211,0.0,Not inferred from omitted rows; see DATA_AUDIT.md for denominator and selected matched coverage,1,0,,2006-01-03,2026-09-04,Higher = country benefit after exposure sign; no uniform sign,,"Keep level and one predeclared change separate; trailing/fold-local scale; sign into state, not assumed return direction.",Close/official change known by next decision cutoff; global source is one observation,Vendor/corporate corrections possible; archive frozen input,Recompute changes/rolling stats causally from raw levels; avoid live partially completed month.,CONDITIONAL_MARKET_HISTORY,False,"Observed market/admin-rate history is plausible replay input; exact security/field, currency, availability, corrected-history policy and causal transforms need contract."
12,Terms of trade commodity impulse,CMD_GC1,bloomberg,market_implied_daily,loop,Data/work/loop/market_implied_daily.parquet,daily,5210,5210,5210,0.0,Not inferred from omitted rows; see DATA_AUDIT.md for denominator and selected matched coverage,1,0,,2006-01-03,2026-09-04,Higher = country benefit after exposure sign; no uniform sign,,"Keep level and one predeclared change separate; trailing/fold-local scale; sign into state, not assumed return direction.",Close/official change known by next decision cutoff; global source is one observation,Vendor/corporate corrections possible; archive frozen input,Recompute changes/rolling stats causally from raw levels; avoid live partially completed month.,CONDITIONAL_MARKET_HISTORY,False,"Observed market/admin-rate history is plausible replay input; exact security/field, currency, availability, corrected-history policy and causal transforms need contract."
6,External vulnerability,FX_RR25_1M_PCT,bloomberg,market_implied_daily,loop,Data/work/loop/market_implied_daily.parquet,daily,150660,150660,150660,0.0,Not inferred from omitted rows; see DATA_AUDIT.md for denominator and selected matched coverage,29,29,Australia|Brazil|Canada|Chile|ChinaA|ChinaH|France|Germany|Hong Kong|India|Indonesia|Italy|Japan|Korea|Malaysia|Mexico|Netherlands|Philippines|Poland|Saudi Arabia|Singapore|South Africa|Spain|Sweden|Switzerland|Taiwan|Thailand|Turkey|U.K.,2006-01-02,2026-09-04,Higher = more vulnerability after component-specific orientation,,"Keep level and one predeclared change separate; trailing/fold-local scale; sign into state, not assumed return direction.",Close/official change known by next decision cutoff; global source is one observation,Vendor/corporate corrections possible; archive frozen input,Recompute changes/rolling stats causally from raw levels; avoid live partially completed month.,CONDITIONAL_MARKET_HISTORY,False,"Observed market/admin-rate history is plausible replay input; exact security/field, currency, availability, corrected-history policy and causal transforms need contract."
12,Terms of trade commodity impulse,CMD_GC2,bloomberg,market_implied_daily,loop,Data/work/loop/market_implied_daily.parquet,daily,5210,5210,5210,0.0,Not inferred from omitted rows; see DATA_AUDIT.md for denominator and selected matched coverage,1,0,,2006-01-03,2026-09-04,Higher = country benefit after exposure sign; no uniform sign,,"Keep level and one predeclared change separate; trailing/fold-local scale; sign into state, not assumed return direction.",Close/official change known by next decision cutoff; global source is one observation,Vendor/corporate corrections possible; archive frozen input,Recompute changes/rolling stats causally from raw levels; avoid live partially completed month.,CONDITIONAL_MARKET_HISTORY,False,"Observed market/admin-rate history is plausible replay input; exact security/field, currency, availability, corrected-history policy and causal transforms need contract."
11,Global risk,RISK_DXY,bloomberg,market_implied_daily,loop,Data/work/loop/market_implied_daily.parquet,daily,5376,5376,5376,0.0,Not inferred from omitted rows; see DATA_AUDIT.md for denominator and selected matched coverage,1,0,,2006-01-03,2026-09-04,Higher = more global risk after component-specific orientation,,"Keep level and one predeclared change separate; trailing/fold-local scale; sign into state, not assumed return direction.",Close/official change known by next decision cutoff; global source is one observation,Vendor/corporate corrections possible; archive frozen input,Recompute changes/rolling stats causally from raw levels; avoid live partially completed month.,CONDITIONAL_MARKET_HISTORY,False,"Observed market/admin-rate history is plausible replay input; exact security/field, currency, availability, corrected-history policy and causal transforms need contract."
6,External vulnerability,FX_CARRY_3M_PCT,bloomberg,market_implied_daily,loop,Data/work/loop/market_implied_daily.parquet,daily,154075,154075,154075,0.0,Not inferred from omitted rows; see DATA_AUDIT.md for denominator and selected matched coverage,30,30,Australia|Brazil|Canada|Chile|ChinaA|ChinaH|Denmark|France|Germany|Hong Kong|India|Indonesia|Italy|Japan|Korea|Malaysia|Mexico|Netherlands|Philippines|Poland|Saudi Arabia|Singapore|South Africa|Spain|Sweden|Switzerland|Taiwan|Thailand|Turkey|U.K.,2006-01-02,2026-09-04,Higher = more vulnerability after component-specific orientation,,"Keep level and one predeclared change separate; trailing/fold-local scale; sign into state, not assumed return direction.",Close/official change known by next decision cutoff; global source is one observation,Vendor/corporate corrections possible; archive frozen input,Recompute changes/rolling stats causally from raw levels; avoid live partially completed month.,CONDITIONAL_MARKET_HISTORY,False,"Observed market/admin-rate history is plausible replay input; exact security/field, currency, availability, corrected-history policy and causal transforms need contract."
12,Terms of trade commodity impulse,CMD_CO2,bloomberg,market_implied_daily,loop,Data/work/loop/market_implied_daily.parquet,daily,5337,5337,5337,0.0,Not inferred from omitted rows; see DATA_AUDIT.md for denominator and selected matched coverage,1,0,,2006-01-03,2026-09-04,Higher = country benefit after exposure sign; no uniform sign,,"Keep level and one predeclared change separate; trailing/fold-local scale; sign into state, not assumed return direction.",Close/official change known by next decision cutoff; global source is one observation,Vendor/corporate corrections possible; archive frozen input,Recompute changes/rolling stats causally from raw levels; avoid live partially completed month.,CONDITIONAL_MARKET_HISTORY,False,"Observed market/admin-rate history is plausible replay input; exact security/field, currency, availability, corrected-history policy and causal transforms need contract."
6,External vulnerability,FX_IMPVOL_1W_PCT,bloomberg,market_implied_daily,loop,Data/work/loop/market_implied_daily.parquet,daily,149927,149927,149927,0.0,Not inferred from omitted rows; see DATA_AUDIT.md for denominator and selected matched coverage,29,29,Australia|Brazil|Canada|Chile|ChinaA|ChinaH|France|Germany|Hong Kong|India|Indonesia|Italy|Japan|Korea|Malaysia|Mexico|Netherlands|Philippines|Poland|Saudi Arabia|Singapore|South Africa|Spain|Sweden|Switzerland|Taiwan|Thailand|Turkey|U.K.,2006-01-02,2026-09-04,Higher = more vulnerability after component-specific orientation,,"Keep level and one predeclared change separate; trailing/fold-local scale; sign into state, not assumed return direction.",Close/official change known by next decision cutoff; global source is one observation,Vendor/corporate corrections possible; archive frozen input,Recompute changes/rolling stats causally from raw levels; avoid live partially completed month.,CONDITIONAL_MARKET_HISTORY,False,"Observed market/admin-rate history is plausible replay input; exact security/field, currency, availability, corrected-history policy and causal transforms need contract."
11,Global risk,RISK_BBDXY,bloomberg,market_implied_daily,loop,Data/work/loop/market_implied_daily.parquet,daily,5292,5292,5292,0.0,Not inferred from omitted rows; see DATA_AUDIT.md for denominator and selected matched coverage,1,0,,2006-01-03,2026-09-04,Higher = more global risk after component-specific orientation,,"Keep level and one predeclared change separate; trailing/fold-local scale; sign into state, not assumed return direction.",Close/official change known by next decision cutoff; global source is one observation,Vendor/corporate corrections possible; archive frozen input,Recompute changes/rolling stats causally from raw levels; avoid live partially completed month.,CONDITIONAL_MARKET_HISTORY,False,"Observed market/admin-rate history is plausible replay input; exact security/field, currency, availability, corrected-history policy and causal transforms need contract."
11,Global risk,RISK_VIX,bloomberg,market_implied_daily,loop,Data/work/loop/market_implied_daily.parquet,daily,5233,5233,5233,0.0,Not inferred from omitted rows; see DATA_AUDIT.md for denominator and selected matched coverage,1,0,,2006-01-03,2026-09-04,Higher = more global risk after component-specific orientation,,"Keep level and one predeclared change separate; trailing/fold-local scale; sign into state, not assumed return direction.",Close/official change known by next decision cutoff; global source is one observation,Vendor/corporate corrections possible; archive frozen input,Recompute changes/rolling stats causally from raw levels; avoid live partially completed month.,CONDITIONAL_MARKET_HISTORY,False,"Observed market/admin-rate history is plausible replay input; exact security/field, currency, availability, corrected-history policy and causal transforms need contract."
6,External vulnerability,FX_BF25_Z252,derived,market_implied_signals,loop,Data/work/loop/market_implied_daily.parquet,daily,148611,148611,148611,0.0,Not inferred from omitted rows; see DATA_AUDIT.md for denominator and selected matched coverage,29,29,Australia|Brazil|Canada|Chile|ChinaA|ChinaH|France|Germany|Hong Kong|India|Indonesia|Italy|Japan|Korea|Malaysia|Mexico|Netherlands|Philippines|Poland|Saudi Arabia|Singapore|South Africa|Spain|Sweden|Switzerland|Taiwan|Thailand|Turkey|U.K.,2006-03-27,2026-09-04,Higher = more vulnerability after component-specific orientation,,"Keep level and one predeclared change separate; trailing/fold-local scale; sign into state, not assumed return direction.",Close/official change known by next decision cutoff; global source is one observation,Vendor/corporate corrections possible; archive frozen input,Recompute changes/rolling stats causally from raw levels; avoid live partially completed month.,CONDITIONAL_MARKET_HISTORY,False,"Observed market/admin-rate history is plausible replay input; exact security/field, currency, availability, corrected-history policy and causal transforms need contract."
12,Terms of trade commodity impulse,CMD_CL_CURVE_PCT,derived,market_implied_signals,loop,Data/work/loop/market_implied_daily.parquet,daily,5209,5209,5209,0.0,Not inferred from omitted rows; see DATA_AUDIT.md for denominator and selected matched coverage,1,0,,2006-01-03,2026-09-04,Higher = country benefit after exposure sign; no uniform sign,,"Keep level and one predeclared change separate; trailing/fold-local scale; sign into state, not assumed return direction.",Close/official change known by next decision cutoff; global source is one observation,Vendor/corporate corrections possible; archive frozen input,Recompute changes/rolling stats causally from raw levels; avoid live partially completed month.,CONDITIONAL_MARKET_HISTORY,False,"Observed market/admin-rate history is plausible replay input; exact security/field, currency, availability, corrected-history policy and causal transforms need contract."
11,Global risk,RISK_VIX_TERM_RATIO,derived,market_implied_signals,loop,Data/work/loop/market_implied_daily.parquet,daily,5201,5201,5201,0.0,Not inferred from omitted rows; see DATA_AUDIT.md for denominator and selected matched coverage,1,0,,2006-01-03,2026-09-04,Higher = more global risk after component-specific orientation,,"Keep level and one predeclared change separate; trailing/fold-local scale; sign into state, not assumed return direction.",Close/official change known by next decision cutoff; global source is one observation,Vendor/corporate corrections possible; archive frozen input,Recompute changes/rolling stats causally from raw levels; avoid live partially completed month.,CONDITIONAL_MARKET_HISTORY,False,"Observed market/admin-rate history is plausible replay input; exact security/field, currency, availability, corrected-history policy and causal transforms need contract."
11,Global risk,RISK_VIX_Z252,derived,market_implied_signals,loop,Data/work/loop/market_implied_daily.parquet,daily,5173,5173,5173,0.0,Not inferred from omitted rows; see DATA_AUDIT.md for denominator and selected matched coverage,1,0,,2006-03-30,2026-09-04,Higher = more global risk after component-specific orientation,,"Keep level and one predeclared change separate; trailing/fold-local scale; sign into state, not assumed return direction.",Close/official change known by next decision cutoff; global source is one observation,Vendor/corporate corrections possible; archive frozen input,Recompute changes/rolling stats causally from raw levels; avoid live partially completed month.,CONDITIONAL_MARKET_HISTORY,False,"Observed market/admin-rate history is plausible replay input; exact security/field, currency, availability, corrected-history policy and causal transforms need contract."
12,Terms of trade commodity impulse,CMD_CL_CURVE_Z252,derived,market_implied_signals,loop,Data/work/loop/market_implied_daily.parquet,daily,5149,5149,5149,0.0,Not inferred from omitted rows; see DATA_AUDIT.md for denominator and selected matched coverage,1,0,,2006-03-30,2026-09-04,Higher = country benefit after exposure sign; no uniform sign,,"Keep level and one predeclared change separate; trailing/fold-local scale; sign into state, not assumed return direction.",Close/official change known by next decision cutoff; global source is one observation,Vendor/corporate corrections possible; archive frozen input,Recompute changes/rolling stats causally from raw levels; avoid live partially completed month.,CONDITIONAL_MARKET_HISTORY,False,"Observed market/admin-rate history is plausible replay input; exact security/field, currency, availability, corrected-history policy and causal transforms need contract."
12,Terms of trade commodity impulse,CMD_NG_CURVE_Z252,derived,market_implied_signals,loop,Data/work/loop/market_implied_daily.parquet,daily,5149,5149,5149,0.0,Not inferred from omitted rows; see DATA_AUDIT.md for denominator and selected matched coverage,1,0,,2006-03-30,2026-09-04,Higher = country benefit after exposure sign; no uniform sign,,"Keep level and one predeclared change separate; trailing/fold-local scale; sign into state, not assumed return direction.",Close/official change known by next decision cutoff; global source is one observation,Vendor/corporate corrections possible; archive frozen input,Recompute changes/rolling stats causally from raw levels; avoid live partially completed month.,CONDITIONAL_MARKET_HISTORY,False,"Observed market/admin-rate history is plausible replay input; exact security/field, currency, availability, corrected-history policy and causal transforms need contract."
12,Terms of trade commodity impulse,CMD_HG_CURVE_Z252,derived,market_implied_signals,loop,Data/work/loop/market_implied_daily.parquet,daily,5150,5150,5150,0.0,Not inferred from omitted rows; see DATA_AUDIT.md for denominator and selected matched coverage,1,0,,2006-03-30,2026-09-04,Higher = country benefit after exposure sign; no uniform sign,,"Keep level and one predeclared change separate; trailing/fold-local scale; sign into state, not assumed return direction.",Close/official change known by next decision cutoff; global source is one observation,Vendor/corporate corrections possible; archive frozen input,Recompute changes/rolling stats causally from raw levels; avoid live partially completed month.,CONDITIONAL_MARKET_HISTORY,False,"Observed market/admin-rate history is plausible replay input; exact security/field, currency, availability, corrected-history policy and causal transforms need contract."
12,Terms of trade commodity impulse,CMD_CO_CURVE_PCT,derived,market_implied_signals,loop,Data/work/loop/market_implied_daily.parquet,daily,5335,5335,5335,0.0,Not inferred from omitted rows; see DATA_AUDIT.md for denominator and selected matched coverage,1,0,,2006-01-03,2026-09-04,Higher = country benefit after exposure sign; no uniform sign,,"Keep level and one predeclared change separate; trailing/fold-local scale; sign into state, not assumed return direction.",Close/official change known by next decision cutoff; global source is one observation,Vendor/corporate corrections possible; archive frozen input,Recompute changes/rolling stats causally from raw levels; avoid live partially completed month.,CONDITIONAL_MARKET_HISTORY,False,"Observed market/admin-rate history is plausible replay input; exact security/field, currency, availability, corrected-history policy and causal transforms need contract."
11,Global risk,RISK_MOVE_Z252,derived,market_implied_signals,loop,Data/work/loop/market_implied_daily.parquet,daily,5245,5245,5245,0.0,Not inferred from omitted rows; see DATA_AUDIT.md for denominator and selected matched coverage,1,0,,2006-03-27,2026-09-04,Higher = more global risk after component-specific orientation,,"Keep level and one predeclared change separate; trailing/fold-local scale; sign into state, not assumed return direction.",Close/official change known by next decision cutoff; global source is one observation,Vendor/corporate corrections possible; archive frozen input,Recompute changes/rolling stats causally from raw levels; avoid live partially completed month.,CONDITIONAL_MARKET_HISTORY,False,"Observed market/admin-rate history is plausible replay input; exact security/field, currency, availability, corrected-history policy and causal transforms need contract."
6,External vulnerability,FX_CARRY_Z252,derived,market_implied_signals,loop,Data/work/loop/market_implied_daily.parquet,daily,152275,152275,152275,0.0,Not inferred from omitted rows; see DATA_AUDIT.md for denominator and selected matched coverage,30,30,Australia|Brazil|Canada|Chile|ChinaA|ChinaH|Denmark|France|Germany|Hong Kong|India|Indonesia|Italy|Japan|Korea|Malaysia|Mexico|Netherlands|Philippines|Poland|Saudi Arabia|Singapore|South Africa|Spain|Sweden|Switzerland|Taiwan|Thailand|Turkey|U.K.,2006-03-27,2026-09-04,Higher = more vulnerability after component-specific orientation,,"Keep level and one predeclared change separate; trailing/fold-local scale; sign into state, not assumed return direction.",Close/official change known by next decision cutoff; global source is one observation,Vendor/corporate corrections possible; archive frozen input,Recompute changes/rolling stats causally from raw levels; avoid live partially completed month.,CONDITIONAL_MARKET_HISTORY,False,"Observed market/admin-rate history is plausible replay input; exact security/field, currency, availability, corrected-history policy and causal transforms need contract."
11,Global risk,RISK_VIX3M_Z252,derived,market_implied_signals,loop,Data/work/loop/market_implied_daily.parquet,daily,5141,5141,5141,0.0,Not inferred from omitted rows; see DATA_AUDIT.md for denominator and selected matched coverage,1,0,,2006-03-30,2026-09-04,Higher = more global risk after component-specific orientation,,"Keep level and one predeclared change separate; trailing/fold-local scale; sign into state, not assumed return direction.",Close/official change known by next decision cutoff; global source is one observation,Vendor/corporate corrections possible; archive frozen input,Recompute changes/rolling stats causally from raw levels; avoid live partially completed month.,CONDITIONAL_MARKET_HISTORY,False,"Observed market/admin-rate history is plausible replay input; exact security/field, currency, availability, corrected-history policy and causal transforms need contract."
12,Terms of trade commodity impulse,CMD_HG_CURVE_PCT,derived,market_implied_signals,loop,Data/work/loop/market_implied_daily.parquet,daily,5210,5210,5210,0.0,Not inferred from omitted rows; see DATA_AUDIT.md for denominator and selected matched coverage,1,0,,2006-01-03,2026-09-04,Higher = country benefit after exposure sign; no uniform sign,,"Keep level and one predeclared change separate; trailing/fold-local scale; sign into state, not assumed return direction.",Close/official change known by next decision cutoff; global source is one observation,Vendor/corporate corrections possible; archive frozen input,Recompute changes/rolling stats causally from raw levels; avoid live partially completed month.,CONDITIONAL_MARKET_HISTORY,False,"Observed market/admin-rate history is plausible replay input; exact security/field, currency, availability, corrected-history policy and causal transforms need contract."
11,Global risk,RISK_BBDXY_Z252,derived,market_implied_signals,loop,Data/work/loop/market_implied_daily.parquet,daily,5232,5232,5232,0.0,Not inferred from omitted rows; see DATA_AUDIT.md for denominator and selected matched coverage,1,0,,2006-03-30,2026-09-04,Higher = more global risk after component-specific orientation,,"Keep level and one predeclared change separate; trailing/fold-local scale; sign into state, not assumed return direction.",Close/official change known by next decision cutoff; global source is one observation,Vendor/corporate corrections possible; archive frozen input,Recompute changes/rolling stats causally from raw levels; avoid live partially completed month.,CONDITIONAL_MARKET_HISTORY,False,"Observed market/admin-rate history is plausible replay input; exact security/field, currency, availability, corrected-history policy and causal transforms need contract."
11,Global risk,RISK_DXY_Z252,derived,market_implied_signals,loop,Data/work/loop/market_implied_daily.parquet,daily,5316,5316,5316,0.0,Not inferred from omitted rows; see DATA_AUDIT.md for denominator and selected matched coverage,1,0,,2006-03-28,2026-09-04,Higher = more global risk after component-specific orientation,,"Keep level and one predeclared change separate; trailing/fold-local scale; sign into state, not assumed return direction.",Close/official change known by next decision cutoff; global source is one observation,Vendor/corporate corrections possible; archive frozen input,Recompute changes/rolling stats causally from raw levels; avoid live partially completed month.,CONDITIONAL_MARKET_HISTORY,False,"Observed market/admin-rate history is plausible replay input; exact security/field, currency, availability, corrected-history policy and causal transforms need contract."
11,Global risk,RISK_HY_OAS_Z252,derived,market_implied_signals,loop,Data/work/loop/market_implied_daily.parquet,daily,5144,5144,5144,0.0,Not inferred from omitted rows; see DATA_AUDIT.md for denominator and selected matched coverage,1,0,,2006-03-30,2026-09-04,Higher = more global risk after component-specific orientation,,"Keep level and one predeclared change separate; trailing/fold-local scale; sign into state, not assumed return direction.",Close/official change known by next decision cutoff; global source is one observation,Vendor/corporate corrections possible; archive frozen input,Recompute changes/rolling stats causally from raw levels; avoid live partially completed month.,CONDITIONAL_MARKET_HISTORY,False,"Observed market/admin-rate history is plausible replay input; exact security/field, currency, availability, corrected-history policy and causal transforms need contract."
12,Terms of trade commodity impulse,CMD_CO_CURVE_Z252,derived,market_implied_signals,loop,Data/work/loop/market_implied_daily.parquet,daily,5275,5275,5275,0.0,Not inferred from omitted rows; see DATA_AUDIT.md for denominator and selected matched coverage,1,0,,2006-03-28,2026-09-04,Higher = country benefit after exposure sign; no uniform sign,,"Keep level and one predeclared change separate; trailing/fold-local scale; sign into state, not assumed return direction.",Close/official change known by next decision cutoff; global source is one observation,Vendor/corporate corrections possible; archive frozen input,Recompute changes/rolling stats causally from raw levels; avoid live partially completed month.,CONDITIONAL_MARKET_HISTORY,False,"Observed market/admin-rate history is plausible replay input; exact security/field, currency, availability, corrected-history policy and causal transforms need contract."
12,Terms of trade commodity impulse,CMD_NG_CURVE_PCT,derived,market_implied_signals,loop,Data/work/loop/market_implied_daily.parquet,daily,5209,5209,5209,0.0,Not inferred from omitted rows; see DATA_AUDIT.md for denominator and selected matched coverage,1,0,,2006-01-03,2026-09-04,Higher = country benefit after exposure sign; no uniform sign,,"Keep level and one predeclared change separate; trailing/fold-local scale; sign into state, not assumed return direction.",Close/official change known by next decision cutoff; global source is one observation,Vendor/corporate corrections possible; archive frozen input,Recompute changes/rolling stats causally from raw levels; avoid live partially completed month.,CONDITIONAL_MARKET_HISTORY,False,"Observed market/admin-rate history is plausible replay input; exact security/field, currency, availability, corrected-history policy and causal transforms need contract."
12,Terms of trade commodity impulse,CMD_GC_CURVE_PCT,derived,market_implied_signals,loop,Data/work/loop/market_implied_daily.parquet,daily,5210,5210,5210,0.0,Not inferred from omitted rows; see DATA_AUDIT.md for denominator and selected matched coverage,1,0,,2006-01-03,2026-09-04,Higher = country benefit after exposure sign; no uniform sign,,"Keep level and one predeclared change separate; trailing/fold-local scale; sign into state, not assumed return direction.",Close/official change known by next decision cutoff; global source is one observation,Vendor/corporate corrections possible; archive frozen input,Recompute changes/rolling stats causally from raw levels; avoid live partially completed month.,CONDITIONAL_MARKET_HISTORY,False,"Observed market/admin-rate history is plausible replay input; exact security/field, currency, availability, corrected-history policy and causal transforms need contract."
6,External vulnerability,FX_RR25_Z252,derived,market_implied_signals,loop,Data/work/loop/market_implied_daily.parquet,daily,148920,148920,148920,0.0,Not inferred from omitted rows; see DATA_AUDIT.md for denominator and selected matched coverage,29,29,Australia|Brazil|Canada|Chile|ChinaA|ChinaH|France|Germany|Hong Kong|India|Indonesia|Italy|Japan|Korea|Malaysia|Mexico|Netherlands|Philippines|Poland|Saudi Arabia|Singapore|South Africa|Spain|Sweden|Switzerland|Taiwan|Thailand|Turkey|U.K.,2006-03-27,2026-09-04,Higher = more vulnerability after component-specific orientation,,"Keep level and one predeclared change separate; trailing/fold-local scale; sign into state, not assumed return direction.",Close/official change known by next decision cutoff; global source is one observation,Vendor/corporate corrections possible; archive frozen input,Recompute changes/rolling stats causally from raw levels; avoid live partially completed month.,CONDITIONAL_MARKET_HISTORY,False,"Observed market/admin-rate history is plausible replay input; exact security/field, currency, availability, corrected-history policy and causal transforms need contract."
6,External vulnerability,FX_IMPVOL_Z252,derived,market_implied_signals,loop,Data/work/loop/market_implied_daily.parquet,daily,150142,150142,150142,0.0,Not inferred from omitted rows; see DATA_AUDIT.md for denominator and selected matched coverage,29,29,Australia|Brazil|Canada|Chile|ChinaA|ChinaH|France|Germany|Hong Kong|India|Indonesia|Italy|Japan|Korea|Malaysia|Mexico|Netherlands|Philippines|Poland|Saudi Arabia|Singapore|South Africa|Spain|Sweden|Switzerland|Taiwan|Thailand|Turkey|U.K.,2006-03-27,2026-09-04,Higher = more vulnerability after component-specific orientation,,"Keep level and one predeclared change separate; trailing/fold-local scale; sign into state, not assumed return direction.",Close/official change known by next decision cutoff; global source is one observation,Vendor/corporate corrections possible; archive frozen input,Recompute changes/rolling stats causally from raw levels; avoid live partially completed month.,CONDITIONAL_MARKET_HISTORY,False,"Observed market/admin-rate history is plausible replay input; exact security/field, currency, availability, corrected-history policy and causal transforms need contract."
6,External vulnerability,FX_VOL_TERM_PCT,derived,market_implied_signals,loop,Data/work/loop/market_implied_daily.parquet,daily,149918,149918,149918,0.0,Not inferred from omitted rows; see DATA_AUDIT.md for denominator and selected matched coverage,29,29,Australia|Brazil|Canada|Chile|ChinaA|ChinaH|France|Germany|Hong Kong|India|Indonesia|Italy|Japan|Korea|Malaysia|Mexico|Netherlands|Philippines|Poland|Saudi Arabia|Singapore|South Africa|Spain|Sweden|Switzerland|Taiwan|Thailand|Turkey|U.K.,2006-01-02,2026-09-04,Higher = more vulnerability after component-specific orientation,,"Keep level and one predeclared change separate; trailing/fold-local scale; sign into state, not assumed return direction.",Close/official change known by next decision cutoff; global source is one observation,Vendor/corporate corrections possible; archive frozen input,Recompute changes/rolling stats causally from raw levels; avoid live partially completed month.,CONDITIONAL_MARKET_HISTORY,False,"Observed market/admin-rate history is plausible replay input; exact security/field, currency, availability, corrected-history policy and causal transforms need contract."
6,External vulnerability,FX_VOL_TERM_Z252,derived,market_implied_signals,loop,Data/work/loop/market_implied_daily.parquet,daily,148178,148178,148178,0.0,Not inferred from omitted rows; see DATA_AUDIT.md for denominator and selected matched coverage,29,29,Australia|Brazil|Canada|Chile|ChinaA|ChinaH|France|Germany|Hong Kong|India|Indonesia|Italy|Japan|Korea|Malaysia|Mexico|Netherlands|Philippines|Poland|Saudi Arabia|Singapore|South Africa|Spain|Sweden|Switzerland|Taiwan|Thailand|Turkey|U.K.,2006-03-27,2026-09-04,Higher = more vulnerability after component-specific orientation,,"Keep level and one predeclared change separate; trailing/fold-local scale; sign into state, not assumed return direction.",Close/official change known by next decision cutoff; global source is one observation,Vendor/corporate corrections possible; archive frozen input,Recompute changes/rolling stats causally from raw levels; avoid live partially completed month.,CONDITIONAL_MARKET_HISTORY,False,"Observed market/admin-rate history is plausible replay input; exact security/field, currency, availability, corrected-history policy and causal transforms need contract."
11,Global risk,RISK_IG_OAS_Z252,derived,market_implied_signals,loop,Data/work/loop/market_implied_daily.parquet,daily,5144,5144,5144,0.0,Not inferred from omitted rows; see DATA_AUDIT.md for denominator and selected matched coverage,1,0,,2006-03-30,2026-09-04,Higher = more global risk after component-specific orientation,,"Keep level and one predeclared change separate; trailing/fold-local scale; sign into state, not assumed return direction.",Close/official change known by next decision cutoff; global source is one observation,Vendor/corporate corrections possible; archive frozen input,Recompute changes/rolling stats causally from raw levels; avoid live partially completed month.,CONDITIONAL_MARKET_HISTORY,False,"Observed market/admin-rate history is plausible replay input; exact security/field, currency, availability, corrected-history policy and causal transforms need contract."
12,Terms of trade commodity impulse,CMD_GC_CURVE_Z252,derived,market_implied_signals,loop,Data/work/loop/market_implied_daily.parquet,daily,5150,5150,5150,0.0,Not inferred from omitted rows; see DATA_AUDIT.md for denominator and selected matched coverage,1,0,,2006-03-30,2026-09-04,Higher = country benefit after exposure sign; no uniform sign,,"Keep level and one predeclared change separate; trailing/fold-local scale; sign into state, not assumed return direction.",Close/official change known by next decision cutoff; global source is one observation,Vendor/corporate corrections possible; archive frozen input,Recompute changes/rolling stats causally from raw levels; avoid live partially completed month.,CONDITIONAL_MARKET_HISTORY,False,"Observed market/admin-rate history is plausible replay input; exact security/field, currency, availability, corrected-history policy and causal transforms need contract."
4,Inflation regime,RELEASE_PPI_SURPRISE_Z,derived,release_events_signals,loop,Data/work/loop/release_events.parquet,daily,2841,2841,2841,0.0,Not inferred from omitted rows; see DATA_AUDIT.md for denominator and selected matched coverage,17,17,Australia|Canada|ChinaA|ChinaH|France|Germany|Italy|Japan|NASDAQ|Poland|South Africa|Spain|Sweden|Turkey|U.K.|U.S.|US SmallCap,1999-09-27,2026-07-09,Higher = higher inflation pressure,,"Keep level and one predeclared change separate; trailing/fold-local scale; sign into state, not assumed return direction.","Use signal_date after release cutoff, not reference_period",actual_first_print column name is not proof of original print; survey timing and corrections must be traced,Past-only expanding std shifted 1; z clipped ±3. Grouping currently macro-country/concept pools multiple tickers; same-date and geographic duplicate audit required.,CONDITIONAL_RELEASE_ARCHIVE,False,release_date/signal_date and first-print named fields exist; ticker-country identity and independent original-print/survey-vintage proof still required.
1,Growth cycle,RELEASE_SENTIMENT_SURPRISE_Z,derived,release_events_signals,loop,Data/work/loop/release_events.parquet,daily,2446,2446,2446,0.0,Not inferred from omitted rows; see DATA_AUDIT.md for denominator and selected matched coverage,14,14,Denmark|France|Germany|Italy|Japan|Mexico|NASDAQ|Poland|South Africa|Sweden|Switzerland|U.K.|U.S.|US SmallCap,1999-06-29,2026-07-10,Higher = stronger growth,,"Keep level and one predeclared change separate; trailing/fold-local scale; sign into state, not assumed return direction.","Use signal_date after release cutoff, not reference_period",actual_first_print column name is not proof of original print; survey timing and corrections must be traced,Past-only expanding std shifted 1; z clipped ±3. Grouping currently macro-country/concept pools multiple tickers; same-date and geographic duplicate audit required.,CONDITIONAL_RELEASE_ARCHIVE,False,release_date/signal_date and first-print named fields exist; ticker-country identity and independent original-print/survey-vintage proof still required.
1,Growth cycle,RELEASE_PMI_SURPRISE_Z,derived,release_events_signals,loop,Data/work/loop/release_events.parquet,daily,2460,2460,2460,0.0,Not inferred from omitted rows; see DATA_AUDIT.md for denominator and selected matched coverage,17,17,Canada|ChinaA|ChinaH|France|Germany|Italy|Mexico|NASDAQ|Poland|Singapore|South Africa|Spain|Sweden|Switzerland|U.K.|U.S.|US SmallCap,1999-06-01,2026-07-01,Higher = stronger growth,,"Keep level and one predeclared change separate; trailing/fold-local scale; sign into state, not assumed return direction.","Use signal_date after release cutoff, not reference_period",actual_first_print column name is not proof of original print; survey timing and corrections must be traced,Past-only expanding std shifted 1; z clipped ±3. Grouping currently macro-country/concept pools multiple tickers; same-date and geographic duplicate audit required.,CONDITIONAL_RELEASE_ARCHIVE,False,release_date/signal_date and first-print named fields exist; ticker-country identity and independent original-print/survey-vintage proof still required.
4,Inflation regime,RELEASE_CPI_SURPRISE_Z,derived,release_events_signals,loop,Data/work/loop/release_events.parquet,daily,8293,8293,8293,0.0,Not inferred from omitted rows; see DATA_AUDIT.md for denominator and selected matched coverage,33,33,Australia|Brazil|Canada|Chile|ChinaA|ChinaH|Denmark|France|Germany|Hong Kong|India|Indonesia|Italy|Japan|Korea|Malaysia|Mexico|NASDAQ|Netherlands|Philippines|Poland|Singapore|South Africa|Spain|Sweden|Switzerland|Taiwan|Thailand|Turkey|U.K.|U.S.|US SmallCap|Vietnam,1999-11-16,2026-07-10,Higher = higher inflation pressure,,"Keep level and one predeclared change separate; trailing/fold-local scale; sign into state, not assumed return direction.","Use signal_date after release cutoff, not reference_period",actual_first_print column name is not proof of original print; survey timing and corrections must be traced,Past-only expanding std shifted 1; z clipped ±3. Grouping currently macro-country/concept pools multiple tickers; same-date and geographic duplicate audit required.,CONDITIONAL_RELEASE_ARCHIVE,False,release_date/signal_date and first-print named fields exist; ticker-country identity and independent original-print/survey-vintage proof still required.
1,Growth cycle,RELEASE_EMPLOYMENT_SURPRISE_Z,derived,release_events_signals,loop,Data/work/loop/release_events.parquet,daily,2045,2045,2045,0.0,Not inferred from omitted rows; see DATA_AUDIT.md for denominator and selected matched coverage,11,11,Australia|Brazil|Canada|France|Germany|Mexico|NASDAQ|Poland|U.K.|U.S.|US SmallCap,1999-04-07,2026-07-10,Higher = stronger growth,,"Keep level and one predeclared change separate; trailing/fold-local scale; sign into state, not assumed return direction.","Use signal_date after release cutoff, not reference_period",actual_first_print column name is not proof of original print; survey timing and corrections must be traced,Past-only expanding std shifted 1; z clipped ±3. Grouping currently macro-country/concept pools multiple tickers; same-date and geographic duplicate audit required.,CONDITIONAL_RELEASE_ARCHIVE,False,release_date/signal_date and first-print named fields exist; ticker-country identity and independent original-print/survey-vintage proof still required.
1,Growth cycle,RELEASE_IP_SURPRISE_Z,derived,release_events_signals,loop,Data/work/loop/release_events.parquet,daily,3881,3881,3881,0.0,Not inferred from omitted rows; see DATA_AUDIT.md for denominator and selected matched coverage,18,18,Brazil|Chile|ChinaA|ChinaH|France|Germany|Italy|Japan|Malaysia|Mexico|Poland|Singapore|Spain|Switzerland|Taiwan|Thailand|Turkey|U.K.,1998-07-03,2026-07-10,Higher = stronger growth,,"Keep level and one predeclared change separate; trailing/fold-local scale; sign into state, not assumed return direction.","Use signal_date after release cutoff, not reference_period",actual_first_print column name is not proof of original print; survey timing and corrections must be traced,Past-only expanding std shifted 1; z clipped ±3. Grouping currently macro-country/concept pools multiple tickers; same-date and geographic duplicate audit required.,CONDITIONAL_RELEASE_ARCHIVE,False,release_date/signal_date and first-print named fields exist; ticker-country identity and independent original-print/survey-vintage proof still required.
1,Growth cycle,RELEASE_UNEMP_SURPRISE_Z,derived,release_events_signals,loop,Data/work/loop/release_events.parquet,daily,4407,4407,4407,0.0,Not inferred from omitted rows; see DATA_AUDIT.md for denominator and selected matched coverage,21,21,Australia|Brazil|Canada|Chile|Germany|Hong Kong|Italy|Japan|Korea|Mexico|NASDAQ|Netherlands|Poland|Singapore|South Africa|Sweden|Switzerland|Taiwan|U.K.|U.S.|US SmallCap,1999-06-04,2026-07-10,Higher = stronger growth,,"Keep level and one predeclared change separate; trailing/fold-local scale; sign into state, not assumed return direction.","Use signal_date after release cutoff, not reference_period",actual_first_print column name is not proof of original print; survey timing and corrections must be traced,Past-only expanding std shifted 1; z clipped ±3. Grouping currently macro-country/concept pools multiple tickers; same-date and geographic duplicate audit required.,CONDITIONAL_RELEASE_ARCHIVE,False,release_date/signal_date and first-print named fields exist; ticker-country identity and independent original-print/survey-vintage proof still required.
1,Growth cycle,RELEASE_RETAIL_SURPRISE_Z,derived,release_events_signals,loop,Data/work/loop/release_events.parquet,daily,4151,4151,4151,0.0,Not inferred from omitted rows; see DATA_AUDIT.md for denominator and selected matched coverage,22,22,Brazil|Canada|Chile|ChinaA|ChinaH|Denmark|Germany|Hong Kong|Italy|Japan|Mexico|NASDAQ|Netherlands|Poland|Singapore|South Africa|Spain|Sweden|Switzerland|U.K.|U.S.|US SmallCap,1999-10-20,2026-07-03,Higher = stronger growth,,"Keep level and one predeclared change separate; trailing/fold-local scale; sign into state, not assumed return direction.","Use signal_date after release cutoff, not reference_period",actual_first_print column name is not proof of original print; survey timing and corrections must be traced,Past-only expanding std shifted 1; z clipped ±3. Grouping currently macro-country/concept pools multiple tickers; same-date and geographic duplicate audit required.,CONDITIONAL_RELEASE_ARCHIVE,False,release_date/signal_date and first-print named fields exist; ticker-country identity and independent original-print/survey-vintage proof still required.
4,Inflation regime,RELEASE_CORE_CPI_SURPRISE_Z,derived,release_events_signals,loop,Data/work/loop/release_events.parquet,daily,2950,2950,2950,0.0,Not inferred from omitted rows; see DATA_AUDIT.md for denominator and selected matched coverage,17,17,Canada|Indonesia|Japan|Korea|Mexico|NASDAQ|Poland|Singapore|South Africa|Spain|Switzerland|Taiwan|Thailand|Turkey|U.K.|U.S.|US SmallCap,2001-03-21,2026-07-09,Higher = higher inflation pressure,,"Keep level and one predeclared change separate; trailing/fold-local scale; sign into state, not assumed return direction.","Use signal_date after release cutoff, not reference_period",actual_first_print column name is not proof of original print; survey timing and corrections must be traced,Past-only expanding std shifted 1; z clipped ±3. Grouping currently macro-country/concept pools multiple tickers; same-date and geographic duplicate audit required.,CONDITIONAL_RELEASE_ARCHIVE,False,release_date/signal_date and first-print named fields exist; ticker-country identity and independent original-print/survey-vintage proof still required.
1,Growth cycle,RELEASE_GROWTH_SURPRISE_Z,derived,release_events_signals,loop,Data/work/loop/release_events.parquet,daily,15795,15795,15795,0.0,Not inferred from omitted rows; see DATA_AUDIT.md for denominator and selected matched coverage,30,30,Australia|Brazil|Canada|Chile|ChinaA|ChinaH|Denmark|France|Germany|Hong Kong|Indonesia|Italy|Japan|Korea|Malaysia|Mexico|NASDAQ|Netherlands|Poland|Singapore|South Africa|Spain|Sweden|Switzerland|Taiwan|Thailand|Turkey|U.K.|U.S.|US SmallCap,1998-07-03,2026-07-10,Higher = stronger growth,,"Keep level and one predeclared change separate; trailing/fold-local scale; sign into state, not assumed return direction.","Use signal_date after release cutoff, not reference_period",actual_first_print column name is not proof of original print; survey timing and corrections must be traced,Past-only expanding std shifted 1; z clipped ±3. Grouping currently macro-country/concept pools multiple tickers; same-date and geographic duplicate audit required.,CONDITIONAL_RELEASE_ARCHIVE,False,release_date/signal_date and first-print named fields exist; ticker-country identity and independent original-print/survey-vintage proof still required.
1,Growth cycle,RELEASE_GDP_SURPRISE_Z,derived,release_events_signals,loop,Data/work/loop/release_events.parquet,daily,1745,1745,1745,0.0,Not inferred from omitted rows; see DATA_AUDIT.md for denominator and selected matched coverage,20,20,Australia|Brazil|ChinaA|ChinaH|France|Germany|Indonesia|Japan|Korea|Malaysia|Mexico|NASDAQ|Poland|Singapore|South Africa|Spain|Sweden|U.K.|U.S.|US SmallCap,2000-03-30,2026-06-30,Higher = stronger growth,,"Keep level and one predeclared change separate; trailing/fold-local scale; sign into state, not assumed return direction.","Use signal_date after release cutoff, not reference_period",actual_first_print column name is not proof of original print; survey timing and corrections must be traced,Past-only expanding std shifted 1; z clipped ±3. Grouping currently macro-country/concept pools multiple tickers; same-date and geographic duplicate audit required.,CONDITIONAL_RELEASE_ARCHIVE,False,release_date/signal_date and first-print named fields exist; ticker-country identity and independent original-print/survey-vintage proof still required.
4,Inflation regime,RELEASE_INFL_SURPRISE_Z,derived,release_events_signals,loop,Data/work/loop/release_events.parquet,daily,10768,10768,10768,0.0,Not inferred from omitted rows; see DATA_AUDIT.md for denominator and selected matched coverage,33,33,Australia|Brazil|Canada|Chile|ChinaA|ChinaH|Denmark|France|Germany|Hong Kong|India|Indonesia|Italy|Japan|Korea|Malaysia|Mexico|NASDAQ|Netherlands|Philippines|Poland|Singapore|South Africa|Spain|Sweden|Switzerland|Taiwan|Thailand|Turkey|U.K.|U.S.|US SmallCap|Vietnam,1999-09-27,2026-07-10,Higher = higher inflation pressure,,"Keep level and one predeclared change separate; trailing/fold-local scale; sign into state, not assumed return direction.","Use signal_date after release cutoff, not reference_period",actual_first_print column name is not proof of original print; survey timing and corrections must be traced,Past-only expanding std shifted 1; z clipped ±3. Grouping currently macro-country/concept pools multiple tickers; same-date and geographic duplicate audit required.,CONDITIONAL_RELEASE_ARCHIVE,False,release_date/signal_date and first-print named fields exist; ticker-country identity and independent original-print/survey-vintage proof still required.
7,Sovereign fiscal stress,SOV_RATING_FITCH,bloomberg_bql,sov_ratings_monthly,loop,Data/work/loop/sov_ratings_monthly.parquet,monthly,4653,4653,4653,0.0,Not inferred from omitted rows; see DATA_AUDIT.md for denominator and selected matched coverage,33,33,Australia|Brazil|Canada|Chile|ChinaA|ChinaH|Denmark|France|Germany|India|Indonesia|Italy|Japan|Korea|Malaysia|Mexico|NASDAQ|Netherlands|Philippines|Poland|Saudi Arabia|Singapore|South Africa|Spain|Sweden|Switzerland|Taiwan|Thailand|Turkey|U.K.|U.S.|US SmallCap|Vietnam,2015-01-01,2026-09-01,Higher = more sovereign stress after component-specific orientation,,"Keep level and one predeclared change separate; trailing/fold-local scale; sign into state, not assumed return direction.",Use observed rating at next decision; verify event dates for changes,Issuer/security mapping and original rating release unverified,Higher 21-point score = better rating; negative change deterioration.,CONDITIONAL_EVENT_HISTORY,False,Historical monthly issuer ratings exist; monthly observations are not precise announcement events.
7,Sovereign fiscal stress,SOV_RATING_MOODY,bloomberg_bql,sov_ratings_monthly,loop,Data/work/loop/sov_ratings_monthly.parquet,monthly,3520,3520,3520,0.0,Not inferred from omitted rows; see DATA_AUDIT.md for denominator and selected matched coverage,33,33,Australia|Brazil|Canada|Chile|ChinaA|ChinaH|Denmark|France|Germany|India|Indonesia|Italy|Japan|Korea|Malaysia|Mexico|NASDAQ|Netherlands|Philippines|Poland|Saudi Arabia|Singapore|South Africa|Spain|Sweden|Switzerland|Taiwan|Thailand|Turkey|U.K.|U.S.|US SmallCap|Vietnam,2017-02-01,2026-09-01,Higher = more sovereign stress after component-specific orientation,,"Keep level and one predeclared change separate; trailing/fold-local scale; sign into state, not assumed return direction.",Use observed rating at next decision; verify event dates for changes,Issuer/security mapping and original rating release unverified,Higher 21-point score = better rating; negative change deterioration.,CONDITIONAL_EVENT_HISTORY,False,Historical monthly issuer ratings exist; monthly observations are not precise announcement events.
7,Sovereign fiscal stress,SOV_RATING_SP,bloomberg_bql,sov_ratings_monthly,loop,Data/work/loop/sov_ratings_monthly.parquet,monthly,4653,4653,4653,0.0,Not inferred from omitted rows; see DATA_AUDIT.md for denominator and selected matched coverage,33,33,Australia|Brazil|Canada|Chile|ChinaA|ChinaH|Denmark|France|Germany|India|Indonesia|Italy|Japan|Korea|Malaysia|Mexico|NASDAQ|Netherlands|Philippines|Poland|Saudi Arabia|Singapore|South Africa|Spain|Sweden|Switzerland|Taiwan|Thailand|Turkey|U.K.|U.S.|US SmallCap|Vietnam,2015-01-01,2026-09-01,Higher = more sovereign stress after component-specific orientation,,"Keep level and one predeclared change separate; trailing/fold-local scale; sign into state, not assumed return direction.",Use observed rating at next decision; verify event dates for changes,Issuer/security mapping and original rating release unverified,Higher 21-point score = better rating; negative change deterioration.,CONDITIONAL_EVENT_HISTORY,False,Historical monthly issuer ratings exist; monthly observations are not precise announcement events.
7,Sovereign fiscal stress,SOV_CDS_1Y_BP,bloomberg,sovereign_daily,loop,Data/work/loop/sovereign_daily.parquet,daily,52301,52301,52301,0.0,Not inferred from omitted rows; see DATA_AUDIT.md for denominator and selected matched coverage,19,19,Australia|Brazil|Chile|ChinaA|ChinaH|France|Indonesia|Italy|Japan|Korea|Malaysia|Mexico|Philippines|Poland|Saudi Arabia|South Africa|Spain|Thailand|Turkey,2005-01-03,2026-09-04,Higher = more sovereign stress after component-specific orientation,,"Keep level and one predeclared change separate; trailing/fold-local scale; sign into state, not assumed return direction.",Close/official change known by next decision cutoff; global source is one observation,Vendor/corporate corrections possible; archive frozen input,Recompute changes/rolling stats causally from raw levels; avoid live partially completed month.,CONDITIONAL_MARKET_HISTORY,False,"Observed market/admin-rate history is plausible replay input; exact security/field, currency, availability, corrected-history policy and causal transforms need contract."
2,Monetary policy impulse,SOV_2Y_YIELD_PCT,bloomberg,sovereign_daily,loop,Data/work/loop/sovereign_daily.parquet,daily,140945,140945,140945,0.0,Not inferred from omitted rows; see DATA_AUDIT.md for denominator and selected matched coverage,27,27,Australia|Brazil|Canada|ChinaA|ChinaH|Denmark|France|Germany|India|Indonesia|Italy|Japan|Korea|Mexico|NASDAQ|Netherlands|Poland|Singapore|South Africa|Spain|Sweden|Switzerland|Thailand|Turkey|U.K.|U.S.|US SmallCap,2005-01-01,2026-09-04,Higher = tighter nominal policy for levels; easing impulse defined as negative change,,"Keep level and one predeclared change separate; trailing/fold-local scale; sign into state, not assumed return direction.",Close/official change known by next decision cutoff; global source is one observation,Vendor/corporate corrections possible; archive frozen input,Recompute changes/rolling stats causally from raw levels; avoid live partially completed month.,CONDITIONAL_MARKET_HISTORY,False,"Observed market/admin-rate history is plausible replay input; exact security/field, currency, availability, corrected-history policy and causal transforms need contract."
3,Real monetary tightness,SOV_2Y_YIELD_PCT,bloomberg,sovereign_daily,loop,Data/work/loop/sovereign_daily.parquet,daily,140945,140945,140945,0.0,Not inferred from omitted rows; see DATA_AUDIT.md for denominator and selected matched coverage,27,27,Australia|Brazil|Canada|ChinaA|ChinaH|Denmark|France|Germany|India|Indonesia|Italy|Japan|Korea|Mexico|NASDAQ|Netherlands|Poland|Singapore|South Africa|Spain|Sweden|Switzerland|Thailand|Turkey|U.K.|U.S.|US SmallCap,2005-01-01,2026-09-04,Higher = tighter real policy,,"Keep level and one predeclared change separate; trailing/fold-local scale; sign into state, not assumed return direction.",Close/official change known by next decision cutoff; global source is one observation,Vendor/corporate corrections possible; archive frozen input,Recompute changes/rolling stats causally from raw levels; avoid live partially completed month.,CONDITIONAL_MARKET_HISTORY,False,"Observed market/admin-rate history is plausible replay input; exact security/field, currency, availability, corrected-history policy and causal transforms need contract."
7,Sovereign fiscal stress,SOV_CDS_5Y_BP,bloomberg,sovereign_daily,loop,Data/work/loop/sovereign_daily.parquet,daily,108857,108857,108857,0.0,Not inferred from omitted rows; see DATA_AUDIT.md for denominator and selected matched coverage,20,20,Australia|Brazil|Chile|ChinaA|ChinaH|France|Indonesia|Italy|Japan|Korea|Malaysia|Mexico|Philippines|Poland|Saudi Arabia|South Africa|Spain|Thailand|Turkey|Vietnam,2005-01-03,2026-09-04,Higher = more sovereign stress after component-specific orientation,,"Keep level and one predeclared change separate; trailing/fold-local scale; sign into state, not assumed return direction.",Close/official change known by next decision cutoff; global source is one observation,Vendor/corporate corrections possible; archive frozen input,Recompute changes/rolling stats causally from raw levels; avoid live partially completed month.,CONDITIONAL_MARKET_HISTORY,False,"Observed market/admin-rate history is plausible replay input; exact security/field, currency, availability, corrected-history policy and causal transforms need contract."
7,Sovereign fiscal stress,SOV_10Y_YIELD_PCT,bloomberg,sovereign_daily,loop,Data/work/loop/sovereign_daily.parquet,daily,156986,156986,156986,0.0,Not inferred from omitted rows; see DATA_AUDIT.md for denominator and selected matched coverage,32,32,Australia|Brazil|Canada|Chile|ChinaA|ChinaH|Denmark|France|Germany|India|Indonesia|Italy|Japan|Korea|Malaysia|Mexico|NASDAQ|Netherlands|Philippines|Poland|Saudi Arabia|Singapore|South Africa|Spain|Sweden|Switzerland|Taiwan|Thailand|Turkey|U.K.|U.S.|US SmallCap,2005-01-01,2026-09-04,Higher = more sovereign stress after component-specific orientation,,"Keep level and one predeclared change separate; trailing/fold-local scale; sign into state, not assumed return direction.",Close/official change known by next decision cutoff; global source is one observation,Vendor/corporate corrections possible; archive frozen input,Recompute changes/rolling stats causally from raw levels; avoid live partially completed month.,CONDITIONAL_MARKET_HISTORY,False,"Observed market/admin-rate history is plausible replay input; exact security/field, currency, availability, corrected-history policy and causal transforms need contract."
2,Monetary policy impulse,SOV_2S10S_Z252,derived,sovereign_signals,loop,Data/work/loop/sovereign_daily.parquet,daily,135960,135960,135960,0.0,Not inferred from omitted rows; see DATA_AUDIT.md for denominator and selected matched coverage,27,27,Australia|Brazil|Canada|ChinaA|ChinaH|Denmark|France|Germany|India|Indonesia|Italy|Japan|Korea|Mexico|NASDAQ|Netherlands|Poland|Singapore|South Africa|Spain|Sweden|Switzerland|Thailand|Turkey|U.K.|U.S.|US SmallCap,2005-03-17,2026-09-04,Higher = tighter nominal policy for levels; easing impulse defined as negative change,,"Keep level and one predeclared change separate; trailing/fold-local scale; sign into state, not assumed return direction.",Close/official change known by next decision cutoff; global source is one observation,Vendor/corporate corrections possible; archive frozen input,Recompute changes/rolling stats causally from raw levels; avoid live partially completed month.,CONDITIONAL_MARKET_HISTORY,False,"Observed market/admin-rate history is plausible replay input; exact security/field, currency, availability, corrected-history policy and causal transforms need contract."
3,Real monetary tightness,SOV_2S10S_Z252,derived,sovereign_signals,loop,Data/work/loop/sovereign_daily.parquet,daily,135960,135960,135960,0.0,Not inferred from omitted rows; see DATA_AUDIT.md for denominator and selected matched coverage,27,27,Australia|Brazil|Canada|ChinaA|ChinaH|Denmark|France|Germany|India|Indonesia|Italy|Japan|Korea|Mexico|NASDAQ|Netherlands|Poland|Singapore|South Africa|Spain|Sweden|Switzerland|Thailand|Turkey|U.K.|U.S.|US SmallCap,2005-03-17,2026-09-04,Higher = tighter real policy,,"Keep level and one predeclared change separate; trailing/fold-local scale; sign into state, not assumed return direction.",Close/official change known by next decision cutoff; global source is one observation,Vendor/corporate corrections possible; archive frozen input,Recompute changes/rolling stats causally from raw levels; avoid live partially completed month.,CONDITIONAL_MARKET_HISTORY,False,"Observed market/admin-rate history is plausible replay input; exact security/field, currency, availability, corrected-history policy and causal transforms need contract."
7,Sovereign fiscal stress,SOV_CDS_SLOPE_BP,derived,sovereign_signals,loop,Data/work/loop/sovereign_daily.parquet,daily,52287,52287,52287,0.0,Not inferred from omitted rows; see DATA_AUDIT.md for denominator and selected matched coverage,19,19,Australia|Brazil|Chile|ChinaA|ChinaH|France|Indonesia|Italy|Japan|Korea|Malaysia|Mexico|Philippines|Poland|Saudi Arabia|South Africa|Spain|Thailand|Turkey,2005-01-03,2026-09-04,Higher = more sovereign stress after component-specific orientation,,"Keep level and one predeclared change separate; trailing/fold-local scale; sign into state, not assumed return direction.",Close/official change known by next decision cutoff; global source is one observation,Vendor/corporate corrections possible; archive frozen input,Recompute changes/rolling stats causally from raw levels; avoid live partially completed month.,CONDITIONAL_MARKET_HISTORY,False,"Observed market/admin-rate history is plausible replay input; exact security/field, currency, availability, corrected-history policy and causal transforms need contract."
2,Monetary policy impulse,SOV_2S10S_PCT,derived,sovereign_signals,loop,Data/work/loop/sovereign_daily.parquet,daily,137580,137580,137580,0.0,Not inferred from omitted rows; see DATA_AUDIT.md for denominator and selected matched coverage,27,27,Australia|Brazil|Canada|ChinaA|ChinaH|Denmark|France|Germany|India|Indonesia|Italy|Japan|Korea|Mexico|NASDAQ|Netherlands|Poland|Singapore|South Africa|Spain|Sweden|Switzerland|Thailand|Turkey|U.K.|U.S.|US SmallCap,2005-01-01,2026-09-04,Higher = tighter nominal policy for levels; easing impulse defined as negative change,,"Keep level and one predeclared change separate; trailing/fold-local scale; sign into state, not assumed return direction.",Close/official change known by next decision cutoff; global source is one observation,Vendor/corporate corrections possible; archive frozen input,Recompute changes/rolling stats causally from raw levels; avoid live partially completed month.,CONDITIONAL_MARKET_HISTORY,False,"Observed market/admin-rate history is plausible replay input; exact security/field, currency, availability, corrected-history policy and causal transforms need contract."
3,Real monetary tightness,SOV_2S10S_PCT,derived,sovereign_signals,loop,Data/work/loop/sovereign_daily.parquet,daily,137580,137580,137580,0.0,Not inferred from omitted rows; see DATA_AUDIT.md for denominator and selected matched coverage,27,27,Australia|Brazil|Canada|ChinaA|ChinaH|Denmark|France|Germany|India|Indonesia|Italy|Japan|Korea|Mexico|NASDAQ|Netherlands|Poland|Singapore|South Africa|Spain|Sweden|Switzerland|Thailand|Turkey|U.K.|U.S.|US SmallCap,2005-01-01,2026-09-04,Higher = tighter real policy,,"Keep level and one predeclared change separate; trailing/fold-local scale; sign into state, not assumed return direction.",Close/official change known by next decision cutoff; global source is one observation,Vendor/corporate corrections possible; archive frozen input,Recompute changes/rolling stats causally from raw levels; avoid live partially completed month.,CONDITIONAL_MARKET_HISTORY,False,"Observed market/admin-rate history is plausible replay input; exact security/field, currency, availability, corrected-history policy and causal transforms need contract."
7,Sovereign fiscal stress,SOV_CDS_SLOPE_Z252,derived,sovereign_signals,loop,Data/work/loop/sovereign_daily.parquet,daily,51180,51180,51180,0.0,Not inferred from omitted rows; see DATA_AUDIT.md for denominator and selected matched coverage,18,18,Australia|Brazil|Chile|ChinaA|ChinaH|France|Indonesia|Italy|Japan|Korea|Malaysia|Mexico|Philippines|Saudi Arabia|South Africa|Spain|Thailand|Turkey,2005-03-28,2026-09-04,Higher = more sovereign stress after component-specific orientation,,"Keep level and one predeclared change separate; trailing/fold-local scale; sign into state, not assumed return direction.",Close/official change known by next decision cutoff; global source is one observation,Vendor/corporate corrections possible; archive frozen input,Recompute changes/rolling stats causally from raw levels; avoid live partially completed month.,CONDITIONAL_MARKET_HISTORY,False,"Observed market/admin-rate history is plausible replay input; exact security/field, currency, availability, corrected-history policy and causal transforms need contract."
13,Valuation expected return,VAL_ERP_PCT,valuation_block,valuation_monthly,loop,Data/work/loop/valuation_monthly.parquet,monthly,10272,7307,7307,28.8649,Not inferred from omitted rows; see DATA_AUDIT.md for denominator and selected matched coverage,32,32,Australia|Brazil|Canada|Chile|ChinaA|ChinaH|Denmark|France|Germany|India|Indonesia|Italy|Japan|Korea|Malaysia|Mexico|NASDAQ|Netherlands|Philippines|Poland|Saudi Arabia|Singapore|South Africa|Spain|Sweden|Switzerland|Taiwan|Thailand|Turkey|U.K.|U.S.|US SmallCap,2000-01-31,2026-09-30,Higher = more expected-return attractiveness after component-specific orientation,,"Keep level and one predeclared change separate; trailing/fold-local scale; sign into state, not assumed return direction.",Rebuild month-end at completed decision boundary with original observed masks,CAPE/EPS/valuation vendor history may be restated; ERP includes latest-vintage CPI,Valuation percentiles higher=rich incl inverted DY/EY/ERP; recompute raw controls under cutoff; ERP deferred if CPI illegal.,CONDITIONAL_SOURCE_REPLAY,False,Derived from T2 daily levels plus sovereign/CPI; daily zero-fill manufactures data coverage and unfinished month stamped month-end.
13,Valuation expected return,VAL_EY_PCT,valuation_block,valuation_monthly,loop,Data/work/loop/valuation_monthly.parquet,monthly,10914,10166,10166,6.8536,Not inferred from omitted rows; see DATA_AUDIT.md for denominator and selected matched coverage,34,34,Australia|Brazil|Canada|Chile|ChinaA|ChinaH|Denmark|France|Germany|Hong Kong|India|Indonesia|Italy|Japan|Korea|Malaysia|Mexico|NASDAQ|Netherlands|Philippines|Poland|Saudi Arabia|Singapore|South Africa|Spain|Sweden|Switzerland|Taiwan|Thailand|Turkey|U.K.|U.S.|US SmallCap|Vietnam,2000-01-31,2026-09-30,Higher = more expected-return attractiveness after component-specific orientation,,"Keep level and one predeclared change separate; trailing/fold-local scale; sign into state, not assumed return direction.",Rebuild month-end at completed decision boundary with original observed masks,CAPE/EPS/valuation vendor history may be restated; ERP includes latest-vintage CPI,Valuation percentiles higher=rich incl inverted DY/EY/ERP; recompute raw controls under cutoff; ERP deferred if CPI illegal.,CONDITIONAL_SOURCE_REPLAY,False,Derived from T2 daily levels plus sovereign/CPI; daily zero-fill manufactures data coverage and unfinished month stamped month-end.
13,Valuation expected return,VAL_PB,valuation_block,valuation_monthly,loop,Data/work/loop/valuation_monthly.parquet,monthly,10914,8232,8232,24.5739,Not inferred from omitted rows; see DATA_AUDIT.md for denominator and selected matched coverage,34,34,Australia|Brazil|Canada|Chile|ChinaA|ChinaH|Denmark|France|Germany|Hong Kong|India|Indonesia|Italy|Japan|Korea|Malaysia|Mexico|NASDAQ|Netherlands|Philippines|Poland|Saudi Arabia|Singapore|South Africa|Spain|Sweden|Switzerland|Taiwan|Thailand|Turkey|U.K.|U.S.|US SmallCap|Vietnam,2000-01-31,2026-09-30,Higher = more expected-return attractiveness after component-specific orientation,,"Keep level and one predeclared change separate; trailing/fold-local scale; sign into state, not assumed return direction.",Rebuild month-end at completed decision boundary with original observed masks,CAPE/EPS/valuation vendor history may be restated; ERP includes latest-vintage CPI,Valuation percentiles higher=rich incl inverted DY/EY/ERP; recompute raw controls under cutoff; ERP deferred if CPI illegal.,CONDITIONAL_SOURCE_REPLAY,False,Derived from T2 daily levels plus sovereign/CPI; daily zero-fill manufactures data coverage and unfinished month stamped month-end.
13,Valuation expected return,VAL_TRAIL_PE_PCTILE_10Y,valuation_block,valuation_monthly,loop,Data/work/loop/valuation_monthly.parquet,monthly,10914,9005,9005,17.4913,Not inferred from omitted rows; see DATA_AUDIT.md for denominator and selected matched coverage,34,34,Australia|Brazil|Canada|Chile|ChinaA|ChinaH|Denmark|France|Germany|Hong Kong|India|Indonesia|Italy|Japan|Korea|Malaysia|Mexico|NASDAQ|Netherlands|Philippines|Poland|Saudi Arabia|Singapore|South Africa|Spain|Sweden|Switzerland|Taiwan|Thailand|Turkey|U.K.|U.S.|US SmallCap|Vietnam,2000-01-31,2026-09-30,Higher = more expected-return attractiveness after component-specific orientation,,"Keep level and one predeclared change separate; trailing/fold-local scale; sign into state, not assumed return direction.",Rebuild month-end at completed decision boundary with original observed masks,CAPE/EPS/valuation vendor history may be restated; ERP includes latest-vintage CPI,Valuation percentiles higher=rich incl inverted DY/EY/ERP; recompute raw controls under cutoff; ERP deferred if CPI illegal.,CONDITIONAL_SOURCE_REPLAY,False,Derived from T2 daily levels plus sovereign/CPI; daily zero-fill manufactures data coverage and unfinished month stamped month-end.
13,Valuation expected return,VAL_ERP_PCT_PCTILE_10Y,valuation_block,valuation_monthly,loop,Data/work/loop/valuation_monthly.parquet,monthly,10272,6204,6204,39.6028,Not inferred from omitted rows; see DATA_AUDIT.md for denominator and selected matched coverage,32,32,Australia|Brazil|Canada|Chile|ChinaA|ChinaH|Denmark|France|Germany|India|Indonesia|Italy|Japan|Korea|Malaysia|Mexico|NASDAQ|Netherlands|Philippines|Poland|Saudi Arabia|Singapore|South Africa|Spain|Sweden|Switzerland|Taiwan|Thailand|Turkey|U.K.|U.S.|US SmallCap,2000-01-31,2026-09-30,Higher = more expected-return attractiveness after component-specific orientation,,"Keep level and one predeclared change separate; trailing/fold-local scale; sign into state, not assumed return direction.",Rebuild month-end at completed decision boundary with original observed masks,CAPE/EPS/valuation vendor history may be restated; ERP includes latest-vintage CPI,Valuation percentiles higher=rich incl inverted DY/EY/ERP; recompute raw controls under cutoff; ERP deferred if CPI illegal.,CONDITIONAL_SOURCE_REPLAY,False,Derived from T2 daily levels plus sovereign/CPI; daily zero-fill manufactures data coverage and unfinished month stamped month-end.
13,Valuation expected return,VAL_EY_PCT_PCTILE_10Y,valuation_block,valuation_monthly,loop,Data/work/loop/valuation_monthly.parquet,monthly,10914,8976,8976,17.757,Not inferred from omitted rows; see DATA_AUDIT.md for denominator and selected matched coverage,34,34,Australia|Brazil|Canada|Chile|ChinaA|ChinaH|Denmark|France|Germany|Hong Kong|India|Indonesia|Italy|Japan|Korea|Malaysia|Mexico|NASDAQ|Netherlands|Philippines|Poland|Saudi Arabia|Singapore|South Africa|Spain|Sweden|Switzerland|Taiwan|Thailand|Turkey|U.K.|U.S.|US SmallCap|Vietnam,2000-01-31,2026-09-30,Higher = more expected-return attractiveness after component-specific orientation,,"Keep level and one predeclared change separate; trailing/fold-local scale; sign into state, not assumed return direction.",Rebuild month-end at completed decision boundary with original observed masks,CAPE/EPS/valuation vendor history may be restated; ERP includes latest-vintage CPI,Valuation percentiles higher=rich incl inverted DY/EY/ERP; recompute raw controls under cutoff; ERP deferred if CPI illegal.,CONDITIONAL_SOURCE_REPLAY,False,Derived from T2 daily levels plus sovereign/CPI; daily zero-fill manufactures data coverage and unfinished month stamped month-end.
13,Valuation expected return,VAL_TRAIL_PE,valuation_block,valuation_monthly,loop,Data/work/loop/valuation_monthly.parquet,monthly,10914,10195,10195,6.5879,Not inferred from omitted rows; see DATA_AUDIT.md for denominator and selected matched coverage,34,34,Australia|Brazil|Canada|Chile|ChinaA|ChinaH|Denmark|France|Germany|Hong Kong|India|Indonesia|Italy|Japan|Korea|Malaysia|Mexico|NASDAQ|Netherlands|Philippines|Poland|Saudi Arabia|Singapore|South Africa|Spain|Sweden|Switzerland|Taiwan|Thailand|Turkey|U.K.|U.S.|US SmallCap|Vietnam,2000-01-31,2026-09-30,Higher = more expected-return attractiveness after component-specific orientation,,"Keep level and one predeclared change separate; trailing/fold-local scale; sign into state, not assumed return direction.",Rebuild month-end at completed decision boundary with original observed masks,CAPE/EPS/valuation vendor history may be restated; ERP includes latest-vintage CPI,Valuation percentiles higher=rich incl inverted DY/EY/ERP; recompute raw controls under cutoff; ERP deferred if CPI illegal.,CONDITIONAL_SOURCE_REPLAY,False,Derived from T2 daily levels plus sovereign/CPI; daily zero-fill manufactures data coverage and unfinished month stamped month-end.
13,Valuation expected return,VAL_DY_PCT,valuation_block,valuation_monthly,loop,Data/work/loop/valuation_monthly.parquet,monthly,10914,8252,8252,24.3907,Not inferred from omitted rows; see DATA_AUDIT.md for denominator and selected matched coverage,34,34,Australia|Brazil|Canada|Chile|ChinaA|ChinaH|Denmark|France|Germany|Hong Kong|India|Indonesia|Italy|Japan|Korea|Malaysia|Mexico|NASDAQ|Netherlands|Philippines|Poland|Saudi Arabia|Singapore|South Africa|Spain|Sweden|Switzerland|Taiwan|Thailand|Turkey|U.K.|U.S.|US SmallCap|Vietnam,2000-01-31,2026-09-30,Higher = more expected-return attractiveness after component-specific orientation,,"Keep level and one predeclared change separate; trailing/fold-local scale; sign into state, not assumed return direction.",Rebuild month-end at completed decision boundary with original observed masks,CAPE/EPS/valuation vendor history may be restated; ERP includes latest-vintage CPI,Valuation percentiles higher=rich incl inverted DY/EY/ERP; recompute raw controls under cutoff; ERP deferred if CPI illegal.,CONDITIONAL_SOURCE_REPLAY,False,Derived from T2 daily levels plus sovereign/CPI; daily zero-fill manufactures data coverage and unfinished month stamped month-end.
13,Valuation expected return,VAL_CAPE_PCTILE_10Y,valuation_block,valuation_monthly,loop,Data/work/loop/valuation_monthly.parquet,monthly,10914,6315,6315,42.1385,Not inferred from omitted rows; see DATA_AUDIT.md for denominator and selected matched coverage,34,34,Australia|Brazil|Canada|Chile|ChinaA|ChinaH|Denmark|France|Germany|Hong Kong|India|Indonesia|Italy|Japan|Korea|Malaysia|Mexico|NASDAQ|Netherlands|Philippines|Poland|Saudi Arabia|Singapore|South Africa|Spain|Sweden|Switzerland|Taiwan|Thailand|Turkey|U.K.|U.S.|US SmallCap|Vietnam,2000-01-31,2026-09-30,Higher = more expected-return attractiveness after component-specific orientation,,"Keep level and one predeclared change separate; trailing/fold-local scale; sign into state, not assumed return direction.",Rebuild month-end at completed decision boundary with original observed masks,CAPE/EPS/valuation vendor history may be restated; ERP includes latest-vintage CPI,Valuation percentiles higher=rich incl inverted DY/EY/ERP; recompute raw controls under cutoff; ERP deferred if CPI illegal.,CONDITIONAL_SOURCE_REPLAY,False,Derived from T2 daily levels plus sovereign/CPI; daily zero-fill manufactures data coverage and unfinished month stamped month-end.
13,Valuation expected return,VAL_PB_PCTILE_10Y,valuation_block,valuation_monthly,loop,Data/work/loop/valuation_monthly.parquet,monthly,10914,7042,7042,35.4774,Not inferred from omitted rows; see DATA_AUDIT.md for denominator and selected matched coverage,34,34,Australia|Brazil|Canada|Chile|ChinaA|ChinaH|Denmark|France|Germany|Hong Kong|India|Indonesia|Italy|Japan|Korea|Malaysia|Mexico|NASDAQ|Netherlands|Philippines|Poland|Saudi Arabia|Singapore|South Africa|Spain|Sweden|Switzerland|Taiwan|Thailand|Turkey|U.K.|U.S.|US SmallCap|Vietnam,2000-01-31,2026-09-30,Higher = more expected-return attractiveness after component-specific orientation,,"Keep level and one predeclared change separate; trailing/fold-local scale; sign into state, not assumed return direction.",Rebuild month-end at completed decision boundary with original observed masks,CAPE/EPS/valuation vendor history may be restated; ERP includes latest-vintage CPI,Valuation percentiles higher=rich incl inverted DY/EY/ERP; recompute raw controls under cutoff; ERP deferred if CPI illegal.,CONDITIONAL_SOURCE_REPLAY,False,Derived from T2 daily levels plus sovereign/CPI; daily zero-fill manufactures data coverage and unfinished month stamped month-end.
13,Valuation expected return,VAL_CAPE,valuation_block,valuation_monthly,loop,Data/work/loop/valuation_monthly.parquet,monthly,10914,7220,7220,33.8464,Not inferred from omitted rows; see DATA_AUDIT.md for denominator and selected matched coverage,34,34,Australia|Brazil|Canada|Chile|ChinaA|ChinaH|Denmark|France|Germany|Hong Kong|India|Indonesia|Italy|Japan|Korea|Malaysia|Mexico|NASDAQ|Netherlands|Philippines|Poland|Saudi Arabia|Singapore|South Africa|Spain|Sweden|Switzerland|Taiwan|Thailand|Turkey|U.K.|U.S.|US SmallCap|Vietnam,2000-01-31,2026-09-30,Higher = more expected-return attractiveness after component-specific orientation,,"Keep level and one predeclared change separate; trailing/fold-local scale; sign into state, not assumed return direction.",Rebuild month-end at completed decision boundary with original observed masks,CAPE/EPS/valuation vendor history may be restated; ERP includes latest-vintage CPI,Valuation percentiles higher=rich incl inverted DY/EY/ERP; recompute raw controls under cutoff; ERP deferred if CPI illegal.,CONDITIONAL_SOURCE_REPLAY,False,Derived from T2 daily levels plus sovereign/CPI; daily zero-fill manufactures data coverage and unfinished month stamped month-end.
13,Valuation expected return,VAL_DY_PCT_PCTILE_10Y,valuation_block,valuation_monthly,loop,Data/work/loop/valuation_monthly.parquet,monthly,10914,7062,7062,35.2941,Not inferred from omitted rows; see DATA_AUDIT.md for denominator and selected matched coverage,34,34,Australia|Brazil|Canada|Chile|ChinaA|ChinaH|Denmark|France|Germany|Hong Kong|India|Indonesia|Italy|Japan|Korea|Malaysia|Mexico|NASDAQ|Netherlands|Philippines|Poland|Saudi Arabia|Singapore|South Africa|Spain|Sweden|Switzerland|Taiwan|Thailand|Turkey|U.K.|U.S.|US SmallCap|Vietnam,2000-01-31,2026-09-30,Higher = more expected-return attractiveness after component-specific orientation,,"Keep level and one predeclared change separate; trailing/fold-local scale; sign into state, not assumed return direction.",Rebuild month-end at completed decision boundary with original observed masks,CAPE/EPS/valuation vendor history may be restated; ERP includes latest-vintage CPI,Valuation percentiles higher=rich incl inverted DY/EY/ERP; recompute raw controls under cutoff; ERP deferred if CPI illegal.,CONDITIONAL_SOURCE_REPLAY,False,Derived from T2 daily levels plus sovereign/CPI; daily zero-fill manufactures data coverage and unfinished month stamped month-end.
1,Growth cycle,WEO_GDP_GROWTH_PCT,weo_revisions,weo_revisions,loop,Data/work/loop/weo_vintages.parquet,semiannual vintage,7581,7581,7581,0.0,Not inferred from omitted rows; see DATA_AUDIT.md for denominator and selected matched coverage,34,34,Australia|Brazil|Canada|Chile|ChinaA|ChinaH|Denmark|France|Germany|Hong Kong|India|Indonesia|Italy|Japan|Korea|Malaysia|Mexico|NASDAQ|Netherlands|Philippines|Poland|Saudi Arabia|Singapore|South Africa|Spain|Sweden|Switzerland|Taiwan|Thailand|Turkey|U.K.|U.S.|US SmallCap|Vietnam,2008-10-15,2026-04-15,Higher = stronger growth,,"Keep level and one predeclared change separate; trailing/fold-local scale; sign into state, not assumed return direction.",Use existing archive evidence for release day or first following month; current hardcoded day15 not certified,Named source vintages available; preserve vintage key and source,"As-of vintage join; target-year forecasts are allowed expectations, never realized inflation/GDP.",CONDITIONAL_VINTAGE_ARCHIVE,False,"Actual named WEO vintage values exist, but vintage_date is assigned day 15, not actual release timestamp."
4,Inflation regime,WEO_CPI_INFLATION_PCT,weo_revisions,weo_revisions,loop,Data/work/loop/weo_vintages.parquet,semiannual vintage,7582,7582,7582,0.0,Not inferred from omitted rows; see DATA_AUDIT.md for denominator and selected matched coverage,34,34,Australia|Brazil|Canada|Chile|ChinaA|ChinaH|Denmark|France|Germany|Hong Kong|India|Indonesia|Italy|Japan|Korea|Malaysia|Mexico|NASDAQ|Netherlands|Philippines|Poland|Saudi Arabia|Singapore|South Africa|Spain|Sweden|Switzerland|Taiwan|Thailand|Turkey|U.K.|U.S.|US SmallCap|Vietnam,2008-10-15,2026-04-15,Higher = higher inflation pressure,,"Keep level and one predeclared change separate; trailing/fold-local scale; sign into state, not assumed return direction.",Use existing archive evidence for release day or first following month; current hardcoded day15 not certified,Named source vintages available; preserve vintage key and source,"As-of vintage join; target-year forecasts are allowed expectations, never realized inflation/GDP.",CONDITIONAL_VINTAGE_ARCHIVE,False,"Actual named WEO vintage values exist, but vintage_date is assigned day 15, not actual release timestamp."
1,Growth cycle,WEO_GDP_GROWTH_PCT,dbnomics_weo,weo_vintages,loop,Data/work/loop/weo_vintages.parquet,semiannual vintage,7955,7955,7955,0.0,Not inferred from omitted rows; see DATA_AUDIT.md for denominator and selected matched coverage,34,34,Australia|Brazil|Canada|Chile|ChinaA|ChinaH|Denmark|France|Germany|Hong Kong|India|Indonesia|Italy|Japan|Korea|Malaysia|Mexico|NASDAQ|Netherlands|Philippines|Poland|Saudi Arabia|Singapore|South Africa|Spain|Sweden|Switzerland|Taiwan|Thailand|Turkey|U.K.|U.S.|US SmallCap|Vietnam,2008-04-15,2025-04-15,Higher = stronger growth,,"Keep level and one predeclared change separate; trailing/fold-local scale; sign into state, not assumed return direction.",Use existing archive evidence for release day or first following month; current hardcoded day15 not certified,Named source vintages available; preserve vintage key and source,"As-of vintage join; target-year forecasts are allowed expectations, never realized inflation/GDP.",CONDITIONAL_VINTAGE_ARCHIVE,False,"Actual named WEO vintage values exist, but vintage_date is assigned day 15, not actual release timestamp."
4,Inflation regime,WEO_CPI_INFLATION_PCT,imf_sdmx_weo_2025_oct_vintage,weo_vintages,loop,Data/work/loop/weo_vintages.parquet,semiannual vintage,238,238,238,0.0,Not inferred from omitted rows; see DATA_AUDIT.md for denominator and selected matched coverage,34,34,Australia|Brazil|Canada|Chile|ChinaA|ChinaH|Denmark|France|Germany|Hong Kong|India|Indonesia|Italy|Japan|Korea|Malaysia|Mexico|NASDAQ|Netherlands|Philippines|Poland|Saudi Arabia|Singapore|South Africa|Spain|Sweden|Switzerland|Taiwan|Thailand|Turkey|U.K.|U.S.|US SmallCap|Vietnam,2025-10-15,2025-10-15,Higher = higher inflation pressure,,"Keep level and one predeclared change separate; trailing/fold-local scale; sign into state, not assumed return direction.",Use existing archive evidence for release day or first following month; current hardcoded day15 not certified,Named source vintages available; preserve vintage key and source,"As-of vintage join; target-year forecasts are allowed expectations, never realized inflation/GDP.",CONDITIONAL_VINTAGE_ARCHIVE,False,"Actual named WEO vintage values exist, but vintage_date is assigned day 15, not actual release timestamp."
4,Inflation regime,WEO_CPI_INFLATION_PCT,imf_sdmx_weo,weo_vintages,loop,Data/work/loop/weo_vintages.parquet,semiannual vintage,238,238,238,0.0,Not inferred from omitted rows; see DATA_AUDIT.md for denominator and selected matched coverage,34,34,Australia|Brazil|Canada|Chile|ChinaA|ChinaH|Denmark|France|Germany|Hong Kong|India|Indonesia|Italy|Japan|Korea|Malaysia|Mexico|NASDAQ|Netherlands|Philippines|Poland|Saudi Arabia|Singapore|South Africa|Spain|Sweden|Switzerland|Taiwan|Thailand|Turkey|U.K.|U.S.|US SmallCap|Vietnam,2026-04-15,2026-04-15,Higher = higher inflation pressure,,"Keep level and one predeclared change separate; trailing/fold-local scale; sign into state, not assumed return direction.",Use existing archive evidence for release day or first following month; current hardcoded day15 not certified,Named source vintages available; preserve vintage key and source,"As-of vintage join; target-year forecasts are allowed expectations, never realized inflation/GDP.",CONDITIONAL_VINTAGE_ARCHIVE,False,"Actual named WEO vintage values exist, but vintage_date is assigned day 15, not actual release timestamp."
4,Inflation regime,WEO_CPI_INFLATION_PCT,dbnomics_weo,weo_vintages,loop,Data/work/loop/weo_vintages.parquet,semiannual vintage,7956,7956,7956,0.0,Not inferred from omitted rows; see DATA_AUDIT.md for denominator and selected matched coverage,34,34,Australia|Brazil|Canada|Chile|ChinaA|ChinaH|Denmark|France|Germany|Hong Kong|India|Indonesia|Italy|Japan|Korea|Malaysia|Mexico|NASDAQ|Netherlands|Philippines|Poland|Saudi Arabia|Singapore|South Africa|Spain|Sweden|Switzerland|Taiwan|Thailand|Turkey|U.K.|U.S.|US SmallCap|Vietnam,2008-04-15,2025-04-15,Higher = higher inflation pressure,,"Keep level and one predeclared change separate; trailing/fold-local scale; sign into state, not assumed return direction.",Use existing archive evidence for release day or first following month; current hardcoded day15 not certified,Named source vintages available; preserve vintage key and source,"As-of vintage join; target-year forecasts are allowed expectations, never realized inflation/GDP.",CONDITIONAL_VINTAGE_ARCHIVE,False,"Actual named WEO vintage values exist, but vintage_date is assigned day 15, not actual release timestamp."
1,Growth cycle,WEO_GDP_GROWTH_PCT,imf_sdmx_weo_2025_oct_vintage,weo_vintages,loop,Data/work/loop/weo_vintages.parquet,semiannual vintage,238,238,238,0.0,Not inferred from omitted rows; see DATA_AUDIT.md for denominator and selected matched coverage,34,34,Australia|Brazil|Canada|Chile|ChinaA|ChinaH|Denmark|France|Germany|Hong Kong|India|Indonesia|Italy|Japan|Korea|Malaysia|Mexico|NASDAQ|Netherlands|Philippines|Poland|Saudi Arabia|Singapore|South Africa|Spain|Sweden|Switzerland|Taiwan|Thailand|Turkey|U.K.|U.S.|US SmallCap|Vietnam,2025-10-15,2025-10-15,Higher = stronger growth,,"Keep level and one predeclared change separate; trailing/fold-local scale; sign into state, not assumed return direction.",Use existing archive evidence for release day or first following month; current hardcoded day15 not certified,Named source vintages available; preserve vintage key and source,"As-of vintage join; target-year forecasts are allowed expectations, never realized inflation/GDP.",CONDITIONAL_VINTAGE_ARCHIVE,False,"Actual named WEO vintage values exist, but vintage_date is assigned day 15, not actual release timestamp."
1,Growth cycle,WEO_GDP_GROWTH_PCT,imf_sdmx_weo,weo_vintages,loop,Data/work/loop/weo_vintages.parquet,semiannual vintage,238,238,238,0.0,Not inferred from omitted rows; see DATA_AUDIT.md for denominator and selected matched coverage,34,34,Australia|Brazil|Canada|Chile|ChinaA|ChinaH|Denmark|France|Germany|Hong Kong|India|Indonesia|Italy|Japan|Korea|Malaysia|Mexico|NASDAQ|Netherlands|Philippines|Poland|Saudi Arabia|Singapore|South Africa|Spain|Sweden|Switzerland|Taiwan|Thailand|Turkey|U.K.|U.S.|US SmallCap|Vietnam,2026-04-15,2026-04-15,Higher = stronger growth,,"Keep level and one predeclared change separate; trailing/fold-local scale; sign into state, not assumed return direction.",Use existing archive evidence for release day or first following month; current hardcoded day15 not certified,Named source vintages available; preserve vintage key and source,"As-of vintage join; target-year forecasts are allowed expectations, never realized inflation/GDP.",CONDITIONAL_VINTAGE_ARCHIVE,False,"Actual named WEO vintage values exist, but vintage_date is assigned day 15, not actual release timestamp."
