variable,base_variable,normalization,definition,source_provider,source_series_id,units,cross_country_comparable,native_frequency,publication_lag,revision_prone,vintage_available,sign,economic_mechanism,mechanism_reference,concept,is_broadcast,quality_flag,valid_range,review_status,notes
10Yr Bond,10Yr Bond,raw,"10-year government bond yield, in percent.",T2/Bloomberg,,percent,True,M,,,,unknown,"Long rate embeds policy expectations, inflation compensation, and term premium; rising yields raise the equity discount rate.",,monetary,False,,,model_drafted,
10Yr Bond 12,10Yr Bond 12,raw,"12-period percent change in the 10-year government bond yield (months on the monthly surface, trading days on the daily surface).",T2/Bloomberg,,percent change,True,M,,,,lower_is_better,Rate momentum — sustained yield rises tighten financial conditions before equities fully reprice.,,monetary,False,,,model_drafted,
10Yr Bond 120,10Yr Bond 120,raw,120-period percent change in the 10-year government bond yield.,T2/Bloomberg,,percent change,True,D,,,,unknown,Long-window rate trend — cumulative tightening or easing cycle position.,,monetary,False,,,model_drafted,
10Yr Bond 120_CS,10Yr Bond 120,_CS,Cross-sectional z-score (across the 34-country panel) of: 120-period percent change in the 10-year government bond yield.,T2/Bloomberg,,z-score (cross-sectional),True,D,,,,higher_is_better,Long-window rate trend — cumulative tightening or easing cycle position.,,monetary,False,,,model_drafted,
10Yr Bond 120_TS,10Yr Bond 120,_TS,Time-series z-score (vs own trailing history) of: 120-period percent change in the 10-year government bond yield.,T2/Bloomberg,,z-score (time-series),True,D,,,,higher_is_better,Long-window rate trend — cumulative tightening or easing cycle position.,,monetary,False,,,model_drafted,
10Yr Bond 12_CS,10Yr Bond 12,_CS,"Cross-sectional z-score (across the 34-country panel) of: 12-period percent change in the 10-year government bond yield (months on the monthly surface, trading days on the daily surface).",T2/Bloomberg,,z-score (cross-sectional),True,M,,,,higher_is_better,Rate momentum — sustained yield rises tighten financial conditions before equities fully reprice.,,monetary,False,,,model_drafted,sign-flipped during normalization (raw concept is lower-is-better)
10Yr Bond 12_TS,10Yr Bond 12,_TS,"Time-series z-score (vs own trailing history) of: 12-period percent change in the 10-year government bond yield (months on the monthly surface, trading days on the daily surface).",T2/Bloomberg,,z-score (time-series),True,M,,,,higher_is_better,Rate momentum — sustained yield rises tighten financial conditions before equities fully reprice.,,monetary,False,,,model_drafted,sign-flipped during normalization (raw concept is lower-is-better)
10Yr Bond_CS,10Yr Bond,_CS,"Cross-sectional z-score (across the 34-country panel) of: 10-year government bond yield, in percent.",T2/Bloomberg,,z-score (cross-sectional),True,M,,,,higher_is_better,"Long rate embeds policy expectations, inflation compensation, and term premium; rising yields raise the equity discount rate.",,monetary,False,,,model_drafted,
10Yr Bond_TS,10Yr Bond,_TS,"Time-series z-score (vs own trailing history) of: 10-year government bond yield, in percent.",T2/Bloomberg,,z-score (time-series),True,M,,,,higher_is_better,"Long rate embeds policy expectations, inflation compensation, and term premium; rising yields raise the equity discount rate.",,monetary,False,,,model_drafted,
12-1MTR,12-1MTR,raw,12-month total return minus the most recent 1-month total return (momentum excluding the reversal month).,T2/Bloomberg,,decimal return,True,M,,,,unknown,Classic 12-1 momentum — strips the short-term reversal month from the momentum lookback to avoid fighting mean reversion.,Jegadeesh & Titman (1993),momentum,False,,,model_drafted,
12-1MTR_CS,12-1MTR,_CS,Cross-sectional z-score (across the 34-country panel) of: 12-month total return minus the most recent 1-month total return (momentum excluding the reversal month).,T2/Bloomberg,,z-score (cross-sectional),True,M,,,,higher_is_better,Classic 12-1 momentum — strips the short-term reversal month from the momentum lookback to avoid fighting mean reversion.,Jegadeesh & Titman (1993),momentum,False,,,model_drafted,
12-1MTR_TS,12-1MTR,_TS,Time-series z-score (vs own trailing history) of: 12-month total return minus the most recent 1-month total return (momentum excluding the reversal month).,T2/Bloomberg,,z-score (time-series),True,M,,,,higher_is_better,Classic 12-1 momentum — strips the short-term reversal month from the momentum lookback to avoid fighting mean reversion.,Jegadeesh & Titman (1993),momentum,False,,,model_drafted,
120-5DTR_CS,120-5DTR,_CS,Cross-sectional z-score (across the 34-country panel) of: 120-trading-day total return minus 5-trading-day total return (daily analog of 12-1 momentum-ex-reversal).,T2/Bloomberg,,z-score (cross-sectional),True,D,,,,higher_is_better,Momentum excluding the most recent week to sidestep short-term reversal.,Jegadeesh & Titman (1993),momentum,False,,,model_drafted,
120-5DTR_TS,120-5DTR,_TS,Time-series z-score (vs own trailing history) of: 120-trading-day total return minus 5-trading-day total return (daily analog of 12-1 momentum-ex-reversal).,T2/Bloomberg,,z-score (time-series),True,D,,,,higher_is_better,Momentum excluding the most recent week to sidestep short-term reversal.,Jegadeesh & Titman (1993),momentum,False,,,model_drafted,
120DRet,120DRet,raw,Trailing 120-trading-day (~6 month) price return of the country equity index.,T2/Bloomberg,,decimal return,True,D,,,,higher_is_better,Medium-horizon momentum; persistent country performance reflects slow-moving macro repricing.,,momentum,False,,,model_drafted,
120DTR_CS,120DTR,_CS,Cross-sectional z-score (across the 34-country panel) of: Trailing 120-trading-day total return of the country equity index (daily analog of the long-horizon momentum lookback; mapped to 12MTR in variable_meta).,T2/Bloomberg,,z-score (cross-sectional),True,D,,,,higher_is_better,Long-horizon total-return momentum on the daily surface.,,momentum,False,,,model_drafted,
120DTR_TS,120DTR,_TS,Time-series z-score (vs own trailing history) of: Trailing 120-trading-day total return of the country equity index (daily analog of the long-horizon momentum lookback; mapped to 12MTR in variable_meta).,T2/Bloomberg,,z-score (time-series),True,D,,,,higher_is_better,Long-horizon total-return momentum on the daily surface.,,momentum,False,,,model_drafted,
120MA,120MA,raw,"120-period moving average of the country equity index price (months on the monthly surface, trading days on the daily surface).",T2/Bloomberg,,index level (local currency),False,M,,,,unknown,Trend anchor; input to the 120MA Signal ratio.,,technical,False,,,model_drafted,
120MA Signal,120MA Signal,raw,Country equity index price relative to its 120-period moving average (continuous ratio; verified range 0.19-3.97 on the monthly surface).,T2/Bloomberg,,ratio,True,M,,,,lower_is_better,Trend-following signal — price above its long moving average indicates an established uptrend; crossover systems buy strength.,,technical,False,,,model_drafted,
120MA Signal_CS,120MA Signal,_CS,Cross-sectional z-score (across the 34-country panel) of: Country equity index price relative to its 120-period moving average (continuous ratio; verified range 0.19-3.97 on the monthly surface).,T2/Bloomberg,,z-score (cross-sectional),True,M,,,,higher_is_better,Trend-following signal — price above its long moving average indicates an established uptrend; crossover systems buy strength.,,technical,False,,,model_drafted,sign-flipped during normalization (raw concept is lower-is-better)
120MA Signal_TS,120MA Signal,_TS,Time-series z-score (vs own trailing history) of: Country equity index price relative to its 120-period moving average (continuous ratio; verified range 0.19-3.97 on the monthly surface).,T2/Bloomberg,,z-score (time-series),True,M,,,,higher_is_better,Trend-following signal — price above its long moving average indicates an established uptrend; crossover systems buy strength.,,technical,False,,,model_drafted,sign-flipped during normalization (raw concept is lower-is-better)
120MA_CS,120MA,_CS,"Cross-sectional z-score (across the 34-country panel) of: 120-period moving average of the country equity index price (months on the monthly surface, trading days on the daily surface).",T2/Bloomberg,,z-score (cross-sectional),True,M,,,,higher_is_better,Trend anchor; input to the 120MA Signal ratio.,,technical,False,,,model_drafted,
120MA_TS,120MA,_TS,"Time-series z-score (vs own trailing history) of: 120-period moving average of the country equity index price (months on the monthly surface, trading days on the daily surface).",T2/Bloomberg,,z-score (time-series),True,M,,,,higher_is_better,Trend anchor; input to the 120MA Signal ratio.,,technical,False,,,model_drafted,
12MRet,12MRet,raw,Trailing 12-month price return of the country equity index.,T2/Bloomberg,,decimal return,True,M,,,,higher_is_better,Twelve-month momentum — the canonical lookback for cross-sectional momentum strategies.,,momentum,False,,,model_drafted,
12MTR,12MTR,raw,Trailing 12-month total return of the country equity index.,T2/Bloomberg,,decimal return,True,M,,,,unknown,"Twelve-month total-return momentum, the canonical momentum lookback.",,momentum,False,,,model_drafted,
12MTR_CS,12MTR,_CS,Cross-sectional z-score (across the 34-country panel) of: Trailing 12-month total return of the country equity index.,T2/Bloomberg,,z-score (cross-sectional),True,M,,,,higher_is_better,"Twelve-month total-return momentum, the canonical momentum lookback.",,momentum,False,,,model_drafted,
12MTR_TS,12MTR,_TS,Time-series z-score (vs own trailing history) of: Trailing 12-month total return of the country equity index.,T2/Bloomberg,,z-score (time-series),True,M,,,,higher_is_better,"Twelve-month total-return momentum, the canonical momentum lookback.",,momentum,False,,,model_drafted,
1DRet,1DRet,raw,1-day price return of the country equity index.,T2/Bloomberg,,decimal return,True,D,,,,higher_is_better,"Daily return building block; outcome variable, not a predictor.",,momentum,False,,,model_drafted,
1DTR_CS,1DTR,_CS,Cross-sectional z-score (across the 34-country panel) of: 1-trading-day total return of the country equity index.,T2/Bloomberg,,z-score (cross-sectional),True,D,,,,higher_is_better,"Daily total-return building block; outcome variable, not a predictor.",,momentum,False,,,model_drafted,
1DTR_TS,1DTR,_TS,Time-series z-score (vs own trailing history) of: 1-trading-day total return of the country equity index.,T2/Bloomberg,,z-score (time-series),True,D,,,,higher_is_better,"Daily total-return building block; outcome variable, not a predictor.",,momentum,False,,,model_drafted,
1MRet,1MRet,raw,,GDELT,,,,M,,,,higher_is_better,,,,False,,,unknown,
1MTR,1MTR,raw,Trailing 1-month total return (dividends reinvested) of the country equity index.,T2/Bloomberg,,decimal return,True,M,,,,lower_is_better,One-month total return; reversal input and the monthly outcome variable.,,momentum,False,,,model_drafted,
1MTR_CS,1MTR,_CS,Cross-sectional z-score (across the 34-country panel) of: Trailing 1-month total return (dividends reinvested) of the country equity index.,T2/Bloomberg,,z-score (cross-sectional),True,M,,,,higher_is_better,One-month total return; reversal input and the monthly outcome variable.,,momentum,False,,,model_drafted,sign-flipped during normalization (raw concept is lower-is-better)
1MTR_TS,1MTR,_TS,Time-series z-score (vs own trailing history) of: Trailing 1-month total return (dividends reinvested) of the country equity index.,T2/Bloomberg,,z-score (time-series),True,M,,,,higher_is_better,One-month total return; reversal input and the monthly outcome variable.,,momentum,False,,,model_drafted,sign-flipped during normalization (raw concept is lower-is-better)
20 Day Vol,20 Day Vol,raw,Realized volatility of daily index returns over the trailing 20 trading days.,T2/Bloomberg,,percent (realized volatility),True,M,,,,unknown,Short-window risk gauge; vol spikes accompany drawdowns and depress risk appetite (low-vol anomaly favors calm markets cross-sectionally).,,technical,False,,,model_drafted,
20 Day Vol_CS,20 Day Vol,_CS,Cross-sectional z-score (across the 34-country panel) of: Realized volatility of daily index returns over the trailing 20 trading days.,T2/Bloomberg,,z-score (cross-sectional),True,M,,,,higher_is_better,Short-window risk gauge; vol spikes accompany drawdowns and depress risk appetite (low-vol anomaly favors calm markets cross-sectionally).,,technical,False,,,model_drafted,
20 Day Vol_TS,20 Day Vol,_TS,Time-series z-score (vs own trailing history) of: Realized volatility of daily index returns over the trailing 20 trading days.,T2/Bloomberg,,z-score (time-series),True,M,,,,higher_is_better,Short-window risk gauge; vol spikes accompany drawdowns and depress risk appetite (low-vol anomaly favors calm markets cross-sectionally).,,technical,False,,,model_drafted,
20DRet,20DRet,raw,Trailing 20-trading-day (~1 month) price return of the country equity index.,T2/Bloomberg,,decimal return,True,D,,,,higher_is_better,One-month return; classic short-term reversal input in cross-sectional country ranking.,,momentum,False,,,model_drafted,
20DTR_CS,20DTR,_CS,Cross-sectional z-score (across the 34-country panel) of: Trailing 20-trading-day total return of the country equity index (daily analog of 1MTR).,T2/Bloomberg,,z-score (cross-sectional),True,D,,,,higher_is_better,One-month total return on the daily surface; reversal input.,,momentum,False,,,model_drafted,
20DTR_TS,20DTR,_TS,Time-series z-score (vs own trailing history) of: Trailing 20-trading-day total return of the country equity index (daily analog of 1MTR).,T2/Bloomberg,,z-score (time-series),True,D,,,,higher_is_better,One-month total return on the daily surface; reversal input.,,momentum,False,,,model_drafted,
360 Day Vol,360 Day Vol,raw,Realized volatility of daily index returns over the trailing 360 trading days.,T2/Bloomberg,,percent (realized volatility),True,M,,,,unknown,Structural risk level of the market; persistent high vol demands a risk premium.,,technical,False,,,model_drafted,
360 Day Vol_CS,360 Day Vol,_CS,Cross-sectional z-score (across the 34-country panel) of: Realized volatility of daily index returns over the trailing 360 trading days.,T2/Bloomberg,,z-score (cross-sectional),True,M,,,,higher_is_better,Structural risk level of the market; persistent high vol demands a risk premium.,,technical,False,,,model_drafted,
360 Day Vol_TS,360 Day Vol,_TS,Time-series z-score (vs own trailing history) of: Realized volatility of daily index returns over the trailing 360 trading days.,T2/Bloomberg,,z-score (time-series),True,M,,,,higher_is_better,Structural risk level of the market; persistent high vol demands a risk premium.,,technical,False,,,model_drafted,
3MRet,3MRet,raw,Trailing 3-month price return of the country equity index.,T2/Bloomberg,,decimal return,True,M,,,,higher_is_better,Quarterly momentum; balances signal freshness against reversal noise.,,momentum,False,,,model_drafted,
3MTR,3MTR,raw,Trailing 3-month total return of the country equity index.,T2/Bloomberg,,decimal return,True,M,,,,lower_is_better,Quarterly total-return momentum.,,momentum,False,,,model_drafted,
3MTR_CS,3MTR,_CS,Cross-sectional z-score (across the 34-country panel) of: Trailing 3-month total return of the country equity index.,T2/Bloomberg,,z-score (cross-sectional),True,M,,,,higher_is_better,Quarterly total-return momentum.,,momentum,False,,,model_drafted,sign-flipped during normalization (raw concept is lower-is-better)
3MTR_TS,3MTR,_TS,Time-series z-score (vs own trailing history) of: Trailing 3-month total return of the country equity index.,T2/Bloomberg,,z-score (time-series),True,M,,,,higher_is_better,Quarterly total-return momentum.,,momentum,False,,,model_drafted,sign-flipped during normalization (raw concept is lower-is-better)
5DRet,5DRet,raw,Trailing 5-trading-day price return of the country equity index.,T2/Bloomberg,,decimal return,True,D,,,,higher_is_better,Very short-horizon price action; at this horizon reversal typically dominates continuation.,,momentum,False,,,model_drafted,
5DTR_CS,5DTR,_CS,Cross-sectional z-score (across the 34-country panel) of: Trailing 5-trading-day total return of the country equity index.,T2/Bloomberg,,z-score (cross-sectional),True,D,,,,higher_is_better,One-week total return; reversal-dominated horizon.,,momentum,False,,,model_drafted,
5DTR_TS,5DTR,_TS,Time-series z-score (vs own trailing history) of: Trailing 5-trading-day total return of the country equity index.,T2/Bloomberg,,z-score (time-series),True,D,,,,higher_is_better,One-week total return; reversal-dominated horizon.,,momentum,False,,,model_drafted,
60DRet,60DRet,raw,Trailing 60-trading-day (~3 month) price return of the country equity index.,T2/Bloomberg,,decimal return,True,D,,,,higher_is_better,Intermediate momentum; continuation tends to build between 3 and 12 months.,,momentum,False,,,model_drafted,
6MRet,6MRet,raw,Trailing 6-month price return of the country equity index.,T2/Bloomberg,,decimal return,True,M,,,,higher_is_better,"Six-month momentum, a standard intermediate horizon.",,momentum,False,,,model_drafted,
9MRet,9MRet,raw,Trailing 9-month price return of the country equity index.,T2/Bloomberg,,decimal return,True,M,,,,higher_is_better,"Nine-month momentum, between the canonical 6- and 12-month windows.",,momentum,False,,,model_drafted,
Advance Decline,Advance Decline,raw,Net advancing minus declining issues in the country market (market breadth count).,T2/Bloomberg,,count (net issues),False,M,,,,lower_is_better,Breadth — broad participation confirms an index move; narrow leadership flags fragility.,,technical,False,,,model_drafted,
Advance Decline_CS,Advance Decline,_CS,Cross-sectional z-score (across the 34-country panel) of: Net advancing minus declining issues in the country market (market breadth count).,T2/Bloomberg,,z-score (cross-sectional),True,M,,,,higher_is_better,Breadth — broad participation confirms an index move; narrow leadership flags fragility.,,technical,False,,,model_drafted,sign-flipped during normalization (raw concept is lower-is-better)
Advance Decline_TS,Advance Decline,_TS,Time-series z-score (vs own trailing history) of: Net advancing minus declining issues in the country market (market breadth count).,T2/Bloomberg,,z-score (time-series),True,M,,,,higher_is_better,Breadth — broad participation confirms an index move; narrow leadership flags fragility.,,technical,False,,,model_drafted,sign-flipped during normalization (raw concept is lower-is-better)
Agriculture,Agriculture,raw,Global agriculture commodity price index level (broadcast to all countries).,T2/Bloomberg,,index level,True,M,,,,unknown,Food price axis — rallies squeeze food-importing EM consumers and lift agricultural exporters.,,commodity,False,,,model_drafted,
Agriculture 12,Agriculture 12,raw,12-period percent change in the agriculture commodity index.,T2/Bloomberg,,percent change,True,M,,,,unknown,Food inflation impulse; feeds EM CPI with a lag and pressures policy rates.,,commodity,False,,,model_drafted,
Agriculture 120,Agriculture 120,raw,120-period percent change in the agriculture commodity index.,T2/Bloomberg,,percent change,True,D,,,,unknown,Long-cycle food price trend; structural terms-of-trade driver for agrarian economies.,,commodity,False,,,model_drafted,
Agriculture 120_CS,Agriculture 120,_CS,Cross-sectional z-score (across the 34-country panel) of: 120-period percent change in the agriculture commodity index.,T2/Bloomberg,,z-score (cross-sectional),True,D,,,,higher_is_better,Long-cycle food price trend; structural terms-of-trade driver for agrarian economies.,,commodity,False,,,model_drafted,
Agriculture 120_TS,Agriculture 120,_TS,Time-series z-score (vs own trailing history) of: 120-period percent change in the agriculture commodity index.,T2/Bloomberg,,z-score (time-series),True,D,,,,higher_is_better,Long-cycle food price trend; structural terms-of-trade driver for agrarian economies.,,commodity,False,,,model_drafted,
Agriculture 12_CS,Agriculture 12,_CS,Cross-sectional z-score (across the 34-country panel) of: 12-period percent change in the agriculture commodity index.,T2/Bloomberg,,z-score (cross-sectional),True,M,,,,higher_is_better,Food inflation impulse; feeds EM CPI with a lag and pressures policy rates.,,commodity,False,,,model_drafted,
Agriculture 12_TS,Agriculture 12,_TS,Time-series z-score (vs own trailing history) of: 12-period percent change in the agriculture commodity index.,T2/Bloomberg,,z-score (time-series),True,M,,,,higher_is_better,Food inflation impulse; feeds EM CPI with a lag and pressures policy rates.,,commodity,False,,,model_drafted,
Agriculture_CS,Agriculture,_CS,Cross-sectional z-score (across the 34-country panel) of: Global agriculture commodity price index level (broadcast to all countries).,T2/Bloomberg,,z-score (cross-sectional),True,M,,,,higher_is_better,Food price axis — rallies squeeze food-importing EM consumers and lift agricultural exporters.,,commodity,False,,,model_drafted,
Agriculture_TS,Agriculture,_TS,Time-series z-score (vs own trailing history) of: Global agriculture commodity price index level (broadcast to all countries).,T2/Bloomberg,,z-score (time-series),True,M,,,,higher_is_better,Food price axis — rallies squeeze food-importing EM consumers and lift agricultural exporters.,,commodity,False,,,model_drafted,
BBG_Breakeven_10Y,BBG_Breakeven_10Y,raw,"10-year breakeven inflation rate from inflation-linked vs nominal bonds, in percent.",Bloomberg,,percent,True,M,,,,unknown,Market-priced inflation expectations; un-anchoring shows up here before realized CPI.,,monetary,False,,,model_drafted,
BBG_Breakeven_10Y_CS,BBG_Breakeven_10Y,_CS,"Cross-sectional z-score (across the 34-country panel) of: 10-year breakeven inflation rate from inflation-linked vs nominal bonds, in percent.",Bloomberg,,z-score (cross-sectional),True,M,,,,unknown,Market-priced inflation expectations; un-anchoring shows up here before realized CPI.,,monetary,False,,,model_drafted,
BBG_Breakeven_10Y_TS,BBG_Breakeven_10Y,_TS,"Time-series z-score (vs own trailing history) of: 10-year breakeven inflation rate from inflation-linked vs nominal bonds, in percent.",Bloomberg,,z-score (time-series),True,M,,,,unknown,Market-priced inflation expectations; un-anchoring shows up here before realized CPI.,,monetary,False,,,model_drafted,
BBG_CDS_5Y,BBG_CDS_5Y,raw,"5-year sovereign credit default swap spread, in basis points.",Bloomberg,,basis points,True,M,,,,unknown,Market price of sovereign default risk; widening CDS leads equity selloffs in stressed countries.,,external,False,,,model_drafted,
BBG_CDS_5Y_CS,BBG_CDS_5Y,_CS,"Cross-sectional z-score (across the 34-country panel) of: 5-year sovereign credit default swap spread, in basis points.",Bloomberg,,z-score (cross-sectional),True,M,,,,unknown,Market price of sovereign default risk; widening CDS leads equity selloffs in stressed countries.,,external,False,,,model_drafted,
BBG_CDS_5Y_TS,BBG_CDS_5Y,_TS,"Time-series z-score (vs own trailing history) of: 5-year sovereign credit default swap spread, in basis points.",Bloomberg,,z-score (time-series),True,M,,,,unknown,Market price of sovereign default risk; widening CDS leads equity selloffs in stressed countries.,,external,False,,,model_drafted,
BBG_Debt_GDP_Ratio,BBG_Debt_GDP_Ratio,raw,Government debt as a percent of GDP (Bloomberg-sourced).,Bloomberg,,percent of GDP,True,M,,,,unknown,Fiscal capacity constraint; duplicates Debt to GDP from the T2 surface with Bloomberg vintage.,,structural,True,,,model_drafted,
BBG_Debt_GDP_Ratio_TS,BBG_Debt_GDP_Ratio,_TS,Time-series z-score (vs own trailing history) of: Government debt as a percent of GDP (Bloomberg-sourced).,Bloomberg,,z-score (time-series),True,M,,,,unknown,Fiscal capacity constraint; duplicates Debt to GDP from the T2 surface with Bloomberg vintage.,,structural,True,,,model_drafted,
BBG_ECFC_CPI,BBG_ECFC_CPI,raw,"Bloomberg consensus economist forecast for CPI inflation, in percent.",Bloomberg,,percent (YoY forecast),True,M,,,,unknown,Consensus inflation expectation; revisions upward force priced-in tightening.,,monetary,False,,,model_drafted,
BBG_ECFC_CPI_CS,BBG_ECFC_CPI,_CS,"Cross-sectional z-score (across the 34-country panel) of: Bloomberg consensus economist forecast for CPI inflation, in percent.",Bloomberg,,z-score (cross-sectional),True,M,,,,unknown,Consensus inflation expectation; revisions upward force priced-in tightening.,,monetary,False,,,model_drafted,
BBG_ECFC_CPI_TS,BBG_ECFC_CPI,_TS,"Time-series z-score (vs own trailing history) of: Bloomberg consensus economist forecast for CPI inflation, in percent.",Bloomberg,,z-score (time-series),True,M,,,,unknown,Consensus inflation expectation; revisions upward force priced-in tightening.,,monetary,False,,,model_drafted,
BBG_ECFC_GDP,BBG_ECFC_GDP,raw,"Bloomberg consensus economist forecast for real GDP growth, in percent.",Bloomberg,,percent (YoY forecast),True,M,,,,unknown,Consensus growth expectation — the benchmark that defines a growth surprise; revisions carry the signal.,,growth,False,,,model_drafted,
BBG_ECFC_GDP_CS,BBG_ECFC_GDP,_CS,"Cross-sectional z-score (across the 34-country panel) of: Bloomberg consensus economist forecast for real GDP growth, in percent.",Bloomberg,,z-score (cross-sectional),True,M,,,,unknown,Consensus growth expectation — the benchmark that defines a growth surprise; revisions carry the signal.,,growth,False,,,model_drafted,
BBG_Govt_Bond_10Y,BBG_Govt_Bond_10Y,raw,"10-year government bond yield, in percent.",Bloomberg,,percent,True,M,,,,unknown,Benchmark long rate; the equity discount-rate anchor.,,monetary,False,,,model_drafted,
BBG_Govt_Bond_10Y_CS,BBG_Govt_Bond_10Y,_CS,"Cross-sectional z-score (across the 34-country panel) of: 10-year government bond yield, in percent.",Bloomberg,,z-score (cross-sectional),True,M,,,,unknown,Benchmark long rate; the equity discount-rate anchor.,,monetary,False,,,model_drafted,
BBG_Govt_Bond_10Y_TS,BBG_Govt_Bond_10Y,_TS,"Time-series z-score (vs own trailing history) of: 10-year government bond yield, in percent.",Bloomberg,,z-score (time-series),True,M,,,,unknown,Benchmark long rate; the equity discount-rate anchor.,,monetary,False,,,model_drafted,
BBG_Govt_Bond_2Y,BBG_Govt_Bond_2Y,raw,"2-year government bond yield, in percent.",Bloomberg,,percent,True,M,,,,unknown,Front-end rate — the market's read on the policy path over the next two years.,,monetary,False,,,model_drafted,
BBG_Govt_Bond_2Y_CS,BBG_Govt_Bond_2Y,_CS,"Cross-sectional z-score (across the 34-country panel) of: 2-year government bond yield, in percent.",Bloomberg,,z-score (cross-sectional),True,M,,,,unknown,Front-end rate — the market's read on the policy path over the next two years.,,monetary,False,,,model_drafted,
BBG_Govt_Bond_2Y_TS,BBG_Govt_Bond_2Y,_TS,"Time-series z-score (vs own trailing history) of: 2-year government bond yield, in percent.",Bloomberg,,z-score (time-series),True,M,,,,unknown,Front-end rate — the market's read on the policy path over the next two years.,,monetary,False,,,model_drafted,
BBG_Govt_Bond_30Y,BBG_Govt_Bond_30Y,raw,"30-year government bond yield, in percent.",Bloomberg,,percent,True,M,,,,unknown,Ultra-long rate; dominated by term premium and structural inflation credibility.,,monetary,False,,,model_drafted,
BBG_Govt_Bond_30Y_CS,BBG_Govt_Bond_30Y,_CS,"Cross-sectional z-score (across the 34-country panel) of: 30-year government bond yield, in percent.",Bloomberg,,z-score (cross-sectional),True,M,,,,unknown,Ultra-long rate; dominated by term premium and structural inflation credibility.,,monetary,False,,,model_drafted,
BBG_Govt_Bond_30Y_TS,BBG_Govt_Bond_30Y,_TS,"Time-series z-score (vs own trailing history) of: 30-year government bond yield, in percent.",Bloomberg,,z-score (time-series),True,M,,,,unknown,Ultra-long rate; dominated by term premium and structural inflation credibility.,,monetary,False,,,model_drafted,
BBG_Govt_Bond_5Y,BBG_Govt_Bond_5Y,raw,"5-year government bond yield, in percent.",Bloomberg,,percent,True,M,,,,unknown,Belly of the curve; blends policy path and term premium.,,monetary,False,,,model_drafted,
BBG_Govt_Bond_5Y_CS,BBG_Govt_Bond_5Y,_CS,"Cross-sectional z-score (across the 34-country panel) of: 5-year government bond yield, in percent.",Bloomberg,,z-score (cross-sectional),True,M,,,,unknown,Belly of the curve; blends policy path and term premium.,,monetary,False,,,model_drafted,
BBG_Govt_Bond_5Y_TS,BBG_Govt_Bond_5Y,_TS,"Time-series z-score (vs own trailing history) of: 5-year government bond yield, in percent.",Bloomberg,,z-score (time-series),True,M,,,,unknown,Belly of the curve; blends policy path and term premium.,,monetary,False,,,model_drafted,
BBG_M2_YoY,BBG_M2_YoY,raw,"Broad money (M2) growth, year over year, in percent.",Bloomberg,,percent (YoY),True,M,,,,unknown,"Liquidity impulse — accelerating money growth leads asset reflation and, with lags, inflation.",,monetary,False,suspect,-30 to 60,model_drafted,"Vietnam observed near 110,000 — upstream unit error; clip or exclude before use."
BBG_M2_YoY_CS,BBG_M2_YoY,_CS,"Cross-sectional z-score (across the 34-country panel) of: Broad money (M2) growth, year over year, in percent.",Bloomberg,,z-score (cross-sectional),True,M,,,,unknown,"Liquidity impulse — accelerating money growth leads asset reflation and, with lags, inflation.",,monetary,False,suspect,,model_drafted,"Vietnam observed near 110,000 — upstream unit error; clip or exclude before use."
BBG_M2_YoY_TS,BBG_M2_YoY,_TS,"Time-series z-score (vs own trailing history) of: Broad money (M2) growth, year over year, in percent.",Bloomberg,,z-score (time-series),True,M,,,,unknown,"Liquidity impulse — accelerating money growth leads asset reflation and, with lags, inflation.",,monetary,False,suspect,,model_drafted,"Vietnam observed near 110,000 — upstream unit error; clip or exclude before use."
BBG_MIPD_5Y,BBG_MIPD_5Y,raw,"Bloomberg market-implied probability of sovereign default over 5 years, derived from CDS pricing, in percent.",Bloomberg,,percent (probability),True,M,,,,unknown,Default probability extracted from credit markets; direct read on solvency stress.,,external,False,,0 to 100,model_drafted,
BBG_MIPD_5Y_CS,BBG_MIPD_5Y,_CS,"Cross-sectional z-score (across the 34-country panel) of: Bloomberg market-implied probability of sovereign default over 5 years, derived from CDS pricing, in percent.",Bloomberg,,z-score (cross-sectional),True,M,,,,unknown,Default probability extracted from credit markets; direct read on solvency stress.,,external,False,,,model_drafted,
BBG_MIPD_5Y_TS,BBG_MIPD_5Y,_TS,"Time-series z-score (vs own trailing history) of: Bloomberg market-implied probability of sovereign default over 5 years, derived from CDS pricing, in percent.",Bloomberg,,z-score (time-series),True,M,,,,unknown,Default probability extracted from credit markets; direct read on solvency stress.,,external,False,,,model_drafted,
BBG_OIS_10Y,BBG_OIS_10Y,raw,"10-year overnight indexed swap rate, in percent.",Bloomberg,,percent,True,M,,,,unknown,Pure expected-policy-path rate with minimal credit content; the risk-free leg for z-spread construction.,,monetary,False,,,model_drafted,
BBG_OIS_10Y_CS,BBG_OIS_10Y,_CS,"Cross-sectional z-score (across the 34-country panel) of: 10-year overnight indexed swap rate, in percent.",Bloomberg,,z-score (cross-sectional),True,M,,,,unknown,Pure expected-policy-path rate with minimal credit content; the risk-free leg for z-spread construction.,,monetary,False,,,model_drafted,
BBG_OIS_10Y_TS,BBG_OIS_10Y,_TS,"Time-series z-score (vs own trailing history) of: 10-year overnight indexed swap rate, in percent.",Bloomberg,,z-score (time-series),True,M,,,,unknown,Pure expected-policy-path rate with minimal credit content; the risk-free leg for z-spread construction.,,monetary,False,,,model_drafted,
BBG_PMI_Manufacturing,BBG_PMI_Manufacturing,raw,Manufacturing Purchasing Managers Index (50 = expansion threshold).,Bloomberg,,diffusion index (50 = neutral),True,M,,,,unknown,Timeliest growth read available; crossing 50 marks cycle turning points before GDP data exist.,,growth,False,,20 to 80,model_drafted,
BBG_PMI_Manufacturing_CS,BBG_PMI_Manufacturing,_CS,Cross-sectional z-score (across the 34-country panel) of: Manufacturing Purchasing Managers Index (50 = expansion threshold).,Bloomberg,,z-score (cross-sectional),True,M,,,,unknown,Timeliest growth read available; crossing 50 marks cycle turning points before GDP data exist.,,growth,False,,,model_drafted,
BBG_PMI_Manufacturing_TS,BBG_PMI_Manufacturing,_TS,Time-series z-score (vs own trailing history) of: Manufacturing Purchasing Managers Index (50 = expansion threshold).,Bloomberg,,z-score (time-series),True,M,,,,unknown,Timeliest growth read available; crossing 50 marks cycle turning points before GDP data exist.,,growth,False,,,model_drafted,
BBG_PMI_Services,BBG_PMI_Services,raw,Services Purchasing Managers Index (50 = expansion threshold).,Bloomberg,,diffusion index (50 = neutral),True,M,,,,unknown,Domestic-demand cycle read; complements manufacturing PMI in service-heavy economies.,,growth,False,,20 to 80,model_drafted,
BBG_PMI_Services_CS,BBG_PMI_Services,_CS,Cross-sectional z-score (across the 34-country panel) of: Services Purchasing Managers Index (50 = expansion threshold).,Bloomberg,,z-score (cross-sectional),True,M,,,,unknown,Domestic-demand cycle read; complements manufacturing PMI in service-heavy economies.,,growth,False,,,model_drafted,
BBG_PMI_Services_TS,BBG_PMI_Services,_TS,Time-series z-score (vs own trailing history) of: Services Purchasing Managers Index (50 = expansion threshold).,Bloomberg,,z-score (time-series),True,M,,,,unknown,Domestic-demand cycle read; complements manufacturing PMI in service-heavy economies.,,growth,False,,,model_drafted,
BBG_WIRP_ImpliedRate,BBG_WIRP_ImpliedRate,raw,Policy rate implied by interest-rate futures/swaps for upcoming central bank meetings (Bloomberg WIRP).,Bloomberg,,percent,True,M,,,,unknown,The market's priced policy path; gaps between WIRP and the actual path are monetary surprises.,,monetary,False,,,model_drafted,
BBG_WIRP_ImpliedRate_CS,BBG_WIRP_ImpliedRate,_CS,Cross-sectional z-score (across the 34-country panel) of: Policy rate implied by interest-rate futures/swaps for upcoming central bank meetings (Bloomberg WIRP).,Bloomberg,,z-score (cross-sectional),True,M,,,,unknown,The market's priced policy path; gaps between WIRP and the actual path are monetary surprises.,,monetary,False,,,model_drafted,
BBG_WIRP_ImpliedRate_TS,BBG_WIRP_ImpliedRate,_TS,Time-series z-score (vs own trailing history) of: Policy rate implied by interest-rate futures/swaps for upcoming central bank meetings (Bloomberg WIRP).,Bloomberg,,z-score (time-series),True,M,,,,unknown,The market's priced policy path; gaps between WIRP and the actual path are monetary surprises.,,monetary,False,,,model_drafted,
BBG_Yield_Curve_10Y2Y,BBG_Yield_Curve_10Y2Y,raw,"10-year minus 2-year government bond yield spread, in percentage points.",Bloomberg,,percentage points,True,M,,,,unknown,Curve slope — inversion historically precedes recessions; steepening signals easing cycles or reflation.,,monetary,False,,,model_drafted,
BBG_Yield_Curve_10Y2Y_CS,BBG_Yield_Curve_10Y2Y,_CS,"Cross-sectional z-score (across the 34-country panel) of: 10-year minus 2-year government bond yield spread, in percentage points.",Bloomberg,,z-score (cross-sectional),True,M,,,,unknown,Curve slope — inversion historically precedes recessions; steepening signals easing cycles or reflation.,,monetary,False,,,model_drafted,
BBG_Yield_Curve_10Y2Y_TS,BBG_Yield_Curve_10Y2Y,_TS,"Time-series z-score (vs own trailing history) of: 10-year minus 2-year government bond yield spread, in percentage points.",Bloomberg,,z-score (time-series),True,M,,,,unknown,Curve slope — inversion historically precedes recessions; steepening signals easing cycles or reflation.,,monetary,False,,,model_drafted,
BBG_ZSpread_OIS_10Y,BBG_ZSpread_OIS_10Y,raw,"10-year government bond yield minus the 10-year OIS rate, in basis points (sovereign z-spread).",Bloomberg,,basis points,True,M,,,,unknown,"Strips policy expectations from the bond yield, isolating sovereign credit and liquidity premia.",,external,False,,,model_drafted,
BBG_ZSpread_OIS_10Y_CS,BBG_ZSpread_OIS_10Y,_CS,"Cross-sectional z-score (across the 34-country panel) of: 10-year government bond yield minus the 10-year OIS rate, in basis points (sovereign z-spread).",Bloomberg,,z-score (cross-sectional),True,M,,,,unknown,"Strips policy expectations from the bond yield, isolating sovereign credit and liquidity premia.",,external,False,,,model_drafted,
BBG_ZSpread_OIS_10Y_TS,BBG_ZSpread_OIS_10Y,_TS,"Time-series z-score (vs own trailing history) of: 10-year government bond yield minus the 10-year OIS rate, in basis points (sovereign z-spread).",Bloomberg,,z-score (time-series),True,M,,,,unknown,"Strips policy expectations from the bond yield, isolating sovereign credit and liquidity premia.",,external,False,,,model_drafted,
BEST EPS,BEST EPS,raw,"Bloomberg BEst consensus forward earnings per share for the country index (index-aggregate, local currency).",T2/Bloomberg,,per-share (local currency),False,M,,,,unknown,Level input to forward P/E; its revisions (see Best EPS 252) carry the signal.,,growth,False,,,model_drafted,
BEST EPS_CS,BEST EPS,_CS,"Cross-sectional z-score (across the 34-country panel) of: Bloomberg BEst consensus forward earnings per share for the country index (index-aggregate, local currency).",T2/Bloomberg,,z-score (cross-sectional),True,M,,,,higher_is_better,Level input to forward P/E; its revisions (see Best EPS 252) carry the signal.,,growth,False,,,model_drafted,
BEST EPS_TS,BEST EPS,_TS,"Time-series z-score (vs own trailing history) of: Bloomberg BEst consensus forward earnings per share for the country index (index-aggregate, local currency).",T2/Bloomberg,,z-score (time-series),True,M,,,,higher_is_better,Level input to forward P/E; its revisions (see Best EPS 252) carry the signal.,,growth,False,,,model_drafted,
BIS_Credit_GDP_Gap,BIS_Credit_GDP_Gap,raw,"Credit-to-GDP gap — deviation of the private credit/GDP ratio from its one-sided HP trend, in percentage points (BIS).",BIS,,percentage points,True,Q,,,,lower_is_better,The single best-documented banking-crisis early warning — gaps above ~10pp flag credit booms that end badly.,Borio & Lowe (2002); Basel III CCyB anchor,structural,False,,,model_drafted,
BIS_Credit_GDP_Gap_CS,BIS_Credit_GDP_Gap,_CS,"Cross-sectional z-score (across the 34-country panel) of: Credit-to-GDP gap — deviation of the private credit/GDP ratio from its one-sided HP trend, in percentage points (BIS).",BIS,,z-score (cross-sectional),True,Q,,,,lower_is_better,The single best-documented banking-crisis early warning — gaps above ~10pp flag credit booms that end badly.,Borio & Lowe (2002); Basel III CCyB anchor,structural,False,,,model_drafted,
BIS_Credit_GDP_Gap_TS,BIS_Credit_GDP_Gap,_TS,"Time-series z-score (vs own trailing history) of: Credit-to-GDP gap — deviation of the private credit/GDP ratio from its one-sided HP trend, in percentage points (BIS).",BIS,,z-score (time-series),True,Q,,,,lower_is_better,The single best-documented banking-crisis early warning — gaps above ~10pp flag credit booms that end badly.,Borio & Lowe (2002); Basel III CCyB anchor,structural,False,,,model_drafted,
BIS_DSR_Private,BIS_DSR_Private,raw,Private non-financial sector debt service ratio — debt payments as percent of income (BIS).,BIS,,percent,True,Q,,,,lower_is_better,Cash-flow burden of debt — rising DSRs choke consumption and investment even before defaults start.,,structural,False,,,model_drafted,
BIS_DSR_Private_CS,BIS_DSR_Private,_CS,Cross-sectional z-score (across the 34-country panel) of: Private non-financial sector debt service ratio — debt payments as percent of income (BIS).,BIS,,z-score (cross-sectional),True,Q,,,,lower_is_better,Cash-flow burden of debt — rising DSRs choke consumption and investment even before defaults start.,,structural,False,,,model_drafted,
BIS_DSR_Private_TS,BIS_DSR_Private,_TS,Time-series z-score (vs own trailing history) of: Private non-financial sector debt service ratio — debt payments as percent of income (BIS).,BIS,,z-score (time-series),True,Q,,,,lower_is_better,Cash-flow burden of debt — rising DSRs choke consumption and investment even before defaults start.,,structural,False,,,model_drafted,
BIS_Policy_Rate,BIS_Policy_Rate,raw,"Central bank policy rate (BIS), in percent.",BIS,,percent,True,D,,,,unknown,The policy stance; real policy rate (vs inflation) determines whether conditions are loose or tight.,,monetary,False,,,model_drafted,
BIS_Policy_Rate_CS,BIS_Policy_Rate,_CS,"Cross-sectional z-score (across the 34-country panel) of: Central bank policy rate (BIS), in percent.",BIS,,z-score (cross-sectional),True,D,,,,unknown,The policy stance; real policy rate (vs inflation) determines whether conditions are loose or tight.,,monetary,False,,,model_drafted,
BIS_Policy_Rate_TS,BIS_Policy_Rate,_TS,"Time-series z-score (vs own trailing history) of: Central bank policy rate (BIS), in percent.",BIS,,z-score (time-series),True,D,,,,unknown,The policy stance; real policy rate (vs inflation) determines whether conditions are loose or tight.,,monetary,False,,,model_drafted,
BIS_Property_Price,BIS_Property_Price,raw,"Residential property price index (BIS, typically 2010=100).",BIS,,index,False,Q,,,,lower_is_better,Housing cycle — property busts impair bank collateral and household balance sheets simultaneously.,,structural,False,,,model_drafted,
BIS_Property_Price_CS,BIS_Property_Price,_CS,"Cross-sectional z-score (across the 34-country panel) of: Residential property price index (BIS, typically 2010=100).",BIS,,z-score (cross-sectional),True,Q,,,,lower_is_better,Housing cycle — property busts impair bank collateral and household balance sheets simultaneously.,,structural,False,,,model_drafted,
BIS_Property_Price_TS,BIS_Property_Price,_TS,"Time-series z-score (vs own trailing history) of: Residential property price index (BIS, typically 2010=100).",BIS,,z-score (time-series),True,Q,,,,lower_is_better,Housing cycle — property busts impair bank collateral and household balance sheets simultaneously.,,structural,False,,,model_drafted,
BIS_REER,BIS_REER,raw,BIS real effective exchange rate index (2020=100).,BIS,,index (2020=100),True,M,,,,lower_is_better,Competitiveness gauge from the BIS basket; elevated REER erodes export share and precedes corrections.,,external,False,,,model_drafted,
BIS_REER_CS,BIS_REER,_CS,Cross-sectional z-score (across the 34-country panel) of: BIS real effective exchange rate index (2020=100).,BIS,,z-score (cross-sectional),True,M,,,,lower_is_better,Competitiveness gauge from the BIS basket; elevated REER erodes export share and precedes corrections.,,external,False,,,model_drafted,
BIS_REER_TS,BIS_REER,_TS,Time-series z-score (vs own trailing history) of: BIS real effective exchange rate index (2020=100).,BIS,,z-score (time-series),True,M,,,,lower_is_better,Competitiveness gauge from the BIS basket; elevated REER erodes export share and precedes corrections.,,external,False,,,model_drafted,
Best Cash Flow,Best Cash Flow,raw,Bloomberg BEst consensus cash-flow-based valuation measure for the country index (exact field — per-share level vs price multiple — unconfirmed).,T2/Bloomberg,,ratio or per-share (unconfirmed),True,M,,,,lower_is_better,Cash-flow valuation is harder to manage than earnings; cheap-on-cash-flow markets revert upward.,,valuation,False,,,needs_review,
Best Cash Flow_CS,Best Cash Flow,_CS,Cross-sectional z-score (across the 34-country panel) of: Bloomberg BEst consensus cash-flow-based valuation measure for the country index (exact field — per-share level vs price multiple — unconfirmed).,T2/Bloomberg,,z-score (cross-sectional),True,M,,,,higher_is_better,Cash-flow valuation is harder to manage than earnings; cheap-on-cash-flow markets revert upward.,,valuation,False,,,needs_review,sign-flipped during normalization (raw concept is lower-is-better)
Best Cash Flow_TS,Best Cash Flow,_TS,Time-series z-score (vs own trailing history) of: Bloomberg BEst consensus cash-flow-based valuation measure for the country index (exact field — per-share level vs price multiple — unconfirmed).,T2/Bloomberg,,z-score (time-series),True,M,,,,higher_is_better,Cash-flow valuation is harder to manage than earnings; cheap-on-cash-flow markets revert upward.,,valuation,False,,,needs_review,sign-flipped during normalization (raw concept is lower-is-better)
Best Div Yield,Best Div Yield,raw,"Bloomberg BEst consensus forward dividend yield for the country index, in percent.",T2/Bloomberg,,percent,True,M,,,,unknown,Income component of return; high payout markets are typically cheaper and more mature.,,valuation,False,suspect,0 to 25,model_drafted,Observed max 2.1e10 — upstream data errors present; clip before use.
Best Div Yield_CS,Best Div Yield,_CS,"Cross-sectional z-score (across the 34-country panel) of: Bloomberg BEst consensus forward dividend yield for the country index, in percent.",T2/Bloomberg,,z-score (cross-sectional),True,M,,,,higher_is_better,Income component of return; high payout markets are typically cheaper and more mature.,,valuation,False,suspect,,model_drafted,Observed max 2.1e10 — upstream data errors present; clip before use.
Best Div Yield_TS,Best Div Yield,_TS,"Time-series z-score (vs own trailing history) of: Bloomberg BEst consensus forward dividend yield for the country index, in percent.",T2/Bloomberg,,z-score (time-series),True,M,,,,higher_is_better,Income component of return; high payout markets are typically cheaper and more mature.,,valuation,False,suspect,,model_drafted,Observed max 2.1e10 — upstream data errors present; clip before use.
Best EPS 252,Best EPS 252,raw,Change in Bloomberg BEst consensus forward EPS over the trailing 252 trading days (estimate-revision momentum).,T2/Bloomberg,,percent change,True,D,,,,unknown,"Earnings-revision momentum — analysts update beliefs slowly, so upgrades predict further upgrades and price strength.",,growth,False,,,model_drafted,
Best EPS 252_CS,Best EPS 252,_CS,Cross-sectional z-score (across the 34-country panel) of: Change in Bloomberg BEst consensus forward EPS over the trailing 252 trading days (estimate-revision momentum).,T2/Bloomberg,,z-score (cross-sectional),True,D,,,,higher_is_better,"Earnings-revision momentum — analysts update beliefs slowly, so upgrades predict further upgrades and price strength.",,growth,False,,,model_drafted,
Best EPS 252_TS,Best EPS 252,_TS,Time-series z-score (vs own trailing history) of: Change in Bloomberg BEst consensus forward EPS over the trailing 252 trading days (estimate-revision momentum).,T2/Bloomberg,,z-score (time-series),True,D,,,,higher_is_better,"Earnings-revision momentum — analysts update beliefs slowly, so upgrades predict further upgrades and price strength.",,growth,False,,,model_drafted,
Best PBK,Best PBK,raw,Country index price divided by Bloomberg BEst consensus book value per share.,T2/Bloomberg,,ratio (x book),True,M,,,,lower_is_better,Asset-based cheapness; low P/B markets price in distress and have historically recovered (value effect).,,valuation,False,,,model_drafted,
Best PBK_CS,Best PBK,_CS,Cross-sectional z-score (across the 34-country panel) of: Country index price divided by Bloomberg BEst consensus book value per share.,T2/Bloomberg,,z-score (cross-sectional),True,M,,,,higher_is_better,Asset-based cheapness; low P/B markets price in distress and have historically recovered (value effect).,,valuation,False,,,model_drafted,sign-flipped during normalization (raw concept is lower-is-better)
Best PBK_TS,Best PBK,_TS,Time-series z-score (vs own trailing history) of: Country index price divided by Bloomberg BEst consensus book value per share.,T2/Bloomberg,,z-score (time-series),True,M,,,,higher_is_better,Asset-based cheapness; low P/B markets price in distress and have historically recovered (value effect).,,valuation,False,,,model_drafted,sign-flipped during normalization (raw concept is lower-is-better)
Best PE,Best PE,raw,Country index price divided by Bloomberg BEst consensus forward earnings per share.,T2/Bloomberg,,ratio (x earnings),True,M,,,,lower_is_better,"Forward-looking cheapness; embeds analyst expectations, so it reacts faster than trailing P/E but inherits forecast bias.",,valuation,False,,,model_drafted,
Best PE _CS,Best PE,_CS,Cross-sectional z-score (across the 34-country panel) of: Country index price divided by Bloomberg BEst consensus forward earnings per share.,T2/Bloomberg,,z-score (cross-sectional),True,M,,,,higher_is_better,"Forward-looking cheapness; embeds analyst expectations, so it reacts faster than trailing P/E but inherits forecast bias.",,valuation,False,,,model_drafted,sign-flipped during normalization (raw concept is lower-is-better)
Best PE _TS,Best PE,_TS,Time-series z-score (vs own trailing history) of: Country index price divided by Bloomberg BEst consensus forward earnings per share.,T2/Bloomberg,,z-score (time-series),True,M,,,,higher_is_better,"Forward-looking cheapness; embeds analyst expectations, so it reacts faster than trailing P/E but inherits forecast bias.",,valuation,False,,,model_drafted,sign-flipped during normalization (raw concept is lower-is-better)
Best Price Sales,Best Price Sales,raw,Country index price divided by Bloomberg BEst consensus sales per share.,T2/Bloomberg,,ratio (x sales),True,M,,,,lower_is_better,Revenue-based valuation less sensitive to margin cycles and accounting choices than P/E.,,valuation,False,,,model_drafted,
Best Price Sales_CS,Best Price Sales,_CS,Cross-sectional z-score (across the 34-country panel) of: Country index price divided by Bloomberg BEst consensus sales per share.,T2/Bloomberg,,z-score (cross-sectional),True,M,,,,higher_is_better,Revenue-based valuation less sensitive to margin cycles and accounting choices than P/E.,,valuation,False,,,model_drafted,sign-flipped during normalization (raw concept is lower-is-better)
Best Price Sales_TS,Best Price Sales,_TS,Time-series z-score (vs own trailing history) of: Country index price divided by Bloomberg BEst consensus sales per share.,T2/Bloomberg,,z-score (time-series),True,M,,,,higher_is_better,Revenue-based valuation less sensitive to margin cycles and accounting choices than P/E.,,valuation,False,,,model_drafted,sign-flipped during normalization (raw concept is lower-is-better)
Best ROE,Best ROE,raw,"Bloomberg BEst consensus forward return on equity for the country index, in percent.",T2/Bloomberg,,percent,True,M,,,,unknown,Quality factor — sustained high ROE indicates durable competitive advantage and pricing power.,,growth,False,,,model_drafted,
Best ROE_CS,Best ROE,_CS,"Cross-sectional z-score (across the 34-country panel) of: Bloomberg BEst consensus forward return on equity for the country index, in percent.",T2/Bloomberg,,z-score (cross-sectional),True,M,,,,higher_is_better,Quality factor — sustained high ROE indicates durable competitive advantage and pricing power.,,growth,False,,,model_drafted,
Best ROE_TS,Best ROE,_TS,"Time-series z-score (vs own trailing history) of: Bloomberg BEst consensus forward return on equity for the country index, in percent.",T2/Bloomberg,,z-score (time-series),True,M,,,,higher_is_better,Quality factor — sustained high ROE indicates durable competitive advantage and pricing power.,,growth,False,,,model_drafted,
Bloom Country Risk,Bloom Country Risk,raw,Bloomberg composite country risk score (observed range 7-99; scale orientation unconfirmed).,T2/Bloomberg,,score,True,M,,,,lower_is_better,Composite of political/economic/financial risk; repricing of country risk moves equity risk premia.,,structural,False,,,needs_review,"U.S. scores 78 with range 7-99, which conflicts with the flip-list lower_is_better orientation unless the scale is inverted upstream. Confirm scale direction before using raw values."
Bloom Country Risk_CS,Bloom Country Risk,_CS,Cross-sectional z-score (across the 34-country panel) of: Bloomberg composite country risk score (observed range 7-99; scale orientation unconfirmed).,T2/Bloomberg,,z-score (cross-sectional),True,M,,,,higher_is_better,Composite of political/economic/financial risk; repricing of country risk moves equity risk premia.,,structural,False,,,needs_review,"U.S. scores 78 with range 7-99, which conflicts with the flip-list lower_is_better orientation unless the scale is inverted upstream. Confirm scale direction before using raw values."
Bloom Country Risk_TS,Bloom Country Risk,_TS,Time-series z-score (vs own trailing history) of: Bloomberg composite country risk score (observed range 7-99; scale orientation unconfirmed).,T2/Bloomberg,,z-score (time-series),True,M,,,,higher_is_better,Composite of political/economic/financial risk; repricing of country risk moves equity risk premia.,,structural,False,,,needs_review,"U.S. scores 78 with range 7-99, which conflicts with the flip-list lower_is_better orientation unless the scale is inverted upstream. Confirm scale direction before using raw values."
Budget Def,Budget Def,raw,General government budget balance as a percent of GDP (negative = deficit).,T2/Bloomberg,,percent of GDP,True,M,,,,unknown,Fiscal space — persistent large deficits raise sovereign risk premia and crowd out private investment.,,structural,False,,,model_drafted,
Budget Def_CS,Budget Def,_CS,Cross-sectional z-score (across the 34-country panel) of: General government budget balance as a percent of GDP (negative = deficit).,T2/Bloomberg,,z-score (cross-sectional),True,M,,,,higher_is_better,Fiscal space — persistent large deficits raise sovereign risk premia and crowd out private investment.,,structural,False,,,model_drafted,
Budget Def_TS,Budget Def,_TS,Time-series z-score (vs own trailing history) of: General government budget balance as a percent of GDP (negative = deficit).,T2/Bloomberg,,z-score (time-series),True,M,,,,higher_is_better,Fiscal space — persistent large deficits raise sovereign risk premia and crowd out private investment.,,structural,False,,,model_drafted,
Copper,Copper,raw,Copper spot price in USD per metric ton (global series broadcast to all countries).,T2/Bloomberg,,USD/mt,True,M,,,,unknown,"Dr. Copper — global industrial demand barometer; rallies favor metal exporters (Chile, Peru-like profiles) and cyclical markets.",,commodity,False,,,model_drafted,
Copper 12,Copper 12,raw,12-period percent change in the copper price.,T2/Bloomberg,,percent change,True,M,,,,unknown,Copper momentum tracks global manufacturing cycle acceleration.,,commodity,False,,,model_drafted,
Copper 120,Copper 120,raw,120-period percent change in the copper price.,T2/Bloomberg,,percent change,True,D,,,,unknown,Long-cycle industrial-metal trend; capex super-cycle indicator.,,commodity,False,,,model_drafted,
Copper 120_CS,Copper 120,_CS,Cross-sectional z-score (across the 34-country panel) of: 120-period percent change in the copper price.,T2/Bloomberg,,z-score (cross-sectional),True,D,,,,higher_is_better,Long-cycle industrial-metal trend; capex super-cycle indicator.,,commodity,False,,,model_drafted,
Copper 120_TS,Copper 120,_TS,Time-series z-score (vs own trailing history) of: 120-period percent change in the copper price.,T2/Bloomberg,,z-score (time-series),True,D,,,,higher_is_better,Long-cycle industrial-metal trend; capex super-cycle indicator.,,commodity,False,,,model_drafted,
Copper 12_CS,Copper 12,_CS,Cross-sectional z-score (across the 34-country panel) of: 12-period percent change in the copper price.,T2/Bloomberg,,z-score (cross-sectional),True,M,,,,higher_is_better,Copper momentum tracks global manufacturing cycle acceleration.,,commodity,False,,,model_drafted,
Copper 12_TS,Copper 12,_TS,Time-series z-score (vs own trailing history) of: 12-period percent change in the copper price.,T2/Bloomberg,,z-score (time-series),True,M,,,,higher_is_better,Copper momentum tracks global manufacturing cycle acceleration.,,commodity,False,,,model_drafted,
Copper_CS,Copper,_CS,Cross-sectional z-score (across the 34-country panel) of: Copper spot price in USD per metric ton (global series broadcast to all countries).,T2/Bloomberg,,z-score (cross-sectional),True,M,,,,higher_is_better,"Dr. Copper — global industrial demand barometer; rallies favor metal exporters (Chile, Peru-like profiles) and cyclical markets.",,commodity,False,,,model_drafted,
Copper_TS,Copper,_TS,Time-series z-score (vs own trailing history) of: Copper spot price in USD per metric ton (global series broadcast to all countries).,T2/Bloomberg,,z-score (time-series),True,M,,,,higher_is_better,"Dr. Copper — global industrial demand barometer; rallies favor metal exporters (Chile, Peru-like profiles) and cyclical markets.",,commodity,False,,,model_drafted,
Currency,Currency,raw,Spot exchange rate in local currency units per USD (U.S. = 1.0).,T2/Bloomberg,,LCU per USD,False,M,,,,unknown,Level is country-specific scale; changes (Currency 12/120) carry the depreciation signal.,,external,False,,,model_drafted,
Currency 12,Currency 12,raw,12-period percent change in the LCU/USD exchange rate (positive = depreciation vs USD).,T2/Bloomberg,,percent change,True,M,,,,unknown,"Depreciation pressure — sustained currency weakness signals capital outflows and imported inflation, usually equity-negative for EMs in USD terms.",,external,False,,,model_drafted,
Currency 120,Currency 120,raw,120-period percent change in the LCU/USD exchange rate (positive = depreciation vs USD).,T2/Bloomberg,,percent change,True,D,,,,unknown,Long-window currency trend — cumulative devaluation cycle position.,,external,False,,,model_drafted,
Currency 120_CS,Currency 120,_CS,Cross-sectional z-score (across the 34-country panel) of: 120-period percent change in the LCU/USD exchange rate (positive = depreciation vs USD).,T2/Bloomberg,,z-score (cross-sectional),True,D,,,,higher_is_better,Long-window currency trend — cumulative devaluation cycle position.,,external,False,,,model_drafted,
Currency 120_TS,Currency 120,_TS,Time-series z-score (vs own trailing history) of: 120-period percent change in the LCU/USD exchange rate (positive = depreciation vs USD).,T2/Bloomberg,,z-score (time-series),True,D,,,,higher_is_better,Long-window currency trend — cumulative devaluation cycle position.,,external,False,,,model_drafted,
Currency 12_CS,Currency 12,_CS,Cross-sectional z-score (across the 34-country panel) of: 12-period percent change in the LCU/USD exchange rate (positive = depreciation vs USD).,T2/Bloomberg,,z-score (cross-sectional),True,M,,,,higher_is_better,"Depreciation pressure — sustained currency weakness signals capital outflows and imported inflation, usually equity-negative for EMs in USD terms.",,external,False,,,model_drafted,
Currency 12_TS,Currency 12,_TS,Time-series z-score (vs own trailing history) of: 12-period percent change in the LCU/USD exchange rate (positive = depreciation vs USD).,T2/Bloomberg,,z-score (time-series),True,M,,,,higher_is_better,"Depreciation pressure — sustained currency weakness signals capital outflows and imported inflation, usually equity-negative for EMs in USD terms.",,external,False,,,model_drafted,
Currency Vol,Currency Vol,raw,Realized volatility of the LCU/USD exchange rate (0 for the USD-based sleeves).,T2/Bloomberg,,percent (realized volatility),True,M,,,,unknown,FX stress gauge — currency vol spikes mark balance-of-payments pressure and risk-off episodes.,,external,False,,,model_drafted,
Currency Vol_CS,Currency Vol,_CS,Cross-sectional z-score (across the 34-country panel) of: Realized volatility of the LCU/USD exchange rate (0 for the USD-based sleeves).,T2/Bloomberg,,z-score (cross-sectional),True,M,,,,higher_is_better,FX stress gauge — currency vol spikes mark balance-of-payments pressure and risk-off episodes.,,external,False,,,model_drafted,
Currency Vol_TS,Currency Vol,_TS,Time-series z-score (vs own trailing history) of: Realized volatility of the LCU/USD exchange rate (0 for the USD-based sleeves).,T2/Bloomberg,,z-score (time-series),True,M,,,,higher_is_better,FX stress gauge — currency vol spikes mark balance-of-payments pressure and risk-off episodes.,,external,False,,,model_drafted,
Currency_CS,Currency,_CS,Cross-sectional z-score (across the 34-country panel) of: Spot exchange rate in local currency units per USD (U.S. = 1.0).,T2/Bloomberg,,z-score (cross-sectional),True,M,,,,higher_is_better,Level is country-specific scale; changes (Currency 12/120) carry the depreciation signal.,,external,False,,,model_drafted,
Currency_TS,Currency,_TS,Time-series z-score (vs own trailing history) of: Spot exchange rate in local currency units per USD (U.S. = 1.0).,T2/Bloomberg,,z-score (time-series),True,M,,,,higher_is_better,Level is country-specific scale; changes (Currency 12/120) carry the depreciation signal.,,external,False,,,model_drafted,
Current Account,Current Account,raw,Current account balance as a percent of GDP.,T2/Bloomberg,,percent of GDP,True,M,,,,unknown,External financing need — deficit countries depend on foreign capital and sell off harder when global liquidity tightens.,,external,False,,,model_drafted,
Current Account_CS,Current Account,_CS,Cross-sectional z-score (across the 34-country panel) of: Current account balance as a percent of GDP.,T2/Bloomberg,,z-score (cross-sectional),True,M,,,,higher_is_better,External financing need — deficit countries depend on foreign capital and sell off harder when global liquidity tightens.,,external,False,,,model_drafted,
Current Account_TS,Current Account,_TS,Time-series z-score (vs own trailing history) of: Current account balance as a percent of GDP.,T2/Bloomberg,,z-score (time-series),True,M,,,,higher_is_better,External financing need — deficit countries depend on foreign capital and sell off harder when global liquidity tightens.,,external,False,,,model_drafted,
DIP_abs,DIP_abs,raw,"Demographic Inflation Pressure, absolute — the inflation pressure (in CPI percentage points) implied by the country's age structure, from cohort-weighted inflation betas.",ASADO derived (demographics),,percentage points of CPI,True,M,,,,unknown,"Age cohorts differ in net consumption vs production; dependent-heavy populations are inflationary, working-age-heavy ones disinflationary. Mechanically forecastable decades ahead.",Demographics_Inflation_Factor/README.md (Juselius-Takats demographic inflation literature),structural,False,,,model_drafted,
DIP_abs_CS,DIP_abs,_CS,"Cross-sectional z-score (across the 34-country panel) of: Demographic Inflation Pressure, absolute — the inflation pressure (in CPI percentage points) implied by the country's age structure, from cohort-weighted inflation betas.",ASADO derived (demographics),,z-score (cross-sectional),True,M,,,,unknown,"Age cohorts differ in net consumption vs production; dependent-heavy populations are inflationary, working-age-heavy ones disinflationary. Mechanically forecastable decades ahead.",Demographics_Inflation_Factor/README.md (Juselius-Takats demographic inflation literature),structural,False,,,model_drafted,
DIP_abs_TS,DIP_abs,_TS,"Time-series z-score (vs own trailing history) of: Demographic Inflation Pressure, absolute — the inflation pressure (in CPI percentage points) implied by the country's age structure, from cohort-weighted inflation betas.",ASADO derived (demographics),,z-score (time-series),True,M,,,,unknown,"Age cohorts differ in net consumption vs production; dependent-heavy populations are inflationary, working-age-heavy ones disinflationary. Mechanically forecastable decades ahead.",Demographics_Inflation_Factor/README.md (Juselius-Takats demographic inflation literature),structural,False,,,model_drafted,
DIP_rel,DIP_rel,raw,"Demographic Inflation Pressure relative to the 34-country panel mean each year, in percentage points (positive = more inflationary demographics than average).",ASADO derived (demographics),,percentage points vs panel mean,True,M,,,,unknown,The tradeable cross-sectional form — relative demographic inflation pressure predicts relative policy tightness and real-rate differentials years ahead.,,structural,False,,,model_drafted,
DIP_rel_CS,DIP_rel,_CS,"Cross-sectional z-score (across the 34-country panel) of: Demographic Inflation Pressure relative to the 34-country panel mean each year, in percentage points (positive = more inflationary demographics than average).",ASADO derived (demographics),,z-score (cross-sectional),True,M,,,,unknown,The tradeable cross-sectional form — relative demographic inflation pressure predicts relative policy tightness and real-rate differentials years ahead.,,structural,False,,,model_drafted,
DIP_rel_TS,DIP_rel,_TS,"Time-series z-score (vs own trailing history) of: Demographic Inflation Pressure relative to the 34-country panel mean each year, in percentage points (positive = more inflationary demographics than average).",ASADO derived (demographics),,z-score (time-series),True,M,,,,unknown,The tradeable cross-sectional form — relative demographic inflation pressure predicts relative policy tightness and real-rate differentials years ahead.,,structural,False,,,model_drafted,
DIP_rel_chg_10y,DIP_rel_chg_10y,raw,10-year change in DIP_rel.,ASADO derived (demographics),,percentage points (10y change),True,M,,,,unknown,Long-horizon demographic drift; fully forecastable from existing cohorts.,,structural,False,,,model_drafted,
DIP_rel_chg_10y_CS,DIP_rel_chg_10y,_CS,Cross-sectional z-score (across the 34-country panel) of: 10-year change in DIP_rel.,ASADO derived (demographics),,z-score (cross-sectional),True,M,,,,unknown,Long-horizon demographic drift; fully forecastable from existing cohorts.,,structural,False,,,model_drafted,
DIP_rel_chg_10y_TS,DIP_rel_chg_10y,_TS,Time-series z-score (vs own trailing history) of: 10-year change in DIP_rel.,ASADO derived (demographics),,z-score (time-series),True,M,,,,unknown,Long-horizon demographic drift; fully forecastable from existing cohorts.,,structural,False,,,model_drafted,
DIP_rel_chg_5y,DIP_rel_chg_5y,raw,5-year change in DIP_rel — how fast the country's relative demographic inflation pressure is shifting.,ASADO derived (demographics),,percentage points (5y change),True,M,,,,unknown,Demographic momentum — markets price levels but underweight predictable demographic drift.,,structural,False,,,model_drafted,
DIP_rel_chg_5y_CS,DIP_rel_chg_5y,_CS,Cross-sectional z-score (across the 34-country panel) of: 5-year change in DIP_rel — how fast the country's relative demographic inflation pressure is shifting.,ASADO derived (demographics),,z-score (cross-sectional),True,M,,,,unknown,Demographic momentum — markets price levels but underweight predictable demographic drift.,,structural,False,,,model_drafted,
DIP_rel_chg_5y_TS,DIP_rel_chg_5y,_TS,Time-series z-score (vs own trailing history) of: 5-year change in DIP_rel — how fast the country's relative demographic inflation pressure is shifting.,ASADO derived (demographics),,z-score (time-series),True,M,,,,unknown,Demographic momentum — markets price levels but underweight predictable demographic drift.,,structural,False,,,model_drafted,
Debt to EV,Debt to EV,raw,Aggregate debt divided by enterprise value for the country index.,T2/Bloomberg,,ratio,True,M,,,,unknown,Corporate leverage — high debt share of EV amplifies equity downside in tightening cycles.,,structural,False,,,model_drafted,
Debt to EV_CS,Debt to EV,_CS,Cross-sectional z-score (across the 34-country panel) of: Aggregate debt divided by enterprise value for the country index.,T2/Bloomberg,,z-score (cross-sectional),True,M,,,,higher_is_better,Corporate leverage — high debt share of EV amplifies equity downside in tightening cycles.,,structural,False,,,model_drafted,
Debt to EV_TS,Debt to EV,_TS,Time-series z-score (vs own trailing history) of: Aggregate debt divided by enterprise value for the country index.,T2/Bloomberg,,z-score (time-series),True,M,,,,higher_is_better,Corporate leverage — high debt share of EV amplifies equity downside in tightening cycles.,,structural,False,,,model_drafted,
Debt to GDP,Debt to GDP,raw,Government debt as a percent of GDP.,T2/Bloomberg,,percent of GDP,True,M,,,,lower_is_better,Debt overhang — high public debt limits fiscal response capacity and raises default/inflation-tax risk.,,structural,False,,,model_drafted,
Debt to GDP_CS,Debt to GDP,_CS,Cross-sectional z-score (across the 34-country panel) of: Government debt as a percent of GDP.,T2/Bloomberg,,z-score (cross-sectional),True,M,,,,higher_is_better,Debt overhang — high public debt limits fiscal response capacity and raises default/inflation-tax risk.,,structural,False,,,model_drafted,sign-flipped during normalization (raw concept is lower-is-better)
Debt to GDP_TS,Debt to GDP,_TS,Time-series z-score (vs own trailing history) of: Government debt as a percent of GDP.,T2/Bloomberg,,z-score (time-series),True,M,,,,higher_is_better,Debt overhang — high public debt limits fiscal response capacity and raises default/inflation-tax risk.,,structural,False,,,model_drafted,sign-flipped during normalization (raw concept is lower-is-better)
ECB_FX_AUD_EUR,ECB_FX_AUD_EUR,raw,ECB daily reference exchange rate: Australian dollar (AUD) per 1 euro.,ECB,EXR.D.AUD.EUR.SP00.A,AUD per EUR,False,M,,,,unknown,"FX level building block; the depreciation rate, not the level, carries the signal.",,external,True,,,model_drafted,
ECB_FX_AUD_EUR_TS,ECB_FX_AUD_EUR,_TS,Time-series z-score (vs own trailing history) of: ECB daily reference exchange rate: Australian dollar (AUD) per 1 euro.,ECB,EXR.D.AUD.EUR.SP00.A,z-score (time-series),True,M,,,,unknown,"FX level building block; the depreciation rate, not the level, carries the signal.",,external,True,,,model_drafted,
ECB_FX_BRL_EUR,ECB_FX_BRL_EUR,raw,ECB daily reference exchange rate: Brazilian real (BRL) per 1 euro.,ECB,EXR.D.BRL.EUR.SP00.A,BRL per EUR,False,M,,,,unknown,"FX level building block; the depreciation rate, not the level, carries the signal.",,external,True,,,model_drafted,
ECB_FX_BRL_EUR_TS,ECB_FX_BRL_EUR,_TS,Time-series z-score (vs own trailing history) of: ECB daily reference exchange rate: Brazilian real (BRL) per 1 euro.,ECB,EXR.D.BRL.EUR.SP00.A,z-score (time-series),True,M,,,,unknown,"FX level building block; the depreciation rate, not the level, carries the signal.",,external,True,,,model_drafted,
ECB_FX_CAD_EUR,ECB_FX_CAD_EUR,raw,ECB daily reference exchange rate: Canadian dollar (CAD) per 1 euro.,ECB,EXR.D.CAD.EUR.SP00.A,CAD per EUR,False,M,,,,unknown,"FX level building block; the depreciation rate, not the level, carries the signal.",,external,True,,,model_drafted,
ECB_FX_CAD_EUR_TS,ECB_FX_CAD_EUR,_TS,Time-series z-score (vs own trailing history) of: ECB daily reference exchange rate: Canadian dollar (CAD) per 1 euro.,ECB,EXR.D.CAD.EUR.SP00.A,z-score (time-series),True,M,,,,unknown,"FX level building block; the depreciation rate, not the level, carries the signal.",,external,True,,,model_drafted,
ECB_FX_CHF_EUR,ECB_FX_CHF_EUR,raw,ECB daily reference exchange rate: Swiss franc (CHF) per 1 euro.,ECB,EXR.D.CHF.EUR.SP00.A,CHF per EUR,False,M,,,,unknown,"FX level building block; the depreciation rate, not the level, carries the signal.",,external,True,,,model_drafted,
ECB_FX_CHF_EUR_TS,ECB_FX_CHF_EUR,_TS,Time-series z-score (vs own trailing history) of: ECB daily reference exchange rate: Swiss franc (CHF) per 1 euro.,ECB,EXR.D.CHF.EUR.SP00.A,z-score (time-series),True,M,,,,unknown,"FX level building block; the depreciation rate, not the level, carries the signal.",,external,True,,,model_drafted,
ECB_FX_CNY_EUR,ECB_FX_CNY_EUR,raw,ECB daily reference exchange rate: Chinese yuan (CNY) per 1 euro.,ECB,EXR.D.CNY.EUR.SP00.A,CNY per EUR,False,M,,,,unknown,"FX level building block; the depreciation rate, not the level, carries the signal.",,external,False,,,model_drafted,
ECB_FX_CNY_EUR_TS,ECB_FX_CNY_EUR,_TS,Time-series z-score (vs own trailing history) of: ECB daily reference exchange rate: Chinese yuan (CNY) per 1 euro.,ECB,EXR.D.CNY.EUR.SP00.A,z-score (time-series),True,M,,,,unknown,"FX level building block; the depreciation rate, not the level, carries the signal.",,external,False,,,model_drafted,
ECB_FX_DKK_EUR,ECB_FX_DKK_EUR,raw,ECB daily reference exchange rate: Danish krone (DKK) per 1 euro.,ECB,EXR.D.DKK.EUR.SP00.A,DKK per EUR,False,M,,,,unknown,"FX level building block; the depreciation rate, not the level, carries the signal.",,external,True,,,model_drafted,
ECB_FX_DKK_EUR_TS,ECB_FX_DKK_EUR,_TS,Time-series z-score (vs own trailing history) of: ECB daily reference exchange rate: Danish krone (DKK) per 1 euro.,ECB,EXR.D.DKK.EUR.SP00.A,z-score (time-series),True,M,,,,unknown,"FX level building block; the depreciation rate, not the level, carries the signal.",,external,True,,,model_drafted,
ECB_FX_EUR_EUR,ECB_FX_EUR_EUR,raw,ECB daily reference exchange rate: euro (EUR) per 1 euro.,ECB,EXR.D.EUR.EUR.SP00.A,EUR per EUR,False,M,,,,unknown,"FX level building block; the depreciation rate, not the level, carries the signal.",,external,False,,,model_drafted,
ECB_FX_GBP_EUR,ECB_FX_GBP_EUR,raw,ECB daily reference exchange rate: British pound (GBP) per 1 euro.,ECB,EXR.D.GBP.EUR.SP00.A,GBP per EUR,False,M,,,,unknown,"FX level building block; the depreciation rate, not the level, carries the signal.",,external,True,,,model_drafted,
ECB_FX_GBP_EUR_TS,ECB_FX_GBP_EUR,_TS,Time-series z-score (vs own trailing history) of: ECB daily reference exchange rate: British pound (GBP) per 1 euro.,ECB,EXR.D.GBP.EUR.SP00.A,z-score (time-series),True,M,,,,unknown,"FX level building block; the depreciation rate, not the level, carries the signal.",,external,True,,,model_drafted,
ECB_FX_HKD_EUR,ECB_FX_HKD_EUR,raw,ECB daily reference exchange rate: Hong Kong dollar (HKD) per 1 euro.,ECB,EXR.D.HKD.EUR.SP00.A,HKD per EUR,False,M,,,,unknown,"FX level building block; the depreciation rate, not the level, carries the signal.",,external,True,,,model_drafted,
ECB_FX_HKD_EUR_TS,ECB_FX_HKD_EUR,_TS,Time-series z-score (vs own trailing history) of: ECB daily reference exchange rate: Hong Kong dollar (HKD) per 1 euro.,ECB,EXR.D.HKD.EUR.SP00.A,z-score (time-series),True,M,,,,unknown,"FX level building block; the depreciation rate, not the level, carries the signal.",,external,True,,,model_drafted,
ECB_FX_IDR_EUR,ECB_FX_IDR_EUR,raw,ECB daily reference exchange rate: Indonesian rupiah (IDR) per 1 euro.,ECB,EXR.D.IDR.EUR.SP00.A,IDR per EUR,False,M,,,,unknown,"FX level building block; the depreciation rate, not the level, carries the signal.",,external,True,,,model_drafted,
ECB_FX_IDR_EUR_TS,ECB_FX_IDR_EUR,_TS,Time-series z-score (vs own trailing history) of: ECB daily reference exchange rate: Indonesian rupiah (IDR) per 1 euro.,ECB,EXR.D.IDR.EUR.SP00.A,z-score (time-series),True,M,,,,unknown,"FX level building block; the depreciation rate, not the level, carries the signal.",,external,True,,,model_drafted,
ECB_FX_INR_EUR,ECB_FX_INR_EUR,raw,ECB daily reference exchange rate: Indian rupee (INR) per 1 euro.,ECB,EXR.D.INR.EUR.SP00.A,INR per EUR,False,M,,,,unknown,"FX level building block; the depreciation rate, not the level, carries the signal.",,external,True,,,model_drafted,
ECB_FX_INR_EUR_TS,ECB_FX_INR_EUR,_TS,Time-series z-score (vs own trailing history) of: ECB daily reference exchange rate: Indian rupee (INR) per 1 euro.,ECB,EXR.D.INR.EUR.SP00.A,z-score (time-series),True,M,,,,unknown,"FX level building block; the depreciation rate, not the level, carries the signal.",,external,True,,,model_drafted,
ECB_FX_JPY_EUR,ECB_FX_JPY_EUR,raw,ECB daily reference exchange rate: Japanese yen (JPY) per 1 euro.,ECB,EXR.D.JPY.EUR.SP00.A,JPY per EUR,False,M,,,,unknown,"FX level building block; the depreciation rate, not the level, carries the signal.",,external,True,,,model_drafted,
ECB_FX_JPY_EUR_TS,ECB_FX_JPY_EUR,_TS,Time-series z-score (vs own trailing history) of: ECB daily reference exchange rate: Japanese yen (JPY) per 1 euro.,ECB,EXR.D.JPY.EUR.SP00.A,z-score (time-series),True,M,,,,unknown,"FX level building block; the depreciation rate, not the level, carries the signal.",,external,True,,,model_drafted,
ECB_FX_KRW_EUR,ECB_FX_KRW_EUR,raw,ECB daily reference exchange rate: Korean won (KRW) per 1 euro.,ECB,EXR.D.KRW.EUR.SP00.A,KRW per EUR,False,M,,,,unknown,"FX level building block; the depreciation rate, not the level, carries the signal.",,external,True,,,model_drafted,
ECB_FX_KRW_EUR_TS,ECB_FX_KRW_EUR,_TS,Time-series z-score (vs own trailing history) of: ECB daily reference exchange rate: Korean won (KRW) per 1 euro.,ECB,EXR.D.KRW.EUR.SP00.A,z-score (time-series),True,M,,,,unknown,"FX level building block; the depreciation rate, not the level, carries the signal.",,external,True,,,model_drafted,
ECB_FX_MXN_EUR,ECB_FX_MXN_EUR,raw,ECB daily reference exchange rate: Mexican peso (MXN) per 1 euro.,ECB,EXR.D.MXN.EUR.SP00.A,MXN per EUR,False,M,,,,unknown,"FX level building block; the depreciation rate, not the level, carries the signal.",,external,True,,,model_drafted,
ECB_FX_MXN_EUR_TS,ECB_FX_MXN_EUR,_TS,Time-series z-score (vs own trailing history) of: ECB daily reference exchange rate: Mexican peso (MXN) per 1 euro.,ECB,EXR.D.MXN.EUR.SP00.A,z-score (time-series),True,M,,,,unknown,"FX level building block; the depreciation rate, not the level, carries the signal.",,external,True,,,model_drafted,
ECB_FX_MYR_EUR,ECB_FX_MYR_EUR,raw,ECB daily reference exchange rate: Malaysian ringgit (MYR) per 1 euro.,ECB,EXR.D.MYR.EUR.SP00.A,MYR per EUR,False,M,,,,unknown,"FX level building block; the depreciation rate, not the level, carries the signal.",,external,True,,,model_drafted,
ECB_FX_MYR_EUR_TS,ECB_FX_MYR_EUR,_TS,Time-series z-score (vs own trailing history) of: ECB daily reference exchange rate: Malaysian ringgit (MYR) per 1 euro.,ECB,EXR.D.MYR.EUR.SP00.A,z-score (time-series),True,M,,,,unknown,"FX level building block; the depreciation rate, not the level, carries the signal.",,external,True,,,model_drafted,
ECB_FX_NOK_EUR,ECB_FX_NOK_EUR,raw,ECB daily reference exchange rate: Norwegian krone (NOK) per 1 euro.,ECB,EXR.D.NOK.EUR.SP00.A,NOK per EUR,False,M,,,,unknown,"FX level building block; the depreciation rate, not the level, carries the signal.",,external,True,,,model_drafted,
ECB_FX_NOK_EUR_TS,ECB_FX_NOK_EUR,_TS,Time-series z-score (vs own trailing history) of: ECB daily reference exchange rate: Norwegian krone (NOK) per 1 euro.,ECB,EXR.D.NOK.EUR.SP00.A,z-score (time-series),True,M,,,,unknown,"FX level building block; the depreciation rate, not the level, carries the signal.",,external,True,,,model_drafted,
ECB_FX_NZD_EUR,ECB_FX_NZD_EUR,raw,ECB daily reference exchange rate: New Zealand dollar (NZD) per 1 euro.,ECB,EXR.D.NZD.EUR.SP00.A,NZD per EUR,False,M,,,,unknown,"FX level building block; the depreciation rate, not the level, carries the signal.",,external,True,,,model_drafted,
ECB_FX_NZD_EUR_TS,ECB_FX_NZD_EUR,_TS,Time-series z-score (vs own trailing history) of: ECB daily reference exchange rate: New Zealand dollar (NZD) per 1 euro.,ECB,EXR.D.NZD.EUR.SP00.A,z-score (time-series),True,M,,,,unknown,"FX level building block; the depreciation rate, not the level, carries the signal.",,external,True,,,model_drafted,
ECB_FX_PHP_EUR,ECB_FX_PHP_EUR,raw,ECB daily reference exchange rate: Philippine peso (PHP) per 1 euro.,ECB,EXR.D.PHP.EUR.SP00.A,PHP per EUR,False,M,,,,unknown,"FX level building block; the depreciation rate, not the level, carries the signal.",,external,True,,,model_drafted,
ECB_FX_PHP_EUR_TS,ECB_FX_PHP_EUR,_TS,Time-series z-score (vs own trailing history) of: ECB daily reference exchange rate: Philippine peso (PHP) per 1 euro.,ECB,EXR.D.PHP.EUR.SP00.A,z-score (time-series),True,M,,,,unknown,"FX level building block; the depreciation rate, not the level, carries the signal.",,external,True,,,model_drafted,
ECB_FX_PLN_EUR,ECB_FX_PLN_EUR,raw,ECB daily reference exchange rate: Polish zloty (PLN) per 1 euro.,ECB,EXR.D.PLN.EUR.SP00.A,PLN per EUR,False,M,,,,unknown,"FX level building block; the depreciation rate, not the level, carries the signal.",,external,True,,,model_drafted,
ECB_FX_PLN_EUR_TS,ECB_FX_PLN_EUR,_TS,Time-series z-score (vs own trailing history) of: ECB daily reference exchange rate: Polish zloty (PLN) per 1 euro.,ECB,EXR.D.PLN.EUR.SP00.A,z-score (time-series),True,M,,,,unknown,"FX level building block; the depreciation rate, not the level, carries the signal.",,external,True,,,model_drafted,
ECB_FX_SEK_EUR,ECB_FX_SEK_EUR,raw,ECB daily reference exchange rate: Swedish krona (SEK) per 1 euro.,ECB,EXR.D.SEK.EUR.SP00.A,SEK per EUR,False,M,,,,unknown,"FX level building block; the depreciation rate, not the level, carries the signal.",,external,True,,,model_drafted,
ECB_FX_SEK_EUR_TS,ECB_FX_SEK_EUR,_TS,Time-series z-score (vs own trailing history) of: ECB daily reference exchange rate: Swedish krona (SEK) per 1 euro.,ECB,EXR.D.SEK.EUR.SP00.A,z-score (time-series),True,M,,,,unknown,"FX level building block; the depreciation rate, not the level, carries the signal.",,external,True,,,model_drafted,
ECB_FX_SGD_EUR,ECB_FX_SGD_EUR,raw,ECB daily reference exchange rate: Singapore dollar (SGD) per 1 euro.,ECB,EXR.D.SGD.EUR.SP00.A,SGD per EUR,False,M,,,,unknown,"FX level building block; the depreciation rate, not the level, carries the signal.",,external,True,,,model_drafted,
ECB_FX_SGD_EUR_TS,ECB_FX_SGD_EUR,_TS,Time-series z-score (vs own trailing history) of: ECB daily reference exchange rate: Singapore dollar (SGD) per 1 euro.,ECB,EXR.D.SGD.EUR.SP00.A,z-score (time-series),True,M,,,,unknown,"FX level building block; the depreciation rate, not the level, carries the signal.",,external,True,,,model_drafted,
ECB_FX_THB_EUR,ECB_FX_THB_EUR,raw,ECB daily reference exchange rate: Thai baht (THB) per 1 euro.,ECB,EXR.D.THB.EUR.SP00.A,THB per EUR,False,M,,,,unknown,"FX level building block; the depreciation rate, not the level, carries the signal.",,external,True,,,model_drafted,
ECB_FX_THB_EUR_TS,ECB_FX_THB_EUR,_TS,Time-series z-score (vs own trailing history) of: ECB daily reference exchange rate: Thai baht (THB) per 1 euro.,ECB,EXR.D.THB.EUR.SP00.A,z-score (time-series),True,M,,,,unknown,"FX level building block; the depreciation rate, not the level, carries the signal.",,external,True,,,model_drafted,
ECB_FX_TRY_EUR,ECB_FX_TRY_EUR,raw,ECB daily reference exchange rate: Turkish lira (TRY) per 1 euro.,ECB,EXR.D.TRY.EUR.SP00.A,TRY per EUR,False,M,,,,unknown,"FX level building block; the depreciation rate, not the level, carries the signal.",,external,True,,,model_drafted,
ECB_FX_TRY_EUR_TS,ECB_FX_TRY_EUR,_TS,Time-series z-score (vs own trailing history) of: ECB daily reference exchange rate: Turkish lira (TRY) per 1 euro.,ECB,EXR.D.TRY.EUR.SP00.A,z-score (time-series),True,M,,,,unknown,"FX level building block; the depreciation rate, not the level, carries the signal.",,external,True,,,model_drafted,
ECB_FX_TWD_EUR,ECB_FX_TWD_EUR,raw,ECB daily reference exchange rate: New Taiwan dollar (TWD) per 1 euro.,ECB,EXR.D.TWD.EUR.SP00.A,TWD per EUR,False,M,,,,unknown,"FX level building block; the depreciation rate, not the level, carries the signal.",,external,True,,,model_drafted,
ECB_FX_TWD_EUR_TS,ECB_FX_TWD_EUR,_TS,Time-series z-score (vs own trailing history) of: ECB daily reference exchange rate: New Taiwan dollar (TWD) per 1 euro.,ECB,EXR.D.TWD.EUR.SP00.A,z-score (time-series),True,M,,,,unknown,"FX level building block; the depreciation rate, not the level, carries the signal.",,external,True,,,model_drafted,
ECB_FX_USD_EUR,ECB_FX_USD_EUR,raw,ECB daily reference exchange rate: US dollar (USD) per 1 euro.,ECB,EXR.D.USD.EUR.SP00.A,USD per EUR,False,M,,,,unknown,"FX level building block; the depreciation rate, not the level, carries the signal.",,external,False,,,model_drafted,
ECB_FX_USD_EUR_CS,ECB_FX_USD_EUR,_CS,Cross-sectional z-score (across the 34-country panel) of: ECB daily reference exchange rate: US dollar (USD) per 1 euro.,ECB,EXR.D.USD.EUR.SP00.A,z-score (cross-sectional),True,M,,,,unknown,"FX level building block; the depreciation rate, not the level, carries the signal.",,external,False,,,model_drafted,
ECB_FX_USD_EUR_TS,ECB_FX_USD_EUR,_TS,Time-series z-score (vs own trailing history) of: ECB daily reference exchange rate: US dollar (USD) per 1 euro.,ECB,EXR.D.USD.EUR.SP00.A,z-score (time-series),True,M,,,,unknown,"FX level building block; the depreciation rate, not the level, carries the signal.",,external,False,,,model_drafted,
ECB_FX_ZAR_EUR,ECB_FX_ZAR_EUR,raw,ECB daily reference exchange rate: South African rand (ZAR) per 1 euro.,ECB,EXR.D.ZAR.EUR.SP00.A,ZAR per EUR,False,M,,,,unknown,"FX level building block; the depreciation rate, not the level, carries the signal.",,external,True,,,model_drafted,
ECB_FX_ZAR_EUR_TS,ECB_FX_ZAR_EUR,_TS,Time-series z-score (vs own trailing history) of: ECB daily reference exchange rate: South African rand (ZAR) per 1 euro.,ECB,EXR.D.ZAR.EUR.SP00.A,z-score (time-series),True,M,,,,unknown,"FX level building block; the depreciation rate, not the level, carries the signal.",,external,True,,,model_drafted,
EIA_Petroleum_Consumption_TBPD,EIA_Petroleum_Consumption_TBPD,raw,Petroleum consumption in thousand barrels per day (EIA).,EIA,,thousand barrels/day,False,A,,,,unknown,Oil-demand exposure scale; per-GDP intensity determines oil-shock sensitivity.,,commodity,False,,,model_drafted,
EIA_Petroleum_Consumption_TBPD_CS,EIA_Petroleum_Consumption_TBPD,_CS,Cross-sectional z-score (across the 34-country panel) of: Petroleum consumption in thousand barrels per day (EIA).,EIA,,z-score (cross-sectional),True,A,,,,unknown,Oil-demand exposure scale; per-GDP intensity determines oil-shock sensitivity.,,commodity,False,,,model_drafted,
EIA_Petroleum_Consumption_TBPD_TS,EIA_Petroleum_Consumption_TBPD,_TS,Time-series z-score (vs own trailing history) of: Petroleum consumption in thousand barrels per day (EIA).,EIA,,z-score (time-series),True,A,,,,unknown,Oil-demand exposure scale; per-GDP intensity determines oil-shock sensitivity.,,commodity,False,,,model_drafted,
EPU,EPU,raw,Economic Policy Uncertainty index — newspaper-based frequency of policy-uncertainty coverage (Baker-Bloom-Davis).,EPU (policyuncertainty.com),,index (~100 = historical mean),True,M,,,,unknown,Policy uncertainty delays firm investment and hiring; EPU spikes depress near-term returns but mark fear-driven entry points.,"Baker, Bloom & Davis (2016)",sentiment,False,,,model_drafted,
EPU_CS,EPU,_CS,Cross-sectional z-score (across the 34-country panel) of: Economic Policy Uncertainty index — newspaper-based frequency of policy-uncertainty coverage (Baker-Bloom-Davis).,EPU (policyuncertainty.com),,z-score (cross-sectional),True,M,,,,unknown,Policy uncertainty delays firm investment and hiring; EPU spikes depress near-term returns but mark fear-driven entry points.,"Baker, Bloom & Davis (2016)",sentiment,False,,,model_drafted,
EPU_TS,EPU,_TS,Time-series z-score (vs own trailing history) of: Economic Policy Uncertainty index — newspaper-based frequency of policy-uncertainty coverage (Baker-Bloom-Davis).,EPU (policyuncertainty.com),,z-score (time-series),True,M,,,,unknown,Policy uncertainty delays firm investment and hiring; EPU spikes depress near-term returns but mark fear-driven entry points.,"Baker, Bloom & Davis (2016)",sentiment,False,,,model_drafted,
EV to EBITDA,EV to EBITDA,raw,Aggregate enterprise value divided by EBITDA for the country index.,T2/Bloomberg,,ratio (x EBITDA),True,M,,,,lower_is_better,Capital-structure-neutral valuation; compares whole-firm value to pre-interest cash earnings.,,valuation,False,,,model_drafted,
EV to EBITDA_CS,EV to EBITDA,_CS,Cross-sectional z-score (across the 34-country panel) of: Aggregate enterprise value divided by EBITDA for the country index.,T2/Bloomberg,,z-score (cross-sectional),True,M,,,,higher_is_better,Capital-structure-neutral valuation; compares whole-firm value to pre-interest cash earnings.,,valuation,False,,,model_drafted,sign-flipped during normalization (raw concept is lower-is-better)
EV to EBITDA_TS,EV to EBITDA,_TS,Time-series z-score (vs own trailing history) of: Aggregate enterprise value divided by EBITDA for the country index.,T2/Bloomberg,,z-score (time-series),True,M,,,,higher_is_better,Capital-structure-neutral valuation; compares whole-firm value to pre-interest cash earnings.,,valuation,False,,,model_drafted,sign-flipped during normalization (raw concept is lower-is-better)
Earnings Yield,Earnings Yield,raw,"Trailing aggregate earnings divided by price for the country index (inverse of P/E), in percent.",T2/Bloomberg,,percent,True,M,,,,unknown,Value measure directly comparable to bond yields; high earnings yield = cheap equity vs fixed income.,,valuation,False,suspect,approx -100 to 100,model_drafted,Observed max 5.1e10 — upstream data errors present; clip before use.
Earnings Yield_CS,Earnings Yield,_CS,"Cross-sectional z-score (across the 34-country panel) of: Trailing aggregate earnings divided by price for the country index (inverse of P/E), in percent.",T2/Bloomberg,,z-score (cross-sectional),True,M,,,,higher_is_better,Value measure directly comparable to bond yields; high earnings yield = cheap equity vs fixed income.,,valuation,False,suspect,,model_drafted,Observed max 5.1e10 — upstream data errors present; clip before use.
Earnings Yield_TS,Earnings Yield,_TS,"Time-series z-score (vs own trailing history) of: Trailing aggregate earnings divided by price for the country index (inverse of P/E), in percent.",T2/Bloomberg,,z-score (time-series),True,M,,,,higher_is_better,Value measure directly comparable to bond yields; high earnings yield = cheap equity vs fixed income.,,valuation,False,suspect,,model_drafted,Observed max 5.1e10 — upstream data errors present; clip before use.
FAO_AgExport_GDP_Share,FAO_AgExport_GDP_Share,raw,Agricultural exports as a share of GDP (FAO).,FAO,,percent of GDP,True,A,,,,unknown,Agri-exporter exposure — food price rallies are a terms-of-trade gain for these economies.,,external,False,,,model_drafted,
FAO_AgExport_GDP_Share_CS,FAO_AgExport_GDP_Share,_CS,Cross-sectional z-score (across the 34-country panel) of: Agricultural exports as a share of GDP (FAO).,FAO,,z-score (cross-sectional),True,A,,,,unknown,Agri-exporter exposure — food price rallies are a terms-of-trade gain for these economies.,,external,False,,,model_drafted,
FAO_AgExport_GDP_Share_TS,FAO_AgExport_GDP_Share,_TS,Time-series z-score (vs own trailing history) of: Agricultural exports as a share of GDP (FAO).,FAO,,z-score (time-series),True,A,,,,unknown,Agri-exporter exposure — food price rallies are a terms-of-trade gain for these economies.,,external,False,,,model_drafted,
FAO_Import_Dependency,FAO_Import_Dependency,raw,Food import dependency ratio — imports relative to domestic supply (FAO).,FAO,,ratio,True,A,,,,lower_is_better,Food-crisis vulnerability — import-dependent countries face inflation and social stress when food prices spike.,,external,False,,,model_drafted,
FAO_Import_Dependency_CS,FAO_Import_Dependency,_CS,Cross-sectional z-score (across the 34-country panel) of: Food import dependency ratio — imports relative to domestic supply (FAO).,FAO,,z-score (cross-sectional),True,A,,,,lower_is_better,Food-crisis vulnerability — import-dependent countries face inflation and social stress when food prices spike.,,external,False,,,model_drafted,
FAO_Import_Dependency_TS,FAO_Import_Dependency,_TS,Time-series z-score (vs own trailing history) of: Food import dependency ratio — imports relative to domestic supply (FAO).,FAO,,z-score (time-series),True,A,,,,lower_is_better,Food-crisis vulnerability — import-dependent countries face inflation and social stress when food prices spike.,,external,False,,,model_drafted,
FAO_Self_Sufficiency,FAO_Self_Sufficiency,raw,Food self-sufficiency ratio — domestic production relative to consumption (FAO).,FAO,,ratio,True,A,,,,unknown,Food-shock insulation — self-sufficient countries are immune to global food price spikes that destabilize importers.,,structural,False,,,model_drafted,
FAO_Self_Sufficiency_CS,FAO_Self_Sufficiency,_CS,Cross-sectional z-score (across the 34-country panel) of: Food self-sufficiency ratio — domestic production relative to consumption (FAO).,FAO,,z-score (cross-sectional),True,A,,,,unknown,Food-shock insulation — self-sufficient countries are immune to global food price spikes that destabilize importers.,,structural,False,,,model_drafted,
FAO_Self_Sufficiency_TS,FAO_Self_Sufficiency,_TS,Time-series z-score (vs own trailing history) of: Food self-sufficiency ratio — domestic production relative to consumption (FAO).,FAO,,z-score (time-series),True,A,,,,unknown,Food-shock insulation — self-sufficient countries are immune to global food price spikes that destabilize importers.,,structural,False,,,model_drafted,
FAO_Terms_of_Trade,FAO_Terms_of_Trade,raw,Agricultural terms of trade — export vs import price relation for food (FAO).,FAO,,ratio/index,True,A,,,,unknown,Food terms-of-trade swing — direct income transfer between agri exporters and importers.,,external,False,,,model_drafted,
FAO_Terms_of_Trade_CS,FAO_Terms_of_Trade,_CS,Cross-sectional z-score (across the 34-country panel) of: Agricultural terms of trade — export vs import price relation for food (FAO).,FAO,,z-score (cross-sectional),True,A,,,,unknown,Food terms-of-trade swing — direct income transfer between agri exporters and importers.,,external,False,,,model_drafted,
FAO_Terms_of_Trade_TS,FAO_Terms_of_Trade,_TS,Time-series z-score (vs own trailing history) of: Agricultural terms of trade — export vs import price relation for food (FAO).,FAO,,z-score (time-series),True,A,,,,unknown,Food terms-of-trade swing — direct income transfer between agri exporters and importers.,,external,False,,,model_drafted,
FAO_Trade_Openness,FAO_Trade_Openness,raw,Agricultural trade openness — food trade flows relative to GDP (FAO).,FAO,,ratio,True,A,,,,unknown,Food-trade integration; transmits global agri shocks in both directions.,,external,False,,,model_drafted,
FAO_Trade_Openness_CS,FAO_Trade_Openness,_CS,Cross-sectional z-score (across the 34-country panel) of: Agricultural trade openness — food trade flows relative to GDP (FAO).,FAO,,z-score (cross-sectional),True,A,,,,unknown,Food-trade integration; transmits global agri shocks in both directions.,,external,False,,,model_drafted,
FAO_Trade_Openness_TS,FAO_Trade_Openness,_TS,Time-series z-score (vs own trailing history) of: Agricultural trade openness — food trade flows relative to GDP (FAO).,FAO,,z-score (time-series),True,A,,,,unknown,Food-trade integration; transmits global agri shocks in both directions.,,external,False,,,model_drafted,
FRED_HY_OAS,FRED_HY_OAS,raw,"ICE BofA US High Yield option-adjusted spread, in basis points (global broadcast).",FRED,,basis points,True,M,,,,unknown,Credit risk appetite — HY spread widening marks tightening financial conditions that spill into EM equities.,,sentiment,False,,,model_drafted,
FRED_HY_OAS_CS,FRED_HY_OAS,_CS,"Cross-sectional z-score (across the 34-country panel) of: ICE BofA US High Yield option-adjusted spread, in basis points (global broadcast).",FRED,,z-score (cross-sectional),True,M,,,,unknown,Credit risk appetite — HY spread widening marks tightening financial conditions that spill into EM equities.,,sentiment,False,,,model_drafted,
FRED_HY_OAS_TS,FRED_HY_OAS,_TS,"Time-series z-score (vs own trailing history) of: ICE BofA US High Yield option-adjusted spread, in basis points (global broadcast).",FRED,,z-score (time-series),True,M,,,,unknown,Credit risk appetite — HY spread widening marks tightening financial conditions that spill into EM equities.,,sentiment,False,,,model_drafted,
FRED_USD_Broad_Index,FRED_USD_Broad_Index,raw,Federal Reserve broad trade-weighted US dollar index (global broadcast).,FRED,,index,True,M,,,,lower_is_better,The dollar cycle — USD strength tightens global funding conditions and crushes EM dollar-debtors.,,external,False,,,model_drafted,
FRED_USD_Broad_Index_CS,FRED_USD_Broad_Index,_CS,Cross-sectional z-score (across the 34-country panel) of: Federal Reserve broad trade-weighted US dollar index (global broadcast).,FRED,,z-score (cross-sectional),True,M,,,,lower_is_better,The dollar cycle — USD strength tightens global funding conditions and crushes EM dollar-debtors.,,external,False,,,model_drafted,
FRED_USD_Broad_Index_TS,FRED_USD_Broad_Index,_TS,Time-series z-score (vs own trailing history) of: Federal Reserve broad trade-weighted US dollar index (global broadcast).,FRED,,z-score (time-series),True,M,,,,lower_is_better,The dollar cycle — USD strength tightens global funding conditions and crushes EM dollar-debtors.,,external,False,,,model_drafted,
FRED_UST_10Y,FRED_UST_10Y,raw,"US 10-year Treasury yield, in percent (global broadcast).",FRED,,percent,True,M,,,,unknown,The global discount rate — every risk asset reprices off the US 10Y.,,monetary,True,,,model_drafted,
FRED_UST_10Y_CS,FRED_UST_10Y,_CS,"Cross-sectional z-score (across the 34-country panel) of: US 10-year Treasury yield, in percent (global broadcast).",FRED,,z-score (cross-sectional),True,M,,,,unknown,The global discount rate — every risk asset reprices off the US 10Y.,,monetary,False,,,model_drafted,
FRED_UST_10Y_TS,FRED_UST_10Y,_TS,"Time-series z-score (vs own trailing history) of: US 10-year Treasury yield, in percent (global broadcast).",FRED,,z-score (time-series),True,M,,,,unknown,The global discount rate — every risk asset reprices off the US 10Y.,,monetary,False,,,model_drafted,
FRED_UST_2Y,FRED_UST_2Y,raw,"US 2-year Treasury yield, in percent (global broadcast).",FRED,,percent,True,M,,,,unknown,The Fed-path anchor — rising US front-end rates pull capital out of EM carry positions.,,monetary,True,,,model_drafted,
FRED_UST_2Y_CS,FRED_UST_2Y,_CS,"Cross-sectional z-score (across the 34-country panel) of: US 2-year Treasury yield, in percent (global broadcast).",FRED,,z-score (cross-sectional),True,M,,,,unknown,The Fed-path anchor — rising US front-end rates pull capital out of EM carry positions.,,monetary,False,,,model_drafted,
FRED_UST_2Y_TS,FRED_UST_2Y,_TS,"Time-series z-score (vs own trailing history) of: US 2-year Treasury yield, in percent (global broadcast).",FRED,,z-score (time-series),True,M,,,,unknown,The Fed-path anchor — rising US front-end rates pull capital out of EM carry positions.,,monetary,False,,,model_drafted,
FRED_VIX,FRED_VIX,raw,CBOE VIX index — 30-day implied volatility of S&P 500 options (global broadcast).,FRED,,percent (implied vol),True,M,,,,unknown,The global risk-appetite dial; VIX spikes drive synchronized EM outflows independent of local fundamentals.,,sentiment,False,,,model_drafted,
FRED_VIX_CS,FRED_VIX,_CS,Cross-sectional z-score (across the 34-country panel) of: CBOE VIX index — 30-day implied volatility of S&P 500 options (global broadcast).,FRED,,z-score (cross-sectional),True,M,,,,unknown,The global risk-appetite dial; VIX spikes drive synchronized EM outflows independent of local fundamentals.,,sentiment,False,,,model_drafted,
FRED_VIX_TS,FRED_VIX,_TS,Time-series z-score (vs own trailing history) of: CBOE VIX index — 30-day implied volatility of S&P 500 options (global broadcast).,FRED,,z-score (time-series),True,M,,,,unknown,The global risk-appetite dial; VIX spikes drive synchronized EM outflows independent of local fundamentals.,,sentiment,False,,,model_drafted,
FRED_Yield_Curve_10Y2Y,FRED_Yield_Curve_10Y2Y,raw,"US 10-year minus 2-year Treasury spread, in percentage points (global broadcast).",FRED,,percentage points,True,M,,,,unknown,The US recession-probability curve signal; inversions precede global slowdowns.,,monetary,True,,,model_drafted,
FRED_Yield_Curve_10Y2Y_CS,FRED_Yield_Curve_10Y2Y,_CS,"Cross-sectional z-score (across the 34-country panel) of: US 10-year minus 2-year Treasury spread, in percentage points (global broadcast).",FRED,,z-score (cross-sectional),True,M,,,,unknown,The US recession-probability curve signal; inversions precede global slowdowns.,,monetary,False,,,model_drafted,
FRED_Yield_Curve_10Y2Y_TS,FRED_Yield_Curve_10Y2Y,_TS,"Time-series z-score (vs own trailing history) of: US 10-year minus 2-year Treasury spread, in percentage points (global broadcast).",FRED,,z-score (time-series),True,M,,,,unknown,The US recession-probability curve signal; inversions precede global slowdowns.,,monetary,False,,,model_drafted,
GDP,GDP,raw,"Real GDP growth rate, year over year, in percent.",T2/Bloomberg,,percent (YoY),True,M,,,,unknown,"Growth is largely priced; growth surprises and second derivatives, not levels, move equity markets.",,growth,False,,,model_drafted,
GDP_CS,GDP,_CS,"Cross-sectional z-score (across the 34-country panel) of: Real GDP growth rate, year over year, in percent.",T2/Bloomberg,,z-score (cross-sectional),True,M,,,,higher_is_better,"Growth is largely priced; growth surprises and second derivatives, not levels, move equity markets.",,growth,False,,,model_drafted,
GDP_TS,GDP,_TS,"Time-series z-score (vs own trailing history) of: Real GDP growth rate, year over year, in percent.",T2/Bloomberg,,z-score (time-series),True,M,,,,higher_is_better,"Growth is largely priced; growth surprises and second derivatives, not levels, move equity markets.",,growth,False,,,model_drafted,
GPR,GPR,raw,Country-level Geopolitical Risk index — share of news articles mentioning geopolitical tensions for this country (Caldara-Iacoviello).,GPR (Caldara-Iacoviello),,index,True,M,,,,unknown,Geopolitical tail-risk pricing — GPR spikes raise risk premia and capital flight; persistent elevation suppresses investment.,"Caldara & Iacoviello (2022), ""Measuring Geopolitical Risk""",sentiment,False,,,model_drafted,
GPR_CS,GPR,_CS,Cross-sectional z-score (across the 34-country panel) of: Country-level Geopolitical Risk index — share of news articles mentioning geopolitical tensions for this country (Caldara-Iacoviello).,GPR (Caldara-Iacoviello),,z-score (cross-sectional),True,M,,,,unknown,Geopolitical tail-risk pricing — GPR spikes raise risk premia and capital flight; persistent elevation suppresses investment.,"Caldara & Iacoviello (2022), ""Measuring Geopolitical Risk""",sentiment,False,,,model_drafted,
GPR_TS,GPR,_TS,Time-series z-score (vs own trailing history) of: Country-level Geopolitical Risk index — share of news articles mentioning geopolitical tensions for this country (Caldara-Iacoviello).,GPR (Caldara-Iacoviello),,z-score (time-series),True,M,,,,unknown,Geopolitical tail-risk pricing — GPR spikes raise risk premia and capital flight; persistent elevation suppresses investment.,"Caldara & Iacoviello (2022), ""Measuring Geopolitical Risk""",sentiment,False,,,model_drafted,
GRAPH_BANK_NBR_RET_GAP_21D,GRAPH_BANK_NBR_RET_GAP_21D,raw,Banking-exposure-weighted neighbor 21-day return minus own 21-day return (HAS_BANKING_EXPOSURE_TO edges).,ASADO graph (Neo4j edges),,decimal return gap,True,D,,,,unknown,Financial contagion channel — stress in creditor/debtor banking partners transmits through funding and credit lines.,,network,False,,,model_drafted,
GRAPH_BANK_NBR_RET_GAP_63D,GRAPH_BANK_NBR_RET_GAP_63D,raw,Banking-exposure-weighted neighbor 63-day return minus own 63-day return.,ASADO graph (Neo4j edges),,decimal return gap,True,D,,,,unknown,Quarterly-horizon banking contagion gap.,,network,False,,,model_drafted,
GRAPH_NBR_DRAWDOWN_COUNT,GRAPH_NBR_DRAWDOWN_COUNT,raw,Edge-weighted count of neighbor countries in greater than 10 percent drawdown (contagion pressure).,ASADO graph (Neo4j edges),,weighted count,True,D,,,,unknown,"Neighborhood stress density — when many connected economies are drawing down simultaneously, contagion probability rises non-linearly.",,network,False,,,model_drafted,
GRAPH_PORT_HOLDER_STRESS_21D,GRAPH_PORT_HOLDER_STRESS_21D,raw,HOLDS_PORTFOLIO-weighted holder-country drawdown over 21 days — stress among the countries that own this market's securities.,ASADO graph (Neo4j edges),,decimal (weighted drawdown),True,D,,,,unknown,"Holder-stress selling — when the investors' home markets draw down, they liquidate foreign holdings, pressuring this market regardless of local fundamentals.",,network,False,,,model_drafted,
GRAPH_TRADE_NBR_RET_GAP_21D,GRAPH_TRADE_NBR_RET_GAP_21D,raw,Trade-weighted neighbor 21-day return minus own 21-day return (TRADES_WITH edge weights).,ASADO graph (Neo4j edges),,decimal return gap,True,D,,,,unknown,"Shock propagation along trade links — when trading partners reprice and the country has not, the gap predicts catch-up or contagion.",,network,False,,,model_drafted,
GRAPH_TRADE_NBR_RET_GAP_63D,GRAPH_TRADE_NBR_RET_GAP_63D,raw,Trade-weighted neighbor 63-day return minus own 63-day return.,ASADO graph (Neo4j edges),,decimal return gap,True,D,,,,unknown,Quarterly-horizon version of the trade propagation gap.,,network,False,,,model_drafted,
GRAPH_TWOHOP_TRADE_GAP_21D,GRAPH_TWOHOP_TRADE_GAP_21D,raw,Two-hop trade propagation gap — middle trading partner repriced (|z|>1) while the endpoint has not (|z|<0.5).,ASADO graph (Neo4j edges),,decimal return gap,True,D,,,,unknown,Indirect shock transmission — supply-chain shocks travel two hops with a lag the market is slow to price.,,network,False,,,model_drafted,
Global_GPR,Global_GPR,raw,Global Geopolitical Risk index (broadcast to all countries).,GPR (Caldara-Iacoviello),,index,True,M,,,,lower_is_better,World geopolitical temperature; global spikes hit risk assets broadly with EMs underperforming.,,sentiment,False,,,model_drafted,
Global_GPR_Act,Global_GPR_Act,raw,"Global GPR acts sub-index — realized geopolitical events (wars, attacks) as opposed to threats.",GPR (Caldara-Iacoviello),,index,True,M,,,,lower_is_better,Realized geopolitical shock component; markets often bottom when threats become acts.,,sentiment,False,,,model_drafted,
Global_GPR_Act_TS,Global_GPR_Act,_TS,"Time-series z-score (vs own trailing history) of: Global GPR acts sub-index — realized geopolitical events (wars, attacks) as opposed to threats.",GPR (Caldara-Iacoviello),,z-score (time-series),True,M,,,,lower_is_better,Realized geopolitical shock component; markets often bottom when threats become acts.,,sentiment,False,,,model_drafted,
Global_GPR_TS,Global_GPR,_TS,Time-series z-score (vs own trailing history) of: Global Geopolitical Risk index (broadcast to all countries).,GPR (Caldara-Iacoviello),,z-score (time-series),True,M,,,,lower_is_better,World geopolitical temperature; global spikes hit risk assets broadly with EMs underperforming.,,sentiment,False,,,model_drafted,
Global_GPR_Threat,Global_GPR_Threat,raw,Global GPR threats sub-index — threatened/anticipated geopolitical tensions.,GPR (Caldara-Iacoviello),,index,True,M,,,,lower_is_better,Anticipatory risk pricing; threat escalation drives hedging demand before any event occurs.,,sentiment,False,,,model_drafted,
Global_GPR_Threat_TS,Global_GPR_Threat,_TS,Time-series z-score (vs own trailing history) of: Global GPR threats sub-index — threatened/anticipated geopolitical tensions.,GPR (Caldara-Iacoviello),,z-score (time-series),True,M,,,,lower_is_better,Anticipatory risk pricing; threat escalation drives hedging demand before any event occurs.,,sentiment,False,,,model_drafted,
Gold,Gold,raw,Gold spot price in USD per troy ounce (global series broadcast to all countries).,T2/Bloomberg,,USD/oz,True,M,,,,unknown,Safe-haven and real-rate hedge; gold rallies signal falling real yields or rising tail risk.,,commodity,False,,,model_drafted,
Gold 12,Gold 12,raw,"12-period percent change in the gold price (verified against recomputed 12-month change, corr 0.9998).",T2/Bloomberg,,percent change,True,M,,,,unknown,Gold momentum proxies the direction of real rates and risk appetite.,,commodity,False,,,model_drafted,
Gold 120,Gold 120,raw,"120-period percent change in the gold price (verified on the daily surface, corr 0.9999).",T2/Bloomberg,,percent change,True,D,,,,unknown,Long-cycle gold trend; persistent strength flags structural monetary debasement concerns.,,commodity,False,,,model_drafted,
Gold 120_CS,Gold 120,_CS,"Cross-sectional z-score (across the 34-country panel) of: 120-period percent change in the gold price (verified on the daily surface, corr 0.9999).",T2/Bloomberg,,z-score (cross-sectional),True,D,,,,higher_is_better,Long-cycle gold trend; persistent strength flags structural monetary debasement concerns.,,commodity,False,,,model_drafted,
Gold 120_TS,Gold 120,_TS,"Time-series z-score (vs own trailing history) of: 120-period percent change in the gold price (verified on the daily surface, corr 0.9999).",T2/Bloomberg,,z-score (time-series),True,D,,,,higher_is_better,Long-cycle gold trend; persistent strength flags structural monetary debasement concerns.,,commodity,False,,,model_drafted,
Gold 12_CS,Gold 12,_CS,"Cross-sectional z-score (across the 34-country panel) of: 12-period percent change in the gold price (verified against recomputed 12-month change, corr 0.9998).",T2/Bloomberg,,z-score (cross-sectional),True,M,,,,higher_is_better,Gold momentum proxies the direction of real rates and risk appetite.,,commodity,False,,,model_drafted,
Gold 12_TS,Gold 12,_TS,"Time-series z-score (vs own trailing history) of: 12-period percent change in the gold price (verified against recomputed 12-month change, corr 0.9998).",T2/Bloomberg,,z-score (time-series),True,M,,,,higher_is_better,Gold momentum proxies the direction of real rates and risk appetite.,,commodity,False,,,model_drafted,
Gold_CS,Gold,_CS,Cross-sectional z-score (across the 34-country panel) of: Gold spot price in USD per troy ounce (global series broadcast to all countries).,T2/Bloomberg,,z-score (cross-sectional),True,M,,,,higher_is_better,Safe-haven and real-rate hedge; gold rallies signal falling real yields or rising tail risk.,,commodity,False,,,model_drafted,
Gold_TS,Gold,_TS,Time-series z-score (vs own trailing history) of: Gold spot price in USD per troy ounce (global series broadcast to all countries).,T2/Bloomberg,,z-score (time-series),True,M,,,,higher_is_better,Safe-haven and real-rate hedge; gold rallies signal falling real yields or rising tail risk.,,commodity,False,,,model_drafted,
ILO_LFP_Rate,ILO_LFP_Rate,raw,"Labor force participation rate from ILOSTAT, in percent.",ILO,,percent,True,A,,,,unknown,Labor supply depth; falling participation shrinks potential growth even with low unemployment.,,structural,False,,,model_drafted,
ILO_LFP_Rate_CS,ILO_LFP_Rate,_CS,"Cross-sectional z-score (across the 34-country panel) of: Labor force participation rate from ILOSTAT, in percent.",ILO,,z-score (cross-sectional),True,A,,,,unknown,Labor supply depth; falling participation shrinks potential growth even with low unemployment.,,structural,False,,,model_drafted,
ILO_LFP_Rate_TS,ILO_LFP_Rate,_TS,"Time-series z-score (vs own trailing history) of: Labor force participation rate from ILOSTAT, in percent.",ILO,,z-score (time-series),True,A,,,,unknown,Labor supply depth; falling participation shrinks potential growth even with low unemployment.,,structural,False,,,model_drafted,
ILO_Unemployment_Rate,ILO_Unemployment_Rate,raw,"Unemployment rate from ILOSTAT modeled estimates, in percent.",ILO,,percent,True,A,,,,lower_is_better,Standardized labor slack; rising unemployment confirms downturns and triggers policy easing.,,growth,False,,,model_drafted,
ILO_Unemployment_Rate_CS,ILO_Unemployment_Rate,_CS,"Cross-sectional z-score (across the 34-country panel) of: Unemployment rate from ILOSTAT modeled estimates, in percent.",ILO,,z-score (cross-sectional),True,A,,,,lower_is_better,Standardized labor slack; rising unemployment confirms downturns and triggers policy easing.,,growth,False,,,model_drafted,
ILO_Unemployment_Rate_TS,ILO_Unemployment_Rate,_TS,"Time-series z-score (vs own trailing history) of: Unemployment rate from ILOSTAT modeled estimates, in percent.",ILO,,z-score (time-series),True,A,,,,lower_is_better,Standardized labor slack; rising unemployment confirms downturns and triggers policy easing.,,growth,False,,,model_drafted,
IMF_BOP_Current_Account,IMF_BOP_Current_Account,raw,"Current account balance from IMF Balance of Payments statistics, in USD.",IMF,,USD,False,A,,,,unknown,External funding need in level terms; the GDP-scaled version is the comparable signal.,,external,False,,,model_drafted,
IMF_BOP_Current_Account_CS,IMF_BOP_Current_Account,_CS,"Cross-sectional z-score (across the 34-country panel) of: Current account balance from IMF Balance of Payments statistics, in USD.",IMF,,z-score (cross-sectional),True,A,,,,unknown,External funding need in level terms; the GDP-scaled version is the comparable signal.,,external,False,,,model_drafted,
IMF_BOP_Current_Account_TS,IMF_BOP_Current_Account,_TS,"Time-series z-score (vs own trailing history) of: Current account balance from IMF Balance of Payments statistics, in USD.",IMF,,z-score (time-series),True,A,,,,unknown,External funding need in level terms; the GDP-scaled version is the comparable signal.,,external,False,,,model_drafted,
IMF_BOP_Direct_Investment_Net,IMF_BOP_Direct_Investment_Net,raw,"Net foreign direct investment from IMF BOP, in USD.",IMF,,USD,False,A,,,,unknown,Sticky capital — FDI-funded deficits are far safer than portfolio-funded ones.,,external,False,,,model_drafted,
IMF_BOP_Direct_Investment_Net_CS,IMF_BOP_Direct_Investment_Net,_CS,"Cross-sectional z-score (across the 34-country panel) of: Net foreign direct investment from IMF BOP, in USD.",IMF,,z-score (cross-sectional),True,A,,,,unknown,Sticky capital — FDI-funded deficits are far safer than portfolio-funded ones.,,external,False,,,model_drafted,
IMF_BOP_Direct_Investment_Net_TS,IMF_BOP_Direct_Investment_Net,_TS,"Time-series z-score (vs own trailing history) of: Net foreign direct investment from IMF BOP, in USD.",IMF,,z-score (time-series),True,A,,,,unknown,Sticky capital — FDI-funded deficits are far safer than portfolio-funded ones.,,external,False,,,model_drafted,
IMF_BOP_Financial_Account_Bal,IMF_BOP_Financial_Account_Bal,raw,"Financial account balance from IMF BOP, in USD.",IMF,,USD,False,A,,,,unknown,Net capital flow counterpart of the current account; sign flips mark sudden stops.,,external,False,,,model_drafted,
IMF_BOP_Financial_Account_Bal_CS,IMF_BOP_Financial_Account_Bal,_CS,"Cross-sectional z-score (across the 34-country panel) of: Financial account balance from IMF BOP, in USD.",IMF,,z-score (cross-sectional),True,A,,,,unknown,Net capital flow counterpart of the current account; sign flips mark sudden stops.,,external,False,,,model_drafted,
IMF_BOP_Financial_Account_Bal_TS,IMF_BOP_Financial_Account_Bal,_TS,"Time-series z-score (vs own trailing history) of: Financial account balance from IMF BOP, in USD.",IMF,,z-score (time-series),True,A,,,,unknown,Net capital flow counterpart of the current account; sign flips mark sudden stops.,,external,False,,,model_drafted,
IMF_BOP_Portfolio_Investment_Net,IMF_BOP_Portfolio_Investment_Net,raw,"Net portfolio investment from IMF BOP, in USD.",IMF,,USD,False,A,,,,unknown,"Hot money — portfolio flows reverse fastest in risk-off, driving FX and equity stress.",,external,False,,,model_drafted,
IMF_BOP_Portfolio_Investment_Net_CS,IMF_BOP_Portfolio_Investment_Net,_CS,"Cross-sectional z-score (across the 34-country panel) of: Net portfolio investment from IMF BOP, in USD.",IMF,,z-score (cross-sectional),True,A,,,,unknown,"Hot money — portfolio flows reverse fastest in risk-off, driving FX and equity stress.",,external,False,,,model_drafted,
IMF_BOP_Portfolio_Investment_Net_TS,IMF_BOP_Portfolio_Investment_Net,_TS,"Time-series z-score (vs own trailing history) of: Net portfolio investment from IMF BOP, in USD.",IMF,,z-score (time-series),True,A,,,,unknown,"Hot money — portfolio flows reverse fastest in risk-off, driving FX and equity stress.",,external,False,,,model_drafted,
IMF_CPI_Index,IMF_CPI_Index,raw,Consumer price index level (IMF IFS).,IMF,,index,False,M,,,,unknown,Price level series; YoY transform carries the inflation signal.,,monetary,False,,,model_drafted,
IMF_CPI_Index_CS,IMF_CPI_Index,_CS,Cross-sectional z-score (across the 34-country panel) of: Consumer price index level (IMF IFS).,IMF,,z-score (cross-sectional),True,M,,,,unknown,Price level series; YoY transform carries the inflation signal.,,monetary,False,,,model_drafted,
IMF_CPI_Index_TS,IMF_CPI_Index,_TS,Time-series z-score (vs own trailing history) of: Consumer price index level (IMF IFS).,IMF,,z-score (time-series),True,M,,,,unknown,Price level series; YoY transform carries the inflation signal.,,monetary,False,,,model_drafted,
IMF_CPI_Inflation_YoY,IMF_CPI_Inflation_YoY,raw,"Consumer price inflation, year over year, from IMF IFS, in percent.",IMF,,percent (YoY),True,M,,,,unknown,Inflation drives policy tightening and real-return erosion; high inflation compresses equity multiples.,,monetary,False,,,model_drafted,
IMF_CPI_Inflation_YoY_CS,IMF_CPI_Inflation_YoY,_CS,"Cross-sectional z-score (across the 34-country panel) of: Consumer price inflation, year over year, from IMF IFS, in percent.",IMF,,z-score (cross-sectional),True,M,,,,unknown,Inflation drives policy tightening and real-return erosion; high inflation compresses equity multiples.,,monetary,False,,,model_drafted,
IMF_CPI_Inflation_YoY_TS,IMF_CPI_Inflation_YoY,_TS,"Time-series z-score (vs own trailing history) of: Consumer price inflation, year over year, from IMF IFS, in percent.",IMF,,z-score (time-series),True,M,,,,unknown,Inflation drives policy tightening and real-return erosion; high inflation compresses equity multiples.,,monetary,False,,,model_drafted,
IMF_Discount_Rate,IMF_Discount_Rate,raw,"Central bank discount/policy rate from IMF IFS, in percent.",IMF,,percent,True,M,,,,unknown,The policy stance itself; level and direction set domestic liquidity conditions.,,monetary,False,,,model_drafted,
IMF_Discount_Rate_CS,IMF_Discount_Rate,_CS,"Cross-sectional z-score (across the 34-country panel) of: Central bank discount/policy rate from IMF IFS, in percent.",IMF,,z-score (cross-sectional),True,M,,,,unknown,The policy stance itself; level and direction set domestic liquidity conditions.,,monetary,False,,,model_drafted,
IMF_Discount_Rate_TS,IMF_Discount_Rate,_TS,"Time-series z-score (vs own trailing history) of: Central bank discount/policy rate from IMF IFS, in percent.",IMF,,z-score (time-series),True,M,,,,unknown,The policy stance itself; level and direction set domestic liquidity conditions.,,monetary,False,,,model_drafted,
IMF_Employment_Index,IMF_Employment_Index,raw,Employment index from IMF IFS (base period = 100).,IMF,,index,False,M,,,,unknown,Labor market cycle; employment growth confirms or refutes GDP momentum.,,growth,False,,,model_drafted,
IMF_Employment_Index_CS,IMF_Employment_Index,_CS,Cross-sectional z-score (across the 34-country panel) of: Employment index from IMF IFS (base period = 100).,IMF,,z-score (cross-sectional),True,M,,,,unknown,Labor market cycle; employment growth confirms or refutes GDP momentum.,,growth,False,,,model_drafted,
IMF_Employment_Index_TS,IMF_Employment_Index,_TS,Time-series z-score (vs own trailing history) of: Employment index from IMF IFS (base period = 100).,IMF,,z-score (time-series),True,M,,,,unknown,Labor market cycle; employment growth confirms or refutes GDP momentum.,,growth,False,,,model_drafted,
IMF_Export_Price_Index,IMF_Export_Price_Index,raw,Export price index (IMF IFS).,IMF,,index,False,M,,,,unknown,Numerator of terms of trade; rising export prices are an income transfer into the country.,,external,False,,,model_drafted,
IMF_Export_Price_Index_CS,IMF_Export_Price_Index,_CS,Cross-sectional z-score (across the 34-country panel) of: Export price index (IMF IFS).,IMF,,z-score (cross-sectional),True,M,,,,unknown,Numerator of terms of trade; rising export prices are an income transfer into the country.,,external,False,,,model_drafted,
IMF_Export_Price_Index_TS,IMF_Export_Price_Index,_TS,Time-series z-score (vs own trailing history) of: Export price index (IMF IFS).,IMF,,z-score (time-series),True,M,,,,unknown,Numerator of terms of trade; rising export prices are an income transfer into the country.,,external,False,,,model_drafted,
IMF_Exports_USD,IMF_Exports_USD,raw,Merchandise exports in USD (IMF IFS/DOTS).,IMF,,USD,False,M,,,,unknown,External demand level; growth rates and balances carry the signal.,,external,False,,,model_drafted,
IMF_Exports_USD_CS,IMF_Exports_USD,_CS,Cross-sectional z-score (across the 34-country panel) of: Merchandise exports in USD (IMF IFS/DOTS).,IMF,,z-score (cross-sectional),True,M,,,,unknown,External demand level; growth rates and balances carry the signal.,,external,False,,,model_drafted,
IMF_Exports_USD_TS,IMF_Exports_USD,_TS,Time-series z-score (vs own trailing history) of: Merchandise exports in USD (IMF IFS/DOTS).,IMF,,z-score (time-series),True,M,,,,unknown,External demand level; growth rates and balances carry the signal.,,external,False,,,model_drafted,
IMF_Exports_YoY,IMF_Exports_YoY,raw,"Merchandise export growth, year over year, in percent.",IMF,,percent (YoY),True,M,,,,unknown,External demand impulse — export acceleration leads industrial production and earnings in open economies.,,external,False,,,model_drafted,
IMF_Exports_YoY_CS,IMF_Exports_YoY,_CS,"Cross-sectional z-score (across the 34-country panel) of: Merchandise export growth, year over year, in percent.",IMF,,z-score (cross-sectional),True,M,,,,unknown,External demand impulse — export acceleration leads industrial production and earnings in open economies.,,external,False,,,model_drafted,
IMF_Exports_YoY_TS,IMF_Exports_YoY,_TS,"Time-series z-score (vs own trailing history) of: Merchandise export growth, year over year, in percent.",IMF,,z-score (time-series),True,M,,,,unknown,External demand impulse — export acceleration leads industrial production and earnings in open economies.,,external,False,,,model_drafted,
IMF_Govt_Bond_Yield,IMF_Govt_Bond_Yield,raw,"Long-term government bond yield from IMF IFS, in percent.",IMF,,percent,True,M,,,,unknown,Long-rate anchor from the IMF vintage; cross-check for the Bloomberg 10Y series.,,monetary,False,,,model_drafted,
IMF_Govt_Bond_Yield_CS,IMF_Govt_Bond_Yield,_CS,"Cross-sectional z-score (across the 34-country panel) of: Long-term government bond yield from IMF IFS, in percent.",IMF,,z-score (cross-sectional),True,M,,,,unknown,Long-rate anchor from the IMF vintage; cross-check for the Bloomberg 10Y series.,,monetary,False,,,model_drafted,
IMF_Govt_Bond_Yield_TS,IMF_Govt_Bond_Yield,_TS,"Time-series z-score (vs own trailing history) of: Long-term government bond yield from IMF IFS, in percent.",IMF,,z-score (time-series),True,M,,,,unknown,Long-rate anchor from the IMF vintage; cross-check for the Bloomberg 10Y series.,,monetary,False,,,model_drafted,
IMF_Import_Price_Index,IMF_Import_Price_Index,raw,Import price index (IMF IFS).,IMF,,index,False,M,,,,unknown,"Denominator of terms of trade; import price spikes (oil, food) act as a consumption tax.",,external,False,,,model_drafted,
IMF_Import_Price_Index_CS,IMF_Import_Price_Index,_CS,Cross-sectional z-score (across the 34-country panel) of: Import price index (IMF IFS).,IMF,,z-score (cross-sectional),True,M,,,,unknown,"Denominator of terms of trade; import price spikes (oil, food) act as a consumption tax.",,external,False,,,model_drafted,
IMF_Import_Price_Index_TS,IMF_Import_Price_Index,_TS,Time-series z-score (vs own trailing history) of: Import price index (IMF IFS).,IMF,,z-score (time-series),True,M,,,,unknown,"Denominator of terms of trade; import price spikes (oil, food) act as a consumption tax.",,external,False,,,model_drafted,
IMF_Imports_USD,IMF_Imports_USD,raw,Merchandise imports in USD (IMF IFS/DOTS).,IMF,,USD,False,M,,,,unknown,Domestic demand read through the trade channel.,,external,False,,,model_drafted,
IMF_Imports_USD_CS,IMF_Imports_USD,_CS,Cross-sectional z-score (across the 34-country panel) of: Merchandise imports in USD (IMF IFS/DOTS).,IMF,,z-score (cross-sectional),True,M,,,,unknown,Domestic demand read through the trade channel.,,external,False,,,model_drafted,
IMF_Imports_USD_TS,IMF_Imports_USD,_TS,Time-series z-score (vs own trailing history) of: Merchandise imports in USD (IMF IFS/DOTS).,IMF,,z-score (time-series),True,M,,,,unknown,Domestic demand read through the trade channel.,,external,False,,,model_drafted,
IMF_Imports_YoY,IMF_Imports_YoY,raw,"Merchandise import growth, year over year, in percent.",IMF,,percent (YoY),True,M,,,,unknown,Import surges flag strong domestic demand but also widening trade deficits.,,external,False,,,model_drafted,
IMF_Imports_YoY_CS,IMF_Imports_YoY,_CS,"Cross-sectional z-score (across the 34-country panel) of: Merchandise import growth, year over year, in percent.",IMF,,z-score (cross-sectional),True,M,,,,unknown,Import surges flag strong domestic demand but also widening trade deficits.,,external,False,,,model_drafted,
IMF_Imports_YoY_TS,IMF_Imports_YoY,_TS,"Time-series z-score (vs own trailing history) of: Merchandise import growth, year over year, in percent.",IMF,,z-score (time-series),True,M,,,,unknown,Import surges flag strong domestic demand but also widening trade deficits.,,external,False,,,model_drafted,
IMF_Money_Market_Rate,IMF_Money_Market_Rate,raw,"Short-term interbank money market rate from IMF IFS, in percent.",IMF,,percent,True,M,,,,lower_is_better,Realized short-rate conditions including interbank stress; spreads to policy rate flag funding pressure.,,monetary,False,,,model_drafted,
IMF_Money_Market_Rate_CS,IMF_Money_Market_Rate,_CS,"Cross-sectional z-score (across the 34-country panel) of: Short-term interbank money market rate from IMF IFS, in percent.",IMF,,z-score (cross-sectional),True,M,,,,lower_is_better,Realized short-rate conditions including interbank stress; spreads to policy rate flag funding pressure.,,monetary,False,,,model_drafted,
IMF_Money_Market_Rate_TS,IMF_Money_Market_Rate,_TS,"Time-series z-score (vs own trailing history) of: Short-term interbank money market rate from IMF IFS, in percent.",IMF,,z-score (time-series),True,M,,,,lower_is_better,Realized short-rate conditions including interbank stress; spreads to policy rate flag funding pressure.,,monetary,False,,,model_drafted,
IMF_TBill_Rate,IMF_TBill_Rate,raw,"Treasury bill rate from IMF IFS, in percent.",IMF,,percent,True,M,,,,unknown,Government short-rate; risk-free anchor for local-currency asset pricing.,,monetary,False,,,model_drafted,
IMF_TBill_Rate_CS,IMF_TBill_Rate,_CS,"Cross-sectional z-score (across the 34-country panel) of: Treasury bill rate from IMF IFS, in percent.",IMF,,z-score (cross-sectional),True,M,,,,unknown,Government short-rate; risk-free anchor for local-currency asset pricing.,,monetary,False,,,model_drafted,
IMF_TBill_Rate_TS,IMF_TBill_Rate,_TS,"Time-series z-score (vs own trailing history) of: Treasury bill rate from IMF IFS, in percent.",IMF,,z-score (time-series),True,M,,,,unknown,Government short-rate; risk-free anchor for local-currency asset pricing.,,monetary,False,,,model_drafted,
IMF_Trade_Balance_USD,IMF_Trade_Balance_USD,raw,"Merchandise trade balance (exports minus imports), in USD.",IMF,,USD,False,M,,,,unknown,Net trade position level; scaled versions (vs GDP) are comparable cross-country.,,external,False,,,model_drafted,
IMF_Trade_Balance_USD_CS,IMF_Trade_Balance_USD,_CS,"Cross-sectional z-score (across the 34-country panel) of: Merchandise trade balance (exports minus imports), in USD.",IMF,,z-score (cross-sectional),True,M,,,,unknown,Net trade position level; scaled versions (vs GDP) are comparable cross-country.,,external,False,,,model_drafted,
IMF_Trade_Balance_USD_TS,IMF_Trade_Balance_USD,_TS,"Time-series z-score (vs own trailing history) of: Merchandise trade balance (exports minus imports), in USD.",IMF,,z-score (time-series),True,M,,,,unknown,Net trade position level; scaled versions (vs GDP) are comparable cross-country.,,external,False,,,model_drafted,
IMF_Trade_Openness_USD,IMF_Trade_Openness_USD,raw,Exports plus imports in USD (gross trade flows).,IMF,,USD,False,M,,,,unknown,Trade integration level; high-openness economies transmit global shocks faster.,,external,False,,,model_drafted,
IMF_Trade_Openness_USD_CS,IMF_Trade_Openness_USD,_CS,Cross-sectional z-score (across the 34-country panel) of: Exports plus imports in USD (gross trade flows).,IMF,,z-score (cross-sectional),True,M,,,,unknown,Trade integration level; high-openness economies transmit global shocks faster.,,external,False,,,model_drafted,
IMF_Trade_Openness_USD_TS,IMF_Trade_Openness_USD,_TS,Time-series z-score (vs own trailing history) of: Exports plus imports in USD (gross trade flows).,IMF,,z-score (time-series),True,M,,,,unknown,Trade integration level; high-openness economies transmit global shocks faster.,,external,False,,,model_drafted,
IMF_WEO_CA_GDP,IMF_WEO_CA_GDP,raw,IMF WEO current account balance as percent of GDP.,IMF,,percent of GDP,True,A,,,,unknown,External vulnerability gauge — persistent deficits above ~4% of GDP precede currency crises.,,external,False,,,model_drafted,Forecast-bearing — PIT vintage care required.
IMF_WEO_CA_GDP_CS,IMF_WEO_CA_GDP,_CS,Cross-sectional z-score (across the 34-country panel) of: IMF WEO current account balance as percent of GDP.,IMF,,z-score (cross-sectional),True,A,,,,unknown,External vulnerability gauge — persistent deficits above ~4% of GDP precede currency crises.,,external,False,,,model_drafted,Forecast-bearing — PIT vintage care required.
IMF_WEO_CA_GDP_TS,IMF_WEO_CA_GDP,_TS,Time-series z-score (vs own trailing history) of: IMF WEO current account balance as percent of GDP.,IMF,,z-score (time-series),True,A,,,,unknown,External vulnerability gauge — persistent deficits above ~4% of GDP precede currency crises.,,external,False,,,model_drafted,Forecast-bearing — PIT vintage care required.
IMF_WEO_Debt_GDP,IMF_WEO_Debt_GDP,raw,IMF WEO general government gross debt as percent of GDP.,IMF,,percent of GDP,True,A,,,,lower_is_better,Fiscal sustainability anchor; high and rising debt limits crisis response capacity.,,structural,False,,,model_drafted,Forecast-bearing — PIT vintage care required.
IMF_WEO_Debt_GDP_CS,IMF_WEO_Debt_GDP,_CS,Cross-sectional z-score (across the 34-country panel) of: IMF WEO general government gross debt as percent of GDP.,IMF,,z-score (cross-sectional),True,A,,,,lower_is_better,Fiscal sustainability anchor; high and rising debt limits crisis response capacity.,,structural,False,,,model_drafted,Forecast-bearing — PIT vintage care required.
IMF_WEO_Debt_GDP_TS,IMF_WEO_Debt_GDP,_TS,Time-series z-score (vs own trailing history) of: IMF WEO general government gross debt as percent of GDP.,IMF,,z-score (time-series),True,A,,,,lower_is_better,Fiscal sustainability anchor; high and rising debt limits crisis response capacity.,,structural,False,,,model_drafted,Forecast-bearing — PIT vintage care required.
IMF_WEO_GDP_Growth,IMF_WEO_GDP_Growth,raw,"IMF World Economic Outlook real GDP growth (history + forecast vintages), in percent.",IMF,,percent (YoY),True,A,,,,unknown,The institutional consensus growth path; WEO revisions move sovereign risk pricing.,,growth,False,,,model_drafted,WEO is forecast-bearing — PIT use requires vintage care (flagged in Phase 3).
IMF_WEO_GDP_Growth_CS,IMF_WEO_GDP_Growth,_CS,"Cross-sectional z-score (across the 34-country panel) of: IMF World Economic Outlook real GDP growth (history + forecast vintages), in percent.",IMF,,z-score (cross-sectional),True,A,,,,unknown,The institutional consensus growth path; WEO revisions move sovereign risk pricing.,,growth,False,,,model_drafted,WEO is forecast-bearing — PIT use requires vintage care (flagged in Phase 3).
IMF_WEO_GDP_Growth_TS,IMF_WEO_GDP_Growth,_TS,"Time-series z-score (vs own trailing history) of: IMF World Economic Outlook real GDP growth (history + forecast vintages), in percent.",IMF,,z-score (time-series),True,A,,,,unknown,The institutional consensus growth path; WEO revisions move sovereign risk pricing.,,growth,False,,,model_drafted,WEO is forecast-bearing — PIT use requires vintage care (flagged in Phase 3).
IMF_WEO_Inflation,IMF_WEO_Inflation,raw,"IMF WEO consumer price inflation (history + forecast vintages), in percent.",IMF,,percent (YoY),True,A,,,,unknown,Institutional inflation outlook; anchors medium-term policy expectations.,,monetary,False,,,model_drafted,Forecast-bearing — PIT vintage care required.
IMF_WEO_Inflation_CS,IMF_WEO_Inflation,_CS,"Cross-sectional z-score (across the 34-country panel) of: IMF WEO consumer price inflation (history + forecast vintages), in percent.",IMF,,z-score (cross-sectional),True,A,,,,unknown,Institutional inflation outlook; anchors medium-term policy expectations.,,monetary,False,,,model_drafted,Forecast-bearing — PIT vintage care required.
IMF_WEO_Inflation_TS,IMF_WEO_Inflation,_TS,"Time-series z-score (vs own trailing history) of: IMF WEO consumer price inflation (history + forecast vintages), in percent.",IMF,,z-score (time-series),True,A,,,,unknown,Institutional inflation outlook; anchors medium-term policy expectations.,,monetary,False,,,model_drafted,Forecast-bearing — PIT vintage care required.
IMF_WEO_Population,IMF_WEO_Population,raw,"IMF WEO total population, in millions.",IMF,,millions of persons,False,A,,,,unknown,Scale denominator for per-capita comparisons; not a signal.,,structural,False,,,model_drafted,
IMF_WEO_Population_CS,IMF_WEO_Population,_CS,"Cross-sectional z-score (across the 34-country panel) of: IMF WEO total population, in millions.",IMF,,z-score (cross-sectional),True,A,,,,unknown,Scale denominator for per-capita comparisons; not a signal.,,structural,False,,,model_drafted,
IMF_WEO_Population_TS,IMF_WEO_Population,_TS,"Time-series z-score (vs own trailing history) of: IMF WEO total population, in millions.",IMF,,z-score (time-series),True,A,,,,unknown,Scale denominator for per-capita comparisons; not a signal.,,structural,False,,,model_drafted,
IMF_WEO_Unemployment,IMF_WEO_Unemployment,raw,"IMF WEO unemployment rate, in percent.",IMF,,percent,True,A,,,,lower_is_better,Labor slack; falling unemployment supports demand but late-cycle tightness precedes policy restriction.,,growth,False,,,model_drafted,
IMF_WEO_Unemployment_CS,IMF_WEO_Unemployment,_CS,"Cross-sectional z-score (across the 34-country panel) of: IMF WEO unemployment rate, in percent.",IMF,,z-score (cross-sectional),True,A,,,,lower_is_better,Labor slack; falling unemployment supports demand but late-cycle tightness precedes policy restriction.,,growth,False,,,model_drafted,
IMF_WEO_Unemployment_TS,IMF_WEO_Unemployment,_TS,"Time-series z-score (vs own trailing history) of: IMF WEO unemployment rate, in percent.",IMF,,z-score (time-series),True,A,,,,lower_is_better,Labor slack; falling unemployment supports demand but late-cycle tightness precedes policy restriction.,,growth,False,,,model_drafted,
IMF_XRate_LCU_per_USD,IMF_XRate_LCU_per_USD,raw,"Exchange rate in local currency units per USD (IMF IFS, period average).",IMF,,LCU per USD,False,M,,,,unknown,"FX level; the depreciation rate, not the level, is the signal.",,external,False,,,model_drafted,
IMF_XRate_LCU_per_USD_CS,IMF_XRate_LCU_per_USD,_CS,"Cross-sectional z-score (across the 34-country panel) of: Exchange rate in local currency units per USD (IMF IFS, period average).",IMF,,z-score (cross-sectional),True,M,,,,unknown,"FX level; the depreciation rate, not the level, is the signal.",,external,False,,,model_drafted,
IMF_XRate_LCU_per_USD_TS,IMF_XRate_LCU_per_USD,_TS,"Time-series z-score (vs own trailing history) of: Exchange rate in local currency units per USD (IMF IFS, period average).",IMF,,z-score (time-series),True,M,,,,unknown,"FX level; the depreciation rate, not the level, is the signal.",,external,False,,,model_drafted,
Inflation,Inflation,raw,"Consumer price inflation, year over year, in percent.",T2/Bloomberg,,percent (YoY),True,M,,,,unknown,High/rising inflation forces tightening and compresses equity multiples; moderate stable inflation is benign.,,monetary,False,,,model_drafted,
Inflation_CS,Inflation,_CS,"Cross-sectional z-score (across the 34-country panel) of: Consumer price inflation, year over year, in percent.",T2/Bloomberg,,z-score (cross-sectional),True,M,,,,higher_is_better,High/rising inflation forces tightening and compresses equity multiples; moderate stable inflation is benign.,,monetary,False,,,model_drafted,
Inflation_TS,Inflation,_TS,"Time-series z-score (vs own trailing history) of: Consumer price inflation, year over year, in percent.",T2/Bloomberg,,z-score (time-series),True,M,,,,higher_is_better,High/rising inflation forces tightening and compresses equity multiples; moderate stable inflation is benign.,,monetary,False,,,model_drafted,
LT Growth,LT Growth,raw,"Bloomberg consensus long-term EPS growth estimate for the country index, in percent.",T2/Bloomberg,,percent,True,M,,,,unknown,"Embedded growth expectations — extreme optimism tends to disappoint (expectations risk), making this a contrarian input as much as a growth one.",,growth,False,suspect,-100 to 100,model_drafted,Observed max 2.4e6 — upstream data errors present; clip before use.
LT Growth_CS,LT Growth,_CS,"Cross-sectional z-score (across the 34-country panel) of: Bloomberg consensus long-term EPS growth estimate for the country index, in percent.",T2/Bloomberg,,z-score (cross-sectional),True,M,,,,higher_is_better,"Embedded growth expectations — extreme optimism tends to disappoint (expectations risk), making this a contrarian input as much as a growth one.",,growth,False,suspect,,model_drafted,Observed max 2.4e6 — upstream data errors present; clip before use.
LT Growth_TS,LT Growth,_TS,"Time-series z-score (vs own trailing history) of: Bloomberg consensus long-term EPS growth estimate for the country index, in percent.",T2/Bloomberg,,z-score (time-series),True,M,,,,higher_is_better,"Embedded growth expectations — extreme optimism tends to disappoint (expectations risk), making this a contrarian input as much as a growth one.",,growth,False,suspect,,model_drafted,Observed max 2.4e6 — upstream data errors present; clip before use.
MCAP,MCAP,raw,"Total equity market capitalization of the country index, in USD millions.",T2/Bloomberg,,USD millions,True,M,,,,unknown,Size proxy; large markets attract flows and index weight but may offer lower expected returns (size effect).,,structural,False,,,model_drafted,
MCAP Adj,MCAP Adj,raw,"Float/index-adjusted equity market capitalization of the country index, in USD millions.",T2/Bloomberg,,USD millions,True,M,,,,unknown,Investable size — what index trackers can actually buy; drives passive flow mechanics.,,structural,False,,,model_drafted,
MCAP Adj_CS,MCAP Adj,_CS,"Cross-sectional z-score (across the 34-country panel) of: Float/index-adjusted equity market capitalization of the country index, in USD millions.",T2/Bloomberg,,z-score (cross-sectional),True,M,,,,higher_is_better,Investable size — what index trackers can actually buy; drives passive flow mechanics.,,structural,False,,,model_drafted,
MCAP Adj_TS,MCAP Adj,_TS,"Time-series z-score (vs own trailing history) of: Float/index-adjusted equity market capitalization of the country index, in USD millions.",T2/Bloomberg,,z-score (time-series),True,M,,,,higher_is_better,Investable size — what index trackers can actually buy; drives passive flow mechanics.,,structural,False,,,model_drafted,
MCAP_CS,MCAP,_CS,"Cross-sectional z-score (across the 34-country panel) of: Total equity market capitalization of the country index, in USD millions.",T2/Bloomberg,,z-score (cross-sectional),True,M,,,,higher_is_better,Size proxy; large markets attract flows and index weight but may offer lower expected returns (size effect).,,structural,False,,,model_drafted,
MCAP_TS,MCAP,_TS,"Time-series z-score (vs own trailing history) of: Total equity market capitalization of the country index, in USD millions.",T2/Bloomberg,,z-score (time-series),True,M,,,,higher_is_better,Size proxy; large markets attract flows and index weight but may offer lower expected returns (size effect).,,structural,False,,,model_drafted,
MS_Bank_Capital_Adequacy,MS_Bank_Capital_Adequacy,raw,"Bank regulatory capital to risk-weighted assets (IMF Financial Soundness Indicators), in percent.",IMF,,percent,True,Q,,,,unknown,Banking system loss-absorption capacity; thin capital turns macro shocks into credit crunches.,,structural,False,,,model_drafted,
MS_Bank_Capital_Adequacy_CS,MS_Bank_Capital_Adequacy,_CS,"Cross-sectional z-score (across the 34-country panel) of: Bank regulatory capital to risk-weighted assets (IMF Financial Soundness Indicators), in percent.",IMF,,z-score (cross-sectional),True,Q,,,,unknown,Banking system loss-absorption capacity; thin capital turns macro shocks into credit crunches.,,structural,False,,,model_drafted,
MS_Bank_Capital_Adequacy_TS,MS_Bank_Capital_Adequacy,_TS,"Time-series z-score (vs own trailing history) of: Bank regulatory capital to risk-weighted assets (IMF Financial Soundness Indicators), in percent.",IMF,,z-score (time-series),True,Q,,,,unknown,Banking system loss-absorption capacity; thin capital turns macro shocks into credit crunches.,,structural,False,,,model_drafted,
MS_Bank_Liquidity_Coverage_Ratio,MS_Bank_Liquidity_Coverage_Ratio,raw,"Bank liquidity coverage ratio (high-quality liquid assets vs 30-day stressed outflows, IMF FSI), in percent.",IMF,,percent,True,Q,,,,unknown,Basel III stress-survival metric; below-100 readings flag acute funding fragility.,,structural,False,,,model_drafted,
MS_Bank_Liquidity_Coverage_Ratio_CS,MS_Bank_Liquidity_Coverage_Ratio,_CS,"Cross-sectional z-score (across the 34-country panel) of: Bank liquidity coverage ratio (high-quality liquid assets vs 30-day stressed outflows, IMF FSI), in percent.",IMF,,z-score (cross-sectional),True,Q,,,,unknown,Basel III stress-survival metric; below-100 readings flag acute funding fragility.,,structural,False,,,model_drafted,
MS_Bank_Liquidity_Coverage_Ratio_TS,MS_Bank_Liquidity_Coverage_Ratio,_TS,"Time-series z-score (vs own trailing history) of: Bank liquidity coverage ratio (high-quality liquid assets vs 30-day stressed outflows, IMF FSI), in percent.",IMF,,z-score (time-series),True,Q,,,,unknown,Basel III stress-survival metric; below-100 readings flag acute funding fragility.,,structural,False,,,model_drafted,
MS_Bank_Liquidity_Ratio,MS_Bank_Liquidity_Ratio,raw,"Bank liquid assets to total assets (IMF FSI), in percent.",IMF,,percent,True,Q,,,,unknown,Funding resilience — liquid banking systems survive deposit flight without fire sales.,,structural,False,,,model_drafted,
MS_Bank_Liquidity_Ratio_CS,MS_Bank_Liquidity_Ratio,_CS,"Cross-sectional z-score (across the 34-country panel) of: Bank liquid assets to total assets (IMF FSI), in percent.",IMF,,z-score (cross-sectional),True,Q,,,,unknown,Funding resilience — liquid banking systems survive deposit flight without fire sales.,,structural,False,,,model_drafted,
MS_Bank_Liquidity_Ratio_TS,MS_Bank_Liquidity_Ratio,_TS,"Time-series z-score (vs own trailing history) of: Bank liquid assets to total assets (IMF FSI), in percent.",IMF,,z-score (time-series),True,Q,,,,unknown,Funding resilience — liquid banking systems survive deposit flight without fire sales.,,structural,False,,,model_drafted,
MS_Bank_Net_Stable_Funding_Ratio,MS_Bank_Net_Stable_Funding_Ratio,raw,"Bank net stable funding ratio (available vs required stable funding, IMF FSI), in percent.",IMF,,percent,True,Q,,,,unknown,Structural funding-mismatch metric; low NSFR systems depend on flighty wholesale funding.,,structural,False,,,model_drafted,
MS_Bank_Net_Stable_Funding_Ratio_CS,MS_Bank_Net_Stable_Funding_Ratio,_CS,"Cross-sectional z-score (across the 34-country panel) of: Bank net stable funding ratio (available vs required stable funding, IMF FSI), in percent.",IMF,,z-score (cross-sectional),True,Q,,,,unknown,Structural funding-mismatch metric; low NSFR systems depend on flighty wholesale funding.,,structural,False,,,model_drafted,
MS_Bank_Net_Stable_Funding_Ratio_TS,MS_Bank_Net_Stable_Funding_Ratio,_TS,"Time-series z-score (vs own trailing history) of: Bank net stable funding ratio (available vs required stable funding, IMF FSI), in percent.",IMF,,z-score (time-series),True,Q,,,,unknown,Structural funding-mismatch metric; low NSFR systems depend on flighty wholesale funding.,,structural,False,,,model_drafted,
MS_CentralBank_BalanceSheet_GDP,MS_CentralBank_BalanceSheet_GDP,raw,Central bank balance sheet size as percent of GDP.,IMF,,percent of GDP,True,M,,,,unknown,"Monetary footprint — large balance sheets signal QE/financial repression; rapid expansion debases, rapid contraction tightens.",,monetary,False,suspect,,model_drafted,PRD flags observed values in the hundreds of thousands for some countries — unit inconsistency upstream; validate range before use.
MS_CentralBank_BalanceSheet_GDP_CS,MS_CentralBank_BalanceSheet_GDP,_CS,Cross-sectional z-score (across the 34-country panel) of: Central bank balance sheet size as percent of GDP.,IMF,,z-score (cross-sectional),True,M,,,,unknown,"Monetary footprint — large balance sheets signal QE/financial repression; rapid expansion debases, rapid contraction tightens.",,monetary,False,suspect,,model_drafted,PRD flags observed values in the hundreds of thousands for some countries — unit inconsistency upstream; validate range before use.
MS_CentralBank_BalanceSheet_GDP_TS,MS_CentralBank_BalanceSheet_GDP,_TS,Time-series z-score (vs own trailing history) of: Central bank balance sheet size as percent of GDP.,IMF,,z-score (time-series),True,M,,,,unknown,"Monetary footprint — large balance sheets signal QE/financial repression; rapid expansion debases, rapid contraction tightens.",,monetary,False,suspect,,model_drafted,PRD flags observed values in the hundreds of thousands for some countries — unit inconsistency upstream; validate range before use.
MS_CentralBank_Claims_on_Government_Pct_GDP,MS_CentralBank_Claims_on_Government_Pct_GDP,raw,Central bank claims on central government as percent of GDP.,IMF,,percent of GDP,True,M,,,,unknown,Monetary financing of the fiscal deficit — the classic precursor of inflation crises.,,monetary,False,suspect,,model_drafted,Same upstream unit concerns as MS_CentralBank_BalanceSheet_GDP.
MS_CentralBank_Claims_on_Government_Pct_GDP_CS,MS_CentralBank_Claims_on_Government_Pct_GDP,_CS,Cross-sectional z-score (across the 34-country panel) of: Central bank claims on central government as percent of GDP.,IMF,,z-score (cross-sectional),True,M,,,,unknown,Monetary financing of the fiscal deficit — the classic precursor of inflation crises.,,monetary,False,suspect,,model_drafted,Same upstream unit concerns as MS_CentralBank_BalanceSheet_GDP.
MS_CentralBank_Claims_on_Government_Pct_GDP_TS,MS_CentralBank_Claims_on_Government_Pct_GDP,_TS,Time-series z-score (vs own trailing history) of: Central bank claims on central government as percent of GDP.,IMF,,z-score (time-series),True,M,,,,unknown,Monetary financing of the fiscal deficit — the classic precursor of inflation crises.,,monetary,False,suspect,,model_drafted,Same upstream unit concerns as MS_CentralBank_BalanceSheet_GDP.
MS_CentralBank_SovDebt_Share,MS_CentralBank_SovDebt_Share,raw,"Central bank claims on central government as a share of total public debt (transparent public-data proxy; QPSD denominator preferred, WEO fallback).",ASADO derived,,percent,True,Q,,,,unknown,Monetary financing share — central banks absorbing their own sovereign's debt is the fiscal-dominance signature.,,monetary,False,,0 to 100,model_drafted,
MS_Country_ETF_AUM_USD,MS_Country_ETF_AUM_USD,raw,"Total assets under management of US-listed single-country ETFs tracking this market, in USD.",Bloomberg,,USD,True,M,,,,unknown,Passive ownership base — large ETF AUM makes the market sensitive to US-domiciled flow swings.,,structural,False,,,model_drafted,
MS_Country_ETF_AUM_USD_CS,MS_Country_ETF_AUM_USD,_CS,"Cross-sectional z-score (across the 34-country panel) of: Total assets under management of US-listed single-country ETFs tracking this market, in USD.",Bloomberg,,z-score (cross-sectional),True,M,,,,unknown,Passive ownership base — large ETF AUM makes the market sensitive to US-domiciled flow swings.,,structural,False,,,model_drafted,
MS_Country_ETF_AUM_USD_TS,MS_Country_ETF_AUM_USD,_TS,"Time-series z-score (vs own trailing history) of: Total assets under management of US-listed single-country ETFs tracking this market, in USD.",Bloomberg,,z-score (time-series),True,M,,,,unknown,Passive ownership base — large ETF AUM makes the market sensitive to US-domiciled flow swings.,,structural,False,,,model_drafted,
MS_Country_ETF_NetFlow_USD,MS_Country_ETF_NetFlow_USD,raw,"Net creations minus redemptions of US-listed country ETFs, in USD.",Bloomberg,,USD,True,M,,,,unknown,"Realized foreign passive demand; persistent inflows are price-supportive, sharp outflows mark sentiment breaks.",,sentiment,False,,,model_drafted,
MS_Country_ETF_NetFlow_USD_CS,MS_Country_ETF_NetFlow_USD,_CS,"Cross-sectional z-score (across the 34-country panel) of: Net creations minus redemptions of US-listed country ETFs, in USD.",Bloomberg,,z-score (cross-sectional),True,M,,,,unknown,"Realized foreign passive demand; persistent inflows are price-supportive, sharp outflows mark sentiment breaks.",,sentiment,False,,,model_drafted,
MS_Country_ETF_NetFlow_USD_TS,MS_Country_ETF_NetFlow_USD,_TS,"Time-series z-score (vs own trailing history) of: Net creations minus redemptions of US-listed country ETFs, in USD.",Bloomberg,,z-score (time-series),True,M,,,,unknown,"Realized foreign passive demand; persistent inflows are price-supportive, sharp outflows mark sentiment breaks.",,sentiment,False,,,model_drafted,
MS_ETF_Creation_Fee_USD,MS_ETF_Creation_Fee_USD,raw,"Creation fee for the country's primary US-listed ETF, in USD.",Bloomberg,,USD,False,M,,,,unknown,Arbitrage friction; higher fees widen the ETF premium/discount band.,,structural,False,,,model_drafted,
MS_ETF_Creation_Fee_USD_CS,MS_ETF_Creation_Fee_USD,_CS,"Cross-sectional z-score (across the 34-country panel) of: Creation fee for the country's primary US-listed ETF, in USD.",Bloomberg,,z-score (cross-sectional),True,M,,,,unknown,Arbitrage friction; higher fees widen the ETF premium/discount band.,,structural,False,,,model_drafted,
MS_ETF_Creation_Unit_Size_Shares,MS_ETF_Creation_Unit_Size_Shares,raw,"ETF creation unit size for the country's primary US-listed ETF, in shares.",Bloomberg,,shares,False,M,,,,unknown,Plumbing constant for the creation/redemption process; not a signal.,,structural,False,,,model_drafted,
MS_ETF_Creation_Unit_Size_Shares_CS,MS_ETF_Creation_Unit_Size_Shares,_CS,"Cross-sectional z-score (across the 34-country panel) of: ETF creation unit size for the country's primary US-listed ETF, in shares.",Bloomberg,,z-score (cross-sectional),True,M,,,,unknown,Plumbing constant for the creation/redemption process; not a signal.,,structural,False,,,model_drafted,
MS_ETF_NetCreation_Shares,MS_ETF_NetCreation_Shares,raw,Net ETF shares created minus redeemed for the country's US-listed ETFs.,Bloomberg,,shares,False,M,,,,unknown,Share-count mechanics of the flow signal; raw input to USD flow measures.,,sentiment,False,,,model_drafted,
MS_ETF_NetCreation_Shares_CS,MS_ETF_NetCreation_Shares,_CS,Cross-sectional z-score (across the 34-country panel) of: Net ETF shares created minus redeemed for the country's US-listed ETFs.,Bloomberg,,z-score (cross-sectional),True,M,,,,unknown,Share-count mechanics of the flow signal; raw input to USD flow measures.,,sentiment,False,,,model_drafted,
MS_ETF_NetCreation_Shares_TS,MS_ETF_NetCreation_Shares,_TS,Time-series z-score (vs own trailing history) of: Net ETF shares created minus redeemed for the country's US-listed ETFs.,Bloomberg,,z-score (time-series),True,M,,,,unknown,Share-count mechanics of the flow signal; raw input to USD flow measures.,,sentiment,False,,,model_drafted,
MS_ETF_NetFlow_to_MarketCap,MS_ETF_NetFlow_to_MarketCap,raw,Country ETF net flow scaled by the market's total capitalization.,Bloomberg,,ratio,True,M,,,,unknown,Flow pressure per unit of market size — the same dollar flow moves a small market far more than a large one.,,sentiment,False,,,model_drafted,
MS_ETF_NetFlow_to_MarketCap_CS,MS_ETF_NetFlow_to_MarketCap,_CS,Cross-sectional z-score (across the 34-country panel) of: Country ETF net flow scaled by the market's total capitalization.,Bloomberg,,z-score (cross-sectional),True,M,,,,unknown,Flow pressure per unit of market size — the same dollar flow moves a small market far more than a large one.,,sentiment,False,,,model_drafted,
MS_ETF_NetFlow_to_MarketCap_TS,MS_ETF_NetFlow_to_MarketCap,_TS,Time-series z-score (vs own trailing history) of: Country ETF net flow scaled by the market's total capitalization.,Bloomberg,,z-score (time-series),True,M,,,,unknown,Flow pressure per unit of market size — the same dollar flow moves a small market far more than a large one.,,sentiment,False,,,model_drafted,
MS_ETF_Redemption_Fee_USD,MS_ETF_Redemption_Fee_USD,raw,"Redemption fee for the country's primary US-listed ETF, in USD.",Bloomberg,,USD,False,M,,,,unknown,Arbitrage friction on the redemption side; widens the discount band in stress.,,structural,False,,,model_drafted,
MS_Household_Direct_Equity_Share,MS_Household_Direct_Equity_Share,raw,"Share of household financial assets held directly in equities, in percent (OECD household accounts).",OECD,,percent,True,A,,,,unknown,Retail participation depth — high household equity exposure amplifies wealth effects and panic selling.,,structural,False,,,model_drafted,
MS_Household_Direct_Equity_Share_CS,MS_Household_Direct_Equity_Share,_CS,"Cross-sectional z-score (across the 34-country panel) of: Share of household financial assets held directly in equities, in percent (OECD household accounts).",OECD,,z-score (cross-sectional),True,A,,,,unknown,Retail participation depth — high household equity exposure amplifies wealth effects and panic selling.,,structural,False,,,model_drafted,
MS_Household_Direct_Equity_Share_TS,MS_Household_Direct_Equity_Share,_TS,"Time-series z-score (vs own trailing history) of: Share of household financial assets held directly in equities, in percent (OECD household accounts).",OECD,,z-score (time-series),True,A,,,,unknown,Retail participation depth — high household equity exposure amplifies wealth effects and panic selling.,,structural,False,,,model_drafted,
MS_Index_Weight,MS_Index_Weight,raw,"Country weight in the relevant MSCI benchmark index, in percent.",Bloomberg,,percent,True,M,,,,unknown,Benchmark gravity — index weight determines mechanical passive allocation and rebalance flows.,,structural,False,,,model_drafted,
MS_Index_Weight_CS,MS_Index_Weight,_CS,"Cross-sectional z-score (across the 34-country panel) of: Country weight in the relevant MSCI benchmark index, in percent.",Bloomberg,,z-score (cross-sectional),True,M,,,,unknown,Benchmark gravity — index weight determines mechanical passive allocation and rebalance flows.,,structural,False,,,model_drafted,
MS_Index_Weight_Change,MS_Index_Weight_Change,raw,"Change in the country's MSCI benchmark weight, in percentage points.",Bloomberg,,percentage points,True,M,,,,unknown,"Weight migration forces passive rebalancing — upweights get bought mechanically, downweights sold.",,structural,False,,,model_drafted,
MS_Index_Weight_Change_CS,MS_Index_Weight_Change,_CS,"Cross-sectional z-score (across the 34-country panel) of: Change in the country's MSCI benchmark weight, in percentage points.",Bloomberg,,z-score (cross-sectional),True,M,,,,unknown,"Weight migration forces passive rebalancing — upweights get bought mechanically, downweights sold.",,structural,False,,,model_drafted,
MS_Index_Weight_Change_TS,MS_Index_Weight_Change,_TS,"Time-series z-score (vs own trailing history) of: Change in the country's MSCI benchmark weight, in percentage points.",Bloomberg,,z-score (time-series),True,M,,,,unknown,"Weight migration forces passive rebalancing — upweights get bought mechanically, downweights sold.",,structural,False,,,model_drafted,
MS_Index_Weight_TS,MS_Index_Weight,_TS,"Time-series z-score (vs own trailing history) of: Country weight in the relevant MSCI benchmark index, in percent.",Bloomberg,,z-score (time-series),True,M,,,,unknown,Benchmark gravity — index weight determines mechanical passive allocation and rebalance flows.,,structural,False,,,model_drafted,
MS_Insurance_Assets_GDP,MS_Insurance_Assets_GDP,raw,Insurance company assets as percent of GDP (OECD).,OECD,,percent of GDP,True,Q,,,,unknown,Long-horizon institutional capital; deepens local bond demand and dampens yield spikes.,,structural,False,,,model_drafted,
MS_Insurance_Assets_GDP_CS,MS_Insurance_Assets_GDP,_CS,Cross-sectional z-score (across the 34-country panel) of: Insurance company assets as percent of GDP (OECD).,OECD,,z-score (cross-sectional),True,Q,,,,unknown,Long-horizon institutional capital; deepens local bond demand and dampens yield spikes.,,structural,False,,,model_drafted,
MS_Insurance_Assets_GDP_TS,MS_Insurance_Assets_GDP,_TS,Time-series z-score (vs own trailing history) of: Insurance company assets as percent of GDP (OECD).,OECD,,z-score (time-series),True,Q,,,,unknown,Long-horizon institutional capital; deepens local bond demand and dampens yield spikes.,,structural,False,,,model_drafted,
MS_Investor_Base_Fragility,MS_Investor_Base_Fragility,raw,"Transparent percentile composite of investor-base fragility (foreign ownership, debt structure, banking exposure); no fitted weights.",ASADO derived,,percentile score (0-100),True,Q,,,,lower_is_better,Who holds the bonds determines crisis dynamics — flighty foreign and leveraged holders amplify selloffs.,,structural,False,,0 to 100,model_drafted,
MS_NPL_Net_Provisions_to_Capital_Pct,MS_NPL_Net_Provisions_to_Capital_Pct,raw,NPLs net of provisions as a percent of bank capital (IMF FSI).,IMF,,percent,True,Q,,,,unknown,Unprovisioned credit losses relative to capital — the cleanest single solvency-erosion gauge.,,structural,False,,,model_drafted,
MS_NPL_Net_Provisions_to_Capital_Pct_CS,MS_NPL_Net_Provisions_to_Capital_Pct,_CS,Cross-sectional z-score (across the 34-country panel) of: NPLs net of provisions as a percent of bank capital (IMF FSI).,IMF,,z-score (cross-sectional),True,Q,,,,unknown,Unprovisioned credit losses relative to capital — the cleanest single solvency-erosion gauge.,,structural,False,,,model_drafted,
MS_NPL_Net_Provisions_to_Capital_Pct_TS,MS_NPL_Net_Provisions_to_Capital_Pct,_TS,Time-series z-score (vs own trailing history) of: NPLs net of provisions as a percent of bank capital (IMF FSI).,IMF,,z-score (time-series),True,Q,,,,unknown,Unprovisioned credit losses relative to capital — the cleanest single solvency-erosion gauge.,,structural,False,,,model_drafted,
MS_NPL_Ratio,MS_NPL_Ratio,raw,"Non-performing loans to total gross loans (IMF FSI), in percent.",IMF,,percent,True,Q,,,,lower_is_better,Realized credit stress; rising NPLs absorb bank capital and choke new lending.,,structural,False,,,model_drafted,
MS_NPL_Ratio_CS,MS_NPL_Ratio,_CS,"Cross-sectional z-score (across the 34-country panel) of: Non-performing loans to total gross loans (IMF FSI), in percent.",IMF,,z-score (cross-sectional),True,Q,,,,lower_is_better,Realized credit stress; rising NPLs absorb bank capital and choke new lending.,,structural,False,,,model_drafted,
MS_NPL_Ratio_TS,MS_NPL_Ratio,_TS,"Time-series z-score (vs own trailing history) of: Non-performing loans to total gross loans (IMF FSI), in percent.",IMF,,z-score (time-series),True,Q,,,,lower_is_better,Realized credit stress; rising NPLs absorb bank capital and choke new lending.,,structural,False,,,model_drafted,
MS_Passive_AUM_to_MarketCap,MS_Passive_AUM_to_MarketCap,raw,Passive (ETF) assets tracking the market as a share of its total capitalization.,Bloomberg,,ratio,True,M,,,,unknown,Passive ownership share — high passive penetration weakens price discovery and amplifies flow-driven moves.,,structural,False,,,model_drafted,
MS_Passive_AUM_to_MarketCap_CS,MS_Passive_AUM_to_MarketCap,_CS,Cross-sectional z-score (across the 34-country panel) of: Passive (ETF) assets tracking the market as a share of its total capitalization.,Bloomberg,,z-score (cross-sectional),True,M,,,,unknown,Passive ownership share — high passive penetration weakens price discovery and amplifies flow-driven moves.,,structural,False,,,model_drafted,
MS_Passive_AUM_to_MarketCap_TS,MS_Passive_AUM_to_MarketCap,_TS,Time-series z-score (vs own trailing history) of: Passive (ETF) assets tracking the market as a share of its total capitalization.,Bloomberg,,z-score (time-series),True,M,,,,unknown,Passive ownership share — high passive penetration weakens price discovery and amplifies flow-driven moves.,,structural,False,,,model_drafted,
MS_Passive_Flow_Distortion,MS_Passive_Flow_Distortion,raw,ASADO-derived measure of price pressure attributable to passive flows (flow intensity relative to market depth).,Bloomberg,,score,True,M,,,,lower_is_better,"When passive flow dominates trading, prices detach from fundamentals — both a risk flag and a mean-reversion setup.",,sentiment,False,,,model_drafted,
MS_Passive_Flow_Distortion_CS,MS_Passive_Flow_Distortion,_CS,Cross-sectional z-score (across the 34-country panel) of: ASADO-derived measure of price pressure attributable to passive flows (flow intensity relative to market depth).,Bloomberg,,z-score (cross-sectional),True,M,,,,lower_is_better,"When passive flow dominates trading, prices detach from fundamentals — both a risk flag and a mean-reversion setup.",,sentiment,False,,,model_drafted,
MS_Passive_Flow_Distortion_TS,MS_Passive_Flow_Distortion,_TS,Time-series z-score (vs own trailing history) of: ASADO-derived measure of price pressure attributable to passive flows (flow intensity relative to market depth).,Bloomberg,,z-score (time-series),True,M,,,,lower_is_better,"When passive flow dominates trading, prices detach from fundamentals — both a risk flag and a mean-reversion setup.",,sentiment,False,,,model_drafted,
MS_Pension_Assets_GDP,MS_Pension_Assets_GDP,raw,Pension fund assets as percent of GDP (OECD).,OECD,,percent of GDP,True,Q,,,,unknown,Institutional investor depth — large pension pools are a stabilizing domestic bid for local assets.,,structural,False,,,model_drafted,
MS_Pension_Assets_GDP_CS,MS_Pension_Assets_GDP,_CS,Cross-sectional z-score (across the 34-country panel) of: Pension fund assets as percent of GDP (OECD).,OECD,,z-score (cross-sectional),True,Q,,,,unknown,Institutional investor depth — large pension pools are a stabilizing domestic bid for local assets.,,structural,False,,,model_drafted,
MS_Pension_Assets_GDP_TS,MS_Pension_Assets_GDP,_TS,Time-series z-score (vs own trailing history) of: Pension fund assets as percent of GDP (OECD).,OECD,,z-score (time-series),True,Q,,,,unknown,Institutional investor depth — large pension pools are a stabilizing domestic bid for local assets.,,structural,False,,,model_drafted,
MS_Policy_Backstop,MS_Policy_Backstop,raw,Composite of MS_Reserve_Adequacy and MS_Swap_Line_Access — total external liquidity backstop.,ASADO derived,,score,True,Q,,,,unknown,Combined self-insurance plus insurance-by-alliance; the full measure of sudden-stop resilience.,,external,False,,,model_drafted,
MS_Public_Debt_Domestic_Creditors_Pct_GDP,MS_Public_Debt_Domestic_Creditors_Pct_GDP,raw,Public debt held by domestic creditors as percent of GDP (QPSD).,World Bank QPSD,,percent of GDP,True,Q,,,,unknown,"Captive domestic investor base — stickier funding, but deepens the bank-sovereign doom loop.",,structural,False,,,model_drafted,
MS_Public_Debt_Domestic_Creditors_Pct_GDP_CS,MS_Public_Debt_Domestic_Creditors_Pct_GDP,_CS,Cross-sectional z-score (across the 34-country panel) of: Public debt held by domestic creditors as percent of GDP (QPSD).,World Bank QPSD,,z-score (cross-sectional),True,Q,,,,unknown,"Captive domestic investor base — stickier funding, but deepens the bank-sovereign doom loop.",,structural,False,,,model_drafted,
MS_Public_Debt_Domestic_Creditors_Pct_GDP_TS,MS_Public_Debt_Domestic_Creditors_Pct_GDP,_TS,Time-series z-score (vs own trailing history) of: Public debt held by domestic creditors as percent of GDP (QPSD).,World Bank QPSD,,z-score (time-series),True,Q,,,,unknown,"Captive domestic investor base — stickier funding, but deepens the bank-sovereign doom loop.",,structural,False,,,model_drafted,
MS_Public_Debt_Domestic_Currency_Pct_GDP,MS_Public_Debt_Domestic_Currency_Pct_GDP,raw,Domestic-currency public debt as percent of GDP (QPSD).,World Bank QPSD,,percent of GDP,True,Q,,,,unknown,Inflatable debt — local-currency debt can be eroded by inflation rather than defaulted on.,,structural,False,,,model_drafted,
MS_Public_Debt_Domestic_Currency_Pct_GDP_CS,MS_Public_Debt_Domestic_Currency_Pct_GDP,_CS,Cross-sectional z-score (across the 34-country panel) of: Domestic-currency public debt as percent of GDP (QPSD).,World Bank QPSD,,z-score (cross-sectional),True,Q,,,,unknown,Inflatable debt — local-currency debt can be eroded by inflation rather than defaulted on.,,structural,False,,,model_drafted,
MS_Public_Debt_Domestic_Currency_Pct_GDP_TS,MS_Public_Debt_Domestic_Currency_Pct_GDP,_TS,Time-series z-score (vs own trailing history) of: Domestic-currency public debt as percent of GDP (QPSD).,World Bank QPSD,,z-score (time-series),True,Q,,,,unknown,Inflatable debt — local-currency debt can be eroded by inflation rather than defaulted on.,,structural,False,,,model_drafted,
MS_Public_Debt_External_Creditors_Pct_GDP,MS_Public_Debt_External_Creditors_Pct_GDP,raw,Public debt held by external creditors as percent of GDP (QPSD).,World Bank QPSD,,percent of GDP,True,Q,,,,unknown,Foreign-creditor dependence — external holders sell in global risk-off regardless of local fundamentals.,,external,False,,,model_drafted,
MS_Public_Debt_External_Creditors_Pct_GDP_CS,MS_Public_Debt_External_Creditors_Pct_GDP,_CS,Cross-sectional z-score (across the 34-country panel) of: Public debt held by external creditors as percent of GDP (QPSD).,World Bank QPSD,,z-score (cross-sectional),True,Q,,,,unknown,Foreign-creditor dependence — external holders sell in global risk-off regardless of local fundamentals.,,external,False,,,model_drafted,
MS_Public_Debt_External_Creditors_Pct_GDP_TS,MS_Public_Debt_External_Creditors_Pct_GDP,_TS,Time-series z-score (vs own trailing history) of: Public debt held by external creditors as percent of GDP (QPSD).,World Bank QPSD,,z-score (time-series),True,Q,,,,unknown,Foreign-creditor dependence — external holders sell in global risk-off regardless of local fundamentals.,,external,False,,,model_drafted,
MS_Public_Debt_Foreign_Currency_Pct_GDP,MS_Public_Debt_Foreign_Currency_Pct_GDP,raw,Foreign-currency-denominated public debt as percent of GDP (QPSD).,World Bank QPSD,,percent of GDP,True,Q,,,,unknown,"Original sin — FX debt inflates mechanically when the currency depreciates, the classic EM crisis amplifier.",,external,False,,,model_drafted,
MS_Public_Debt_Foreign_Currency_Pct_GDP_CS,MS_Public_Debt_Foreign_Currency_Pct_GDP,_CS,Cross-sectional z-score (across the 34-country panel) of: Foreign-currency-denominated public debt as percent of GDP (QPSD).,World Bank QPSD,,z-score (cross-sectional),True,Q,,,,unknown,"Original sin — FX debt inflates mechanically when the currency depreciates, the classic EM crisis amplifier.",,external,False,,,model_drafted,
MS_Public_Debt_Foreign_Currency_Pct_GDP_TS,MS_Public_Debt_Foreign_Currency_Pct_GDP,_TS,Time-series z-score (vs own trailing history) of: Foreign-currency-denominated public debt as percent of GDP (QPSD).,World Bank QPSD,,z-score (time-series),True,Q,,,,unknown,"Original sin — FX debt inflates mechanically when the currency depreciates, the classic EM crisis amplifier.",,external,False,,,model_drafted,
MS_Public_Debt_Foreign_Held_Pct,MS_Public_Debt_Foreign_Held_Pct,raw,"Share of public debt held by foreign investors, in percent (QPSD).",World Bank QPSD,,percent,True,Q,,,,lower_is_better,Foreign-ownership share of the bond market — high shares mean local yields are hostage to global flows.,,external,False,,0 to 100,model_drafted,
MS_Public_Debt_Foreign_Held_Pct_CS,MS_Public_Debt_Foreign_Held_Pct,_CS,"Cross-sectional z-score (across the 34-country panel) of: Share of public debt held by foreign investors, in percent (QPSD).",World Bank QPSD,,z-score (cross-sectional),True,Q,,,,lower_is_better,Foreign-ownership share of the bond market — high shares mean local yields are hostage to global flows.,,external,False,,,model_drafted,
MS_Public_Debt_Foreign_Held_Pct_TS,MS_Public_Debt_Foreign_Held_Pct,_TS,"Time-series z-score (vs own trailing history) of: Share of public debt held by foreign investors, in percent (QPSD).",World Bank QPSD,,z-score (time-series),True,Q,,,,lower_is_better,Foreign-ownership share of the bond market — high shares mean local yields are hostage to global flows.,,external,False,,,model_drafted,
MS_Public_Debt_Local_Currency_Pct,MS_Public_Debt_Local_Currency_Pct,raw,"Share of public debt denominated in local currency, in percent (QPSD).",World Bank QPSD,,percent,True,Q,,,,unknown,Currency-composition resilience — high local-currency share removes the depreciation-default spiral.,,structural,False,,0 to 100,model_drafted,
MS_Public_Debt_Local_Currency_Pct_CS,MS_Public_Debt_Local_Currency_Pct,_CS,"Cross-sectional z-score (across the 34-country panel) of: Share of public debt denominated in local currency, in percent (QPSD).",World Bank QPSD,,z-score (cross-sectional),True,Q,,,,unknown,Currency-composition resilience — high local-currency share removes the depreciation-default spiral.,,structural,False,,,model_drafted,
MS_Public_Debt_Local_Currency_Pct_TS,MS_Public_Debt_Local_Currency_Pct,_TS,"Time-series z-score (vs own trailing history) of: Share of public debt denominated in local currency, in percent (QPSD).",World Bank QPSD,,z-score (time-series),True,Q,,,,unknown,Currency-composition resilience — high local-currency share removes the depreciation-default spiral.,,structural,False,,,model_drafted,
MS_Public_Debt_Short_Maturity_Pct,MS_Public_Debt_Short_Maturity_Pct,raw,"Share of public debt with short residual maturity, in percent (QPSD).",World Bank QPSD,,percent,True,Q,,,,unknown,"Maturity-structure fragility — the higher the share, the faster a rate shock becomes a fiscal shock.",,structural,False,,0 to 100,model_drafted,
MS_Public_Debt_Short_Maturity_Pct_CS,MS_Public_Debt_Short_Maturity_Pct,_CS,"Cross-sectional z-score (across the 34-country panel) of: Share of public debt with short residual maturity, in percent (QPSD).",World Bank QPSD,,z-score (cross-sectional),True,Q,,,,unknown,"Maturity-structure fragility — the higher the share, the faster a rate shock becomes a fiscal shock.",,structural,False,,,model_drafted,
MS_Public_Debt_Short_Maturity_Pct_TS,MS_Public_Debt_Short_Maturity_Pct,_TS,"Time-series z-score (vs own trailing history) of: Share of public debt with short residual maturity, in percent (QPSD).",World Bank QPSD,,z-score (time-series),True,Q,,,,unknown,"Maturity-structure fragility — the higher the share, the faster a rate shock becomes a fiscal shock.",,structural,False,,,model_drafted,
MS_Public_Debt_Short_Term_Pct_GDP,MS_Public_Debt_Short_Term_Pct_GDP,raw,Short-term public debt as percent of GDP (QPSD).,World Bank QPSD,,percent of GDP,True,Q,,,,unknown,"Rollover exposure — short-maturity debt must be refinanced at current rates, transmitting rate shocks to the budget fast.",,structural,False,,,model_drafted,
MS_Public_Debt_Short_Term_Pct_GDP_CS,MS_Public_Debt_Short_Term_Pct_GDP,_CS,Cross-sectional z-score (across the 34-country panel) of: Short-term public debt as percent of GDP (QPSD).,World Bank QPSD,,z-score (cross-sectional),True,Q,,,,unknown,"Rollover exposure — short-maturity debt must be refinanced at current rates, transmitting rate shocks to the budget fast.",,structural,False,,,model_drafted,
MS_Public_Debt_Short_Term_Pct_GDP_TS,MS_Public_Debt_Short_Term_Pct_GDP,_TS,Time-series z-score (vs own trailing history) of: Short-term public debt as percent of GDP (QPSD).,World Bank QPSD,,z-score (time-series),True,Q,,,,unknown,"Rollover exposure — short-maturity debt must be refinanced at current rates, transmitting rate shocks to the budget fast.",,structural,False,,,model_drafted,
MS_Public_Debt_Total_Pct_GDP,MS_Public_Debt_Total_Pct_GDP,raw,Total general government debt as percent of GDP (World Bank Quarterly Public Sector Debt).,World Bank QPSD,,percent of GDP,True,Q,,,,lower_is_better,Headline debt burden at quarterly frequency — timelier than annual WDI/WEO vintages.,,structural,False,,,model_drafted,
MS_Public_Debt_Total_Pct_GDP_CS,MS_Public_Debt_Total_Pct_GDP,_CS,Cross-sectional z-score (across the 34-country panel) of: Total general government debt as percent of GDP (World Bank Quarterly Public Sector Debt).,World Bank QPSD,,z-score (cross-sectional),True,Q,,,,lower_is_better,Headline debt burden at quarterly frequency — timelier than annual WDI/WEO vintages.,,structural,False,,,model_drafted,
MS_Public_Debt_Total_Pct_GDP_TS,MS_Public_Debt_Total_Pct_GDP,_TS,Time-series z-score (vs own trailing history) of: Total general government debt as percent of GDP (World Bank Quarterly Public Sector Debt).,World Bank QPSD,,z-score (time-series),True,Q,,,,lower_is_better,Headline debt burden at quarterly frequency — timelier than annual WDI/WEO vintages.,,structural,False,,,model_drafted,
MS_Reserve_Adequacy,MS_Reserve_Adequacy,raw,Blend of import-cover strength and inverse external-debt burden (import-cover component only where external debt is missing).,ASADO derived,,score,True,Q,,,,unknown,Crisis-fighting capacity — adequate reserves deter speculative attacks; inadequacy invites them.,,external,False,,,model_drafted,
MS_Swap_Line_Access,MS_Swap_Line_Access,raw,Policy-support proxy from Federal Reserve standing/temporary USD swap line access (full backstop for US sleeves).,ASADO derived,,score,True,Q,,,,unknown,Fed swap lines are the ultimate USD liquidity backstop — access historically capped funding stress in 2008/2020.,,external,False,,,model_drafted,
MS_US_Holder_Share_Pct,MS_US_Holder_Share_Pct,raw,"Share of the country's portfolio securities held by US investors, in percent (IMF Portfolio Investment Positions / US Treasury TIC).",IMF PIP / US TIC,,percent,True,A,,,,unknown,US-investor dependence — high US ownership ties the market to US risk appetite and dollar cycles.,,external,False,,0 to 100,model_drafted,
MS_US_Holder_Share_Pct_CS,MS_US_Holder_Share_Pct,_CS,"Cross-sectional z-score (across the 34-country panel) of: Share of the country's portfolio securities held by US investors, in percent (IMF Portfolio Investment Positions / US Treasury TIC).",IMF PIP / US TIC,,z-score (cross-sectional),True,A,,,,unknown,US-investor dependence — high US ownership ties the market to US risk appetite and dollar cycles.,,external,False,,,model_drafted,
MS_US_Holder_Share_Pct_TS,MS_US_Holder_Share_Pct,_TS,"Time-series z-score (vs own trailing history) of: Share of the country's portfolio securities held by US investors, in percent (IMF Portfolio Investment Positions / US Treasury TIC).",IMF PIP / US TIC,,z-score (time-series),True,A,,,,unknown,US-investor dependence — high US ownership ties the market to US risk appetite and dollar cycles.,,external,False,,,model_drafted,
Mcap Weights,Mcap Weights,raw,Country share of total market capitalization across the 34-country universe (weights sum to 1 each date).,T2/Bloomberg,,share (0-1),True,M,,,,lower_is_better,"Benchmark-weight proxy; rising weight attracts momentum-chasing passive flows, extreme weight concentration signals crowding.",,structural,False,,0 to 1,model_drafted,
Mcap Weights_CS,Mcap Weights,_CS,Cross-sectional z-score (across the 34-country panel) of: Country share of total market capitalization across the 34-country universe (weights sum to 1 each date).,T2/Bloomberg,,z-score (cross-sectional),True,M,,,,higher_is_better,"Benchmark-weight proxy; rising weight attracts momentum-chasing passive flows, extreme weight concentration signals crowding.",,structural,False,,,model_drafted,sign-flipped during normalization (raw concept is lower-is-better)
Mcap Weights_TS,Mcap Weights,_TS,Time-series z-score (vs own trailing history) of: Country share of total market capitalization across the 34-country universe (weights sum to 1 each date).,T2/Bloomberg,,z-score (time-series),True,M,,,,higher_is_better,"Benchmark-weight proxy; rising weight attracts momentum-chasing passive flows, extreme weight concentration signals crowding.",,structural,False,,,model_drafted,sign-flipped during normalization (raw concept is lower-is-better)
NDGAIN_Readiness,NDGAIN_Readiness,raw,"ND-GAIN readiness sub-score — economic, governance, and social capacity to deploy adaptation investment.",ND-GAIN,,score (0-1),True,A,,,,unknown,Adaptation capacity; high-readiness countries convert climate stress into investment opportunity.,,structural,False,,,model_drafted,
NDGAIN_Readiness_CS,NDGAIN_Readiness,_CS,"Cross-sectional z-score (across the 34-country panel) of: ND-GAIN readiness sub-score — economic, governance, and social capacity to deploy adaptation investment.",ND-GAIN,,z-score (cross-sectional),True,A,,,,unknown,Adaptation capacity; high-readiness countries convert climate stress into investment opportunity.,,structural,False,,,model_drafted,
NDGAIN_Readiness_TS,NDGAIN_Readiness,_TS,"Time-series z-score (vs own trailing history) of: ND-GAIN readiness sub-score — economic, governance, and social capacity to deploy adaptation investment.",ND-GAIN,,z-score (time-series),True,A,,,,unknown,Adaptation capacity; high-readiness countries convert climate stress into investment opportunity.,,structural,False,,,model_drafted,
NDGAIN_Score,NDGAIN_Score,raw,Notre Dame Global Adaptation Index composite — readiness minus vulnerability to climate change (higher = better positioned).,ND-GAIN,,score (0-100),True,A,,,,unknown,"Climate-transition resilience; structurally discounts physically-exposed, unprepared economies.",,structural,False,,0 to 100,model_drafted,
NDGAIN_Score_CS,NDGAIN_Score,_CS,Cross-sectional z-score (across the 34-country panel) of: Notre Dame Global Adaptation Index composite — readiness minus vulnerability to climate change (higher = better positioned).,ND-GAIN,,z-score (cross-sectional),True,A,,,,unknown,"Climate-transition resilience; structurally discounts physically-exposed, unprepared economies.",,structural,False,,,model_drafted,
NDGAIN_Score_TS,NDGAIN_Score,_TS,Time-series z-score (vs own trailing history) of: Notre Dame Global Adaptation Index composite — readiness minus vulnerability to climate change (higher = better positioned).,ND-GAIN,,z-score (time-series),True,A,,,,unknown,"Climate-transition resilience; structurally discounts physically-exposed, unprepared economies.",,structural,False,,,model_drafted,
NDGAIN_Vulnerability,NDGAIN_Vulnerability,raw,ND-GAIN vulnerability sub-score — exposure and sensitivity to climate disruption.,ND-GAIN,,score (0-1),True,A,,,,lower_is_better,Physical climate risk; vulnerable economies face rising disaster losses and insurance withdrawal.,,structural,False,,,model_drafted,
NDGAIN_Vulnerability_CS,NDGAIN_Vulnerability,_CS,Cross-sectional z-score (across the 34-country panel) of: ND-GAIN vulnerability sub-score — exposure and sensitivity to climate disruption.,ND-GAIN,,z-score (cross-sectional),True,A,,,,lower_is_better,Physical climate risk; vulnerable economies face rising disaster losses and insurance withdrawal.,,structural,False,,,model_drafted,
NDGAIN_Vulnerability_TS,NDGAIN_Vulnerability,_TS,Time-series z-score (vs own trailing history) of: ND-GAIN vulnerability sub-score — exposure and sensitivity to climate disruption.,ND-GAIN,,z-score (time-series),True,A,,,,lower_is_better,Physical climate risk; vulnerable economies face rising disaster losses and insurance withdrawal.,,structural,False,,,model_drafted,
OECD_BCI,OECD_BCI,raw,OECD Business Confidence Indicator (100 = long-term average).,OECD,,index (100 = neutral),True,M,,,,unknown,Corporate sentiment leads capex and hiring; divergence from consumer confidence flags margin pressure.,,sentiment,False,,,model_drafted,
OECD_BCI_CS,OECD_BCI,_CS,Cross-sectional z-score (across the 34-country panel) of: OECD Business Confidence Indicator (100 = long-term average).,OECD,,z-score (cross-sectional),True,M,,,,unknown,Corporate sentiment leads capex and hiring; divergence from consumer confidence flags margin pressure.,,sentiment,False,,,model_drafted,
OECD_BCI_TS,OECD_BCI,_TS,Time-series z-score (vs own trailing history) of: OECD Business Confidence Indicator (100 = long-term average).,OECD,,z-score (time-series),True,M,,,,unknown,Corporate sentiment leads capex and hiring; divergence from consumer confidence flags margin pressure.,,sentiment,False,,,model_drafted,
OECD_CCI,OECD_CCI,raw,OECD Consumer Confidence Indicator (100 = long-term average).,OECD,,index (100 = neutral),True,M,,,,unknown,Household sentiment leads discretionary spending; collapses precede demand contractions.,,sentiment,False,,,model_drafted,
OECD_CCI_CS,OECD_CCI,_CS,Cross-sectional z-score (across the 34-country panel) of: OECD Consumer Confidence Indicator (100 = long-term average).,OECD,,z-score (cross-sectional),True,M,,,,unknown,Household sentiment leads discretionary spending; collapses precede demand contractions.,,sentiment,False,,,model_drafted,
OECD_CCI_TS,OECD_CCI,_TS,Time-series z-score (vs own trailing history) of: OECD Consumer Confidence Indicator (100 = long-term average).,OECD,,z-score (time-series),True,M,,,,unknown,Household sentiment leads discretionary spending; collapses precede demand contractions.,,sentiment,False,,,model_drafted,
OECD_CLI,OECD_CLI,raw,"OECD Composite Leading Indicator (amplitude-adjusted, 100 = trend).",OECD,,index (100 = trend),True,M,,,,unknown,"Designed to lead the business cycle by ~6 months; turning points are the signal, not levels.",,growth,False,,,model_drafted,
OECD_CLI_CS,OECD_CLI,_CS,"Cross-sectional z-score (across the 34-country panel) of: OECD Composite Leading Indicator (amplitude-adjusted, 100 = trend).",OECD,,z-score (cross-sectional),True,M,,,,unknown,"Designed to lead the business cycle by ~6 months; turning points are the signal, not levels.",,growth,False,,,model_drafted,
OECD_CLI_TS,OECD_CLI,_TS,"Time-series z-score (vs own trailing history) of: OECD Composite Leading Indicator (amplitude-adjusted, 100 = trend).",OECD,,z-score (time-series),True,M,,,,unknown,"Designed to lead the business cycle by ~6 months; turning points are the signal, not levels.",,growth,False,,,model_drafted,
OFAC_Sanctioned,OFAC_Sanctioned,raw,"Binary flag — country is associated with an active OFAC sanctions program (SDN association data, not a sovereign-target registry).",OFAC,,binary (0/1),True,M,,,,unknown,Sanctions exposure restricts capital access and trade; flag changes are discrete repricing events.,,structural,False,,0 or 1,model_drafted,
OFAC_Sanctions_Count,OFAC_Sanctions_Count,raw,Count of OFAC sanctions programs associated with the country (SDN association data).,OFAC,,count,True,M,,,,unknown,Sanctions intensity; escalation precedes financial-channel isolation.,,structural,False,,,model_drafted,
OFAC_Sanctions_Count_CS,OFAC_Sanctions_Count,_CS,Cross-sectional z-score (across the 34-country panel) of: Count of OFAC sanctions programs associated with the country (SDN association data).,OFAC,,z-score (cross-sectional),True,M,,,,unknown,Sanctions intensity; escalation precedes financial-channel isolation.,,structural,False,,,model_drafted,
Oil,Oil,raw,Crude oil spot price in USD per barrel (global series broadcast to all countries).,T2/Bloomberg,,USD/bbl,True,M,,,,unknown,"Terms-of-trade shock axis — oil rallies transfer income to exporters (Saudi) from importers (Japan, India).",,commodity,False,,,model_drafted,
Oil 12,Oil 12,raw,12-period percent change in the crude oil price.,T2/Bloomberg,,percent change,True,M,,,,unknown,Oil momentum drives inflation expectations and exporter/importer equity divergence.,,commodity,False,,,model_drafted,
Oil 120,Oil 120,raw,120-period percent change in the crude oil price.,T2/Bloomberg,,percent change,True,D,,,,unknown,Long-cycle energy trend; sustained moves reshape current accounts and fiscal balances.,,commodity,False,,,model_drafted,
Oil 120_CS,Oil 120,_CS,Cross-sectional z-score (across the 34-country panel) of: 120-period percent change in the crude oil price.,T2/Bloomberg,,z-score (cross-sectional),True,D,,,,higher_is_better,Long-cycle energy trend; sustained moves reshape current accounts and fiscal balances.,,commodity,False,,,model_drafted,
Oil 120_TS,Oil 120,_TS,Time-series z-score (vs own trailing history) of: 120-period percent change in the crude oil price.,T2/Bloomberg,,z-score (time-series),True,D,,,,higher_is_better,Long-cycle energy trend; sustained moves reshape current accounts and fiscal balances.,,commodity,False,,,model_drafted,
Oil 12_CS,Oil 12,_CS,Cross-sectional z-score (across the 34-country panel) of: 12-period percent change in the crude oil price.,T2/Bloomberg,,z-score (cross-sectional),True,M,,,,higher_is_better,Oil momentum drives inflation expectations and exporter/importer equity divergence.,,commodity,False,,,model_drafted,
Oil 12_TS,Oil 12,_TS,Time-series z-score (vs own trailing history) of: 12-period percent change in the crude oil price.,T2/Bloomberg,,z-score (time-series),True,M,,,,higher_is_better,Oil momentum drives inflation expectations and exporter/importer equity divergence.,,commodity,False,,,model_drafted,
Oil_CS,Oil,_CS,Cross-sectional z-score (across the 34-country panel) of: Crude oil spot price in USD per barrel (global series broadcast to all countries).,T2/Bloomberg,,z-score (cross-sectional),True,M,,,,higher_is_better,"Terms-of-trade shock axis — oil rallies transfer income to exporters (Saudi) from importers (Japan, India).",,commodity,False,,,model_drafted,
Oil_TS,Oil,_TS,Time-series z-score (vs own trailing history) of: Crude oil spot price in USD per barrel (global series broadcast to all countries).,T2/Bloomberg,,z-score (time-series),True,M,,,,higher_is_better,"Terms-of-trade shock axis — oil rallies transfer income to exporters (Saudi) from importers (Japan, India).",,commodity,False,,,model_drafted,
Operating Margin,Operating Margin,raw,Aggregate operating income as a percent of sales for the country index.,T2/Bloomberg,,percent,True,M,,,,unknown,Profitability/quality — high-margin markets compound faster and de-rate less in downturns.,,growth,False,,,model_drafted,
Operating Margin_CS,Operating Margin,_CS,Cross-sectional z-score (across the 34-country panel) of: Aggregate operating income as a percent of sales for the country index.,T2/Bloomberg,,z-score (cross-sectional),True,M,,,,higher_is_better,Profitability/quality — high-margin markets compound faster and de-rate less in downturns.,,growth,False,,,model_drafted,
Operating Margin_TS,Operating Margin,_TS,Time-series z-score (vs own trailing history) of: Aggregate operating income as a percent of sales for the country index.,T2/Bloomberg,,z-score (time-series),True,M,,,,higher_is_better,Profitability/quality — high-margin markets compound faster and de-rate less in downturns.,,growth,False,,,model_drafted,
P2P,P2P,raw,Bounded price-position measure related to the index's standing versus its trailing peak/range (construction not confirmed from data; observed range -0.76 to +0.99).,T2/Bloomberg,,ratio (bounded approx -1 to 1),True,M,,,,unknown,Likely a drawdown/range-position signal; exact window and formula unverified.,,technical,False,,,needs_review,"Best data hypothesis (12m range position, corr 0.64) is not conclusive. Confirm construction with the T2 source before using in new signals."
P2P_CS,P2P,_CS,Cross-sectional z-score (across the 34-country panel) of: Bounded price-position measure related to the index's standing versus its trailing peak/range (construction not confirmed from data; observed range -0.76 to +0.99).,T2/Bloomberg,,z-score (cross-sectional),True,M,,,,higher_is_better,Likely a drawdown/range-position signal; exact window and formula unverified.,,technical,False,,,needs_review,"Best data hypothesis (12m range position, corr 0.64) is not conclusive. Confirm construction with the T2 source before using in new signals."
P2P_TS,P2P,_TS,Time-series z-score (vs own trailing history) of: Bounded price-position measure related to the index's standing versus its trailing peak/range (construction not confirmed from data; observed range -0.76 to +0.99).,T2/Bloomberg,,z-score (time-series),True,M,,,,higher_is_better,Likely a drawdown/range-position signal; exact window and formula unverified.,,technical,False,,,needs_review,"Best data hypothesis (12m range position, corr 0.64) is not conclusive. Confirm construction with the T2 source before using in new signals."
PX_LAST,PX_LAST,raw,Country equity index price level in local currency (Bloomberg PX_LAST).,T2/Bloomberg,,index level (local currency),False,M,,,,unknown,"Price level itself is not a signal; it is the raw input for returns, moving averages, and drawdown measures.",,technical,False,,,model_drafted,
PX_LAST_CS,PX_LAST,_CS,Cross-sectional z-score (across the 34-country panel) of: Country equity index price level in local currency (Bloomberg PX_LAST).,T2/Bloomberg,,z-score (cross-sectional),True,M,,,,higher_is_better,"Price level itself is not a signal; it is the raw input for returns, moving averages, and drawdown measures.",,technical,False,,,model_drafted,
PX_LAST_TS,PX_LAST,_TS,Time-series z-score (vs own trailing history) of: Country equity index price level in local currency (Bloomberg PX_LAST).,T2/Bloomberg,,z-score (time-series),True,M,,,,higher_is_better,"Price level itself is not a signal; it is the raw input for returns, moving averages, and drawdown measures.",,technical,False,,,model_drafted,
Positive PE,Positive PE,raw,Country index P/E computed restricting to positive-earnings constituents (avoids negative/undefined aggregate P/E).,T2/Bloomberg,,ratio (x earnings),True,M,,,,lower_is_better,Cleaner value measure in markets where loss-makers distort the aggregate multiple.,,valuation,False,,,model_drafted,
Positive PE _CS,Positive PE,_CS,Cross-sectional z-score (across the 34-country panel) of: Country index P/E computed restricting to positive-earnings constituents (avoids negative/undefined aggregate P/E).,T2/Bloomberg,,z-score (cross-sectional),True,M,,,,higher_is_better,Cleaner value measure in markets where loss-makers distort the aggregate multiple.,,valuation,False,,,model_drafted,sign-flipped during normalization (raw concept is lower-is-better)
Positive PE _TS,Positive PE,_TS,Time-series z-score (vs own trailing history) of: Country index P/E computed restricting to positive-earnings constituents (avoids negative/undefined aggregate P/E).,T2/Bloomberg,,z-score (time-series),True,M,,,,higher_is_better,Cleaner value measure in markets where loss-makers distort the aggregate multiple.,,valuation,False,,,model_drafted,sign-flipped during normalization (raw concept is lower-is-better)
REER,REER,raw,"Real effective exchange rate index (trade-weighted, inflation-adjusted; ~100 = base period).",T2/Bloomberg,,index (base ~100),True,M,,,,lower_is_better,"Competitiveness — an elevated REER means an expensive currency, eroding exports and preceding currency/equity underperformance; a cheap REER supports recovery.",,external,False,,,model_drafted,
REER_CS,REER,_CS,"Cross-sectional z-score (across the 34-country panel) of: Real effective exchange rate index (trade-weighted, inflation-adjusted; ~100 = base period).",T2/Bloomberg,,z-score (cross-sectional),True,M,,,,higher_is_better,"Competitiveness — an elevated REER means an expensive currency, eroding exports and preceding currency/equity underperformance; a cheap REER supports recovery.",,external,False,,,model_drafted,sign-flipped during normalization (raw concept is lower-is-better)
REER_TS,REER,_TS,"Time-series z-score (vs own trailing history) of: Real effective exchange rate index (trade-weighted, inflation-adjusted; ~100 = base period).",T2/Bloomberg,,z-score (time-series),True,M,,,,higher_is_better,"Competitiveness — an elevated REER means an expensive currency, eroding exports and preceding currency/equity underperformance; a cheap REER supports recovery.",,external,False,,,model_drafted,sign-flipped during normalization (raw concept is lower-is-better)
RSI14,RSI14,raw,14-period Relative Strength Index of the country equity index (bounded 0-100).,T2/Bloomberg,,index (0-100),True,M,,,,lower_is_better,Overbought/oversold oscillator — measures the balance of recent up-moves vs down-moves; extremes signal exhaustion or strong trend depending on regime.,,technical,False,,0 to 100,model_drafted,
RSI14_CS,RSI14,_CS,Cross-sectional z-score (across the 34-country panel) of: 14-period Relative Strength Index of the country equity index (bounded 0-100).,T2/Bloomberg,,z-score (cross-sectional),True,M,,,,higher_is_better,Overbought/oversold oscillator — measures the balance of recent up-moves vs down-moves; extremes signal exhaustion or strong trend depending on regime.,,technical,False,,,model_drafted,sign-flipped during normalization (raw concept is lower-is-better)
RSI14_TS,RSI14,_TS,Time-series z-score (vs own trailing history) of: 14-period Relative Strength Index of the country equity index (bounded 0-100).,T2/Bloomberg,,z-score (time-series),True,M,,,,higher_is_better,Overbought/oversold oscillator — measures the balance of recent up-moves vs down-moves; extremes signal exhaustion or strong trend depending on regime.,,technical,False,,,model_drafted,sign-flipped during normalization (raw concept is lower-is-better)
Shiller PE,Shiller PE,raw,Cyclically-adjusted price-to-earnings ratio — price divided by a multi-year average of real earnings.,T2/Bloomberg,,ratio (x earnings),True,M,,,,lower_is_better,Smooths the earnings cycle; high CAPE implies low long-run expected returns (mean reversion of valuations).,Campbell & Shiller (1988),valuation,False,,,model_drafted,
Shiller PE_CS,Shiller PE,_CS,Cross-sectional z-score (across the 34-country panel) of: Cyclically-adjusted price-to-earnings ratio — price divided by a multi-year average of real earnings.,T2/Bloomberg,,z-score (cross-sectional),True,M,,,,higher_is_better,Smooths the earnings cycle; high CAPE implies low long-run expected returns (mean reversion of valuations).,Campbell & Shiller (1988),valuation,False,,,model_drafted,sign-flipped during normalization (raw concept is lower-is-better)
Shiller PE_TS,Shiller PE,_TS,Time-series z-score (vs own trailing history) of: Cyclically-adjusted price-to-earnings ratio — price divided by a multi-year average of real earnings.,T2/Bloomberg,,z-score (time-series),True,M,,,,higher_is_better,Smooths the earnings cycle; high CAPE implies low long-run expected returns (mean reversion of valuations).,Campbell & Shiller (1988),valuation,False,,,model_drafted,sign-flipped during normalization (raw concept is lower-is-better)
Tot Return Index,Tot Return Index,raw,Country equity total return index level (price plus reinvested dividends) in local currency.,T2/Bloomberg,,index level (local currency),False,M,,,,unknown,Source series for all total-return (TR) calculations; not a signal by itself.,,technical,False,,,model_drafted,
Tot Return Index _CS,Tot Return Index,_CS,Cross-sectional z-score (across the 34-country panel) of: Country equity total return index level (price plus reinvested dividends) in local currency.,T2/Bloomberg,,z-score (cross-sectional),True,M,,,,higher_is_better,Source series for all total-return (TR) calculations; not a signal by itself.,,technical,False,,,model_drafted,
Tot Return Index _TS,Tot Return Index,_TS,Time-series z-score (vs own trailing history) of: Country equity total return index level (price plus reinvested dividends) in local currency.,T2/Bloomberg,,z-score (time-series),True,M,,,,higher_is_better,Source series for all total-return (TR) calculations; not a signal by itself.,,technical,False,,,model_drafted,
Trailing EPS,Trailing EPS,raw,Trailing 12-month aggregate earnings per share for the country index (local currency).,T2/Bloomberg,,per-share (local currency),False,M,,,,unknown,Realized earnings level; denominator of trailing P/E.,,growth,False,,,model_drafted,
Trailing EPS 252,Trailing EPS 252,raw,Change in trailing 12-month EPS over the trailing 252 trading days (realized earnings momentum).,T2/Bloomberg,,percent change,True,D,,,,unknown,Realized earnings growth momentum; markets with accelerating delivered earnings re-rate upward.,,growth,False,,,model_drafted,
Trailing EPS 252_CS,Trailing EPS 252,_CS,Cross-sectional z-score (across the 34-country panel) of: Change in trailing 12-month EPS over the trailing 252 trading days (realized earnings momentum).,T2/Bloomberg,,z-score (cross-sectional),True,D,,,,higher_is_better,Realized earnings growth momentum; markets with accelerating delivered earnings re-rate upward.,,growth,False,,,model_drafted,
Trailing EPS 252_TS,Trailing EPS 252,_TS,Time-series z-score (vs own trailing history) of: Change in trailing 12-month EPS over the trailing 252 trading days (realized earnings momentum).,T2/Bloomberg,,z-score (time-series),True,D,,,,higher_is_better,Realized earnings growth momentum; markets with accelerating delivered earnings re-rate upward.,,growth,False,,,model_drafted,
Trailing EPS 36,Trailing EPS 36,raw,Change in trailing 12-month EPS over the trailing 36 periods (months on the monthly surface).,T2/Bloomberg,,percent change,True,M,,,,unknown,Three-year realized earnings growth — slow-moving fundamental momentum.,,growth,False,,,model_drafted,
Trailing EPS 36_CS,Trailing EPS 36,_CS,Cross-sectional z-score (across the 34-country panel) of: Change in trailing 12-month EPS over the trailing 36 periods (months on the monthly surface).,T2/Bloomberg,,z-score (cross-sectional),True,M,,,,higher_is_better,Three-year realized earnings growth — slow-moving fundamental momentum.,,growth,False,,,model_drafted,
Trailing EPS 36_TS,Trailing EPS 36,_TS,Time-series z-score (vs own trailing history) of: Change in trailing 12-month EPS over the trailing 36 periods (months on the monthly surface).,T2/Bloomberg,,z-score (time-series),True,M,,,,higher_is_better,Three-year realized earnings growth — slow-moving fundamental momentum.,,growth,False,,,model_drafted,
Trailing EPS_CS,Trailing EPS,_CS,Cross-sectional z-score (across the 34-country panel) of: Trailing 12-month aggregate earnings per share for the country index (local currency).,T2/Bloomberg,,z-score (cross-sectional),True,M,,,,higher_is_better,Realized earnings level; denominator of trailing P/E.,,growth,False,,,model_drafted,
Trailing EPS_TS,Trailing EPS,_TS,Time-series z-score (vs own trailing history) of: Trailing 12-month aggregate earnings per share for the country index (local currency).,T2/Bloomberg,,z-score (time-series),True,M,,,,higher_is_better,Realized earnings level; denominator of trailing P/E.,,growth,False,,,model_drafted,
Trailing PE,Trailing PE,raw,Country index price divided by trailing 12-month aggregate earnings per share.,T2/Bloomberg,,ratio (x earnings),True,M,,,,lower_is_better,Cheapness on realized earnings — low P/E countries have historically outperformed over multi-year horizons (value effect).,,valuation,False,,,model_drafted,
Trailing PE_CS,Trailing PE,_CS,Cross-sectional z-score (across the 34-country panel) of: Country index price divided by trailing 12-month aggregate earnings per share.,T2/Bloomberg,,z-score (cross-sectional),True,M,,,,higher_is_better,Cheapness on realized earnings — low P/E countries have historically outperformed over multi-year horizons (value effect).,,valuation,False,,,model_drafted,sign-flipped during normalization (raw concept is lower-is-better)
Trailing PE_TS,Trailing PE,_TS,Time-series z-score (vs own trailing history) of: Country index price divided by trailing 12-month aggregate earnings per share.,T2/Bloomberg,,z-score (time-series),True,M,,,,higher_is_better,Cheapness on realized earnings — low P/E countries have historically outperformed over multi-year horizons (value effect).,,valuation,False,,,model_drafted,sign-flipped during normalization (raw concept is lower-is-better)
UNDP_GDI,UNDP_GDI,raw,Gender Development Index — ratio of female to male HDI (UNDP).,UNDP,,ratio,True,A,,,,unknown,Gender parity in development; correlates with labor-force depth and institutional quality.,,structural,False,,,model_drafted,
UNDP_GDI_CS,UNDP_GDI,_CS,Cross-sectional z-score (across the 34-country panel) of: Gender Development Index — ratio of female to male HDI (UNDP).,UNDP,,z-score (cross-sectional),True,A,,,,unknown,Gender parity in development; correlates with labor-force depth and institutional quality.,,structural,False,,,model_drafted,
UNDP_GDI_TS,UNDP_GDI,_TS,Time-series z-score (vs own trailing history) of: Gender Development Index — ratio of female to male HDI (UNDP).,UNDP,,z-score (time-series),True,A,,,,unknown,Gender parity in development; correlates with labor-force depth and institutional quality.,,structural,False,,,model_drafted,
UNDP_GII,UNDP_GII,raw,"Gender Inequality Index (0 = equality, 1 = maximum inequality; UNDP).",UNDP,,index (0-1),True,A,,,,lower_is_better,Structural inequality drag on potential growth.,,structural,False,,0 to 1,model_drafted,
UNDP_GII_CS,UNDP_GII,_CS,"Cross-sectional z-score (across the 34-country panel) of: Gender Inequality Index (0 = equality, 1 = maximum inequality; UNDP).",UNDP,,z-score (cross-sectional),True,A,,,,lower_is_better,Structural inequality drag on potential growth.,,structural,False,,,model_drafted,
UNDP_GII_TS,UNDP_GII,_TS,"Time-series z-score (vs own trailing history) of: Gender Inequality Index (0 = equality, 1 = maximum inequality; UNDP).",UNDP,,z-score (time-series),True,A,,,,lower_is_better,Structural inequality drag on potential growth.,,structural,False,,,model_drafted,
UNDP_HDI,UNDP_HDI,raw,"Human Development Index — composite of life expectancy, education, and income (0-1 scale).",UNDP,,index (0-1),True,A,,,,unknown,Development level; slow-moving structural quality anchor.,,structural,False,suspect,0 to 1,model_drafted,PRD flags observed values of 93-130 — upstream scaling error (likely x100 plus rank contamination); validate before use.
UNDP_HDI_CS,UNDP_HDI,_CS,"Cross-sectional z-score (across the 34-country panel) of: Human Development Index — composite of life expectancy, education, and income (0-1 scale).",UNDP,,z-score (cross-sectional),True,A,,,,unknown,Development level; slow-moving structural quality anchor.,,structural,False,suspect,,model_drafted,PRD flags observed values of 93-130 — upstream scaling error (likely x100 plus rank contamination); validate before use.
UNDP_HDI_TS,UNDP_HDI,_TS,"Time-series z-score (vs own trailing history) of: Human Development Index — composite of life expectancy, education, and income (0-1 scale).",UNDP,,z-score (time-series),True,A,,,,unknown,Development level; slow-moving structural quality anchor.,,structural,False,suspect,,model_drafted,PRD flags observed values of 93-130 — upstream scaling error (likely x100 plus rank contamination); validate before use.
UNDP_IHDI,UNDP_IHDI,raw,Inequality-adjusted Human Development Index (0-1 scale).,UNDP,,index (0-1),True,A,,,,unknown,Development discounted by inequality; large HDI-IHDI gaps flag social fragility.,,structural,False,,0 to 1,model_drafted,
UNDP_IHDI_CS,UNDP_IHDI,_CS,Cross-sectional z-score (across the 34-country panel) of: Inequality-adjusted Human Development Index (0-1 scale).,UNDP,,z-score (cross-sectional),True,A,,,,unknown,Development discounted by inequality; large HDI-IHDI gaps flag social fragility.,,structural,False,,,model_drafted,
UNDP_IHDI_TS,UNDP_IHDI,_TS,Time-series z-score (vs own trailing history) of: Inequality-adjusted Human Development Index (0-1 scale).,UNDP,,z-score (time-series),True,A,,,,unknown,Development discounted by inequality; large HDI-IHDI gaps flag social fragility.,,structural,False,,,model_drafted,
WB_CMDTY_ALUMINUM_LEVEL,WB_CMDTY_ALUMINUM_LEVEL,raw,"aluminum price level (World Bank Pink Sheet, monthly, global series broadcast to all countries).",World Bank Pink Sheet,,price level (Pink Sheet native unit),True,M,,,,unknown,Commodity price context — terms-of-trade transfer between exporters and importers of aluminum; explanatory unless joined back to returns.,,commodity,True,,,model_drafted,
WB_CMDTY_ALUMINUM_MOM_PCT,WB_CMDTY_ALUMINUM_MOM_PCT,raw,Month-over-month percent change in the aluminum price (Pink Sheet).,World Bank Pink Sheet,,percent (MoM),True,M,,,,unknown,Commodity price context — terms-of-trade transfer between exporters and importers of aluminum; explanatory unless joined back to returns.,,commodity,True,,,model_drafted,
WB_CMDTY_ALUMINUM_RET_12M_PCT,WB_CMDTY_ALUMINUM_RET_12M_PCT,raw,12-month percent return of the aluminum price (Pink Sheet).,World Bank Pink Sheet,,percent (12m),True,M,,,,unknown,Commodity price context — terms-of-trade transfer between exporters and importers of aluminum; explanatory unless joined back to returns.,,commodity,True,,,model_drafted,
WB_CMDTY_ALUMINUM_RET_3M_PCT,WB_CMDTY_ALUMINUM_RET_3M_PCT,raw,3-month percent return of the aluminum price (Pink Sheet).,World Bank Pink Sheet,,percent (3m),True,M,,,,unknown,Commodity price context — terms-of-trade transfer between exporters and importers of aluminum; explanatory unless joined back to returns.,,commodity,True,,,model_drafted,
WB_CMDTY_ALUMINUM_VOL_12M,WB_CMDTY_ALUMINUM_VOL_12M,raw,12-month rolling volatility of monthly aluminum price returns (Pink Sheet).,World Bank Pink Sheet,,percent (volatility),True,M,,,,unknown,Commodity price context — terms-of-trade transfer between exporters and importers of aluminum; explanatory unless joined back to returns.,,commodity,True,,,model_drafted,
WB_CMDTY_ALUMINUM_YOY_PCT,WB_CMDTY_ALUMINUM_YOY_PCT,raw,Year-over-year percent change in the aluminum price (Pink Sheet).,World Bank Pink Sheet,,percent (YoY),True,M,,,,unknown,Commodity price context — terms-of-trade transfer between exporters and importers of aluminum; explanatory unless joined back to returns.,,commodity,True,,,model_drafted,
WB_CMDTY_ALUMINUM_Z_36M,WB_CMDTY_ALUMINUM_Z_36M,raw,Z-score of the aluminum price versus its trailing 36-month history (Pink Sheet).,World Bank Pink Sheet,,z-score,True,M,,,,unknown,Commodity price context — terms-of-trade transfer between exporters and importers of aluminum; explanatory unless joined back to returns.,,commodity,True,,,model_drafted,
WB_CMDTY_BANANA_EU_LEVEL,WB_CMDTY_BANANA_EU_LEVEL,raw,"banana (EU) price level (World Bank Pink Sheet, monthly, global series broadcast to all countries).",World Bank Pink Sheet,,price level (Pink Sheet native unit),True,M,,,,unknown,Commodity price context — terms-of-trade transfer between exporters and importers of banana (EU); explanatory unless joined back to returns.,,commodity,True,,,model_drafted,
WB_CMDTY_BANANA_EU_MOM_PCT,WB_CMDTY_BANANA_EU_MOM_PCT,raw,Month-over-month percent change in the banana (EU) price (Pink Sheet).,World Bank Pink Sheet,,percent (MoM),True,M,,,,unknown,Commodity price context — terms-of-trade transfer between exporters and importers of banana (EU); explanatory unless joined back to returns.,,commodity,True,,,model_drafted,
WB_CMDTY_BANANA_EU_RET_12M_PCT,WB_CMDTY_BANANA_EU_RET_12M_PCT,raw,12-month percent return of the banana (EU) price (Pink Sheet).,World Bank Pink Sheet,,percent (12m),True,M,,,,unknown,Commodity price context — terms-of-trade transfer between exporters and importers of banana (EU); explanatory unless joined back to returns.,,commodity,True,,,model_drafted,
WB_CMDTY_BANANA_EU_RET_3M_PCT,WB_CMDTY_BANANA_EU_RET_3M_PCT,raw,3-month percent return of the banana (EU) price (Pink Sheet).,World Bank Pink Sheet,,percent (3m),True,M,,,,unknown,Commodity price context — terms-of-trade transfer between exporters and importers of banana (EU); explanatory unless joined back to returns.,,commodity,True,,,model_drafted,
WB_CMDTY_BANANA_EU_VOL_12M,WB_CMDTY_BANANA_EU_VOL_12M,raw,12-month rolling volatility of monthly banana (EU) price returns (Pink Sheet).,World Bank Pink Sheet,,percent (volatility),True,M,,,,unknown,Commodity price context — terms-of-trade transfer between exporters and importers of banana (EU); explanatory unless joined back to returns.,,commodity,True,,,model_drafted,
WB_CMDTY_BANANA_EU_YOY_PCT,WB_CMDTY_BANANA_EU_YOY_PCT,raw,Year-over-year percent change in the banana (EU) price (Pink Sheet).,World Bank Pink Sheet,,percent (YoY),True,M,,,,unknown,Commodity price context — terms-of-trade transfer between exporters and importers of banana (EU); explanatory unless joined back to returns.,,commodity,True,,,model_drafted,
WB_CMDTY_BANANA_EU_Z_36M,WB_CMDTY_BANANA_EU_Z_36M,raw,Z-score of the banana (EU) price versus its trailing 36-month history (Pink Sheet).,World Bank Pink Sheet,,z-score,True,M,,,,unknown,Commodity price context — terms-of-trade transfer between exporters and importers of banana (EU); explanatory unless joined back to returns.,,commodity,True,,,model_drafted,
WB_CMDTY_BANANA_US_LEVEL,WB_CMDTY_BANANA_US_LEVEL,raw,"banana (US) price level (World Bank Pink Sheet, monthly, global series broadcast to all countries).",World Bank Pink Sheet,,price level (Pink Sheet native unit),True,M,,,,unknown,Commodity price context — terms-of-trade transfer between exporters and importers of banana (US); explanatory unless joined back to returns.,,commodity,True,,,model_drafted,
WB_CMDTY_BANANA_US_MOM_PCT,WB_CMDTY_BANANA_US_MOM_PCT,raw,Month-over-month percent change in the banana (US) price (Pink Sheet).,World Bank Pink Sheet,,percent (MoM),True,M,,,,unknown,Commodity price context — terms-of-trade transfer between exporters and importers of banana (US); explanatory unless joined back to returns.,,commodity,True,,,model_drafted,
WB_CMDTY_BANANA_US_RET_12M_PCT,WB_CMDTY_BANANA_US_RET_12M_PCT,raw,12-month percent return of the banana (US) price (Pink Sheet).,World Bank Pink Sheet,,percent (12m),True,M,,,,unknown,Commodity price context — terms-of-trade transfer between exporters and importers of banana (US); explanatory unless joined back to returns.,,commodity,True,,,model_drafted,
WB_CMDTY_BANANA_US_RET_3M_PCT,WB_CMDTY_BANANA_US_RET_3M_PCT,raw,3-month percent return of the banana (US) price (Pink Sheet).,World Bank Pink Sheet,,percent (3m),True,M,,,,unknown,Commodity price context — terms-of-trade transfer between exporters and importers of banana (US); explanatory unless joined back to returns.,,commodity,True,,,model_drafted,
WB_CMDTY_BANANA_US_VOL_12M,WB_CMDTY_BANANA_US_VOL_12M,raw,12-month rolling volatility of monthly banana (US) price returns (Pink Sheet).,World Bank Pink Sheet,,percent (volatility),True,M,,,,unknown,Commodity price context — terms-of-trade transfer between exporters and importers of banana (US); explanatory unless joined back to returns.,,commodity,True,,,model_drafted,
WB_CMDTY_BANANA_US_YOY_PCT,WB_CMDTY_BANANA_US_YOY_PCT,raw,Year-over-year percent change in the banana (US) price (Pink Sheet).,World Bank Pink Sheet,,percent (YoY),True,M,,,,unknown,Commodity price context — terms-of-trade transfer between exporters and importers of banana (US); explanatory unless joined back to returns.,,commodity,True,,,model_drafted,
WB_CMDTY_BANANA_US_Z_36M,WB_CMDTY_BANANA_US_Z_36M,raw,Z-score of the banana (US) price versus its trailing 36-month history (Pink Sheet).,World Bank Pink Sheet,,z-score,True,M,,,,unknown,Commodity price context — terms-of-trade transfer between exporters and importers of banana (US); explanatory unless joined back to returns.,,commodity,True,,,model_drafted,
WB_CMDTY_BARLEY_LEVEL,WB_CMDTY_BARLEY_LEVEL,raw,"barley price level (World Bank Pink Sheet, monthly, global series broadcast to all countries).",World Bank Pink Sheet,,price level (Pink Sheet native unit),True,M,,,,unknown,Commodity price context — terms-of-trade transfer between exporters and importers of barley; explanatory unless joined back to returns.,,commodity,True,,,model_drafted,
WB_CMDTY_BARLEY_MOM_PCT,WB_CMDTY_BARLEY_MOM_PCT,raw,Month-over-month percent change in the barley price (Pink Sheet).,World Bank Pink Sheet,,percent (MoM),True,M,,,,unknown,Commodity price context — terms-of-trade transfer between exporters and importers of barley; explanatory unless joined back to returns.,,commodity,True,,,model_drafted,
WB_CMDTY_BARLEY_RET_12M_PCT,WB_CMDTY_BARLEY_RET_12M_PCT,raw,12-month percent return of the barley price (Pink Sheet).,World Bank Pink Sheet,,percent (12m),True,M,,,,unknown,Commodity price context — terms-of-trade transfer between exporters and importers of barley; explanatory unless joined back to returns.,,commodity,True,,,model_drafted,
WB_CMDTY_BARLEY_RET_3M_PCT,WB_CMDTY_BARLEY_RET_3M_PCT,raw,3-month percent return of the barley price (Pink Sheet).,World Bank Pink Sheet,,percent (3m),True,M,,,,unknown,Commodity price context — terms-of-trade transfer between exporters and importers of barley; explanatory unless joined back to returns.,,commodity,True,,,model_drafted,
WB_CMDTY_BARLEY_VOL_12M,WB_CMDTY_BARLEY_VOL_12M,raw,12-month rolling volatility of monthly barley price returns (Pink Sheet).,World Bank Pink Sheet,,percent (volatility),True,M,,,,unknown,Commodity price context — terms-of-trade transfer between exporters and importers of barley; explanatory unless joined back to returns.,,commodity,True,,,model_drafted,
WB_CMDTY_BARLEY_YOY_PCT,WB_CMDTY_BARLEY_YOY_PCT,raw,Year-over-year percent change in the barley price (Pink Sheet).,World Bank Pink Sheet,,percent (YoY),True,M,,,,unknown,Commodity price context — terms-of-trade transfer between exporters and importers of barley; explanatory unless joined back to returns.,,commodity,True,,,model_drafted,
WB_CMDTY_BARLEY_Z_36M,WB_CMDTY_BARLEY_Z_36M,raw,Z-score of the barley price versus its trailing 36-month history (Pink Sheet).,World Bank Pink Sheet,,z-score,True,M,,,,unknown,Commodity price context — terms-of-trade transfer between exporters and importers of barley; explanatory unless joined back to returns.,,commodity,True,,,model_drafted,
WB_CMDTY_BEEF_LEVEL,WB_CMDTY_BEEF_LEVEL,raw,"beef price level (World Bank Pink Sheet, monthly, global series broadcast to all countries).",World Bank Pink Sheet,,price level (Pink Sheet native unit),True,M,,,,unknown,Commodity price context — terms-of-trade transfer between exporters and importers of beef; explanatory unless joined back to returns.,,commodity,True,,,model_drafted,
WB_CMDTY_BEEF_MOM_PCT,WB_CMDTY_BEEF_MOM_PCT,raw,Month-over-month percent change in the beef price (Pink Sheet).,World Bank Pink Sheet,,percent (MoM),True,M,,,,unknown,Commodity price context — terms-of-trade transfer between exporters and importers of beef; explanatory unless joined back to returns.,,commodity,True,,,model_drafted,
WB_CMDTY_BEEF_RET_12M_PCT,WB_CMDTY_BEEF_RET_12M_PCT,raw,12-month percent return of the beef price (Pink Sheet).,World Bank Pink Sheet,,percent (12m),True,M,,,,unknown,Commodity price context — terms-of-trade transfer between exporters and importers of beef; explanatory unless joined back to returns.,,commodity,True,,,model_drafted,
WB_CMDTY_BEEF_RET_3M_PCT,WB_CMDTY_BEEF_RET_3M_PCT,raw,3-month percent return of the beef price (Pink Sheet).,World Bank Pink Sheet,,percent (3m),True,M,,,,unknown,Commodity price context — terms-of-trade transfer between exporters and importers of beef; explanatory unless joined back to returns.,,commodity,True,,,model_drafted,
WB_CMDTY_BEEF_VOL_12M,WB_CMDTY_BEEF_VOL_12M,raw,12-month rolling volatility of monthly beef price returns (Pink Sheet).,World Bank Pink Sheet,,percent (volatility),True,M,,,,unknown,Commodity price context — terms-of-trade transfer between exporters and importers of beef; explanatory unless joined back to returns.,,commodity,True,,,model_drafted,
WB_CMDTY_BEEF_YOY_PCT,WB_CMDTY_BEEF_YOY_PCT,raw,Year-over-year percent change in the beef price (Pink Sheet).,World Bank Pink Sheet,,percent (YoY),True,M,,,,unknown,Commodity price context — terms-of-trade transfer between exporters and importers of beef; explanatory unless joined back to returns.,,commodity,True,,,model_drafted,
WB_CMDTY_BEEF_Z_36M,WB_CMDTY_BEEF_Z_36M,raw,Z-score of the beef price versus its trailing 36-month history (Pink Sheet).,World Bank Pink Sheet,,z-score,True,M,,,,unknown,Commodity price context — terms-of-trade transfer between exporters and importers of beef; explanatory unless joined back to returns.,,commodity,True,,,model_drafted,
WB_CMDTY_CHICKEN_LEVEL,WB_CMDTY_CHICKEN_LEVEL,raw,"chicken price level (World Bank Pink Sheet, monthly, global series broadcast to all countries).",World Bank Pink Sheet,,price level (Pink Sheet native unit),True,M,,,,unknown,Commodity price context — terms-of-trade transfer between exporters and importers of chicken; explanatory unless joined back to returns.,,commodity,True,,,model_drafted,
WB_CMDTY_CHICKEN_MOM_PCT,WB_CMDTY_CHICKEN_MOM_PCT,raw,Month-over-month percent change in the chicken price (Pink Sheet).,World Bank Pink Sheet,,percent (MoM),True,M,,,,unknown,Commodity price context — terms-of-trade transfer between exporters and importers of chicken; explanatory unless joined back to returns.,,commodity,True,,,model_drafted,
WB_CMDTY_CHICKEN_RET_12M_PCT,WB_CMDTY_CHICKEN_RET_12M_PCT,raw,12-month percent return of the chicken price (Pink Sheet).,World Bank Pink Sheet,,percent (12m),True,M,,,,unknown,Commodity price context — terms-of-trade transfer between exporters and importers of chicken; explanatory unless joined back to returns.,,commodity,True,,,model_drafted,
WB_CMDTY_CHICKEN_RET_3M_PCT,WB_CMDTY_CHICKEN_RET_3M_PCT,raw,3-month percent return of the chicken price (Pink Sheet).,World Bank Pink Sheet,,percent (3m),True,M,,,,unknown,Commodity price context — terms-of-trade transfer between exporters and importers of chicken; explanatory unless joined back to returns.,,commodity,True,,,model_drafted,
WB_CMDTY_CHICKEN_VOL_12M,WB_CMDTY_CHICKEN_VOL_12M,raw,12-month rolling volatility of monthly chicken price returns (Pink Sheet).,World Bank Pink Sheet,,percent (volatility),True,M,,,,unknown,Commodity price context — terms-of-trade transfer between exporters and importers of chicken; explanatory unless joined back to returns.,,commodity,True,,,model_drafted,
WB_CMDTY_CHICKEN_YOY_PCT,WB_CMDTY_CHICKEN_YOY_PCT,raw,Year-over-year percent change in the chicken price (Pink Sheet).,World Bank Pink Sheet,,percent (YoY),True,M,,,,unknown,Commodity price context — terms-of-trade transfer between exporters and importers of chicken; explanatory unless joined back to returns.,,commodity,True,,,model_drafted,
WB_CMDTY_CHICKEN_Z_36M,WB_CMDTY_CHICKEN_Z_36M,raw,Z-score of the chicken price versus its trailing 36-month history (Pink Sheet).,World Bank Pink Sheet,,z-score,True,M,,,,unknown,Commodity price context — terms-of-trade transfer between exporters and importers of chicken; explanatory unless joined back to returns.,,commodity,True,,,model_drafted,
WB_CMDTY_COAL_AUS_LEVEL,WB_CMDTY_COAL_AUS_LEVEL,raw,"coal aus price level (World Bank Pink Sheet, monthly, global series broadcast to all countries).",World Bank Pink Sheet,,price level (Pink Sheet native unit),True,M,,,,unknown,Commodity price context — terms-of-trade transfer between exporters and importers of coal aus; explanatory unless joined back to returns.,,commodity,True,,,model_drafted,
WB_CMDTY_COAL_AUS_MOM_PCT,WB_CMDTY_COAL_AUS_MOM_PCT,raw,Month-over-month percent change in the coal aus price (Pink Sheet).,World Bank Pink Sheet,,percent (MoM),True,M,,,,unknown,Commodity price context — terms-of-trade transfer between exporters and importers of coal aus; explanatory unless joined back to returns.,,commodity,True,,,model_drafted,
WB_CMDTY_COAL_AUS_RET_12M_PCT,WB_CMDTY_COAL_AUS_RET_12M_PCT,raw,12-month percent return of the coal aus price (Pink Sheet).,World Bank Pink Sheet,,percent (12m),True,M,,,,unknown,Commodity price context — terms-of-trade transfer between exporters and importers of coal aus; explanatory unless joined back to returns.,,commodity,True,,,model_drafted,
WB_CMDTY_COAL_AUS_RET_3M_PCT,WB_CMDTY_COAL_AUS_RET_3M_PCT,raw,3-month percent return of the coal aus price (Pink Sheet).,World Bank Pink Sheet,,percent (3m),True,M,,,,unknown,Commodity price context — terms-of-trade transfer between exporters and importers of coal aus; explanatory unless joined back to returns.,,commodity,True,,,model_drafted,
WB_CMDTY_COAL_AUS_VOL_12M,WB_CMDTY_COAL_AUS_VOL_12M,raw,12-month rolling volatility of monthly coal aus price returns (Pink Sheet).,World Bank Pink Sheet,,percent (volatility),True,M,,,,unknown,Commodity price context — terms-of-trade transfer between exporters and importers of coal aus; explanatory unless joined back to returns.,,commodity,True,,,model_drafted,
WB_CMDTY_COAL_AUS_YOY_PCT,WB_CMDTY_COAL_AUS_YOY_PCT,raw,Year-over-year percent change in the coal aus price (Pink Sheet).,World Bank Pink Sheet,,percent (YoY),True,M,,,,unknown,Commodity price context — terms-of-trade transfer between exporters and importers of coal aus; explanatory unless joined back to returns.,,commodity,True,,,model_drafted,
WB_CMDTY_COAL_AUS_Z_36M,WB_CMDTY_COAL_AUS_Z_36M,raw,Z-score of the coal aus price versus its trailing 36-month history (Pink Sheet).,World Bank Pink Sheet,,z-score,True,M,,,,unknown,Commodity price context — terms-of-trade transfer between exporters and importers of coal aus; explanatory unless joined back to returns.,,commodity,True,,,model_drafted,
WB_CMDTY_COAL_SAFRICA_LEVEL,WB_CMDTY_COAL_SAFRICA_LEVEL,raw,"coal safrica price level (World Bank Pink Sheet, monthly, global series broadcast to all countries).",World Bank Pink Sheet,,price level (Pink Sheet native unit),True,M,,,,unknown,Commodity price context — terms-of-trade transfer between exporters and importers of coal safrica; explanatory unless joined back to returns.,,commodity,True,,,model_drafted,
WB_CMDTY_COAL_SAFRICA_MOM_PCT,WB_CMDTY_COAL_SAFRICA_MOM_PCT,raw,Month-over-month percent change in the coal safrica price (Pink Sheet).,World Bank Pink Sheet,,percent (MoM),True,M,,,,unknown,Commodity price context — terms-of-trade transfer between exporters and importers of coal safrica; explanatory unless joined back to returns.,,commodity,True,,,model_drafted,
WB_CMDTY_COAL_SAFRICA_RET_12M_PCT,WB_CMDTY_COAL_SAFRICA_RET_12M_PCT,raw,12-month percent return of the coal safrica price (Pink Sheet).,World Bank Pink Sheet,,percent (12m),True,M,,,,unknown,Commodity price context — terms-of-trade transfer between exporters and importers of coal safrica; explanatory unless joined back to returns.,,commodity,True,,,model_drafted,
WB_CMDTY_COAL_SAFRICA_RET_3M_PCT,WB_CMDTY_COAL_SAFRICA_RET_3M_PCT,raw,3-month percent return of the coal safrica price (Pink Sheet).,World Bank Pink Sheet,,percent (3m),True,M,,,,unknown,Commodity price context — terms-of-trade transfer between exporters and importers of coal safrica; explanatory unless joined back to returns.,,commodity,True,,,model_drafted,
WB_CMDTY_COAL_SAFRICA_VOL_12M,WB_CMDTY_COAL_SAFRICA_VOL_12M,raw,12-month rolling volatility of monthly coal safrica price returns (Pink Sheet).,World Bank Pink Sheet,,percent (volatility),True,M,,,,unknown,Commodity price context — terms-of-trade transfer between exporters and importers of coal safrica; explanatory unless joined back to returns.,,commodity,True,,,model_drafted,
WB_CMDTY_COAL_SAFRICA_YOY_PCT,WB_CMDTY_COAL_SAFRICA_YOY_PCT,raw,Year-over-year percent change in the coal safrica price (Pink Sheet).,World Bank Pink Sheet,,percent (YoY),True,M,,,,unknown,Commodity price context — terms-of-trade transfer between exporters and importers of coal safrica; explanatory unless joined back to returns.,,commodity,True,,,model_drafted,
WB_CMDTY_COAL_SAFRICA_Z_36M,WB_CMDTY_COAL_SAFRICA_Z_36M,raw,Z-score of the coal safrica price versus its trailing 36-month history (Pink Sheet).,World Bank Pink Sheet,,z-score,True,M,,,,unknown,Commodity price context — terms-of-trade transfer between exporters and importers of coal safrica; explanatory unless joined back to returns.,,commodity,True,,,model_drafted,
WB_CMDTY_COCOA_LEVEL,WB_CMDTY_COCOA_LEVEL,raw,"cocoa price level (World Bank Pink Sheet, monthly, global series broadcast to all countries).",World Bank Pink Sheet,,price level (Pink Sheet native unit),True,M,,,,unknown,Commodity price context — terms-of-trade transfer between exporters and importers of cocoa; explanatory unless joined back to returns.,,commodity,True,,,model_drafted,
WB_CMDTY_COCOA_MOM_PCT,WB_CMDTY_COCOA_MOM_PCT,raw,Month-over-month percent change in the cocoa price (Pink Sheet).,World Bank Pink Sheet,,percent (MoM),True,M,,,,unknown,Commodity price context — terms-of-trade transfer between exporters and importers of cocoa; explanatory unless joined back to returns.,,commodity,True,,,model_drafted,
WB_CMDTY_COCOA_RET_12M_PCT,WB_CMDTY_COCOA_RET_12M_PCT,raw,12-month percent return of the cocoa price (Pink Sheet).,World Bank Pink Sheet,,percent (12m),True,M,,,,unknown,Commodity price context — terms-of-trade transfer between exporters and importers of cocoa; explanatory unless joined back to returns.,,commodity,True,,,model_drafted,
WB_CMDTY_COCOA_RET_3M_PCT,WB_CMDTY_COCOA_RET_3M_PCT,raw,3-month percent return of the cocoa price (Pink Sheet).,World Bank Pink Sheet,,percent (3m),True,M,,,,unknown,Commodity price context — terms-of-trade transfer between exporters and importers of cocoa; explanatory unless joined back to returns.,,commodity,True,,,model_drafted,
WB_CMDTY_COCOA_VOL_12M,WB_CMDTY_COCOA_VOL_12M,raw,12-month rolling volatility of monthly cocoa price returns (Pink Sheet).,World Bank Pink Sheet,,percent (volatility),True,M,,,,unknown,Commodity price context — terms-of-trade transfer between exporters and importers of cocoa; explanatory unless joined back to returns.,,commodity,True,,,model_drafted,
WB_CMDTY_COCOA_YOY_PCT,WB_CMDTY_COCOA_YOY_PCT,raw,Year-over-year percent change in the cocoa price (Pink Sheet).,World Bank Pink Sheet,,percent (YoY),True,M,,,,unknown,Commodity price context — terms-of-trade transfer between exporters and importers of cocoa; explanatory unless joined back to returns.,,commodity,True,,,model_drafted,
WB_CMDTY_COCOA_Z_36M,WB_CMDTY_COCOA_Z_36M,raw,Z-score of the cocoa price versus its trailing 36-month history (Pink Sheet).,World Bank Pink Sheet,,z-score,True,M,,,,unknown,Commodity price context — terms-of-trade transfer between exporters and importers of cocoa; explanatory unless joined back to returns.,,commodity,True,,,model_drafted,
WB_CMDTY_COCONUT_OIL_LEVEL,WB_CMDTY_COCONUT_OIL_LEVEL,raw,"coconut oil price level (World Bank Pink Sheet, monthly, global series broadcast to all countries).",World Bank Pink Sheet,,price level (Pink Sheet native unit),True,M,,,,unknown,Commodity price context — terms-of-trade transfer between exporters and importers of coconut oil; explanatory unless joined back to returns.,,commodity,True,,,model_drafted,
WB_CMDTY_COCONUT_OIL_MOM_PCT,WB_CMDTY_COCONUT_OIL_MOM_PCT,raw,Month-over-month percent change in the coconut oil price (Pink Sheet).,World Bank Pink Sheet,,percent (MoM),True,M,,,,unknown,Commodity price context — terms-of-trade transfer between exporters and importers of coconut oil; explanatory unless joined back to returns.,,commodity,True,,,model_drafted,
WB_CMDTY_COCONUT_OIL_RET_12M_PCT,WB_CMDTY_COCONUT_OIL_RET_12M_PCT,raw,12-month percent return of the coconut oil price (Pink Sheet).,World Bank Pink Sheet,,percent (12m),True,M,,,,unknown,Commodity price context — terms-of-trade transfer between exporters and importers of coconut oil; explanatory unless joined back to returns.,,commodity,True,,,model_drafted,
WB_CMDTY_COCONUT_OIL_RET_3M_PCT,WB_CMDTY_COCONUT_OIL_RET_3M_PCT,raw,3-month percent return of the coconut oil price (Pink Sheet).,World Bank Pink Sheet,,percent (3m),True,M,,,,unknown,Commodity price context — terms-of-trade transfer between exporters and importers of coconut oil; explanatory unless joined back to returns.,,commodity,True,,,model_drafted,
WB_CMDTY_COCONUT_OIL_VOL_12M,WB_CMDTY_COCONUT_OIL_VOL_12M,raw,12-month rolling volatility of monthly coconut oil price returns (Pink Sheet).,World Bank Pink Sheet,,percent (volatility),True,M,,,,unknown,Commodity price context — terms-of-trade transfer between exporters and importers of coconut oil; explanatory unless joined back to returns.,,commodity,True,,,model_drafted,
WB_CMDTY_COCONUT_OIL_YOY_PCT,WB_CMDTY_COCONUT_OIL_YOY_PCT,raw,Year-over-year percent change in the coconut oil price (Pink Sheet).,World Bank Pink Sheet,,percent (YoY),True,M,,,,unknown,Commodity price context — terms-of-trade transfer between exporters and importers of coconut oil; explanatory unless joined back to returns.,,commodity,True,,,model_drafted,
WB_CMDTY_COCONUT_OIL_Z_36M,WB_CMDTY_COCONUT_OIL_Z_36M,raw,Z-score of the coconut oil price versus its trailing 36-month history (Pink Sheet).,World Bank Pink Sheet,,z-score,True,M,,,,unknown,Commodity price context — terms-of-trade transfer between exporters and importers of coconut oil; explanatory unless joined back to returns.,,commodity,True,,,model_drafted,
WB_CMDTY_COFFEE_ARABIC_LEVEL,WB_CMDTY_COFFEE_ARABIC_LEVEL,raw,"coffee arabic price level (World Bank Pink Sheet, monthly, global series broadcast to all countries).",World Bank Pink Sheet,,price level (Pink Sheet native unit),True,M,,,,unknown,Commodity price context — terms-of-trade transfer between exporters and importers of coffee arabic; explanatory unless joined back to returns.,,commodity,True,,,model_drafted,
WB_CMDTY_COFFEE_ARABIC_MOM_PCT,WB_CMDTY_COFFEE_ARABIC_MOM_PCT,raw,Month-over-month percent change in the coffee arabic price (Pink Sheet).,World Bank Pink Sheet,,percent (MoM),True,M,,,,unknown,Commodity price context — terms-of-trade transfer between exporters and importers of coffee arabic; explanatory unless joined back to returns.,,commodity,True,,,model_drafted,
WB_CMDTY_COFFEE_ARABIC_RET_12M_PCT,WB_CMDTY_COFFEE_ARABIC_RET_12M_PCT,raw,12-month percent return of the coffee arabic price (Pink Sheet).,World Bank Pink Sheet,,percent (12m),True,M,,,,unknown,Commodity price context — terms-of-trade transfer between exporters and importers of coffee arabic; explanatory unless joined back to returns.,,commodity,True,,,model_drafted,
WB_CMDTY_COFFEE_ARABIC_RET_3M_PCT,WB_CMDTY_COFFEE_ARABIC_RET_3M_PCT,raw,3-month percent return of the coffee arabic price (Pink Sheet).,World Bank Pink Sheet,,percent (3m),True,M,,,,unknown,Commodity price context — terms-of-trade transfer between exporters and importers of coffee arabic; explanatory unless joined back to returns.,,commodity,True,,,model_drafted,
WB_CMDTY_COFFEE_ARABIC_VOL_12M,WB_CMDTY_COFFEE_ARABIC_VOL_12M,raw,12-month rolling volatility of monthly coffee arabic price returns (Pink Sheet).,World Bank Pink Sheet,,percent (volatility),True,M,,,,unknown,Commodity price context — terms-of-trade transfer between exporters and importers of coffee arabic; explanatory unless joined back to returns.,,commodity,True,,,model_drafted,
WB_CMDTY_COFFEE_ARABIC_YOY_PCT,WB_CMDTY_COFFEE_ARABIC_YOY_PCT,raw,Year-over-year percent change in the coffee arabic price (Pink Sheet).,World Bank Pink Sheet,,percent (YoY),True,M,,,,unknown,Commodity price context — terms-of-trade transfer between exporters and importers of coffee arabic; explanatory unless joined back to returns.,,commodity,True,,,model_drafted,
WB_CMDTY_COFFEE_ARABIC_Z_36M,WB_CMDTY_COFFEE_ARABIC_Z_36M,raw,Z-score of the coffee arabic price versus its trailing 36-month history (Pink Sheet).,World Bank Pink Sheet,,z-score,True,M,,,,unknown,Commodity price context — terms-of-trade transfer between exporters and importers of coffee arabic; explanatory unless joined back to returns.,,commodity,True,,,model_drafted,
WB_CMDTY_COFFEE_ROBUS_LEVEL,WB_CMDTY_COFFEE_ROBUS_LEVEL,raw,"coffee robus price level (World Bank Pink Sheet, monthly, global series broadcast to all countries).",World Bank Pink Sheet,,price level (Pink Sheet native unit),True,M,,,,unknown,Commodity price context — terms-of-trade transfer between exporters and importers of coffee robus; explanatory unless joined back to returns.,,commodity,True,,,model_drafted,
WB_CMDTY_COFFEE_ROBUS_MOM_PCT,WB_CMDTY_COFFEE_ROBUS_MOM_PCT,raw,Month-over-month percent change in the coffee robus price (Pink Sheet).,World Bank Pink Sheet,,percent (MoM),True,M,,,,unknown,Commodity price context — terms-of-trade transfer between exporters and importers of coffee robus; explanatory unless joined back to returns.,,commodity,True,,,model_drafted,
WB_CMDTY_COFFEE_ROBUS_RET_12M_PCT,WB_CMDTY_COFFEE_ROBUS_RET_12M_PCT,raw,12-month percent return of the coffee robus price (Pink Sheet).,World Bank Pink Sheet,,percent (12m),True,M,,,,unknown,Commodity price context — terms-of-trade transfer between exporters and importers of coffee robus; explanatory unless joined back to returns.,,commodity,True,,,model_drafted,
WB_CMDTY_COFFEE_ROBUS_RET_3M_PCT,WB_CMDTY_COFFEE_ROBUS_RET_3M_PCT,raw,3-month percent return of the coffee robus price (Pink Sheet).,World Bank Pink Sheet,,percent (3m),True,M,,,,unknown,Commodity price context — terms-of-trade transfer between exporters and importers of coffee robus; explanatory unless joined back to returns.,,commodity,True,,,model_drafted,
WB_CMDTY_COFFEE_ROBUS_VOL_12M,WB_CMDTY_COFFEE_ROBUS_VOL_12M,raw,12-month rolling volatility of monthly coffee robus price returns (Pink Sheet).,World Bank Pink Sheet,,percent (volatility),True,M,,,,unknown,Commodity price context — terms-of-trade transfer between exporters and importers of coffee robus; explanatory unless joined back to returns.,,commodity,True,,,model_drafted,
WB_CMDTY_COFFEE_ROBUS_YOY_PCT,WB_CMDTY_COFFEE_ROBUS_YOY_PCT,raw,Year-over-year percent change in the coffee robus price (Pink Sheet).,World Bank Pink Sheet,,percent (YoY),True,M,,,,unknown,Commodity price context — terms-of-trade transfer between exporters and importers of coffee robus; explanatory unless joined back to returns.,,commodity,True,,,model_drafted,
WB_CMDTY_COFFEE_ROBUS_Z_36M,WB_CMDTY_COFFEE_ROBUS_Z_36M,raw,Z-score of the coffee robus price versus its trailing 36-month history (Pink Sheet).,World Bank Pink Sheet,,z-score,True,M,,,,unknown,Commodity price context — terms-of-trade transfer between exporters and importers of coffee robus; explanatory unless joined back to returns.,,commodity,True,,,model_drafted,
WB_CMDTY_COPPER_LEVEL,WB_CMDTY_COPPER_LEVEL,raw,"copper price level (World Bank Pink Sheet, monthly, global series broadcast to all countries).",World Bank Pink Sheet,,price level (Pink Sheet native unit),True,M,,,,unknown,Commodity price context — terms-of-trade transfer between exporters and importers of copper; explanatory unless joined back to returns.,,commodity,True,,,model_drafted,
WB_CMDTY_COPPER_MOM_PCT,WB_CMDTY_COPPER_MOM_PCT,raw,Month-over-month percent change in the copper price (Pink Sheet).,World Bank Pink Sheet,,percent (MoM),True,M,,,,unknown,Commodity price context — terms-of-trade transfer between exporters and importers of copper; explanatory unless joined back to returns.,,commodity,True,,,model_drafted,
WB_CMDTY_COPPER_RET_12M_PCT,WB_CMDTY_COPPER_RET_12M_PCT,raw,12-month percent return of the copper price (Pink Sheet).,World Bank Pink Sheet,,percent (12m),True,M,,,,unknown,Commodity price context — terms-of-trade transfer between exporters and importers of copper; explanatory unless joined back to returns.,,commodity,True,,,model_drafted,
WB_CMDTY_COPPER_RET_3M_PCT,WB_CMDTY_COPPER_RET_3M_PCT,raw,3-month percent return of the copper price (Pink Sheet).,World Bank Pink Sheet,,percent (3m),True,M,,,,unknown,Commodity price context — terms-of-trade transfer between exporters and importers of copper; explanatory unless joined back to returns.,,commodity,True,,,model_drafted,
WB_CMDTY_COPPER_VOL_12M,WB_CMDTY_COPPER_VOL_12M,raw,12-month rolling volatility of monthly copper price returns (Pink Sheet).,World Bank Pink Sheet,,percent (volatility),True,M,,,,unknown,Commodity price context — terms-of-trade transfer between exporters and importers of copper; explanatory unless joined back to returns.,,commodity,True,,,model_drafted,
WB_CMDTY_COPPER_YOY_PCT,WB_CMDTY_COPPER_YOY_PCT,raw,Year-over-year percent change in the copper price (Pink Sheet).,World Bank Pink Sheet,,percent (YoY),True,M,,,,unknown,Commodity price context — terms-of-trade transfer between exporters and importers of copper; explanatory unless joined back to returns.,,commodity,True,,,model_drafted,
WB_CMDTY_COPPER_Z_36M,WB_CMDTY_COPPER_Z_36M,raw,Z-score of the copper price versus its trailing 36-month history (Pink Sheet).,World Bank Pink Sheet,,z-score,True,M,,,,unknown,Commodity price context — terms-of-trade transfer between exporters and importers of copper; explanatory unless joined back to returns.,,commodity,True,,,model_drafted,
WB_CMDTY_COTTON_A_INDX_LEVEL,WB_CMDTY_COTTON_A_INDX_LEVEL,raw,"cotton a indx price level (World Bank Pink Sheet, monthly, global series broadcast to all countries).",World Bank Pink Sheet,,price level (Pink Sheet native unit),True,M,,,,unknown,Commodity price context — terms-of-trade transfer between exporters and importers of cotton a indx; explanatory unless joined back to returns.,,commodity,True,,,model_drafted,
WB_CMDTY_COTTON_A_INDX_MOM_PCT,WB_CMDTY_COTTON_A_INDX_MOM_PCT,raw,Month-over-month percent change in the cotton a indx price (Pink Sheet).,World Bank Pink Sheet,,percent (MoM),True,M,,,,unknown,Commodity price context — terms-of-trade transfer between exporters and importers of cotton a indx; explanatory unless joined back to returns.,,commodity,True,,,model_drafted,
WB_CMDTY_COTTON_A_INDX_RET_12M_PCT,WB_CMDTY_COTTON_A_INDX_RET_12M_PCT,raw,12-month percent return of the cotton a indx price (Pink Sheet).,World Bank Pink Sheet,,percent (12m),True,M,,,,unknown,Commodity price context — terms-of-trade transfer between exporters and importers of cotton a indx; explanatory unless joined back to returns.,,commodity,True,,,model_drafted,
WB_CMDTY_COTTON_A_INDX_RET_3M_PCT,WB_CMDTY_COTTON_A_INDX_RET_3M_PCT,raw,3-month percent return of the cotton a indx price (Pink Sheet).,World Bank Pink Sheet,,percent (3m),True,M,,,,unknown,Commodity price context — terms-of-trade transfer between exporters and importers of cotton a indx; explanatory unless joined back to returns.,,commodity,True,,,model_drafted,
WB_CMDTY_COTTON_A_INDX_VOL_12M,WB_CMDTY_COTTON_A_INDX_VOL_12M,raw,12-month rolling volatility of monthly cotton a indx price returns (Pink Sheet).,World Bank Pink Sheet,,percent (volatility),True,M,,,,unknown,Commodity price context — terms-of-trade transfer between exporters and importers of cotton a indx; explanatory unless joined back to returns.,,commodity,True,,,model_drafted,
WB_CMDTY_COTTON_A_INDX_YOY_PCT,WB_CMDTY_COTTON_A_INDX_YOY_PCT,raw,Year-over-year percent change in the cotton a indx price (Pink Sheet).,World Bank Pink Sheet,,percent (YoY),True,M,,,,unknown,Commodity price context — terms-of-trade transfer between exporters and importers of cotton a indx; explanatory unless joined back to returns.,,commodity,True,,,model_drafted,
WB_CMDTY_COTTON_A_INDX_Z_36M,WB_CMDTY_COTTON_A_INDX_Z_36M,raw,Z-score of the cotton a indx price versus its trailing 36-month history (Pink Sheet).,World Bank Pink Sheet,,z-score,True,M,,,,unknown,Commodity price context — terms-of-trade transfer between exporters and importers of cotton a indx; explanatory unless joined back to returns.,,commodity,True,,,model_drafted,
WB_CMDTY_CRUDE_BRENT_LEVEL,WB_CMDTY_CRUDE_BRENT_LEVEL,raw,"crude brent price level (World Bank Pink Sheet, monthly, global series broadcast to all countries).",World Bank Pink Sheet,,price level (Pink Sheet native unit),True,M,,,,unknown,Commodity price context — terms-of-trade transfer between exporters and importers of crude brent; explanatory unless joined back to returns.,,commodity,True,,,model_drafted,
WB_CMDTY_CRUDE_BRENT_MOM_PCT,WB_CMDTY_CRUDE_BRENT_MOM_PCT,raw,Month-over-month percent change in the crude brent price (Pink Sheet).,World Bank Pink Sheet,,percent (MoM),True,M,,,,unknown,Commodity price context — terms-of-trade transfer between exporters and importers of crude brent; explanatory unless joined back to returns.,,commodity,True,,,model_drafted,
WB_CMDTY_CRUDE_BRENT_RET_12M_PCT,WB_CMDTY_CRUDE_BRENT_RET_12M_PCT,raw,12-month percent return of the crude brent price (Pink Sheet).,World Bank Pink Sheet,,percent (12m),True,M,,,,unknown,Commodity price context — terms-of-trade transfer between exporters and importers of crude brent; explanatory unless joined back to returns.,,commodity,True,,,model_drafted,
WB_CMDTY_CRUDE_BRENT_RET_3M_PCT,WB_CMDTY_CRUDE_BRENT_RET_3M_PCT,raw,3-month percent return of the crude brent price (Pink Sheet).,World Bank Pink Sheet,,percent (3m),True,M,,,,unknown,Commodity price context — terms-of-trade transfer between exporters and importers of crude brent; explanatory unless joined back to returns.,,commodity,True,,,model_drafted,
WB_CMDTY_CRUDE_BRENT_VOL_12M,WB_CMDTY_CRUDE_BRENT_VOL_12M,raw,12-month rolling volatility of monthly crude brent price returns (Pink Sheet).,World Bank Pink Sheet,,percent (volatility),True,M,,,,unknown,Commodity price context — terms-of-trade transfer between exporters and importers of crude brent; explanatory unless joined back to returns.,,commodity,True,,,model_drafted,
WB_CMDTY_CRUDE_BRENT_YOY_PCT,WB_CMDTY_CRUDE_BRENT_YOY_PCT,raw,Year-over-year percent change in the crude brent price (Pink Sheet).,World Bank Pink Sheet,,percent (YoY),True,M,,,,unknown,Commodity price context — terms-of-trade transfer between exporters and importers of crude brent; explanatory unless joined back to returns.,,commodity,True,,,model_drafted,
WB_CMDTY_CRUDE_BRENT_Z_36M,WB_CMDTY_CRUDE_BRENT_Z_36M,raw,Z-score of the crude brent price versus its trailing 36-month history (Pink Sheet).,World Bank Pink Sheet,,z-score,True,M,,,,unknown,Commodity price context — terms-of-trade transfer between exporters and importers of crude brent; explanatory unless joined back to returns.,,commodity,True,,,model_drafted,
WB_CMDTY_CRUDE_DUBAI_LEVEL,WB_CMDTY_CRUDE_DUBAI_LEVEL,raw,"crude dubai price level (World Bank Pink Sheet, monthly, global series broadcast to all countries).",World Bank Pink Sheet,,price level (Pink Sheet native unit),True,M,,,,unknown,Commodity price context — terms-of-trade transfer between exporters and importers of crude dubai; explanatory unless joined back to returns.,,commodity,True,,,model_drafted,
WB_CMDTY_CRUDE_DUBAI_MOM_PCT,WB_CMDTY_CRUDE_DUBAI_MOM_PCT,raw,Month-over-month percent change in the crude dubai price (Pink Sheet).,World Bank Pink Sheet,,percent (MoM),True,M,,,,unknown,Commodity price context — terms-of-trade transfer between exporters and importers of crude dubai; explanatory unless joined back to returns.,,commodity,True,,,model_drafted,
WB_CMDTY_CRUDE_DUBAI_RET_12M_PCT,WB_CMDTY_CRUDE_DUBAI_RET_12M_PCT,raw,12-month percent return of the crude dubai price (Pink Sheet).,World Bank Pink Sheet,,percent (12m),True,M,,,,unknown,Commodity price context — terms-of-trade transfer between exporters and importers of crude dubai; explanatory unless joined back to returns.,,commodity,True,,,model_drafted,
WB_CMDTY_CRUDE_DUBAI_RET_3M_PCT,WB_CMDTY_CRUDE_DUBAI_RET_3M_PCT,raw,3-month percent return of the crude dubai price (Pink Sheet).,World Bank Pink Sheet,,percent (3m),True,M,,,,unknown,Commodity price context — terms-of-trade transfer between exporters and importers of crude dubai; explanatory unless joined back to returns.,,commodity,True,,,model_drafted,
WB_CMDTY_CRUDE_DUBAI_VOL_12M,WB_CMDTY_CRUDE_DUBAI_VOL_12M,raw,12-month rolling volatility of monthly crude dubai price returns (Pink Sheet).,World Bank Pink Sheet,,percent (volatility),True,M,,,,unknown,Commodity price context — terms-of-trade transfer between exporters and importers of crude dubai; explanatory unless joined back to returns.,,commodity,True,,,model_drafted,
WB_CMDTY_CRUDE_DUBAI_YOY_PCT,WB_CMDTY_CRUDE_DUBAI_YOY_PCT,raw,Year-over-year percent change in the crude dubai price (Pink Sheet).,World Bank Pink Sheet,,percent (YoY),True,M,,,,unknown,Commodity price context — terms-of-trade transfer between exporters and importers of crude dubai; explanatory unless joined back to returns.,,commodity,True,,,model_drafted,
WB_CMDTY_CRUDE_DUBAI_Z_36M,WB_CMDTY_CRUDE_DUBAI_Z_36M,raw,Z-score of the crude dubai price versus its trailing 36-month history (Pink Sheet).,World Bank Pink Sheet,,z-score,True,M,,,,unknown,Commodity price context — terms-of-trade transfer between exporters and importers of crude dubai; explanatory unless joined back to returns.,,commodity,True,,,model_drafted,
WB_CMDTY_CRUDE_PETRO_LEVEL,WB_CMDTY_CRUDE_PETRO_LEVEL,raw,"crude petro price level (World Bank Pink Sheet, monthly, global series broadcast to all countries).",World Bank Pink Sheet,,price level (Pink Sheet native unit),True,M,,,,unknown,Commodity price context — terms-of-trade transfer between exporters and importers of crude petro; explanatory unless joined back to returns.,,commodity,True,,,model_drafted,
WB_CMDTY_CRUDE_PETRO_MOM_PCT,WB_CMDTY_CRUDE_PETRO_MOM_PCT,raw,Month-over-month percent change in the crude petro price (Pink Sheet).,World Bank Pink Sheet,,percent (MoM),True,M,,,,unknown,Commodity price context — terms-of-trade transfer between exporters and importers of crude petro; explanatory unless joined back to returns.,,commodity,True,,,model_drafted,
WB_CMDTY_CRUDE_PETRO_RET_12M_PCT,WB_CMDTY_CRUDE_PETRO_RET_12M_PCT,raw,12-month percent return of the crude petro price (Pink Sheet).,World Bank Pink Sheet,,percent (12m),True,M,,,,unknown,Commodity price context — terms-of-trade transfer between exporters and importers of crude petro; explanatory unless joined back to returns.,,commodity,True,,,model_drafted,
WB_CMDTY_CRUDE_PETRO_RET_3M_PCT,WB_CMDTY_CRUDE_PETRO_RET_3M_PCT,raw,3-month percent return of the crude petro price (Pink Sheet).,World Bank Pink Sheet,,percent (3m),True,M,,,,unknown,Commodity price context — terms-of-trade transfer between exporters and importers of crude petro; explanatory unless joined back to returns.,,commodity,True,,,model_drafted,
WB_CMDTY_CRUDE_PETRO_VOL_12M,WB_CMDTY_CRUDE_PETRO_VOL_12M,raw,12-month rolling volatility of monthly crude petro price returns (Pink Sheet).,World Bank Pink Sheet,,percent (volatility),True,M,,,,unknown,Commodity price context — terms-of-trade transfer between exporters and importers of crude petro; explanatory unless joined back to returns.,,commodity,True,,,model_drafted,
WB_CMDTY_CRUDE_PETRO_YOY_PCT,WB_CMDTY_CRUDE_PETRO_YOY_PCT,raw,Year-over-year percent change in the crude petro price (Pink Sheet).,World Bank Pink Sheet,,percent (YoY),True,M,,,,unknown,Commodity price context — terms-of-trade transfer between exporters and importers of crude petro; explanatory unless joined back to returns.,,commodity,True,,,model_drafted,
WB_CMDTY_CRUDE_PETRO_Z_36M,WB_CMDTY_CRUDE_PETRO_Z_36M,raw,Z-score of the crude petro price versus its trailing 36-month history (Pink Sheet).,World Bank Pink Sheet,,z-score,True,M,,,,unknown,Commodity price context — terms-of-trade transfer between exporters and importers of crude petro; explanatory unless joined back to returns.,,commodity,True,,,model_drafted,
WB_CMDTY_CRUDE_WTI_LEVEL,WB_CMDTY_CRUDE_WTI_LEVEL,raw,"crude WTI price level (World Bank Pink Sheet, monthly, global series broadcast to all countries).",World Bank Pink Sheet,,price level (Pink Sheet native unit),True,M,,,,unknown,Commodity price context — terms-of-trade transfer between exporters and importers of crude WTI; explanatory unless joined back to returns.,,commodity,True,,,model_drafted,
WB_CMDTY_CRUDE_WTI_MOM_PCT,WB_CMDTY_CRUDE_WTI_MOM_PCT,raw,Month-over-month percent change in the crude WTI price (Pink Sheet).,World Bank Pink Sheet,,percent (MoM),True,M,,,,unknown,Commodity price context — terms-of-trade transfer between exporters and importers of crude WTI; explanatory unless joined back to returns.,,commodity,True,,,model_drafted,
WB_CMDTY_CRUDE_WTI_RET_12M_PCT,WB_CMDTY_CRUDE_WTI_RET_12M_PCT,raw,12-month percent return of the crude WTI price (Pink Sheet).,World Bank Pink Sheet,,percent (12m),True,M,,,,unknown,Commodity price context — terms-of-trade transfer between exporters and importers of crude WTI; explanatory unless joined back to returns.,,commodity,True,,,model_drafted,
WB_CMDTY_CRUDE_WTI_RET_3M_PCT,WB_CMDTY_CRUDE_WTI_RET_3M_PCT,raw,3-month percent return of the crude WTI price (Pink Sheet).,World Bank Pink Sheet,,percent (3m),True,M,,,,unknown,Commodity price context — terms-of-trade transfer between exporters and importers of crude WTI; explanatory unless joined back to returns.,,commodity,True,,,model_drafted,
WB_CMDTY_CRUDE_WTI_VOL_12M,WB_CMDTY_CRUDE_WTI_VOL_12M,raw,12-month rolling volatility of monthly crude WTI price returns (Pink Sheet).,World Bank Pink Sheet,,percent (volatility),True,M,,,,unknown,Commodity price context — terms-of-trade transfer between exporters and importers of crude WTI; explanatory unless joined back to returns.,,commodity,True,,,model_drafted,
WB_CMDTY_CRUDE_WTI_YOY_PCT,WB_CMDTY_CRUDE_WTI_YOY_PCT,raw,Year-over-year percent change in the crude WTI price (Pink Sheet).,World Bank Pink Sheet,,percent (YoY),True,M,,,,unknown,Commodity price context — terms-of-trade transfer between exporters and importers of crude WTI; explanatory unless joined back to returns.,,commodity,True,,,model_drafted,
WB_CMDTY_CRUDE_WTI_Z_36M,WB_CMDTY_CRUDE_WTI_Z_36M,raw,Z-score of the crude WTI price versus its trailing 36-month history (Pink Sheet).,World Bank Pink Sheet,,z-score,True,M,,,,unknown,Commodity price context — terms-of-trade transfer between exporters and importers of crude WTI; explanatory unless joined back to returns.,,commodity,True,,,model_drafted,
WB_CMDTY_DAP_LEVEL,WB_CMDTY_DAP_LEVEL,raw,"DAP price level (World Bank Pink Sheet, monthly, global series broadcast to all countries).",World Bank Pink Sheet,,price level (Pink Sheet native unit),True,M,,,,unknown,Commodity price context — terms-of-trade transfer between exporters and importers of DAP; explanatory unless joined back to returns.,,commodity,True,,,model_drafted,
WB_CMDTY_DAP_MOM_PCT,WB_CMDTY_DAP_MOM_PCT,raw,Month-over-month percent change in the DAP price (Pink Sheet).,World Bank Pink Sheet,,percent (MoM),True,M,,,,unknown,Commodity price context — terms-of-trade transfer between exporters and importers of DAP; explanatory unless joined back to returns.,,commodity,True,,,model_drafted,
WB_CMDTY_DAP_RET_12M_PCT,WB_CMDTY_DAP_RET_12M_PCT,raw,12-month percent return of the DAP price (Pink Sheet).,World Bank Pink Sheet,,percent (12m),True,M,,,,unknown,Commodity price context — terms-of-trade transfer between exporters and importers of DAP; explanatory unless joined back to returns.,,commodity,True,,,model_drafted,
WB_CMDTY_DAP_RET_3M_PCT,WB_CMDTY_DAP_RET_3M_PCT,raw,3-month percent return of the DAP price (Pink Sheet).,World Bank Pink Sheet,,percent (3m),True,M,,,,unknown,Commodity price context — terms-of-trade transfer between exporters and importers of DAP; explanatory unless joined back to returns.,,commodity,True,,,model_drafted,
WB_CMDTY_DAP_VOL_12M,WB_CMDTY_DAP_VOL_12M,raw,12-month rolling volatility of monthly DAP price returns (Pink Sheet).,World Bank Pink Sheet,,percent (volatility),True,M,,,,unknown,Commodity price context — terms-of-trade transfer between exporters and importers of DAP; explanatory unless joined back to returns.,,commodity,True,,,model_drafted,
WB_CMDTY_DAP_YOY_PCT,WB_CMDTY_DAP_YOY_PCT,raw,Year-over-year percent change in the DAP price (Pink Sheet).,World Bank Pink Sheet,,percent (YoY),True,M,,,,unknown,Commodity price context — terms-of-trade transfer between exporters and importers of DAP; explanatory unless joined back to returns.,,commodity,True,,,model_drafted,
WB_CMDTY_DAP_Z_36M,WB_CMDTY_DAP_Z_36M,raw,Z-score of the DAP price versus its trailing 36-month history (Pink Sheet).,World Bank Pink Sheet,,z-score,True,M,,,,unknown,Commodity price context — terms-of-trade transfer between exporters and importers of DAP; explanatory unless joined back to returns.,,commodity,True,,,model_drafted,
WB_CMDTY_FISH_MEAL_LEVEL,WB_CMDTY_FISH_MEAL_LEVEL,raw,"fish meal price level (World Bank Pink Sheet, monthly, global series broadcast to all countries).",World Bank Pink Sheet,,price level (Pink Sheet native unit),True,M,,,,unknown,Commodity price context — terms-of-trade transfer between exporters and importers of fish meal; explanatory unless joined back to returns.,,commodity,True,,,model_drafted,
WB_CMDTY_FISH_MEAL_MOM_PCT,WB_CMDTY_FISH_MEAL_MOM_PCT,raw,Month-over-month percent change in the fish meal price (Pink Sheet).,World Bank Pink Sheet,,percent (MoM),True,M,,,,unknown,Commodity price context — terms-of-trade transfer between exporters and importers of fish meal; explanatory unless joined back to returns.,,commodity,True,,,model_drafted,
WB_CMDTY_FISH_MEAL_RET_12M_PCT,WB_CMDTY_FISH_MEAL_RET_12M_PCT,raw,12-month percent return of the fish meal price (Pink Sheet).,World Bank Pink Sheet,,percent (12m),True,M,,,,unknown,Commodity price context — terms-of-trade transfer between exporters and importers of fish meal; explanatory unless joined back to returns.,,commodity,True,,,model_drafted,
WB_CMDTY_FISH_MEAL_RET_3M_PCT,WB_CMDTY_FISH_MEAL_RET_3M_PCT,raw,3-month percent return of the fish meal price (Pink Sheet).,World Bank Pink Sheet,,percent (3m),True,M,,,,unknown,Commodity price context — terms-of-trade transfer between exporters and importers of fish meal; explanatory unless joined back to returns.,,commodity,True,,,model_drafted,
WB_CMDTY_FISH_MEAL_VOL_12M,WB_CMDTY_FISH_MEAL_VOL_12M,raw,12-month rolling volatility of monthly fish meal price returns (Pink Sheet).,World Bank Pink Sheet,,percent (volatility),True,M,,,,unknown,Commodity price context — terms-of-trade transfer between exporters and importers of fish meal; explanatory unless joined back to returns.,,commodity,True,,,model_drafted,
WB_CMDTY_FISH_MEAL_YOY_PCT,WB_CMDTY_FISH_MEAL_YOY_PCT,raw,Year-over-year percent change in the fish meal price (Pink Sheet).,World Bank Pink Sheet,,percent (YoY),True,M,,,,unknown,Commodity price context — terms-of-trade transfer between exporters and importers of fish meal; explanatory unless joined back to returns.,,commodity,True,,,model_drafted,
WB_CMDTY_FISH_MEAL_Z_36M,WB_CMDTY_FISH_MEAL_Z_36M,raw,Z-score of the fish meal price versus its trailing 36-month history (Pink Sheet).,World Bank Pink Sheet,,z-score,True,M,,,,unknown,Commodity price context — terms-of-trade transfer between exporters and importers of fish meal; explanatory unless joined back to returns.,,commodity,True,,,model_drafted,
WB_CMDTY_GOLD_LEVEL,WB_CMDTY_GOLD_LEVEL,raw,"gold price level (World Bank Pink Sheet, monthly, global series broadcast to all countries).",World Bank Pink Sheet,,price level (Pink Sheet native unit),True,M,,,,unknown,Commodity price context — terms-of-trade transfer between exporters and importers of gold; explanatory unless joined back to returns.,,commodity,True,,,model_drafted,
WB_CMDTY_GOLD_MOM_PCT,WB_CMDTY_GOLD_MOM_PCT,raw,Month-over-month percent change in the gold price (Pink Sheet).,World Bank Pink Sheet,,percent (MoM),True,M,,,,unknown,Commodity price context — terms-of-trade transfer between exporters and importers of gold; explanatory unless joined back to returns.,,commodity,True,,,model_drafted,
WB_CMDTY_GOLD_RET_12M_PCT,WB_CMDTY_GOLD_RET_12M_PCT,raw,12-month percent return of the gold price (Pink Sheet).,World Bank Pink Sheet,,percent (12m),True,M,,,,unknown,Commodity price context — terms-of-trade transfer between exporters and importers of gold; explanatory unless joined back to returns.,,commodity,True,,,model_drafted,
WB_CMDTY_GOLD_RET_3M_PCT,WB_CMDTY_GOLD_RET_3M_PCT,raw,3-month percent return of the gold price (Pink Sheet).,World Bank Pink Sheet,,percent (3m),True,M,,,,unknown,Commodity price context — terms-of-trade transfer between exporters and importers of gold; explanatory unless joined back to returns.,,commodity,True,,,model_drafted,
WB_CMDTY_GOLD_VOL_12M,WB_CMDTY_GOLD_VOL_12M,raw,12-month rolling volatility of monthly gold price returns (Pink Sheet).,World Bank Pink Sheet,,percent (volatility),True,M,,,,unknown,Commodity price context — terms-of-trade transfer between exporters and importers of gold; explanatory unless joined back to returns.,,commodity,True,,,model_drafted,
WB_CMDTY_GOLD_YOY_PCT,WB_CMDTY_GOLD_YOY_PCT,raw,Year-over-year percent change in the gold price (Pink Sheet).,World Bank Pink Sheet,,percent (YoY),True,M,,,,unknown,Commodity price context — terms-of-trade transfer between exporters and importers of gold; explanatory unless joined back to returns.,,commodity,True,,,model_drafted,
WB_CMDTY_GOLD_Z_36M,WB_CMDTY_GOLD_Z_36M,raw,Z-score of the gold price versus its trailing 36-month history (Pink Sheet).,World Bank Pink Sheet,,z-score,True,M,,,,unknown,Commodity price context — terms-of-trade transfer between exporters and importers of gold; explanatory unless joined back to returns.,,commodity,True,,,model_drafted,
WB_CMDTY_GRNUT_LEVEL,WB_CMDTY_GRNUT_LEVEL,raw,"grnut price level (World Bank Pink Sheet, monthly, global series broadcast to all countries).",World Bank Pink Sheet,,price level (Pink Sheet native unit),True,M,,,,unknown,Commodity price context — terms-of-trade transfer between exporters and importers of grnut; explanatory unless joined back to returns.,,commodity,True,,,model_drafted,
WB_CMDTY_GRNUT_MOM_PCT,WB_CMDTY_GRNUT_MOM_PCT,raw,Month-over-month percent change in the grnut price (Pink Sheet).,World Bank Pink Sheet,,percent (MoM),True,M,,,,unknown,Commodity price context — terms-of-trade transfer between exporters and importers of grnut; explanatory unless joined back to returns.,,commodity,True,,,model_drafted,
WB_CMDTY_GRNUT_OIL_LEVEL,WB_CMDTY_GRNUT_OIL_LEVEL,raw,"grnut oil price level (World Bank Pink Sheet, monthly, global series broadcast to all countries).",World Bank Pink Sheet,,price level (Pink Sheet native unit),True,M,,,,unknown,Commodity price context — terms-of-trade transfer between exporters and importers of grnut oil; explanatory unless joined back to returns.,,commodity,True,,,model_drafted,
WB_CMDTY_GRNUT_OIL_MOM_PCT,WB_CMDTY_GRNUT_OIL_MOM_PCT,raw,Month-over-month percent change in the grnut oil price (Pink Sheet).,World Bank Pink Sheet,,percent (MoM),True,M,,,,unknown,Commodity price context — terms-of-trade transfer between exporters and importers of grnut oil; explanatory unless joined back to returns.,,commodity,True,,,model_drafted,
WB_CMDTY_GRNUT_OIL_RET_12M_PCT,WB_CMDTY_GRNUT_OIL_RET_12M_PCT,raw,12-month percent return of the grnut oil price (Pink Sheet).,World Bank Pink Sheet,,percent (12m),True,M,,,,unknown,Commodity price context — terms-of-trade transfer between exporters and importers of grnut oil; explanatory unless joined back to returns.,,commodity,True,,,model_drafted,
WB_CMDTY_GRNUT_OIL_RET_3M_PCT,WB_CMDTY_GRNUT_OIL_RET_3M_PCT,raw,3-month percent return of the grnut oil price (Pink Sheet).,World Bank Pink Sheet,,percent (3m),True,M,,,,unknown,Commodity price context — terms-of-trade transfer between exporters and importers of grnut oil; explanatory unless joined back to returns.,,commodity,True,,,model_drafted,
WB_CMDTY_GRNUT_OIL_VOL_12M,WB_CMDTY_GRNUT_OIL_VOL_12M,raw,12-month rolling volatility of monthly grnut oil price returns (Pink Sheet).,World Bank Pink Sheet,,percent (volatility),True,M,,,,unknown,Commodity price context — terms-of-trade transfer between exporters and importers of grnut oil; explanatory unless joined back to returns.,,commodity,True,,,model_drafted,
WB_CMDTY_GRNUT_OIL_YOY_PCT,WB_CMDTY_GRNUT_OIL_YOY_PCT,raw,Year-over-year percent change in the grnut oil price (Pink Sheet).,World Bank Pink Sheet,,percent (YoY),True,M,,,,unknown,Commodity price context — terms-of-trade transfer between exporters and importers of grnut oil; explanatory unless joined back to returns.,,commodity,True,,,model_drafted,
WB_CMDTY_GRNUT_OIL_Z_36M,WB_CMDTY_GRNUT_OIL_Z_36M,raw,Z-score of the grnut oil price versus its trailing 36-month history (Pink Sheet).,World Bank Pink Sheet,,z-score,True,M,,,,unknown,Commodity price context — terms-of-trade transfer between exporters and importers of grnut oil; explanatory unless joined back to returns.,,commodity,True,,,model_drafted,
WB_CMDTY_GRNUT_RET_12M_PCT,WB_CMDTY_GRNUT_RET_12M_PCT,raw,12-month percent return of the grnut price (Pink Sheet).,World Bank Pink Sheet,,percent (12m),True,M,,,,unknown,Commodity price context — terms-of-trade transfer between exporters and importers of grnut; explanatory unless joined back to returns.,,commodity,True,,,model_drafted,
WB_CMDTY_GRNUT_RET_3M_PCT,WB_CMDTY_GRNUT_RET_3M_PCT,raw,3-month percent return of the grnut price (Pink Sheet).,World Bank Pink Sheet,,percent (3m),True,M,,,,unknown,Commodity price context — terms-of-trade transfer between exporters and importers of grnut; explanatory unless joined back to returns.,,commodity,True,,,model_drafted,
WB_CMDTY_GRNUT_VOL_12M,WB_CMDTY_GRNUT_VOL_12M,raw,12-month rolling volatility of monthly grnut price returns (Pink Sheet).,World Bank Pink Sheet,,percent (volatility),True,M,,,,unknown,Commodity price context — terms-of-trade transfer between exporters and importers of grnut; explanatory unless joined back to returns.,,commodity,True,,,model_drafted,
WB_CMDTY_GRNUT_YOY_PCT,WB_CMDTY_GRNUT_YOY_PCT,raw,Year-over-year percent change in the grnut price (Pink Sheet).,World Bank Pink Sheet,,percent (YoY),True,M,,,,unknown,Commodity price context — terms-of-trade transfer between exporters and importers of grnut; explanatory unless joined back to returns.,,commodity,True,,,model_drafted,
WB_CMDTY_GRNUT_Z_36M,WB_CMDTY_GRNUT_Z_36M,raw,Z-score of the grnut price versus its trailing 36-month history (Pink Sheet).,World Bank Pink Sheet,,z-score,True,M,,,,unknown,Commodity price context — terms-of-trade transfer between exporters and importers of grnut; explanatory unless joined back to returns.,,commodity,True,,,model_drafted,
WB_CMDTY_IAGRICULTURE_LEVEL,WB_CMDTY_IAGRICULTURE_LEVEL,raw,"iagriculture price level (World Bank Pink Sheet, monthly, global series broadcast to all countries).",World Bank Pink Sheet,,price level (Pink Sheet native unit),True,M,,,,unknown,Commodity price context — terms-of-trade transfer between exporters and importers of iagriculture; explanatory unless joined back to returns.,,commodity,True,,,model_drafted,
WB_CMDTY_IAGRICULTURE_MOM_PCT,WB_CMDTY_IAGRICULTURE_MOM_PCT,raw,Month-over-month percent change in the iagriculture price (Pink Sheet).,World Bank Pink Sheet,,percent (MoM),True,M,,,,unknown,Commodity price context — terms-of-trade transfer between exporters and importers of iagriculture; explanatory unless joined back to returns.,,commodity,True,,,model_drafted,
WB_CMDTY_IAGRICULTURE_RET_12M_PCT,WB_CMDTY_IAGRICULTURE_RET_12M_PCT,raw,12-month percent return of the iagriculture price (Pink Sheet).,World Bank Pink Sheet,,percent (12m),True,M,,,,unknown,Commodity price context — terms-of-trade transfer between exporters and importers of iagriculture; explanatory unless joined back to returns.,,commodity,True,,,model_drafted,
WB_CMDTY_IAGRICULTURE_RET_3M_PCT,WB_CMDTY_IAGRICULTURE_RET_3M_PCT,raw,3-month percent return of the iagriculture price (Pink Sheet).,World Bank Pink Sheet,,percent (3m),True,M,,,,unknown,Commodity price context — terms-of-trade transfer between exporters and importers of iagriculture; explanatory unless joined back to returns.,,commodity,True,,,model_drafted,
WB_CMDTY_IAGRICULTURE_VOL_12M,WB_CMDTY_IAGRICULTURE_VOL_12M,raw,12-month rolling volatility of monthly iagriculture price returns (Pink Sheet).,World Bank Pink Sheet,,percent (volatility),True,M,,,,unknown,Commodity price context — terms-of-trade transfer between exporters and importers of iagriculture; explanatory unless joined back to returns.,,commodity,True,,,model_drafted,
WB_CMDTY_IAGRICULTURE_YOY_PCT,WB_CMDTY_IAGRICULTURE_YOY_PCT,raw,Year-over-year percent change in the iagriculture price (Pink Sheet).,World Bank Pink Sheet,,percent (YoY),True,M,,,,unknown,Commodity price context — terms-of-trade transfer between exporters and importers of iagriculture; explanatory unless joined back to returns.,,commodity,True,,,model_drafted,
WB_CMDTY_IAGRICULTURE_Z_36M,WB_CMDTY_IAGRICULTURE_Z_36M,raw,Z-score of the iagriculture price versus its trailing 36-month history (Pink Sheet).,World Bank Pink Sheet,,z-score,True,M,,,,unknown,Commodity price context — terms-of-trade transfer between exporters and importers of iagriculture; explanatory unless joined back to returns.,,commodity,True,,,model_drafted,
WB_CMDTY_IBASEMET_LEVEL,WB_CMDTY_IBASEMET_LEVEL,raw,"ibasemet price level (World Bank Pink Sheet, monthly, global series broadcast to all countries).",World Bank Pink Sheet,,price level (Pink Sheet native unit),True,M,,,,unknown,Commodity price context — terms-of-trade transfer between exporters and importers of ibasemet; explanatory unless joined back to returns.,,commodity,True,,,model_drafted,
WB_CMDTY_IBASEMET_MOM_PCT,WB_CMDTY_IBASEMET_MOM_PCT,raw,Month-over-month percent change in the ibasemet price (Pink Sheet).,World Bank Pink Sheet,,percent (MoM),True,M,,,,unknown,Commodity price context — terms-of-trade transfer between exporters and importers of ibasemet; explanatory unless joined back to returns.,,commodity,True,,,model_drafted,
WB_CMDTY_IBASEMET_RET_12M_PCT,WB_CMDTY_IBASEMET_RET_12M_PCT,raw,12-month percent return of the ibasemet price (Pink Sheet).,World Bank Pink Sheet,,percent (12m),True,M,,,,unknown,Commodity price context — terms-of-trade transfer between exporters and importers of ibasemet; explanatory unless joined back to returns.,,commodity,True,,,model_drafted,
WB_CMDTY_IBASEMET_RET_3M_PCT,WB_CMDTY_IBASEMET_RET_3M_PCT,raw,3-month percent return of the ibasemet price (Pink Sheet).,World Bank Pink Sheet,,percent (3m),True,M,,,,unknown,Commodity price context — terms-of-trade transfer between exporters and importers of ibasemet; explanatory unless joined back to returns.,,commodity,True,,,model_drafted,
WB_CMDTY_IBASEMET_VOL_12M,WB_CMDTY_IBASEMET_VOL_12M,raw,12-month rolling volatility of monthly ibasemet price returns (Pink Sheet).,World Bank Pink Sheet,,percent (volatility),True,M,,,,unknown,Commodity price context — terms-of-trade transfer between exporters and importers of ibasemet; explanatory unless joined back to returns.,,commodity,True,,,model_drafted,
WB_CMDTY_IBASEMET_YOY_PCT,WB_CMDTY_IBASEMET_YOY_PCT,raw,Year-over-year percent change in the ibasemet price (Pink Sheet).,World Bank Pink Sheet,,percent (YoY),True,M,,,,unknown,Commodity price context — terms-of-trade transfer between exporters and importers of ibasemet; explanatory unless joined back to returns.,,commodity,True,,,model_drafted,
WB_CMDTY_IBASEMET_Z_36M,WB_CMDTY_IBASEMET_Z_36M,raw,Z-score of the ibasemet price versus its trailing 36-month history (Pink Sheet).,World Bank Pink Sheet,,z-score,True,M,,,,unknown,Commodity price context — terms-of-trade transfer between exporters and importers of ibasemet; explanatory unless joined back to returns.,,commodity,True,,,model_drafted,
WB_CMDTY_IBEVERAGES_LEVEL,WB_CMDTY_IBEVERAGES_LEVEL,raw,"ibeverages price level (World Bank Pink Sheet, monthly, global series broadcast to all countries).",World Bank Pink Sheet,,price level (Pink Sheet native unit),True,M,,,,unknown,Commodity price context — terms-of-trade transfer between exporters and importers of ibeverages; explanatory unless joined back to returns.,,commodity,True,,,model_drafted,
WB_CMDTY_IBEVERAGES_MOM_PCT,WB_CMDTY_IBEVERAGES_MOM_PCT,raw,Month-over-month percent change in the ibeverages price (Pink Sheet).,World Bank Pink Sheet,,percent (MoM),True,M,,,,unknown,Commodity price context — terms-of-trade transfer between exporters and importers of ibeverages; explanatory unless joined back to returns.,,commodity,True,,,model_drafted,
WB_CMDTY_IBEVERAGES_RET_12M_PCT,WB_CMDTY_IBEVERAGES_RET_12M_PCT,raw,12-month percent return of the ibeverages price (Pink Sheet).,World Bank Pink Sheet,,percent (12m),True,M,,,,unknown,Commodity price context — terms-of-trade transfer between exporters and importers of ibeverages; explanatory unless joined back to returns.,,commodity,True,,,model_drafted,
WB_CMDTY_IBEVERAGES_RET_3M_PCT,WB_CMDTY_IBEVERAGES_RET_3M_PCT,raw,3-month percent return of the ibeverages price (Pink Sheet).,World Bank Pink Sheet,,percent (3m),True,M,,,,unknown,Commodity price context — terms-of-trade transfer between exporters and importers of ibeverages; explanatory unless joined back to returns.,,commodity,True,,,model_drafted,
WB_CMDTY_IBEVERAGES_VOL_12M,WB_CMDTY_IBEVERAGES_VOL_12M,raw,12-month rolling volatility of monthly ibeverages price returns (Pink Sheet).,World Bank Pink Sheet,,percent (volatility),True,M,,,,unknown,Commodity price context — terms-of-trade transfer between exporters and importers of ibeverages; explanatory unless joined back to returns.,,commodity,True,,,model_drafted,
WB_CMDTY_IBEVERAGES_YOY_PCT,WB_CMDTY_IBEVERAGES_YOY_PCT,raw,Year-over-year percent change in the ibeverages price (Pink Sheet).,World Bank Pink Sheet,,percent (YoY),True,M,,,,unknown,Commodity price context — terms-of-trade transfer between exporters and importers of ibeverages; explanatory unless joined back to returns.,,commodity,True,,,model_drafted,
WB_CMDTY_IBEVERAGES_Z_36M,WB_CMDTY_IBEVERAGES_Z_36M,raw,Z-score of the ibeverages price versus its trailing 36-month history (Pink Sheet).,World Bank Pink Sheet,,z-score,True,M,,,,unknown,Commodity price context — terms-of-trade transfer between exporters and importers of ibeverages; explanatory unless joined back to returns.,,commodity,True,,,model_drafted,
WB_CMDTY_IENERGY_LEVEL,WB_CMDTY_IENERGY_LEVEL,raw,"ienergy price level (World Bank Pink Sheet, monthly, global series broadcast to all countries).",World Bank Pink Sheet,,price level (Pink Sheet native unit),True,M,,,,unknown,Commodity price context — terms-of-trade transfer between exporters and importers of ienergy; explanatory unless joined back to returns.,,commodity,True,,,model_drafted,
WB_CMDTY_IENERGY_MOM_PCT,WB_CMDTY_IENERGY_MOM_PCT,raw,Month-over-month percent change in the ienergy price (Pink Sheet).,World Bank Pink Sheet,,percent (MoM),True,M,,,,unknown,Commodity price context — terms-of-trade transfer between exporters and importers of ienergy; explanatory unless joined back to returns.,,commodity,True,,,model_drafted,
WB_CMDTY_IENERGY_RET_12M_PCT,WB_CMDTY_IENERGY_RET_12M_PCT,raw,12-month percent return of the ienergy price (Pink Sheet).,World Bank Pink Sheet,,percent (12m),True,M,,,,unknown,Commodity price context — terms-of-trade transfer between exporters and importers of ienergy; explanatory unless joined back to returns.,,commodity,True,,,model_drafted,
WB_CMDTY_IENERGY_RET_3M_PCT,WB_CMDTY_IENERGY_RET_3M_PCT,raw,3-month percent return of the ienergy price (Pink Sheet).,World Bank Pink Sheet,,percent (3m),True,M,,,,unknown,Commodity price context — terms-of-trade transfer between exporters and importers of ienergy; explanatory unless joined back to returns.,,commodity,True,,,model_drafted,
WB_CMDTY_IENERGY_VOL_12M,WB_CMDTY_IENERGY_VOL_12M,raw,12-month rolling volatility of monthly ienergy price returns (Pink Sheet).,World Bank Pink Sheet,,percent (volatility),True,M,,,,unknown,Commodity price context — terms-of-trade transfer between exporters and importers of ienergy; explanatory unless joined back to returns.,,commodity,True,,,model_drafted,
WB_CMDTY_IENERGY_YOY_PCT,WB_CMDTY_IENERGY_YOY_PCT,raw,Year-over-year percent change in the ienergy price (Pink Sheet).,World Bank Pink Sheet,,percent (YoY),True,M,,,,unknown,Commodity price context — terms-of-trade transfer between exporters and importers of ienergy; explanatory unless joined back to returns.,,commodity,True,,,model_drafted,
WB_CMDTY_IENERGY_Z_36M,WB_CMDTY_IENERGY_Z_36M,raw,Z-score of the ienergy price versus its trailing 36-month history (Pink Sheet).,World Bank Pink Sheet,,z-score,True,M,,,,unknown,Commodity price context — terms-of-trade transfer between exporters and importers of ienergy; explanatory unless joined back to returns.,,commodity,True,,,model_drafted,
WB_CMDTY_IFATS_OILS_LEVEL,WB_CMDTY_IFATS_OILS_LEVEL,raw,"ifats oils price level (World Bank Pink Sheet, monthly, global series broadcast to all countries).",World Bank Pink Sheet,,price level (Pink Sheet native unit),True,M,,,,unknown,Commodity price context — terms-of-trade transfer between exporters and importers of ifats oils; explanatory unless joined back to returns.,,commodity,True,,,model_drafted,
WB_CMDTY_IFATS_OILS_MOM_PCT,WB_CMDTY_IFATS_OILS_MOM_PCT,raw,Month-over-month percent change in the ifats oils price (Pink Sheet).,World Bank Pink Sheet,,percent (MoM),True,M,,,,unknown,Commodity price context — terms-of-trade transfer between exporters and importers of ifats oils; explanatory unless joined back to returns.,,commodity,True,,,model_drafted,
WB_CMDTY_IFATS_OILS_RET_12M_PCT,WB_CMDTY_IFATS_OILS_RET_12M_PCT,raw,12-month percent return of the ifats oils price (Pink Sheet).,World Bank Pink Sheet,,percent (12m),True,M,,,,unknown,Commodity price context — terms-of-trade transfer between exporters and importers of ifats oils; explanatory unless joined back to returns.,,commodity,True,,,model_drafted,
WB_CMDTY_IFATS_OILS_RET_3M_PCT,WB_CMDTY_IFATS_OILS_RET_3M_PCT,raw,3-month percent return of the ifats oils price (Pink Sheet).,World Bank Pink Sheet,,percent (3m),True,M,,,,unknown,Commodity price context — terms-of-trade transfer between exporters and importers of ifats oils; explanatory unless joined back to returns.,,commodity,True,,,model_drafted,
WB_CMDTY_IFATS_OILS_VOL_12M,WB_CMDTY_IFATS_OILS_VOL_12M,raw,12-month rolling volatility of monthly ifats oils price returns (Pink Sheet).,World Bank Pink Sheet,,percent (volatility),True,M,,,,unknown,Commodity price context — terms-of-trade transfer between exporters and importers of ifats oils; explanatory unless joined back to returns.,,commodity,True,,,model_drafted,
WB_CMDTY_IFATS_OILS_YOY_PCT,WB_CMDTY_IFATS_OILS_YOY_PCT,raw,Year-over-year percent change in the ifats oils price (Pink Sheet).,World Bank Pink Sheet,,percent (YoY),True,M,,,,unknown,Commodity price context — terms-of-trade transfer between exporters and importers of ifats oils; explanatory unless joined back to returns.,,commodity,True,,,model_drafted,
WB_CMDTY_IFATS_OILS_Z_36M,WB_CMDTY_IFATS_OILS_Z_36M,raw,Z-score of the ifats oils price versus its trailing 36-month history (Pink Sheet).,World Bank Pink Sheet,,z-score,True,M,,,,unknown,Commodity price context — terms-of-trade transfer between exporters and importers of ifats oils; explanatory unless joined back to returns.,,commodity,True,,,model_drafted,
WB_CMDTY_IFERTILIZERS_LEVEL,WB_CMDTY_IFERTILIZERS_LEVEL,raw,"ifertilizers price level (World Bank Pink Sheet, monthly, global series broadcast to all countries).",World Bank Pink Sheet,,price level (Pink Sheet native unit),True,M,,,,unknown,Commodity price context — terms-of-trade transfer between exporters and importers of ifertilizers; explanatory unless joined back to returns.,,commodity,True,,,model_drafted,
WB_CMDTY_IFERTILIZERS_MOM_PCT,WB_CMDTY_IFERTILIZERS_MOM_PCT,raw,Month-over-month percent change in the ifertilizers price (Pink Sheet).,World Bank Pink Sheet,,percent (MoM),True,M,,,,unknown,Commodity price context — terms-of-trade transfer between exporters and importers of ifertilizers; explanatory unless joined back to returns.,,commodity,True,,,model_drafted,
WB_CMDTY_IFERTILIZERS_RET_12M_PCT,WB_CMDTY_IFERTILIZERS_RET_12M_PCT,raw,12-month percent return of the ifertilizers price (Pink Sheet).,World Bank Pink Sheet,,percent (12m),True,M,,,,unknown,Commodity price context — terms-of-trade transfer between exporters and importers of ifertilizers; explanatory unless joined back to returns.,,commodity,True,,,model_drafted,
WB_CMDTY_IFERTILIZERS_RET_3M_PCT,WB_CMDTY_IFERTILIZERS_RET_3M_PCT,raw,3-month percent return of the ifertilizers price (Pink Sheet).,World Bank Pink Sheet,,percent (3m),True,M,,,,unknown,Commodity price context — terms-of-trade transfer between exporters and importers of ifertilizers; explanatory unless joined back to returns.,,commodity,True,,,model_drafted,
WB_CMDTY_IFERTILIZERS_VOL_12M,WB_CMDTY_IFERTILIZERS_VOL_12M,raw,12-month rolling volatility of monthly ifertilizers price returns (Pink Sheet).,World Bank Pink Sheet,,percent (volatility),True,M,,,,unknown,Commodity price context — terms-of-trade transfer between exporters and importers of ifertilizers; explanatory unless joined back to returns.,,commodity,True,,,model_drafted,
WB_CMDTY_IFERTILIZERS_YOY_PCT,WB_CMDTY_IFERTILIZERS_YOY_PCT,raw,Year-over-year percent change in the ifertilizers price (Pink Sheet).,World Bank Pink Sheet,,percent (YoY),True,M,,,,unknown,Commodity price context — terms-of-trade transfer between exporters and importers of ifertilizers; explanatory unless joined back to returns.,,commodity,True,,,model_drafted,
WB_CMDTY_IFERTILIZERS_Z_36M,WB_CMDTY_IFERTILIZERS_Z_36M,raw,Z-score of the ifertilizers price versus its trailing 36-month history (Pink Sheet).,World Bank Pink Sheet,,z-score,True,M,,,,unknown,Commodity price context — terms-of-trade transfer between exporters and importers of ifertilizers; explanatory unless joined back to returns.,,commodity,True,,,model_drafted,
WB_CMDTY_IFOOD_LEVEL,WB_CMDTY_IFOOD_LEVEL,raw,"ifood price level (World Bank Pink Sheet, monthly, global series broadcast to all countries).",World Bank Pink Sheet,,price level (Pink Sheet native unit),True,M,,,,unknown,Commodity price context — terms-of-trade transfer between exporters and importers of ifood; explanatory unless joined back to returns.,,commodity,True,,,model_drafted,
WB_CMDTY_IFOOD_MOM_PCT,WB_CMDTY_IFOOD_MOM_PCT,raw,Month-over-month percent change in the ifood price (Pink Sheet).,World Bank Pink Sheet,,percent (MoM),True,M,,,,unknown,Commodity price context — terms-of-trade transfer between exporters and importers of ifood; explanatory unless joined back to returns.,,commodity,True,,,model_drafted,
WB_CMDTY_IFOOD_RET_12M_PCT,WB_CMDTY_IFOOD_RET_12M_PCT,raw,12-month percent return of the ifood price (Pink Sheet).,World Bank Pink Sheet,,percent (12m),True,M,,,,unknown,Commodity price context — terms-of-trade transfer between exporters and importers of ifood; explanatory unless joined back to returns.,,commodity,True,,,model_drafted,
WB_CMDTY_IFOOD_RET_3M_PCT,WB_CMDTY_IFOOD_RET_3M_PCT,raw,3-month percent return of the ifood price (Pink Sheet).,World Bank Pink Sheet,,percent (3m),True,M,,,,unknown,Commodity price context — terms-of-trade transfer between exporters and importers of ifood; explanatory unless joined back to returns.,,commodity,True,,,model_drafted,
WB_CMDTY_IFOOD_VOL_12M,WB_CMDTY_IFOOD_VOL_12M,raw,12-month rolling volatility of monthly ifood price returns (Pink Sheet).,World Bank Pink Sheet,,percent (volatility),True,M,,,,unknown,Commodity price context — terms-of-trade transfer between exporters and importers of ifood; explanatory unless joined back to returns.,,commodity,True,,,model_drafted,
WB_CMDTY_IFOOD_YOY_PCT,WB_CMDTY_IFOOD_YOY_PCT,raw,Year-over-year percent change in the ifood price (Pink Sheet).,World Bank Pink Sheet,,percent (YoY),True,M,,,,unknown,Commodity price context — terms-of-trade transfer between exporters and importers of ifood; explanatory unless joined back to returns.,,commodity,True,,,model_drafted,
WB_CMDTY_IFOOD_Z_36M,WB_CMDTY_IFOOD_Z_36M,raw,Z-score of the ifood price versus its trailing 36-month history (Pink Sheet).,World Bank Pink Sheet,,z-score,True,M,,,,unknown,Commodity price context — terms-of-trade transfer between exporters and importers of ifood; explanatory unless joined back to returns.,,commodity,True,,,model_drafted,
WB_CMDTY_IGRAINS_LEVEL,WB_CMDTY_IGRAINS_LEVEL,raw,"igrains price level (World Bank Pink Sheet, monthly, global series broadcast to all countries).",World Bank Pink Sheet,,price level (Pink Sheet native unit),True,M,,,,unknown,Commodity price context — terms-of-trade transfer between exporters and importers of igrains; explanatory unless joined back to returns.,,commodity,True,,,model_drafted,
WB_CMDTY_IGRAINS_MOM_PCT,WB_CMDTY_IGRAINS_MOM_PCT,raw,Month-over-month percent change in the igrains price (Pink Sheet).,World Bank Pink Sheet,,percent (MoM),True,M,,,,unknown,Commodity price context — terms-of-trade transfer between exporters and importers of igrains; explanatory unless joined back to returns.,,commodity,True,,,model_drafted,
WB_CMDTY_IGRAINS_RET_12M_PCT,WB_CMDTY_IGRAINS_RET_12M_PCT,raw,12-month percent return of the igrains price (Pink Sheet).,World Bank Pink Sheet,,percent (12m),True,M,,,,unknown,Commodity price context — terms-of-trade transfer between exporters and importers of igrains; explanatory unless joined back to returns.,,commodity,True,,,model_drafted,
WB_CMDTY_IGRAINS_RET_3M_PCT,WB_CMDTY_IGRAINS_RET_3M_PCT,raw,3-month percent return of the igrains price (Pink Sheet).,World Bank Pink Sheet,,percent (3m),True,M,,,,unknown,Commodity price context — terms-of-trade transfer between exporters and importers of igrains; explanatory unless joined back to returns.,,commodity,True,,,model_drafted,
WB_CMDTY_IGRAINS_VOL_12M,WB_CMDTY_IGRAINS_VOL_12M,raw,12-month rolling volatility of monthly igrains price returns (Pink Sheet).,World Bank Pink Sheet,,percent (volatility),True,M,,,,unknown,Commodity price context — terms-of-trade transfer between exporters and importers of igrains; explanatory unless joined back to returns.,,commodity,True,,,model_drafted,
WB_CMDTY_IGRAINS_YOY_PCT,WB_CMDTY_IGRAINS_YOY_PCT,raw,Year-over-year percent change in the igrains price (Pink Sheet).,World Bank Pink Sheet,,percent (YoY),True,M,,,,unknown,Commodity price context — terms-of-trade transfer between exporters and importers of igrains; explanatory unless joined back to returns.,,commodity,True,,,model_drafted,
WB_CMDTY_IGRAINS_Z_36M,WB_CMDTY_IGRAINS_Z_36M,raw,Z-score of the igrains price versus its trailing 36-month history (Pink Sheet).,World Bank Pink Sheet,,z-score,True,M,,,,unknown,Commodity price context — terms-of-trade transfer between exporters and importers of igrains; explanatory unless joined back to returns.,,commodity,True,,,model_drafted,
WB_CMDTY_IMETMIN_LEVEL,WB_CMDTY_IMETMIN_LEVEL,raw,"imetmin price level (World Bank Pink Sheet, monthly, global series broadcast to all countries).",World Bank Pink Sheet,,price level (Pink Sheet native unit),True,M,,,,unknown,Commodity price context — terms-of-trade transfer between exporters and importers of imetmin; explanatory unless joined back to returns.,,commodity,True,,,model_drafted,
WB_CMDTY_IMETMIN_MOM_PCT,WB_CMDTY_IMETMIN_MOM_PCT,raw,Month-over-month percent change in the imetmin price (Pink Sheet).,World Bank Pink Sheet,,percent (MoM),True,M,,,,unknown,Commodity price context — terms-of-trade transfer between exporters and importers of imetmin; explanatory unless joined back to returns.,,commodity,True,,,model_drafted,
WB_CMDTY_IMETMIN_RET_12M_PCT,WB_CMDTY_IMETMIN_RET_12M_PCT,raw,12-month percent return of the imetmin price (Pink Sheet).,World Bank Pink Sheet,,percent (12m),True,M,,,,unknown,Commodity price context — terms-of-trade transfer between exporters and importers of imetmin; explanatory unless joined back to returns.,,commodity,True,,,model_drafted,
WB_CMDTY_IMETMIN_RET_3M_PCT,WB_CMDTY_IMETMIN_RET_3M_PCT,raw,3-month percent return of the imetmin price (Pink Sheet).,World Bank Pink Sheet,,percent (3m),True,M,,,,unknown,Commodity price context — terms-of-trade transfer between exporters and importers of imetmin; explanatory unless joined back to returns.,,commodity,True,,,model_drafted,
WB_CMDTY_IMETMIN_VOL_12M,WB_CMDTY_IMETMIN_VOL_12M,raw,12-month rolling volatility of monthly imetmin price returns (Pink Sheet).,World Bank Pink Sheet,,percent (volatility),True,M,,,,unknown,Commodity price context — terms-of-trade transfer between exporters and importers of imetmin; explanatory unless joined back to returns.,,commodity,True,,,model_drafted,
WB_CMDTY_IMETMIN_YOY_PCT,WB_CMDTY_IMETMIN_YOY_PCT,raw,Year-over-year percent change in the imetmin price (Pink Sheet).,World Bank Pink Sheet,,percent (YoY),True,M,,,,unknown,Commodity price context — terms-of-trade transfer between exporters and importers of imetmin; explanatory unless joined back to returns.,,commodity,True,,,model_drafted,
WB_CMDTY_IMETMIN_Z_36M,WB_CMDTY_IMETMIN_Z_36M,raw,Z-score of the imetmin price versus its trailing 36-month history (Pink Sheet).,World Bank Pink Sheet,,z-score,True,M,,,,unknown,Commodity price context — terms-of-trade transfer between exporters and importers of imetmin; explanatory unless joined back to returns.,,commodity,True,,,model_drafted,
WB_CMDTY_INATGAS_LEVEL,WB_CMDTY_INATGAS_LEVEL,raw,"inatgas price level (World Bank Pink Sheet, monthly, global series broadcast to all countries).",World Bank Pink Sheet,,price level (Pink Sheet native unit),True,M,,,,unknown,Commodity price context — terms-of-trade transfer between exporters and importers of inatgas; explanatory unless joined back to returns.,,commodity,True,,,model_drafted,
WB_CMDTY_INATGAS_MOM_PCT,WB_CMDTY_INATGAS_MOM_PCT,raw,Month-over-month percent change in the inatgas price (Pink Sheet).,World Bank Pink Sheet,,percent (MoM),True,M,,,,unknown,Commodity price context — terms-of-trade transfer between exporters and importers of inatgas; explanatory unless joined back to returns.,,commodity,True,,,model_drafted,
WB_CMDTY_INATGAS_RET_12M_PCT,WB_CMDTY_INATGAS_RET_12M_PCT,raw,12-month percent return of the inatgas price (Pink Sheet).,World Bank Pink Sheet,,percent (12m),True,M,,,,unknown,Commodity price context — terms-of-trade transfer between exporters and importers of inatgas; explanatory unless joined back to returns.,,commodity,True,,,model_drafted,
WB_CMDTY_INATGAS_RET_3M_PCT,WB_CMDTY_INATGAS_RET_3M_PCT,raw,3-month percent return of the inatgas price (Pink Sheet).,World Bank Pink Sheet,,percent (3m),True,M,,,,unknown,Commodity price context — terms-of-trade transfer between exporters and importers of inatgas; explanatory unless joined back to returns.,,commodity,True,,,model_drafted,
WB_CMDTY_INATGAS_VOL_12M,WB_CMDTY_INATGAS_VOL_12M,raw,12-month rolling volatility of monthly inatgas price returns (Pink Sheet).,World Bank Pink Sheet,,percent (volatility),True,M,,,,unknown,Commodity price context — terms-of-trade transfer between exporters and importers of inatgas; explanatory unless joined back to returns.,,commodity,True,,,model_drafted,
WB_CMDTY_INATGAS_YOY_PCT,WB_CMDTY_INATGAS_YOY_PCT,raw,Year-over-year percent change in the inatgas price (Pink Sheet).,World Bank Pink Sheet,,percent (YoY),True,M,,,,unknown,Commodity price context — terms-of-trade transfer between exporters and importers of inatgas; explanatory unless joined back to returns.,,commodity,True,,,model_drafted,
WB_CMDTY_INATGAS_Z_36M,WB_CMDTY_INATGAS_Z_36M,raw,Z-score of the inatgas price versus its trailing 36-month history (Pink Sheet).,World Bank Pink Sheet,,z-score,True,M,,,,unknown,Commodity price context — terms-of-trade transfer between exporters and importers of inatgas; explanatory unless joined back to returns.,,commodity,True,,,model_drafted,
WB_CMDTY_INONFUEL_LEVEL,WB_CMDTY_INONFUEL_LEVEL,raw,"inonfuel price level (World Bank Pink Sheet, monthly, global series broadcast to all countries).",World Bank Pink Sheet,,price level (Pink Sheet native unit),True,M,,,,unknown,Commodity price context — terms-of-trade transfer between exporters and importers of inonfuel; explanatory unless joined back to returns.,,commodity,True,,,model_drafted,
WB_CMDTY_INONFUEL_MOM_PCT,WB_CMDTY_INONFUEL_MOM_PCT,raw,Month-over-month percent change in the inonfuel price (Pink Sheet).,World Bank Pink Sheet,,percent (MoM),True,M,,,,unknown,Commodity price context — terms-of-trade transfer between exporters and importers of inonfuel; explanatory unless joined back to returns.,,commodity,True,,,model_drafted,
WB_CMDTY_INONFUEL_RET_12M_PCT,WB_CMDTY_INONFUEL_RET_12M_PCT,raw,12-month percent return of the inonfuel price (Pink Sheet).,World Bank Pink Sheet,,percent (12m),True,M,,,,unknown,Commodity price context — terms-of-trade transfer between exporters and importers of inonfuel; explanatory unless joined back to returns.,,commodity,True,,,model_drafted,
WB_CMDTY_INONFUEL_RET_3M_PCT,WB_CMDTY_INONFUEL_RET_3M_PCT,raw,3-month percent return of the inonfuel price (Pink Sheet).,World Bank Pink Sheet,,percent (3m),True,M,,,,unknown,Commodity price context — terms-of-trade transfer between exporters and importers of inonfuel; explanatory unless joined back to returns.,,commodity,True,,,model_drafted,
WB_CMDTY_INONFUEL_VOL_12M,WB_CMDTY_INONFUEL_VOL_12M,raw,12-month rolling volatility of monthly inonfuel price returns (Pink Sheet).,World Bank Pink Sheet,,percent (volatility),True,M,,,,unknown,Commodity price context — terms-of-trade transfer between exporters and importers of inonfuel; explanatory unless joined back to returns.,,commodity,True,,,model_drafted,
WB_CMDTY_INONFUEL_YOY_PCT,WB_CMDTY_INONFUEL_YOY_PCT,raw,Year-over-year percent change in the inonfuel price (Pink Sheet).,World Bank Pink Sheet,,percent (YoY),True,M,,,,unknown,Commodity price context — terms-of-trade transfer between exporters and importers of inonfuel; explanatory unless joined back to returns.,,commodity,True,,,model_drafted,
WB_CMDTY_INONFUEL_Z_36M,WB_CMDTY_INONFUEL_Z_36M,raw,Z-score of the inonfuel price versus its trailing 36-month history (Pink Sheet).,World Bank Pink Sheet,,z-score,True,M,,,,unknown,Commodity price context — terms-of-trade transfer between exporters and importers of inonfuel; explanatory unless joined back to returns.,,commodity,True,,,model_drafted,
WB_CMDTY_IOTHERFOOD_LEVEL,WB_CMDTY_IOTHERFOOD_LEVEL,raw,"iotherfood price level (World Bank Pink Sheet, monthly, global series broadcast to all countries).",World Bank Pink Sheet,,price level (Pink Sheet native unit),True,M,,,,unknown,Commodity price context — terms-of-trade transfer between exporters and importers of iotherfood; explanatory unless joined back to returns.,,commodity,True,,,model_drafted,
WB_CMDTY_IOTHERFOOD_MOM_PCT,WB_CMDTY_IOTHERFOOD_MOM_PCT,raw,Month-over-month percent change in the iotherfood price (Pink Sheet).,World Bank Pink Sheet,,percent (MoM),True,M,,,,unknown,Commodity price context — terms-of-trade transfer between exporters and importers of iotherfood; explanatory unless joined back to returns.,,commodity,True,,,model_drafted,
WB_CMDTY_IOTHERFOOD_RET_12M_PCT,WB_CMDTY_IOTHERFOOD_RET_12M_PCT,raw,12-month percent return of the iotherfood price (Pink Sheet).,World Bank Pink Sheet,,percent (12m),True,M,,,,unknown,Commodity price context — terms-of-trade transfer between exporters and importers of iotherfood; explanatory unless joined back to returns.,,commodity,True,,,model_drafted,
WB_CMDTY_IOTHERFOOD_RET_3M_PCT,WB_CMDTY_IOTHERFOOD_RET_3M_PCT,raw,3-month percent return of the iotherfood price (Pink Sheet).,World Bank Pink Sheet,,percent (3m),True,M,,,,unknown,Commodity price context — terms-of-trade transfer between exporters and importers of iotherfood; explanatory unless joined back to returns.,,commodity,True,,,model_drafted,
WB_CMDTY_IOTHERFOOD_VOL_12M,WB_CMDTY_IOTHERFOOD_VOL_12M,raw,12-month rolling volatility of monthly iotherfood price returns (Pink Sheet).,World Bank Pink Sheet,,percent (volatility),True,M,,,,unknown,Commodity price context — terms-of-trade transfer between exporters and importers of iotherfood; explanatory unless joined back to returns.,,commodity,True,,,model_drafted,
WB_CMDTY_IOTHERFOOD_YOY_PCT,WB_CMDTY_IOTHERFOOD_YOY_PCT,raw,Year-over-year percent change in the iotherfood price (Pink Sheet).,World Bank Pink Sheet,,percent (YoY),True,M,,,,unknown,Commodity price context — terms-of-trade transfer between exporters and importers of iotherfood; explanatory unless joined back to returns.,,commodity,True,,,model_drafted,
WB_CMDTY_IOTHERFOOD_Z_36M,WB_CMDTY_IOTHERFOOD_Z_36M,raw,Z-score of the iotherfood price versus its trailing 36-month history (Pink Sheet).,World Bank Pink Sheet,,z-score,True,M,,,,unknown,Commodity price context — terms-of-trade transfer between exporters and importers of iotherfood; explanatory unless joined back to returns.,,commodity,True,,,model_drafted,
WB_CMDTY_IOTHERRAWMAT_LEVEL,WB_CMDTY_IOTHERRAWMAT_LEVEL,raw,"iotherrawmat price level (World Bank Pink Sheet, monthly, global series broadcast to all countries).",World Bank Pink Sheet,,price level (Pink Sheet native unit),True,M,,,,unknown,Commodity price context — terms-of-trade transfer between exporters and importers of iotherrawmat; explanatory unless joined back to returns.,,commodity,True,,,model_drafted,
WB_CMDTY_IOTHERRAWMAT_MOM_PCT,WB_CMDTY_IOTHERRAWMAT_MOM_PCT,raw,Month-over-month percent change in the iotherrawmat price (Pink Sheet).,World Bank Pink Sheet,,percent (MoM),True,M,,,,unknown,Commodity price context — terms-of-trade transfer between exporters and importers of iotherrawmat; explanatory unless joined back to returns.,,commodity,True,,,model_drafted,
WB_CMDTY_IOTHERRAWMAT_RET_12M_PCT,WB_CMDTY_IOTHERRAWMAT_RET_12M_PCT,raw,12-month percent return of the iotherrawmat price (Pink Sheet).,World Bank Pink Sheet,,percent (12m),True,M,,,,unknown,Commodity price context — terms-of-trade transfer between exporters and importers of iotherrawmat; explanatory unless joined back to returns.,,commodity,True,,,model_drafted,
WB_CMDTY_IOTHERRAWMAT_RET_3M_PCT,WB_CMDTY_IOTHERRAWMAT_RET_3M_PCT,raw,3-month percent return of the iotherrawmat price (Pink Sheet).,World Bank Pink Sheet,,percent (3m),True,M,,,,unknown,Commodity price context — terms-of-trade transfer between exporters and importers of iotherrawmat; explanatory unless joined back to returns.,,commodity,True,,,model_drafted,
WB_CMDTY_IOTHERRAWMAT_VOL_12M,WB_CMDTY_IOTHERRAWMAT_VOL_12M,raw,12-month rolling volatility of monthly iotherrawmat price returns (Pink Sheet).,World Bank Pink Sheet,,percent (volatility),True,M,,,,unknown,Commodity price context — terms-of-trade transfer between exporters and importers of iotherrawmat; explanatory unless joined back to returns.,,commodity,True,,,model_drafted,
WB_CMDTY_IOTHERRAWMAT_YOY_PCT,WB_CMDTY_IOTHERRAWMAT_YOY_PCT,raw,Year-over-year percent change in the iotherrawmat price (Pink Sheet).,World Bank Pink Sheet,,percent (YoY),True,M,,,,unknown,Commodity price context — terms-of-trade transfer between exporters and importers of iotherrawmat; explanatory unless joined back to returns.,,commodity,True,,,model_drafted,
WB_CMDTY_IOTHERRAWMAT_Z_36M,WB_CMDTY_IOTHERRAWMAT_Z_36M,raw,Z-score of the iotherrawmat price versus its trailing 36-month history (Pink Sheet).,World Bank Pink Sheet,,z-score,True,M,,,,unknown,Commodity price context — terms-of-trade transfer between exporters and importers of iotherrawmat; explanatory unless joined back to returns.,,commodity,True,,,model_drafted,
WB_CMDTY_IOVERALL_LEVEL,WB_CMDTY_IOVERALL_LEVEL,raw,"ioverall price level (World Bank Pink Sheet, monthly, global series broadcast to all countries).",World Bank Pink Sheet,,price level (Pink Sheet native unit),True,M,,,,unknown,Commodity price context — terms-of-trade transfer between exporters and importers of ioverall; explanatory unless joined back to returns.,,commodity,True,,,model_drafted,
WB_CMDTY_IOVERALL_MOM_PCT,WB_CMDTY_IOVERALL_MOM_PCT,raw,Month-over-month percent change in the ioverall price (Pink Sheet).,World Bank Pink Sheet,,percent (MoM),True,M,,,,unknown,Commodity price context — terms-of-trade transfer between exporters and importers of ioverall; explanatory unless joined back to returns.,,commodity,True,,,model_drafted,
WB_CMDTY_IOVERALL_RET_12M_PCT,WB_CMDTY_IOVERALL_RET_12M_PCT,raw,12-month percent return of the ioverall price (Pink Sheet).,World Bank Pink Sheet,,percent (12m),True,M,,,,unknown,Commodity price context — terms-of-trade transfer between exporters and importers of ioverall; explanatory unless joined back to returns.,,commodity,True,,,model_drafted,
WB_CMDTY_IOVERALL_RET_3M_PCT,WB_CMDTY_IOVERALL_RET_3M_PCT,raw,3-month percent return of the ioverall price (Pink Sheet).,World Bank Pink Sheet,,percent (3m),True,M,,,,unknown,Commodity price context — terms-of-trade transfer between exporters and importers of ioverall; explanatory unless joined back to returns.,,commodity,True,,,model_drafted,
WB_CMDTY_IOVERALL_VOL_12M,WB_CMDTY_IOVERALL_VOL_12M,raw,12-month rolling volatility of monthly ioverall price returns (Pink Sheet).,World Bank Pink Sheet,,percent (volatility),True,M,,,,unknown,Commodity price context — terms-of-trade transfer between exporters and importers of ioverall; explanatory unless joined back to returns.,,commodity,True,,,model_drafted,
WB_CMDTY_IOVERALL_YOY_PCT,WB_CMDTY_IOVERALL_YOY_PCT,raw,Year-over-year percent change in the ioverall price (Pink Sheet).,World Bank Pink Sheet,,percent (YoY),True,M,,,,unknown,Commodity price context — terms-of-trade transfer between exporters and importers of ioverall; explanatory unless joined back to returns.,,commodity,True,,,model_drafted,
WB_CMDTY_IOVERALL_Z_36M,WB_CMDTY_IOVERALL_Z_36M,raw,Z-score of the ioverall price versus its trailing 36-month history (Pink Sheet).,World Bank Pink Sheet,,z-score,True,M,,,,unknown,Commodity price context — terms-of-trade transfer between exporters and importers of ioverall; explanatory unless joined back to returns.,,commodity,True,,,model_drafted,
WB_CMDTY_IPRECIOUSMET_LEVEL,WB_CMDTY_IPRECIOUSMET_LEVEL,raw,"ipreciousmet price level (World Bank Pink Sheet, monthly, global series broadcast to all countries).",World Bank Pink Sheet,,price level (Pink Sheet native unit),True,M,,,,unknown,Commodity price context — terms-of-trade transfer between exporters and importers of ipreciousmet; explanatory unless joined back to returns.,,commodity,True,,,model_drafted,
WB_CMDTY_IPRECIOUSMET_MOM_PCT,WB_CMDTY_IPRECIOUSMET_MOM_PCT,raw,Month-over-month percent change in the ipreciousmet price (Pink Sheet).,World Bank Pink Sheet,,percent (MoM),True,M,,,,unknown,Commodity price context — terms-of-trade transfer between exporters and importers of ipreciousmet; explanatory unless joined back to returns.,,commodity,True,,,model_drafted,
WB_CMDTY_IPRECIOUSMET_RET_12M_PCT,WB_CMDTY_IPRECIOUSMET_RET_12M_PCT,raw,12-month percent return of the ipreciousmet price (Pink Sheet).,World Bank Pink Sheet,,percent (12m),True,M,,,,unknown,Commodity price context — terms-of-trade transfer between exporters and importers of ipreciousmet; explanatory unless joined back to returns.,,commodity,True,,,model_drafted,
WB_CMDTY_IPRECIOUSMET_RET_3M_PCT,WB_CMDTY_IPRECIOUSMET_RET_3M_PCT,raw,3-month percent return of the ipreciousmet price (Pink Sheet).,World Bank Pink Sheet,,percent (3m),True,M,,,,unknown,Commodity price context — terms-of-trade transfer between exporters and importers of ipreciousmet; explanatory unless joined back to returns.,,commodity,True,,,model_drafted,
WB_CMDTY_IPRECIOUSMET_VOL_12M,WB_CMDTY_IPRECIOUSMET_VOL_12M,raw,12-month rolling volatility of monthly ipreciousmet price returns (Pink Sheet).,World Bank Pink Sheet,,percent (volatility),True,M,,,,unknown,Commodity price context — terms-of-trade transfer between exporters and importers of ipreciousmet; explanatory unless joined back to returns.,,commodity,True,,,model_drafted,
WB_CMDTY_IPRECIOUSMET_YOY_PCT,WB_CMDTY_IPRECIOUSMET_YOY_PCT,raw,Year-over-year percent change in the ipreciousmet price (Pink Sheet).,World Bank Pink Sheet,,percent (YoY),True,M,,,,unknown,Commodity price context — terms-of-trade transfer between exporters and importers of ipreciousmet; explanatory unless joined back to returns.,,commodity,True,,,model_drafted,
WB_CMDTY_IPRECIOUSMET_Z_36M,WB_CMDTY_IPRECIOUSMET_Z_36M,raw,Z-score of the ipreciousmet price versus its trailing 36-month history (Pink Sheet).,World Bank Pink Sheet,,z-score,True,M,,,,unknown,Commodity price context — terms-of-trade transfer between exporters and importers of ipreciousmet; explanatory unless joined back to returns.,,commodity,True,,,model_drafted,
WB_CMDTY_IRAW_MATERIAL_LEVEL,WB_CMDTY_IRAW_MATERIAL_LEVEL,raw,"iraw material price level (World Bank Pink Sheet, monthly, global series broadcast to all countries).",World Bank Pink Sheet,,price level (Pink Sheet native unit),True,M,,,,unknown,Commodity price context — terms-of-trade transfer between exporters and importers of iraw material; explanatory unless joined back to returns.,,commodity,True,,,model_drafted,
WB_CMDTY_IRAW_MATERIAL_MOM_PCT,WB_CMDTY_IRAW_MATERIAL_MOM_PCT,raw,Month-over-month percent change in the iraw material price (Pink Sheet).,World Bank Pink Sheet,,percent (MoM),True,M,,,,unknown,Commodity price context — terms-of-trade transfer between exporters and importers of iraw material; explanatory unless joined back to returns.,,commodity,True,,,model_drafted,
WB_CMDTY_IRAW_MATERIAL_RET_12M_PCT,WB_CMDTY_IRAW_MATERIAL_RET_12M_PCT,raw,12-month percent return of the iraw material price (Pink Sheet).,World Bank Pink Sheet,,percent (12m),True,M,,,,unknown,Commodity price context — terms-of-trade transfer between exporters and importers of iraw material; explanatory unless joined back to returns.,,commodity,True,,,model_drafted,
WB_CMDTY_IRAW_MATERIAL_RET_3M_PCT,WB_CMDTY_IRAW_MATERIAL_RET_3M_PCT,raw,3-month percent return of the iraw material price (Pink Sheet).,World Bank Pink Sheet,,percent (3m),True,M,,,,unknown,Commodity price context — terms-of-trade transfer between exporters and importers of iraw material; explanatory unless joined back to returns.,,commodity,True,,,model_drafted,
WB_CMDTY_IRAW_MATERIAL_VOL_12M,WB_CMDTY_IRAW_MATERIAL_VOL_12M,raw,12-month rolling volatility of monthly iraw material price returns (Pink Sheet).,World Bank Pink Sheet,,percent (volatility),True,M,,,,unknown,Commodity price context — terms-of-trade transfer between exporters and importers of iraw material; explanatory unless joined back to returns.,,commodity,True,,,model_drafted,
WB_CMDTY_IRAW_MATERIAL_YOY_PCT,WB_CMDTY_IRAW_MATERIAL_YOY_PCT,raw,Year-over-year percent change in the iraw material price (Pink Sheet).,World Bank Pink Sheet,,percent (YoY),True,M,,,,unknown,Commodity price context — terms-of-trade transfer between exporters and importers of iraw material; explanatory unless joined back to returns.,,commodity,True,,,model_drafted,
WB_CMDTY_IRAW_MATERIAL_Z_36M,WB_CMDTY_IRAW_MATERIAL_Z_36M,raw,Z-score of the iraw material price versus its trailing 36-month history (Pink Sheet).,World Bank Pink Sheet,,z-score,True,M,,,,unknown,Commodity price context — terms-of-trade transfer between exporters and importers of iraw material; explanatory unless joined back to returns.,,commodity,True,,,model_drafted,
WB_CMDTY_IRON_ORE_LEVEL,WB_CMDTY_IRON_ORE_LEVEL,raw,"iron ore price level (World Bank Pink Sheet, monthly, global series broadcast to all countries).",World Bank Pink Sheet,,price level (Pink Sheet native unit),True,M,,,,unknown,Commodity price context — terms-of-trade transfer between exporters and importers of iron ore; explanatory unless joined back to returns.,,commodity,True,,,model_drafted,
WB_CMDTY_IRON_ORE_MOM_PCT,WB_CMDTY_IRON_ORE_MOM_PCT,raw,Month-over-month percent change in the iron ore price (Pink Sheet).,World Bank Pink Sheet,,percent (MoM),True,M,,,,unknown,Commodity price context — terms-of-trade transfer between exporters and importers of iron ore; explanatory unless joined back to returns.,,commodity,True,,,model_drafted,
WB_CMDTY_IRON_ORE_RET_12M_PCT,WB_CMDTY_IRON_ORE_RET_12M_PCT,raw,12-month percent return of the iron ore price (Pink Sheet).,World Bank Pink Sheet,,percent (12m),True,M,,,,unknown,Commodity price context — terms-of-trade transfer between exporters and importers of iron ore; explanatory unless joined back to returns.,,commodity,True,,,model_drafted,
WB_CMDTY_IRON_ORE_RET_3M_PCT,WB_CMDTY_IRON_ORE_RET_3M_PCT,raw,3-month percent return of the iron ore price (Pink Sheet).,World Bank Pink Sheet,,percent (3m),True,M,,,,unknown,Commodity price context — terms-of-trade transfer between exporters and importers of iron ore; explanatory unless joined back to returns.,,commodity,True,,,model_drafted,
WB_CMDTY_IRON_ORE_VOL_12M,WB_CMDTY_IRON_ORE_VOL_12M,raw,12-month rolling volatility of monthly iron ore price returns (Pink Sheet).,World Bank Pink Sheet,,percent (volatility),True,M,,,,unknown,Commodity price context — terms-of-trade transfer between exporters and importers of iron ore; explanatory unless joined back to returns.,,commodity,True,,,model_drafted,
WB_CMDTY_IRON_ORE_YOY_PCT,WB_CMDTY_IRON_ORE_YOY_PCT,raw,Year-over-year percent change in the iron ore price (Pink Sheet).,World Bank Pink Sheet,,percent (YoY),True,M,,,,unknown,Commodity price context — terms-of-trade transfer between exporters and importers of iron ore; explanatory unless joined back to returns.,,commodity,True,,,model_drafted,
WB_CMDTY_IRON_ORE_Z_36M,WB_CMDTY_IRON_ORE_Z_36M,raw,Z-score of the iron ore price versus its trailing 36-month history (Pink Sheet).,World Bank Pink Sheet,,z-score,True,M,,,,unknown,Commodity price context — terms-of-trade transfer between exporters and importers of iron ore; explanatory unless joined back to returns.,,commodity,True,,,model_drafted,
WB_CMDTY_ITIMBER_LEVEL,WB_CMDTY_ITIMBER_LEVEL,raw,"itimber price level (World Bank Pink Sheet, monthly, global series broadcast to all countries).",World Bank Pink Sheet,,price level (Pink Sheet native unit),True,M,,,,unknown,Commodity price context — terms-of-trade transfer between exporters and importers of itimber; explanatory unless joined back to returns.,,commodity,True,,,model_drafted,
WB_CMDTY_ITIMBER_MOM_PCT,WB_CMDTY_ITIMBER_MOM_PCT,raw,Month-over-month percent change in the itimber price (Pink Sheet).,World Bank Pink Sheet,,percent (MoM),True,M,,,,unknown,Commodity price context — terms-of-trade transfer between exporters and importers of itimber; explanatory unless joined back to returns.,,commodity,True,,,model_drafted,
WB_CMDTY_ITIMBER_RET_12M_PCT,WB_CMDTY_ITIMBER_RET_12M_PCT,raw,12-month percent return of the itimber price (Pink Sheet).,World Bank Pink Sheet,,percent (12m),True,M,,,,unknown,Commodity price context — terms-of-trade transfer between exporters and importers of itimber; explanatory unless joined back to returns.,,commodity,True,,,model_drafted,
WB_CMDTY_ITIMBER_RET_3M_PCT,WB_CMDTY_ITIMBER_RET_3M_PCT,raw,3-month percent return of the itimber price (Pink Sheet).,World Bank Pink Sheet,,percent (3m),True,M,,,,unknown,Commodity price context — terms-of-trade transfer between exporters and importers of itimber; explanatory unless joined back to returns.,,commodity,True,,,model_drafted,
WB_CMDTY_ITIMBER_VOL_12M,WB_CMDTY_ITIMBER_VOL_12M,raw,12-month rolling volatility of monthly itimber price returns (Pink Sheet).,World Bank Pink Sheet,,percent (volatility),True,M,,,,unknown,Commodity price context — terms-of-trade transfer between exporters and importers of itimber; explanatory unless joined back to returns.,,commodity,True,,,model_drafted,
WB_CMDTY_ITIMBER_YOY_PCT,WB_CMDTY_ITIMBER_YOY_PCT,raw,Year-over-year percent change in the itimber price (Pink Sheet).,World Bank Pink Sheet,,percent (YoY),True,M,,,,unknown,Commodity price context — terms-of-trade transfer between exporters and importers of itimber; explanatory unless joined back to returns.,,commodity,True,,,model_drafted,
WB_CMDTY_ITIMBER_Z_36M,WB_CMDTY_ITIMBER_Z_36M,raw,Z-score of the itimber price versus its trailing 36-month history (Pink Sheet).,World Bank Pink Sheet,,z-score,True,M,,,,unknown,Commodity price context — terms-of-trade transfer between exporters and importers of itimber; explanatory unless joined back to returns.,,commodity,True,,,model_drafted,
WB_CMDTY_LAMB_LEVEL,WB_CMDTY_LAMB_LEVEL,raw,"lamb price level (World Bank Pink Sheet, monthly, global series broadcast to all countries).",World Bank Pink Sheet,,price level (Pink Sheet native unit),True,M,,,,unknown,Commodity price context — terms-of-trade transfer between exporters and importers of lamb; explanatory unless joined back to returns.,,commodity,True,,,model_drafted,
WB_CMDTY_LAMB_MOM_PCT,WB_CMDTY_LAMB_MOM_PCT,raw,Month-over-month percent change in the lamb price (Pink Sheet).,World Bank Pink Sheet,,percent (MoM),True,M,,,,unknown,Commodity price context — terms-of-trade transfer between exporters and importers of lamb; explanatory unless joined back to returns.,,commodity,True,,,model_drafted,
WB_CMDTY_LAMB_RET_12M_PCT,WB_CMDTY_LAMB_RET_12M_PCT,raw,12-month percent return of the lamb price (Pink Sheet).,World Bank Pink Sheet,,percent (12m),True,M,,,,unknown,Commodity price context — terms-of-trade transfer between exporters and importers of lamb; explanatory unless joined back to returns.,,commodity,True,,,model_drafted,
WB_CMDTY_LAMB_RET_3M_PCT,WB_CMDTY_LAMB_RET_3M_PCT,raw,3-month percent return of the lamb price (Pink Sheet).,World Bank Pink Sheet,,percent (3m),True,M,,,,unknown,Commodity price context — terms-of-trade transfer between exporters and importers of lamb; explanatory unless joined back to returns.,,commodity,True,,,model_drafted,
WB_CMDTY_LAMB_VOL_12M,WB_CMDTY_LAMB_VOL_12M,raw,12-month rolling volatility of monthly lamb price returns (Pink Sheet).,World Bank Pink Sheet,,percent (volatility),True,M,,,,unknown,Commodity price context — terms-of-trade transfer between exporters and importers of lamb; explanatory unless joined back to returns.,,commodity,True,,,model_drafted,
WB_CMDTY_LAMB_YOY_PCT,WB_CMDTY_LAMB_YOY_PCT,raw,Year-over-year percent change in the lamb price (Pink Sheet).,World Bank Pink Sheet,,percent (YoY),True,M,,,,unknown,Commodity price context — terms-of-trade transfer between exporters and importers of lamb; explanatory unless joined back to returns.,,commodity,True,,,model_drafted,
WB_CMDTY_LAMB_Z_36M,WB_CMDTY_LAMB_Z_36M,raw,Z-score of the lamb price versus its trailing 36-month history (Pink Sheet).,World Bank Pink Sheet,,z-score,True,M,,,,unknown,Commodity price context — terms-of-trade transfer between exporters and importers of lamb; explanatory unless joined back to returns.,,commodity,True,,,model_drafted,
WB_CMDTY_LEAD_LEVEL,WB_CMDTY_LEAD_LEVEL,raw,"lead price level (World Bank Pink Sheet, monthly, global series broadcast to all countries).",World Bank Pink Sheet,,price level (Pink Sheet native unit),True,M,,,,unknown,Commodity price context — terms-of-trade transfer between exporters and importers of lead; explanatory unless joined back to returns.,,commodity,True,,,model_drafted,
WB_CMDTY_LEAD_MOM_PCT,WB_CMDTY_LEAD_MOM_PCT,raw,Month-over-month percent change in the lead price (Pink Sheet).,World Bank Pink Sheet,,percent (MoM),True,M,,,,unknown,Commodity price context — terms-of-trade transfer between exporters and importers of lead; explanatory unless joined back to returns.,,commodity,True,,,model_drafted,
WB_CMDTY_LEAD_RET_12M_PCT,WB_CMDTY_LEAD_RET_12M_PCT,raw,12-month percent return of the lead price (Pink Sheet).,World Bank Pink Sheet,,percent (12m),True,M,,,,unknown,Commodity price context — terms-of-trade transfer between exporters and importers of lead; explanatory unless joined back to returns.,,commodity,True,,,model_drafted,
WB_CMDTY_LEAD_RET_3M_PCT,WB_CMDTY_LEAD_RET_3M_PCT,raw,3-month percent return of the lead price (Pink Sheet).,World Bank Pink Sheet,,percent (3m),True,M,,,,unknown,Commodity price context — terms-of-trade transfer between exporters and importers of lead; explanatory unless joined back to returns.,,commodity,True,,,model_drafted,
WB_CMDTY_LEAD_VOL_12M,WB_CMDTY_LEAD_VOL_12M,raw,12-month rolling volatility of monthly lead price returns (Pink Sheet).,World Bank Pink Sheet,,percent (volatility),True,M,,,,unknown,Commodity price context — terms-of-trade transfer between exporters and importers of lead; explanatory unless joined back to returns.,,commodity,True,,,model_drafted,
WB_CMDTY_LEAD_YOY_PCT,WB_CMDTY_LEAD_YOY_PCT,raw,Year-over-year percent change in the lead price (Pink Sheet).,World Bank Pink Sheet,,percent (YoY),True,M,,,,unknown,Commodity price context — terms-of-trade transfer between exporters and importers of lead; explanatory unless joined back to returns.,,commodity,True,,,model_drafted,
WB_CMDTY_LEAD_Z_36M,WB_CMDTY_LEAD_Z_36M,raw,Z-score of the lead price versus its trailing 36-month history (Pink Sheet).,World Bank Pink Sheet,,z-score,True,M,,,,unknown,Commodity price context — terms-of-trade transfer between exporters and importers of lead; explanatory unless joined back to returns.,,commodity,True,,,model_drafted,
WB_CMDTY_LOGS_CMR_LEVEL,WB_CMDTY_LOGS_CMR_LEVEL,raw,"logs cmr price level (World Bank Pink Sheet, monthly, global series broadcast to all countries).",World Bank Pink Sheet,,price level (Pink Sheet native unit),True,M,,,,unknown,Commodity price context — terms-of-trade transfer between exporters and importers of logs cmr; explanatory unless joined back to returns.,,commodity,True,,,model_drafted,
WB_CMDTY_LOGS_CMR_MOM_PCT,WB_CMDTY_LOGS_CMR_MOM_PCT,raw,Month-over-month percent change in the logs cmr price (Pink Sheet).,World Bank Pink Sheet,,percent (MoM),True,M,,,,unknown,Commodity price context — terms-of-trade transfer between exporters and importers of logs cmr; explanatory unless joined back to returns.,,commodity,True,,,model_drafted,
WB_CMDTY_LOGS_CMR_RET_12M_PCT,WB_CMDTY_LOGS_CMR_RET_12M_PCT,raw,12-month percent return of the logs cmr price (Pink Sheet).,World Bank Pink Sheet,,percent (12m),True,M,,,,unknown,Commodity price context — terms-of-trade transfer between exporters and importers of logs cmr; explanatory unless joined back to returns.,,commodity,True,,,model_drafted,
WB_CMDTY_LOGS_CMR_RET_3M_PCT,WB_CMDTY_LOGS_CMR_RET_3M_PCT,raw,3-month percent return of the logs cmr price (Pink Sheet).,World Bank Pink Sheet,,percent (3m),True,M,,,,unknown,Commodity price context — terms-of-trade transfer between exporters and importers of logs cmr; explanatory unless joined back to returns.,,commodity,True,,,model_drafted,
WB_CMDTY_LOGS_CMR_VOL_12M,WB_CMDTY_LOGS_CMR_VOL_12M,raw,12-month rolling volatility of monthly logs cmr price returns (Pink Sheet).,World Bank Pink Sheet,,percent (volatility),True,M,,,,unknown,Commodity price context — terms-of-trade transfer between exporters and importers of logs cmr; explanatory unless joined back to returns.,,commodity,True,,,model_drafted,
WB_CMDTY_LOGS_CMR_YOY_PCT,WB_CMDTY_LOGS_CMR_YOY_PCT,raw,Year-over-year percent change in the logs cmr price (Pink Sheet).,World Bank Pink Sheet,,percent (YoY),True,M,,,,unknown,Commodity price context — terms-of-trade transfer between exporters and importers of logs cmr; explanatory unless joined back to returns.,,commodity,True,,,model_drafted,
WB_CMDTY_LOGS_CMR_Z_36M,WB_CMDTY_LOGS_CMR_Z_36M,raw,Z-score of the logs cmr price versus its trailing 36-month history (Pink Sheet).,World Bank Pink Sheet,,z-score,True,M,,,,unknown,Commodity price context — terms-of-trade transfer between exporters and importers of logs cmr; explanatory unless joined back to returns.,,commodity,True,,,model_drafted,
WB_CMDTY_LOGS_MYS_LEVEL,WB_CMDTY_LOGS_MYS_LEVEL,raw,"logs mys price level (World Bank Pink Sheet, monthly, global series broadcast to all countries).",World Bank Pink Sheet,,price level (Pink Sheet native unit),True,M,,,,unknown,Commodity price context — terms-of-trade transfer between exporters and importers of logs mys; explanatory unless joined back to returns.,,commodity,True,,,model_drafted,
WB_CMDTY_LOGS_MYS_MOM_PCT,WB_CMDTY_LOGS_MYS_MOM_PCT,raw,Month-over-month percent change in the logs mys price (Pink Sheet).,World Bank Pink Sheet,,percent (MoM),True,M,,,,unknown,Commodity price context — terms-of-trade transfer between exporters and importers of logs mys; explanatory unless joined back to returns.,,commodity,True,,,model_drafted,
WB_CMDTY_LOGS_MYS_RET_12M_PCT,WB_CMDTY_LOGS_MYS_RET_12M_PCT,raw,12-month percent return of the logs mys price (Pink Sheet).,World Bank Pink Sheet,,percent (12m),True,M,,,,unknown,Commodity price context — terms-of-trade transfer between exporters and importers of logs mys; explanatory unless joined back to returns.,,commodity,True,,,model_drafted,
WB_CMDTY_LOGS_MYS_RET_3M_PCT,WB_CMDTY_LOGS_MYS_RET_3M_PCT,raw,3-month percent return of the logs mys price (Pink Sheet).,World Bank Pink Sheet,,percent (3m),True,M,,,,unknown,Commodity price context — terms-of-trade transfer between exporters and importers of logs mys; explanatory unless joined back to returns.,,commodity,True,,,model_drafted,
WB_CMDTY_LOGS_MYS_VOL_12M,WB_CMDTY_LOGS_MYS_VOL_12M,raw,12-month rolling volatility of monthly logs mys price returns (Pink Sheet).,World Bank Pink Sheet,,percent (volatility),True,M,,,,unknown,Commodity price context — terms-of-trade transfer between exporters and importers of logs mys; explanatory unless joined back to returns.,,commodity,True,,,model_drafted,
WB_CMDTY_LOGS_MYS_YOY_PCT,WB_CMDTY_LOGS_MYS_YOY_PCT,raw,Year-over-year percent change in the logs mys price (Pink Sheet).,World Bank Pink Sheet,,percent (YoY),True,M,,,,unknown,Commodity price context — terms-of-trade transfer between exporters and importers of logs mys; explanatory unless joined back to returns.,,commodity,True,,,model_drafted,
WB_CMDTY_LOGS_MYS_Z_36M,WB_CMDTY_LOGS_MYS_Z_36M,raw,Z-score of the logs mys price versus its trailing 36-month history (Pink Sheet).,World Bank Pink Sheet,,z-score,True,M,,,,unknown,Commodity price context — terms-of-trade transfer between exporters and importers of logs mys; explanatory unless joined back to returns.,,commodity,True,,,model_drafted,
WB_CMDTY_MAIZE_LEVEL,WB_CMDTY_MAIZE_LEVEL,raw,"maize price level (World Bank Pink Sheet, monthly, global series broadcast to all countries).",World Bank Pink Sheet,,price level (Pink Sheet native unit),True,M,,,,unknown,Commodity price context — terms-of-trade transfer between exporters and importers of maize; explanatory unless joined back to returns.,,commodity,True,,,model_drafted,
WB_CMDTY_MAIZE_MOM_PCT,WB_CMDTY_MAIZE_MOM_PCT,raw,Month-over-month percent change in the maize price (Pink Sheet).,World Bank Pink Sheet,,percent (MoM),True,M,,,,unknown,Commodity price context — terms-of-trade transfer between exporters and importers of maize; explanatory unless joined back to returns.,,commodity,True,,,model_drafted,
WB_CMDTY_MAIZE_RET_12M_PCT,WB_CMDTY_MAIZE_RET_12M_PCT,raw,12-month percent return of the maize price (Pink Sheet).,World Bank Pink Sheet,,percent (12m),True,M,,,,unknown,Commodity price context — terms-of-trade transfer between exporters and importers of maize; explanatory unless joined back to returns.,,commodity,True,,,model_drafted,
WB_CMDTY_MAIZE_RET_3M_PCT,WB_CMDTY_MAIZE_RET_3M_PCT,raw,3-month percent return of the maize price (Pink Sheet).,World Bank Pink Sheet,,percent (3m),True,M,,,,unknown,Commodity price context — terms-of-trade transfer between exporters and importers of maize; explanatory unless joined back to returns.,,commodity,True,,,model_drafted,
WB_CMDTY_MAIZE_VOL_12M,WB_CMDTY_MAIZE_VOL_12M,raw,12-month rolling volatility of monthly maize price returns (Pink Sheet).,World Bank Pink Sheet,,percent (volatility),True,M,,,,unknown,Commodity price context — terms-of-trade transfer between exporters and importers of maize; explanatory unless joined back to returns.,,commodity,True,,,model_drafted,
WB_CMDTY_MAIZE_YOY_PCT,WB_CMDTY_MAIZE_YOY_PCT,raw,Year-over-year percent change in the maize price (Pink Sheet).,World Bank Pink Sheet,,percent (YoY),True,M,,,,unknown,Commodity price context — terms-of-trade transfer between exporters and importers of maize; explanatory unless joined back to returns.,,commodity,True,,,model_drafted,
WB_CMDTY_MAIZE_Z_36M,WB_CMDTY_MAIZE_Z_36M,raw,Z-score of the maize price versus its trailing 36-month history (Pink Sheet).,World Bank Pink Sheet,,z-score,True,M,,,,unknown,Commodity price context — terms-of-trade transfer between exporters and importers of maize; explanatory unless joined back to returns.,,commodity,True,,,model_drafted,
WB_CMDTY_NGAS_EUR_LEVEL,WB_CMDTY_NGAS_EUR_LEVEL,raw,"ngas eur price level (World Bank Pink Sheet, monthly, global series broadcast to all countries).",World Bank Pink Sheet,,price level (Pink Sheet native unit),True,M,,,,unknown,Commodity price context — terms-of-trade transfer between exporters and importers of ngas eur; explanatory unless joined back to returns.,,commodity,True,,,model_drafted,
WB_CMDTY_NGAS_EUR_MOM_PCT,WB_CMDTY_NGAS_EUR_MOM_PCT,raw,Month-over-month percent change in the ngas eur price (Pink Sheet).,World Bank Pink Sheet,,percent (MoM),True,M,,,,unknown,Commodity price context — terms-of-trade transfer between exporters and importers of ngas eur; explanatory unless joined back to returns.,,commodity,True,,,model_drafted,
WB_CMDTY_NGAS_EUR_RET_12M_PCT,WB_CMDTY_NGAS_EUR_RET_12M_PCT,raw,12-month percent return of the ngas eur price (Pink Sheet).,World Bank Pink Sheet,,percent (12m),True,M,,,,unknown,Commodity price context — terms-of-trade transfer between exporters and importers of ngas eur; explanatory unless joined back to returns.,,commodity,True,,,model_drafted,
WB_CMDTY_NGAS_EUR_RET_3M_PCT,WB_CMDTY_NGAS_EUR_RET_3M_PCT,raw,3-month percent return of the ngas eur price (Pink Sheet).,World Bank Pink Sheet,,percent (3m),True,M,,,,unknown,Commodity price context — terms-of-trade transfer between exporters and importers of ngas eur; explanatory unless joined back to returns.,,commodity,True,,,model_drafted,
WB_CMDTY_NGAS_EUR_VOL_12M,WB_CMDTY_NGAS_EUR_VOL_12M,raw,12-month rolling volatility of monthly ngas eur price returns (Pink Sheet).,World Bank Pink Sheet,,percent (volatility),True,M,,,,unknown,Commodity price context — terms-of-trade transfer between exporters and importers of ngas eur; explanatory unless joined back to returns.,,commodity,True,,,model_drafted,
WB_CMDTY_NGAS_EUR_YOY_PCT,WB_CMDTY_NGAS_EUR_YOY_PCT,raw,Year-over-year percent change in the ngas eur price (Pink Sheet).,World Bank Pink Sheet,,percent (YoY),True,M,,,,unknown,Commodity price context — terms-of-trade transfer between exporters and importers of ngas eur; explanatory unless joined back to returns.,,commodity,True,,,model_drafted,
WB_CMDTY_NGAS_EUR_Z_36M,WB_CMDTY_NGAS_EUR_Z_36M,raw,Z-score of the ngas eur price versus its trailing 36-month history (Pink Sheet).,World Bank Pink Sheet,,z-score,True,M,,,,unknown,Commodity price context — terms-of-trade transfer between exporters and importers of ngas eur; explanatory unless joined back to returns.,,commodity,True,,,model_drafted,
WB_CMDTY_NGAS_JP_LEVEL,WB_CMDTY_NGAS_JP_LEVEL,raw,"ngas jp price level (World Bank Pink Sheet, monthly, global series broadcast to all countries).",World Bank Pink Sheet,,price level (Pink Sheet native unit),True,M,,,,unknown,Commodity price context — terms-of-trade transfer between exporters and importers of ngas jp; explanatory unless joined back to returns.,,commodity,True,,,model_drafted,
WB_CMDTY_NGAS_JP_MOM_PCT,WB_CMDTY_NGAS_JP_MOM_PCT,raw,Month-over-month percent change in the ngas jp price (Pink Sheet).,World Bank Pink Sheet,,percent (MoM),True,M,,,,unknown,Commodity price context — terms-of-trade transfer between exporters and importers of ngas jp; explanatory unless joined back to returns.,,commodity,True,,,model_drafted,
WB_CMDTY_NGAS_JP_RET_12M_PCT,WB_CMDTY_NGAS_JP_RET_12M_PCT,raw,12-month percent return of the ngas jp price (Pink Sheet).,World Bank Pink Sheet,,percent (12m),True,M,,,,unknown,Commodity price context — terms-of-trade transfer between exporters and importers of ngas jp; explanatory unless joined back to returns.,,commodity,True,,,model_drafted,
WB_CMDTY_NGAS_JP_RET_3M_PCT,WB_CMDTY_NGAS_JP_RET_3M_PCT,raw,3-month percent return of the ngas jp price (Pink Sheet).,World Bank Pink Sheet,,percent (3m),True,M,,,,unknown,Commodity price context — terms-of-trade transfer between exporters and importers of ngas jp; explanatory unless joined back to returns.,,commodity,True,,,model_drafted,
WB_CMDTY_NGAS_JP_VOL_12M,WB_CMDTY_NGAS_JP_VOL_12M,raw,12-month rolling volatility of monthly ngas jp price returns (Pink Sheet).,World Bank Pink Sheet,,percent (volatility),True,M,,,,unknown,Commodity price context — terms-of-trade transfer between exporters and importers of ngas jp; explanatory unless joined back to returns.,,commodity,True,,,model_drafted,
WB_CMDTY_NGAS_JP_YOY_PCT,WB_CMDTY_NGAS_JP_YOY_PCT,raw,Year-over-year percent change in the ngas jp price (Pink Sheet).,World Bank Pink Sheet,,percent (YoY),True,M,,,,unknown,Commodity price context — terms-of-trade transfer between exporters and importers of ngas jp; explanatory unless joined back to returns.,,commodity,True,,,model_drafted,
WB_CMDTY_NGAS_JP_Z_36M,WB_CMDTY_NGAS_JP_Z_36M,raw,Z-score of the ngas jp price versus its trailing 36-month history (Pink Sheet).,World Bank Pink Sheet,,z-score,True,M,,,,unknown,Commodity price context — terms-of-trade transfer between exporters and importers of ngas jp; explanatory unless joined back to returns.,,commodity,True,,,model_drafted,
WB_CMDTY_NGAS_US_LEVEL,WB_CMDTY_NGAS_US_LEVEL,raw,"ngas (US) price level (World Bank Pink Sheet, monthly, global series broadcast to all countries).",World Bank Pink Sheet,,price level (Pink Sheet native unit),True,M,,,,unknown,Commodity price context — terms-of-trade transfer between exporters and importers of ngas (US); explanatory unless joined back to returns.,,commodity,True,,,model_drafted,
WB_CMDTY_NGAS_US_MOM_PCT,WB_CMDTY_NGAS_US_MOM_PCT,raw,Month-over-month percent change in the ngas (US) price (Pink Sheet).,World Bank Pink Sheet,,percent (MoM),True,M,,,,unknown,Commodity price context — terms-of-trade transfer between exporters and importers of ngas (US); explanatory unless joined back to returns.,,commodity,True,,,model_drafted,
WB_CMDTY_NGAS_US_RET_12M_PCT,WB_CMDTY_NGAS_US_RET_12M_PCT,raw,12-month percent return of the ngas (US) price (Pink Sheet).,World Bank Pink Sheet,,percent (12m),True,M,,,,unknown,Commodity price context — terms-of-trade transfer between exporters and importers of ngas (US); explanatory unless joined back to returns.,,commodity,True,,,model_drafted,
WB_CMDTY_NGAS_US_RET_3M_PCT,WB_CMDTY_NGAS_US_RET_3M_PCT,raw,3-month percent return of the ngas (US) price (Pink Sheet).,World Bank Pink Sheet,,percent (3m),True,M,,,,unknown,Commodity price context — terms-of-trade transfer between exporters and importers of ngas (US); explanatory unless joined back to returns.,,commodity,True,,,model_drafted,
WB_CMDTY_NGAS_US_VOL_12M,WB_CMDTY_NGAS_US_VOL_12M,raw,12-month rolling volatility of monthly ngas (US) price returns (Pink Sheet).,World Bank Pink Sheet,,percent (volatility),True,M,,,,unknown,Commodity price context — terms-of-trade transfer between exporters and importers of ngas (US); explanatory unless joined back to returns.,,commodity,True,,,model_drafted,
WB_CMDTY_NGAS_US_YOY_PCT,WB_CMDTY_NGAS_US_YOY_PCT,raw,Year-over-year percent change in the ngas (US) price (Pink Sheet).,World Bank Pink Sheet,,percent (YoY),True,M,,,,unknown,Commodity price context — terms-of-trade transfer between exporters and importers of ngas (US); explanatory unless joined back to returns.,,commodity,True,,,model_drafted,
WB_CMDTY_NGAS_US_Z_36M,WB_CMDTY_NGAS_US_Z_36M,raw,Z-score of the ngas (US) price versus its trailing 36-month history (Pink Sheet).,World Bank Pink Sheet,,z-score,True,M,,,,unknown,Commodity price context — terms-of-trade transfer between exporters and importers of ngas (US); explanatory unless joined back to returns.,,commodity,True,,,model_drafted,
WB_CMDTY_NICKEL_LEVEL,WB_CMDTY_NICKEL_LEVEL,raw,"nickel price level (World Bank Pink Sheet, monthly, global series broadcast to all countries).",World Bank Pink Sheet,,price level (Pink Sheet native unit),True,M,,,,unknown,Commodity price context — terms-of-trade transfer between exporters and importers of nickel; explanatory unless joined back to returns.,,commodity,True,,,model_drafted,
WB_CMDTY_NICKEL_MOM_PCT,WB_CMDTY_NICKEL_MOM_PCT,raw,Month-over-month percent change in the nickel price (Pink Sheet).,World Bank Pink Sheet,,percent (MoM),True,M,,,,unknown,Commodity price context — terms-of-trade transfer between exporters and importers of nickel; explanatory unless joined back to returns.,,commodity,True,,,model_drafted,
WB_CMDTY_NICKEL_RET_12M_PCT,WB_CMDTY_NICKEL_RET_12M_PCT,raw,12-month percent return of the nickel price (Pink Sheet).,World Bank Pink Sheet,,percent (12m),True,M,,,,unknown,Commodity price context — terms-of-trade transfer between exporters and importers of nickel; explanatory unless joined back to returns.,,commodity,True,,,model_drafted,
WB_CMDTY_NICKEL_RET_3M_PCT,WB_CMDTY_NICKEL_RET_3M_PCT,raw,3-month percent return of the nickel price (Pink Sheet).,World Bank Pink Sheet,,percent (3m),True,M,,,,unknown,Commodity price context — terms-of-trade transfer between exporters and importers of nickel; explanatory unless joined back to returns.,,commodity,True,,,model_drafted,
WB_CMDTY_NICKEL_VOL_12M,WB_CMDTY_NICKEL_VOL_12M,raw,12-month rolling volatility of monthly nickel price returns (Pink Sheet).,World Bank Pink Sheet,,percent (volatility),True,M,,,,unknown,Commodity price context — terms-of-trade transfer between exporters and importers of nickel; explanatory unless joined back to returns.,,commodity,True,,,model_drafted,
WB_CMDTY_NICKEL_YOY_PCT,WB_CMDTY_NICKEL_YOY_PCT,raw,Year-over-year percent change in the nickel price (Pink Sheet).,World Bank Pink Sheet,,percent (YoY),True,M,,,,unknown,Commodity price context — terms-of-trade transfer between exporters and importers of nickel; explanatory unless joined back to returns.,,commodity,True,,,model_drafted,
WB_CMDTY_NICKEL_Z_36M,WB_CMDTY_NICKEL_Z_36M,raw,Z-score of the nickel price versus its trailing 36-month history (Pink Sheet).,World Bank Pink Sheet,,z-score,True,M,,,,unknown,Commodity price context — terms-of-trade transfer between exporters and importers of nickel; explanatory unless joined back to returns.,,commodity,True,,,model_drafted,
WB_CMDTY_ORANGE_LEVEL,WB_CMDTY_ORANGE_LEVEL,raw,"orange price level (World Bank Pink Sheet, monthly, global series broadcast to all countries).",World Bank Pink Sheet,,price level (Pink Sheet native unit),True,M,,,,unknown,Commodity price context — terms-of-trade transfer between exporters and importers of orange; explanatory unless joined back to returns.,,commodity,True,,,model_drafted,
WB_CMDTY_ORANGE_MOM_PCT,WB_CMDTY_ORANGE_MOM_PCT,raw,Month-over-month percent change in the orange price (Pink Sheet).,World Bank Pink Sheet,,percent (MoM),True,M,,,,unknown,Commodity price context — terms-of-trade transfer between exporters and importers of orange; explanatory unless joined back to returns.,,commodity,True,,,model_drafted,
WB_CMDTY_ORANGE_RET_12M_PCT,WB_CMDTY_ORANGE_RET_12M_PCT,raw,12-month percent return of the orange price (Pink Sheet).,World Bank Pink Sheet,,percent (12m),True,M,,,,unknown,Commodity price context — terms-of-trade transfer between exporters and importers of orange; explanatory unless joined back to returns.,,commodity,True,,,model_drafted,
WB_CMDTY_ORANGE_RET_3M_PCT,WB_CMDTY_ORANGE_RET_3M_PCT,raw,3-month percent return of the orange price (Pink Sheet).,World Bank Pink Sheet,,percent (3m),True,M,,,,unknown,Commodity price context — terms-of-trade transfer between exporters and importers of orange; explanatory unless joined back to returns.,,commodity,True,,,model_drafted,
WB_CMDTY_ORANGE_VOL_12M,WB_CMDTY_ORANGE_VOL_12M,raw,12-month rolling volatility of monthly orange price returns (Pink Sheet).,World Bank Pink Sheet,,percent (volatility),True,M,,,,unknown,Commodity price context — terms-of-trade transfer between exporters and importers of orange; explanatory unless joined back to returns.,,commodity,True,,,model_drafted,
WB_CMDTY_ORANGE_YOY_PCT,WB_CMDTY_ORANGE_YOY_PCT,raw,Year-over-year percent change in the orange price (Pink Sheet).,World Bank Pink Sheet,,percent (YoY),True,M,,,,unknown,Commodity price context — terms-of-trade transfer between exporters and importers of orange; explanatory unless joined back to returns.,,commodity,True,,,model_drafted,
WB_CMDTY_ORANGE_Z_36M,WB_CMDTY_ORANGE_Z_36M,raw,Z-score of the orange price versus its trailing 36-month history (Pink Sheet).,World Bank Pink Sheet,,z-score,True,M,,,,unknown,Commodity price context — terms-of-trade transfer between exporters and importers of orange; explanatory unless joined back to returns.,,commodity,True,,,model_drafted,
WB_CMDTY_PALM_OIL_LEVEL,WB_CMDTY_PALM_OIL_LEVEL,raw,"palm oil price level (World Bank Pink Sheet, monthly, global series broadcast to all countries).",World Bank Pink Sheet,,price level (Pink Sheet native unit),True,M,,,,unknown,Commodity price context — terms-of-trade transfer between exporters and importers of palm oil; explanatory unless joined back to returns.,,commodity,True,,,model_drafted,
WB_CMDTY_PALM_OIL_MOM_PCT,WB_CMDTY_PALM_OIL_MOM_PCT,raw,Month-over-month percent change in the palm oil price (Pink Sheet).,World Bank Pink Sheet,,percent (MoM),True,M,,,,unknown,Commodity price context — terms-of-trade transfer between exporters and importers of palm oil; explanatory unless joined back to returns.,,commodity,True,,,model_drafted,
WB_CMDTY_PALM_OIL_RET_12M_PCT,WB_CMDTY_PALM_OIL_RET_12M_PCT,raw,12-month percent return of the palm oil price (Pink Sheet).,World Bank Pink Sheet,,percent (12m),True,M,,,,unknown,Commodity price context — terms-of-trade transfer between exporters and importers of palm oil; explanatory unless joined back to returns.,,commodity,True,,,model_drafted,
WB_CMDTY_PALM_OIL_RET_3M_PCT,WB_CMDTY_PALM_OIL_RET_3M_PCT,raw,3-month percent return of the palm oil price (Pink Sheet).,World Bank Pink Sheet,,percent (3m),True,M,,,,unknown,Commodity price context — terms-of-trade transfer between exporters and importers of palm oil; explanatory unless joined back to returns.,,commodity,True,,,model_drafted,
WB_CMDTY_PALM_OIL_VOL_12M,WB_CMDTY_PALM_OIL_VOL_12M,raw,12-month rolling volatility of monthly palm oil price returns (Pink Sheet).,World Bank Pink Sheet,,percent (volatility),True,M,,,,unknown,Commodity price context — terms-of-trade transfer between exporters and importers of palm oil; explanatory unless joined back to returns.,,commodity,True,,,model_drafted,
WB_CMDTY_PALM_OIL_YOY_PCT,WB_CMDTY_PALM_OIL_YOY_PCT,raw,Year-over-year percent change in the palm oil price (Pink Sheet).,World Bank Pink Sheet,,percent (YoY),True,M,,,,unknown,Commodity price context — terms-of-trade transfer between exporters and importers of palm oil; explanatory unless joined back to returns.,,commodity,True,,,model_drafted,
WB_CMDTY_PALM_OIL_Z_36M,WB_CMDTY_PALM_OIL_Z_36M,raw,Z-score of the palm oil price versus its trailing 36-month history (Pink Sheet).,World Bank Pink Sheet,,z-score,True,M,,,,unknown,Commodity price context — terms-of-trade transfer between exporters and importers of palm oil; explanatory unless joined back to returns.,,commodity,True,,,model_drafted,
WB_CMDTY_PHOSROCK_LEVEL,WB_CMDTY_PHOSROCK_LEVEL,raw,"phosrock price level (World Bank Pink Sheet, monthly, global series broadcast to all countries).",World Bank Pink Sheet,,price level (Pink Sheet native unit),True,M,,,,unknown,Commodity price context — terms-of-trade transfer between exporters and importers of phosrock; explanatory unless joined back to returns.,,commodity,True,,,model_drafted,
WB_CMDTY_PHOSROCK_MOM_PCT,WB_CMDTY_PHOSROCK_MOM_PCT,raw,Month-over-month percent change in the phosrock price (Pink Sheet).,World Bank Pink Sheet,,percent (MoM),True,M,,,,unknown,Commodity price context — terms-of-trade transfer between exporters and importers of phosrock; explanatory unless joined back to returns.,,commodity,True,,,model_drafted,
WB_CMDTY_PHOSROCK_RET_12M_PCT,WB_CMDTY_PHOSROCK_RET_12M_PCT,raw,12-month percent return of the phosrock price (Pink Sheet).,World Bank Pink Sheet,,percent (12m),True,M,,,,unknown,Commodity price context — terms-of-trade transfer between exporters and importers of phosrock; explanatory unless joined back to returns.,,commodity,True,,,model_drafted,
WB_CMDTY_PHOSROCK_RET_3M_PCT,WB_CMDTY_PHOSROCK_RET_3M_PCT,raw,3-month percent return of the phosrock price (Pink Sheet).,World Bank Pink Sheet,,percent (3m),True,M,,,,unknown,Commodity price context — terms-of-trade transfer between exporters and importers of phosrock; explanatory unless joined back to returns.,,commodity,True,,,model_drafted,
WB_CMDTY_PHOSROCK_VOL_12M,WB_CMDTY_PHOSROCK_VOL_12M,raw,12-month rolling volatility of monthly phosrock price returns (Pink Sheet).,World Bank Pink Sheet,,percent (volatility),True,M,,,,unknown,Commodity price context — terms-of-trade transfer between exporters and importers of phosrock; explanatory unless joined back to returns.,,commodity,True,,,model_drafted,
WB_CMDTY_PHOSROCK_YOY_PCT,WB_CMDTY_PHOSROCK_YOY_PCT,raw,Year-over-year percent change in the phosrock price (Pink Sheet).,World Bank Pink Sheet,,percent (YoY),True,M,,,,unknown,Commodity price context — terms-of-trade transfer between exporters and importers of phosrock; explanatory unless joined back to returns.,,commodity,True,,,model_drafted,
WB_CMDTY_PHOSROCK_Z_36M,WB_CMDTY_PHOSROCK_Z_36M,raw,Z-score of the phosrock price versus its trailing 36-month history (Pink Sheet).,World Bank Pink Sheet,,z-score,True,M,,,,unknown,Commodity price context — terms-of-trade transfer between exporters and importers of phosrock; explanatory unless joined back to returns.,,commodity,True,,,model_drafted,
WB_CMDTY_PLATINUM_LEVEL,WB_CMDTY_PLATINUM_LEVEL,raw,"platinum price level (World Bank Pink Sheet, monthly, global series broadcast to all countries).",World Bank Pink Sheet,,price level (Pink Sheet native unit),True,M,,,,unknown,Commodity price context — terms-of-trade transfer between exporters and importers of platinum; explanatory unless joined back to returns.,,commodity,True,,,model_drafted,
WB_CMDTY_PLATINUM_MOM_PCT,WB_CMDTY_PLATINUM_MOM_PCT,raw,Month-over-month percent change in the platinum price (Pink Sheet).,World Bank Pink Sheet,,percent (MoM),True,M,,,,unknown,Commodity price context — terms-of-trade transfer between exporters and importers of platinum; explanatory unless joined back to returns.,,commodity,True,,,model_drafted,
WB_CMDTY_PLATINUM_RET_12M_PCT,WB_CMDTY_PLATINUM_RET_12M_PCT,raw,12-month percent return of the platinum price (Pink Sheet).,World Bank Pink Sheet,,percent (12m),True,M,,,,unknown,Commodity price context — terms-of-trade transfer between exporters and importers of platinum; explanatory unless joined back to returns.,,commodity,True,,,model_drafted,
WB_CMDTY_PLATINUM_RET_3M_PCT,WB_CMDTY_PLATINUM_RET_3M_PCT,raw,3-month percent return of the platinum price (Pink Sheet).,World Bank Pink Sheet,,percent (3m),True,M,,,,unknown,Commodity price context — terms-of-trade transfer between exporters and importers of platinum; explanatory unless joined back to returns.,,commodity,True,,,model_drafted,
WB_CMDTY_PLATINUM_VOL_12M,WB_CMDTY_PLATINUM_VOL_12M,raw,12-month rolling volatility of monthly platinum price returns (Pink Sheet).,World Bank Pink Sheet,,percent (volatility),True,M,,,,unknown,Commodity price context — terms-of-trade transfer between exporters and importers of platinum; explanatory unless joined back to returns.,,commodity,True,,,model_drafted,
WB_CMDTY_PLATINUM_YOY_PCT,WB_CMDTY_PLATINUM_YOY_PCT,raw,Year-over-year percent change in the platinum price (Pink Sheet).,World Bank Pink Sheet,,percent (YoY),True,M,,,,unknown,Commodity price context — terms-of-trade transfer between exporters and importers of platinum; explanatory unless joined back to returns.,,commodity,True,,,model_drafted,
WB_CMDTY_PLATINUM_Z_36M,WB_CMDTY_PLATINUM_Z_36M,raw,Z-score of the platinum price versus its trailing 36-month history (Pink Sheet).,World Bank Pink Sheet,,z-score,True,M,,,,unknown,Commodity price context — terms-of-trade transfer between exporters and importers of platinum; explanatory unless joined back to returns.,,commodity,True,,,model_drafted,
WB_CMDTY_PLMKRNL_OIL_LEVEL,WB_CMDTY_PLMKRNL_OIL_LEVEL,raw,"plmkrnl oil price level (World Bank Pink Sheet, monthly, global series broadcast to all countries).",World Bank Pink Sheet,,price level (Pink Sheet native unit),True,M,,,,unknown,Commodity price context — terms-of-trade transfer between exporters and importers of plmkrnl oil; explanatory unless joined back to returns.,,commodity,True,,,model_drafted,
WB_CMDTY_PLMKRNL_OIL_MOM_PCT,WB_CMDTY_PLMKRNL_OIL_MOM_PCT,raw,Month-over-month percent change in the plmkrnl oil price (Pink Sheet).,World Bank Pink Sheet,,percent (MoM),True,M,,,,unknown,Commodity price context — terms-of-trade transfer between exporters and importers of plmkrnl oil; explanatory unless joined back to returns.,,commodity,True,,,model_drafted,
WB_CMDTY_PLMKRNL_OIL_RET_12M_PCT,WB_CMDTY_PLMKRNL_OIL_RET_12M_PCT,raw,12-month percent return of the plmkrnl oil price (Pink Sheet).,World Bank Pink Sheet,,percent (12m),True,M,,,,unknown,Commodity price context — terms-of-trade transfer between exporters and importers of plmkrnl oil; explanatory unless joined back to returns.,,commodity,True,,,model_drafted,
WB_CMDTY_PLMKRNL_OIL_RET_3M_PCT,WB_CMDTY_PLMKRNL_OIL_RET_3M_PCT,raw,3-month percent return of the plmkrnl oil price (Pink Sheet).,World Bank Pink Sheet,,percent (3m),True,M,,,,unknown,Commodity price context — terms-of-trade transfer between exporters and importers of plmkrnl oil; explanatory unless joined back to returns.,,commodity,True,,,model_drafted,
WB_CMDTY_PLMKRNL_OIL_VOL_12M,WB_CMDTY_PLMKRNL_OIL_VOL_12M,raw,12-month rolling volatility of monthly plmkrnl oil price returns (Pink Sheet).,World Bank Pink Sheet,,percent (volatility),True,M,,,,unknown,Commodity price context — terms-of-trade transfer between exporters and importers of plmkrnl oil; explanatory unless joined back to returns.,,commodity,True,,,model_drafted,
WB_CMDTY_PLMKRNL_OIL_YOY_PCT,WB_CMDTY_PLMKRNL_OIL_YOY_PCT,raw,Year-over-year percent change in the plmkrnl oil price (Pink Sheet).,World Bank Pink Sheet,,percent (YoY),True,M,,,,unknown,Commodity price context — terms-of-trade transfer between exporters and importers of plmkrnl oil; explanatory unless joined back to returns.,,commodity,True,,,model_drafted,
WB_CMDTY_PLMKRNL_OIL_Z_36M,WB_CMDTY_PLMKRNL_OIL_Z_36M,raw,Z-score of the plmkrnl oil price versus its trailing 36-month history (Pink Sheet).,World Bank Pink Sheet,,z-score,True,M,,,,unknown,Commodity price context — terms-of-trade transfer between exporters and importers of plmkrnl oil; explanatory unless joined back to returns.,,commodity,True,,,model_drafted,
WB_CMDTY_PLYWOOD_LEVEL,WB_CMDTY_PLYWOOD_LEVEL,raw,"plywood price level (World Bank Pink Sheet, monthly, global series broadcast to all countries).",World Bank Pink Sheet,,price level (Pink Sheet native unit),True,M,,,,unknown,Commodity price context — terms-of-trade transfer between exporters and importers of plywood; explanatory unless joined back to returns.,,commodity,True,,,model_drafted,
WB_CMDTY_PLYWOOD_MOM_PCT,WB_CMDTY_PLYWOOD_MOM_PCT,raw,Month-over-month percent change in the plywood price (Pink Sheet).,World Bank Pink Sheet,,percent (MoM),True,M,,,,unknown,Commodity price context — terms-of-trade transfer between exporters and importers of plywood; explanatory unless joined back to returns.,,commodity,True,,,model_drafted,
WB_CMDTY_PLYWOOD_RET_12M_PCT,WB_CMDTY_PLYWOOD_RET_12M_PCT,raw,12-month percent return of the plywood price (Pink Sheet).,World Bank Pink Sheet,,percent (12m),True,M,,,,unknown,Commodity price context — terms-of-trade transfer between exporters and importers of plywood; explanatory unless joined back to returns.,,commodity,True,,,model_drafted,
WB_CMDTY_PLYWOOD_RET_3M_PCT,WB_CMDTY_PLYWOOD_RET_3M_PCT,raw,3-month percent return of the plywood price (Pink Sheet).,World Bank Pink Sheet,,percent (3m),True,M,,,,unknown,Commodity price context — terms-of-trade transfer between exporters and importers of plywood; explanatory unless joined back to returns.,,commodity,True,,,model_drafted,
WB_CMDTY_PLYWOOD_VOL_12M,WB_CMDTY_PLYWOOD_VOL_12M,raw,12-month rolling volatility of monthly plywood price returns (Pink Sheet).,World Bank Pink Sheet,,percent (volatility),True,M,,,,unknown,Commodity price context — terms-of-trade transfer between exporters and importers of plywood; explanatory unless joined back to returns.,,commodity,True,,,model_drafted,
WB_CMDTY_PLYWOOD_YOY_PCT,WB_CMDTY_PLYWOOD_YOY_PCT,raw,Year-over-year percent change in the plywood price (Pink Sheet).,World Bank Pink Sheet,,percent (YoY),True,M,,,,unknown,Commodity price context — terms-of-trade transfer between exporters and importers of plywood; explanatory unless joined back to returns.,,commodity,True,,,model_drafted,
WB_CMDTY_PLYWOOD_Z_36M,WB_CMDTY_PLYWOOD_Z_36M,raw,Z-score of the plywood price versus its trailing 36-month history (Pink Sheet).,World Bank Pink Sheet,,z-score,True,M,,,,unknown,Commodity price context — terms-of-trade transfer between exporters and importers of plywood; explanatory unless joined back to returns.,,commodity,True,,,model_drafted,
WB_CMDTY_POTASH_LEVEL,WB_CMDTY_POTASH_LEVEL,raw,"potash price level (World Bank Pink Sheet, monthly, global series broadcast to all countries).",World Bank Pink Sheet,,price level (Pink Sheet native unit),True,M,,,,unknown,Commodity price context — terms-of-trade transfer between exporters and importers of potash; explanatory unless joined back to returns.,,commodity,True,,,model_drafted,
WB_CMDTY_POTASH_MOM_PCT,WB_CMDTY_POTASH_MOM_PCT,raw,Month-over-month percent change in the potash price (Pink Sheet).,World Bank Pink Sheet,,percent (MoM),True,M,,,,unknown,Commodity price context — terms-of-trade transfer between exporters and importers of potash; explanatory unless joined back to returns.,,commodity,True,,,model_drafted,
WB_CMDTY_POTASH_RET_12M_PCT,WB_CMDTY_POTASH_RET_12M_PCT,raw,12-month percent return of the potash price (Pink Sheet).,World Bank Pink Sheet,,percent (12m),True,M,,,,unknown,Commodity price context — terms-of-trade transfer between exporters and importers of potash; explanatory unless joined back to returns.,,commodity,True,,,model_drafted,
WB_CMDTY_POTASH_RET_3M_PCT,WB_CMDTY_POTASH_RET_3M_PCT,raw,3-month percent return of the potash price (Pink Sheet).,World Bank Pink Sheet,,percent (3m),True,M,,,,unknown,Commodity price context — terms-of-trade transfer between exporters and importers of potash; explanatory unless joined back to returns.,,commodity,True,,,model_drafted,
WB_CMDTY_POTASH_VOL_12M,WB_CMDTY_POTASH_VOL_12M,raw,12-month rolling volatility of monthly potash price returns (Pink Sheet).,World Bank Pink Sheet,,percent (volatility),True,M,,,,unknown,Commodity price context — terms-of-trade transfer between exporters and importers of potash; explanatory unless joined back to returns.,,commodity,True,,,model_drafted,
WB_CMDTY_POTASH_YOY_PCT,WB_CMDTY_POTASH_YOY_PCT,raw,Year-over-year percent change in the potash price (Pink Sheet).,World Bank Pink Sheet,,percent (YoY),True,M,,,,unknown,Commodity price context — terms-of-trade transfer between exporters and importers of potash; explanatory unless joined back to returns.,,commodity,True,,,model_drafted,
WB_CMDTY_POTASH_Z_36M,WB_CMDTY_POTASH_Z_36M,raw,Z-score of the potash price versus its trailing 36-month history (Pink Sheet).,World Bank Pink Sheet,,z-score,True,M,,,,unknown,Commodity price context — terms-of-trade transfer between exporters and importers of potash; explanatory unless joined back to returns.,,commodity,True,,,model_drafted,
WB_CMDTY_RAPESEED_OIL_LEVEL,WB_CMDTY_RAPESEED_OIL_LEVEL,raw,"rapeseed oil price level (World Bank Pink Sheet, monthly, global series broadcast to all countries).",World Bank Pink Sheet,,price level (Pink Sheet native unit),True,M,,,,unknown,Commodity price context — terms-of-trade transfer between exporters and importers of rapeseed oil; explanatory unless joined back to returns.,,commodity,True,,,model_drafted,
WB_CMDTY_RAPESEED_OIL_MOM_PCT,WB_CMDTY_RAPESEED_OIL_MOM_PCT,raw,Month-over-month percent change in the rapeseed oil price (Pink Sheet).,World Bank Pink Sheet,,percent (MoM),True,M,,,,unknown,Commodity price context — terms-of-trade transfer between exporters and importers of rapeseed oil; explanatory unless joined back to returns.,,commodity,True,,,model_drafted,
WB_CMDTY_RAPESEED_OIL_RET_12M_PCT,WB_CMDTY_RAPESEED_OIL_RET_12M_PCT,raw,12-month percent return of the rapeseed oil price (Pink Sheet).,World Bank Pink Sheet,,percent (12m),True,M,,,,unknown,Commodity price context — terms-of-trade transfer between exporters and importers of rapeseed oil; explanatory unless joined back to returns.,,commodity,True,,,model_drafted,
WB_CMDTY_RAPESEED_OIL_RET_3M_PCT,WB_CMDTY_RAPESEED_OIL_RET_3M_PCT,raw,3-month percent return of the rapeseed oil price (Pink Sheet).,World Bank Pink Sheet,,percent (3m),True,M,,,,unknown,Commodity price context — terms-of-trade transfer between exporters and importers of rapeseed oil; explanatory unless joined back to returns.,,commodity,True,,,model_drafted,
WB_CMDTY_RAPESEED_OIL_VOL_12M,WB_CMDTY_RAPESEED_OIL_VOL_12M,raw,12-month rolling volatility of monthly rapeseed oil price returns (Pink Sheet).,World Bank Pink Sheet,,percent (volatility),True,M,,,,unknown,Commodity price context — terms-of-trade transfer between exporters and importers of rapeseed oil; explanatory unless joined back to returns.,,commodity,True,,,model_drafted,
WB_CMDTY_RAPESEED_OIL_YOY_PCT,WB_CMDTY_RAPESEED_OIL_YOY_PCT,raw,Year-over-year percent change in the rapeseed oil price (Pink Sheet).,World Bank Pink Sheet,,percent (YoY),True,M,,,,unknown,Commodity price context — terms-of-trade transfer between exporters and importers of rapeseed oil; explanatory unless joined back to returns.,,commodity,True,,,model_drafted,
WB_CMDTY_RAPESEED_OIL_Z_36M,WB_CMDTY_RAPESEED_OIL_Z_36M,raw,Z-score of the rapeseed oil price versus its trailing 36-month history (Pink Sheet).,World Bank Pink Sheet,,z-score,True,M,,,,unknown,Commodity price context — terms-of-trade transfer between exporters and importers of rapeseed oil; explanatory unless joined back to returns.,,commodity,True,,,model_drafted,
WB_CMDTY_RICE_05_LEVEL,WB_CMDTY_RICE_05_LEVEL,raw,"rice 05 price level (World Bank Pink Sheet, monthly, global series broadcast to all countries).",World Bank Pink Sheet,,price level (Pink Sheet native unit),True,M,,,,unknown,Commodity price context — terms-of-trade transfer between exporters and importers of rice 05; explanatory unless joined back to returns.,,commodity,True,,,model_drafted,
WB_CMDTY_RICE_05_MOM_PCT,WB_CMDTY_RICE_05_MOM_PCT,raw,Month-over-month percent change in the rice 05 price (Pink Sheet).,World Bank Pink Sheet,,percent (MoM),True,M,,,,unknown,Commodity price context — terms-of-trade transfer between exporters and importers of rice 05; explanatory unless joined back to returns.,,commodity,True,,,model_drafted,
WB_CMDTY_RICE_05_RET_12M_PCT,WB_CMDTY_RICE_05_RET_12M_PCT,raw,12-month percent return of the rice 05 price (Pink Sheet).,World Bank Pink Sheet,,percent (12m),True,M,,,,unknown,Commodity price context — terms-of-trade transfer between exporters and importers of rice 05; explanatory unless joined back to returns.,,commodity,True,,,model_drafted,
WB_CMDTY_RICE_05_RET_3M_PCT,WB_CMDTY_RICE_05_RET_3M_PCT,raw,3-month percent return of the rice 05 price (Pink Sheet).,World Bank Pink Sheet,,percent (3m),True,M,,,,unknown,Commodity price context — terms-of-trade transfer between exporters and importers of rice 05; explanatory unless joined back to returns.,,commodity,True,,,model_drafted,
WB_CMDTY_RICE_05_VNM_LEVEL,WB_CMDTY_RICE_05_VNM_LEVEL,raw,"rice 05 vnm price level (World Bank Pink Sheet, monthly, global series broadcast to all countries).",World Bank Pink Sheet,,price level (Pink Sheet native unit),True,M,,,,unknown,Commodity price context — terms-of-trade transfer between exporters and importers of rice 05 vnm; explanatory unless joined back to returns.,,commodity,True,,,model_drafted,
WB_CMDTY_RICE_05_VNM_MOM_PCT,WB_CMDTY_RICE_05_VNM_MOM_PCT,raw,Month-over-month percent change in the rice 05 vnm price (Pink Sheet).,World Bank Pink Sheet,,percent (MoM),True,M,,,,unknown,Commodity price context — terms-of-trade transfer between exporters and importers of rice 05 vnm; explanatory unless joined back to returns.,,commodity,True,,,model_drafted,
WB_CMDTY_RICE_05_VNM_RET_12M_PCT,WB_CMDTY_RICE_05_VNM_RET_12M_PCT,raw,12-month percent return of the rice 05 vnm price (Pink Sheet).,World Bank Pink Sheet,,percent (12m),True,M,,,,unknown,Commodity price context — terms-of-trade transfer between exporters and importers of rice 05 vnm; explanatory unless joined back to returns.,,commodity,True,,,model_drafted,
WB_CMDTY_RICE_05_VNM_RET_3M_PCT,WB_CMDTY_RICE_05_VNM_RET_3M_PCT,raw,3-month percent return of the rice 05 vnm price (Pink Sheet).,World Bank Pink Sheet,,percent (3m),True,M,,,,unknown,Commodity price context — terms-of-trade transfer between exporters and importers of rice 05 vnm; explanatory unless joined back to returns.,,commodity,True,,,model_drafted,
WB_CMDTY_RICE_05_VNM_VOL_12M,WB_CMDTY_RICE_05_VNM_VOL_12M,raw,12-month rolling volatility of monthly rice 05 vnm price returns (Pink Sheet).,World Bank Pink Sheet,,percent (volatility),True,M,,,,unknown,Commodity price context — terms-of-trade transfer between exporters and importers of rice 05 vnm; explanatory unless joined back to returns.,,commodity,True,,,model_drafted,
WB_CMDTY_RICE_05_VNM_YOY_PCT,WB_CMDTY_RICE_05_VNM_YOY_PCT,raw,Year-over-year percent change in the rice 05 vnm price (Pink Sheet).,World Bank Pink Sheet,,percent (YoY),True,M,,,,unknown,Commodity price context — terms-of-trade transfer between exporters and importers of rice 05 vnm; explanatory unless joined back to returns.,,commodity,True,,,model_drafted,
WB_CMDTY_RICE_05_VNM_Z_36M,WB_CMDTY_RICE_05_VNM_Z_36M,raw,Z-score of the rice 05 vnm price versus its trailing 36-month history (Pink Sheet).,World Bank Pink Sheet,,z-score,True,M,,,,unknown,Commodity price context — terms-of-trade transfer between exporters and importers of rice 05 vnm; explanatory unless joined back to returns.,,commodity,True,,,model_drafted,
WB_CMDTY_RICE_05_VOL_12M,WB_CMDTY_RICE_05_VOL_12M,raw,12-month rolling volatility of monthly rice 05 price returns (Pink Sheet).,World Bank Pink Sheet,,percent (volatility),True,M,,,,unknown,Commodity price context — terms-of-trade transfer between exporters and importers of rice 05; explanatory unless joined back to returns.,,commodity,True,,,model_drafted,
WB_CMDTY_RICE_05_YOY_PCT,WB_CMDTY_RICE_05_YOY_PCT,raw,Year-over-year percent change in the rice 05 price (Pink Sheet).,World Bank Pink Sheet,,percent (YoY),True,M,,,,unknown,Commodity price context — terms-of-trade transfer between exporters and importers of rice 05; explanatory unless joined back to returns.,,commodity,True,,,model_drafted,
WB_CMDTY_RICE_05_Z_36M,WB_CMDTY_RICE_05_Z_36M,raw,Z-score of the rice 05 price versus its trailing 36-month history (Pink Sheet).,World Bank Pink Sheet,,z-score,True,M,,,,unknown,Commodity price context — terms-of-trade transfer between exporters and importers of rice 05; explanatory unless joined back to returns.,,commodity,True,,,model_drafted,
WB_CMDTY_RICE_25_LEVEL,WB_CMDTY_RICE_25_LEVEL,raw,"rice 25 price level (World Bank Pink Sheet, monthly, global series broadcast to all countries).",World Bank Pink Sheet,,price level (Pink Sheet native unit),True,M,,,,unknown,Commodity price context — terms-of-trade transfer between exporters and importers of rice 25; explanatory unless joined back to returns.,,commodity,True,,,model_drafted,
WB_CMDTY_RICE_25_MOM_PCT,WB_CMDTY_RICE_25_MOM_PCT,raw,Month-over-month percent change in the rice 25 price (Pink Sheet).,World Bank Pink Sheet,,percent (MoM),True,M,,,,unknown,Commodity price context — terms-of-trade transfer between exporters and importers of rice 25; explanatory unless joined back to returns.,,commodity,True,,,model_drafted,
WB_CMDTY_RICE_25_RET_12M_PCT,WB_CMDTY_RICE_25_RET_12M_PCT,raw,12-month percent return of the rice 25 price (Pink Sheet).,World Bank Pink Sheet,,percent (12m),True,M,,,,unknown,Commodity price context — terms-of-trade transfer between exporters and importers of rice 25; explanatory unless joined back to returns.,,commodity,True,,,model_drafted,
WB_CMDTY_RICE_25_RET_3M_PCT,WB_CMDTY_RICE_25_RET_3M_PCT,raw,3-month percent return of the rice 25 price (Pink Sheet).,World Bank Pink Sheet,,percent (3m),True,M,,,,unknown,Commodity price context — terms-of-trade transfer between exporters and importers of rice 25; explanatory unless joined back to returns.,,commodity,True,,,model_drafted,
WB_CMDTY_RICE_25_VOL_12M,WB_CMDTY_RICE_25_VOL_12M,raw,12-month rolling volatility of monthly rice 25 price returns (Pink Sheet).,World Bank Pink Sheet,,percent (volatility),True,M,,,,unknown,Commodity price context — terms-of-trade transfer between exporters and importers of rice 25; explanatory unless joined back to returns.,,commodity,True,,,model_drafted,
WB_CMDTY_RICE_25_YOY_PCT,WB_CMDTY_RICE_25_YOY_PCT,raw,Year-over-year percent change in the rice 25 price (Pink Sheet).,World Bank Pink Sheet,,percent (YoY),True,M,,,,unknown,Commodity price context — terms-of-trade transfer between exporters and importers of rice 25; explanatory unless joined back to returns.,,commodity,True,,,model_drafted,
WB_CMDTY_RICE_25_Z_36M,WB_CMDTY_RICE_25_Z_36M,raw,Z-score of the rice 25 price versus its trailing 36-month history (Pink Sheet).,World Bank Pink Sheet,,z-score,True,M,,,,unknown,Commodity price context — terms-of-trade transfer between exporters and importers of rice 25; explanatory unless joined back to returns.,,commodity,True,,,model_drafted,
WB_CMDTY_RICE_A1_LEVEL,WB_CMDTY_RICE_A1_LEVEL,raw,"rice a1 price level (World Bank Pink Sheet, monthly, global series broadcast to all countries).",World Bank Pink Sheet,,price level (Pink Sheet native unit),True,M,,,,unknown,Commodity price context — terms-of-trade transfer between exporters and importers of rice a1; explanatory unless joined back to returns.,,commodity,True,,,model_drafted,
WB_CMDTY_RICE_A1_MOM_PCT,WB_CMDTY_RICE_A1_MOM_PCT,raw,Month-over-month percent change in the rice a1 price (Pink Sheet).,World Bank Pink Sheet,,percent (MoM),True,M,,,,unknown,Commodity price context — terms-of-trade transfer between exporters and importers of rice a1; explanatory unless joined back to returns.,,commodity,True,,,model_drafted,
WB_CMDTY_RICE_A1_RET_12M_PCT,WB_CMDTY_RICE_A1_RET_12M_PCT,raw,12-month percent return of the rice a1 price (Pink Sheet).,World Bank Pink Sheet,,percent (12m),True,M,,,,unknown,Commodity price context — terms-of-trade transfer between exporters and importers of rice a1; explanatory unless joined back to returns.,,commodity,True,,,model_drafted,
WB_CMDTY_RICE_A1_RET_3M_PCT,WB_CMDTY_RICE_A1_RET_3M_PCT,raw,3-month percent return of the rice a1 price (Pink Sheet).,World Bank Pink Sheet,,percent (3m),True,M,,,,unknown,Commodity price context — terms-of-trade transfer between exporters and importers of rice a1; explanatory unless joined back to returns.,,commodity,True,,,model_drafted,
WB_CMDTY_RICE_A1_VOL_12M,WB_CMDTY_RICE_A1_VOL_12M,raw,12-month rolling volatility of monthly rice a1 price returns (Pink Sheet).,World Bank Pink Sheet,,percent (volatility),True,M,,,,unknown,Commodity price context — terms-of-trade transfer between exporters and importers of rice a1; explanatory unless joined back to returns.,,commodity,True,,,model_drafted,
WB_CMDTY_RICE_A1_YOY_PCT,WB_CMDTY_RICE_A1_YOY_PCT,raw,Year-over-year percent change in the rice a1 price (Pink Sheet).,World Bank Pink Sheet,,percent (YoY),True,M,,,,unknown,Commodity price context — terms-of-trade transfer between exporters and importers of rice a1; explanatory unless joined back to returns.,,commodity,True,,,model_drafted,
WB_CMDTY_RICE_A1_Z_36M,WB_CMDTY_RICE_A1_Z_36M,raw,Z-score of the rice a1 price versus its trailing 36-month history (Pink Sheet).,World Bank Pink Sheet,,z-score,True,M,,,,unknown,Commodity price context — terms-of-trade transfer between exporters and importers of rice a1; explanatory unless joined back to returns.,,commodity,True,,,model_drafted,
WB_CMDTY_RUBBER1_MYSG_LEVEL,WB_CMDTY_RUBBER1_MYSG_LEVEL,raw,"rubber1 mysg price level (World Bank Pink Sheet, monthly, global series broadcast to all countries).",World Bank Pink Sheet,,price level (Pink Sheet native unit),True,M,,,,unknown,Commodity price context — terms-of-trade transfer between exporters and importers of rubber1 mysg; explanatory unless joined back to returns.,,commodity,True,,,model_drafted,
WB_CMDTY_RUBBER1_MYSG_MOM_PCT,WB_CMDTY_RUBBER1_MYSG_MOM_PCT,raw,Month-over-month percent change in the rubber1 mysg price (Pink Sheet).,World Bank Pink Sheet,,percent (MoM),True,M,,,,unknown,Commodity price context — terms-of-trade transfer between exporters and importers of rubber1 mysg; explanatory unless joined back to returns.,,commodity,True,,,model_drafted,
WB_CMDTY_RUBBER1_MYSG_RET_12M_PCT,WB_CMDTY_RUBBER1_MYSG_RET_12M_PCT,raw,12-month percent return of the rubber1 mysg price (Pink Sheet).,World Bank Pink Sheet,,percent (12m),True,M,,,,unknown,Commodity price context — terms-of-trade transfer between exporters and importers of rubber1 mysg; explanatory unless joined back to returns.,,commodity,True,,,model_drafted,
WB_CMDTY_RUBBER1_MYSG_RET_3M_PCT,WB_CMDTY_RUBBER1_MYSG_RET_3M_PCT,raw,3-month percent return of the rubber1 mysg price (Pink Sheet).,World Bank Pink Sheet,,percent (3m),True,M,,,,unknown,Commodity price context — terms-of-trade transfer between exporters and importers of rubber1 mysg; explanatory unless joined back to returns.,,commodity,True,,,model_drafted,
WB_CMDTY_RUBBER1_MYSG_VOL_12M,WB_CMDTY_RUBBER1_MYSG_VOL_12M,raw,12-month rolling volatility of monthly rubber1 mysg price returns (Pink Sheet).,World Bank Pink Sheet,,percent (volatility),True,M,,,,unknown,Commodity price context — terms-of-trade transfer between exporters and importers of rubber1 mysg; explanatory unless joined back to returns.,,commodity,True,,,model_drafted,
WB_CMDTY_RUBBER1_MYSG_YOY_PCT,WB_CMDTY_RUBBER1_MYSG_YOY_PCT,raw,Year-over-year percent change in the rubber1 mysg price (Pink Sheet).,World Bank Pink Sheet,,percent (YoY),True,M,,,,unknown,Commodity price context — terms-of-trade transfer between exporters and importers of rubber1 mysg; explanatory unless joined back to returns.,,commodity,True,,,model_drafted,
WB_CMDTY_RUBBER1_MYSG_Z_36M,WB_CMDTY_RUBBER1_MYSG_Z_36M,raw,Z-score of the rubber1 mysg price versus its trailing 36-month history (Pink Sheet).,World Bank Pink Sheet,,z-score,True,M,,,,unknown,Commodity price context — terms-of-trade transfer between exporters and importers of rubber1 mysg; explanatory unless joined back to returns.,,commodity,True,,,model_drafted,
WB_CMDTY_RUBBER_TSR20_LEVEL,WB_CMDTY_RUBBER_TSR20_LEVEL,raw,"rubber tsr20 price level (World Bank Pink Sheet, monthly, global series broadcast to all countries).",World Bank Pink Sheet,,price level (Pink Sheet native unit),True,M,,,,unknown,Commodity price context — terms-of-trade transfer between exporters and importers of rubber tsr20; explanatory unless joined back to returns.,,commodity,True,,,model_drafted,
WB_CMDTY_RUBBER_TSR20_MOM_PCT,WB_CMDTY_RUBBER_TSR20_MOM_PCT,raw,Month-over-month percent change in the rubber tsr20 price (Pink Sheet).,World Bank Pink Sheet,,percent (MoM),True,M,,,,unknown,Commodity price context — terms-of-trade transfer between exporters and importers of rubber tsr20; explanatory unless joined back to returns.,,commodity,True,,,model_drafted,
WB_CMDTY_RUBBER_TSR20_RET_12M_PCT,WB_CMDTY_RUBBER_TSR20_RET_12M_PCT,raw,12-month percent return of the rubber tsr20 price (Pink Sheet).,World Bank Pink Sheet,,percent (12m),True,M,,,,unknown,Commodity price context — terms-of-trade transfer between exporters and importers of rubber tsr20; explanatory unless joined back to returns.,,commodity,True,,,model_drafted,
WB_CMDTY_RUBBER_TSR20_RET_3M_PCT,WB_CMDTY_RUBBER_TSR20_RET_3M_PCT,raw,3-month percent return of the rubber tsr20 price (Pink Sheet).,World Bank Pink Sheet,,percent (3m),True,M,,,,unknown,Commodity price context — terms-of-trade transfer between exporters and importers of rubber tsr20; explanatory unless joined back to returns.,,commodity,True,,,model_drafted,
WB_CMDTY_RUBBER_TSR20_VOL_12M,WB_CMDTY_RUBBER_TSR20_VOL_12M,raw,12-month rolling volatility of monthly rubber tsr20 price returns (Pink Sheet).,World Bank Pink Sheet,,percent (volatility),True,M,,,,unknown,Commodity price context — terms-of-trade transfer between exporters and importers of rubber tsr20; explanatory unless joined back to returns.,,commodity,True,,,model_drafted,
WB_CMDTY_RUBBER_TSR20_YOY_PCT,WB_CMDTY_RUBBER_TSR20_YOY_PCT,raw,Year-over-year percent change in the rubber tsr20 price (Pink Sheet).,World Bank Pink Sheet,,percent (YoY),True,M,,,,unknown,Commodity price context — terms-of-trade transfer between exporters and importers of rubber tsr20; explanatory unless joined back to returns.,,commodity,True,,,model_drafted,
WB_CMDTY_RUBBER_TSR20_Z_36M,WB_CMDTY_RUBBER_TSR20_Z_36M,raw,Z-score of the rubber tsr20 price versus its trailing 36-month history (Pink Sheet).,World Bank Pink Sheet,,z-score,True,M,,,,unknown,Commodity price context — terms-of-trade transfer between exporters and importers of rubber tsr20; explanatory unless joined back to returns.,,commodity,True,,,model_drafted,
WB_CMDTY_SAWNWD_CMR_LEVEL,WB_CMDTY_SAWNWD_CMR_LEVEL,raw,"sawnwd cmr price level (World Bank Pink Sheet, monthly, global series broadcast to all countries).",World Bank Pink Sheet,,price level (Pink Sheet native unit),True,M,,,,unknown,Commodity price context — terms-of-trade transfer between exporters and importers of sawnwd cmr; explanatory unless joined back to returns.,,commodity,True,,,model_drafted,
WB_CMDTY_SAWNWD_CMR_MOM_PCT,WB_CMDTY_SAWNWD_CMR_MOM_PCT,raw,Month-over-month percent change in the sawnwd cmr price (Pink Sheet).,World Bank Pink Sheet,,percent (MoM),True,M,,,,unknown,Commodity price context — terms-of-trade transfer between exporters and importers of sawnwd cmr; explanatory unless joined back to returns.,,commodity,True,,,model_drafted,
WB_CMDTY_SAWNWD_CMR_RET_12M_PCT,WB_CMDTY_SAWNWD_CMR_RET_12M_PCT,raw,12-month percent return of the sawnwd cmr price (Pink Sheet).,World Bank Pink Sheet,,percent (12m),True,M,,,,unknown,Commodity price context — terms-of-trade transfer between exporters and importers of sawnwd cmr; explanatory unless joined back to returns.,,commodity,True,,,model_drafted,
WB_CMDTY_SAWNWD_CMR_RET_3M_PCT,WB_CMDTY_SAWNWD_CMR_RET_3M_PCT,raw,3-month percent return of the sawnwd cmr price (Pink Sheet).,World Bank Pink Sheet,,percent (3m),True,M,,,,unknown,Commodity price context — terms-of-trade transfer between exporters and importers of sawnwd cmr; explanatory unless joined back to returns.,,commodity,True,,,model_drafted,
WB_CMDTY_SAWNWD_CMR_VOL_12M,WB_CMDTY_SAWNWD_CMR_VOL_12M,raw,12-month rolling volatility of monthly sawnwd cmr price returns (Pink Sheet).,World Bank Pink Sheet,,percent (volatility),True,M,,,,unknown,Commodity price context — terms-of-trade transfer between exporters and importers of sawnwd cmr; explanatory unless joined back to returns.,,commodity,True,,,model_drafted,
WB_CMDTY_SAWNWD_CMR_YOY_PCT,WB_CMDTY_SAWNWD_CMR_YOY_PCT,raw,Year-over-year percent change in the sawnwd cmr price (Pink Sheet).,World Bank Pink Sheet,,percent (YoY),True,M,,,,unknown,Commodity price context — terms-of-trade transfer between exporters and importers of sawnwd cmr; explanatory unless joined back to returns.,,commodity,True,,,model_drafted,
WB_CMDTY_SAWNWD_CMR_Z_36M,WB_CMDTY_SAWNWD_CMR_Z_36M,raw,Z-score of the sawnwd cmr price versus its trailing 36-month history (Pink Sheet).,World Bank Pink Sheet,,z-score,True,M,,,,unknown,Commodity price context — terms-of-trade transfer between exporters and importers of sawnwd cmr; explanatory unless joined back to returns.,,commodity,True,,,model_drafted,
WB_CMDTY_SAWNWD_MYS_LEVEL,WB_CMDTY_SAWNWD_MYS_LEVEL,raw,"sawnwd mys price level (World Bank Pink Sheet, monthly, global series broadcast to all countries).",World Bank Pink Sheet,,price level (Pink Sheet native unit),True,M,,,,unknown,Commodity price context — terms-of-trade transfer between exporters and importers of sawnwd mys; explanatory unless joined back to returns.,,commodity,True,,,model_drafted,
WB_CMDTY_SAWNWD_MYS_MOM_PCT,WB_CMDTY_SAWNWD_MYS_MOM_PCT,raw,Month-over-month percent change in the sawnwd mys price (Pink Sheet).,World Bank Pink Sheet,,percent (MoM),True,M,,,,unknown,Commodity price context — terms-of-trade transfer between exporters and importers of sawnwd mys; explanatory unless joined back to returns.,,commodity,True,,,model_drafted,
WB_CMDTY_SAWNWD_MYS_RET_12M_PCT,WB_CMDTY_SAWNWD_MYS_RET_12M_PCT,raw,12-month percent return of the sawnwd mys price (Pink Sheet).,World Bank Pink Sheet,,percent (12m),True,M,,,,unknown,Commodity price context — terms-of-trade transfer between exporters and importers of sawnwd mys; explanatory unless joined back to returns.,,commodity,True,,,model_drafted,
WB_CMDTY_SAWNWD_MYS_RET_3M_PCT,WB_CMDTY_SAWNWD_MYS_RET_3M_PCT,raw,3-month percent return of the sawnwd mys price (Pink Sheet).,World Bank Pink Sheet,,percent (3m),True,M,,,,unknown,Commodity price context — terms-of-trade transfer between exporters and importers of sawnwd mys; explanatory unless joined back to returns.,,commodity,True,,,model_drafted,
WB_CMDTY_SAWNWD_MYS_VOL_12M,WB_CMDTY_SAWNWD_MYS_VOL_12M,raw,12-month rolling volatility of monthly sawnwd mys price returns (Pink Sheet).,World Bank Pink Sheet,,percent (volatility),True,M,,,,unknown,Commodity price context — terms-of-trade transfer between exporters and importers of sawnwd mys; explanatory unless joined back to returns.,,commodity,True,,,model_drafted,
WB_CMDTY_SAWNWD_MYS_YOY_PCT,WB_CMDTY_SAWNWD_MYS_YOY_PCT,raw,Year-over-year percent change in the sawnwd mys price (Pink Sheet).,World Bank Pink Sheet,,percent (YoY),True,M,,,,unknown,Commodity price context — terms-of-trade transfer between exporters and importers of sawnwd mys; explanatory unless joined back to returns.,,commodity,True,,,model_drafted,
WB_CMDTY_SAWNWD_MYS_Z_36M,WB_CMDTY_SAWNWD_MYS_Z_36M,raw,Z-score of the sawnwd mys price versus its trailing 36-month history (Pink Sheet).,World Bank Pink Sheet,,z-score,True,M,,,,unknown,Commodity price context — terms-of-trade transfer between exporters and importers of sawnwd mys; explanatory unless joined back to returns.,,commodity,True,,,model_drafted,
WB_CMDTY_SHRIMP_MEX_LEVEL,WB_CMDTY_SHRIMP_MEX_LEVEL,raw,"shrimp mex price level (World Bank Pink Sheet, monthly, global series broadcast to all countries).",World Bank Pink Sheet,,price level (Pink Sheet native unit),True,M,,,,unknown,Commodity price context — terms-of-trade transfer between exporters and importers of shrimp mex; explanatory unless joined back to returns.,,commodity,True,,,model_drafted,
WB_CMDTY_SHRIMP_MEX_MOM_PCT,WB_CMDTY_SHRIMP_MEX_MOM_PCT,raw,Month-over-month percent change in the shrimp mex price (Pink Sheet).,World Bank Pink Sheet,,percent (MoM),True,M,,,,unknown,Commodity price context — terms-of-trade transfer between exporters and importers of shrimp mex; explanatory unless joined back to returns.,,commodity,True,,,model_drafted,
WB_CMDTY_SHRIMP_MEX_RET_12M_PCT,WB_CMDTY_SHRIMP_MEX_RET_12M_PCT,raw,12-month percent return of the shrimp mex price (Pink Sheet).,World Bank Pink Sheet,,percent (12m),True,M,,,,unknown,Commodity price context — terms-of-trade transfer between exporters and importers of shrimp mex; explanatory unless joined back to returns.,,commodity,True,,,model_drafted,
WB_CMDTY_SHRIMP_MEX_RET_3M_PCT,WB_CMDTY_SHRIMP_MEX_RET_3M_PCT,raw,3-month percent return of the shrimp mex price (Pink Sheet).,World Bank Pink Sheet,,percent (3m),True,M,,,,unknown,Commodity price context — terms-of-trade transfer between exporters and importers of shrimp mex; explanatory unless joined back to returns.,,commodity,True,,,model_drafted,
WB_CMDTY_SHRIMP_MEX_VOL_12M,WB_CMDTY_SHRIMP_MEX_VOL_12M,raw,12-month rolling volatility of monthly shrimp mex price returns (Pink Sheet).,World Bank Pink Sheet,,percent (volatility),True,M,,,,unknown,Commodity price context — terms-of-trade transfer between exporters and importers of shrimp mex; explanatory unless joined back to returns.,,commodity,True,,,model_drafted,
WB_CMDTY_SHRIMP_MEX_YOY_PCT,WB_CMDTY_SHRIMP_MEX_YOY_PCT,raw,Year-over-year percent change in the shrimp mex price (Pink Sheet).,World Bank Pink Sheet,,percent (YoY),True,M,,,,unknown,Commodity price context — terms-of-trade transfer between exporters and importers of shrimp mex; explanatory unless joined back to returns.,,commodity,True,,,model_drafted,
WB_CMDTY_SHRIMP_MEX_Z_36M,WB_CMDTY_SHRIMP_MEX_Z_36M,raw,Z-score of the shrimp mex price versus its trailing 36-month history (Pink Sheet).,World Bank Pink Sheet,,z-score,True,M,,,,unknown,Commodity price context — terms-of-trade transfer between exporters and importers of shrimp mex; explanatory unless joined back to returns.,,commodity,True,,,model_drafted,
WB_CMDTY_SILVER_LEVEL,WB_CMDTY_SILVER_LEVEL,raw,"silver price level (World Bank Pink Sheet, monthly, global series broadcast to all countries).",World Bank Pink Sheet,,price level (Pink Sheet native unit),True,M,,,,unknown,Commodity price context — terms-of-trade transfer between exporters and importers of silver; explanatory unless joined back to returns.,,commodity,True,,,model_drafted,
WB_CMDTY_SILVER_MOM_PCT,WB_CMDTY_SILVER_MOM_PCT,raw,Month-over-month percent change in the silver price (Pink Sheet).,World Bank Pink Sheet,,percent (MoM),True,M,,,,unknown,Commodity price context — terms-of-trade transfer between exporters and importers of silver; explanatory unless joined back to returns.,,commodity,True,,,model_drafted,
WB_CMDTY_SILVER_RET_12M_PCT,WB_CMDTY_SILVER_RET_12M_PCT,raw,12-month percent return of the silver price (Pink Sheet).,World Bank Pink Sheet,,percent (12m),True,M,,,,unknown,Commodity price context — terms-of-trade transfer between exporters and importers of silver; explanatory unless joined back to returns.,,commodity,True,,,model_drafted,
WB_CMDTY_SILVER_RET_3M_PCT,WB_CMDTY_SILVER_RET_3M_PCT,raw,3-month percent return of the silver price (Pink Sheet).,World Bank Pink Sheet,,percent (3m),True,M,,,,unknown,Commodity price context — terms-of-trade transfer between exporters and importers of silver; explanatory unless joined back to returns.,,commodity,True,,,model_drafted,
WB_CMDTY_SILVER_VOL_12M,WB_CMDTY_SILVER_VOL_12M,raw,12-month rolling volatility of monthly silver price returns (Pink Sheet).,World Bank Pink Sheet,,percent (volatility),True,M,,,,unknown,Commodity price context — terms-of-trade transfer between exporters and importers of silver; explanatory unless joined back to returns.,,commodity,True,,,model_drafted,
WB_CMDTY_SILVER_YOY_PCT,WB_CMDTY_SILVER_YOY_PCT,raw,Year-over-year percent change in the silver price (Pink Sheet).,World Bank Pink Sheet,,percent (YoY),True,M,,,,unknown,Commodity price context — terms-of-trade transfer between exporters and importers of silver; explanatory unless joined back to returns.,,commodity,True,,,model_drafted,
WB_CMDTY_SILVER_Z_36M,WB_CMDTY_SILVER_Z_36M,raw,Z-score of the silver price versus its trailing 36-month history (Pink Sheet).,World Bank Pink Sheet,,z-score,True,M,,,,unknown,Commodity price context — terms-of-trade transfer between exporters and importers of silver; explanatory unless joined back to returns.,,commodity,True,,,model_drafted,
WB_CMDTY_SORGHUM_LEVEL,WB_CMDTY_SORGHUM_LEVEL,raw,"sorghum price level (World Bank Pink Sheet, monthly, global series broadcast to all countries).",World Bank Pink Sheet,,price level (Pink Sheet native unit),True,M,,,,unknown,Commodity price context — terms-of-trade transfer between exporters and importers of sorghum; explanatory unless joined back to returns.,,commodity,True,,,model_drafted,
WB_CMDTY_SORGHUM_MOM_PCT,WB_CMDTY_SORGHUM_MOM_PCT,raw,Month-over-month percent change in the sorghum price (Pink Sheet).,World Bank Pink Sheet,,percent (MoM),True,M,,,,unknown,Commodity price context — terms-of-trade transfer between exporters and importers of sorghum; explanatory unless joined back to returns.,,commodity,True,,,model_drafted,
WB_CMDTY_SORGHUM_RET_12M_PCT,WB_CMDTY_SORGHUM_RET_12M_PCT,raw,12-month percent return of the sorghum price (Pink Sheet).,World Bank Pink Sheet,,percent (12m),True,M,,,,unknown,Commodity price context — terms-of-trade transfer between exporters and importers of sorghum; explanatory unless joined back to returns.,,commodity,True,,,model_drafted,
WB_CMDTY_SORGHUM_RET_3M_PCT,WB_CMDTY_SORGHUM_RET_3M_PCT,raw,3-month percent return of the sorghum price (Pink Sheet).,World Bank Pink Sheet,,percent (3m),True,M,,,,unknown,Commodity price context — terms-of-trade transfer between exporters and importers of sorghum; explanatory unless joined back to returns.,,commodity,True,,,model_drafted,
WB_CMDTY_SORGHUM_VOL_12M,WB_CMDTY_SORGHUM_VOL_12M,raw,12-month rolling volatility of monthly sorghum price returns (Pink Sheet).,World Bank Pink Sheet,,percent (volatility),True,M,,,,unknown,Commodity price context — terms-of-trade transfer between exporters and importers of sorghum; explanatory unless joined back to returns.,,commodity,True,,,model_drafted,
WB_CMDTY_SORGHUM_YOY_PCT,WB_CMDTY_SORGHUM_YOY_PCT,raw,Year-over-year percent change in the sorghum price (Pink Sheet).,World Bank Pink Sheet,,percent (YoY),True,M,,,,unknown,Commodity price context — terms-of-trade transfer between exporters and importers of sorghum; explanatory unless joined back to returns.,,commodity,True,,,model_drafted,
WB_CMDTY_SORGHUM_Z_36M,WB_CMDTY_SORGHUM_Z_36M,raw,Z-score of the sorghum price versus its trailing 36-month history (Pink Sheet).,World Bank Pink Sheet,,z-score,True,M,,,,unknown,Commodity price context — terms-of-trade transfer between exporters and importers of sorghum; explanatory unless joined back to returns.,,commodity,True,,,model_drafted,
WB_CMDTY_SOYBEANS_LEVEL,WB_CMDTY_SOYBEANS_LEVEL,raw,"soybeans price level (World Bank Pink Sheet, monthly, global series broadcast to all countries).",World Bank Pink Sheet,,price level (Pink Sheet native unit),True,M,,,,unknown,Commodity price context — terms-of-trade transfer between exporters and importers of soybeans; explanatory unless joined back to returns.,,commodity,True,,,model_drafted,
WB_CMDTY_SOYBEANS_MOM_PCT,WB_CMDTY_SOYBEANS_MOM_PCT,raw,Month-over-month percent change in the soybeans price (Pink Sheet).,World Bank Pink Sheet,,percent (MoM),True,M,,,,unknown,Commodity price context — terms-of-trade transfer between exporters and importers of soybeans; explanatory unless joined back to returns.,,commodity,True,,,model_drafted,
WB_CMDTY_SOYBEANS_RET_12M_PCT,WB_CMDTY_SOYBEANS_RET_12M_PCT,raw,12-month percent return of the soybeans price (Pink Sheet).,World Bank Pink Sheet,,percent (12m),True,M,,,,unknown,Commodity price context — terms-of-trade transfer between exporters and importers of soybeans; explanatory unless joined back to returns.,,commodity,True,,,model_drafted,
WB_CMDTY_SOYBEANS_RET_3M_PCT,WB_CMDTY_SOYBEANS_RET_3M_PCT,raw,3-month percent return of the soybeans price (Pink Sheet).,World Bank Pink Sheet,,percent (3m),True,M,,,,unknown,Commodity price context — terms-of-trade transfer between exporters and importers of soybeans; explanatory unless joined back to returns.,,commodity,True,,,model_drafted,
WB_CMDTY_SOYBEANS_VOL_12M,WB_CMDTY_SOYBEANS_VOL_12M,raw,12-month rolling volatility of monthly soybeans price returns (Pink Sheet).,World Bank Pink Sheet,,percent (volatility),True,M,,,,unknown,Commodity price context — terms-of-trade transfer between exporters and importers of soybeans; explanatory unless joined back to returns.,,commodity,True,,,model_drafted,
WB_CMDTY_SOYBEANS_YOY_PCT,WB_CMDTY_SOYBEANS_YOY_PCT,raw,Year-over-year percent change in the soybeans price (Pink Sheet).,World Bank Pink Sheet,,percent (YoY),True,M,,,,unknown,Commodity price context — terms-of-trade transfer between exporters and importers of soybeans; explanatory unless joined back to returns.,,commodity,True,,,model_drafted,
WB_CMDTY_SOYBEANS_Z_36M,WB_CMDTY_SOYBEANS_Z_36M,raw,Z-score of the soybeans price versus its trailing 36-month history (Pink Sheet).,World Bank Pink Sheet,,z-score,True,M,,,,unknown,Commodity price context — terms-of-trade transfer between exporters and importers of soybeans; explanatory unless joined back to returns.,,commodity,True,,,model_drafted,
WB_CMDTY_SOYBEAN_MEAL_LEVEL,WB_CMDTY_SOYBEAN_MEAL_LEVEL,raw,"soybean meal price level (World Bank Pink Sheet, monthly, global series broadcast to all countries).",World Bank Pink Sheet,,price level (Pink Sheet native unit),True,M,,,,unknown,Commodity price context — terms-of-trade transfer between exporters and importers of soybean meal; explanatory unless joined back to returns.,,commodity,True,,,model_drafted,
WB_CMDTY_SOYBEAN_MEAL_MOM_PCT,WB_CMDTY_SOYBEAN_MEAL_MOM_PCT,raw,Month-over-month percent change in the soybean meal price (Pink Sheet).,World Bank Pink Sheet,,percent (MoM),True,M,,,,unknown,Commodity price context — terms-of-trade transfer between exporters and importers of soybean meal; explanatory unless joined back to returns.,,commodity,True,,,model_drafted,
WB_CMDTY_SOYBEAN_MEAL_RET_12M_PCT,WB_CMDTY_SOYBEAN_MEAL_RET_12M_PCT,raw,12-month percent return of the soybean meal price (Pink Sheet).,World Bank Pink Sheet,,percent (12m),True,M,,,,unknown,Commodity price context — terms-of-trade transfer between exporters and importers of soybean meal; explanatory unless joined back to returns.,,commodity,True,,,model_drafted,
WB_CMDTY_SOYBEAN_MEAL_RET_3M_PCT,WB_CMDTY_SOYBEAN_MEAL_RET_3M_PCT,raw,3-month percent return of the soybean meal price (Pink Sheet).,World Bank Pink Sheet,,percent (3m),True,M,,,,unknown,Commodity price context — terms-of-trade transfer between exporters and importers of soybean meal; explanatory unless joined back to returns.,,commodity,True,,,model_drafted,
WB_CMDTY_SOYBEAN_MEAL_VOL_12M,WB_CMDTY_SOYBEAN_MEAL_VOL_12M,raw,12-month rolling volatility of monthly soybean meal price returns (Pink Sheet).,World Bank Pink Sheet,,percent (volatility),True,M,,,,unknown,Commodity price context — terms-of-trade transfer between exporters and importers of soybean meal; explanatory unless joined back to returns.,,commodity,True,,,model_drafted,
WB_CMDTY_SOYBEAN_MEAL_YOY_PCT,WB_CMDTY_SOYBEAN_MEAL_YOY_PCT,raw,Year-over-year percent change in the soybean meal price (Pink Sheet).,World Bank Pink Sheet,,percent (YoY),True,M,,,,unknown,Commodity price context — terms-of-trade transfer between exporters and importers of soybean meal; explanatory unless joined back to returns.,,commodity,True,,,model_drafted,
WB_CMDTY_SOYBEAN_MEAL_Z_36M,WB_CMDTY_SOYBEAN_MEAL_Z_36M,raw,Z-score of the soybean meal price versus its trailing 36-month history (Pink Sheet).,World Bank Pink Sheet,,z-score,True,M,,,,unknown,Commodity price context — terms-of-trade transfer between exporters and importers of soybean meal; explanatory unless joined back to returns.,,commodity,True,,,model_drafted,
WB_CMDTY_SOYBEAN_OIL_LEVEL,WB_CMDTY_SOYBEAN_OIL_LEVEL,raw,"soybean oil price level (World Bank Pink Sheet, monthly, global series broadcast to all countries).",World Bank Pink Sheet,,price level (Pink Sheet native unit),True,M,,,,unknown,Commodity price context — terms-of-trade transfer between exporters and importers of soybean oil; explanatory unless joined back to returns.,,commodity,True,,,model_drafted,
WB_CMDTY_SOYBEAN_OIL_MOM_PCT,WB_CMDTY_SOYBEAN_OIL_MOM_PCT,raw,Month-over-month percent change in the soybean oil price (Pink Sheet).,World Bank Pink Sheet,,percent (MoM),True,M,,,,unknown,Commodity price context — terms-of-trade transfer between exporters and importers of soybean oil; explanatory unless joined back to returns.,,commodity,True,,,model_drafted,
WB_CMDTY_SOYBEAN_OIL_RET_12M_PCT,WB_CMDTY_SOYBEAN_OIL_RET_12M_PCT,raw,12-month percent return of the soybean oil price (Pink Sheet).,World Bank Pink Sheet,,percent (12m),True,M,,,,unknown,Commodity price context — terms-of-trade transfer between exporters and importers of soybean oil; explanatory unless joined back to returns.,,commodity,True,,,model_drafted,
WB_CMDTY_SOYBEAN_OIL_RET_3M_PCT,WB_CMDTY_SOYBEAN_OIL_RET_3M_PCT,raw,3-month percent return of the soybean oil price (Pink Sheet).,World Bank Pink Sheet,,percent (3m),True,M,,,,unknown,Commodity price context — terms-of-trade transfer between exporters and importers of soybean oil; explanatory unless joined back to returns.,,commodity,True,,,model_drafted,
WB_CMDTY_SOYBEAN_OIL_VOL_12M,WB_CMDTY_SOYBEAN_OIL_VOL_12M,raw,12-month rolling volatility of monthly soybean oil price returns (Pink Sheet).,World Bank Pink Sheet,,percent (volatility),True,M,,,,unknown,Commodity price context — terms-of-trade transfer between exporters and importers of soybean oil; explanatory unless joined back to returns.,,commodity,True,,,model_drafted,
WB_CMDTY_SOYBEAN_OIL_YOY_PCT,WB_CMDTY_SOYBEAN_OIL_YOY_PCT,raw,Year-over-year percent change in the soybean oil price (Pink Sheet).,World Bank Pink Sheet,,percent (YoY),True,M,,,,unknown,Commodity price context — terms-of-trade transfer between exporters and importers of soybean oil; explanatory unless joined back to returns.,,commodity,True,,,model_drafted,
WB_CMDTY_SOYBEAN_OIL_Z_36M,WB_CMDTY_SOYBEAN_OIL_Z_36M,raw,Z-score of the soybean oil price versus its trailing 36-month history (Pink Sheet).,World Bank Pink Sheet,,z-score,True,M,,,,unknown,Commodity price context — terms-of-trade transfer between exporters and importers of soybean oil; explanatory unless joined back to returns.,,commodity,True,,,model_drafted,
WB_CMDTY_SUGAR_EU_LEVEL,WB_CMDTY_SUGAR_EU_LEVEL,raw,"sugar (EU) price level (World Bank Pink Sheet, monthly, global series broadcast to all countries).",World Bank Pink Sheet,,price level (Pink Sheet native unit),True,M,,,,unknown,Commodity price context — terms-of-trade transfer between exporters and importers of sugar (EU); explanatory unless joined back to returns.,,commodity,True,,,model_drafted,
WB_CMDTY_SUGAR_EU_MOM_PCT,WB_CMDTY_SUGAR_EU_MOM_PCT,raw,Month-over-month percent change in the sugar (EU) price (Pink Sheet).,World Bank Pink Sheet,,percent (MoM),True,M,,,,unknown,Commodity price context — terms-of-trade transfer between exporters and importers of sugar (EU); explanatory unless joined back to returns.,,commodity,True,,,model_drafted,
WB_CMDTY_SUGAR_EU_RET_12M_PCT,WB_CMDTY_SUGAR_EU_RET_12M_PCT,raw,12-month percent return of the sugar (EU) price (Pink Sheet).,World Bank Pink Sheet,,percent (12m),True,M,,,,unknown,Commodity price context — terms-of-trade transfer between exporters and importers of sugar (EU); explanatory unless joined back to returns.,,commodity,True,,,model_drafted,
WB_CMDTY_SUGAR_EU_RET_3M_PCT,WB_CMDTY_SUGAR_EU_RET_3M_PCT,raw,3-month percent return of the sugar (EU) price (Pink Sheet).,World Bank Pink Sheet,,percent (3m),True,M,,,,unknown,Commodity price context — terms-of-trade transfer between exporters and importers of sugar (EU); explanatory unless joined back to returns.,,commodity,True,,,model_drafted,
WB_CMDTY_SUGAR_EU_VOL_12M,WB_CMDTY_SUGAR_EU_VOL_12M,raw,12-month rolling volatility of monthly sugar (EU) price returns (Pink Sheet).,World Bank Pink Sheet,,percent (volatility),True,M,,,,unknown,Commodity price context — terms-of-trade transfer between exporters and importers of sugar (EU); explanatory unless joined back to returns.,,commodity,True,,,model_drafted,
WB_CMDTY_SUGAR_EU_YOY_PCT,WB_CMDTY_SUGAR_EU_YOY_PCT,raw,Year-over-year percent change in the sugar (EU) price (Pink Sheet).,World Bank Pink Sheet,,percent (YoY),True,M,,,,unknown,Commodity price context — terms-of-trade transfer between exporters and importers of sugar (EU); explanatory unless joined back to returns.,,commodity,True,,,model_drafted,
WB_CMDTY_SUGAR_EU_Z_36M,WB_CMDTY_SUGAR_EU_Z_36M,raw,Z-score of the sugar (EU) price versus its trailing 36-month history (Pink Sheet).,World Bank Pink Sheet,,z-score,True,M,,,,unknown,Commodity price context — terms-of-trade transfer between exporters and importers of sugar (EU); explanatory unless joined back to returns.,,commodity,True,,,model_drafted,
WB_CMDTY_SUGAR_US_LEVEL,WB_CMDTY_SUGAR_US_LEVEL,raw,"sugar (US) price level (World Bank Pink Sheet, monthly, global series broadcast to all countries).",World Bank Pink Sheet,,price level (Pink Sheet native unit),True,M,,,,unknown,Commodity price context — terms-of-trade transfer between exporters and importers of sugar (US); explanatory unless joined back to returns.,,commodity,True,,,model_drafted,
WB_CMDTY_SUGAR_US_MOM_PCT,WB_CMDTY_SUGAR_US_MOM_PCT,raw,Month-over-month percent change in the sugar (US) price (Pink Sheet).,World Bank Pink Sheet,,percent (MoM),True,M,,,,unknown,Commodity price context — terms-of-trade transfer between exporters and importers of sugar (US); explanatory unless joined back to returns.,,commodity,True,,,model_drafted,
WB_CMDTY_SUGAR_US_RET_12M_PCT,WB_CMDTY_SUGAR_US_RET_12M_PCT,raw,12-month percent return of the sugar (US) price (Pink Sheet).,World Bank Pink Sheet,,percent (12m),True,M,,,,unknown,Commodity price context — terms-of-trade transfer between exporters and importers of sugar (US); explanatory unless joined back to returns.,,commodity,True,,,model_drafted,
WB_CMDTY_SUGAR_US_RET_3M_PCT,WB_CMDTY_SUGAR_US_RET_3M_PCT,raw,3-month percent return of the sugar (US) price (Pink Sheet).,World Bank Pink Sheet,,percent (3m),True,M,,,,unknown,Commodity price context — terms-of-trade transfer between exporters and importers of sugar (US); explanatory unless joined back to returns.,,commodity,True,,,model_drafted,
WB_CMDTY_SUGAR_US_VOL_12M,WB_CMDTY_SUGAR_US_VOL_12M,raw,12-month rolling volatility of monthly sugar (US) price returns (Pink Sheet).,World Bank Pink Sheet,,percent (volatility),True,M,,,,unknown,Commodity price context — terms-of-trade transfer between exporters and importers of sugar (US); explanatory unless joined back to returns.,,commodity,True,,,model_drafted,
WB_CMDTY_SUGAR_US_YOY_PCT,WB_CMDTY_SUGAR_US_YOY_PCT,raw,Year-over-year percent change in the sugar (US) price (Pink Sheet).,World Bank Pink Sheet,,percent (YoY),True,M,,,,unknown,Commodity price context — terms-of-trade transfer between exporters and importers of sugar (US); explanatory unless joined back to returns.,,commodity,True,,,model_drafted,
WB_CMDTY_SUGAR_US_Z_36M,WB_CMDTY_SUGAR_US_Z_36M,raw,Z-score of the sugar (US) price versus its trailing 36-month history (Pink Sheet).,World Bank Pink Sheet,,z-score,True,M,,,,unknown,Commodity price context — terms-of-trade transfer between exporters and importers of sugar (US); explanatory unless joined back to returns.,,commodity,True,,,model_drafted,
WB_CMDTY_SUGAR_WLD_LEVEL,WB_CMDTY_SUGAR_WLD_LEVEL,raw,"sugar wld price level (World Bank Pink Sheet, monthly, global series broadcast to all countries).",World Bank Pink Sheet,,price level (Pink Sheet native unit),True,M,,,,unknown,Commodity price context — terms-of-trade transfer between exporters and importers of sugar wld; explanatory unless joined back to returns.,,commodity,True,,,model_drafted,
WB_CMDTY_SUGAR_WLD_MOM_PCT,WB_CMDTY_SUGAR_WLD_MOM_PCT,raw,Month-over-month percent change in the sugar wld price (Pink Sheet).,World Bank Pink Sheet,,percent (MoM),True,M,,,,unknown,Commodity price context — terms-of-trade transfer between exporters and importers of sugar wld; explanatory unless joined back to returns.,,commodity,True,,,model_drafted,
WB_CMDTY_SUGAR_WLD_RET_12M_PCT,WB_CMDTY_SUGAR_WLD_RET_12M_PCT,raw,12-month percent return of the sugar wld price (Pink Sheet).,World Bank Pink Sheet,,percent (12m),True,M,,,,unknown,Commodity price context — terms-of-trade transfer between exporters and importers of sugar wld; explanatory unless joined back to returns.,,commodity,True,,,model_drafted,
WB_CMDTY_SUGAR_WLD_RET_3M_PCT,WB_CMDTY_SUGAR_WLD_RET_3M_PCT,raw,3-month percent return of the sugar wld price (Pink Sheet).,World Bank Pink Sheet,,percent (3m),True,M,,,,unknown,Commodity price context — terms-of-trade transfer between exporters and importers of sugar wld; explanatory unless joined back to returns.,,commodity,True,,,model_drafted,
WB_CMDTY_SUGAR_WLD_VOL_12M,WB_CMDTY_SUGAR_WLD_VOL_12M,raw,12-month rolling volatility of monthly sugar wld price returns (Pink Sheet).,World Bank Pink Sheet,,percent (volatility),True,M,,,,unknown,Commodity price context — terms-of-trade transfer between exporters and importers of sugar wld; explanatory unless joined back to returns.,,commodity,True,,,model_drafted,
WB_CMDTY_SUGAR_WLD_YOY_PCT,WB_CMDTY_SUGAR_WLD_YOY_PCT,raw,Year-over-year percent change in the sugar wld price (Pink Sheet).,World Bank Pink Sheet,,percent (YoY),True,M,,,,unknown,Commodity price context — terms-of-trade transfer between exporters and importers of sugar wld; explanatory unless joined back to returns.,,commodity,True,,,model_drafted,
WB_CMDTY_SUGAR_WLD_Z_36M,WB_CMDTY_SUGAR_WLD_Z_36M,raw,Z-score of the sugar wld price versus its trailing 36-month history (Pink Sheet).,World Bank Pink Sheet,,z-score,True,M,,,,unknown,Commodity price context — terms-of-trade transfer between exporters and importers of sugar wld; explanatory unless joined back to returns.,,commodity,True,,,model_drafted,
WB_CMDTY_SUNFLOWER_OIL_LEVEL,WB_CMDTY_SUNFLOWER_OIL_LEVEL,raw,"sunflower oil price level (World Bank Pink Sheet, monthly, global series broadcast to all countries).",World Bank Pink Sheet,,price level (Pink Sheet native unit),True,M,,,,unknown,Commodity price context — terms-of-trade transfer between exporters and importers of sunflower oil; explanatory unless joined back to returns.,,commodity,True,,,model_drafted,
WB_CMDTY_SUNFLOWER_OIL_MOM_PCT,WB_CMDTY_SUNFLOWER_OIL_MOM_PCT,raw,Month-over-month percent change in the sunflower oil price (Pink Sheet).,World Bank Pink Sheet,,percent (MoM),True,M,,,,unknown,Commodity price context — terms-of-trade transfer between exporters and importers of sunflower oil; explanatory unless joined back to returns.,,commodity,True,,,model_drafted,
WB_CMDTY_SUNFLOWER_OIL_RET_12M_PCT,WB_CMDTY_SUNFLOWER_OIL_RET_12M_PCT,raw,12-month percent return of the sunflower oil price (Pink Sheet).,World Bank Pink Sheet,,percent (12m),True,M,,,,unknown,Commodity price context — terms-of-trade transfer between exporters and importers of sunflower oil; explanatory unless joined back to returns.,,commodity,True,,,model_drafted,
WB_CMDTY_SUNFLOWER_OIL_RET_3M_PCT,WB_CMDTY_SUNFLOWER_OIL_RET_3M_PCT,raw,3-month percent return of the sunflower oil price (Pink Sheet).,World Bank Pink Sheet,,percent (3m),True,M,,,,unknown,Commodity price context — terms-of-trade transfer between exporters and importers of sunflower oil; explanatory unless joined back to returns.,,commodity,True,,,model_drafted,
WB_CMDTY_SUNFLOWER_OIL_VOL_12M,WB_CMDTY_SUNFLOWER_OIL_VOL_12M,raw,12-month rolling volatility of monthly sunflower oil price returns (Pink Sheet).,World Bank Pink Sheet,,percent (volatility),True,M,,,,unknown,Commodity price context — terms-of-trade transfer between exporters and importers of sunflower oil; explanatory unless joined back to returns.,,commodity,True,,,model_drafted,
WB_CMDTY_SUNFLOWER_OIL_YOY_PCT,WB_CMDTY_SUNFLOWER_OIL_YOY_PCT,raw,Year-over-year percent change in the sunflower oil price (Pink Sheet).,World Bank Pink Sheet,,percent (YoY),True,M,,,,unknown,Commodity price context — terms-of-trade transfer between exporters and importers of sunflower oil; explanatory unless joined back to returns.,,commodity,True,,,model_drafted,
WB_CMDTY_SUNFLOWER_OIL_Z_36M,WB_CMDTY_SUNFLOWER_OIL_Z_36M,raw,Z-score of the sunflower oil price versus its trailing 36-month history (Pink Sheet).,World Bank Pink Sheet,,z-score,True,M,,,,unknown,Commodity price context — terms-of-trade transfer between exporters and importers of sunflower oil; explanatory unless joined back to returns.,,commodity,True,,,model_drafted,
WB_CMDTY_TEA_AVG_LEVEL,WB_CMDTY_TEA_AVG_LEVEL,raw,"tea avg price level (World Bank Pink Sheet, monthly, global series broadcast to all countries).",World Bank Pink Sheet,,price level (Pink Sheet native unit),True,M,,,,unknown,Commodity price context — terms-of-trade transfer between exporters and importers of tea avg; explanatory unless joined back to returns.,,commodity,True,,,model_drafted,
WB_CMDTY_TEA_AVG_MOM_PCT,WB_CMDTY_TEA_AVG_MOM_PCT,raw,Month-over-month percent change in the tea avg price (Pink Sheet).,World Bank Pink Sheet,,percent (MoM),True,M,,,,unknown,Commodity price context — terms-of-trade transfer between exporters and importers of tea avg; explanatory unless joined back to returns.,,commodity,True,,,model_drafted,
WB_CMDTY_TEA_AVG_RET_12M_PCT,WB_CMDTY_TEA_AVG_RET_12M_PCT,raw,12-month percent return of the tea avg price (Pink Sheet).,World Bank Pink Sheet,,percent (12m),True,M,,,,unknown,Commodity price context — terms-of-trade transfer between exporters and importers of tea avg; explanatory unless joined back to returns.,,commodity,True,,,model_drafted,
WB_CMDTY_TEA_AVG_RET_3M_PCT,WB_CMDTY_TEA_AVG_RET_3M_PCT,raw,3-month percent return of the tea avg price (Pink Sheet).,World Bank Pink Sheet,,percent (3m),True,M,,,,unknown,Commodity price context — terms-of-trade transfer between exporters and importers of tea avg; explanatory unless joined back to returns.,,commodity,True,,,model_drafted,
WB_CMDTY_TEA_AVG_VOL_12M,WB_CMDTY_TEA_AVG_VOL_12M,raw,12-month rolling volatility of monthly tea avg price returns (Pink Sheet).,World Bank Pink Sheet,,percent (volatility),True,M,,,,unknown,Commodity price context — terms-of-trade transfer between exporters and importers of tea avg; explanatory unless joined back to returns.,,commodity,True,,,model_drafted,
WB_CMDTY_TEA_AVG_YOY_PCT,WB_CMDTY_TEA_AVG_YOY_PCT,raw,Year-over-year percent change in the tea avg price (Pink Sheet).,World Bank Pink Sheet,,percent (YoY),True,M,,,,unknown,Commodity price context — terms-of-trade transfer between exporters and importers of tea avg; explanatory unless joined back to returns.,,commodity,True,,,model_drafted,
WB_CMDTY_TEA_AVG_Z_36M,WB_CMDTY_TEA_AVG_Z_36M,raw,Z-score of the tea avg price versus its trailing 36-month history (Pink Sheet).,World Bank Pink Sheet,,z-score,True,M,,,,unknown,Commodity price context — terms-of-trade transfer between exporters and importers of tea avg; explanatory unless joined back to returns.,,commodity,True,,,model_drafted,
WB_CMDTY_TEA_COLOMBO_LEVEL,WB_CMDTY_TEA_COLOMBO_LEVEL,raw,"tea colombo price level (World Bank Pink Sheet, monthly, global series broadcast to all countries).",World Bank Pink Sheet,,price level (Pink Sheet native unit),True,M,,,,unknown,Commodity price context — terms-of-trade transfer between exporters and importers of tea colombo; explanatory unless joined back to returns.,,commodity,True,,,model_drafted,
WB_CMDTY_TEA_COLOMBO_MOM_PCT,WB_CMDTY_TEA_COLOMBO_MOM_PCT,raw,Month-over-month percent change in the tea colombo price (Pink Sheet).,World Bank Pink Sheet,,percent (MoM),True,M,,,,unknown,Commodity price context — terms-of-trade transfer between exporters and importers of tea colombo; explanatory unless joined back to returns.,,commodity,True,,,model_drafted,
WB_CMDTY_TEA_COLOMBO_RET_12M_PCT,WB_CMDTY_TEA_COLOMBO_RET_12M_PCT,raw,12-month percent return of the tea colombo price (Pink Sheet).,World Bank Pink Sheet,,percent (12m),True,M,,,,unknown,Commodity price context — terms-of-trade transfer between exporters and importers of tea colombo; explanatory unless joined back to returns.,,commodity,True,,,model_drafted,
WB_CMDTY_TEA_COLOMBO_RET_3M_PCT,WB_CMDTY_TEA_COLOMBO_RET_3M_PCT,raw,3-month percent return of the tea colombo price (Pink Sheet).,World Bank Pink Sheet,,percent (3m),True,M,,,,unknown,Commodity price context — terms-of-trade transfer between exporters and importers of tea colombo; explanatory unless joined back to returns.,,commodity,True,,,model_drafted,
WB_CMDTY_TEA_COLOMBO_VOL_12M,WB_CMDTY_TEA_COLOMBO_VOL_12M,raw,12-month rolling volatility of monthly tea colombo price returns (Pink Sheet).,World Bank Pink Sheet,,percent (volatility),True,M,,,,unknown,Commodity price context — terms-of-trade transfer between exporters and importers of tea colombo; explanatory unless joined back to returns.,,commodity,True,,,model_drafted,
WB_CMDTY_TEA_COLOMBO_YOY_PCT,WB_CMDTY_TEA_COLOMBO_YOY_PCT,raw,Year-over-year percent change in the tea colombo price (Pink Sheet).,World Bank Pink Sheet,,percent (YoY),True,M,,,,unknown,Commodity price context — terms-of-trade transfer between exporters and importers of tea colombo; explanatory unless joined back to returns.,,commodity,True,,,model_drafted,
WB_CMDTY_TEA_COLOMBO_Z_36M,WB_CMDTY_TEA_COLOMBO_Z_36M,raw,Z-score of the tea colombo price versus its trailing 36-month history (Pink Sheet).,World Bank Pink Sheet,,z-score,True,M,,,,unknown,Commodity price context — terms-of-trade transfer between exporters and importers of tea colombo; explanatory unless joined back to returns.,,commodity,True,,,model_drafted,
WB_CMDTY_TEA_KOLKATA_LEVEL,WB_CMDTY_TEA_KOLKATA_LEVEL,raw,"tea kolkata price level (World Bank Pink Sheet, monthly, global series broadcast to all countries).",World Bank Pink Sheet,,price level (Pink Sheet native unit),True,M,,,,unknown,Commodity price context — terms-of-trade transfer between exporters and importers of tea kolkata; explanatory unless joined back to returns.,,commodity,True,,,model_drafted,
WB_CMDTY_TEA_KOLKATA_MOM_PCT,WB_CMDTY_TEA_KOLKATA_MOM_PCT,raw,Month-over-month percent change in the tea kolkata price (Pink Sheet).,World Bank Pink Sheet,,percent (MoM),True,M,,,,unknown,Commodity price context — terms-of-trade transfer between exporters and importers of tea kolkata; explanatory unless joined back to returns.,,commodity,True,,,model_drafted,
WB_CMDTY_TEA_KOLKATA_RET_12M_PCT,WB_CMDTY_TEA_KOLKATA_RET_12M_PCT,raw,12-month percent return of the tea kolkata price (Pink Sheet).,World Bank Pink Sheet,,percent (12m),True,M,,,,unknown,Commodity price context — terms-of-trade transfer between exporters and importers of tea kolkata; explanatory unless joined back to returns.,,commodity,True,,,model_drafted,
WB_CMDTY_TEA_KOLKATA_RET_3M_PCT,WB_CMDTY_TEA_KOLKATA_RET_3M_PCT,raw,3-month percent return of the tea kolkata price (Pink Sheet).,World Bank Pink Sheet,,percent (3m),True,M,,,,unknown,Commodity price context — terms-of-trade transfer between exporters and importers of tea kolkata; explanatory unless joined back to returns.,,commodity,True,,,model_drafted,
WB_CMDTY_TEA_KOLKATA_VOL_12M,WB_CMDTY_TEA_KOLKATA_VOL_12M,raw,12-month rolling volatility of monthly tea kolkata price returns (Pink Sheet).,World Bank Pink Sheet,,percent (volatility),True,M,,,,unknown,Commodity price context — terms-of-trade transfer between exporters and importers of tea kolkata; explanatory unless joined back to returns.,,commodity,True,,,model_drafted,
WB_CMDTY_TEA_KOLKATA_YOY_PCT,WB_CMDTY_TEA_KOLKATA_YOY_PCT,raw,Year-over-year percent change in the tea kolkata price (Pink Sheet).,World Bank Pink Sheet,,percent (YoY),True,M,,,,unknown,Commodity price context — terms-of-trade transfer between exporters and importers of tea kolkata; explanatory unless joined back to returns.,,commodity,True,,,model_drafted,
WB_CMDTY_TEA_KOLKATA_Z_36M,WB_CMDTY_TEA_KOLKATA_Z_36M,raw,Z-score of the tea kolkata price versus its trailing 36-month history (Pink Sheet).,World Bank Pink Sheet,,z-score,True,M,,,,unknown,Commodity price context — terms-of-trade transfer between exporters and importers of tea kolkata; explanatory unless joined back to returns.,,commodity,True,,,model_drafted,
WB_CMDTY_TEA_MOMBASA_LEVEL,WB_CMDTY_TEA_MOMBASA_LEVEL,raw,"tea mombasa price level (World Bank Pink Sheet, monthly, global series broadcast to all countries).",World Bank Pink Sheet,,price level (Pink Sheet native unit),True,M,,,,unknown,Commodity price context — terms-of-trade transfer between exporters and importers of tea mombasa; explanatory unless joined back to returns.,,commodity,True,,,model_drafted,
WB_CMDTY_TEA_MOMBASA_MOM_PCT,WB_CMDTY_TEA_MOMBASA_MOM_PCT,raw,Month-over-month percent change in the tea mombasa price (Pink Sheet).,World Bank Pink Sheet,,percent (MoM),True,M,,,,unknown,Commodity price context — terms-of-trade transfer between exporters and importers of tea mombasa; explanatory unless joined back to returns.,,commodity,True,,,model_drafted,
WB_CMDTY_TEA_MOMBASA_RET_12M_PCT,WB_CMDTY_TEA_MOMBASA_RET_12M_PCT,raw,12-month percent return of the tea mombasa price (Pink Sheet).,World Bank Pink Sheet,,percent (12m),True,M,,,,unknown,Commodity price context — terms-of-trade transfer between exporters and importers of tea mombasa; explanatory unless joined back to returns.,,commodity,True,,,model_drafted,
WB_CMDTY_TEA_MOMBASA_RET_3M_PCT,WB_CMDTY_TEA_MOMBASA_RET_3M_PCT,raw,3-month percent return of the tea mombasa price (Pink Sheet).,World Bank Pink Sheet,,percent (3m),True,M,,,,unknown,Commodity price context — terms-of-trade transfer between exporters and importers of tea mombasa; explanatory unless joined back to returns.,,commodity,True,,,model_drafted,
WB_CMDTY_TEA_MOMBASA_VOL_12M,WB_CMDTY_TEA_MOMBASA_VOL_12M,raw,12-month rolling volatility of monthly tea mombasa price returns (Pink Sheet).,World Bank Pink Sheet,,percent (volatility),True,M,,,,unknown,Commodity price context — terms-of-trade transfer between exporters and importers of tea mombasa; explanatory unless joined back to returns.,,commodity,True,,,model_drafted,
WB_CMDTY_TEA_MOMBASA_YOY_PCT,WB_CMDTY_TEA_MOMBASA_YOY_PCT,raw,Year-over-year percent change in the tea mombasa price (Pink Sheet).,World Bank Pink Sheet,,percent (YoY),True,M,,,,unknown,Commodity price context — terms-of-trade transfer between exporters and importers of tea mombasa; explanatory unless joined back to returns.,,commodity,True,,,model_drafted,
WB_CMDTY_TEA_MOMBASA_Z_36M,WB_CMDTY_TEA_MOMBASA_Z_36M,raw,Z-score of the tea mombasa price versus its trailing 36-month history (Pink Sheet).,World Bank Pink Sheet,,z-score,True,M,,,,unknown,Commodity price context — terms-of-trade transfer between exporters and importers of tea mombasa; explanatory unless joined back to returns.,,commodity,True,,,model_drafted,
WB_CMDTY_TIN_LEVEL,WB_CMDTY_TIN_LEVEL,raw,"tin price level (World Bank Pink Sheet, monthly, global series broadcast to all countries).",World Bank Pink Sheet,,price level (Pink Sheet native unit),True,M,,,,unknown,Commodity price context — terms-of-trade transfer between exporters and importers of tin; explanatory unless joined back to returns.,,commodity,True,,,model_drafted,
WB_CMDTY_TIN_MOM_PCT,WB_CMDTY_TIN_MOM_PCT,raw,Month-over-month percent change in the tin price (Pink Sheet).,World Bank Pink Sheet,,percent (MoM),True,M,,,,unknown,Commodity price context — terms-of-trade transfer between exporters and importers of tin; explanatory unless joined back to returns.,,commodity,True,,,model_drafted,
WB_CMDTY_TIN_RET_12M_PCT,WB_CMDTY_TIN_RET_12M_PCT,raw,12-month percent return of the tin price (Pink Sheet).,World Bank Pink Sheet,,percent (12m),True,M,,,,unknown,Commodity price context — terms-of-trade transfer between exporters and importers of tin; explanatory unless joined back to returns.,,commodity,True,,,model_drafted,
WB_CMDTY_TIN_RET_3M_PCT,WB_CMDTY_TIN_RET_3M_PCT,raw,3-month percent return of the tin price (Pink Sheet).,World Bank Pink Sheet,,percent (3m),True,M,,,,unknown,Commodity price context — terms-of-trade transfer between exporters and importers of tin; explanatory unless joined back to returns.,,commodity,True,,,model_drafted,
WB_CMDTY_TIN_VOL_12M,WB_CMDTY_TIN_VOL_12M,raw,12-month rolling volatility of monthly tin price returns (Pink Sheet).,World Bank Pink Sheet,,percent (volatility),True,M,,,,unknown,Commodity price context — terms-of-trade transfer between exporters and importers of tin; explanatory unless joined back to returns.,,commodity,True,,,model_drafted,
WB_CMDTY_TIN_YOY_PCT,WB_CMDTY_TIN_YOY_PCT,raw,Year-over-year percent change in the tin price (Pink Sheet).,World Bank Pink Sheet,,percent (YoY),True,M,,,,unknown,Commodity price context — terms-of-trade transfer between exporters and importers of tin; explanatory unless joined back to returns.,,commodity,True,,,model_drafted,
WB_CMDTY_TIN_Z_36M,WB_CMDTY_TIN_Z_36M,raw,Z-score of the tin price versus its trailing 36-month history (Pink Sheet).,World Bank Pink Sheet,,z-score,True,M,,,,unknown,Commodity price context — terms-of-trade transfer between exporters and importers of tin; explanatory unless joined back to returns.,,commodity,True,,,model_drafted,
WB_CMDTY_TOBAC_US_LEVEL,WB_CMDTY_TOBAC_US_LEVEL,raw,"tobac (US) price level (World Bank Pink Sheet, monthly, global series broadcast to all countries).",World Bank Pink Sheet,,price level (Pink Sheet native unit),True,M,,,,unknown,Commodity price context — terms-of-trade transfer between exporters and importers of tobac (US); explanatory unless joined back to returns.,,commodity,True,,,model_drafted,
WB_CMDTY_TOBAC_US_MOM_PCT,WB_CMDTY_TOBAC_US_MOM_PCT,raw,Month-over-month percent change in the tobac (US) price (Pink Sheet).,World Bank Pink Sheet,,percent (MoM),True,M,,,,unknown,Commodity price context — terms-of-trade transfer between exporters and importers of tobac (US); explanatory unless joined back to returns.,,commodity,True,,,model_drafted,
WB_CMDTY_TOBAC_US_RET_12M_PCT,WB_CMDTY_TOBAC_US_RET_12M_PCT,raw,12-month percent return of the tobac (US) price (Pink Sheet).,World Bank Pink Sheet,,percent (12m),True,M,,,,unknown,Commodity price context — terms-of-trade transfer between exporters and importers of tobac (US); explanatory unless joined back to returns.,,commodity,True,,,model_drafted,
WB_CMDTY_TOBAC_US_RET_3M_PCT,WB_CMDTY_TOBAC_US_RET_3M_PCT,raw,3-month percent return of the tobac (US) price (Pink Sheet).,World Bank Pink Sheet,,percent (3m),True,M,,,,unknown,Commodity price context — terms-of-trade transfer between exporters and importers of tobac (US); explanatory unless joined back to returns.,,commodity,True,,,model_drafted,
WB_CMDTY_TOBAC_US_VOL_12M,WB_CMDTY_TOBAC_US_VOL_12M,raw,12-month rolling volatility of monthly tobac (US) price returns (Pink Sheet).,World Bank Pink Sheet,,percent (volatility),True,M,,,,unknown,Commodity price context — terms-of-trade transfer between exporters and importers of tobac (US); explanatory unless joined back to returns.,,commodity,True,,,model_drafted,
WB_CMDTY_TOBAC_US_YOY_PCT,WB_CMDTY_TOBAC_US_YOY_PCT,raw,Year-over-year percent change in the tobac (US) price (Pink Sheet).,World Bank Pink Sheet,,percent (YoY),True,M,,,,unknown,Commodity price context — terms-of-trade transfer between exporters and importers of tobac (US); explanatory unless joined back to returns.,,commodity,True,,,model_drafted,
WB_CMDTY_TOBAC_US_Z_36M,WB_CMDTY_TOBAC_US_Z_36M,raw,Z-score of the tobac (US) price versus its trailing 36-month history (Pink Sheet).,World Bank Pink Sheet,,z-score,True,M,,,,unknown,Commodity price context — terms-of-trade transfer between exporters and importers of tobac (US); explanatory unless joined back to returns.,,commodity,True,,,model_drafted,
WB_CMDTY_TSP_LEVEL,WB_CMDTY_TSP_LEVEL,raw,"TSP price level (World Bank Pink Sheet, monthly, global series broadcast to all countries).",World Bank Pink Sheet,,price level (Pink Sheet native unit),True,M,,,,unknown,Commodity price context — terms-of-trade transfer between exporters and importers of TSP; explanatory unless joined back to returns.,,commodity,True,,,model_drafted,
WB_CMDTY_TSP_MOM_PCT,WB_CMDTY_TSP_MOM_PCT,raw,Month-over-month percent change in the TSP price (Pink Sheet).,World Bank Pink Sheet,,percent (MoM),True,M,,,,unknown,Commodity price context — terms-of-trade transfer between exporters and importers of TSP; explanatory unless joined back to returns.,,commodity,True,,,model_drafted,
WB_CMDTY_TSP_RET_12M_PCT,WB_CMDTY_TSP_RET_12M_PCT,raw,12-month percent return of the TSP price (Pink Sheet).,World Bank Pink Sheet,,percent (12m),True,M,,,,unknown,Commodity price context — terms-of-trade transfer between exporters and importers of TSP; explanatory unless joined back to returns.,,commodity,True,,,model_drafted,
WB_CMDTY_TSP_RET_3M_PCT,WB_CMDTY_TSP_RET_3M_PCT,raw,3-month percent return of the TSP price (Pink Sheet).,World Bank Pink Sheet,,percent (3m),True,M,,,,unknown,Commodity price context — terms-of-trade transfer between exporters and importers of TSP; explanatory unless joined back to returns.,,commodity,True,,,model_drafted,
WB_CMDTY_TSP_VOL_12M,WB_CMDTY_TSP_VOL_12M,raw,12-month rolling volatility of monthly TSP price returns (Pink Sheet).,World Bank Pink Sheet,,percent (volatility),True,M,,,,unknown,Commodity price context — terms-of-trade transfer between exporters and importers of TSP; explanatory unless joined back to returns.,,commodity,True,,,model_drafted,
WB_CMDTY_TSP_YOY_PCT,WB_CMDTY_TSP_YOY_PCT,raw,Year-over-year percent change in the TSP price (Pink Sheet).,World Bank Pink Sheet,,percent (YoY),True,M,,,,unknown,Commodity price context — terms-of-trade transfer between exporters and importers of TSP; explanatory unless joined back to returns.,,commodity,True,,,model_drafted,
WB_CMDTY_TSP_Z_36M,WB_CMDTY_TSP_Z_36M,raw,Z-score of the TSP price versus its trailing 36-month history (Pink Sheet).,World Bank Pink Sheet,,z-score,True,M,,,,unknown,Commodity price context — terms-of-trade transfer between exporters and importers of TSP; explanatory unless joined back to returns.,,commodity,True,,,model_drafted,
WB_CMDTY_UREA_EE_BULK_LEVEL,WB_CMDTY_UREA_EE_BULK_LEVEL,raw,"urea ee bulk price level (World Bank Pink Sheet, monthly, global series broadcast to all countries).",World Bank Pink Sheet,,price level (Pink Sheet native unit),True,M,,,,unknown,Commodity price context — terms-of-trade transfer between exporters and importers of urea ee bulk; explanatory unless joined back to returns.,,commodity,True,,,model_drafted,
WB_CMDTY_UREA_EE_BULK_MOM_PCT,WB_CMDTY_UREA_EE_BULK_MOM_PCT,raw,Month-over-month percent change in the urea ee bulk price (Pink Sheet).,World Bank Pink Sheet,,percent (MoM),True,M,,,,unknown,Commodity price context — terms-of-trade transfer between exporters and importers of urea ee bulk; explanatory unless joined back to returns.,,commodity,True,,,model_drafted,
WB_CMDTY_UREA_EE_BULK_RET_12M_PCT,WB_CMDTY_UREA_EE_BULK_RET_12M_PCT,raw,12-month percent return of the urea ee bulk price (Pink Sheet).,World Bank Pink Sheet,,percent (12m),True,M,,,,unknown,Commodity price context — terms-of-trade transfer between exporters and importers of urea ee bulk; explanatory unless joined back to returns.,,commodity,True,,,model_drafted,
WB_CMDTY_UREA_EE_BULK_RET_3M_PCT,WB_CMDTY_UREA_EE_BULK_RET_3M_PCT,raw,3-month percent return of the urea ee bulk price (Pink Sheet).,World Bank Pink Sheet,,percent (3m),True,M,,,,unknown,Commodity price context — terms-of-trade transfer between exporters and importers of urea ee bulk; explanatory unless joined back to returns.,,commodity,True,,,model_drafted,
WB_CMDTY_UREA_EE_BULK_VOL_12M,WB_CMDTY_UREA_EE_BULK_VOL_12M,raw,12-month rolling volatility of monthly urea ee bulk price returns (Pink Sheet).,World Bank Pink Sheet,,percent (volatility),True,M,,,,unknown,Commodity price context — terms-of-trade transfer between exporters and importers of urea ee bulk; explanatory unless joined back to returns.,,commodity,True,,,model_drafted,
WB_CMDTY_UREA_EE_BULK_YOY_PCT,WB_CMDTY_UREA_EE_BULK_YOY_PCT,raw,Year-over-year percent change in the urea ee bulk price (Pink Sheet).,World Bank Pink Sheet,,percent (YoY),True,M,,,,unknown,Commodity price context — terms-of-trade transfer between exporters and importers of urea ee bulk; explanatory unless joined back to returns.,,commodity,True,,,model_drafted,
WB_CMDTY_UREA_EE_BULK_Z_36M,WB_CMDTY_UREA_EE_BULK_Z_36M,raw,Z-score of the urea ee bulk price versus its trailing 36-month history (Pink Sheet).,World Bank Pink Sheet,,z-score,True,M,,,,unknown,Commodity price context — terms-of-trade transfer between exporters and importers of urea ee bulk; explanatory unless joined back to returns.,,commodity,True,,,model_drafted,
WB_CMDTY_WHEAT_US_HRW_LEVEL,WB_CMDTY_WHEAT_US_HRW_LEVEL,raw,"wheat (US) hrw price level (World Bank Pink Sheet, monthly, global series broadcast to all countries).",World Bank Pink Sheet,,price level (Pink Sheet native unit),True,M,,,,unknown,Commodity price context — terms-of-trade transfer between exporters and importers of wheat (US) hrw; explanatory unless joined back to returns.,,commodity,True,,,model_drafted,
WB_CMDTY_WHEAT_US_HRW_MOM_PCT,WB_CMDTY_WHEAT_US_HRW_MOM_PCT,raw,Month-over-month percent change in the wheat (US) hrw price (Pink Sheet).,World Bank Pink Sheet,,percent (MoM),True,M,,,,unknown,Commodity price context — terms-of-trade transfer between exporters and importers of wheat (US) hrw; explanatory unless joined back to returns.,,commodity,True,,,model_drafted,
WB_CMDTY_WHEAT_US_HRW_RET_12M_PCT,WB_CMDTY_WHEAT_US_HRW_RET_12M_PCT,raw,12-month percent return of the wheat (US) hrw price (Pink Sheet).,World Bank Pink Sheet,,percent (12m),True,M,,,,unknown,Commodity price context — terms-of-trade transfer between exporters and importers of wheat (US) hrw; explanatory unless joined back to returns.,,commodity,True,,,model_drafted,
WB_CMDTY_WHEAT_US_HRW_RET_3M_PCT,WB_CMDTY_WHEAT_US_HRW_RET_3M_PCT,raw,3-month percent return of the wheat (US) hrw price (Pink Sheet).,World Bank Pink Sheet,,percent (3m),True,M,,,,unknown,Commodity price context — terms-of-trade transfer between exporters and importers of wheat (US) hrw; explanatory unless joined back to returns.,,commodity,True,,,model_drafted,
WB_CMDTY_WHEAT_US_HRW_VOL_12M,WB_CMDTY_WHEAT_US_HRW_VOL_12M,raw,12-month rolling volatility of monthly wheat (US) hrw price returns (Pink Sheet).,World Bank Pink Sheet,,percent (volatility),True,M,,,,unknown,Commodity price context — terms-of-trade transfer between exporters and importers of wheat (US) hrw; explanatory unless joined back to returns.,,commodity,True,,,model_drafted,
WB_CMDTY_WHEAT_US_HRW_YOY_PCT,WB_CMDTY_WHEAT_US_HRW_YOY_PCT,raw,Year-over-year percent change in the wheat (US) hrw price (Pink Sheet).,World Bank Pink Sheet,,percent (YoY),True,M,,,,unknown,Commodity price context — terms-of-trade transfer between exporters and importers of wheat (US) hrw; explanatory unless joined back to returns.,,commodity,True,,,model_drafted,
WB_CMDTY_WHEAT_US_HRW_Z_36M,WB_CMDTY_WHEAT_US_HRW_Z_36M,raw,Z-score of the wheat (US) hrw price versus its trailing 36-month history (Pink Sheet).,World Bank Pink Sheet,,z-score,True,M,,,,unknown,Commodity price context — terms-of-trade transfer between exporters and importers of wheat (US) hrw; explanatory unless joined back to returns.,,commodity,True,,,model_drafted,
WB_CMDTY_WHEAT_US_SRW_LEVEL,WB_CMDTY_WHEAT_US_SRW_LEVEL,raw,"wheat (US) srw price level (World Bank Pink Sheet, monthly, global series broadcast to all countries).",World Bank Pink Sheet,,price level (Pink Sheet native unit),True,M,,,,unknown,Commodity price context — terms-of-trade transfer between exporters and importers of wheat (US) srw; explanatory unless joined back to returns.,,commodity,True,,,model_drafted,
WB_CMDTY_WHEAT_US_SRW_MOM_PCT,WB_CMDTY_WHEAT_US_SRW_MOM_PCT,raw,Month-over-month percent change in the wheat (US) srw price (Pink Sheet).,World Bank Pink Sheet,,percent (MoM),True,M,,,,unknown,Commodity price context — terms-of-trade transfer between exporters and importers of wheat (US) srw; explanatory unless joined back to returns.,,commodity,True,,,model_drafted,
WB_CMDTY_WHEAT_US_SRW_RET_12M_PCT,WB_CMDTY_WHEAT_US_SRW_RET_12M_PCT,raw,12-month percent return of the wheat (US) srw price (Pink Sheet).,World Bank Pink Sheet,,percent (12m),True,M,,,,unknown,Commodity price context — terms-of-trade transfer between exporters and importers of wheat (US) srw; explanatory unless joined back to returns.,,commodity,True,,,model_drafted,
WB_CMDTY_WHEAT_US_SRW_RET_3M_PCT,WB_CMDTY_WHEAT_US_SRW_RET_3M_PCT,raw,3-month percent return of the wheat (US) srw price (Pink Sheet).,World Bank Pink Sheet,,percent (3m),True,M,,,,unknown,Commodity price context — terms-of-trade transfer between exporters and importers of wheat (US) srw; explanatory unless joined back to returns.,,commodity,True,,,model_drafted,
WB_CMDTY_WHEAT_US_SRW_VOL_12M,WB_CMDTY_WHEAT_US_SRW_VOL_12M,raw,12-month rolling volatility of monthly wheat (US) srw price returns (Pink Sheet).,World Bank Pink Sheet,,percent (volatility),True,M,,,,unknown,Commodity price context — terms-of-trade transfer between exporters and importers of wheat (US) srw; explanatory unless joined back to returns.,,commodity,True,,,model_drafted,
WB_CMDTY_WHEAT_US_SRW_YOY_PCT,WB_CMDTY_WHEAT_US_SRW_YOY_PCT,raw,Year-over-year percent change in the wheat (US) srw price (Pink Sheet).,World Bank Pink Sheet,,percent (YoY),True,M,,,,unknown,Commodity price context — terms-of-trade transfer between exporters and importers of wheat (US) srw; explanatory unless joined back to returns.,,commodity,True,,,model_drafted,
WB_CMDTY_WHEAT_US_SRW_Z_36M,WB_CMDTY_WHEAT_US_SRW_Z_36M,raw,Z-score of the wheat (US) srw price versus its trailing 36-month history (Pink Sheet).,World Bank Pink Sheet,,z-score,True,M,,,,unknown,Commodity price context — terms-of-trade transfer between exporters and importers of wheat (US) srw; explanatory unless joined back to returns.,,commodity,True,,,model_drafted,
WB_CMDTY_ZINC_LEVEL,WB_CMDTY_ZINC_LEVEL,raw,"zinc price level (World Bank Pink Sheet, monthly, global series broadcast to all countries).",World Bank Pink Sheet,,price level (Pink Sheet native unit),True,M,,,,unknown,Commodity price context — terms-of-trade transfer between exporters and importers of zinc; explanatory unless joined back to returns.,,commodity,True,,,model_drafted,
WB_CMDTY_ZINC_MOM_PCT,WB_CMDTY_ZINC_MOM_PCT,raw,Month-over-month percent change in the zinc price (Pink Sheet).,World Bank Pink Sheet,,percent (MoM),True,M,,,,unknown,Commodity price context — terms-of-trade transfer between exporters and importers of zinc; explanatory unless joined back to returns.,,commodity,True,,,model_drafted,
WB_CMDTY_ZINC_RET_12M_PCT,WB_CMDTY_ZINC_RET_12M_PCT,raw,12-month percent return of the zinc price (Pink Sheet).,World Bank Pink Sheet,,percent (12m),True,M,,,,unknown,Commodity price context — terms-of-trade transfer between exporters and importers of zinc; explanatory unless joined back to returns.,,commodity,True,,,model_drafted,
WB_CMDTY_ZINC_RET_3M_PCT,WB_CMDTY_ZINC_RET_3M_PCT,raw,3-month percent return of the zinc price (Pink Sheet).,World Bank Pink Sheet,,percent (3m),True,M,,,,unknown,Commodity price context — terms-of-trade transfer between exporters and importers of zinc; explanatory unless joined back to returns.,,commodity,True,,,model_drafted,
WB_CMDTY_ZINC_VOL_12M,WB_CMDTY_ZINC_VOL_12M,raw,12-month rolling volatility of monthly zinc price returns (Pink Sheet).,World Bank Pink Sheet,,percent (volatility),True,M,,,,unknown,Commodity price context — terms-of-trade transfer between exporters and importers of zinc; explanatory unless joined back to returns.,,commodity,True,,,model_drafted,
WB_CMDTY_ZINC_YOY_PCT,WB_CMDTY_ZINC_YOY_PCT,raw,Year-over-year percent change in the zinc price (Pink Sheet).,World Bank Pink Sheet,,percent (YoY),True,M,,,,unknown,Commodity price context — terms-of-trade transfer between exporters and importers of zinc; explanatory unless joined back to returns.,,commodity,True,,,model_drafted,
WB_CMDTY_ZINC_Z_36M,WB_CMDTY_ZINC_Z_36M,raw,Z-score of the zinc price versus its trailing 36-month history (Pink Sheet).,World Bank Pink Sheet,,z-score,True,M,,,,unknown,Commodity price context — terms-of-trade transfer between exporters and importers of zinc; explanatory unless joined back to returns.,,commodity,True,,,model_drafted,
WB_CO2_Per_Capita,WB_CO2_Per_Capita,raw,"CO2 emissions per capita, in metric tons (WDI).",World Bank,,metric tons per capita,True,A,,,,lower_is_better,Carbon intensity — transition-policy exposure for carbon-heavy economies.,,structural,False,,,model_drafted,
WB_CO2_Per_Capita_CS,WB_CO2_Per_Capita,_CS,"Cross-sectional z-score (across the 34-country panel) of: CO2 emissions per capita, in metric tons (WDI).",World Bank,,z-score (cross-sectional),True,A,,,,lower_is_better,Carbon intensity — transition-policy exposure for carbon-heavy economies.,,structural,False,,,model_drafted,
WB_CO2_Per_Capita_TS,WB_CO2_Per_Capita,_TS,"Time-series z-score (vs own trailing history) of: CO2 emissions per capita, in metric tons (WDI).",World Bank,,z-score (time-series),True,A,,,,lower_is_better,Carbon intensity — transition-policy exposure for carbon-heavy economies.,,structural,False,,,model_drafted,
WB_Control_Corruption,WB_Control_Corruption,raw,Worldwide Governance Indicators control-of-corruption score (approx -2.5 to +2.5).,World Bank,,score (-2.5 to 2.5),True,A,,,,unknown,Institutional quality — corruption taxes investment and raises the equity risk premium.,,structural,False,,-2.5 to 2.5,model_drafted,
WB_Control_Corruption_CS,WB_Control_Corruption,_CS,Cross-sectional z-score (across the 34-country panel) of: Worldwide Governance Indicators control-of-corruption score (approx -2.5 to +2.5).,World Bank,,z-score (cross-sectional),True,A,,,,unknown,Institutional quality — corruption taxes investment and raises the equity risk premium.,,structural,False,,,model_drafted,
WB_Control_Corruption_TS,WB_Control_Corruption,_TS,Time-series z-score (vs own trailing history) of: Worldwide Governance Indicators control-of-corruption score (approx -2.5 to +2.5).,World Bank,,z-score (time-series),True,A,,,,unknown,Institutional quality — corruption taxes investment and raises the equity risk premium.,,structural,False,,,model_drafted,
WB_Current_Account_GDP,WB_Current_Account_GDP,raw,Current account balance as percent of GDP (WDI).,World Bank,,percent of GDP,True,A,,,,unknown,External funding need; deficits financed by hot money are the EM crisis template.,,external,False,,,model_drafted,
WB_Current_Account_GDP_CS,WB_Current_Account_GDP,_CS,Cross-sectional z-score (across the 34-country panel) of: Current account balance as percent of GDP (WDI).,World Bank,,z-score (cross-sectional),True,A,,,,unknown,External funding need; deficits financed by hot money are the EM crisis template.,,external,False,,,model_drafted,
WB_Current_Account_GDP_TS,WB_Current_Account_GDP,_TS,Time-series z-score (vs own trailing history) of: Current account balance as percent of GDP (WDI).,World Bank,,z-score (time-series),True,A,,,,unknown,External funding need; deficits financed by hot money are the EM crisis template.,,external,False,,,model_drafted,
WB_Domestic_Credit_GDP,WB_Domestic_Credit_GDP,raw,Domestic credit to private sector as percent of GDP (WDI).,World Bank,,percent of GDP,True,A,,,,lower_is_better,Financial depth and leverage; rapid credit deepening precedes banking crises (complements the BIS gap).,,structural,False,,,model_drafted,
WB_Domestic_Credit_GDP_CS,WB_Domestic_Credit_GDP,_CS,Cross-sectional z-score (across the 34-country panel) of: Domestic credit to private sector as percent of GDP (WDI).,World Bank,,z-score (cross-sectional),True,A,,,,lower_is_better,Financial depth and leverage; rapid credit deepening precedes banking crises (complements the BIS gap).,,structural,False,,,model_drafted,
WB_Domestic_Credit_GDP_TS,WB_Domestic_Credit_GDP,_TS,Time-series z-score (vs own trailing history) of: Domestic credit to private sector as percent of GDP (WDI).,World Bank,,z-score (time-series),True,A,,,,lower_is_better,Financial depth and leverage; rapid credit deepening precedes banking crises (complements the BIS gap).,,structural,False,,,model_drafted,
WB_External_Debt_GNI,WB_External_Debt_GNI,raw,External debt stock as percent of gross national income (WDI).,World Bank,,percent of GNI,True,A,,,,unknown,"FX-denominated liability burden — depreciation mechanically inflates this debt, the original-sin channel.",,external,False,,,model_drafted,
WB_External_Debt_GNI_CS,WB_External_Debt_GNI,_CS,Cross-sectional z-score (across the 34-country panel) of: External debt stock as percent of gross national income (WDI).,World Bank,,z-score (cross-sectional),True,A,,,,unknown,"FX-denominated liability burden — depreciation mechanically inflates this debt, the original-sin channel.",,external,False,,,model_drafted,
WB_External_Debt_GNI_TS,WB_External_Debt_GNI,_TS,Time-series z-score (vs own trailing history) of: External debt stock as percent of gross national income (WDI).,World Bank,,z-score (time-series),True,A,,,,unknown,"FX-denominated liability burden — depreciation mechanically inflates this debt, the original-sin channel.",,external,False,,,model_drafted,
WB_FDI_Inflows_GDP,WB_FDI_Inflows_GDP,raw,Foreign direct investment net inflows as percent of GDP (WDI).,World Bank,,percent of GDP,True,A,,,,unknown,Sticky capital inflow — FDI-funded growth is more durable than portfolio-funded growth.,,external,False,,,model_drafted,
WB_FDI_Inflows_GDP_CS,WB_FDI_Inflows_GDP,_CS,Cross-sectional z-score (across the 34-country panel) of: Foreign direct investment net inflows as percent of GDP (WDI).,World Bank,,z-score (cross-sectional),True,A,,,,unknown,Sticky capital inflow — FDI-funded growth is more durable than portfolio-funded growth.,,external,False,,,model_drafted,
WB_FDI_Inflows_GDP_TS,WB_FDI_Inflows_GDP,_TS,Time-series z-score (vs own trailing history) of: Foreign direct investment net inflows as percent of GDP (WDI).,World Bank,,z-score (time-series),True,A,,,,unknown,Sticky capital inflow — FDI-funded growth is more durable than portfolio-funded growth.,,external,False,,,model_drafted,
WB_FX_Reserves,WB_FX_Reserves,raw,"Total foreign exchange reserves including gold, in USD (WDI).",World Bank,,USD,False,A,,,,unknown,Crisis-fighting ammunition; scaled versions (import cover) are the comparable form.,,external,False,,,model_drafted,
WB_FX_Reserves_CS,WB_FX_Reserves,_CS,"Cross-sectional z-score (across the 34-country panel) of: Total foreign exchange reserves including gold, in USD (WDI).",World Bank,,z-score (cross-sectional),True,A,,,,unknown,Crisis-fighting ammunition; scaled versions (import cover) are the comparable form.,,external,False,,,model_drafted,
WB_FX_Reserves_TS,WB_FX_Reserves,_TS,"Time-series z-score (vs own trailing history) of: Total foreign exchange reserves including gold, in USD (WDI).",World Bank,,z-score (time-series),True,A,,,,unknown,Crisis-fighting ammunition; scaled versions (import cover) are the comparable form.,,external,False,,,model_drafted,
WB_Female_LFP,WB_Female_LFP,raw,"Female labor force participation rate (WDI), in percent.",World Bank,,percent,True,A,,,,unknown,Untapped labor capacity; rising female participation lifts potential growth.,,structural,False,,,model_drafted,
WB_Female_LFP_CS,WB_Female_LFP,_CS,"Cross-sectional z-score (across the 34-country panel) of: Female labor force participation rate (WDI), in percent.",World Bank,,z-score (cross-sectional),True,A,,,,unknown,Untapped labor capacity; rising female participation lifts potential growth.,,structural,False,,,model_drafted,
WB_Female_LFP_TS,WB_Female_LFP,_TS,"Time-series z-score (vs own trailing history) of: Female labor force participation rate (WDI), in percent.",World Bank,,z-score (time-series),True,A,,,,unknown,Untapped labor capacity; rising female participation lifts potential growth.,,structural,False,,,model_drafted,
WB_Female_Labor_Share,WB_Female_Labor_Share,raw,"Female share of the total labor force (WDI), in percent.",World Bank,,percent,True,A,,,,unknown,Labor market inclusiveness; structural development indicator.,,structural,False,,,model_drafted,
WB_Female_Labor_Share_CS,WB_Female_Labor_Share,_CS,"Cross-sectional z-score (across the 34-country panel) of: Female share of the total labor force (WDI), in percent.",World Bank,,z-score (cross-sectional),True,A,,,,unknown,Labor market inclusiveness; structural development indicator.,,structural,False,,,model_drafted,
WB_Female_Labor_Share_TS,WB_Female_Labor_Share,_TS,"Time-series z-score (vs own trailing history) of: Female share of the total labor force (WDI), in percent.",World Bank,,z-score (time-series),True,A,,,,unknown,Labor market inclusiveness; structural development indicator.,,structural,False,,,model_drafted,
WB_GDP_Growth_Real,WB_GDP_Growth_Real,raw,"Real GDP growth from World Bank WDI, year over year, in percent.",World Bank,,percent (YoY),True,A,,,,unknown,Annual growth vintage; slow-moving confirmation of cycle position.,,growth,False,,,model_drafted,
WB_GDP_Growth_Real_CS,WB_GDP_Growth_Real,_CS,"Cross-sectional z-score (across the 34-country panel) of: Real GDP growth from World Bank WDI, year over year, in percent.",World Bank,,z-score (cross-sectional),True,A,,,,unknown,Annual growth vintage; slow-moving confirmation of cycle position.,,growth,False,,,model_drafted,
WB_GDP_Growth_Real_TS,WB_GDP_Growth_Real,_TS,"Time-series z-score (vs own trailing history) of: Real GDP growth from World Bank WDI, year over year, in percent.",World Bank,,z-score (time-series),True,A,,,,unknown,Annual growth vintage; slow-moving confirmation of cycle position.,,growth,False,,,model_drafted,
WB_Govt_Debt_GDP,WB_Govt_Debt_GDP,raw,Central government debt as percent of GDP (WDI).,World Bank,,percent of GDP,True,A,,,,lower_is_better,Fiscal headroom; constrains counter-cyclical response.,,structural,False,,,model_drafted,
WB_Govt_Debt_GDP_CS,WB_Govt_Debt_GDP,_CS,Cross-sectional z-score (across the 34-country panel) of: Central government debt as percent of GDP (WDI).,World Bank,,z-score (cross-sectional),True,A,,,,lower_is_better,Fiscal headroom; constrains counter-cyclical response.,,structural,False,,,model_drafted,
WB_Govt_Debt_GDP_TS,WB_Govt_Debt_GDP,_TS,Time-series z-score (vs own trailing history) of: Central government debt as percent of GDP (WDI).,World Bank,,z-score (time-series),True,A,,,,lower_is_better,Fiscal headroom; constrains counter-cyclical response.,,structural,False,,,model_drafted,
WB_Govt_Effectiveness,WB_Govt_Effectiveness,raw,WGI government effectiveness score (approx -2.5 to +2.5).,World Bank,,score (-2.5 to 2.5),True,A,,,,unknown,State capacity — effective governments execute counter-cyclical policy and infrastructure.,,structural,False,,-2.5 to 2.5,model_drafted,
WB_Govt_Effectiveness_CS,WB_Govt_Effectiveness,_CS,Cross-sectional z-score (across the 34-country panel) of: WGI government effectiveness score (approx -2.5 to +2.5).,World Bank,,z-score (cross-sectional),True,A,,,,unknown,State capacity — effective governments execute counter-cyclical policy and infrastructure.,,structural,False,,,model_drafted,
WB_Govt_Effectiveness_TS,WB_Govt_Effectiveness,_TS,Time-series z-score (vs own trailing history) of: WGI government effectiveness score (approx -2.5 to +2.5).,World Bank,,z-score (time-series),True,A,,,,unknown,State capacity — effective governments execute counter-cyclical policy and infrastructure.,,structural,False,,,model_drafted,
WB_Import_Cover_Months,WB_Import_Cover_Months,raw,FX reserves expressed as months of import cover (WDI).,World Bank,,months,True,A,,,,unknown,Reserve adequacy rule-of-thumb — below ~3 months flags vulnerability to sudden stops.,,external,False,,0 to 36,model_drafted,
WB_Import_Cover_Months_CS,WB_Import_Cover_Months,_CS,Cross-sectional z-score (across the 34-country panel) of: FX reserves expressed as months of import cover (WDI).,World Bank,,z-score (cross-sectional),True,A,,,,unknown,Reserve adequacy rule-of-thumb — below ~3 months flags vulnerability to sudden stops.,,external,False,,,model_drafted,
WB_Import_Cover_Months_TS,WB_Import_Cover_Months,_TS,Time-series z-score (vs own trailing history) of: FX reserves expressed as months of import cover (WDI).,World Bank,,z-score (time-series),True,A,,,,unknown,Reserve adequacy rule-of-thumb — below ~3 months flags vulnerability to sudden stops.,,external,False,,,model_drafted,
WB_Inflation_CPI,WB_Inflation_CPI,raw,"CPI inflation from World Bank WDI, in percent.",World Bank,,percent (YoY),True,A,,,,lower_is_better,Annual inflation vintage; complements monthly IMF/Bloomberg series.,,monetary,False,,,model_drafted,
WB_Inflation_CPI_CS,WB_Inflation_CPI,_CS,"Cross-sectional z-score (across the 34-country panel) of: CPI inflation from World Bank WDI, in percent.",World Bank,,z-score (cross-sectional),True,A,,,,lower_is_better,Annual inflation vintage; complements monthly IMF/Bloomberg series.,,monetary,False,,,model_drafted,
WB_Inflation_CPI_TS,WB_Inflation_CPI,_TS,"Time-series z-score (vs own trailing history) of: CPI inflation from World Bank WDI, in percent.",World Bank,,z-score (time-series),True,A,,,,lower_is_better,Annual inflation vintage; complements monthly IMF/Bloomberg series.,,monetary,False,,,model_drafted,
WB_Labor_Force,WB_Labor_Force,raw,Total labor force (WDI).,World Bank,,persons,False,A,,,,unknown,Scale series; growth rate proxies labor input to potential GDP.,,structural,False,,,model_drafted,
WB_Labor_Force_CS,WB_Labor_Force,_CS,Cross-sectional z-score (across the 34-country panel) of: Total labor force (WDI).,World Bank,,z-score (cross-sectional),True,A,,,,unknown,Scale series; growth rate proxies labor input to potential GDP.,,structural,False,,,model_drafted,
WB_Labor_Force_TS,WB_Labor_Force,_TS,Time-series z-score (vs own trailing history) of: Total labor force (WDI).,World Bank,,z-score (time-series),True,A,,,,unknown,Scale series; growth rate proxies labor input to potential GDP.,,structural,False,,,model_drafted,
WB_Market_Cap_GDP,WB_Market_Cap_GDP,raw,Stock market capitalization as percent of GDP (WDI).,World Bank,,percent of GDP,True,A,,,,lower_is_better,Equity market depth — the Buffett-indicator denominator-matched form; extreme highs flag froth.,,valuation,False,,,model_drafted,
WB_Market_Cap_GDP_CS,WB_Market_Cap_GDP,_CS,Cross-sectional z-score (across the 34-country panel) of: Stock market capitalization as percent of GDP (WDI).,World Bank,,z-score (cross-sectional),True,A,,,,lower_is_better,Equity market depth — the Buffett-indicator denominator-matched form; extreme highs flag froth.,,valuation,False,,,model_drafted,
WB_Market_Cap_GDP_TS,WB_Market_Cap_GDP,_TS,Time-series z-score (vs own trailing history) of: Stock market capitalization as percent of GDP (WDI).,World Bank,,z-score (time-series),True,A,,,,lower_is_better,Equity market depth — the Buffett-indicator denominator-matched form; extreme highs flag froth.,,valuation,False,,,model_drafted,
WB_OldAge_Dependency,WB_OldAge_Dependency,raw,Old-age dependency ratio — population 65+ as percent of working-age population (WDI).,World Bank,,percent,True,A,,,,lower_is_better,"Aging burden — rising dependency suppresses trend growth, strains fiscal balances, and shifts savings behavior.",,structural,False,,,model_drafted,
WB_OldAge_Dependency_CS,WB_OldAge_Dependency,_CS,Cross-sectional z-score (across the 34-country panel) of: Old-age dependency ratio — population 65+ as percent of working-age population (WDI).,World Bank,,z-score (cross-sectional),True,A,,,,lower_is_better,"Aging burden — rising dependency suppresses trend growth, strains fiscal balances, and shifts savings behavior.",,structural,False,,,model_drafted,
WB_OldAge_Dependency_TS,WB_OldAge_Dependency,_TS,Time-series z-score (vs own trailing history) of: Old-age dependency ratio — population 65+ as percent of working-age population (WDI).,World Bank,,z-score (time-series),True,A,,,,lower_is_better,"Aging burden — rising dependency suppresses trend growth, strains fiscal balances, and shifts savings behavior.",,structural,False,,,model_drafted,
WB_Political_Stability,WB_Political_Stability,raw,WGI political stability and absence of violence score (approx -2.5 to +2.5).,World Bank,,score (-2.5 to 2.5),True,A,,,,unknown,Political risk discount — instability raises required returns and deters FDI.,,structural,False,,-2.5 to 2.5,model_drafted,
WB_Political_Stability_CS,WB_Political_Stability,_CS,Cross-sectional z-score (across the 34-country panel) of: WGI political stability and absence of violence score (approx -2.5 to +2.5).,World Bank,,z-score (cross-sectional),True,A,,,,unknown,Political risk discount — instability raises required returns and deters FDI.,,structural,False,,,model_drafted,
WB_Political_Stability_TS,WB_Political_Stability,_TS,Time-series z-score (vs own trailing history) of: WGI political stability and absence of violence score (approx -2.5 to +2.5).,World Bank,,z-score (time-series),True,A,,,,unknown,Political risk discount — instability raises required returns and deters FDI.,,structural,False,,,model_drafted,
WB_Population,WB_Population,raw,Total population (WDI).,World Bank,,persons,False,A,,,,unknown,Scale denominator; not a signal.,,structural,False,,,model_drafted,
WB_Population_CS,WB_Population,_CS,Cross-sectional z-score (across the 34-country panel) of: Total population (WDI).,World Bank,,z-score (cross-sectional),True,A,,,,unknown,Scale denominator; not a signal.,,structural,False,,,model_drafted,
WB_Population_Growth,WB_Population_Growth,raw,"Population growth rate (WDI), in percent.",World Bank,,percent (YoY),True,A,,,,unknown,Demographic tailwind/headwind to trend growth and housing demand.,,structural,False,,,model_drafted,
WB_Population_Growth_CS,WB_Population_Growth,_CS,"Cross-sectional z-score (across the 34-country panel) of: Population growth rate (WDI), in percent.",World Bank,,z-score (cross-sectional),True,A,,,,unknown,Demographic tailwind/headwind to trend growth and housing demand.,,structural,False,,,model_drafted,
WB_Population_Growth_TS,WB_Population_Growth,_TS,"Time-series z-score (vs own trailing history) of: Population growth rate (WDI), in percent.",World Bank,,z-score (time-series),True,A,,,,unknown,Demographic tailwind/headwind to trend growth and housing demand.,,structural,False,,,model_drafted,
WB_Population_TS,WB_Population,_TS,Time-series z-score (vs own trailing history) of: Total population (WDI).,World Bank,,z-score (time-series),True,A,,,,unknown,Scale denominator; not a signal.,,structural,False,,,model_drafted,
WB_Regulatory_Quality,WB_Regulatory_Quality,raw,WGI regulatory quality score (approx -2.5 to +2.5).,World Bank,,score (-2.5 to 2.5),True,A,,,,unknown,Business climate quality; predictable regulation lowers the cost of capital.,,structural,False,,-2.5 to 2.5,model_drafted,
WB_Regulatory_Quality_CS,WB_Regulatory_Quality,_CS,Cross-sectional z-score (across the 34-country panel) of: WGI regulatory quality score (approx -2.5 to +2.5).,World Bank,,z-score (cross-sectional),True,A,,,,unknown,Business climate quality; predictable regulation lowers the cost of capital.,,structural,False,,,model_drafted,
WB_Regulatory_Quality_TS,WB_Regulatory_Quality,_TS,Time-series z-score (vs own trailing history) of: WGI regulatory quality score (approx -2.5 to +2.5).,World Bank,,z-score (time-series),True,A,,,,unknown,Business climate quality; predictable regulation lowers the cost of capital.,,structural,False,,,model_drafted,
WB_Renewable_Energy_Share,WB_Renewable_Energy_Share,raw,Renewable energy as percent of total final energy consumption (WDI).,World Bank,,percent,True,A,,,,unknown,Energy transition position — insulates against fossil shocks and carbon-pricing regimes.,,structural,False,,,model_drafted,
WB_Renewable_Energy_Share_CS,WB_Renewable_Energy_Share,_CS,Cross-sectional z-score (across the 34-country panel) of: Renewable energy as percent of total final energy consumption (WDI).,World Bank,,z-score (cross-sectional),True,A,,,,unknown,Energy transition position — insulates against fossil shocks and carbon-pricing regimes.,,structural,False,,,model_drafted,
WB_Renewable_Energy_Share_TS,WB_Renewable_Energy_Share,_TS,Time-series z-score (vs own trailing history) of: Renewable energy as percent of total final energy consumption (WDI).,World Bank,,z-score (time-series),True,A,,,,unknown,Energy transition position — insulates against fossil shocks and carbon-pricing regimes.,,structural,False,,,model_drafted,
WB_Rule_of_Law,WB_Rule_of_Law,raw,WGI rule of law score (approx -2.5 to +2.5).,World Bank,,score (-2.5 to 2.5),True,A,,,,unknown,Property-rights enforcement — the deepest institutional driver of long-run valuation multiples.,,structural,False,,-2.5 to 2.5,model_drafted,
WB_Rule_of_Law_CS,WB_Rule_of_Law,_CS,Cross-sectional z-score (across the 34-country panel) of: WGI rule of law score (approx -2.5 to +2.5).,World Bank,,z-score (cross-sectional),True,A,,,,unknown,Property-rights enforcement — the deepest institutional driver of long-run valuation multiples.,,structural,False,,,model_drafted,
WB_Rule_of_Law_TS,WB_Rule_of_Law,_TS,Time-series z-score (vs own trailing history) of: WGI rule of law score (approx -2.5 to +2.5).,World Bank,,z-score (time-series),True,A,,,,unknown,Property-rights enforcement — the deepest institutional driver of long-run valuation multiples.,,structural,False,,,model_drafted,
WB_Trade_Openness,WB_Trade_Openness,raw,Exports plus imports as percent of GDP (WDI).,World Bank,,percent of GDP,True,A,,,,unknown,Global-cycle sensitivity — open economies amplify world trade shocks in both directions.,,external,False,,,model_drafted,
WB_Trade_Openness_CS,WB_Trade_Openness,_CS,Cross-sectional z-score (across the 34-country panel) of: Exports plus imports as percent of GDP (WDI).,World Bank,,z-score (cross-sectional),True,A,,,,unknown,Global-cycle sensitivity — open economies amplify world trade shocks in both directions.,,external,False,,,model_drafted,
WB_Trade_Openness_TS,WB_Trade_Openness,_TS,Time-series z-score (vs own trailing history) of: Exports plus imports as percent of GDP (WDI).,World Bank,,z-score (time-series),True,A,,,,unknown,Global-cycle sensitivity — open economies amplify world trade shocks in both directions.,,external,False,,,model_drafted,
WB_Unemployment,WB_Unemployment,raw,"Unemployment rate (ILO-modeled estimate, WDI), in percent.",World Bank,,percent,True,A,,,,lower_is_better,Labor slack measure on a standardized basis.,,growth,False,,,model_drafted,
WB_Unemployment_CS,WB_Unemployment,_CS,"Cross-sectional z-score (across the 34-country panel) of: Unemployment rate (ILO-modeled estimate, WDI), in percent.",World Bank,,z-score (cross-sectional),True,A,,,,lower_is_better,Labor slack measure on a standardized basis.,,growth,False,,,model_drafted,
WB_Unemployment_TS,WB_Unemployment,_TS,"Time-series z-score (vs own trailing history) of: Unemployment rate (ILO-modeled estimate, WDI), in percent.",World Bank,,z-score (time-series),True,A,,,,lower_is_better,Labor slack measure on a standardized basis.,,growth,False,,,model_drafted,
WB_Voice_Accountability,WB_Voice_Accountability,raw,WGI voice and accountability score (approx -2.5 to +2.5).,World Bank,,score (-2.5 to 2.5),True,A,,,,unknown,Democratic accountability; correlates with policy predictability and minority-shareholder protection.,,structural,False,,-2.5 to 2.5,model_drafted,
WB_Voice_Accountability_CS,WB_Voice_Accountability,_CS,Cross-sectional z-score (across the 34-country panel) of: WGI voice and accountability score (approx -2.5 to +2.5).,World Bank,,z-score (cross-sectional),True,A,,,,unknown,Democratic accountability; correlates with policy predictability and minority-shareholder protection.,,structural,False,,,model_drafted,
WB_Voice_Accountability_TS,WB_Voice_Accountability,_TS,Time-series z-score (vs own trailing history) of: WGI voice and accountability score (approx -2.5 to +2.5).,World Bank,,z-score (time-series),True,A,,,,unknown,Democratic accountability; correlates with policy predictability and minority-shareholder protection.,,structural,False,,,model_drafted,
attention_fast_CS,attention_fast,_CS,,GDELT,,,,M,,,,higher_is_better,,,,False,,,unknown,
attention_fast_TS,attention_fast,_TS,,GDELT,,,,M,,,,higher_is_better,,,,False,,,unknown,
attention_fast_z_CS,attention_fast_z,_CS,,GDELT,,,,M,,,,higher_is_better,,,,False,,,unknown,
attention_fast_z_TS,attention_fast_z,_TS,,GDELT,,,,M,,,,higher_is_better,,,,False,,,unknown,
attention_shock,attention_shock,raw,,GDELT,,,,D,,,,unknown,,,,False,,,unknown,
attention_shock_CS,attention_shock,_CS,,GDELT,,,,M,,,,higher_is_better,,,,False,,,unknown,
attention_shock_TS,attention_shock,_TS,,GDELT,,,,M,,,,higher_is_better,,,,False,,,unknown,
attention_slow_CS,attention_slow,_CS,,GDELT,,,,M,,,,higher_is_better,,,,False,,,unknown,
attention_slow_TS,attention_slow,_TS,,GDELT,,,,M,,,,higher_is_better,,,,False,,,unknown,
attention_slow_z_CS,attention_slow_z,_CS,,GDELT,,,,M,,,,higher_is_better,,,,False,,,unknown,
attention_slow_z_TS,attention_slow_z,_TS,,GDELT,,,,M,,,,higher_is_better,,,,False,,,unknown,
attention_trend_CS,attention_trend,_CS,,GDELT,,,,M,,,,higher_is_better,,,,False,,,unknown,
attention_trend_TS,attention_trend,_TS,,GDELT,,,,M,,,,higher_is_better,,,,False,,,unknown,
attention_trend_z_CS,attention_trend_z,_CS,,GDELT,,,,M,,,,higher_is_better,,,,False,,,unknown,
attention_trend_z_TS,attention_trend_z,_TS,,GDELT,,,,M,,,,higher_is_better,,,,False,,,unknown,
country_location_mentions,country_location_mentions,raw,,GDELT,,,,D,,,,unknown,,,,False,,,unknown,
country_news_attention,country_news_attention,raw,,GDELT,,,,D,,,,unknown,,,,False,,,unknown,
country_news_attention_CS,country_news_attention,_CS,,GDELT,,,,M,,,,higher_is_better,,,,False,,,unknown,sign-flipped during normalization (raw concept is lower-is-better)
country_news_attention_TS,country_news_attention,_TS,,GDELT,,,,M,,,,higher_is_better,,,,False,,,unknown,sign-flipped during normalization (raw concept is lower-is-better)
country_news_risk,country_news_risk,raw,,GDELT,,,,D,,,,unknown,,,,False,,,unknown,
country_news_risk_CS,country_news_risk,_CS,,GDELT,,,,M,,,,higher_is_better,,,,False,,,unknown,
country_news_risk_TS,country_news_risk,_TS,,GDELT,,,,M,,,,higher_is_better,,,,False,,,unknown,
country_news_risk_raw,country_news_risk_raw,raw,,GDELT,,,,D,,,,unknown,,,,False,,,unknown,
country_news_risk_raw_CS,country_news_risk_raw,_CS,,GDELT,,,,M,,,,higher_is_better,,,,False,,,unknown,
country_news_risk_raw_TS,country_news_risk_raw,_TS,,GDELT,,,,M,,,,higher_is_better,,,,False,,,unknown,
country_news_sentiment,country_news_sentiment,raw,,GDELT,,,,D,,,,unknown,,,,False,,,unknown,
country_news_sentiment_CS,country_news_sentiment,_CS,,GDELT,,,,M,,,,higher_is_better,,,,False,,,unknown,sign-flipped during normalization (raw concept is lower-is-better)
country_news_sentiment_TS,country_news_sentiment,_TS,,GDELT,,,,M,,,,higher_is_better,,,,False,,,unknown,sign-flipped during normalization (raw concept is lower-is-better)
country_news_sentiment_raw,country_news_sentiment_raw,raw,,GDELT,,,,D,,,,unknown,,,,False,,,unknown,
country_news_sentiment_raw_CS,country_news_sentiment_raw,_CS,,GDELT,,,,M,,,,higher_is_better,,,,False,,,unknown,sign-flipped during normalization (raw concept is lower-is-better)
country_news_sentiment_raw_TS,country_news_sentiment_raw,_TS,,GDELT,,,,M,,,,higher_is_better,,,,False,,,unknown,sign-flipped during normalization (raw concept is lower-is-better)
country_news_sentiment_x_attention,country_news_sentiment_x_attention,raw,,GDELT,,,,D,,,,unknown,,,,False,,,unknown,
cpi_nowcast_core_next,cpi_nowcast_core_next,raw,Prediction-market implied nowcast of the next US core CPI print.,Kalshi/Polymarket (curated),,percent,True,D,,,,unknown,"Core inflation nowcast — the Fed-relevant print, priced by real money.",,monetary,True,,,model_drafted,
cpi_nowcast_yoy_next,cpi_nowcast_yoy_next,raw,Prediction-market implied nowcast of the next US CPI YoY print.,Kalshi/Polymarket (curated),,percent (YoY),True,D,,,,unknown,Real-money inflation nowcast — sharper than surveys into print day; surprises vs this move rates.,,monetary,True,,,model_drafted,
daily_defensive_CS,daily_defensive,_CS,,GDELT,,,,D,,,,higher_is_better,,,,False,,,unknown,
daily_defensive_TS,daily_defensive,_TS,,GDELT,,,,D,,,,higher_is_better,,,,False,,,unknown,
daily_metronome_CS,daily_metronome,_CS,,GDELT,,,,D,,,,higher_is_better,,,,False,,,unknown,
daily_metronome_TS,daily_metronome,_TS,,GDELT,,,,D,,,,higher_is_better,,,,False,,,unknown,
daily_risk_CS,daily_risk,_CS,,GDELT,,,,D,,,,higher_is_better,,,,False,,,unknown,
daily_risk_TS,daily_risk,_TS,,GDELT,,,,D,,,,higher_is_better,,,,False,,,unknown,
days_since_prior_observation,days_since_prior_observation,raw,,GDELT,,,,D,,,,unknown,,,,False,,,unknown,
defensive_rank_pct_CS,defensive_rank_pct,_CS,,GDELT,,,,M,,,,higher_is_better,,,,False,,,unknown,
defensive_rank_pct_TS,defensive_rank_pct,_TS,,GDELT,,,,M,,,,higher_is_better,,,,False,,,unknown,
dispersion_fast_CS,dispersion_fast,_CS,,GDELT,,,,M,,,,higher_is_better,,,,False,,,unknown,
dispersion_fast_TS,dispersion_fast,_TS,,GDELT,,,,M,,,,higher_is_better,,,,False,,,unknown,
dispersion_fast_z_CS,dispersion_fast_z,_CS,,GDELT,,,,M,,,,higher_is_better,,,,False,,,unknown,
dispersion_fast_z_TS,dispersion_fast_z,_TS,,GDELT,,,,M,,,,higher_is_better,,,,False,,,unknown,
fed_cut_count_expectation,fed_cut_count_expectation,raw,Prediction-market implied expected number of Fed rate cuts over the contract horizon.,Kalshi/Polymarket (curated),,count (expected cuts),True,D,,,,unknown,Easing-cycle pricing; repricing of the cut path moves the dollar and EM risk appetite.,,monetary,True,,,model_drafted,
fed_decision_distribution_next,fed_decision_distribution_next,raw,Prediction-market implied distribution over the next FOMC decision (cut/hold/hike encoded).,Kalshi/Polymarket (curated),,probability-weighted encoding,True,D,,,,unknown,Meeting-level policy odds; divergence from OIS pricing is a cross-market signal.,,monetary,True,,,model_drafted,
foreign_n_articles,foreign_n_articles,raw,,GDELT,,,,D,,,,unknown,,,,False,,,unknown,
foreign_tone,foreign_tone,raw,,GDELT,,,,D,,,,unknown,,,,False,,,unknown,
foreign_tone_CS,foreign_tone,_CS,,GDELT,,,,M,,,,higher_is_better,,,,False,,,unknown,sign-flipped during normalization (raw concept is lower-is-better)
foreign_tone_TS,foreign_tone,_TS,,GDELT,,,,M,,,,higher_is_better,,,,False,,,unknown,sign-flipped during normalization (raw concept is lower-is-better)
foreign_tone_fast_CS,foreign_tone_fast,_CS,,GDELT,,,,M,,,,higher_is_better,,,,False,,,unknown,sign-flipped during normalization (raw concept is lower-is-better)
foreign_tone_fast_TS,foreign_tone_fast,_TS,,GDELT,,,,M,,,,higher_is_better,,,,False,,,unknown,sign-flipped during normalization (raw concept is lower-is-better)
foreign_tone_fast_z_CS,foreign_tone_fast_z,_CS,,GDELT,,,,M,,,,higher_is_better,,,,False,,,unknown,sign-flipped during normalization (raw concept is lower-is-better)
foreign_tone_fast_z_TS,foreign_tone_fast_z,_TS,,GDELT,,,,M,,,,higher_is_better,,,,False,,,unknown,sign-flipped during normalization (raw concept is lower-is-better)
foreign_tone_z,foreign_tone_z,raw,,GDELT,,,,D,,,,unknown,,,,False,,,unknown,
gkg_fetch_share,gkg_fetch_share,raw,,GDELT,,,,D,,,,unknown,,,,False,,,unknown,
hormuz_disruption_prob_90d,hormuz_disruption_prob_90d,raw,Prediction-market implied probability of a Strait of Hormuz shipping disruption within 90 days.,Kalshi/Polymarket (curated),,probability (0-1),True,D,,,,unknown,Chokepoint risk — Hormuz carries ~20% of global oil; disruption odds price the sharpest energy tail.,,commodity,True,,0 to 1,model_drafted,
lf_gap_z_CS,lf_gap_z,_CS,,GDELT,,,,M,,,,higher_is_better,,,,False,,,unknown,sign-flipped during normalization (raw concept is lower-is-better)
lf_gap_z_TS,lf_gap_z,_TS,,GDELT,,,,M,,,,higher_is_better,,,,False,,,unknown,sign-flipped during normalization (raw concept is lower-is-better)
local_attention_share,local_attention_share,raw,,GDELT,,,,D,,,,unknown,,,,False,,,unknown,
local_attention_share_CS,local_attention_share,_CS,,GDELT,,,,M,,,,higher_is_better,,,,False,,,unknown,
local_attention_share_TS,local_attention_share,_TS,,GDELT,,,,M,,,,higher_is_better,,,,False,,,unknown,
local_attention_share_z,local_attention_share_z,raw,,GDELT,,,,D,,,,unknown,,,,False,,,unknown,
local_foreign_gap_CS,local_foreign_gap,_CS,,GDELT,,,,M,,,,higher_is_better,,,,False,,,unknown,sign-flipped during normalization (raw concept is lower-is-better)
local_foreign_gap_TS,local_foreign_gap,_TS,,GDELT,,,,M,,,,higher_is_better,,,,False,,,unknown,sign-flipped during normalization (raw concept is lower-is-better)
local_n_articles,local_n_articles,raw,,GDELT,,,,D,,,,unknown,,,,False,,,unknown,
local_source_total_articles,local_source_total_articles,raw,,GDELT,,,,D,,,,unknown,,,,False,,,unknown,
local_tone,local_tone,raw,,GDELT,,,,D,,,,unknown,,,,False,,,unknown,
local_tone_CS,local_tone,_CS,,GDELT,,,,M,,,,higher_is_better,,,,False,,,unknown,sign-flipped during normalization (raw concept is lower-is-better)
local_tone_TS,local_tone,_TS,,GDELT,,,,M,,,,higher_is_better,,,,False,,,unknown,sign-flipped during normalization (raw concept is lower-is-better)
local_tone_fast_CS,local_tone_fast,_CS,,GDELT,,,,M,,,,higher_is_better,,,,False,,,unknown,sign-flipped during normalization (raw concept is lower-is-better)
local_tone_fast_TS,local_tone_fast,_TS,,GDELT,,,,M,,,,higher_is_better,,,,False,,,unknown,sign-flipped during normalization (raw concept is lower-is-better)
local_tone_fast_z_CS,local_tone_fast_z,_CS,,GDELT,,,,M,,,,higher_is_better,,,,False,,,unknown,sign-flipped during normalization (raw concept is lower-is-better)
local_tone_fast_z_TS,local_tone_fast_z,_TS,,GDELT,,,,M,,,,higher_is_better,,,,False,,,unknown,sign-flipped during normalization (raw concept is lower-is-better)
local_tone_z,local_tone_z,raw,,GDELT,,,,D,,,,unknown,,,,False,,,unknown,
metronome_rank_pct_CS,metronome_rank_pct,_CS,,GDELT,,,,M,,,,higher_is_better,,,,False,,,unknown,sign-flipped during normalization (raw concept is lower-is-better)
metronome_rank_pct_TS,metronome_rank_pct,_TS,,GDELT,,,,M,,,,higher_is_better,,,,False,,,unknown,sign-flipped during normalization (raw concept is lower-is-better)
monthly_defensive_CS,monthly_defensive,_CS,,GDELT,,,,M,,,,higher_is_better,,,,False,,,unknown,
monthly_defensive_TS,monthly_defensive,_TS,,GDELT,,,,M,,,,higher_is_better,,,,False,,,unknown,
monthly_metronome_CS,monthly_metronome,_CS,,GDELT,,,,M,,,,higher_is_better,,,,False,,,unknown,sign-flipped during normalization (raw concept is lower-is-better)
monthly_metronome_TS,monthly_metronome,_TS,,GDELT,,,,M,,,,higher_is_better,,,,False,,,unknown,sign-flipped during normalization (raw concept is lower-is-better)
monthly_risk_CS,monthly_risk,_CS,,GDELT,,,,M,,,,higher_is_better,,,,False,,,unknown,
monthly_risk_TS,monthly_risk,_TS,,GDELT,,,,M,,,,higher_is_better,,,,False,,,unknown,
n_articles,n_articles,raw,,GDELT,,,,D,,,,unknown,,,,False,,,unknown,
n_articles_CS,n_articles,_CS,,GDELT,,,,M,,,,higher_is_better,,,,False,,,unknown,
n_articles_TS,n_articles,_TS,,GDELT,,,,M,,,,higher_is_better,,,,False,,,unknown,
negative_mean,negative_mean,raw,,GDELT,,,,D,,,,unknown,,,,False,,,unknown,
negative_mean_CS,negative_mean,_CS,,GDELT,,,,M,,,,higher_is_better,,,,False,,,unknown,
negative_mean_TS,negative_mean,_TS,,GDELT,,,,M,,,,higher_is_better,,,,False,,,unknown,
oil_shock_prob_30d,oil_shock_prob_30d,raw,Prediction-market implied probability of an oil price shock within 30 days.,Kalshi/Polymarket (curated),,probability (0-1),True,D,,,,unknown,Energy tail-risk odds; rising shock probability is a leading hedge signal for importers vs exporters.,,commodity,True,,0 to 1,model_drafted,
polarity_mean,polarity_mean,raw,,GDELT,,,,D,,,,unknown,,,,False,,,unknown,
polarity_mean_CS,polarity_mean,_CS,,GDELT,,,,M,,,,higher_is_better,,,,False,,,unknown,
polarity_mean_TS,polarity_mean,_TS,,GDELT,,,,M,,,,higher_is_better,,,,False,,,unknown,
positive_mean,positive_mean,raw,,GDELT,,,,D,,,,unknown,,,,False,,,unknown,
positive_mean_CS,positive_mean,_CS,,GDELT,,,,M,,,,higher_is_better,,,,False,,,unknown,
positive_mean_TS,positive_mean,_TS,,GDELT,,,,M,,,,higher_is_better,,,,False,,,unknown,
predmkt_country_opportunity_composite,predmkt_country_opportunity_composite,raw,ASADO composite of prediction-market signals mapped to country upside (>0 = implied upside).,Kalshi/Polymarket (curated),,score (signed),True,D,,,,unknown,"Aggregated real-money odds of country-positive scenarios (deals, easing, resolution events).",,sentiment,False,,,model_drafted,
predmkt_country_risk_composite,predmkt_country_risk_composite,raw,ASADO composite of prediction-market signals mapped to country downside risk (>0 = implied downside risk).,Kalshi/Polymarket (curated),,score (signed),True,D,,,,unknown,"Aggregated real-money odds of country-negative scenarios; a LOOK trigger, never a mechanical trade.",,sentiment,False,,,model_drafted,
recession_prob_12m,recession_prob_12m,raw,Prediction-market implied probability of a US recession within 12 months.,Kalshi/Polymarket (curated),,probability (0-1),True,D,,,,unknown,Crowd-priced macro tail risk; complements yield-curve recession models with real-money odds.,,sentiment,True,,0 to 1,model_drafted,
regional_conflict_premium_eastern_europe,regional_conflict_premium_eastern_europe,raw,Composite prediction-market conflict premium for Eastern Europe.,Kalshi/Polymarket (curated),,score,True,D,,,,unknown,Conflict-escalation pricing for the region; drives European energy and defense repricing.,,sentiment,True,,,model_drafted,
regional_conflict_premium_middle_east,regional_conflict_premium_middle_east,raw,Composite prediction-market conflict premium for the Middle East region.,Kalshi/Polymarket (curated),,score,True,D,,,,unknown,Region-specific geopolitical pricing; feeds oil risk and regional market discounts.,,sentiment,True,,,model_drafted,
regional_conflict_premium_pacific,regional_conflict_premium_pacific,raw,Composite prediction-market conflict premium for the Pacific region (Taiwan-strait centric).,Kalshi/Polymarket (curated),,score,True,D,,,,unknown,The Taiwan-scenario tail — repricing hits Taiwan/China/Korea semis complex first.,,sentiment,True,,,model_drafted,
risk_fast_CS,risk_fast,_CS,,GDELT,,,,M,,,,higher_is_better,,,,False,,,unknown,
risk_fast_TS,risk_fast,_TS,,GDELT,,,,M,,,,higher_is_better,,,,False,,,unknown,
risk_fast_z_CS,risk_fast_z,_CS,,GDELT,,,,M,,,,higher_is_better,,,,False,,,unknown,
risk_fast_z_TS,risk_fast_z,_TS,,GDELT,,,,M,,,,higher_is_better,,,,False,,,unknown,
risk_rank_pct_CS,risk_rank_pct,_CS,,GDELT,,,,M,,,,higher_is_better,,,,False,,,unknown,
risk_rank_pct_TS,risk_rank_pct,_TS,,GDELT,,,,M,,,,higher_is_better,,,,False,,,unknown,
sentiment_fast_CS,sentiment_fast,_CS,,GDELT,,,,M,,,,higher_is_better,,,,False,,,unknown,sign-flipped during normalization (raw concept is lower-is-better)
sentiment_fast_TS,sentiment_fast,_TS,,GDELT,,,,M,,,,higher_is_better,,,,False,,,unknown,sign-flipped during normalization (raw concept is lower-is-better)
sentiment_fast_z_CS,sentiment_fast_z,_CS,,GDELT,,,,M,,,,higher_is_better,,,,False,,,unknown,sign-flipped during normalization (raw concept is lower-is-better)
sentiment_fast_z_TS,sentiment_fast_z,_TS,,GDELT,,,,M,,,,higher_is_better,,,,False,,,unknown,sign-flipped during normalization (raw concept is lower-is-better)
sentiment_slow_CS,sentiment_slow,_CS,,GDELT,,,,M,,,,higher_is_better,,,,False,,,unknown,sign-flipped during normalization (raw concept is lower-is-better)
sentiment_slow_TS,sentiment_slow,_TS,,GDELT,,,,M,,,,higher_is_better,,,,False,,,unknown,sign-flipped during normalization (raw concept is lower-is-better)
sentiment_slow_z_CS,sentiment_slow_z,_CS,,GDELT,,,,M,,,,higher_is_better,,,,False,,,unknown,sign-flipped during normalization (raw concept is lower-is-better)
sentiment_slow_z_TS,sentiment_slow_z,_TS,,GDELT,,,,M,,,,higher_is_better,,,,False,,,unknown,sign-flipped during normalization (raw concept is lower-is-better)
sentiment_trend_CS,sentiment_trend,_CS,,GDELT,,,,M,,,,higher_is_better,,,,False,,,unknown,sign-flipped during normalization (raw concept is lower-is-better)
sentiment_trend_TS,sentiment_trend,_TS,,GDELT,,,,M,,,,higher_is_better,,,,False,,,unknown,sign-flipped during normalization (raw concept is lower-is-better)
sentiment_trend_z_CS,sentiment_trend_z,_CS,,GDELT,,,,M,,,,higher_is_better,,,,False,,,unknown,sign-flipped during normalization (raw concept is lower-is-better)
sentiment_trend_z_TS,sentiment_trend_z,_TS,,GDELT,,,,M,,,,higher_is_better,,,,False,,,unknown,sign-flipped during normalization (raw concept is lower-is-better)
sentiment_x_attention_CS,sentiment_x_attention,_CS,,GDELT,,,,M,,,,higher_is_better,,,,False,,,unknown,sign-flipped during normalization (raw concept is lower-is-better)
sentiment_x_attention_TS,sentiment_x_attention,_TS,,GDELT,,,,M,,,,higher_is_better,,,,False,,,unknown,sign-flipped during normalization (raw concept is lower-is-better)
sentiment_x_attention_raw,sentiment_x_attention_raw,raw,,GDELT,,,,D,,,,unknown,,,,False,,,unknown,
source_resolution_rate,source_resolution_rate,raw,,GDELT,,,,D,,,,unknown,,,,False,,,unknown,
tariff_intensity_by_country,tariff_intensity_by_country,raw,Prediction-market implied tariff/trade-restriction intensity mapped to countries.,Kalshi/Polymarket (curated),,score,True,D,,,,unknown,Trade-war exposure pricing; tariff odds hit export-dependent markets ahead of implementation.,,external,False,,,model_drafted,
tone_dispersion,tone_dispersion,raw,,GDELT,,,,D,,,,unknown,,,,False,,,unknown,
tone_dispersion_CS,tone_dispersion,_CS,,GDELT,,,,M,,,,higher_is_better,,,,False,,,unknown,sign-flipped during normalization (raw concept is lower-is-better)
tone_dispersion_TS,tone_dispersion,_TS,,GDELT,,,,M,,,,higher_is_better,,,,False,,,unknown,sign-flipped during normalization (raw concept is lower-is-better)
tone_dispersion_z,tone_dispersion_z,raw,,GDELT,,,,D,,,,unknown,,,,False,,,unknown,
tone_mean,tone_mean,raw,,GDELT,,,,D,,,,unknown,,,,False,,,unknown,
tone_mean_CS,tone_mean,_CS,,GDELT,,,,M,,,,higher_is_better,,,,False,,,unknown,sign-flipped during normalization (raw concept is lower-is-better)
tone_mean_TS,tone_mean,_TS,,GDELT,,,,M,,,,higher_is_better,,,,False,,,unknown,sign-flipped during normalization (raw concept is lower-is-better)
tone_p10,tone_p10,raw,,GDELT,,,,D,,,,unknown,,,,False,,,unknown,
tone_p50,tone_p50,raw,,GDELT,,,,D,,,,unknown,,,,False,,,unknown,
tone_p50_CS,tone_p50,_CS,,GDELT,,,,M,,,,higher_is_better,,,,False,,,unknown,
tone_p50_TS,tone_p50,_TS,,GDELT,,,,M,,,,higher_is_better,,,,False,,,unknown,
tone_p90,tone_p90,raw,,GDELT,,,,D,,,,unknown,,,,False,,,unknown,
tone_wavg_wordcount,tone_wavg_wordcount,raw,,GDELT,,,,D,,,,unknown,,,,False,,,unknown,
tone_wavg_wordcount_CS,tone_wavg_wordcount,_CS,,GDELT,,,,M,,,,higher_is_better,,,,False,,,unknown,sign-flipped during normalization (raw concept is lower-is-better)
tone_wavg_wordcount_TS,tone_wavg_wordcount,_TS,,GDELT,,,,M,,,,higher_is_better,,,,False,,,unknown,sign-flipped during normalization (raw concept is lower-is-better)
total_theme_mentions,total_theme_mentions,raw,,GDELT,,,,D,,,,unknown,,,,False,,,unknown,
total_word_count,total_word_count,raw,,GDELT,,,,D,,,,unknown,,,,False,,,unknown,
unemployment_nowcast_next,unemployment_nowcast_next,raw,Prediction-market implied nowcast of the next US unemployment rate print.,Kalshi/Polymarket (curated),,percent,True,D,,,,unknown,Labor data nowcast; payroll surprises drive rate repricing.,,growth,True,,,model_drafted,
unknown_source_n_articles,unknown_source_n_articles,raw,,GDELT,,,,D,,,,unknown,,,,False,,,unknown,
BBG_Rating_Fitch_LC,BBG_Rating_Fitch_LC,raw,,Bloomberg,,,,M,,,,unknown,,,,False,,,unknown,
BBG_Rating_Fitch_LC_CS,BBG_Rating_Fitch_LC,_CS,,Bloomberg,,,,M,,,,unknown,,,,False,,,unknown,
BBG_Rating_SP_FC,BBG_Rating_SP_FC,raw,,Bloomberg,,,,M,,,,unknown,,,,False,,,unknown,
BBG_Rating_SP_FC_CS,BBG_Rating_SP_FC,_CS,,Bloomberg,,,,M,,,,unknown,,,,False,,,unknown,
BBG_Rating_SP_LC,BBG_Rating_SP_LC,raw,,Bloomberg,,,,M,,,,unknown,,,,False,,,unknown,
BBG_Rating_SP_LC_CS,BBG_Rating_SP_LC,_CS,,Bloomberg,,,,M,,,,unknown,,,,False,,,unknown,
