date,country,return_1m
2000-02-01,Australia,-0.01597609358027596
2000-02-01,Brazil,0.04147067111153868
2000-02-01,Canada,0.05969295568528143
2000-02-01,Chile,-0.03002674966074914
2000-02-01,ChinaA,-0.1835782087027349
2000-02-01,ChinaH,-0.183415517133762
2000-02-01,Denmark,0.03580359564970781
2000-02-01,France,0.08901297882097081
2000-02-01,Germany,0.1037025829408598
2000-02-01,Hong Kong,0.05661584499038264
2000-02-01,India,0.1837581171877933
2000-02-01,Indonesia,-0.09229390681003591
2000-02-01,Italy,0.1213607834674773
2000-02-01,Japan,-0.02631219314932653
2000-02-01,Korea,-0.1431372549019607
2000-02-01,Malaysia,0.07420588127014383
2000-02-01,Mexico,0.1367586104070373
2000-02-01,NASDAQ,0.1919474158386945
2000-02-01,Netherlands,0.0626342904279018
2000-02-01,Philippines,-0.1574300126747025
2000-02-01,Poland,0.1538177540704853
2000-02-01,Singapore,-0.08994362342605045
2000-02-01,South Africa,-0.02441636926978397
2000-02-01,Spain,0.09890268849499284
2000-02-01,Sweden,0.2281237176294002
2000-02-01,Switzerland,-0.02300652817017879
2000-02-01,Taiwan,-0.04269779087686287
2000-02-01,Thailand,-0.2269952563642205
2000-02-01,Turkey,-0.04842054529464579
2000-02-01,U.K.,-0.0251382995083147
2000-02-01,U.S.,-0.01893794413239835
2000-02-01,US SmallCap,0.1651223311974668
2000-03-01,Australia,-0.004523340674084109
2000-03-01,Brazil,0.03848230237117689
2000-03-01,Canada,0.09013420669230765
2000-03-01,Chile,-0.002651746400497035
2000-03-01,ChinaA,0.02096619469705674
2000-03-01,ChinaH,0.02134148671889946
2000-03-01,Denmark,0.09228643263937841
2000-03-01,France,0.0103404135187446
2000-03-01,Germany,-0.01682026934976533
2000-03-01,Hong Kong,0.02797010737216454
2000-03-01,India,-0.1001854993420322
2000-03-01,Indonesia,-0.007897334649555776
2000-03-01,Italy,-0.06394085987385023
2000-03-01,Japan,0.08204847533940574
2000-03-01,Korea,0.118421052631579
2000-03-01,Malaysia,-0.00861471803025704
2000-03-01,Mexico,0.02503441654512462
2000-03-01,NASDAQ,-0.02637176394439478
2000-03-01,Netherlands,0.02818505718542208
2000-03-01,Philippines,-0.01026754164563348
2000-03-01,Poland,-0.003675464902780035
2000-03-01,Singapore,-0.000218852986704321
2000-03-01,South Africa,-0.04606926767656916
2000-03-01,Spain,-0.002658204903452144
2000-03-01,Sweden,-0.04955200803114179
2000-03-01,Switzerland,0.08028504413849569
2000-03-01,Taiwan,0.03884138679387727
2000-03-01,Thailand,0.1051782308933549
2000-03-01,Turkey,-0.06158985890149959
2000-03-01,U.K.,0.08140498915595495
2000-03-01,U.S.,0.09783070868931287
2000-03-01,US SmallCap,-0.0659324784066252
2000-04-01,Australia,-0.02528735814006955
2000-04-01,Brazil,-0.1329256377726084
2000-04-01,Canada,-0.03713341912422041
2000-04-01,Chile,-0.07089763814929972
2000-04-01,ChinaA,0.08893766395814717
2000-04-01,ChinaH,0.089225173443499
2000-04-01,Denmark,-0.09121666100223347
2000-04-01,France,-0.03339227439025472
2000-04-01,Germany,-0.08692064329378646
2000-04-01,Hong Kong,-0.09258064823931944
2000-04-01,India,-0.1564823624766536
2000-04-01,Indonesia,-0.128358208955224
2000-04-01,Italy,-0.06545838673414484
2000-04-01,Japan,-0.07556926055667568
2000-04-01,Korea,-0.1150895140664963
2000-04-01,Malaysia,-0.07722775803694137
2000-04-01,Mexico,-0.1086222169355961
2000-04-01,NASDAQ,-0.1557394436268131
2000-04-01,Netherlands,-0.03440077523637863
2000-04-01,Philippines,-0.07303663052237508
2000-04-01,Poland,-0.1550403107847401
2000-04-01,Singapore,0.06239061612878838
2000-04-01,South Africa,-0.09092132732666758
2000-04-01,Spain,-0.07277819258377438
2000-04-01,Sweden,-0.009161214642577797
2000-04-01,Switzerland,-0.03383802066113928
2000-04-01,Taiwan,-0.1143572625147813
2000-04-01,Thailand,-0.05930891071586597
2000-04-01,Turkey,0.2475419160978014
2000-04-01,U.K.,-0.04098980920135842
2000-04-01,U.S.,-0.03009171252470344
2000-04-01,US SmallCap,-0.06013350106582083
2000-05-01,Australia,-0.03694043445555928
2000-05-01,Brazil,-0.01583302438276368
2000-05-01,Canada,-0.01858514295277525
2000-05-01,Chile,0.02255851379614771
2000-05-01,ChinaA,0.01133092656123802
2000-05-01,ChinaH,0.0115570396938276
2000-05-01,Denmark,0.06719027262819588
2000-05-01,France,0.02671621322368534
2000-05-01,Germany,-0.0312754971392708
2000-05-01,Hong Kong,-0.1101741382896255
2000-05-01,India,-0.1185219225868444
2000-05-01,Indonesia,-0.2636986301369862
2000-05-01,Italy,0.04419731891238143
2000-05-01,Japan,-0.05130457781164988
2000-05-01,Korea,-0.01502890173410398
2000-05-01,Malaysia,0.03218632467183058
2000-05-01,Mexico,-0.1015795380388831
2000-05-01,NASDAQ,-0.1190858557863164
2000-05-01,Netherlands,0.02631677760470308
2000-05-01,Philippines,-0.09557294245815595
2000-05-01,Poland,-0.001985870196329897
2000-05-01,Singapore,-0.1843614159843496
2000-05-01,South Africa,-0.02863652433515329
2000-05-01,Spain,-0.03048446707190977
2000-05-01,Sweden,-0.04441295468654505
2000-05-01,Switzerland,0.05522909711515922
2000-05-01,Taiwan,0.02068594695801207
2000-05-01,Thailand,-0.209651247560144
2000-05-01,Turkey,-0.1306325168589639
2000-05-01,U.K.,-0.031569802763039
2000-05-01,U.S.,-0.02052267615735504
2000-05-01,US SmallCap,-0.0582886157139425
2000-06-01,Australia,0.1414775671496962
2000-06-01,Brazil,0.1215667064378547
2000-06-01,Canada,0.1267043428195276
2000-06-01,Chile,-0.03753763320847969
2000-06-01,ChinaA,0.1318130782435387
2000-06-01,ChinaH,0.1322977020941305
2000-06-01,Denmark,-0.001976424677470612
2000-06-01,France,0.03773363841997845
2000-06-01,Germany,-0.003690677675771026
2000-06-01,Hong Kong,0.08016879315191683
2000-06-01,India,0.1009502594848219
2000-06-01,Indonesia,0.1147286821705427
2000-06-01,Italy,0.0682045918116927
2000-06-01,Japan,0.0683085349588406
2000-06-01,Korea,0.1396713615023475
2000-06-01,Malaysia,-0.104270349518215
2000-06-01,Mexico,0.1235608178277621
2000-06-01,NASDAQ,0.1661908136351742
2000-06-01,Netherlands,0.05431163662162208
2000-06-01,Philippines,0.009174088674745784
2000-06-01,Poland,0.01339262651661954
2000-06-01,Singapore,0.1410970874935136
2000-06-01,South Africa,0.06403516412413213
2000-06-01,Spain,0.02682171094337926
2000-06-01,Sweden,-0.0168169440383239
2000-06-01,Switzerland,0.03843441071177955
2000-06-01,Taiwan,-0.07455863640785998
2000-06-01,Thailand,0.04112116162818391
2000-06-01,Turkey,-0.1197464212451934
2000-06-01,U.K.,0.01042109740535935
2000-06-01,U.S.,0.0246525862915461
2000-06-01,US SmallCap,0.08674341868332958
2000-07-01,Australia,-0.05774819843670964
2000-07-01,Brazil,-0.01078496723246625
2000-07-01,Canada,0.02998781780183601
2000-07-01,Chile,-0.04375546406428488
2000-07-01,ChinaA,-0.01896907838200468
2000-07-01,ChinaH,-0.01856650949621474
2000-07-01,Denmark,0.02034440030180029
2000-07-01,France,-0.01670876356470197
2000-07-01,Germany,-0.004593403136839869
2000-07-01,Hong Kong,0.06550143922966734
2000-07-01,India,-0.108633418713274
2000-07-01,Indonesia,-0.05980528511821992
2000-07-01,Italy,-0.042330601119839
2000-07-01,Japan,-0.1155576291857223
2000-07-01,Korea,-0.1611740473738416
2000-07-01,Malaysia,-0.0453428092208179
2000-07-01,Mexico,-0.02285866863741737
2000-07-01,NASDAQ,-0.05020536495457772
2000-07-01,Netherlands,-0.0445418287113617
2000-07-01,Philippines,-0.1429553181741458
2000-07-01,Poland,-0.04272215395576917
2000-07-01,Singapore,0.000746290061751198
2000-07-01,South Africa,-0.01716128390961535
2000-07-01,Spain,-0.02539539110411726
2000-07-01,Sweden,-0.03607208638141068
2000-07-01,Switzerland,0.002616243149696551
2000-07-01,Taiwan,-0.02591065862846398
2000-07-01,Thailand,-0.223492426407545
2000-07-01,Turkey,-0.0680671504964423
2000-07-01,U.K.,0.006871040070983936
2000-07-01,U.S.,-0.01557315206465204
2000-07-01,US SmallCap,-0.03217366046179948
2000-08-01,Australia,0.006253745549406053
2000-08-01,Brazil,0.02459619568834781
2000-08-01,Canada,0.0883276620109088
2000-08-01,Chile,0.01663808881133222
2000-08-01,ChinaA,-0.04074331343705628
2000-08-01,ChinaH,-0.04063495168181508
2000-08-01,Denmark,0.05744649952084502
2000-08-01,France,-0.02498086652630305
2000-08-01,Germany,-0.0468813455101692
2000-08-01,Hong Kong,0.0110843425356153
2000-08-01,India,0.04419008982903505
2000-08-01,Indonesia,0.01183431952662728
2000-08-01,Italy,-0.01428667199478406
2000-08-01,Japan,0.06428233051869592
2000-08-01,Korea,-0.03007980356046647
2000-08-01,Malaysia,-0.008352519003459902
2000-08-01,Mexico,0.03982392739886809
2000-08-01,NASDAQ,0.116634235822235
2000-08-01,Netherlands,-0.002262521818112817
2000-08-01,Philippines,0.08162059506224928
2000-08-01,Poland,-0.04897538242812138
2000-08-01,Singapore,0.03625217634566069
2000-08-01,South Africa,0.1038613357764762
2000-08-01,Spain,-0.02056771064078178
2000-08-01,Sweden,-0.01274242880608678
2000-08-01,Switzerland,-0.02324782862997721
2000-08-01,Taiwan,-0.06381951492186477
2000-08-01,Thailand,0.1397497239602501
2000-08-01,Turkey,-0.09017648516305676
2000-08-01,U.K.,0.02019556157295477
2000-08-01,U.S.,0.0621148822309654
2000-08-01,US SmallCap,0.07608904503860714
2000-09-01,Australia,-0.02998369791155764
2000-09-01,Brazil,-0.06448551139922609
2000-09-01,Canada,-0.1008026077174252
2000-09-01,Chile,-0.02164545493739622
2000-09-01,ChinaA,-0.1242494344725055
2000-09-01,ChinaH,-0.124522952438597
2000-09-01,Denmark,-0.01948685688571783
2000-09-01,France,-0.06428920173042141
2000-09-01,Germany,-0.05319671490152089
2000-09-01,Hong Kong,-0.08263439059011735
2000-09-01,India,-0.1076730956014986
2000-09-01,Indonesia,-0.1374269005847955
2000-09-01,Italy,-0.05938074609274036
2000-09-01,Japan,-0.05010871172127307
2000-09-01,Korea,-0.1259493670886076
2000-09-01,Malaysia,-0.1191030822468599
2000-09-01,Mexico,-0.07098060542584073
2000-09-01,NASDAQ,-0.1268391836152484
2000-09-01,Netherlands,-0.03968235164466871
2000-09-01,Philippines,-0.0773993002718274
2000-09-01,Poland,-0.1181598611584519
2000-09-01,Singapore,-0.08331025197827657
2000-09-01,South Africa,-0.05571080181624655
2000-09-01,Spain,0.009101262742050142
2000-09-01,Sweden,-0.1312060504592457
2000-09-01,Switzerland,-0.05583900495328475
2000-09-01,Taiwan,-0.1607843200573515
2000-09-01,Thailand,-0.1951109245325668
2000-09-01,Turkey,-0.1609110125798482
2000-09-01,U.K.,-0.0257097056506923
2000-09-01,U.S.,-0.05279579767416076
2000-09-01,US SmallCap,-0.02940993638158429
2000-10-01,Australia,-0.06369530694883196
2000-10-01,Brazil,-0.07831629070027146
2000-10-01,Canada,-0.08777022730203676
2000-10-01,Chile,-0.03980161866092602
2000-10-01,ChinaA,-0.0470071710815162
2000-10-01,ChinaH,-0.04671040422675121
2000-10-01,Denmark,-0.04631985138616623
2000-10-01,France,-0.02450067469671802
2000-10-01,Germany,0.006307132467325394
2000-10-01,Hong Kong,-0.06650594653488595
2000-10-01,India,-0.08287980096408021
2000-10-01,Indonesia,-0.1169491525423728
2000-10-01,Italy,0.02246103810793931
2000-10-01,Japan,-0.05844864436376562
2000-10-01,Korea,-0.1889934829833454
2000-10-01,Malaysia,0.06726023605352438
2000-10-01,Mexico,0.02159242865708699
2000-10-01,NASDAQ,-0.0825496484989735
2000-10-01,Netherlands,-0.009295268736713047
2000-10-01,Philippines,-0.1780901093943836
2000-10-01,Poland,-0.1089716256680661
2000-10-01,Singapore,-0.002643408187638419
2000-10-01,South Africa,-0.08156760011528985
2000-10-01,Spain,-0.0738392969929681
2000-10-01,Sweden,-0.06803569669682807
2000-10-01,Switzerland,0.008349970704197407
2000-10-01,Taiwan,-0.1296620164345399
2000-10-01,Thailand,-0.0313340020060181
2000-10-01,Turkey,0.1707489122439569
2000-10-01,U.K.,0.007486610183707443
2000-10-01,U.S.,-0.004233052330749776
2000-10-01,US SmallCap,-0.04464639511527535
2000-11-01,Australia,0.02601588291195478
2000-11-01,Brazil,-0.1124781901542435
2000-11-01,Canada,-0.08917906254175834
2000-11-01,Chile,-0.003622876992460555
2000-11-01,ChinaA,-0.1332580853220308
2000-11-01,ChinaH,-0.13321424209112
2000-11-01,Denmark,-0.05006304390574479
2000-11-01,France,-0.04709619281264221
2000-11-01,Germany,-0.07440425425384223
2000-11-01,Hong Kong,-0.03352467146766092
2000-11-01,India,0.0681021815304621
2000-11-01,Indonesia,0.02879078694817672
2000-11-01,Italy,0.01820208770640952
2000-11-01,Japan,-0.04202938950439872
2000-11-01,Korea,-0.06607142857142856
2000-11-01,Malaysia,-0.02318965743209955
2000-11-01,Mexico,-0.1020190110484273
2000-11-01,NASDAQ,-0.2290162421393448
2000-11-01,Netherlands,-0.009441781785543113
2000-11-01,Philippines,0.1164777112670017
2000-11-01,Poland,0.1001473333736609
2000-11-01,Singapore,-0.0174445012247213
2000-11-01,South Africa,-0.07061627278320137
2000-11-01,Spain,-0.07354598264076317
2000-11-01,Sweden,-0.09906920435176503
2000-11-01,Switzerland,0.04107817662839475
2000-11-01,Taiwan,-0.07708757952631273
2000-11-01,Thailand,0.03893306825712384
2000-11-01,Turkey,-0.3381726671329224
2000-11-01,U.K.,-0.05679338047927385
2000-11-01,U.S.,-0.07883501358043699
2000-11-01,US SmallCap,-0.1026561055575128
2000-12-01,Australia,0.03601283684321044
2000-12-01,Brazil,0.1374040452405136
2000-12-01,Canada,0.02218081894447299
2000-12-01,Chile,0.004233866045575851
2000-12-01,ChinaA,0.008198899726260311
2000-12-01,ChinaH,0.008190801641683176
2000-12-01,Denmark,0.03618871416225589
2000-12-01,France,0.07803218744360141
2000-12-01,Germany,0.08383659317734393
2000-12-01,Hong Kong,0.09927880888789464
2000-12-01,India,-0.004973808137996638
2000-12-01,Indonesia,-0.09514925373134331
2000-12-01,Italy,0.0204305404747811
2000-12-01,Japan,-0.06130380759989829
2000-12-01,Korea,-0.0372848948374761
2000-12-01,Malaysia,-0.0705962939946897
2000-12-01,Mexico,-0.02360062760358761
2000-12-01,NASDAQ,-0.04904289184081168
2000-12-01,Netherlands,0.04979941411660738
2000-12-01,Philippines,0.09404860663041137
2000-12-01,Poland,0.2031204159851647
2000-12-01,Singapore,0.008031844055829795
2000-12-01,South Africa,0.1177623022891168
2000-12-01,Spain,0.08321489491489209
2000-12-01,Sweden,0.03015656798398214
2000-12-01,Switzerland,0.09147492112892186
2000-12-01,Taiwan,-0.08124088909498617
2000-12-01,Thailand,-0.04775952798596717
2000-12-01,Turkey,0.1025646861734528
2000-12-01,U.K.,0.07244132931662439
2000-12-01,U.S.,0.004887313541095395
2000-12-01,US SmallCap,0.08586220901155284
2001-01-01,Australia,0.036263320066243
2001-01-01,Brazil,0.1244308561816863
2001-01-01,Canada,0.04896399962407405
2001-01-01,Chile,0.08636779354698176
2001-01-01,ChinaA,0.1449565710218661
2001-01-01,ChinaH,0.144904430777832
2001-01-01,Denmark,0.1173215691064053
2001-01-01,France,0.001951641714207586
2001-01-01,Germany,0.03731235798598398
2001-01-01,Hong Kong,0.02917253333874248
2001-01-01,India,0.08782238766285566
2001-01-01,Indonesia,0.1030927835051545
2001-01-01,Italy,0.01746139109712619
2001-01-01,Japan,-0.0119490832946807
2001-01-01,Korea,0.2989076464746774
2001-01-01,Malaysia,0.08067562741716139
2001-01-01,Mexico,0.1508130572757964
2001-01-01,NASDAQ,0.1223264737787997
2001-01-01,Netherlands,-0.006755601759311003
2001-01-01,Philippines,0.1872191642327568
2001-01-01,Poland,-0.01017050487849924
2001-01-01,Singapore,0.004140946181179217
2001-01-01,South Africa,0.05996081774268314
2001-01-01,Spain,0.09227230981984458
2001-01-01,Sweden,0.07776207448619066
2001-01-01,Switzerland,-0.02117531269125883
2001-01-01,Taiwan,0.2922967667996432
2001-01-01,Thailand,0.3088838650255381
2001-01-01,Turkey,0.1484629431873707
2001-01-01,U.K.,-0.01601434335235896
2001-01-01,U.S.,0.03547869674335602
2001-01-01,US SmallCap,0.05203340368654064
2001-02-01,Australia,-0.03935005230677679
2001-02-01,Brazil,-0.1032397823016787
2001-02-01,Canada,-0.1593065266197279
2001-02-01,Chile,-0.07626165608622848
2001-02-01,ChinaA,-0.09122164792196685
2001-02-01,ChinaH,-0.09115325481937586
2001-02-01,Denmark,-0.09043485877682733
2001-02-01,France,-0.1120432120171981
2001-02-01,Germany,-0.08230856181558854
2001-02-01,Hong Kong,-0.02283258685717382
2001-02-01,India,-0.0361743211204264
2001-02-01,Indonesia,-0.01121495327102795
2001-02-01,Italy,-0.100436033039351
2001-02-01,Japan,-0.04506995255063906
2001-02-01,Korea,-0.07415902140672781
2001-02-01,Malaysia,-0.02300799838007495
2001-02-01,Mexico,-0.06833403925262005
2001-02-01,NASDAQ,-0.2239309272810551
2001-02-01,Netherlands,-0.0649661151125891
2001-02-01,Philippines,-0.05105914913245591
2001-02-01,Poland,-0.1194239089426493
2001-02-01,Singapore,-0.02391578663556115
2001-02-01,South Africa,0.01149042558594959
2001-02-01,Spain,-0.05664840487109535
2001-02-01,Sweden,-0.1627382453487662
2001-02-01,Switzerland,-0.06604149358919276
2001-02-01,Taiwan,-0.0724849241912563
2001-02-01,Thailand,-0.03761514841351077
2001-02-01,Turkey,-0.4110264148837585
2001-02-01,U.K.,-0.06171458463507673
2001-02-01,U.S.,-0.0911894547082206
2001-02-01,US SmallCap,-0.06563155624218775
2001-03-01,Australia,-0.1048586976274228
2001-03-01,Brazil,-0.1127049945302069
2001-03-01,Canada,-0.09133172985461435
2001-03-01,Chile,-0.0270703365554118
2001-03-01,ChinaA,-0.1625653411250073
2001-03-01,ChinaH,-0.1626270852048056
2001-03-01,Denmark,-0.09974363377436701
2001-03-01,France,-0.0696106728927588
2001-03-01,Germany,-0.1050173603656732
2001-03-01,Hong Kong,-0.105103566801123
2001-03-01,India,-0.1760200847006314
2001-03-01,Indonesia,-0.1871455576559548
2001-03-01,Italy,-0.0629792998130978
2001-03-01,Japan,-0.03278634943347525
2001-03-01,Korea,-0.1461601981833195
2001-03-01,Malaysia,-0.08675814859912889
2001-03-01,Mexico,-0.03219086627489876
2001-03-01,NASDAQ,-0.1447930366246404
2001-03-01,Netherlands,-0.09104021329217027
2001-03-01,Philippines,-0.1239779639046763
2001-03-01,Poland,-0.06917102650956863
2001-03-01,Singapore,-0.1680864312409069
2001-03-01,South Africa,-0.1426152309640846
2001-03-01,Spain,-0.05571746317703119
2001-03-01,Sweden,-0.2242787478494195
2001-03-01,Switzerland,-0.09986387610182523
2001-03-01,Taiwan,-0.01539919141194934
2001-03-01,Thailand,-0.1673424621111406
2001-03-01,Turkey,-0.1748677754274761
2001-03-01,U.K.,-0.03876992595124118
2001-03-01,U.S.,-0.06334972968340902
2001-03-01,US SmallCap,-0.04892011292659793
2001-04-01,Australia,0.1163080000832555
2001-04-01,Brazil,0.04014373954283035
2001-04-01,Canada,0.07133134667217433
2001-04-01,Chile,0.05407372264882038
2001-04-01,ChinaA,0.1004522696676802
2001-04-01,ChinaH,0.1004291070963084
2001-04-01,Denmark,0.01930130365367222
2001-04-01,France,0.08989375359928986
2001-04-01,Germany,0.06577911485403254
2001-04-01,Hong Kong,-7.751499795960459e-05
2001-04-01,India,-0.02123599655299768
2001-04-01,Indonesia,-0.1627906976744186
2001-04-01,Italy,0.05128833547554512
2001-04-01,Japan,0.06774505502508066
2001-04-01,Korea,0.1382978723404256
2001-04-01,Malaysia,-0.1019158271657862
2001-04-01,Mexico,0.09586287597575316
2001-04-01,NASDAQ,0.149967939312923
2001-04-01,Netherlands,0.06769043917531992
2001-04-01,Philippines,-0.03712029593796695
2001-04-01,Poland,0.04961501170764104
2001-04-01,Singapore,0.00961911166857421
2001-04-01,South Africa,0.1169936192989363
2001-04-01,Spain,0.04771311015015689
2001-04-01,Sweden,0.1407354515740091
2001-04-01,Switzerland,0.02119794376244921
2001-04-01,Taiwan,-0.0706037141991197
2001-04-01,Thailand,0.03021594220253054
2001-04-01,Turkey,0.4351235154695197
2001-04-01,U.K.,0.06486291993979387
2001-04-01,U.S.,0.07770183112115103
2001-04-01,US SmallCap,0.07820507557102996
2001-05-01,Australia,0.004369742176834723
2001-05-01,Brazil,-0.05382064431935651
2001-05-01,Canada,0.01862195769227837
2001-05-01,Chile,0.08339430547974502
2001-05-01,ChinaA,0.02034308335166046
2001-05-01,ChinaH,0.0204037937663426
2001-05-01,Denmark,-0.001659547834612196
2001-05-01,France,-0.06973851266656061
2001-05-01,Germany,-0.0686635993032556
2001-05-01,Hong Kong,-0.01043802469795418
2001-05-01,India,0.04116093327463677
2001-05-01,Indonesia,0.2305555555555556
2001-05-01,Italy,-0.08953452830789133
2001-05-01,Japan,-0.002425390255313409
2001-05-01,Korea,0.07816482582837736
2001-05-01,Malaysia,-0.02261870917699427
2001-05-01,Mexico,0.08331460774537658
2001-05-01,NASDAQ,-0.002717083128567666
2001-05-01,Netherlands,-0.0461640592455167
2001-05-01,Philippines,0.02006619776582541
2001-05-01,Poland,0.02047385511601951
2001-05-01,Singapore,-0.03637438246535185
2001-05-01,South Africa,0.06166524415288577
2001-05-01,Spain,-0.06750466557627421
2001-05-01,Sweden,-0.05517866601625065
2001-05-01,Switzerland,-0.01329983918163113
2001-05-01,Taiwan,-0.06962582524567229
2001-05-01,Thailand,0.008872530027121295
2001-05-01,Turkey,-0.1210161941505814
2001-05-01,U.K.,-0.03060184070461947
2001-05-01,U.S.,0.006698903421685554
2001-05-01,US SmallCap,0.02457249680499207
2001-06-01,Australia,0.04222207693779145
2001-06-01,Brazil,-0.0186618881819185
2001-06-01,Canada,-0.03796237091956933
2001-06-01,Chile,-0.0659233986957366
2001-06-01,ChinaA,0.03244782124510537
2001-06-01,ChinaH,0.0324825778916682
2001-06-01,Denmark,-0.01731648440561651
2001-06-01,France,-0.04070063202114294
2001-06-01,Germany,-0.007604341143282345
2001-06-01,Hong Kong,-0.05340626948298743
2001-06-01,India,-0.05279212346350159
2001-06-01,Indonesia,0.05643340857787815
2001-06-01,Italy,-0.04623980972462582
2001-06-01,Japan,-0.05968912161893591
2001-06-01,Korea,-0.05594956658786454
2001-06-01,Malaysia,0.03805375357528251
2001-06-01,Mexico,0.01566291775235551
2001-06-01,NASDAQ,0.02404654843188081
2001-06-01,Netherlands,-0.02367015852147802
2001-06-01,Philippines,-0.008807254396384412
2001-06-01,Poland,-0.1355838733114016
2001-06-01,Singapore,0.01689131905290608
2001-06-01,South Africa,-0.03538953734037942
2001-06-01,Spain,-0.07134325260851515
2001-06-01,Sweden,-0.05559806767745412
2001-06-01,Switzerland,-0.040000356565428
2001-06-01,Taiwan,-0.03533198783946034
2001-06-01,Thailand,0.02300395560505408
2001-06-01,Turkey,-0.05868671283934002
2001-06-01,U.K.,-0.03234827100378634
2001-06-01,U.S.,-0.02434530213271069
2001-06-01,US SmallCap,0.03452478238540468
2001-07-01,Australia,-0.05312330591825043
2001-07-01,Brazil,-0.07259130118107227
2001-07-01,Canada,-0.004512082050181165
2001-07-01,Chile,-0.04528314453814652
2001-07-01,ChinaA,-0.1354589817416341
2001-07-01,ChinaH,-0.1354849031231489
2001-07-01,Denmark,0.03431812075613139
2001-07-01,France,0.004544704000005062
2001-07-01,Germany,0.003828944491196751
2001-07-01,Hong Kong,-0.00206654422647834
2001-07-01,India,-0.03178905079233485
2001-07-01,Indonesia,0.2158119658119657
2001-07-01,Italy,0.02138922885139638
2001-07-01,Japan,-0.07453255130803149
2001-07-01,Korea,-0.07345575959933226
2001-07-01,Malaysia,0.1283488687054932
2001-07-01,Mexico,-0.03320033504362885
2001-07-01,NASDAQ,-0.06205234032314766
2001-07-01,Netherlands,-0.008630874004849964
2001-07-01,Philippines,-0.04074474614912471
2001-07-01,Poland,-0.1163399569794973
2001-07-01,Singapore,-0.01100153660293413
2001-07-01,South Africa,-0.1183923085675276
2001-07-01,Spain,-0.008489748510120299
2001-07-01,Sweden,0.00880282382121722
2001-07-01,Switzerland,-0.00958288515023309
2001-07-01,Taiwan,-0.1096403601694916
2001-07-01,Thailand,-0.1027479540506046
2001-07-01,Turkey,-0.1531997026584454
2001-07-01,U.K.,0.001595309570537884
2001-07-01,U.S.,-0.00985392933718432
2001-07-01,US SmallCap,-0.05391636165258873
2001-08-01,Australia,0.0129435942063123
2001-08-01,Brazil,-0.08649731388278792
2001-08-01,Canada,-0.05423561596726267
2001-08-01,Chile,0.0364681821508519
2001-08-01,ChinaA,-0.216710182767624
2001-08-01,ChinaH,-0.2167060953590846
2001-08-01,Denmark,-0.05473645597352994
2001-08-01,France,-0.03419015097440692
2001-08-01,Germany,-0.07126759398897642
2001-08-01,Hong Kong,-0.06848951714888496
2001-08-01,India,-0.01521438450899026
2001-08-01,Indonesia,0.04745166959578206
2001-08-01,Italy,-0.01025648585397654
2001-08-01,Japan,-0.02505875189717255
2001-08-01,Korea,0.03243243243243232
2001-08-01,Malaysia,0.05153545582335761
2001-08-01,Mexico,-0.02594852875947151
2001-08-01,NASDAQ,-0.1093664441846355
2001-08-01,Netherlands,-0.01079692236713437
2001-08-01,Philippines,-0.04901124348700447
2001-08-01,Poland,-0.04502934317962648
2001-08-01,Singapore,0.01358189832745804
2001-08-01,South Africa,0.04546070504423461
2001-08-01,Spain,0.01728507249804601
2001-08-01,Sweden,-0.05649014327010238
2001-08-01,Switzerland,-0.003532933828579665
2001-08-01,Taiwan,0.0357275643828463
2001-08-01,Thailand,0.1979833479770723
2001-08-01,Turkey,-0.03992423839138648
2001-08-01,U.K.,-0.002571106735724582
2001-08-01,U.S.,-0.06259902979673815
2001-08-01,US SmallCap,-0.03229640646784482
2001-09-01,Australia,-0.1294948228608556
2001-09-01,Brazil,-0.1669488242878908
2001-09-01,Canada,-0.09308820229236203
2001-09-01,Chile,-0.1687701211590418
2001-09-01,ChinaA,-0.03949261400128457
2001-09-01,ChinaH,-0.03951829692678033
2001-09-01,Denmark,-0.08811305664909463
2001-09-01,France,-0.116886649596652
2001-09-01,Germany,-0.1624535473858421
2001-09-01,Hong Kong,-0.1542827566209984
2001-09-01,India,-0.1397806313536651
2001-09-01,Indonesia,-0.1946308724832214
2001-09-01,Italy,-0.1377699203380386
2001-09-01,Japan,-0.09617348496313038
2001-09-01,Korea,-0.1561954624781849
2001-09-01,Malaysia,-0.1041932107422233
2001-09-01,Mexico,-0.1558646222591523
2001-09-01,NASDAQ,-0.1698376564031838
2001-09-01,Netherlands,-0.1336986378025862
2001-09-01,Philippines,-0.08186347543294725
2001-09-01,Poland,-0.09772476107423511
2001-09-01,Singapore,-0.2003001912903739
2001-09-01,South Africa,-0.1523479452393003
2001-09-01,Spain,-0.1138813402078122
2001-09-01,Sweden,-0.1613456293529878
2001-09-01,Switzerland,-0.0459715333917986
2001-09-01,Taiwan,-0.2171037478956749
2001-09-01,Thailand,-0.1807355149652499
2001-09-01,Turkey,-0.3169731752169159
2001-09-01,U.K.,-0.06387432265866644
2001-09-01,U.S.,-0.08076544264311825
2001-09-01,US SmallCap,-0.1346433479883831
2001-10-01,Australia,0.08857369443796026
2001-10-01,Brazil,0.05517394568422263
2001-10-01,Canada,0.001311167484898901
2001-10-01,Chile,0.005898385663154038
2001-10-01,ChinaA,0.02489451758931738
2001-10-01,ChinaH,0.02494980787384837
2001-10-01,Denmark,0.02004572453268127
2001-10-01,France,0.0501366149180249
2001-10-01,Germany,0.04397600055415007
2001-10-01,Hong Kong,0.03519950559453289
2001-10-01,India,0.06740786813870314
2001-10-01,Indonesia,-0.09583333333333333
2001-10-01,Italy,0.03189719992607976
2001-10-01,Japan,-0.001978254394336521
2001-10-01,Korea,0.1540847983453983
2001-10-01,Malaysia,-0.02790918692320343
2001-10-01,Mexico,0.06306187777563044
2001-10-01,NASDAQ,0.1277021617293836
2001-10-01,Netherlands,0.003120769989807037
2001-10-01,Philippines,-0.1254383975153112
2001-10-01,Poland,0.2534348947544416
2001-10-01,Singapore,0.01036308609878933
2001-10-01,South Africa,0.01958764012626379
2001-10-01,Spain,0.04367653771124713
2001-10-01,Sweden,0.07615523947888736
2001-10-01,Switzerland,0.002232464803570533
2001-10-01,Taiwan,0.1058311880487166
2001-10-01,Thailand,-0.0401568761190213
2001-10-01,Turkey,0.2162453145517031
2001-10-01,U.K.,0.02065403790893017
2001-10-01,U.S.,0.01905365418041427
2001-10-01,US SmallCap,0.05852255775739534
2001-11-01,Australia,0.08423170564063054
2001-11-01,Brazil,0.1042704497395248
2001-11-01,Canada,0.09197804180066216
2001-11-01,Chile,0.0948804613396681
2001-11-01,ChinaA,0.09722457820634922
2001-11-01,ChinaH,0.09704556510458873
2001-11-01,Denmark,0.01099363874452863
2001-11-01,France,0.02947801581206666
2001-11-01,Germany,0.0877784794467169
2001-11-01,Hong Kong,0.1321662037207245
2001-11-01,India,0.1021924393619347
2001-11-01,Indonesia,-0.03686635944700467
2001-11-01,Italy,0.01835355578823372
2001-11-01,Japan,0.01089182628427809
2001-11-01,Korea,0.2535842293906809
2001-11-01,Malaysia,0.06313792912949512
2001-11-01,Mexico,0.03476725924699497
2001-11-01,NASDAQ,0.1423367057153
2001-11-01,Netherlands,0.04393615353015257
2001-11-01,Philippines,0.108894297913092
2001-11-01,Poland,0.01782183837784035
2001-11-01,Singapore,0.07595685707055533
2001-11-01,South Africa,0.02980256603450182
2001-11-01,Spain,0.06674306104690952
2001-11-01,Sweden,0.1463656834571043
2001-11-01,Switzerland,0.02177504554589893
2001-11-01,Taiwan,0.1370609597683838
2001-11-01,Thailand,0.1455409486587316
2001-11-01,Turkey,0.2365447673694232
2001-11-01,U.K.,0.02469613116046299
2001-11-01,U.S.,0.07671548904620895
2001-11-01,US SmallCap,0.0773970430347628
2001-12-01,Australia,0.006789742482794514
2001-12-01,Brazil,0.1381255350075976
2001-12-01,Canada,0.01600199077526798
2001-12-01,Chile,0.02934648539633122
2001-12-01,ChinaA,0.003359575682618132
2001-12-01,ChinaH,0.003222239959322915
2001-12-01,Denmark,0.001044115637936605
2001-12-01,France,0.0317422205020077
2001-12-01,Germany,0.03054318729901073
2001-12-01,Hong Kong,0.05105884524833049
2001-12-01,India,0.0008591065292096189
2001-12-01,Indonesia,0.05980861244019153
2001-12-01,Italy,0.01294607590296071
2001-12-01,Japan,-0.06764342684899693
2001-12-01,Korea,0.08506075768406007
2001-12-01,Malaysia,0.08932727404426055
2001-12-01,Mexico,0.08346306311004148
2001-12-01,NASDAQ,0.0106358189900182
2001-12-01,Netherlands,0.02540848170373788
2001-12-01,Philippines,0.03744152572867931
2001-12-01,Poland,-0.008917260843285368
2001-12-01,Singapore,0.1077376922510478
2001-12-01,South Africa,-0.0380527690029786
2001-12-01,Spain,-0.001431639226914805
2001-12-01,Sweden,0.0279211524171612
2001-12-01,Switzerland,0.02018559510809137
2001-12-01,Taiwan,0.2177800908678775
2001-12-01,Thailand,-0.01934633427674182
2001-12-01,Turkey,0.2143764398219796
2001-12-01,U.K.,0.02434056013835773
2001-12-01,U.S.,0.008759462735807189
2001-12-01,US SmallCap,0.06170849735624739
2002-01-01,Australia,0.006427297410164901
2002-01-01,Brazil,-0.06880103616028
2002-01-01,Canada,-0.007283059304783901
2002-01-01,Chile,-0.04832517519279977
2002-01-01,ChinaA,-0.09415613277152557
2002-01-01,ChinaH,-0.09392864299100667
2002-01-01,Denmark,-0.05319505663775537
2002-01-01,France,-0.06361822426092711
2002-01-01,Germany,-0.04656098535260922
2002-01-01,Hong Kong,-0.01780998536617617
2002-01-01,India,0.01789369428854415
2002-01-01,Indonesia,0.2234762979683973
2002-01-01,Italy,-0.03549484167069061
2002-01-01,Japan,-0.07833906061801033
2002-01-01,Korea,0.07773386034255614
2002-01-01,Malaysia,0.05349631244344355
2002-01-01,Mexico,0.0872491136842386
2002-01-01,NASDAQ,-0.008079022077904563
2002-01-01,Netherlands,-0.03899447904755249
2002-01-01,Philippines,0.1682766514628604
2002-01-01,Poland,0.1321528279754667
2002-01-01,Singapore,0.1217569122832864
2002-01-01,South Africa,0.04363138258565691
2002-01-01,Spain,-0.07874550336930641
2002-01-01,Sweden,-0.09525220488662112
2002-01-01,Switzerland,-0.05550210793099453
2002-01-01,Taiwan,0.04670334145595922
2002-01-01,Thailand,0.188424132205266
2002-01-01,Turkey,0.06010102052580168
2002-01-01,U.K.,-0.04146737312083548
2002-01-01,U.S.,-0.01458434018603627
2002-01-01,US SmallCap,-0.01039958807201569
2002-02-01,Australia,0.007444162960829726
2002-02-01,Brazil,0.1423384787699933
2002-02-01,Canada,-0.01037667705159284
2002-02-01,Chile,0.004515812357834159
2002-02-01,ChinaA,0.008046947066789656
2002-02-01,ChinaH,0.008000312207305793
2002-02-01,Denmark,0.0239906945846573
2002-02-01,France,0.008524682370257608
2002-02-01,Germany,-0.01319200661216491
2002-02-01,Hong Kong,-0.03886729839930558
2002-02-01,India,0.06269460300985985
2002-02-01,Indonesia,0.01107011070110708
2002-02-01,Italy,-0.002305425368758551
2002-02-01,Japan,0.04133370831320193
2002-02-01,Korea,0.1014669926650367
2002-02-01,Malaysia,-0.01586868168508537
2002-02-01,Mexico,-0.0254926878281645
2002-02-01,NASDAQ,-0.1044817173759868
2002-02-01,Netherlands,0.002724942929011265
2002-02-01,Philippines,0.0263642301526037
2002-02-01,Poland,-0.07389708918407245
2002-02-01,Singapore,-0.03735096459034715
2002-02-01,South Africa,0.05955394982712714
2002-02-01,Spain,0.01419810427011137
2002-02-01,Sweden,0.02132271473588609
2002-02-01,Switzerland,0.02887505914255439
2002-02-01,Taiwan,-0.04749177443363983
2002-02-01,Thailand,0.0849966733200267
2002-02-01,Turkey,-0.1974756929559426
2002-02-01,U.K.,0.001138213490607054
2002-02-01,U.S.,-0.01930670446471316
2002-02-01,US SmallCap,-0.02741860748787361
2002-03-01,Australia,0.03644639910120917
2002-03-01,Brazil,-0.000290391698734016
2002-03-01,Canada,0.03600861511470366
2002-03-01,Chile,0.03962076465069586
2002-03-01,ChinaA,0.0554311637234477
2002-03-01,ChinaH,0.05549963219636855
2002-03-01,Denmark,0.0312824978623627
2002-03-01,France,0.05294439012200391
2002-03-01,Germany,0.07934119650906601
2002-03-01,Hong Kong,0.06115680657179046
2002-03-01,India,-0.01022432473676183
2002-03-01,Indonesia,0.1222627737226276
2002-03-01,Italy,0.06360392770672596
2002-03-01,Japan,0.05346956413329629
2002-03-01,Korea,0.08268590455049951
2002-03-01,Malaysia,0.08177862300604133
2002-03-01,Mexico,0.1069814443813544
2002-03-01,NASDAQ,0.06612695829526571
2002-03-01,Netherlands,0.0870006300464572
2002-03-01,Philippines,0.00588660688458198
2002-03-01,Poland,-0.008965309120902654
2002-03-01,Singapore,0.05116584905351496
2002-03-01,South Africa,0.01496278862045686
2002-03-01,Spain,0.02070460954907882
2002-03-01,Sweden,0.03830513200279206
2002-03-01,Switzerland,0.06228933317596619
2002-03-01,Taiwan,0.08967230028944218
2002-03-01,Thailand,-0.001717001379733185
2002-03-01,Turkey,0.09183446949785878
2002-03-01,U.K.,0.0581869411821565
2002-03-01,U.S.,0.037609040689911
2002-03-01,US SmallCap,0.08035753460152462
2002-04-01,Australia,-0.00910588873221485
2002-04-01,Brazil,-0.01487546331535849
2002-04-01,Canada,-0.007768117146266795
2002-04-01,Chile,-0.008172474338014157
2002-04-01,ChinaA,0.03943452380952395
2002-04-01,ChinaH,0.03932752559987773
2002-04-01,Denmark,-0.03973927169698666
2002-04-01,France,-0.01648420697387343
2002-04-01,Germany,-0.03226428947710891
2002-04-01,Hong Kong,0.05721315662171178
2002-04-01,India,-0.0399629972247918
2002-04-01,Indonesia,0.1869918699186992
2002-04-01,Italy,0.004080372477963889
2002-04-01,Japan,0.05820571736277902
2002-04-01,Korea,0.001025115325474113
2002-04-01,Malaysia,0.05659358434196893
2002-04-01,Mexico,-0.01623446899111458
2002-04-01,NASDAQ,-0.0849867844585036
2002-04-01,Netherlands,-0.009342034085362494
2002-04-01,Philippines,-0.08415891411563403
2002-04-01,Poland,0.03805266972698718
2002-04-01,Singapore,-0.02871515079152898
2002-04-01,South Africa,0.09053768897482262
2002-04-01,Spain,0.02583212511953614
2002-04-01,Sweden,-0.1072479601247347
2002-04-01,Switzerland,0.02512846543947278
2002-04-01,Taiwan,-0.02216187180760465
2002-04-01,Thailand,0.0005835560060198919
2002-04-01,Turkey,-0.01303777564045272
2002-04-01,U.K.,0.005356487291633405
2002-04-01,U.S.,-0.0606423051749192
2002-04-01,US SmallCap,0.009112390556200944
2002-05-01,Australia,0.06024555488978356
2002-05-01,Brazil,-0.0760806133135079
2002-05-01,Canada,0.02181960737828414
2002-05-01,Chile,-0.05169692627238986
2002-05-01,ChinaA,0.00872590024669151
2002-05-01,ChinaH,0.008852524587078081
2002-05-01,Denmark,0.0227664048066667
2002-05-01,France,-0.002962492651588322
2002-05-01,Germany,-0.01628842261262975
2002-05-01,Hong Kong,-0.04025080720344509
2002-05-01,India,-0.06327487634097773
2002-05-01,Indonesia,0.06986301369863024
2002-05-01,Italy,-0.02795997647357462
2002-05-01,Japan,0.06229503555568172
2002-05-01,Korea,0.01126472094214037
2002-05-01,Malaysia,-0.06643628330566376
2002-05-01,Mexico,-0.08044265922146043
2002-05-01,NASDAQ,-0.04265558514948009
2002-05-01,Netherlands,-0.0005042483195186742
2002-05-01,Philippines,-0.04512198951235591
2002-05-01,Poland,0.02714157875094814
2002-05-01,Singapore,-0.01695281851610364
2002-05-01,South Africa,0.09432761972079873
2002-05-01,Spain,0.004473259344795144
2002-05-01,Sweden,-0.01430772602958474
2002-05-01,Switzerland,0.03674246325171615
2002-05-01,Taiwan,-0.03982733535205385
2002-05-01,Thailand,0.1282153600589355
2002-05-01,Turkey,-0.1460076041289874
2002-05-01,U.K.,-0.01308745421748803
2002-05-01,U.S.,-0.007367518465034251
2002-05-01,US SmallCap,-0.04436896998754492
2002-06-01,Australia,-0.04231061738904385
2002-06-01,Brazil,-0.1848206477102249
2002-06-01,Canada,-0.05657718403568157
2002-06-01,Chile,-0.09709487370246461
2002-06-01,ChinaA,-0.03408557755465902
2002-06-01,ChinaH,-0.03411986263431932
2002-06-01,Denmark,0.01212104525230084
2002-06-01,France,-0.03126836497713792
2002-06-01,Germany,-0.03119576856893103
2002-06-01,Hong Kong,-0.06048455210774428
2002-06-01,India,0.03048278699766849
2002-06-01,Indonesia,-0.06145966709346984
2002-06-01,Italy,-0.001758835404516823
2002-06-01,Japan,-0.05225566987599251
2002-06-01,Korea,-0.04607594936708859
2002-06-01,Malaysia,-0.01362943257082894
2002-06-01,Mexico,-0.1017456390316881
2002-06-01,NASDAQ,-0.09396626483278758
2002-06-01,Netherlands,-0.03080095077357947
2002-06-01,Philippines,-0.1310917461361394
2002-06-01,Poland,-0.1398234728313654
2002-06-01,Singapore,-0.0615930339023163
2002-06-01,South Africa,-0.1028667700124875
2002-06-01,Spain,-0.09193575856439384
2002-06-01,Sweden,-0.02590900189837197
2002-06-01,Switzerland,-0.03975940259776023
2002-06-01,Taiwan,-0.08680943888011827
2002-06-01,Thailand,-0.05425112229628615
2002-06-01,Turkey,-0.2148278819323332
2002-06-01,U.K.,-0.03978615127814955
2002-06-01,U.S.,-0.07115092070620765
2002-06-01,US SmallCap,-0.04962326107123771
2002-07-01,Australia,-0.08008267519569412
2002-07-01,Brazil,-0.290951569919724
2002-07-01,Canada,-0.1123966684300576
2002-07-01,Chile,-0.02038573844616676
2002-07-01,ChinaA,-0.04638129933211899
2002-07-01,ChinaH,-0.04635369821502944
2002-07-01,Denmark,-0.1275452670906423
2002-07-01,France,-0.1351925859818842
2002-07-01,Germany,-0.1653996332842276
2002-07-01,Hong Kong,-0.04119790426914915
2002-07-01,India,-0.07060859148837062
2002-07-01,Indonesia,-0.07094133697135074
2002-07-01,Italy,-0.1012464349846837
2002-07-01,Japan,-0.06948875129790322
2002-07-01,Korea,-0.02813163481953285
2002-07-01,Malaysia,-0.001563125084448669
2002-07-01,Mexico,-0.07128413100909803
2002-07-01,NASDAQ,-0.09199730161085162
2002-07-01,Netherlands,-0.1778132219169555
2002-07-01,Philippines,-0.02950025545442503
2002-07-01,Poland,-0.1251557310148962
2002-07-01,Singapore,-0.02044288851418941
2002-07-01,South Africa,-0.1474203980248751
2002-07-01,Spain,-0.1086300262390659
2002-07-01,Sweden,-0.1462554523565966
2002-07-01,Switzerland,-0.1195295506402717
2002-07-01,Taiwan,-0.06652651807212184
2002-07-01,Thailand,-0.05549322516613453
2002-07-01,Turkey,0.03013300038092881
2002-07-01,U.K.,-0.06519652948141164
2002-07-01,U.S.,-0.07794654110205645
2002-07-01,US SmallCap,-0.1510375744091943
2002-08-01,Australia,0.02781401042430187
2002-08-01,Brazil,0.2276522280840441
2002-08-01,Canada,0.01252026964507902
2002-08-01,Chile,-0.01754261313460492
2002-08-01,ChinaA,-0.01947650912702703
2002-08-01,ChinaH,-0.01948956210201158
2002-08-01,Denmark,0.03213859377254491
2002-08-01,France,-0.01586923580406507
2002-08-01,Germany,0.004336393059312771
2002-08-01,Hong Kong,-0.04852889717794717
2002-08-01,India,0.06200995309870749
2002-08-01,Indonesia,-0.03230543318649037
2002-08-01,Italy,0.01398328074114663
2002-08-01,Japan,-0.01072784698259932
2002-08-01,Korea,0.00382304751501894
2002-08-01,Malaysia,-0.01043493720463073
2002-08-01,Mexico,0.02517857875675822
2002-08-01,NASDAQ,-0.009747510127280812
2002-08-01,Netherlands,0.009575037567646438
2002-08-01,Philippines,-0.03525191077834966
2002-08-01,Poland,0.08207538745563703
2002-08-01,Singapore,-0.0004079233614214806
2002-08-01,South Africa,0.02755415124347294
2002-08-01,Spain,0.04338134670310478
2002-08-01,Sweden,-0.005325400587743778
2002-08-01,Switzerland,-0.001265233817142941
2002-08-01,Taiwan,-0.05010163704801274
2002-08-01,Thailand,-0.03591008771929827
2002-08-01,Turkey,-0.05918909760350788
2002-08-01,U.K.,-0.002044427660256032
2002-08-01,U.S.,0.006543972271717546
2002-08-01,US SmallCap,-0.002548013772914359
2002-09-01,Australia,-0.05278226165372524
2002-09-01,Brazil,-0.3026839266896127
2002-09-01,Canada,-0.08033024907543729
2002-09-01,Chile,-0.1336255993109875
2002-09-01,ChinaA,-0.08453786314463452
2002-09-01,ChinaH,-0.08456259723827164
2002-09-01,Denmark,-0.1346617765513373
2002-09-01,France,-0.1533605884993412
2002-09-01,Germany,-0.2435138831977682
2002-09-01,Hong Kong,-0.07095897361061831
2002-09-01,India,-0.0483767656676668
2002-09-01,Indonesia,-0.06525037936267064
2002-09-01,Italy,-0.1378400944521492
2002-09-01,Japan,-0.04746598046893002
2002-09-01,Korea,-0.1381936887921653
2002-09-01,Malaysia,-0.101343026038643
2002-09-01,Mexico,-0.1075204454532825
2002-09-01,NASDAQ,-0.1080857485802585
2002-09-01,Netherlands,-0.1781472023989901
2002-09-01,Philippines,0.01459175424413894
2002-09-01,Poland,-0.07359016162199661
2002-09-01,Singapore,-0.1132167297230482
2002-09-01,South Africa,0.001585426404369317
2002-09-01,Spain,-0.1618590955495897
2002-09-01,Sweden,-0.1691478414242139
2002-09-01,Switzerland,-0.06568205461800813
2002-09-01,Taiwan,-0.1514420776080753
2002-09-01,Thailand,-0.09101822891984945
2002-09-01,Turkey,-0.08621512537922005
2002-09-01,U.K.,-0.09984528237662049
2002-09-01,U.S.,-0.1086815766258602
2002-09-01,US SmallCap,-0.07182136063818378
2002-10-01,Australia,0.05633923949349384
2002-10-01,Brazil,0.2838413923650076
2002-10-01,Canada,0.03036666711076164
2002-10-01,Chile,0.05632310820405495
2002-10-01,ChinaA,0.004610484952086491
2002-10-01,ChinaH,0.004583791712504448
2002-10-01,Denmark,0.02742572165613066
2002-10-01,France,0.1299363240822942
2002-10-01,Germany,0.1398077118553269
2002-10-01,Hong Kong,0.03619782199710797
2002-10-01,India,-0.001062774550092183
2002-10-01,Indonesia,-0.1737012987012987
2002-10-01,Italy,0.08293069737212866
2002-10-01,Japan,-0.06970632466673043
2002-10-01,Korea,0.04545454545454541
2002-10-01,Malaysia,0.0443883473128579
2002-10-01,Mexico,0.06582204247266588
2002-10-01,NASDAQ,0.134883055804071
2002-10-01,Netherlands,0.1293327299843503
2002-10-01,Philippines,-0.114776303732919
2002-10-01,Poland,0.1856115338920463
2002-10-01,Singapore,0.09562030204137617
2002-10-01,South Africa,0.04856443462861293
2002-10-01,Spain,0.1465183184317793
2002-10-01,Sweden,0.1611565145248375
2002-10-01,Switzerland,0.03393706315137068
2002-10-01,Taiwan,0.1100163316814795
2002-10-01,Thailand,0.08848880856388153
2002-10-01,Turkey,0.162089467483354
2002-10-01,U.K.,0.08052060566140895
2002-10-01,U.S.,0.0880189227512227
2002-10-01,US SmallCap,0.03205718723073803
2002-11-01,Australia,0.02873736182184849
2002-11-01,Brazil,0.01132600425956243
2002-11-01,Canada,0.05860328279957638
2002-11-01,Chile,0.0516950421529585
2002-11-01,ChinaA,0.04114860237374063
2002-11-01,ChinaH,0.04105184831594766
2002-11-01,Denmark,0.04060360114369566
2002-11-01,France,0.04225431178313999
2002-11-01,Germany,0.05666191041645585
2002-11-01,Hong Kong,0.0630562870211373
2002-11-01,India,0.1051138378608414
2002-11-01,Indonesia,0.117878192534381
2002-11-01,Italy,0.09315642251448342
2002-11-01,Japan,0.03995155945050244
2002-11-01,Korea,0.1304347826086958
2002-11-01,Malaysia,-0.03937327325868778
2002-11-01,Mexico,0.04727915586082054
2002-11-01,NASDAQ,0.1124806964283653
2002-11-01,Netherlands,0.05889369319101001
2002-11-01,Philippines,-0.03134563456345629
2002-11-01,Poland,0.02651209540912181
2002-11-01,Singapore,-0.05217348772802732
2002-11-01,South Africa,0.09354652546600462
2002-11-01,Spain,0.1000589404168948
2002-11-01,Sweden,0.144102480881956
2002-11-01,Switzerland,0.02501476862868501
2002-11-01,Taiwan,0.02107489347078606
2002-11-01,Thailand,0.03767801264448556
2002-11-01,Turkey,0.4101615278081951
2002-11-01,U.K.,0.03362891798476908
2002-11-01,U.S.,0.05885856965361835
2002-11-01,US SmallCap,0.08920373611377386
2002-12-01,Australia,-0.02253519132434068
2002-12-01,Brazil,0.09253036063427045
2002-12-01,Canada,-0.007743082280449065
2002-12-01,Chile,0.02539916604086279
2002-12-01,ChinaA,-0.03777948067624659
2002-12-01,ChinaH,-0.03783495839570605
2002-12-01,Denmark,0.004245813021091616
2002-12-01,France,-0.02764934288807375
2002-12-01,Germany,-0.07675134766816238
2002-12-01,Hong Kong,-0.0749618439931754
2002-12-01,India,0.05291701431230345
2002-12-01,Indonesia,0.1124780316344463
2002-12-01,Italy,-0.01980128724873687
2002-12-01,Japan,-0.02554619437279526
2002-12-01,Korea,-0.1159188034188035
2002-12-01,Malaysia,0.02753637412708065
2002-12-01,Mexico,-0.04154795490541552
2002-12-01,NASDAQ,-0.09641271911920402
2002-12-01,Netherlands,-0.05378866008569783
2002-12-01,Philippines,-0.04701837526424624
2002-12-01,Poland,-0.0007446966956744516
2002-12-01,Singapore,-0.02236464642185143
2002-12-01,South Africa,0.05741307238650672
2002-12-01,Spain,-0.04612591290714041
2002-12-01,Sweden,-0.1074785638044198
2002-12-01,Switzerland,-0.02586732385566959
2002-12-01,Taiwan,-0.06024115279504294
2002-12-01,Thailand,-0.0125853898701459
2002-12-01,Turkey,-0.283957084347275
2002-12-01,U.K.,-0.01993818228099908
2002-12-01,U.S.,-0.05875205958929475
2002-12-01,US SmallCap,-0.05570654231077876
2003-01-01,Australia,0.02524240401039179
2003-01-01,Brazil,-0.04123569345960643
2003-01-01,Canada,0.02811163134860806
2003-01-01,Chile,-0.02198796409713666
2003-01-01,ChinaA,0.04781168510818246
2003-01-01,ChinaH,0.04803386338311455
2003-01-01,Denmark,-0.04387756000903675
2003-01-01,France,-0.03343356546979903
2003-01-01,Germany,-0.02675744530860436
2003-01-01,Hong Kong,0.005722437624202437
2003-01-01,India,-0.04056566395416161
2003-01-01,Indonesia,-0.1248025276461295
2003-01-01,Italy,-0.01514895342586819
2003-01-01,Japan,-0.04059919141670298
2003-01-01,Korea,-0.04410876132930519
2003-01-01,Malaysia,0.03917663931875759
2003-01-01,Mexico,-0.05275703564051992
2003-01-01,NASDAQ,-0.01073221619653342
2003-01-01,Netherlands,-0.06267557562550874
2003-01-01,Philippines,0.04178143968017944
2003-01-01,Poland,-0.04792351588450727
2003-01-01,Singapore,-0.04314290179956859
2003-01-01,South Africa,-0.03296207528549289
2003-01-01,Spain,0.007934923781529823
2003-01-01,Sweden,-0.0137562424363028
2003-01-01,Switzerland,-0.03416403603036389
2003-01-01,Taiwan,0.1214260408349783
2003-01-01,Thailand,0.07812646078095309
2003-01-01,Turkey,0.0779684834526504
2003-01-01,U.K.,-0.0695611221504232
2003-01-01,U.S.,-0.0261974445077513
2003-01-01,US SmallCap,-0.02767480989774362
2003-02-01,Australia,-0.01092311581803018
2003-02-01,Brazil,-0.04067432844087504
2003-02-01,Canada,0.0352592116623629
2003-02-01,Chile,0.002643674784578831
2003-02-01,ChinaA,-0.02182627762756095
2003-02-01,ChinaH,-0.02190644956367649
2003-02-01,Denmark,-0.04518269112348539
2003-02-01,France,-0.04900593438104084
2003-02-01,Germany,-0.06963835874390634
2003-02-01,Hong Kong,-0.01213360822441478
2003-02-01,India,0.01365946632782711
2003-02-01,Indonesia,0.03790613718411562
2003-02-01,Italy,0.03107515140364492
2003-02-01,Japan,0.0056533628994897
2003-02-01,Korea,-0.0562579013906449
2003-02-01,Malaysia,-0.02680897940652571
2003-02-01,Mexico,-0.02328202074006536
2003-02-01,NASDAQ,0.0134388426101808
2003-02-01,Netherlands,-0.07385788882485989
2003-02-01,Philippines,-0.06387907433839524
2003-02-01,Poland,-0.03946743386534479
2003-02-01,Singapore,-0.00892691750355401
2003-02-01,South Africa,0.004437835316071892
2003-02-01,Spain,0.01261708990388644
2003-02-01,Sweden,-0.006163584041146697
2003-02-01,Switzerland,-0.05295238718160056
2003-02-01,Taiwan,-0.1204544010732188
2003-02-01,Thailand,-0.02867383512544808
2003-02-01,Turkey,0.08562324789370668
2003-02-01,U.K.,-0.00863434831404375
2003-02-01,U.S.,-0.01500417448530833
2003-02-01,US SmallCap,-0.03022129716256161
2003-03-01,Australia,0.03904341938844591
2003-03-01,Brazil,0.1380386203483666
2003-03-01,Canada,-0.01283673231393356
2003-03-01,Chile,0.02607067810851915
2003-03-01,ChinaA,-0.03887807796244214
2003-03-01,ChinaH,-0.0388530720795246
2003-03-01,Denmark,0.07952030470646454
2003-03-01,France,-0.0371608234411025
2003-03-01,Germany,-0.03782523720830544
2003-03-01,Hong Kong,-0.05119350205772344
2003-03-01,India,-0.07433406455656522
2003-03-01,Indonesia,0.01217391304347815
2003-03-01,Italy,-0.07887748113187198
2003-03-01,Japan,-0.04967941493445094
2003-03-01,Korea,-0.0964501004688546
2003-03-01,Malaysia,-0.02140691163191399
2003-03-01,Mexico,0.01683304814603948
2003-03-01,NASDAQ,0.003210291128737719
2003-03-01,Netherlands,-0.03052615605105968
2003-03-01,Philippines,0.02487064763666358
2003-03-01,Poland,-0.05236585127338256
2003-03-01,Singapore,-0.01551618910163255
2003-03-01,South Africa,-0.05014485517385536
2003-03-01,Spain,-0.008025806886173714
2003-03-01,Sweden,-0.02457682957901719
2003-03-01,Switzerland,-0.007991548333616705
2003-03-01,Taiwan,-0.01472344174684959
2003-03-01,Thailand,0.03097845494583984
2003-03-01,Turkey,-0.2464313893909819
2003-03-01,U.K.,0.009521938805742591
2003-03-01,U.S.,0.009699747830894223
2003-03-01,US SmallCap,0.01287960507787389
2003-04-01,Australia,0.0794419874012362
2003-04-01,Brazil,0.203476707014224
2003-04-01,Canada,0.0636283416094725
2003-04-01,Chile,0.2013705120592233
2003-04-01,ChinaA,-0.01209086031121431
2003-04-01,ChinaH,-0.0121633733088643
2003-04-01,Denmark,0.122652661227536
2003-04-01,France,0.1534730468148049
2003-04-01,Germany,0.2249407308164466
2003-04-01,Hong Kong,-0.0006955488257349707
2003-04-01,India,-0.04333401042724627
2003-04-01,Indonesia,0.1993127147766323
2003-04-01,Italy,0.1352759930994973
2003-04-01,Japan,-0.007887780087897034
2003-04-01,Korea,0.1423276501111934
2003-04-01,Malaysia,-0.001743113094698323
2003-04-01,Mexico,0.1479056636461222
2003-04-01,NASDAQ,0.09209749566922776
2003-04-01,Netherlands,0.1155276681004216
2003-04-01,Philippines,0.06846007511828689
2003-04-01,Poland,0.1158194339201701
2003-04-01,Singapore,0.01018963393171424
2003-04-01,South Africa,0.05630974792792354
2003-04-01,Spain,0.1397957156222573
2003-04-01,Sweden,0.1894175974164736
2003-04-01,Switzerland,0.1081786770668651
2003-04-01,Taiwan,-0.0277438392153081
2003-04-01,Thailand,0.03685957569634857
2003-04-01,Turkey,0.3380130096551934
2003-04-01,U.K.,0.1114204758349571
2003-04-01,U.S.,0.08235150871832331
2003-04-01,US SmallCap,0.09481708468686256
2003-05-01,Australia,0.03482428645478075
2003-05-01,Brazil,0.02283821429169608
2003-05-01,Canada,0.0857228484725725
2003-05-01,Chile,0.03815861534487208
2003-05-01,ChinaA,0.1202085671868778
2003-05-01,ChinaH,0.1201719519571416
2003-05-01,Denmark,0.0688378523974933
2003-05-01,France,0.06188457735447872
2003-05-01,Germany,0.0577545108533275
2003-05-01,Hong Kong,0.08667886346094389
2003-05-01,India,0.07994196333781578
2003-05-01,Indonesia,0.1719197707736388
2003-05-01,Italy,0.1074105039335516
2003-05-01,Japan,0.04805083236605689
2003-05-01,Korea,0.0609993510707334
2003-05-01,Malaysia,0.06923687672308465
2003-05-01,Mexico,0.02771000027175718
2003-05-01,NASDAQ,0.09020438304458511
2003-05-01,Netherlands,0.05800406480994846
2003-05-01,Philippines,-0.00623159624734626
2003-05-01,Poland,0.0898066119749783
2003-05-01,Singapore,0.09290039586943855
2003-05-01,South Africa,0.03275439555829451
2003-05-01,Spain,0.04668177673252938
2003-05-01,Sweden,0.04105534411473033
2003-05-01,Switzerland,0.06058581645059435
2003-05-01,Taiwan,0.1042349193195056
2003-05-01,Thailand,0.1231557262958634
2003-05-01,Turkey,0.08713866086322897
2003-05-01,U.K.,0.06597876986482665
2003-05-01,U.S.,0.0526819192720076
2003-05-01,US SmallCap,0.1073142611524531
2003-06-01,Australia,0.04316776356855612
2003-06-01,Brazil,0.001243383142867094
2003-06-01,Canada,0.02667526566697909
2003-06-01,Chile,0.02340086409111519
2003-06-01,ChinaA,0.06188746088800379
2003-06-01,ChinaH,0.06185195898820428
2003-06-01,Denmark,-0.004270629210564869
2003-06-01,France,0.01052246497821629
2003-06-01,Germany,0.04764067967335617
2003-06-01,Hong Kong,0.01346138213344572
2003-06-01,India,0.1437887079332831
2003-06-01,Indonesia,0.0501222493887532
2003-06-01,Italy,-0.0276792854016924
2003-06-01,Japan,0.07346859238051162
2003-06-01,Korea,0.08195718654434248
2003-06-01,Malaysia,0.03700476499713656
2003-06-01,Mexico,0.04016646086794329
2003-06-01,NASDAQ,0.01725615030837124
2003-06-01,Netherlands,0.007638054036841702
2003-06-01,Philippines,0.162348401323043
2003-06-01,Poland,0.007352332043826237
2003-06-01,Singapore,0.05836673800923742
2003-06-01,South Africa,0.04825831899908661
2003-06-01,Spain,0.03171524803257197
2003-06-01,Sweden,0.006660035727592772
2003-06-01,Switzerland,-0.001254687557885603
2003-06-01,Taiwan,0.07147259869489475
2003-06-01,Thailand,0.1062806721855947
2003-06-01,Turkey,-0.01956518190455259
2003-06-01,U.K.,0.01115295306957242
2003-06-01,U.S.,0.01274747866382997
2003-06-01,US SmallCap,0.01809234548123029
2003-07-01,Australia,-0.004013536758341596
2003-07-01,Brazil,0.05389081702462484
2003-07-01,Canada,0.003301143988508892
2003-07-01,Chile,0.07792833025078094
2003-07-01,ChinaA,0.09795625148395515
2003-07-01,ChinaH,0.09807672516602395
2003-07-01,Denmark,-0.02022984537660666
2003-07-01,France,0.01752180013678917
2003-07-01,Germany,0.05921728704852525
2003-07-01,Hong Kong,0.06366145362667552
2003-07-01,India,0.06887265434751466
2003-07-01,Indonesia,-0.04772991850989527
2003-07-01,Italy,-0.002562973414416025
2003-07-01,Japan,0.04055711808337659
2003-07-01,Korea,0.106840022611645
2003-07-01,Malaysia,0.04832240301433721
2003-07-01,Mexico,0.04287522432100777
2003-07-01,NASDAQ,0.0694297301343354
2003-07-01,Netherlands,0.03903267483312467
2003-07-01,Philippines,0.001146154454193526
2003-07-01,Poland,0.1170888119824309
2003-07-01,Singapore,0.07326586491040166
2003-07-01,South Africa,0.07122775134961778
2003-07-01,Spain,0.01192832286307333
2003-07-01,Sweden,0.06396243197907481
2003-07-01,Switzerland,0.03946323572547761
2003-07-01,Taiwan,0.1147822113063304
2003-07-01,Thailand,0.02695254738540132
2003-07-01,Turkey,-0.02331332511376116
2003-07-01,U.K.,0.008540720486012843
2003-07-01,U.S.,0.01759731571532352
2003-07-01,US SmallCap,0.06256047779932117
2003-08-01,Australia,0.02926209701047489
2003-08-01,Brazil,0.1038593429800778
2003-08-01,Canada,0.05235574664019271
2003-08-01,Chile,0.04624339085818074
2003-08-01,ChinaA,0.06444798083694203
2003-08-01,ChinaH,0.06446402187575795
2003-08-01,Denmark,0.0883629840672091
2003-08-01,France,0.007321384713632195
2003-08-01,Germany,-0.01671078534609693
2003-08-01,Hong Kong,0.1233342954627077
2003-08-01,India,0.1291109383794795
2003-08-01,Indonesia,0.01833740831295838
2003-08-01,Italy,-0.03239221495346967
2003-08-01,Japan,0.1052274449449733
2003-08-01,Korea,0.05720122574055142
2003-08-01,Malaysia,0.02823342894446323
2003-08-01,Mexico,-0.01683151869233757
2003-08-01,NASDAQ,0.04381816116133419
2003-08-01,Netherlands,0.01574499002962337
2003-08-01,Philippines,-0.05349176897872165
2003-08-01,Poland,0.1365857950342231
2003-08-01,Singapore,0.04156742949695014
2003-08-01,South Africa,0.05524259540156473
2003-08-01,Spain,-0.01610941279491351
2003-08-01,Sweden,0.01707563180099481
2003-08-01,Switzerland,-0.009050366103638963
2003-08-01,Taiwan,0.08455290665905846
2003-08-01,Thailand,0.1073368675960469
2003-08-01,Turkey,0.1345863818023667
2003-08-01,U.K.,0.002881269661139996
2003-08-01,U.S.,0.01949276115122855
2003-08-01,US SmallCap,0.04584705859527594
2003-09-01,Australia,0.04738786529139549
2003-09-01,Brazil,0.0180383275365894
2003-09-01,Canada,0.01737853845261927
2003-09-01,Chile,0.1015949508673724
2003-09-01,ChinaA,0.001364796582799421
2003-09-01,ChinaH,-0.005691911684733375
2003-09-01,Denmark,0.03766129773161664
2003-09-01,France,0.004274342964969424
2003-09-01,Germany,-0.007315651390846334
2003-09-01,Hong Kong,0.0562652426399366
2003-09-01,India,0.05761287565873818
2003-09-01,Indonesia,0.1824729891956782
2003-09-01,Italy,0.03832811739851505
2003-09-01,Japan,0.0558280752101632
2003-09-01,Korea,-0.06328502415458936
2003-09-01,Malaysia,-0.01526054210406991
2003-09-01,Mexico,0.02025340162465095
2003-09-01,NASDAQ,-0.01261673051576673
2003-09-01,Netherlands,-0.013347111676144
2003-09-01,Philippines,0.1010385385385384
2003-09-01,Poland,-0.1043189505229849
2003-09-01,Singapore,0.03330746959129605
2003-09-01,South Africa,0.0187245109048999
2003-09-01,Spain,-0.003849382027318216
2003-09-01,Sweden,0.03356484486420452
2003-09-01,Switzerland,0.0432294157818176
2003-09-01,Taiwan,0.005788471492133906
2003-09-01,Thailand,0.08938668558031404
2003-09-01,Turkey,0.1561595770203785
2003-09-01,U.K.,0.03824036486450377
2003-09-01,U.S.,-0.01061977694582439
2003-09-01,US SmallCap,-0.01847606858758521
2003-10-01,Australia,0.07552900503509696
2003-10-01,Brazil,0.1033560479195588
2003-10-01,Canada,0.06749854920550624
2003-10-01,Chile,0.1108570738165573
2003-10-01,ChinaA,0.1506564983977694
2003-10-01,ChinaH,0.1538581742038316
2003-10-01,Denmark,0.06363000407740294
2003-10-01,France,0.06835919782704791
2003-10-01,Germany,0.1190586337724484
2003-10-01,Hong Kong,0.04287812252081835
2003-10-01,India,0.1060085740578636
2003-10-01,Indonesia,0.02741116751269024
2003-10-01,Italy,0.04890684522409816
2003-10-01,Japan,0.0456990512685882
2003-10-01,Korea,0.1129448169159362
2003-10-01,Malaysia,0.1318287273288494
2003-10-01,Mexico,0.0254607828597424
2003-10-01,NASDAQ,0.08216356648409207
2003-10-01,Netherlands,0.05951555539815256
2003-10-01,Philippines,0.06746595450499093
2003-10-01,Poland,0.04187192552652985
2003-10-01,Singapore,0.0604313634023228
2003-10-01,South Africa,0.09962984021629406
2003-10-01,Spain,0.06547493194805387
2003-10-01,Sweden,0.08555263217725462
2003-10-01,Switzerland,0.0222059965558763
2003-10-01,Taiwan,0.06861243567348096
2003-10-01,Thailand,0.06318949614786407
2003-10-01,Turkey,0.1445657283875508
2003-10-01,U.K.,0.06972197634122734
2003-10-01,U.S.,0.05652395870561411
2003-10-01,US SmallCap,0.08395700877399781
2003-11-01,Australia,0.004595208073378876
2003-11-01,Brazil,0.05952199815895676
2003-11-01,Canada,0.02987801374978449
2003-11-01,Chile,-0.03373803407454412
2003-11-01,ChinaA,0.00990085581370126
2003-11-01,ChinaH,0.00997652582159625
2003-11-01,Denmark,-0.00467752625748219
2003-11-01,France,0.05163055972972974
2003-11-01,Germany,0.05317818156721099
2003-11-01,Hong Kong,-0.005051618858801121
2003-11-01,India,0.02333793327380485
2003-11-01,Indonesia,-0.01086956521739135
2003-11-01,Italy,0.07992568233119846
2003-11-01,Japan,-0.0309771733518287
2003-11-01,Korea,-0.001853568118628246
2003-11-01,Malaysia,-0.03782326270864922
2003-11-01,Mexico,0.03724270184166079
2003-11-01,NASDAQ,0.01486802330185677
2003-11-01,Netherlands,0.03510303507009849
2003-11-01,Philippines,-0.07177203286076772
2003-11-01,Poland,-0.04187016575053271
2003-11-01,Singapore,-0.007261543285447258
2003-11-01,South Africa,0.07545823880124525
2003-11-01,Spain,0.04875599843146472
2003-11-01,Sweden,0.03471884083051791
2003-11-01,Switzerland,0.05333756317334082
2003-11-01,Taiwan,-0.05851478377045793
2003-11-01,Thailand,0.02255562359665242
2003-11-01,Turkey,-0.06598533990642153
2003-11-01,U.K.,0.03391761510486857
2003-11-01,U.S.,0.008782400561825776
2003-11-01,US SmallCap,0.03537239612122378
2003-12-01,Australia,0.08274221760432443
2003-12-01,Brazil,0.1737322047584577
2003-12-01,Canada,0.05460045426484594
2003-12-01,Chile,0.07751747922780461
2003-12-01,ChinaA,0.1560190345729084
2003-12-01,ChinaH,0.1556295534796406
2003-12-01,Denmark,0.06703069436962461
2003-12-01,France,0.0903139675161806
2003-12-01,Germany,0.1138961194330104
2003-12-01,Hong Kong,0.02046935446189946
2003-12-01,India,0.1611668583667154
2003-12-01,Indonesia,0.1268731268731269
2003-12-01,Italy,0.04673302926010647
2003-12-01,Japan,0.06892860067580275
2003-12-01,Korea,0.0482822655524604
2003-12-01,Malaysia,0.007163706932612257
2003-12-01,Mexico,0.03412363074076552
2003-12-01,NASDAQ,0.02249116638312088
2003-12-01,Netherlands,0.09184481751890883
2003-12-01,Philippines,0.1176740451886686
2003-12-01,Poland,0.1255584178778528
2003-12-01,Singapore,0.04771621278281724
2003-12-01,South Africa,0.01192160587465318
2003-12-01,Spain,0.1272636098005782
2003-12-01,Sweden,0.08174397761680319
2003-12-01,Switzerland,0.07927440827131171
2003-12-01,Taiwan,0.02424091405660489
2003-12-01,Thailand,0.3097614532388462
2003-12-01,Turkey,0.3153441794348952
2003-12-01,U.K.,0.07743318356378426
2003-12-01,U.S.,0.05243828911759985
2003-12-01,US SmallCap,0.02057492567113006
2004-01-01,Australia,0.002571413762615604
2004-01-01,Brazil,-0.04417898201558768
2004-01-01,Canada,0.01067740328355593
2004-01-01,Chile,-0.01892585439913164
2004-01-01,ChinaA,-0.006451487985749349
2004-01-01,ChinaH,-0.005031928183826029
2004-01-01,Denmark,0.04558472739604613
2004-01-01,France,0.007470838828966375
2004-01-01,Germany,0.009208058879312642
2004-01-01,Hong Kong,0.09729201044942437
2004-01-01,India,-0.02300479907092712
2004-01-01,Indonesia,0.101950354609929
2004-01-01,Italy,0.02040968612248939
2004-01-01,Japan,0.01806777625145384
2004-01-01,Korea,0.0934455270150576
2004-01-01,Malaysia,0.04222261056654641
2004-01-01,Mexico,0.08508051403601669
2004-01-01,NASDAQ,0.03153558998790174
2004-01-01,Netherlands,-0.004212885773851927
2004-01-01,Philippines,0.04111510176158695
2004-01-01,Poland,0.01415522619729348
2004-01-01,Singapore,0.05131889296307168
2004-01-01,South Africa,-0.002557916742621846
2004-01-01,Spain,0.007372232903648079
2004-01-01,Sweden,0.03778878034684863
2004-01-01,Switzerland,0.02612338642926937
2004-01-01,Taiwan,0.08757876352547211
2004-01-01,Thailand,-0.08501936876865424
2004-01-01,Turkey,-0.03262367468500793
2004-01-01,U.K.,-0.002489447904626241
2004-01-01,U.S.,0.01835377776089642
2004-01-01,US SmallCap,0.04340308492946354
2004-02-01,Australia,0.04924284314402927
2004-02-01,Brazil,0.03682698466367484
2004-02-01,Canada,0.02186518652639413
2004-02-01,Chile,0.08154358433974607
2004-02-01,ChinaA,0.06225615721306932
2004-02-01,ChinaH,0.06343295185968412
2004-02-01,Denmark,0.05810714704654685
2004-02-01,France,0.02544308720527111
2004-02-01,Germany,-0.008299530770464636
2004-02-01,Hong Kong,0.03249378515124013
2004-02-01,India,-0.01363493339859456
2004-02-01,Indonesia,0.002413515687851975
2004-02-01,Italy,0.01096377905390522
2004-02-01,Japan,-0.003137083155260956
2004-02-01,Korea,0.03240178209801536
2004-02-01,Malaysia,0.08002573924101908
2004-02-01,Mexico,0.055495683680157
2004-02-01,NASDAQ,-0.01721546771987192
2004-02-01,Netherlands,0.01574944547553603
2004-02-01,Philippines,-0.03226336366921834
2004-02-01,Poland,0.03931775383551406
2004-02-01,Singapore,0.01222527773732707
2004-02-01,South Africa,0.06234263660843609
2004-02-01,Spain,0.03867458494540732
2004-02-01,Sweden,0.05218150053282278
2004-02-01,Switzerland,0.003981426716736403
2004-02-01,Taiwan,0.0394806794523872
2004-02-01,Thailand,0.01607417998084415
2004-02-01,Turkey,0.094772634742192
2004-02-01,U.K.,0.05020505902399397
2004-02-01,U.S.,0.01388960118609139
2004-02-01,US SmallCap,0.009007219992943627
2004-03-01,Australia,0.01422834005463258
2004-03-01,Brazil,-0.00157507430085535
2004-03-01,Canada,-0.00462232006536123
2004-03-01,Chile,-0.0787154572970703
2004-03-01,ChinaA,-0.08428792626457571
2004-03-01,ChinaH,-0.08344969769635124
2004-03-01,Denmark,-0.0490660070084179
2004-03-01,France,-0.03559595313515118
2004-03-01,Germany,-0.04737161424898362
2004-03-01,Hong Kong,-0.05956700299554796
2004-03-01,India,0.01924644667351938
2004-03-01,Indonesia,-0.0425361155698234
2004-03-01,Italy,-0.03423942024792204
2004-03-01,Japan,0.1294862366588765
2004-03-01,Korea,0.0337387210670852
2004-03-01,Malaysia,0.02017458699660568
2004-03-01,Mexico,0.04815363139869966
2004-03-01,NASDAQ,-0.01717461488234862
2004-03-01,Netherlands,-0.05128126700810787
2004-03-01,Philippines,-0.04060431166185707
2004-03-01,Poland,0.02877658627018675
2004-03-01,Singapore,-0.004816386044089516
2004-03-01,South Africa,0.03178257686676433
2004-03-01,Spain,-0.04218936175467769
2004-03-01,Sweden,-0.02061063353226955
2004-03-01,Switzerland,-0.02489318723867795
2004-03-01,Taiwan,-0.02561567051521096
2004-03-01,Thailand,-0.0577057063621087
2004-03-01,Turkey,0.06828503557980059
2004-03-01,U.K.,-0.01221509285412103
2004-03-01,U.S.,-0.01508780513000152
2004-03-01,US SmallCap,0.009199889477230716
2004-04-01,Australia,-0.05885918094364861
2004-04-01,Brazil,-0.1496294896120981
2004-04-01,Canada,-0.08320361572056334
2004-04-01,Chile,-0.03240242908008895
2004-04-01,ChinaA,-0.1370036462715871
2004-04-01,ChinaH,-0.1360269924263271
2004-04-01,Denmark,-0.01667879194116551
2004-04-01,France,-0.01238990927675321
2004-04-01,Germany,-0.002808591716596309
2004-04-01,Hong Kong,-0.04796717995295519
2004-04-01,India,-0.01304075671164284
2004-04-01,Indonesia,0.08549874266554913
2004-04-01,Italy,0.01352734395703736
2004-04-01,Japan,-0.05441426534837313
2004-04-01,Korea,-0.06337760910815948
2004-04-01,Malaysia,-0.06762567036216116
2004-04-01,Mexico,-0.07156848898232449
2004-04-01,NASDAQ,-0.03691962478326671
2004-04-01,Netherlands,-0.01501319679568014
2004-04-01,Philippines,0.1016490321667434
2004-04-01,Poland,-0.03408129213185485
2004-04-01,Singapore,-0.01709451918812999
2004-04-01,South Africa,-0.132608209789168
2004-04-01,Spain,-0.01204601198041932
2004-04-01,Sweden,-0.01120421304170716
2004-04-01,Switzerland,0.008232420117335382
2004-04-01,Taiwan,-0.06713496534966845
2004-04-01,Thailand,-0.00827836172526275
2004-04-01,Turkey,-0.1687761845610309
2004-04-01,U.K.,-0.004339592912867229
2004-04-01,U.S.,-0.01569202789289936
2004-04-01,US SmallCap,-0.05099151320923523
2004-05-01,Australia,0.01060554350842069
2004-05-01,Brazil,-0.01815726115064831
2004-05-01,Canada,0.0267525323814628
2004-05-01,Chile,-0.008614405526348401
2004-05-01,ChinaA,0.06308443759344029
2004-05-01,ChinaH,0.06229054147624979
2004-05-01,Denmark,0.004381156208516757
2004-05-01,France,0.01851873500746404
2004-05-01,Germany,0.0003923226010646985
2004-05-01,Hong Kong,0.004872030831672092
2004-05-01,India,-0.1583101370635285
2004-05-01,Indonesia,-0.1135135135135136
2004-05-01,Italy,-0.002747530635052509
2004-05-01,Japan,-0.03555762353733039
2004-05-01,Korea,-0.06280388978930307
2004-05-01,Malaysia,-0.04118835974686252
2004-05-01,Mexico,0.01234472521716357
2004-05-01,NASDAQ,0.03517643254945257
2004-05-01,Netherlands,0.01562629493578549
2004-05-01,Philippines,-0.02105584375953617
2004-05-01,Poland,0.005586935461438403
2004-05-01,Singapore,-0.0134578695203631
2004-05-01,South Africa,0.07475572896856075
2004-05-01,Spain,0.0009644635963139692
2004-05-01,Sweden,0.01394284514845046
2004-05-01,Switzerland,0.00772955766052541
2004-05-01,Taiwan,-0.02740478480248498
2004-05-01,Thailand,-0.01030641482954209
2004-05-01,Turkey,-0.09338182035397102
2004-05-01,U.K.,0.02608163637401395
2004-05-01,U.S.,0.01370690656993001
2004-05-01,US SmallCap,0.01590743598862754
2004-06-01,Australia,-0.002131677360317052
2004-06-01,Brazil,0.0489834964633713
2004-06-01,Canada,0.04263722718350271
2004-06-01,Chile,0.03417248011749296
2004-06-01,ChinaA,-0.008337518834756419
2004-06-01,ChinaH,-0.007630668682970909
2004-06-01,Denmark,0.05818510042289238
2004-06-01,France,0.01440685112737161
2004-06-01,Germany,0.02728045180860184
2004-06-01,Hong Kong,-0.0001177723827596733
2004-06-01,India,0.003432685867381213
2004-06-01,Indonesia,-0.005226480836237002
2004-06-01,Italy,0.02821497513122484
2004-06-01,Japan,0.05353324884201349
2004-06-01,Korea,-0.02248162559446609
2004-06-01,Malaysia,0.01225768440414443
2004-06-01,Mexico,0.01774571543687542
2004-06-01,NASDAQ,0.0311046312733172
2004-06-01,Netherlands,0.01855521642606806
2004-06-01,Philippines,0.04877608610053819
2004-06-01,Poland,0.05607373282878503
2004-06-01,Singapore,0.02352308354027399
2004-06-01,South Africa,0.0094451273113354
2004-06-01,Spain,0.01204772304895063
2004-06-01,Sweden,0.03092167745556362
2004-06-01,Switzerland,0.0002881102782652523
2004-06-01,Taiwan,-0.03231829440086686
2004-06-01,Thailand,0.006056219441941568
2004-06-01,Turkey,0.08021438342691556
2004-06-01,U.K.,0.003749488799243306
2004-06-01,U.S.,0.01945175589035264
2004-06-01,US SmallCap,0.04213756836942206
2004-07-01,Australia,0.005018221574343951
2004-07-01,Brazil,0.0833846032193617
2004-07-01,Canada,0.00099763751920956
2004-07-01,Chile,0.02805644465667823
2004-07-01,ChinaA,0.003518955676132585
2004-07-01,ChinaH,0.003542527849786259
2004-07-01,Denmark,-0.01892653860053495
2004-07-01,France,-0.03103423971722952
2004-07-01,Germany,-0.0491257939977755
2004-07-01,Hong Kong,0.01352454720831342
2004-07-01,India,0.07008760951188986
2004-07-01,Indonesia,0.08318739054290725
2004-07-01,Italy,-0.0244080729256454
2004-07-01,Japan,-0.0593021490386606
2004-07-01,Korea,-0.08359133126934981
2004-07-01,Malaysia,0.01496375632544389
2004-07-01,Mexico,-0.01674369701524125
2004-07-01,NASDAQ,-0.0781129564194305
2004-07-01,Netherlands,-0.04997742436529562
2004-07-01,Philippines,-0.005005866249511159
2004-07-01,Poland,-0.01348967465364859
2004-07-01,Singapore,0.02777823470519825
2004-07-01,South Africa,0.01010695046048649
2004-07-01,Spain,-0.0271886092509811
2004-07-01,Sweden,-0.04412822578487385
2004-07-01,Switzerland,-0.03372225899437686
2004-07-01,Taiwan,-0.08768896319010566
2004-07-01,Thailand,-0.02375603811537397
2004-07-01,Turkey,0.09674135034876685
2004-07-01,U.K.,-0.008377654986124417
2004-07-01,U.S.,-0.0331000300474219
2004-07-01,US SmallCap,-0.06732946129451156
2004-08-01,Australia,0.02283877586205207
2004-08-01,Brazil,0.06258016191547666
2004-08-01,Canada,0.0004969031390222867
2004-08-01,Chile,0.0806728637705687
2004-08-01,ChinaA,0.004112264378661967
2004-08-01,ChinaH,0.004132177312732077
2004-08-01,Denmark,0.0177206641970975
2004-08-01,France,-0.001691495513470143
2004-08-01,Germany,-0.01875861261555112
2004-08-01,Hong Kong,0.0712787870233369
2004-08-01,India,0.001442495126705801
2004-08-01,Indonesia,-0.009700889248181133
2004-08-01,Italy,-0.009789949263569575
2004-08-01,Japan,0.007106147810052921
2004-08-01,Korea,0.09507722007722008
2004-08-01,Malaysia,-0.007449574963230954
2004-08-01,Mexico,0.01264718951028776
2004-08-01,NASDAQ,-0.025329643370544
2004-08-01,Netherlands,-0.008616788352771465
2004-08-01,Philippines,-0.01897649555852532
2004-08-01,Poland,0.02358904753144309
2004-08-01,Singapore,0.02618002584296741
2004-08-01,South Africa,0.04114105932582923
2004-08-01,Spain,0.0005235359763842151
2004-08-01,Sweden,0.01650748916767397
2004-08-01,Switzerland,-0.01196962079857755
2004-08-01,Taiwan,0.06590847959987989
2004-08-01,Thailand,-0.006963348423094762
2004-08-01,Turkey,0.01646618318300996
2004-08-01,U.K.,0.01579554184172882
2004-08-01,U.S.,0.004036579194311773
2004-08-01,US SmallCap,-0.005178431018097895
2004-09-01,Australia,0.07206309595806015
2004-09-01,Brazil,0.0952939438897713
2004-09-01,Canada,0.07592025928209711
2004-09-01,Chile,0.03577982813712466
2004-09-01,ChinaA,0.06558358683870069
2004-09-01,ChinaH,0.06533434148545991
2004-09-01,Denmark,0.06228976178159829
2004-09-01,France,0.03390648170651667
2004-09-01,Germany,0.05279500192569841
2004-09-01,Hong Kong,0.0182896144138962
2004-09-01,India,0.08640557480437572
2004-09-01,Indonesia,0.1248979591836736
2004-09-01,Italy,0.05693760894560351
2004-09-01,Japan,-0.02621140249838061
2004-09-01,Korea,0.03613926840017645
2004-09-01,Malaysia,0.03322403186905509
2004-09-01,Mexico,0.05845578792159989
2004-09-01,NASDAQ,0.03237719976147102
2004-09-01,Netherlands,0.02143602608801576
2004-09-01,Philippines,0.1303887945126447
2004-09-01,Poland,0.09104015948184063
2004-09-01,Singapore,0.0492700978046281
2004-09-01,South Africa,0.08570890874385007
2004-09-01,Spain,0.03944563009383772
2004-09-01,Sweden,0.07810776752973214
2004-09-01,Switzerland,0.02490470884195428
2004-09-01,Taiwan,0.0008651808549506868
2004-09-01,Thailand,0.03660568243775364
2004-09-01,Turkey,0.07805599205677938
2004-09-01,U.K.,0.0349781150405537
2004-09-01,U.S.,0.01082461218884156
2004-09-01,US SmallCap,0.04695290454329193
2004-10-01,Australia,0.05434461399897605
2004-10-01,Brazil,0.01923569283576376
2004-10-01,Canada,0.06313687508584254
2004-10-01,Chile,0.02755615337562167
2004-10-01,ChinaA,-0.02448758598342071
2004-10-01,ChinaH,-0.02630945631202608
2004-10-01,Denmark,-0.008953989156418207
2004-10-01,France,0.04160847261866096
2004-10-01,Germany,0.04062405308235983
2004-10-01,Hong Kong,-0.003782452307089845
2004-10-01,India,0.03561894182358949
2004-10-01,Indonesia,0.06023222060957911
2004-10-01,Italy,0.05797783193646588
2004-10-01,Japan,0.0251907537588445
2004-10-01,Korea,0.01871544023819638
2004-10-01,Malaysia,0.01445589739554665
2004-10-01,Mexico,0.05480928666231177
2004-10-01,NASDAQ,0.04139053278448879
2004-10-01,Netherlands,0.04197108236175096
2004-10-01,Philippines,0.03972552244307703
2004-10-01,Poland,0.06731757056226928
2004-10-01,Singapore,0.008361516949108472
2004-10-01,South Africa,0.04696618269762531
2004-10-01,Spain,0.08432971735644168
2004-10-01,Sweden,0.01402357596065928
2004-10-01,Switzerland,0.01875770879719951
2004-10-01,Taiwan,-0.002688698025724578
2004-10-01,Thailand,-0.007056760902914738
2004-10-01,Turkey,0.06441691456049559
2004-10-01,U.K.,0.0254228324097665
2004-10-01,U.S.,0.0152810130312282
2004-10-01,US SmallCap,0.01966465490230185
2004-11-01,Australia,0.08410649228266687
2004-11-01,Brazil,0.1038429566913102
2004-11-01,Canada,0.04101635255720892
2004-11-01,Chile,0.06670687721357638
2004-11-01,ChinaA,0.1005058298679291
2004-11-01,ChinaH,0.09948933638865731
2004-11-01,Denmark,0.07638250532031199
2004-11-01,France,0.05768724828124494
2004-11-01,Germany,0.08820845560201906
2004-11-01,Hong Kong,0.09138933446417274
2004-11-01,India,0.1192539921454647
2004-11-01,Indonesia,0.1772758384668034
2004-11-01,Italy,0.07713959258943204
2004-11-01,Japan,0.04807356007019425
2004-11-01,Korea,0.1081419624217121
2004-11-01,Malaysia,0.06401131801512783
2004-11-01,Mexico,0.07402511768142372
2004-11-01,NASDAQ,0.07352523381592446
2004-11-01,Netherlands,0.0662803676698458
2004-11-01,Philippines,0.00670884695101992
2004-11-01,Poland,0.08444665810539953
2004-11-01,Singapore,0.02800841363644091
2004-11-01,South Africa,0.1306817196332417
2004-11-01,Spain,0.07850369602186835
2004-11-01,Sweden,0.1257203997435321
2004-11-01,Switzerland,0.07352393353898967
2004-11-01,Taiwan,0.06386035738374085
2004-11-01,Thailand,0.09982048791971976
2004-11-01,Turkey,0.01348728561763535
2004-11-01,U.K.,0.07034244689009905
2004-11-01,U.S.,0.04045696916727493
2004-11-01,US SmallCap,0.08652067464197821
2004-12-01,Australia,0.0479044790345331
2004-12-01,Brazil,0.0960869749182276
2004-12-01,Canada,0.0188291052580194
2004-12-01,Chile,0.05470329735800217
2004-12-01,ChinaA,-0.01780078707064525
2004-12-01,ChinaH,-0.01825815940074216
2004-12-01,Denmark,0.03801079175921962
2004-12-01,France,0.04063508345527289
2004-12-01,Germany,0.05384204204799592
2004-12-01,Hong Kong,0.02322760977780747
2004-12-01,India,0.07685411320988034
2004-12-01,Indonesia,-0.001744186046511609
2004-12-01,Italy,0.07837696743395117
2004-12-01,Japan,0.05089751265336906
2004-12-01,Korea,0.04483798040693276
2004-12-01,Malaysia,-0.007867036011080408
2004-12-01,Mexico,0.08195844347541681
2004-12-01,NASDAQ,0.03818429391030231
2004-12-01,Netherlands,0.046312043321868
2004-12-01,Philippines,-0.0006501598309583967
2004-12-01,Poland,0.1320459536253786
2004-12-01,Singapore,0.03302771115744618
2004-12-01,South Africa,0.04163947319979244
2004-12-01,Spain,0.0670035938049045
2004-12-01,Sweden,0.01842453394223909
2004-12-01,Switzerland,0.04564494992000889
2004-12-01,Taiwan,0.06786194659086942
2004-12-01,Thailand,0.03885157734193134
2004-12-01,Turkey,0.191530798615047
2004-12-01,U.K.,0.03397282560432391
2004-12-01,U.S.,0.03400356926071257
2004-12-01,US SmallCap,0.02950810302323226
2005-01-01,Australia,0.008908666404388699
2005-01-01,Brazil,-0.02646047674510033
2005-01-01,Canada,-0.03968075462769693
2005-01-01,Chile,-0.04883475785095082
2005-01-01,ChinaA,-0.02177608520603258
2005-01-01,ChinaH,-0.01836097894173072
2005-01-01,Denmark,-0.02704970141987018
2005-01-01,France,-0.01662966928223897
2005-01-01,Germany,-0.04089064437131651
2005-01-01,Hong Kong,-0.04142492214981153
2005-01-01,India,-0.01926334223294002
2005-01-01,Indonesia,0.05765870704717546
2005-01-01,Italy,-0.02312625260443446
2005-01-01,Japan,-0.02324243373452939
2005-01-01,Korea,0.06743598990263244
2005-01-01,Malaysia,0.01673857415484203
2005-01-01,Mexico,0.001436168193284404
2005-01-01,NASDAQ,-0.05180284192028517
2005-01-01,Netherlands,-0.00436920782185235
2005-01-01,Philippines,0.1350230414746543
2005-01-01,Poland,-0.05921761668567171
2005-01-01,Singapore,0.0178784725138772
2005-01-01,South Africa,-0.04926881970913433
2005-01-01,Spain,-0.02781390685435292
2005-01-01,Sweden,-0.04790175991699575
2005-01-01,Switzerland,-0.03093225106767727
2005-01-01,Taiwan,-0.03049900312787157
2005-01-01,Thailand,0.04798454603992286
2005-01-01,Turkey,0.08441068888794168
2005-01-01,U.K.,-0.006478694647485184
2005-01-01,U.S.,-0.02437615154890138
2005-01-01,US SmallCap,-0.04175010488657072
2005-02-01,Australia,0.05655206983899141
2005-02-01,Brazil,0.1749008896079487
2005-02-01,Canada,0.06434172275816152
2005-02-01,Chile,0.07170321944473024
2005-02-01,ChinaA,0.0740795234478453
2005-02-01,ChinaH,0.0739676201395616
2005-02-01,Denmark,0.07732305013497065
2005-02-01,France,0.04945398212728325
2005-02-01,Germany,0.04058178657005929
2005-02-01,Hong Kong,0.03341759865180571
2005-02-01,India,0.02732568350799136
2005-02-01,Indonesia,0.007158590308369961
2005-02-01,Italy,0.03166121874771699
2005-02-01,Japan,0.0203853827167233
2005-02-01,Korea,0.1027027027027028
2005-02-01,Malaysia,-0.007713120108841176
2005-02-01,Mexico,0.07800814970979375
2005-02-01,NASDAQ,-0.004321695391146574
2005-02-01,Netherlands,0.06469246802772899
2005-02-01,Philippines,0.03960975376752396
2005-02-01,Poland,0.1922659179143562
2005-02-01,Singapore,0.008332902077997861
2005-02-01,South Africa,0.08170196946526187
2005-02-01,Spain,0.03482425126127331
2005-02-01,Sweden,0.06383170305732722
2005-02-01,Switzerland,0.05654616833957937
2005-02-01,Taiwan,0.05934058435314649
2005-02-01,Thailand,0.08089608729846631
2005-02-01,Turkey,0.08477374301409824
2005-02-01,U.K.,0.05451812905701736
2005-02-01,U.S.,0.02104224280875933
2005-02-01,US SmallCap,0.01691609614510869
2005-03-01,Australia,-0.03601159037014612
2005-03-01,Brazil,-0.08584442959155458
2005-03-01,Canada,0.01415712067101271
2005-03-01,Chile,0.01265278234683809
2005-03-01,ChinaA,-0.051728606230239
2005-03-01,ChinaH,-0.05169265656521038
2005-03-01,Denmark,-0.0001748908955877537
2005-03-01,France,-0.01328480569688406
2005-03-01,Germany,-0.02270940456988779
2005-03-01,Hong Kong,-0.03265262395903534
2005-03-01,India,-0.0330241768887749
2005-03-01,Indonesia,-0.01038819026790605
2005-03-01,Italy,-0.002714394774789963
2005-03-01,Japan,-0.02614681065250768
2005-03-01,Korea,-0.06158088235294124
2005-03-01,Malaysia,-0.04068022415197736
2005-03-01,Mexico,-0.0955112609808425
2005-03-01,NASDAQ,-0.02500510853839966
2005-03-01,Netherlands,-0.03802481208907416
2005-03-01,Philippines,-0.0673566202230671
2005-03-01,Poland,-0.1102155453200198
2005-03-01,Singapore,-0.007124529987353023
2005-03-01,South Africa,-0.0942574613167535
2005-03-01,Spain,-0.03404093310283929
2005-03-01,Sweden,-0.03409620195508278
2005-03-01,Switzerland,-0.02801872194794752
2005-03-01,Taiwan,-0.05928836891209921
2005-03-01,Thailand,-0.09785240850850963
2005-03-01,Turkey,-0.1439270168211001
2005-03-01,U.K.,-0.01650035327546884
2005-03-01,U.S.,-0.01770865669552024
2005-03-01,US SmallCap,-0.02869151404820003
2005-04-01,Australia,-0.01332409261882661
2005-04-01,Brazil,-0.04160301921851295
2005-04-01,Canada,-0.05414541056915678
2005-04-01,Chile,-0.009359242660852307
2005-04-01,ChinaA,-0.003470893686799648
2005-04-01,ChinaH,-0.00392465897003913
2005-04-01,Denmark,-0.03437403976509457
2005-04-01,France,-0.04525351565386437
2005-04-01,Germany,-0.05633342049040235
2005-04-01,Hong Kong,0.04265422531652163
2005-04-01,India,-0.05158163039794916
2005-04-01,Indonesia,-0.04640883977900545
2005-04-01,Italy,-0.04731983377683813
2005-04-01,Japan,-0.02577608821857402
2005-04-01,Korea,-0.04864511916421821
2005-04-01,Malaysia,0.008535917557996653
2005-04-01,Mexico,-0.02125724961402242
2005-04-01,NASDAQ,-0.0385376502129251
2005-04-01,Netherlands,-0.05908491011842232
2005-04-01,Philippines,-0.03590122544491658
2005-04-01,Poland,-0.1121031112434591
2005-04-01,Singapore,0.004790637644127127
2005-04-01,South Africa,-0.01031107125045094
2005-04-01,Spain,-0.03308982301119534
2005-04-01,Sweden,-0.03870514847788387
2005-04-01,Switzerland,-0.007880842293247037
2005-04-01,Taiwan,-0.013419067624026
2005-04-01,Thailand,-0.02945105353362232
2005-04-01,Turkey,-0.09957168322681931
2005-04-01,U.K.,-0.007970152435035516
2005-04-01,U.S.,-0.0189627721468083
2005-04-01,US SmallCap,-0.0572743308396082
2005-05-01,Australia,-0.002938126918715867
2005-05-01,Brazil,0.07415951188217473
2005-05-01,Canada,0.02210531295849294
2005-05-01,Chile,0.01967065112241806
2005-05-01,ChinaA,-0.001155770428732161
2005-05-01,ChinaH,-0.003262000615765981
2005-05-01,Denmark,0.02784302031006036
2005-05-01,France,0.01058768201047755
2005-05-01,Germany,0.01423117660237194
2005-05-01,Hong Kong,0.002411012496724929
2005-05-01,India,0.09081588268191143
2005-05-01,Indonesia,0.06894553881807641
2005-05-01,Italy,-0.01885172590264927
2005-05-01,Japan,-0.009279023074865167
2005-05-01,Korea,0.04941660947151694
2005-05-01,Malaysia,-0.02118176270805405
2005-05-01,Mexico,0.08864283793557015
2005-05-01,NASDAQ,0.07727218351307297
2005-05-01,Netherlands,0.001370331335808217
2005-05-01,Philippines,0.03691875319366389
2005-05-01,Poland,0.029931785466218
2005-05-01,Singapore,0.01135527948137161
2005-05-01,South Africa,-0.04273849339876234
2005-05-01,Spain,0.0008000686616649322
2005-05-01,Sweden,0.02797380998460031
2005-05-01,Switzerland,-0.001318127502712652
2005-05-01,Taiwan,0.0405947399139619
2005-05-01,Thailand,-0.01230929039797446
2005-05-01,Turkey,0.111438666968724
2005-05-01,U.K.,-0.004990920570215884
2005-05-01,U.S.,0.03181656731722748
2005-05-01,US SmallCap,0.06544894367616116
2005-06-01,Australia,0.06028830525603501
2005-06-01,Brazil,0.03890178950508161
2005-06-01,Canada,0.06100316754530466
2005-06-01,Chile,0.06406504621383347
2005-06-01,ChinaA,0.04114989056506091
2005-06-01,ChinaH,0.04033563502428117
2005-06-01,Denmark,0.01700702995638381
2005-06-01,France,0.007342874271168531
2005-06-01,Germany,0.008829563237922944
2005-06-01,Hong Kong,0.03583560219675497
2005-06-01,India,0.08314107493805012
2005-06-01,Indonesia,0.0281842818428184
2005-06-01,Italy,0.0009672374220544011
2005-06-01,Japan,-0.001324577898443202
2005-06-01,Korea,0.003924133420536213
2005-06-01,Malaysia,0.03340609943287554
2005-06-01,Mexico,0.05860279106650124
2005-06-01,NASDAQ,-0.004803200466225399
2005-06-01,Netherlands,0.04644988530139993
2005-06-01,Philippines,-0.02869286682271788
2005-06-01,Poland,0.07813334167411479
2005-06-01,Singapore,0.02085268062031376
2005-06-01,South Africa,0.05690931102595131
2005-06-01,Spain,0.01704170368995284
2005-06-01,Sweden,-0.00997720380882161
2005-06-01,Switzerland,-0.00679869123034571
2005-06-01,Taiwan,0.02319763553898557
2005-06-01,Thailand,-0.003063089118803153
2005-06-01,Turkey,0.076265028300319
2005-06-01,U.K.,0.02026553650363239
2005-06-01,U.S.,0.001421418566774246
2005-06-01,US SmallCap,0.03856224387892682
2005-07-01,Australia,0.02209814411649869
2005-07-01,Brazil,0.03899972385060302
2005-07-01,Canada,0.05488291691174596
2005-07-01,Chile,0.08458073426395973
2005-07-01,ChinaA,0.07254452092210206
2005-07-01,ChinaH,0.07266884654414252
2005-07-01,Denmark,0.03107497134560311
2005-07-01,France,0.05690741613554118
2005-07-01,Germany,0.06969927513914431
2005-07-01,Hong Kong,0.05713853498693644
2005-07-01,India,0.05628747238876608
2005-07-01,Indonesia,0.07485503426462836
2005-07-01,Italy,0.04227402171482431
2005-07-01,Japan,0.009930676626637824
2005-07-01,Korea,0.1237785016286643
2005-07-01,Malaysia,0.07543674610631923
2005-07-01,Mexico,0.09305374581846215
2005-07-01,NASDAQ,0.06241129692673941
2005-07-01,Netherlands,0.02044463704577071
2005-07-01,Philippines,0.009956748392333958
2005-07-01,Poland,0.07425791463994025
2005-07-01,Singapore,0.07667808860631498
2005-07-01,South Africa,0.08554888569271335
2005-07-01,Spain,0.04200991761562878
2005-07-01,Sweden,0.05616098965660665
2005-07-01,Switzerland,0.05425913462210796
2005-07-01,Taiwan,0.0007788636717664943
2005-07-01,Thailand,0.01537568900493191
2005-07-01,Turkey,0.1087509034070786
2005-07-01,U.K.,0.01462180752900499
2005-07-01,U.S.,0.03718665655128883
2005-07-01,US SmallCap,0.06334762070410171
2005-08-01,Australia,0.0176424634248038
2005-08-01,Brazil,0.1108993426543072
2005-08-01,Canada,0.05926468675294694
2005-08-01,Chile,0.001966541972951097
2005-08-01,ChinaA,0.003087536398857837
2005-08-01,ChinaH,0.00283106462745919
2005-08-01,Denmark,0.04981718392948342
2005-08-01,France,0.002765861283202664
2005-08-01,Germany,0.003155264959328496
2005-08-01,Hong Kong,-0.01028129865972016
2005-08-01,India,0.00326126193410281
2005-08-01,Indonesia,-0.1569396763119176
2005-08-01,Italy,0.00550931578222924
2005-08-01,Japan,0.06946592628569115
2005-08-01,Korea,-0.02666666666666662
2005-08-01,Malaysia,-0.03165571834520431
2005-08-01,Mexico,-0.0131047379628193
2005-08-01,NASDAQ,-0.01414419219887497
2005-08-01,Netherlands,-0.01145386636240386
2005-08-01,Philippines,-0.02553186145228947
2005-08-01,Poland,0.06415818589124767
2005-08-01,Singapore,-0.03617160483262294
2005-08-01,South Africa,0.06379642056686485
2005-08-01,Spain,-0.001104674247351278
2005-08-01,Sweden,0.006463355721405106
2005-08-01,Switzerland,0.008319824002920084
2005-08-01,Taiwan,-0.06888255755721895
2005-08-01,Thailand,0.0548441558441557
2005-08-01,Turkey,0.02887489499715601
2005-08-01,U.K.,0.03994007744707306
2005-08-01,U.S.,-0.009123131918274074
2005-08-01,US SmallCap,-0.01858138028922662
2005-09-01,Australia,0.07341429706377034
2005-09-01,Brazil,0.1900673212308246
2005-09-01,Canada,0.06021473499973462
2005-09-01,Chile,0.07889833352225484
2005-09-01,ChinaA,0.05256467720925007
2005-09-01,ChinaH,0.05061964341242353
2005-09-01,Denmark,0.007248324352916224
2005-09-01,France,0.0252176487674356
2005-09-01,Germany,0.02256066744812601
2005-09-01,Hong Kong,0.03201846706057121
2005-09-01,India,0.098053325723644
2005-09-01,Indonesia,0.02908667830133793
2005-09-01,Italy,0.01905729464058736
2005-09-01,Japan,0.09863299852243879
2005-09-01,Korea,0.1143537820131031
2005-09-01,Malaysia,0.02434046737279782
2005-09-01,Mexico,0.1314620034112672
2005-09-01,NASDAQ,0.0003298411575551885
2005-09-01,Netherlands,0.01248436734267599
2005-09-01,Philippines,0.01381567924941685
2005-09-01,Poland,0.1133117403446002
2005-09-01,Singapore,0.007310270856474066
2005-09-01,South Africa,0.1021650391790303
2005-09-01,Spain,0.06149903831244585
2005-09-01,Sweden,0.04330297102322178
2005-09-01,Switzerland,0.0335430101188241
2005-09-01,Taiwan,0.006176978286545065
2005-09-01,Thailand,0.03981630818856741
2005-09-01,Turkey,0.08381959807514439
2005-09-01,U.K.,0.01976172019817324
2005-09-01,U.S.,0.008099060714188422
2005-09-01,US SmallCap,0.003167628298856862
2005-10-01,Australia,-0.06213110918837705
2005-10-01,Brazil,-0.05993231180623115
2005-10-01,Canada,-0.0720825217788722
2005-10-01,Chile,-0.07077391853499715
2005-10-01,ChinaA,-0.09854516057128981
2005-10-01,ChinaH,-0.09917492791843052
2005-10-01,Denmark,-0.0220816639676692
2005-10-01,France,-0.04297246519157483
2005-10-01,Germany,-0.03088833884004305
2005-10-01,Hong Kong,-0.06500595116832197
2005-10-01,India,-0.1002237237576552
2005-10-01,Indonesia,-0.02939513849632569
2005-10-01,Italy,-0.06962570067834373
2005-10-01,Japan,-0.01213965407259576
2005-10-01,Korea,-0.06173169428113301
2005-10-01,Malaysia,-0.02078752432295672
2005-10-01,Mexico,-0.02162332218603402
2005-10-01,NASDAQ,-0.01376331796731378
2005-10-01,Netherlands,-0.02152653772752222
2005-10-01,Philippines,0.03564482298353777
2005-10-01,Poland,-0.09890857074696069
2005-10-01,Singapore,-0.03812001782177155
2005-10-01,South Africa,-0.0953609148476664
2005-10-01,Spain,-0.03698683899402044
2005-10-01,Sweden,-0.05612386167682881
2005-10-01,Switzerland,0.01480066096739674
2005-10-01,Taiwan,-0.06921225211038562
2005-10-01,Thailand,-0.0689700084066448
2005-10-01,Turkey,-0.05285499366692448
2005-10-01,U.K.,-0.02950027018228629
2005-10-01,U.S.,-0.01666630702411653
2005-10-01,US SmallCap,-0.03105710971668896
2005-11-01,Australia,0.03830385539757342
2005-11-01,Brazil,0.0889736593946211
2005-11-01,Canada,0.05413073772537502
2005-11-01,Chile,0.03213425991801255
2005-11-01,ChinaA,0.07016851071367936
2005-11-01,ChinaH,0.07048165417031216
2005-11-01,Denmark,0.0220742746375695
2005-11-01,France,0.01508550630934891
2005-11-01,Germany,0.0351659509372817
2005-11-01,Hong Kong,0.02826183212497813
2005-11-01,India,0.09660689170182835
2005-11-01,Indonesia,0.06290040768782768
2005-11-01,Italy,0.02154629292665655
2005-11-01,Japan,0.04259368702927091
2005-11-01,Korea,0.1219025918541725
2005-11-01,Malaysia,-0.009616562829191988
2005-11-01,Mexico,0.08346732828842773
2005-11-01,NASDAQ,0.05394992259984077
2005-11-01,Netherlands,0.05063617554799249
2005-11-01,Philippines,0.1091458100627232
2005-11-01,Poland,0.05284097495151596
2005-11-01,Singapore,0.0426733626634781
2005-11-01,South Africa,0.08138897061390171
2005-11-01,Spain,-0.00893256657025654
2005-11-01,Sweden,0.01571244734724209
2005-11-01,Switzerland,0.03481399864122703
2005-11-01,Taiwan,0.08961712534310395
2005-11-01,Thailand,-0.008215484789907412
2005-11-01,Turkey,0.1934324028036827
2005-11-01,U.K.,0.01094938000329004
2005-11-01,U.S.,0.03781930729162375
2005-11-01,US SmallCap,0.04842128179548033
2005-12-01,Australia,0.0250474006094803
2005-12-01,Brazil,-0.01114265290662875
2005-12-01,Canada,0.04451135438194664
2005-12-01,Chile,-0.02030546471338612
2005-12-01,ChinaA,0.03206138460212093
2005-12-01,ChinaH,0.03191698480192851
2005-12-01,Denmark,0.06556365103790185
2005-12-01,France,0.03426990293771359
2005-12-01,Germany,0.04112605038264716
2005-12-01,Hong Kong,0.009661164693402613
2005-12-01,India,0.09627254509018046
2005-12-01,Indonesia,0.08931506849315074
2005-12-01,Italy,0.04569335994311263
2005-12-01,Japan,0.08538681190653352
2005-12-01,Korea,0.1137344503681137
2005-12-01,Malaysia,0.01271767997291495
2005-12-01,Mexico,0.04785927045368998
2005-12-01,NASDAQ,-0.01173783222044633
2005-12-01,Netherlands,0.05004261299680324
2005-12-01,Philippines,0.01534954239107589
2005-12-01,Poland,0.05895276491666701
2005-12-01,Singapore,0.04164740716635396
2005-12-01,South Africa,0.1160088260317211
2005-12-01,Spain,0.01652433373472206
2005-12-01,Sweden,0.06875738683670773
2005-12-01,Switzerland,0.02163657465360136
2005-12-01,Taiwan,0.07165330636344525
2005-12-01,Thailand,0.09191393327007402
2005-12-01,Turkey,0.03511518787785484
2005-12-01,U.K.,0.0297313991786472
2005-12-01,U.S.,0.0003003992685424173
2005-12-01,US SmallCap,-0.004694473634900165
2006-01-01,Australia,0.0721854589883042
2006-01-01,Brazil,0.2489328524196297
2006-01-01,Canada,0.08784939261911329
2006-01-01,Chile,0.037558755306077
2006-01-01,ChinaA,0.1406880697158437
2006-01-01,ChinaH,0.1412410686237158
2006-01-01,Denmark,0.02427902429225837
2006-01-01,France,0.08102740990575175
2006-01-01,Germany,0.08270292816410785
2006-01-01,Hong Kong,0.05441577220446225
2006-01-01,India,0.07684995612752266
2006-01-01,Indonesia,0.124748490945674
2006-01-01,Italy,0.05211139462756398
2006-01-01,Japan,0.05039378098519909
2006-01-01,Korea,0.07864144062001377
2006-01-01,Malaysia,0.03039294329119246
2006-01-01,Mexico,0.08314168540397548
2006-01-01,NASDAQ,0.04677066145665632
2006-01-01,Netherlands,0.0494319288894387
2006-01-01,Philippines,0.04801194576448542
2006-01-01,Poland,0.07598837052087415
2006-01-01,Singapore,0.05724440249731555
2006-01-01,South Africa,0.1626101166865002
2006-01-01,Spain,0.06248824636886496
2006-01-01,Sweden,0.0562128066753258
2006-01-01,Switzerland,0.06045615444870012
2006-01-01,Taiwan,0.03065561417981555
2006-01-01,Thailand,0.1318552270004931
2006-01-01,Turkey,0.1416465781984282
2006-01-01,U.K.,0.0601952374942436
2006-01-01,U.S.,0.02648434311038539
2006-01-01,US SmallCap,0.08967528661563096
2006-02-01,Australia,-0.01092994959628624
2006-02-01,Brazil,0.01979079220206148
2006-02-01,Canada,-0.01811854140132907
2006-02-01,Chile,0.04334641999211208
2006-02-01,ChinaA,0.03152535620547425
2006-02-01,ChinaH,0.03168769711469488
2006-02-01,Denmark,0.003623436996480489
2006-02-01,France,-0.01097434243269058
2006-02-01,Germany,0.005042656864929107
2006-02-01,Hong Kong,0.001882707950669138
2006-02-01,India,0.02441579605971556
2006-02-01,Indonesia,0.008497316636851604
2006-02-01,Italy,0.009000933618591445
2006-02-01,Japan,-0.00869247170740739
2006-02-01,Korea,-0.03233305156382082
2006-02-01,Malaysia,0.03542111866322917
2006-02-01,Mexico,-0.01406476106874954
2006-02-01,NASDAQ,-0.009736302787925921
2006-02-01,Netherlands,0.0200772390458237
2006-02-01,Philippines,0.0003224028371449084
2006-02-01,Poland,-0.003408754610831344
2006-02-01,Singapore,0.02627092284064614
2006-02-01,South Africa,-0.05768644695023728
2006-02-01,Spain,0.03662435879221659
2006-02-01,Sweden,-0.004080490120866864
2006-02-01,Switzerland,-0.01326754986568746
2006-02-01,Taiwan,-0.005540009906405019
2006-02-01,Thailand,-0.03249569421676246
2006-02-01,Turkey,0.06303127898731642
2006-02-01,U.K.,-0.001560797419075555
2006-02-01,U.S.,0.002703488801455212
2006-02-01,US SmallCap,-0.002785657444583256
2006-03-01,Australia,0.01051459699163204
2006-03-01,Brazil,-0.04763129299520008
2006-03-01,Canada,0.01547528692658995
2006-03-01,Chile,-0.006271747391799809
2006-03-01,ChinaA,0.03192498395515408
2006-03-01,ChinaH,0.03211092503760882
2006-03-01,Denmark,0.0552926190232903
2006-03-01,France,0.05894065513793034
2006-03-01,Germany,0.04403735892937122
2006-03-01,Hong Kong,0.01415262399495876
2006-03-01,India,0.0986970437285759
2006-03-01,Indonesia,0.1068736141906872
2006-03-01,Italy,0.02419909189024105
2006-03-01,Japan,0.020293065797784
2006-03-01,Korea,-0.00414937759336087
2006-03-01,Malaysia,0.01805273347518455
2006-03-01,Mexico,0.002744185826385026
2006-03-01,NASDAQ,0.03088607048218628
2006-03-01,Netherlands,0.04125981927048983
2006-03-01,Philippines,0.0600515678283291
2006-03-01,Poland,-0.005001128978635139
2006-03-01,Singapore,0.02520081795252338
2006-03-01,South Africa,0.07952526787835823
2006-03-01,Spain,0.01971808395641284
2006-03-01,Sweden,0.08486497761368139
2006-03-01,Switzerland,0.02133966719704339
2006-03-01,Taiwan,0.001228785516541819
2006-03-01,Thailand,-0.01243967828418224
2006-03-01,Turkey,-0.1199314449351097
2006-03-01,U.K.,0.03951219140181594
2006-03-01,U.S.,0.01243791347346335
2006-03-01,US SmallCap,0.04853291577180441
2006-04-01,Australia,0.08908119164181039
2006-04-01,Brazil,0.09553490960002842
2006-04-01,Canada,0.04877724586321541
2006-04-01,Chile,0.0186127189694969
2006-04-01,ChinaA,0.04824151026473666
2006-04-01,ChinaH,0.04741449248259877
2006-04-01,Denmark,0.06034231374354104
2006-04-01,France,0.033976953843041
2006-04-01,Germany,0.04544018745065959
2006-04-01,Hong Kong,0.0565125689166146
2006-04-01,India,0.03729240103767162
2006-04-01,Indonesia,0.140224358974359
2006-04-01,Italy,0.03694208091219142
2006-04-01,Japan,0.02881354652131485
2006-04-01,Korea,0.06776315789473686
2006-04-01,Malaysia,0.04277555433484181
2006-04-01,Mexico,0.05375735709574125
2006-04-01,NASDAQ,-0.007076353168013139
2006-04-01,Netherlands,0.02996702550087771
2006-04-01,Philippines,0.0002255786582974206
2006-04-01,Poland,0.1536138339712541
2006-04-01,Singapore,0.06446561769052939
2006-04-01,South Africa,0.04183607783058219
2006-04-01,Spain,0.04408459834646394
2006-04-01,Sweden,0.03324148030794216
2006-04-01,Switzerland,0.05757997494241796
2006-04-01,Taiwan,0.1002586916299435
2006-04-01,Thailand,0.08877185362145745
2006-04-01,Turkey,0.05065800313058477
2006-04-01,U.K.,0.06190603030508623
2006-04-01,U.S.,0.01342464214559236
2006-04-01,US SmallCap,-0.0002046086961352556
2006-05-01,Australia,-0.05702367988080592
2006-05-01,Brazil,-0.1623933678775331
2006-05-01,Canada,-0.02645102837751501
2006-05-01,Chile,-0.06758467278502445
2006-05-01,ChinaA,-0.05955475046598946
2006-05-01,ChinaH,-0.05909458494370678
2006-05-01,Denmark,-0.04414268278272981
2006-05-01,France,-0.0304508561376009
2006-05-01,Germany,-0.05266929361726014
2006-05-01,Hong Kong,-0.05544045010907972
2006-05-01,India,-0.143665459137891
2006-05-01,Indonesia,-0.1412508784258609
2006-05-01,Italy,-0.01060531681737054
2006-05-01,Japan,-0.06239836589619707
2006-05-01,Korea,-0.0768124871636886
2006-05-01,Malaysia,-0.02168943280866398
2006-05-01,Mexico,-0.1126267154680607
2006-05-01,NASDAQ,-0.06098742030105664
2006-05-01,Netherlands,-0.0471332602599589
2006-05-01,Philippines,0.003873194552033166
2006-05-01,Poland,-0.1193548122358408
2006-05-01,Singapore,-0.0805833954684837
2006-05-01,South Africa,-0.158349087647081
2006-05-01,Spain,-0.02828692521683296
2006-05-01,Sweden,-0.0677223446715931
2006-05-01,Switzerland,-0.03246186428169739
2006-05-01,Taiwan,-0.06705763632464001
2006-05-01,Thailand,-0.08945294968333917
2006-05-01,Turkey,-0.2759574704234313
2006-05-01,U.K.,-0.0136523772281717
2006-05-01,U.S.,-0.02877982718175087
2006-05-01,US SmallCap,-0.05616897033460722
2006-06-01,Australia,0.01016669799292091
2006-06-01,Brazil,0.06208138490324844
2006-06-01,Canada,-0.01573065981012489
2006-06-01,Chile,-0.01443840442208444
2006-06-01,ChinaA,0.01897969153465007
2006-06-01,ChinaH,0.02022843142452913
2006-06-01,Denmark,-0.01072369308870114
2006-06-01,France,0.006692638522306504
2006-06-01,Germany,-0.01150790581799399
2006-06-01,Hong Kong,0.002706656104927152
2006-06-01,India,0.02226750109154407
2006-06-01,Indonesia,0.002864157119476296
2006-06-01,Italy,-0.00305804055747072
2006-06-01,Japan,-0.01144704181265932
2006-06-01,Korea,-0.01557285873192438
2006-06-01,Malaysia,-0.02855838815578615
2006-06-01,Mexico,0.02548109729067827
2006-06-01,NASDAQ,-0.002625793287779343
2006-06-01,Netherlands,-0.001233331119985026
2006-06-01,Philippines,-0.06844243880521195
2006-06-01,Poland,0.003029736493786794
2006-06-01,Singapore,0.02482250590482726
2006-06-01,South Africa,-0.03613246911846291
2006-06-01,Spain,0.01288882661910939
2006-06-01,Sweden,0.003256248545415952
2006-06-01,Switzerland,-0.001636432946809596
2006-06-01,Taiwan,-0.02392580531822142
2006-06-01,Thailand,-0.04303583946722733
2006-06-01,Turkey,-0.07336214099066363
2006-06-01,U.K.,0.01385191965707144
2006-06-01,U.S.,0.001325828454455946
2006-06-01,US SmallCap,0.006395323237484485
2006-07-01,Australia,0.01348282859782057
2006-07-01,Brazil,0.01053539302068551
2006-07-01,Canada,0.002939297976274569
2006-07-01,Chile,0.003520710996630649
2006-07-01,ChinaA,0.02639004558604352
2006-07-01,ChinaH,0.02693336542616898
2006-07-01,Denmark,-0.003871978244420982
2006-07-01,France,0.005714729140689156
2006-07-01,Germany,-0.003625053975907511
2006-07-01,Hong Kong,0.01747708275074045
2006-07-01,India,0.0009016704631739092
2006-07-01,Indonesia,0.06405548755609947
2006-07-01,Italy,0.004563224747586414
2006-07-01,Japan,-0.005565059691794438
2006-07-01,Korea,-0.002711864406779618
2006-07-01,Malaysia,0.02768930542260262
2006-07-01,Mexico,0.06869910366199283
2006-07-01,NASDAQ,-0.03689803838804862
2006-07-01,Netherlands,0.02454991434370579
2006-07-01,Philippines,0.1498988162019901
2006-07-01,Poland,0.1652483792157686
2006-07-01,Singapore,0.001996977453037729
2006-07-01,South Africa,0.006733888427860046
2006-07-01,Spain,0.02446244482104953
2006-07-01,Sweden,-0.01624867511706896
2006-07-01,Switzerland,0.03132955500292289
2006-07-01,Taiwan,-0.05640079038512891
2006-07-01,Thailand,0.03485297652431685
2006-07-01,Turkey,0.07748173763132615
2006-07-01,U.K.,0.02392343676616893
2006-07-01,U.S.,0.006171673270234601
2006-07-01,US SmallCap,-0.03257264693328421
2006-08-01,Australia,0.03198503229011518
2006-08-01,Brazil,-0.00496612498505844
2006-08-01,Canada,0.04029155157502617
2006-08-01,Chile,0.03541739320906401
2006-08-01,ChinaA,0.02168383347968961
2006-08-01,ChinaH,0.02239960794027485
2006-08-01,Denmark,0.06478051760286219
2006-08-01,France,0.0329615477125984
2006-08-01,Germany,0.03632899697053427
2006-08-01,Hong Kong,0.03541701240930584
2006-08-01,India,0.09411597363804458
2006-08-01,Indonesia,0.06096625766871178
2006-08-01,Italy,0.04134794265680242
2006-08-01,Japan,0.01488257284183847
2006-08-01,Korea,0.02469975073646036
2006-08-01,Malaysia,0.02701860455957683
2006-08-01,Mexico,0.03505000951664683
2006-08-01,NASDAQ,0.04515721384578719
2006-08-01,Netherlands,0.04084225270134678
2006-08-01,Philippines,-0.007313047680706064
2006-08-01,Poland,-0.07716245916836129
2006-08-01,Singapore,0.03872840877260852
2006-08-01,South Africa,-0.003097030361573383
2006-08-01,Spain,0.03222626286931196
2006-08-01,Sweden,0.03809457020007079
2006-08-01,Switzerland,0.02677501198564025
2006-08-01,Taiwan,0.0211573429672256
2006-08-01,Thailand,0.01948856346502681
2006-08-01,Turkey,0.06367840552417858
2006-08-01,U.K.,0.03436275633043651
2006-08-01,U.S.,0.02379462356004347
2006-08-01,US SmallCap,0.02957676412263077
2006-09-01,Australia,-0.009244495297792032
2006-09-01,Brazil,-0.01870411026892127
2006-09-01,Canada,-0.02989710483001662
2006-09-01,Chile,0.0408877106036849
2006-09-01,ChinaA,0.02973501819578295
2006-09-01,ChinaH,0.03178738247760271
2006-09-01,Denmark,0.02430679128360547
2006-09-01,France,0.008652031554222894
2006-09-01,Germany,0.0150632489010798
2006-09-01,Hong Kong,0.01010898207143818
2006-09-01,India,0.07880048535274753
2006-09-01,Indonesia,0.05023491145645109
2006-09-01,Italy,-0.001455851416714782
2006-09-01,Japan,-0.02048744112866385
2006-09-01,Korea,0.03095975232198156
2006-09-01,Malaysia,0.005517644960095325
2006-09-01,Mexico,0.04886887815388619
2006-09-01,NASDAQ,0.034659453853078
2006-09-01,Netherlands,0.03120037162315636
2006-09-01,Philippines,0.1178799430487301
2006-09-01,Poland,-0.02639797560533708
2006-09-01,Singapore,0.03156536581040137
2006-09-01,South Africa,-0.06199917210871331
2006-09-01,Spain,0.05338176633168668
2006-09-01,Sweden,0.04656663847888187
2006-09-01,Switzerland,0.01429049109216751
2006-09-01,Taiwan,0.04086523645746287
2006-09-01,Thailand,0.01198819623755076
2006-09-01,Turkey,-0.04543664693339111
2006-09-01,U.K.,-0.003105151801215844
2006-09-01,U.S.,0.02574570687855737
2006-09-01,US SmallCap,0.008412269655380333
2006-10-01,Australia,0.08452148039418295
2006-10-01,Brazil,0.08769584172297251
2006-10-01,Canada,0.04798340045212668
2006-10-01,Chile,0.07197020953800326
2006-10-01,ChinaA,0.06837272904864222
2006-10-01,ChinaH,0.06671379697776891
2006-10-01,Denmark,0.04389061870251121
2006-10-01,France,0.02688443884087488
2006-10-01,Germany,0.05009140941389378
2006-10-01,Hong Kong,0.01905728691176933
2006-10-01,India,0.06646474709171524
2006-10-01,Indonesia,0.03544390915347551
2006-10-01,Italy,0.03768695772385544
2006-10-01,Japan,0.01736542720990175
2006-10-01,Korea,-0.004290004290004257
2006-10-01,Malaysia,0.04201703662252076
2006-10-01,Mexico,0.06849823123241783
2006-10-01,NASDAQ,0.04818396994522178
2006-10-01,Netherlands,0.003924600094402875
2006-10-01,Philippines,0.06833308682147621
2006-10-01,Poland,0.09140923422740777
2006-10-01,Singapore,0.0827897313729089
2006-10-01,South Africa,0.1093133186670356
2006-10-01,Spain,0.07292409730729754
2006-10-01,Sweden,0.063649588876177
2006-10-01,Switzerland,0.02673573838405252
2006-10-01,Taiwan,0.008420459008469106
2006-10-01,Thailand,0.07803471306510579
2006-10-01,Turkey,0.1530030548326351
2006-10-01,U.K.,0.05097949387705669
2006-10-01,U.S.,0.0325818579947037
2006-10-01,US SmallCap,0.05757272930564361
2006-11-01,Australia,0.04077423864047525
2006-11-01,Brazil,0.05865557803066834
2006-11-01,Canada,0.02881230285712588
2006-11-01,Chile,0.06132357033296154
2006-11-01,ChinaA,0.1091393521453861
2006-11-01,ChinaH,0.1088930336482929
2006-11-01,Denmark,0.06528543271181597
2006-11-01,France,0.0375982890833424
2006-11-01,Germany,0.04596057575642498
2006-11-01,Hong Kong,0.05764635646689076
2006-11-01,India,0.05698896380277985
2006-11-01,Indonesia,0.09903622465935524
2006-11-01,Italy,0.05335851875465369
2006-11-01,Japan,0.006882583935773123
2006-11-01,Korea,0.0560103403705301
2006-11-01,Malaysia,0.1117210740333214
2006-11-01,Mexico,0.04488798424391138
2006-11-01,NASDAQ,0.0285863185223505
2006-11-01,Netherlands,0.02535094978566277
2006-11-01,Philippines,0.02764317688864271
2006-11-01,Poland,0.1033937088564778
2006-11-01,Singapore,0.07268873393081154
2006-11-01,South Africa,0.08161728396283463
2006-11-01,Spain,0.0439073492872013
2006-11-01,Sweden,0.04038170041255462
2006-11-01,Switzerland,0.03195966774040482
2006-11-01,Taiwan,0.1046368800553161
2006-11-01,Thailand,0.04781320233099318
2006-11-01,Turkey,-0.0730367964528914
2006-11-01,U.K.,0.0307334818781364
2006-11-01,U.S.,0.01901742924463568
2006-11-01,US SmallCap,0.02612151125597117
2006-12-01,Australia,0.03451681396853634
2006-12-01,Brazil,0.08148999485514552
2006-12-01,Canada,-0.006619861322079146
2006-12-01,Chile,0.04374706404843298
2006-12-01,ChinaA,0.1452128468140956
2006-12-01,ChinaH,0.1450392107476295
2006-12-01,Denmark,0.04396845324662491
2006-12-01,France,0.03511735823179585
2006-12-01,Germany,0.04133074313426444
2006-12-01,Hong Kong,0.06297442267997666
2006-12-01,India,0.0313306250445442
2006-12-01,Indonesia,0.05110371938312674
2006-12-01,Italy,0.02035737080100164
2006-12-01,Japan,0.02439020652885748
2006-12-01,Korea,0.01387188902488767
2006-12-01,Malaysia,0.04556690259280205
2006-12-01,Mexico,0.06011773759510386
2006-12-01,NASDAQ,-0.006167658150557753
2006-12-01,Netherlands,0.03855759847880469
2006-12-01,Philippines,0.09591491527453466
2006-12-01,Poland,0.01777224722334148
2006-12-01,Singapore,0.06225192887578901
2006-12-01,South Africa,0.07939274499901172
2006-12-01,Spain,0.01646499504042165
2006-12-01,Sweden,0.083203645351559
2006-12-01,Switzerland,0.01784133559141665
2006-12-01,Taiwan,0.01383824284546775
2006-12-01,Thailand,-0.0959132927130194
2006-12-01,Turkey,0.05549005642915006
2006-12-01,U.K.,0.02635661014176227
2006-12-01,U.S.,0.01394085546410961
2006-12-01,US SmallCap,0.003294347940691278
2006-12-01,Vietnam,0.4788044908296472
2007-01-01,Australia,0.001218776372263752
2007-01-01,Brazil,0.01033415691002904
2007-01-01,Canada,-0.002725446509321716
2007-01-01,Chile,0.04312453903223235
2007-01-01,ChinaA,-0.04239125964202528
2007-01-01,ChinaH,-0.03847186285986981
2007-01-01,Denmark,0.02732436677175998
2007-01-01,France,-0.003105997570455599
2007-01-01,Germany,0.01238064213987888
2007-01-01,Hong Kong,0.01632437476205451
2007-01-01,India,0.0255690849031831
2007-01-01,Indonesia,-0.04775604142692746
2007-01-01,Italy,-0.0006147371651852307
2007-01-01,Japan,0.008410477812742956
2007-01-01,Korea,-0.0523138832997988
2007-01-01,Malaysia,0.1041011579724054
2007-01-01,Mexico,0.02491382636881379
2007-01-01,NASDAQ,0.02036575861963996
2007-01-01,Netherlands,0.002656474579054269
2007-01-01,Philippines,0.1019443666637072
2007-01-01,Poland,0.03956265468260112
2007-01-01,Singapore,0.03950212676212939
2007-01-01,South Africa,-0.001616431830568699
2007-01-01,Spain,0.01690819023311807
2007-01-01,Sweden,0.01251772731378087
2007-01-01,Switzerland,0.01870871411011965
2007-01-01,Taiwan,-0.02742748019722885
2007-01-01,Thailand,-0.03113583875708581
2007-01-01,Turkey,0.07420403934652153
2007-01-01,U.K.,-0.001119502378423398
2007-01-01,U.S.,0.01512147280113019
2007-01-01,US SmallCap,0.01672771314921939
2007-01-01,Vietnam,0.4851166625414611
2007-02-01,Australia,0.04047268337627052
2007-02-01,Brazil,-0.02808645946354504
2007-02-01,Canada,0.007310717527305943
2007-02-01,Chile,-0.01365246155560262
2007-02-01,ChinaA,-0.01757047223572539
2007-02-01,ChinaH,-0.01716730708832392
2007-02-01,Denmark,0.001800810135229813
2007-02-01,France,0.0003096499389856344
2007-02-01,Germany,0.009088000219739989
2007-02-01,Hong Kong,-0.02566918140529828
2007-02-01,India,-0.08632400307265209
2007-02-01,Indonesia,-0.03474320241691842
2007-02-01,Italy,-0.01079124262444853
2007-02-01,Japan,0.04004913621470352
2007-02-01,Korea,0.04203821656050954
2007-02-01,Malaysia,0.005211723557337677
2007-02-01,Mexico,-0.03884872270996398
2007-02-01,NASDAQ,-0.01846572554797254
2007-02-01,Netherlands,0.001283794533579963
2007-02-01,Philippines,-0.06084908583823989
2007-02-01,Poland,-0.05638067219020837
2007-02-01,Singapore,0.006957029075729926
2007-02-01,South Africa,0.003139613465868329
2007-02-01,Spain,-0.006368052116221601
2007-02-01,Sweden,-0.03061996388979571
2007-02-01,Switzerland,-0.01956276291577863
2007-02-01,Taiwan,0.01764774267984137
2007-02-01,Thailand,0.05063167703209315
2007-02-01,Turkey,0.002786291325253876
2007-02-01,U.K.,0.002882953475219052
2007-02-01,U.S.,-0.01955473088204529
2007-02-01,US SmallCap,-0.007958754532756518
2007-02-01,Vietnam,0.004825813088512598
2007-03-01,Australia,0.0590597342163901
2007-03-01,Brazil,0.08068023858358941
2007-03-01,Canada,0.02774468693064169
2007-03-01,Chile,0.03962021966716045
2007-03-01,ChinaA,0.03836867551761358
2007-03-01,ChinaH,0.03862700734390523
2007-03-01,Denmark,0.04241343747798609
2007-03-01,France,0.03078326816578425
2007-03-01,Germany,0.04379468371770168
2007-03-01,Hong Kong,0.01577329933637639
2007-03-01,India,0.03121059036100138
2007-03-01,Indonesia,0.06572769953051649
2007-03-01,Italy,0.02053278182012508
2007-03-01,Japan,-0.018319133551009
2007-03-01,Korea,0.0273023634881826
2007-03-01,Malaysia,0.067653982328719
2007-03-01,Mexico,0.07545001364305515
2007-03-01,NASDAQ,0.002856948751542854
2007-03-01,Netherlands,0.06993611504011277
2007-03-01,Philippines,0.05274133516352997
2007-03-01,Poland,0.1149560823278921
2007-03-01,Singapore,0.05552161699088254
2007-03-01,South Africa,0.05445728069061828
2007-03-01,Spain,0.02996732054331064
2007-03-01,Sweden,0.05772008358985814
2007-03-01,Switzerland,0.0234851267435825
2007-03-01,Taiwan,-0.02203056573420303
2007-03-01,Thailand,0.01468540843792221
2007-03-01,Turkey,0.06139892039983219
2007-03-01,U.K.,0.04398233139267305
2007-03-01,U.S.,0.0111695430155565
2007-03-01,US SmallCap,0.01071210314760718
2007-03-01,Vietnam,-0.148989211659326
2007-04-01,Australia,0.05624698138526507
2007-04-01,Brazil,0.06140451666591407
2007-04-01,Canada,0.06068241168668176
2007-04-01,Chile,0.1159757648146922
2007-04-01,ChinaA,0.03526872089885558
2007-04-01,ChinaH,0.03620665751244467
2007-04-01,Denmark,0.06886236902278031
2007-04-01,France,0.08028746359616679
2007-04-01,Germany,0.08748175267003111
2007-04-01,Hong Kong,0.02344240093693117
2007-04-01,India,0.1213499538715699
2007-04-01,Indonesia,0.0842878120411159
2007-04-01,Italy,0.0723276667753856
2007-04-01,Japan,-0.01979872176796693
2007-04-01,Korea,0.05989686632288782
2007-04-01,Malaysia,0.06790022192673062
2007-04-01,Mexico,0.01894442164315446
2007-04-01,NASDAQ,0.043112125646666
2007-04-01,Netherlands,0.08070744677111974
2007-04-01,Philippines,0.03160026077580791
2007-04-01,Poland,0.06364595213443236
2007-04-01,Singapore,0.04228406464041767
2007-04-01,South Africa,0.09206080132017647
2007-04-01,Spain,0.01119904319248488
2007-04-01,Sweden,0.1018211166151894
2007-04-01,Switzerland,0.06615309601572816
2007-04-01,Taiwan,-0.002259980690854868
2007-04-01,Thailand,0.06048317427406991
2007-04-01,Turkey,0.06421802639012641
2007-04-01,U.K.,0.04774948811920554
2007-04-01,U.S.,0.04429994459214792
2007-04-01,US SmallCap,0.01803144182400085
2007-04-01,Vietnam,-0.1533830712868264
2007-05-01,Australia,0.01595192287329361
2007-05-01,Brazil,0.1165314354388365
2007-05-01,Canada,0.08572332790883919
2007-05-01,Chile,0.02253557507847526
2007-05-01,ChinaA,0.06819173321502525
2007-05-01,ChinaH,0.06669941366979648
2007-05-01,Denmark,0.02092687700868945
2007-05-01,France,0.01005921364825291
2007-05-01,Germany,0.03191202126543491
2007-05-01,Hong Kong,0.02030267373101391
2007-05-01,India,0.07037851972320541
2007-05-01,Indonesia,0.04496208017334768
2007-05-01,Italy,-0.02275431591110821
2007-05-01,Japan,0.01610637145555005
2007-05-01,Korea,0.08196107784431139
2007-05-01,Malaysia,0.03777036496531982
2007-05-01,Mexico,0.1133494098321957
2007-05-01,NASDAQ,0.03251201824313465
2007-05-01,Netherlands,-0.007793437381399482
2007-05-01,Philippines,0.1092152037188954
2007-05-01,Poland,0.006018579029338333
2007-05-01,Singapore,0.04979346943512475
2007-05-01,South Africa,-0.03698169620282932
2007-05-01,Spain,0.05308633408666652
2007-05-01,Sweden,-0.01449634583415549
2007-05-01,Switzerland,-0.0131553080971234
2007-05-01,Taiwan,0.03914268208052341
2007-05-01,Thailand,0.06340687355043984
2007-05-01,Turkey,0.08709447654026792
2007-05-01,U.K.,0.02230992476698068
2007-05-01,U.S.,0.03488496360023152
2007-05-01,US SmallCap,0.04095879936935609
2007-05-01,Vietnam,0.2120198398835751
2007-06-01,Australia,0.03106041861002362
2007-06-01,Brazil,0.04260165049468934
2007-06-01,Canada,-0.00134454008789231
2007-06-01,Chile,0.05794462256662913
2007-06-01,ChinaA,0.1136006119245685
2007-06-01,ChinaH,0.1146518484917214
2007-06-01,Denmark,-0.02524526369843327
2007-06-01,France,-0.008654866282703289
2007-06-01,Germany,0.018620072659701
2007-06-01,Hong Kong,0.01408438415098323
2007-06-01,India,0.007668474051123031
2007-06-01,Indonesia,0.02928978745463984
2007-06-01,Italy,-0.02260791527562223
2007-06-01,Japan,-0.002997302521938083
2007-06-01,Korea,0.03234175025942565
2007-06-01,Malaysia,-0.0158476664239523
2007-06-01,Mexico,-0.006807899385732341
2007-06-01,NASDAQ,-8.598703973961008e-06
2007-06-01,Netherlands,-0.002520113291927695
2007-06-01,Philippines,0.05945611324765254
2007-06-01,Poland,0.06021215740956665
2007-06-01,Singapore,0.01030754389145594
2007-06-01,South Africa,-0.01817328423422571
2007-06-01,Spain,-0.02459398172734573
2007-06-01,Sweden,-0.01421339545280442
2007-06-01,Switzerland,-0.02511754724393889
2007-06-01,Taiwan,0.09346351103039185
2007-06-01,Thailand,0.04781088339732142
2007-06-01,Turkey,0.0006944385929239516
2007-06-01,U.K.,0.01683782457593397
2007-06-01,U.S.,-0.01662271156032313
2007-06-01,US SmallCap,-0.01447205297921994
2007-06-01,Vietnam,-0.1019205515575425
2007-07-01,Australia,-0.01333899494530311
2007-07-01,Brazil,0.0423537802685674
2007-07-01,Canada,-0.002411024460373223
2007-07-01,Chile,-0.02393348374490889
2007-07-01,ChinaA,0.1026087307865042
2007-07-01,ChinaH,0.1037822522714171
2007-07-01,Denmark,0.03766074943531783
2007-07-01,France,-0.03595052189300063
2007-07-01,Germany,-0.03659869225719281
2007-07-01,Hong Kong,0.06978158803269507
2007-07-01,India,0.06012996919292557
2007-07-01,Indonesia,0.09267187106522279
2007-07-01,Italy,-0.02867099144825358
2007-07-01,Japan,-0.002067893930410403
2007-07-01,Korea,0.1078907689730273
2007-07-01,Malaysia,0.01642910028418987
2007-07-01,Mexico,-0.04106793999354064
2007-07-01,NASDAQ,-0.02149807908790013
2007-07-01,Netherlands,-0.003587159281439045
2007-07-01,Philippines,-0.01722417278984023
2007-07-01,Poland,0.006555010521628546
2007-07-01,Singapore,0.01244971553649377
2007-07-01,South Africa,0.002591601934917698
2007-07-01,Spain,0.01468214242740928
2007-07-01,Sweden,0.003201389417376577
2007-07-01,Switzerland,-0.01635746114489822
2007-07-01,Taiwan,0.01939927672418329
2007-07-01,Thailand,0.143209791593198
2007-07-01,Turkey,0.1609341633678536
2007-07-01,U.K.,-0.02446233586159396
2007-07-01,U.S.,-0.03100224658994055
2007-07-01,US SmallCap,-0.0684916857498773
2007-07-01,Vietnam,-0.1409127883645513
2007-08-01,Australia,-0.0131921325744222
2007-08-01,Brazil,-0.03561929509211215
2007-08-01,Canada,0.0004077657237950838
2007-08-01,Chile,-0.006100263301963116
2007-08-01,ChinaA,0.07260250225151887
2007-08-01,ChinaH,0.06856889080064077
2007-08-01,Denmark,-0.004772965905263882
2007-08-01,France,-0.01865312931173968
2007-08-01,Germany,0.001656795448077952
2007-08-01,Hong Kong,0.005016701665352175
2007-08-01,India,-0.03061030978436685
2007-08-01,Indonesia,-0.0599216409310902
2007-08-01,Italy,-0.004383194232030929
2007-08-01,Japan,-0.02953027616529902
2007-08-01,Korea,-0.04460910328141532
2007-08-01,Malaysia,-0.07960681431537697
2007-08-01,Mexico,-0.0117053675794091
2007-08-01,NASDAQ,0.02095529066820667
2007-08-01,Netherlands,-0.02965773197880461
2007-08-01,Philippines,-0.06390613490476693
2007-08-01,Poland,-0.0526715362216259
2007-08-01,Singapore,-0.03601575303303695
2007-08-01,South Africa,-0.006418839553821276
2007-08-01,Spain,-0.02140164272406875
2007-08-01,Sweden,-0.04563480065656078
2007-08-01,Switzerland,-0.005364443545903375
2007-08-01,Taiwan,-0.03544784983041804
2007-08-01,Thailand,-0.05916652246206167
2007-08-01,Turkey,-0.07512548606186098
2007-08-01,U.K.,0.001187059404756052
2007-08-01,U.S.,0.01498784909367079
2007-08-01,US SmallCap,0.02260593714992454
2007-08-01,Vietnam,-0.02185675884777127
2007-09-01,Australia,0.1486745941822933
2007-09-01,Brazil,0.2008567405496753
2007-09-01,Canada,0.09817257138079727
2007-09-01,Chile,0.005158646575040171
2007-09-01,ChinaA,0.1939256327575378
2007-09-01,ChinaH,0.1896300923886833
2007-09-01,Denmark,0.05505157399339033
2007-09-01,France,0.05153111617298767
2007-09-01,Germany,0.07432997120697804
2007-09-01,Hong Kong,0.1537554926322406
2007-09-01,India,0.1711814865533552
2007-09-01,Indonesia,0.1242951703848982
2007-09-01,Italy,0.03744251216203898
2007-09-01,Japan,0.01806922275435352
2007-09-01,Korea,0.076289965178854
2007-09-01,Malaysia,0.08614911340150155
2007-09-01,Mexico,0.009219034906291279
2007-09-01,NASDAQ,0.04089132501894799
2007-09-01,Netherlands,0.0804945105955237
2007-09-01,Philippines,0.08442843171419923
2007-09-01,Poland,0.05861935273462415
2007-09-01,Singapore,0.1186890166896013
2007-09-01,South Africa,0.07062405678265926
2007-09-01,Spain,0.05273987163279692
2007-09-01,Sweden,0.06940797107246799
2007-09-01,Switzerland,0.03776245237834597
2007-09-01,Taiwan,0.0594036233235089
2007-09-01,Thailand,0.05553822901422656
2007-09-01,Turkey,0.1670911028765272
2007-09-01,U.K.,0.03839511156787223
2007-09-01,U.S.,0.03738848239822912
2007-09-01,US SmallCap,0.01715528710717695
2007-09-01,Vietnam,0.2010180087579732
2007-10-01,Australia,0.07396068581839188
2007-10-01,Brazil,0.1582920527637985
2007-10-01,Canada,0.09382994101932396
2007-10-01,Chile,0.101314216173088
2007-10-01,ChinaA,0.1656724828255658
2007-10-01,ChinaH,0.162991771310548
2007-10-01,Denmark,0.04066630066201271
2007-10-01,France,0.03818925496000602
2007-10-01,Germany,0.04654219597747389
2007-10-01,Hong Kong,0.1095873562211138
2007-10-01,India,0.1669376906789029
2007-10-01,Indonesia,0.1615787178368948
2007-10-01,Italy,0.03453577448158063
2007-10-01,Japan,-0.004066312438417374
2007-10-01,Korea,0.06632352941176456
2007-10-01,Malaysia,0.0832351274817067
2007-10-01,Mexico,0.0480648157350605
2007-10-01,NASDAQ,0.05884763321901554
2007-10-01,Netherlands,0.01889644033518612
2007-10-01,Philippines,0.08374841267784494
2007-10-01,Poland,0.1247688887762366
2007-10-01,Singapore,0.04541165709313266
2007-10-01,South Africa,0.1382585144283188
2007-10-01,Spain,0.1145694501332495
2007-10-01,Sweden,-0.02429378108611824
2007-10-01,Switzerland,0.01921444105948256
2007-10-01,Taiwan,0.05417896084833584
2007-10-01,Thailand,0.1067851569010712
2007-10-01,Turkey,0.1095845950740071
2007-10-01,U.K.,0.06349789095089697
2007-10-01,U.S.,0.01590644293757104
2007-10-01,US SmallCap,0.0286915348281167
2007-10-01,Vietnam,0.05991480797600546
2007-11-01,Australia,-0.07275872147109108
2007-11-01,Brazil,-0.04860823480535947
2007-11-01,Canada,-0.1109588197457482
2007-11-01,Chile,-0.09329866729011183
2007-11-01,ChinaA,-0.1357804505684269
2007-11-01,ChinaH,-0.131923596482113
2007-11-01,Denmark,-0.0390172691273486
2007-11-01,France,-0.01774377568826069
2007-11-01,Germany,-0.01242280273760643
2007-11-01,Hong Kong,-0.03617070319371596
2007-11-01,India,-0.0189492651423615
2007-11-01,Indonesia,0.008072085601652068
2007-11-01,Italy,-0.017771298083048
2007-11-01,Japan,-0.0184939292669738
2007-11-01,Korea,-0.09626258447110736
2007-11-01,Malaysia,-0.02240503338573241
2007-11-01,Mexico,-0.05597539660525952
2007-11-01,NASDAQ,-0.06839119962388895
2007-11-01,Netherlands,-0.03876275594139889
2007-11-01,Philippines,-0.04284218027384945
2007-11-01,Poland,-0.07688801222618702
2007-11-01,Singapore,-0.07615957792139783
2007-11-01,South Africa,-0.07658296824394661
2007-11-01,Spain,0.0001367212380820604
2007-11-01,Sweden,-0.08082411119984567
2007-11-01,Switzerland,0.001314797121776401
2007-11-01,Taiwan,-0.112201667121024
2007-11-01,Thailand,-0.06619937161593281
2007-11-01,Turkey,-0.07821312774345202
2007-11-01,U.K.,-0.04951231052126615
2007-11-01,U.S.,-0.04103095973087201
2007-11-01,US SmallCap,-0.07184242594413692
2007-11-01,Vietnam,-0.07825351162368399
2007-12-01,Australia,-0.03560716755020621
2007-12-01,Brazil,0.02936061288465708
2007-12-01,Canada,0.02756719436187161
2007-12-01,Chile,-0.01531625207074339
2007-12-01,ChinaA,-0.04457364976254696
2007-12-01,ChinaH,-0.04312700435394368
2007-12-01,Denmark,0.001087406484628017
2007-12-01,France,-0.01425996196934709
2007-12-01,Germany,0.01679105448452956
2007-12-01,Hong Kong,0.001713658956700836
2007-12-01,India,0.07505535815438491
2007-12-01,Indonesia,0.005959031657355673
2007-12-01,Italy,-0.01460063504407338
2007-12-01,Japan,-0.04011324174872966
2007-12-01,Korea,0.002746833511368951
2007-12-01,Malaysia,0.06336653838449124
2007-12-01,Mexico,-0.01009809432766462
2007-12-01,NASDAQ,-0.002684749540321163
2007-12-01,Netherlands,0.001546572585614081
2007-12-01,Philippines,0.03658530491917955
2007-12-01,Poland,-0.01635051894492245
2007-12-01,Singapore,0.001420658237776928
2007-12-01,South Africa,-0.04177122938014044
2007-12-01,Spain,-0.03284677080591292
2007-12-01,Sweden,-0.0271594198221965
2007-12-01,Switzerland,-0.0390355429629422
2007-12-01,Taiwan,-0.01330727424094047
2007-12-01,Thailand,0.0218153029658843
2007-12-01,Turkey,0.0326517741318948
2007-12-01,U.K.,-0.0259737834186079
2007-12-01,U.S.,-0.006975746408418915
2007-12-01,US SmallCap,-0.0007949017655156654
2007-12-01,Vietnam,-0.01633059999999997
2008-01-01,Australia,-0.08680831171393277
2008-01-01,Brazil,-0.0825757930193386
2008-01-01,Canada,-0.06363137570430777
2008-01-01,Chile,-0.01714843223109985
2008-01-01,ChinaA,-0.2156061650766862
2008-01-01,ChinaH,-0.2157064776084776
2008-01-01,Denmark,-0.1147154173339887
2008-01-01,France,-0.120796141158367
2008-01-01,Germany,-0.1400072062960667
2008-01-01,Hong Kong,-0.1163266330643258
2008-01-01,India,-0.1434906872959228
2008-01-01,Indonesia,-0.01943724546464287
2008-01-01,Italy,-0.09716922611564738
2008-01-01,Japan,-0.0457473731738538
2008-01-01,Korea,-0.142444072439507
2008-01-01,Malaysia,-0.009947409396693918
2008-01-01,Mexico,-0.01306878853950533
2008-01-01,NASDAQ,-0.09865407239379587
2008-01-01,Netherlands,-0.118346255375633
2008-01-01,Philippines,-0.07326819533686502
2008-01-01,Poland,-0.1410497064178449
2008-01-01,Singapore,-0.1259695312850021
2008-01-01,South Africa,-0.1251087288458171
2008-01-01,Spain,-0.1222220475880522
2008-01-01,Sweden,-0.1171087567653406
2008-01-01,Switzerland,-0.0561472108493527
2008-01-01,Taiwan,-0.1050968026210506
2008-01-01,Thailand,-0.06673888402657213
2008-01-01,Turkey,-0.2361094978482257
2008-01-01,U.K.,-0.08870216164019507
2008-01-01,U.S.,-0.05998287271961766
2008-01-01,US SmallCap,-0.06821787945247104
2008-01-01,Vietnam,-0.08245239711634822
2008-02-01,Australia,0.03171450171256462
2008-02-01,Brazil,0.120769406940294
2008-02-01,Canada,0.06192258637804859
2008-02-01,Chile,0.03689013578759659
2008-02-01,ChinaA,0.1077665189953687
2008-02-01,ChinaH,0.1055690409695578
2008-02-01,Denmark,0.08901770758172622
2008-02-01,France,0.01655462257537765
2008-02-01,Germany,0.01316314037230604
2008-02-01,Hong Kong,-0.02203414309226281
2008-02-01,India,-0.02411789104771855
2008-02-01,Indonesia,0.07910137813856899
2008-02-01,Italy,-0.002069428507731619
2008-02-01,Japan,0.006616292725713624
2008-02-01,Korea,0.04489795918367334
2008-02-01,Malaysia,-0.003074842996936389
2008-02-01,Mexico,0.006222963280799299
2008-02-01,NASDAQ,-0.04851384734909692
2008-02-01,Netherlands,0.02349014037474739
2008-02-01,Philippines,-0.04308815803845889
2008-02-01,Poland,0.0327094759679234
2008-02-01,Singapore,0.04054121990374138
2008-02-01,South Africa,0.05652638187317871
2008-02-01,Spain,0.01795207962797019
2008-02-01,Sweden,0.06977735076869074
2008-02-01,Switzerland,0.0211688487013133
2008-02-01,Taiwan,0.1483425074327951
2008-02-01,Thailand,0.1338678309798527
2008-02-01,Turkey,0.008286182952121912
2008-02-01,U.K.,0.009744306988810125
2008-02-01,U.S.,-0.0324897766841723
2008-02-01,US SmallCap,-0.03708222854057774
2008-02-01,Vietnam,-0.2379677440977837
2008-03-01,Australia,-0.05297844050133593
2008-03-01,Brazil,-0.07627392336890748
2008-03-01,Canada,-0.05484870816319432
2008-03-01,Chile,0.07745163563668012
2008-03-01,ChinaA,-0.1217777391766645
2008-03-01,ChinaH,-0.1215325049381064
2008-03-01,Denmark,0.030959119221033
2008-03-01,France,0.02507171892416382
2008-03-01,Germany,0.01069651812675687
2008-03-01,Hong Kong,-0.06087141231572457
2008-03-01,India,-0.1263968748209134
2008-03-01,Indonesia,-0.1159902029391183
2008-03-01,Italy,-0.02014635313064816
2008-03-01,Japan,-0.04871593370414062
2008-03-01,Korea,-0.04127038043478259
2008-03-01,Malaysia,-0.08009683013551894
2008-03-01,Mexico,0.05804509774952082
2008-03-01,NASDAQ,0.004059106658714118
2008-03-01,Netherlands,0.03177491957926648
2008-03-01,Philippines,-0.05850314991873806
2008-03-01,Poland,0.07671542740260362
2008-03-01,Singapore,0.0156904834735927
2008-03-01,South Africa,-0.07612188834078504
2008-03-01,Spain,0.05210424390994239
2008-03-01,Sweden,0.02189948612264203
2008-03-01,Switzerland,0.0122502832205984
2008-03-01,Taiwan,0.0245266119263412
2008-03-01,Thailand,-0.02129404905563159
2008-03-01,Turkey,-0.1957102632075638
2008-03-01,U.K.,-0.00878388956879339
2008-03-01,U.S.,-0.004323301060317863
2008-03-01,US SmallCap,0.004154719132688944
2008-03-01,Vietnam,-0.1998166571554235
2008-04-01,Australia,0.08480860411916424
2008-04-01,Brazil,0.1537028593677872
2008-04-01,Canada,0.07082656009546828
2008-04-01,Chile,-0.01072874590296113
2008-04-01,ChinaA,0.1539523112401084
2008-04-01,ChinaH,0.1556831602160123
2008-04-01,Denmark,-0.008603293974054127
2008-04-01,France,0.04073655710023361
2008-04-01,Germany,0.03499580353973708
2008-04-01,Hong Kong,0.08210620108395505
2008-04-01,India,0.1084519130372987
2008-04-01,Indonesia,-0.05937067088858095
2008-04-01,Italy,0.05758828391061632
2008-04-01,Japan,0.07247963001583901
2008-04-01,Korea,0.06944198405668733
2008-04-01,Malaysia,0.02540329405239405
2008-04-01,Mexico,-0.01765040745785074
2008-04-01,NASDAQ,0.05898442930728054
2008-04-01,Netherlands,0.02684818031171399
2008-04-01,Philippines,-0.09984411985451191
2008-04-01,Poland,-0.01382292937787799
2008-04-01,Singapore,0.06629976620572209
2008-04-01,South Africa,0.1247699347512923
2008-04-01,Spain,0.02908178689752083
2008-04-01,Sweden,0.01920765169700189
2008-04-01,Switzerland,-0.003625498986779441
2008-04-01,Taiwan,0.04207217269068586
2008-04-01,Thailand,0.0199217261801683
2008-04-01,Turkey,0.1639062348229978
2008-04-01,U.K.,0.06932847442963364
2008-04-01,U.S.,0.04870856037683224
2008-04-01,US SmallCap,0.04186255822970164
2008-04-01,Vietnam,0.03437472120120932
2008-05-01,Australia,0.02811941922079519
2008-05-01,Brazil,0.114962460600319
2008-05-01,Canada,0.07606376097574907
2008-05-01,Chile,-0.01046538434408206
2008-05-01,ChinaA,-0.05461023851076208
2008-05-01,ChinaH,-0.05352625799366972
2008-05-01,Denmark,0.06210784277922432
2008-05-01,France,0.007193070963853465
2008-05-01,Germany,0.003955126682139598
2008-05-01,Hong Kong,-0.004920645716312011
2008-05-01,India,-0.09429988952891988
2008-05-01,Indonesia,0.0441826215022092
2008-05-01,Italy,-0.01628738485476144
2008-05-01,Japan,0.02501555771247332
2008-05-01,Korea,-0.01341726022859036
2008-05-01,Malaysia,-0.02875918439993097
2008-05-01,Mexico,0.06094535736986306
2008-05-01,NASDAQ,0.04687249762645296
2008-05-01,Netherlands,0.00059139605942371
2008-05-01,Philippines,-0.0007119218040482211
2008-05-01,Poland,0.03187678559905072
2008-05-01,Singapore,0.007031710213295517
2008-05-01,South Africa,0.03152241963444213
2008-05-01,Spain,-0.01572416642848296
2008-05-01,Sweden,0.0178829756653156
2008-05-01,Switzerland,-0.004715412340566938
2008-05-01,Taiwan,-0.03216063316015549
2008-05-01,Thailand,-0.03063005548726239
2008-05-01,Turkey,-0.02855281121978392
2008-05-01,U.K.,-7.517198886419774e-05
2008-05-01,U.S.,0.01295240119098451
2008-05-01,US SmallCap,0.04593177554715755
2008-05-01,Vietnam,-0.237052064722154
2008-06-01,Australia,-0.06599915541020807
2008-06-01,Brazil,-0.07932236598262321
2008-06-01,Canada,-0.03583890688777602
2008-06-01,Chile,-0.09631622059440104
2008-06-01,ChinaA,-0.1253571153867284
2008-06-01,ChinaH,-0.1260506839853783
2008-06-01,Denmark,-0.06177551798843617
2008-06-01,France,-0.1009373669873685
2008-06-01,Germany,-0.08019761467844477
2008-06-01,Hong Kong,-0.1068032229255569
2008-06-01,India,-0.2008581681160051
2008-06-01,Indonesia,-0.0284102357445094
2008-06-01,Italy,-0.1097251442963811
2008-06-01,Japan,-0.06873243067676615
2008-06-01,Korea,-0.1247481531229013
2008-06-01,Malaysia,-0.08741336418267998
2008-06-01,Mexico,-0.08704468372727059
2008-06-01,NASDAQ,-0.09064885274522161
2008-06-01,Netherlands,-0.1284610493111696
2008-06-01,Philippines,-0.1672090112640801
2008-06-01,Poland,-0.09716213056134693
2008-06-01,Singapore,-0.07714326573103902
2008-06-01,South Africa,-0.09737492897218925
2008-06-01,Spain,-0.1034552942239799
2008-06-01,Sweden,-0.1540216459364954
2008-06-01,Switzerland,-0.05392102912451313
2008-06-01,Taiwan,-0.1150659962507881
2008-06-01,Thailand,-0.1103053996679066
2008-06-01,Turkey,-0.125422887046294
2008-06-01,U.K.,-0.05831569074554233
2008-06-01,U.S.,-0.08431174508219297
2008-06-01,US SmallCap,-0.07698555511288341
2008-06-01,Vietnam,0.007727878475864536
2008-07-01,Australia,-0.06652351287009495
2008-07-01,Brazil,-0.1038365561026128
2008-07-01,Canada,-0.06960489811762283
2008-07-01,Chile,0.06035867302937969
2008-07-01,ChinaA,0.02279876065698372
2008-07-01,ChinaH,0.02343070356146049
2008-07-01,Denmark,-0.02717088644507426
2008-07-01,France,-0.02012932263434275
2008-07-01,Germany,-0.01048082080159929
2008-07-01,Hong Kong,-0.01461649487896377
2008-07-01,India,0.07004633415099493
2008-07-01,Indonesia,0.0008295313148070083
2008-07-01,Italy,-0.04530802114811239
2008-07-01,Japan,-0.03411068294835673
2008-07-01,Korea,-0.0157299060042202
2008-07-01,Malaysia,-0.01206241155119647
2008-07-01,Mexico,-0.04329252320442678
2008-07-01,NASDAQ,0.01454934664218555
2008-07-01,Netherlands,-0.04061782499744016
2008-07-01,Philippines,0.08148559185529436
2008-07-01,Poland,0.1287800772967858
2008-07-01,Singapore,-0.004070305774153016
2008-07-01,South Africa,0.02260696617248903
2008-07-01,Spain,-0.01388179278821744
2008-07-01,Sweden,-0.00853201987161667
2008-07-01,Switzerland,-0.005052775019819822
2008-07-01,Taiwan,-0.09104331681966704
2008-07-01,Thailand,-0.1348248245883438
2008-07-01,Turkey,0.2721142255063285
2008-07-01,U.K.,-0.03941983529401472
2008-07-01,U.S.,-0.00840617639077934
2008-07-01,US SmallCap,0.03699225561529196
2008-07-01,Vietnam,0.2428916103089014
2008-08-01,Australia,-0.04370447700614233
2008-08-01,Brazil,-0.09878282431462782
2008-08-01,Canada,-0.0194744250097787
2008-08-01,Chile,-0.05575004740056444
2008-08-01,ChinaA,-0.0818891858985088
2008-08-01,ChinaH,-0.08161941664008732
2008-08-01,Denmark,-0.04496644812368977
2008-08-01,France,-0.03491961993984261
2008-08-01,Germany,-0.06108538671781982
2008-08-01,Hong Kong,-0.05310673709538727
2008-08-01,India,-0.01383723892002031
2008-08-01,Indonesia,-0.06713634479900532
2008-08-01,Italy,-0.04327635333860669
2008-08-01,Japan,-0.03995399964804713
2008-08-01,Korea,-0.1383745858507114
2008-08-01,Malaysia,-0.08758046585885682
2008-08-01,Mexico,-0.04227276650466927
2008-08-01,NASDAQ,0.01914274042403052
2008-08-01,Netherlands,0.003200565568295399
2008-08-01,Philippines,0.01917677408320628
2008-08-01,Poland,-0.1371103551659604
2008-08-01,Singapore,-0.08252092363160535
2008-08-01,South Africa,-0.04385514445753547
2008-08-01,Spain,-0.07203424583544005
2008-08-01,Sweden,-0.04399249773649128
2008-08-01,Switzerland,-0.02915574492364326
2008-08-01,Taiwan,-0.02068445222301007
2008-08-01,Thailand,0.01984235341233864
2008-08-01,Turkey,-0.09039958213410448
2008-08-01,U.K.,-0.02285813035536166
2008-08-01,U.S.,0.01446696404113945
2008-08-01,US SmallCap,0.03609542013530853
2008-08-01,Vietnam,0.2194387090322449
2008-09-01,Australia,-0.1652949728586763
2008-09-01,Brazil,-0.2306972666726236
2008-09-01,Canada,-0.1419834151472316
2008-09-01,Chile,-0.1040703798112189
2008-09-01,ChinaA,-0.2082438642612028
2008-09-01,ChinaH,-0.2123099420063478
2008-09-01,Denmark,-0.2073527526730854
2008-09-01,France,-0.1439154274427207
2008-09-01,Germany,-0.1449546453597161
2008-09-01,Hong Kong,-0.1733640289074128
2008-09-01,India,-0.1873865962406452
2008-09-01,Indonesia,-0.2219013771657041
2008-09-01,Italy,-0.1508111111174554
2008-09-01,Japan,-0.1190026721680448
2008-09-01,Korea,-0.0956797104727437
2008-09-01,Malaysia,-0.08723188450888286
2008-09-01,Mexico,-0.1138966796586168
2008-09-01,NASDAQ,-0.115973996671958
2008-09-01,Netherlands,-0.1885461725588108
2008-09-01,Philippines,-0.06076200731381587
2008-09-01,Poland,-0.131743678499486
2008-09-01,Singapore,-0.1498640203314614
2008-09-01,South Africa,-0.1520085271683496
2008-09-01,Spain,-0.1001082112181969
2008-09-01,Sweden,-0.185409220933782
2008-09-01,Switzerland,-0.1017521732697571
2008-09-01,Taiwan,-0.1911746468028758
2008-09-01,Thailand,-0.1203345054709672
2008-09-01,Turkey,-0.1344727831732249
2008-09-01,U.K.,-0.1461251055959819
2008-09-01,U.S.,-0.0891152839696997
2008-09-01,US SmallCap,-0.07968661665071453
2008-09-01,Vietnam,-0.1327527545333537
2008-10-01,Australia,-0.2509872522881358
2008-10-01,Brazil,-0.3204503363752246
2008-10-01,Canada,-0.2695882752984591
2008-10-01,Chile,-0.2561503562504236
2008-10-01,ChinaA,-0.2277441239587029
2008-10-01,ChinaH,-0.2291086527264443
2008-10-01,Denmark,-0.2567241411034654
2008-10-01,France,-0.2243102497224339
2008-10-01,Germany,-0.2296883312430378
2008-10-01,Hong Kong,-0.2125035358536506
2008-10-01,India,-0.2815561753557893
2008-10-01,Indonesia,-0.381672851841279
2008-10-01,Italy,-0.2361845694278029
2008-10-01,Japan,-0.1478783614597452
2008-10-01,Korea,-0.2996498249124562
2008-10-01,Malaysia,-0.1720813926853477
2008-10-01,Mexico,-0.3067506950107812
2008-10-01,NASDAQ,-0.1767120174894786
2008-10-01,Netherlands,-0.2516556332589202
2008-10-01,Philippines,-0.243688908410074
2008-10-01,Poland,-0.3329592743529588
2008-10-01,Singapore,-0.2869524419480023
2008-10-01,South Africa,-0.2493729810967219
2008-10-01,Spain,-0.2544351026974571
2008-10-01,Sweden,-0.2665555172717007
2008-10-01,Switzerland,-0.12266804374235
2008-10-01,Taiwan,-0.1886351808547937
2008-10-01,Thailand,-0.3288556557734647
2008-10-01,Turkey,-0.3497092634342104
2008-10-01,U.K.,-0.1872577691562428
2008-10-01,U.S.,-0.1679508462714286
2008-10-01,US SmallCap,-0.2080919664166275
2008-10-01,Vietnam,-0.2197888746354063
2008-11-01,Australia,-0.07061985125664327
2008-11-01,Brazil,-0.0920676917652834
2008-11-01,Canada,-0.05665403241024103
2008-11-01,Chile,-0.02766248821015727
2008-11-01,ChinaA,0.04355852886716649
2008-11-01,ChinaH,0.04351966635743421
2008-11-01,Denmark,-0.06818534917341101
2008-11-01,France,-0.05980394039228343
2008-11-01,Germany,-0.08950893578405028
2008-11-01,Hong Kong,-0.005499069399352297
2008-11-01,India,-0.1069635233481541
2008-11-01,Indonesia,-0.1204986149584487
2008-11-01,Italy,-0.05994907166411478
2008-11-01,Japan,-0.01229377896504968
2008-11-01,Korea,-0.1339285714285715
2008-11-01,Malaysia,-0.01304959306480991
2008-11-01,Mexico,-0.03554798889664579
2008-11-01,NASDAQ,-0.1060934101508015
2008-11-01,Netherlands,-0.06022017473600405
2008-11-01,Philippines,-0.005256267656236102
2008-11-01,Poland,-0.1217833276188703
2008-11-01,Singapore,-0.03024762128364444
2008-11-01,South Africa,-0.01311170627697744
2008-11-01,Spain,-0.02351271664980181
2008-11-01,Sweden,-0.0363905403982927
2008-11-01,Switzerland,-0.0908968583372215
2008-11-01,Taiwan,-0.1080339742177102
2008-11-01,Thailand,-0.0426303854875284
2008-11-01,Turkey,-0.1010567681285037
2008-11-01,U.K.,-0.05511291874262203
2008-11-01,U.S.,-0.0717479702050765
2008-11-01,US SmallCap,-0.1183254490667944
2008-11-01,Vietnam,-0.08544005076039218
2008-12-01,Australia,0.06744423961767132
2008-12-01,Brazil,0.01967432694348559
2008-12-01,Canada,-0.02794566372081464
2008-12-01,Chile,0.02655685718713463
2008-12-01,ChinaA,0.1048777483363867
2008-12-01,ChinaH,0.1048399786008749
2008-12-01,Denmark,0.03739656999802832
2008-12-01,France,0.0845663289084122
2008-12-01,Germany,0.1280569812304102
2008-12-01,Hong Kong,0.03830327659672816
2008-12-01,India,0.09833669791808575
2008-12-01,Indonesia,0.1952755905511812
2008-12-01,Italy,0.06795023386015342
2008-12-01,Japan,0.08019076322861185
2008-12-01,Korea,0.1814432989690722
2008-12-01,Malaysia,0.06543572646663254
2008-12-01,Mexico,0.0467454370339897
2008-12-01,NASDAQ,0.0278214205147902
2008-12-01,Netherlands,0.0924469967789987
2008-12-01,Philippines,-0.01206226065961469
2008-12-01,Poland,0.04021661247148267
2008-12-01,Singapore,0.07329972214851344
2008-12-01,South Africa,0.1185838026545467
2008-12-01,Spain,0.1307012239996697
2008-12-01,Sweden,0.06012773855483911
2008-12-01,Switzerland,0.0866793729311921
2008-12-01,Taiwan,0.04980186636227746
2008-12-01,Thailand,0.1396178746249803
2008-12-01,Turkey,0.0658864877484795
2008-12-01,U.K.,-0.02716313454001607
2008-12-01,U.S.,0.01062550421399244
2008-12-01,US SmallCap,0.05788978908695008
2008-12-01,Vietnam,0.07749818637488848
2009-01-01,Australia,-0.1381197403901001
2009-01-01,Brazil,0.04618131581752505
2009-01-01,Canada,-0.03511470996810451
2009-01-01,Chile,0.1081447221344796
2009-01-01,ChinaA,-0.08304531922716551
2009-01-01,ChinaH,-0.08249189417567449
2009-01-01,Denmark,-0.0222760532833699
2009-01-01,France,-0.1429149918402017
2009-01-01,Germany,-0.1703677456604198
2009-01-01,Hong Kong,0.004501987746151404
2009-01-01,India,-0.02283413957579228
2009-01-01,Indonesia,-0.0434782608695653
2009-01-01,Italy,-0.1392077481409904
2009-01-01,Japan,-0.06798760339670806
2009-01-01,Korea,-0.03141361256544484
2009-01-01,Malaysia,-0.02164950310369307
2009-01-01,Mexico,-0.1271619382922806
2009-01-01,NASDAQ,-0.06350398674660018
2009-01-01,Netherlands,-0.08308398168136644
2009-01-01,Philippines,-0.02144431089743593
2009-01-01,Poland,-0.2478374352097129
2009-01-01,Singapore,-0.05843404363827176
2009-01-01,South Africa,-0.1096987477166705
2009-01-01,Spain,-0.154737943442939
2009-01-01,Sweden,-0.1125872121641018
2009-01-01,Switzerland,-0.1215479668198352
2009-01-01,Taiwan,-0.1003815444002244
2009-01-01,Thailand,-0.0408191542426426
2009-01-01,Turkey,-0.09861546570869018
2009-01-01,U.K.,-0.06132913420304764
2009-01-01,U.S.,-0.08428326139712516
2009-01-01,US SmallCap,-0.1112390106255394
2009-01-01,Vietnam,-0.06496877466414919
2009-02-01,Australia,-0.02689067865818973
2009-02-01,Brazil,-0.0290274757821718
2009-02-01,Canada,-0.08565210678163238
2009-02-01,Chile,-0.005897055448225053
2009-02-01,ChinaA,-0.03181169093223235
2009-02-01,ChinaH,-0.03180976230636312
2009-02-01,Denmark,-0.102516266791044
2009-02-01,France,-0.09541655838008678
2009-02-01,Germany,-0.1258059307243624
2009-02-01,Hong Kong,-0.04779825417257233
2009-02-01,India,-0.1020102010201022
2009-02-01,Indonesia,-0.09182736455463725
2009-02-01,Italy,-0.1374926231851678
2009-02-01,Japan,-0.1241921686308377
2009-02-01,Korea,-0.1715315315315317
2009-02-01,Malaysia,-0.01168579615489285
2009-02-01,Mexico,-0.1327952147116539
2009-02-01,NASDAQ,-0.06507682327004871
2009-02-01,Netherlands,-0.1247108277794899
2009-02-01,Philippines,0.003981617007338789
2009-02-01,Poland,-0.2002554589697512
2009-02-01,Singapore,-0.1111371875546574
2009-02-01,South Africa,-0.06969025524343697
2009-02-01,Spain,-0.1086178448873011
2009-02-01,Sweden,-0.03487335526127033
2009-02-01,Switzerland,-0.1117022781239767
2009-02-01,Taiwan,0.03963574370819734
2009-02-01,Thailand,-0.04320630976800621
2009-02-01,Turkey,-0.1095859478712513
2009-02-01,U.K.,-0.07162273974503619
2009-02-01,U.S.,-0.1064786722616907
2009-02-01,US SmallCap,-0.1215885798523785
2009-02-01,Vietnam,-0.2354348115710542
2009-03-01,Australia,0.1657699087637907
2009-03-01,Brazil,0.1088260227441513
2009-03-01,Canada,0.09409816252361414
2009-03-01,Chile,0.03161588218950828
2009-03-01,ChinaA,0.1412898554209785
2009-03-01,ChinaH,0.1405817470581321
2009-03-01,Denmark,0.004793071937664539
2009-03-01,France,0.08295906599641167
2009-03-01,Germany,0.1060080357501068
2009-03-01,Hong Kong,0.04096680662650298
2009-03-01,India,0.1215400035981393
2009-03-01,Indonesia,0.1951466127401416
2009-03-01,Italy,0.0697534798593924
2009-03-01,Japan,0.01227527699050746
2009-03-01,Korea,0.2788168769030013
2009-03-01,Malaysia,0.004351382432498108
2009-03-01,Mexico,0.136767868238286
2009-03-01,NASDAQ,0.1102428927835255
2009-03-01,Netherlands,0.03479778535930222
2009-03-01,Philippines,0.08817592366038673
2009-03-01,Poland,0.1436756237973114
2009-03-01,Singapore,0.08200437562719753
2009-03-01,South Africa,0.1801758374889622
2009-03-01,Spain,0.07419364702214892
2009-03-01,Sweden,0.09429132433651022
2009-03-01,Switzerland,0.0777596505302176
2009-03-01,Taiwan,0.1580639447596448
2009-03-01,Thailand,0.03412093304144337
2009-03-01,Turkey,0.08837992839235187
2009-03-01,U.K.,0.04414805290305557
2009-03-01,U.S.,0.08759897438353637
2009-03-01,US SmallCap,0.0891600994764088
2009-03-01,Vietnam,0.1557845741947339
2009-04-01,Australia,0.1070132940739703
2009-04-01,Brazil,0.1984825096271579
2009-04-01,Canada,0.1393330110549404
2009-04-01,Chile,0.0764125932445594
2009-04-01,ChinaA,0.1089671253786832
2009-04-01,ChinaH,0.1090180736298361
2009-04-01,Denmark,0.1829217496439286
2009-04-01,France,0.1257867704115052
2009-04-01,Germany,0.1553309718811402
2009-04-01,Hong Kong,0.1691355394013456
2009-04-01,India,0.1926188184609743
2009-04-01,Indonesia,0.3113367174280879
2009-04-01,Italy,0.1865065272537176
2009-04-01,Japan,0.09629324481241297
2009-04-01,Korea,0.1996598639455784
2009-04-01,Malaysia,0.1629565061730287
2009-04-01,Mexico,0.1459871202764096
2009-04-01,NASDAQ,0.1239762984378683
2009-04-01,Netherlands,0.1125100828663745
2009-04-01,Philippines,0.07429476189137785
2009-04-01,Poland,0.2526486094607892
2009-04-01,Singapore,0.1759701299403102
2009-04-01,South Africa,0.116104841838419
2009-04-01,Spain,0.1633233081175551
2009-04-01,Sweden,0.2284104344888569
2009-04-01,Switzerland,0.06669775257619937
2009-04-01,Taiwan,0.1740308689556389
2009-04-01,Thailand,0.1899846704138988
2009-04-01,Turkey,0.2864977329994696
2009-04-01,U.K.,0.1329726552755266
2009-04-01,U.S.,0.09568966498432108
2009-04-01,US SmallCap,0.1545687776570623
2009-04-01,Vietnam,0.1623152787536912
2009-05-01,Australia,0.1089425422100967
2009-05-01,Brazil,0.2217053098775119
2009-05-01,Canada,0.2124362504131418
2009-05-01,Chile,0.1930297474580052
2009-05-01,ChinaA,0.1627695373689522
2009-05-01,ChinaH,0.1630795034231021
2009-05-01,Denmark,0.1303529767155067
2009-05-01,France,0.1054580248009531
2009-05-01,Germany,0.08030754732332501
2009-05-01,Hong Kong,0.1819187229422508
2009-05-01,India,0.3700366039947354
2009-05-01,Indonesia,0.1203225806451613
2009-05-01,Italy,0.1206097342725536
2009-05-01,Japan,0.102459674198156
2009-05-01,Korea,0.04111142614119645
2009-05-01,Malaysia,0.06956381860489635
2009-05-01,Mexico,0.1723371327246197
2009-05-01,NASDAQ,0.03470919298995057
2009-05-01,Netherlands,0.1191271343451512
2009-05-01,Philippines,0.1654094028796429
2009-05-01,Poland,0.04103298875496608
2009-05-01,Singapore,0.2488033384399206
2009-05-01,South Africa,0.1713305510515601
2009-05-01,Spain,0.11673494347643
2009-05-01,Sweden,0.08023900536110773
2009-05-01,Switzerland,0.0940076456148069
2009-05-01,Taiwan,0.1525095058017054
2009-05-01,Thailand,0.169811552240271
2009-05-01,Turkey,0.1611023039569044
2009-05-01,U.K.,0.1478842059222094
2009-05-01,U.S.,0.05590047820803146
2009-05-01,US SmallCap,0.03013955190329787
2009-05-01,Vietnam,0.1661843509359546
2009-06-01,Australia,0.05077771922067509
2009-06-01,Brazil,-0.03941767732567192
2009-06-01,Canada,-0.05413673090593696
2009-06-01,Chile,0.04919431584170453
2009-06-01,ChinaA,0.0365334442057943
2009-06-01,ChinaH,0.036222105582425
2009-06-01,Denmark,0.001759269310977807
2009-06-01,France,-0.04520370442371491
2009-06-01,Germany,-0.03435618328756362
2009-06-01,Hong Kong,-0.01603413589983493
2009-06-01,India,-0.0217526980498306
2009-06-01,Indonesia,0.0676648430751512
2009-06-01,Italy,-0.04559985607329198
2009-06-01,Japan,0.01722391319831895
2009-06-01,Korea,-0.008714596949891185
2009-06-01,Malaysia,0.03011788104542279
2009-06-01,Mexico,0.009519357502771664
2009-06-01,NASDAQ,0.03468490000040059
2009-06-01,Netherlands,-0.01279016233722796
2009-06-01,Philippines,-0.007108969274286503
2009-06-01,Poland,0.05341722978157915
2009-06-01,Singapore,-0.005191950843744797
2009-06-01,South Africa,0.002478231377782469
2009-06-01,Spain,0.04020058966992757
2009-06-01,Sweden,-0.001593640431955534
2009-06-01,Switzerland,-0.009524597874243312
2009-06-01,Taiwan,-0.0767232257280257
2009-06-01,Thailand,0.1046890895552128
2009-06-01,Turkey,0.0441464587718885
2009-06-01,U.K.,-0.006988804369760682
2009-06-01,U.S.,0.001979157884226534
2009-06-01,US SmallCap,0.01465314378417193
2009-06-01,Vietnam,0.03440640552944219
2009-07-01,Australia,0.1042796465624976
2009-07-01,Brazil,0.08936461404916995
2009-07-01,Canada,0.1200868711574681
2009-07-01,Chile,0.02867047907212017
2009-07-01,ChinaA,0.1082194060307757
2009-07-01,ChinaH,0.1082347291283627
2009-07-01,Denmark,0.07164035049142714
2009-07-01,France,0.1041960770770651
2009-07-01,Germany,0.1177337965781586
2009-07-01,Hong Kong,0.1377379250240394
2009-07-01,India,0.08654418247897855
2009-07-01,Indonesia,0.2451456310679612
2009-07-01,Italy,0.08340641494112866
2009-07-01,Japan,0.04244577372838032
2009-07-01,Korea,0.1892857142857143
2009-07-01,Malaysia,0.1064264951407494
2009-07-01,Mexico,0.1061795981147668
2009-07-01,NASDAQ,0.07861504843526856
2009-07-01,Netherlands,0.14338606854628
2009-07-01,Philippines,0.1638102559464594
2009-07-01,Poland,0.285156726777986
2009-07-01,Singapore,0.1594087267021269
2009-07-01,South Africa,0.06199476527873915
2009-07-01,Spain,0.1357070453910652
2009-07-01,Sweden,0.1792850264805008
2009-07-01,Switzerland,0.1115811304358614
2009-07-01,Taiwan,0.1027314668164336
2009-07-01,Thailand,0.04014012968641723
2009-07-01,Turkey,0.2157463916116789
2009-07-01,U.K.,0.0945626715091421
2009-07-01,U.S.,0.07563102474437877
2009-07-01,US SmallCap,0.09630366223405407
2009-07-01,Vietnam,0.09501044925452096
2009-08-01,Australia,0.08454519109359859
2009-08-01,Brazil,0.01708455438422485
2009-08-01,Canada,-0.01434660060376725
2009-08-01,Chile,-0.04421448841371922
2009-08-01,ChinaA,-0.07040595048428289
2009-08-01,ChinaH,-0.07035584374505777
2009-08-01,Denmark,0.07930381841252232
2009-08-01,France,0.07781519314492424
2009-08-01,Germany,0.04169940010583595
2009-08-01,Hong Kong,-0.07067144967037498
2009-08-01,India,-0.009130853576470921
2009-08-01,Indonesia,-0.007364089235434301
2009-08-01,Italy,0.0933526455631215
2009-08-01,Japan,0.0391167010202178
2009-08-01,Korea,0.007161007161007094
2009-08-01,Malaysia,-0.002550413901917237
2009-08-01,Mexico,0.05028008177725884
2009-08-01,NASDAQ,0.01671295390784544
2009-08-01,Netherlands,0.05604930858677015
2009-08-01,Philippines,-0.009823920631528482
2009-08-01,Poland,0.05798695017343269
2009-08-01,Singapore,-0.0260760443672069
2009-08-01,South Africa,0.04942991124257778
2009-08-01,Spain,0.05937716665777026
2009-08-01,Sweden,0.05398778138933324
2009-08-01,Switzerland,0.06510789659529403
2009-08-01,Taiwan,-0.03527640134798338
2009-08-01,Thailand,0.02491808066886336
2009-08-01,Turkey,0.05729211364960252
2009-08-01,U.K.,0.06447476543246711
2009-08-01,U.S.,0.03608410653189198
2009-08-01,US SmallCap,0.02867387153291667
2009-08-01,Vietnam,0.1620596490915409
2009-09-01,Australia,0.1195104558257893
2009-09-01,Brazil,0.1520232914651656
2009-09-01,Canada,0.07261464329740464
2009-09-01,Chile,0.07449330545719945
2009-09-01,ChinaA,0.04240635355687306
2009-09-01,ChinaH,0.0423348201982261
2009-09-01,Denmark,0.02056827185294186
2009-09-01,France,0.06119250544267785
2009-09-01,Germany,0.05837157686244088
2009-09-01,Hong Kong,0.08267451711174068
2009-09-01,India,0.1107130967441241
2009-09-01,Indonesia,0.1176085533493345
2009-09-01,Italy,0.06893759874101146
2009-09-01,Japan,-0.02333483947133053
2009-09-01,Korea,0.1233944954128441
2009-09-01,Malaysia,0.03907537484418322
2009-09-01,Mexico,0.01679968359603401
2009-09-01,NASDAQ,0.05692146253228247
2009-09-01,Netherlands,0.08274873265960814
2009-09-01,Philippines,-0.005382532602582035
2009-09-01,Poland,-0.006165342681555441
2009-09-01,Singapore,0.05904509820401715
2009-09-01,South Africa,0.03899953063300199
2009-09-01,Spain,0.05114444697647857
2009-09-01,Sweden,0.008787644718631471
2009-09-01,Switzerland,0.03626426479022671
2009-09-01,Taiwan,0.1268584805534294
2009-09-01,Thailand,0.1253283936984033
2009-09-01,Turkey,0.03568990349740386
2009-09-01,U.K.,0.03021874957889592
2009-09-01,U.S.,0.03731103336029373
2009-09-01,US SmallCap,0.05758879412242557
2009-09-01,Vietnam,0.02949731853015369
2009-10-01,Australia,-0.005772908052378178
2009-10-01,Brazil,0.02770446070979538
2009-10-01,Canada,-0.05138062714273384
2009-10-01,Chile,0.006248242165586948
2009-10-01,ChinaA,0.06417391417815499
2009-10-01,ChinaH,0.06420444622889865
2009-10-01,Denmark,-0.02836170350780409
2009-10-01,France,-0.03996452260846628
2009-10-01,Germany,-0.0398008473002911
2009-10-01,Hong Kong,0.02754482784234691
2009-10-01,India,-0.04006162404536673
2009-10-01,Indonesia,-0.03689964857477546
2009-10-01,Italy,-0.04950908447942881
2009-10-01,Japan,-0.02504946376692208
2009-10-01,Korea,-0.07002858309514082
2009-10-01,Malaysia,0.04987578113552549
2009-10-01,Mexico,0.004868494762531483
2009-10-01,NASDAQ,-0.03608095576376025
2009-10-01,Netherlands,-0.02003029809985146
2009-10-01,Philippines,0.01901643224902849
2009-10-01,Poland,0.0544352199846676
2009-10-01,Singapore,-0.01004252139307538
2009-10-01,South Africa,-0.02426821028796811
2009-10-01,Spain,-0.01059127808960236
2009-10-01,Sweden,0.04607003872141746
2009-10-01,Switzerland,0.004732064995011998
2009-10-01,Taiwan,-0.04120126137145175
2009-10-01,Thailand,-0.06338139630585149
2009-10-01,Turkey,-0.0303373377117897
2009-10-01,U.K.,0.01412516763744764
2009-10-01,U.S.,-0.01858684391086618
2009-10-01,US SmallCap,-0.06794611590175548
2009-10-01,Vietnam,0.0289177675936283
2009-11-01,Australia,0.03517612156989669
2009-11-01,Brazil,0.08245197821768024
2009-11-01,Canada,0.07431735737529754
2009-11-01,Chile,0.05650311104360539
2009-11-01,ChinaA,0.02452684434144459
2009-11-01,ChinaH,0.02452008091565361
2009-11-01,Denmark,0.03230867083970401
2009-11-01,France,0.03617119449241124
2009-11-01,Germany,0.05138949448149299
2009-11-01,Hong Kong,-0.01295202965410214
2009-11-01,India,0.0834108720766853
2009-11-01,Indonesia,0.03182647476180822
2009-11-01,Italy,0.01110491293300053
2009-11-01,Japan,-0.01013470901253877
2009-11-01,Korea,0.01031833150384198
2009-11-01,Malaysia,0.01068126100979061
2009-11-01,Mexico,0.1002506960484424
2009-11-01,NASDAQ,0.05049904195253818
2009-11-01,Netherlands,0.01822337412862352
2009-11-01,Philippines,0.05457795329448745
2009-11-01,Poland,0.08210219346372649
2009-11-01,Singapore,0.05015578589769887
2009-11-01,South Africa,0.05975840166902358
2009-11-01,Spain,0.03977932386112082
2009-11-01,Sweden,-0.0002440520858144613
2009-11-01,Switzerland,0.01670168719257958
2009-11-01,Taiwan,0.0386911882188341
2009-11-01,Thailand,0.006903078079981029
2009-11-01,Turkey,-0.06150079820337739
2009-11-01,U.K.,0.03693528705339943
2009-11-01,U.S.,0.05994111476893771
2009-11-01,US SmallCap,0.03114767774909399
2009-11-01,Vietnam,-0.1001681205649732
2009-12-01,Australia,0.01894148235513526
2009-12-01,Brazil,0.01631087132484388
2009-12-01,Canada,0.03151304473837957
2009-12-01,Chile,0.08575279576651496
2009-12-01,ChinaA,0.004619780680100938
2009-12-01,ChinaH,0.005118071928446044
2009-12-01,Denmark,-0.03108196591978662
2009-12-01,France,0.02252551336523601
2009-12-01,Germany,0.01210102361583432
2009-12-01,Hong Kong,0.02175535960242914
2009-12-01,India,0.03584026929195594
2009-12-01,Indonesia,0.05520628683693518
2009-12-01,Italy,0.01074415223841463
2009-12-01,Japan,0.006967017152682553
2009-12-01,Korea,0.09887005649717517
2009-12-01,Malaysia,0.003521068484988898
2009-12-01,Mexico,0.028068126408622
2009-12-01,NASDAQ,0.05866769629384128
2009-12-01,Netherlands,0.03732937640653011
2009-12-01,Philippines,0.02721059297921435
2009-12-01,Poland,-0.02108368850563314
2009-12-01,Singapore,0.05403888630767661
2009-12-01,South Africa,0.04598118585038358
2009-12-01,Spain,-0.02376018916223788
2009-12-01,Sweden,-0.009264858776068974
2009-12-01,Switzerland,0.0163869652151607
2009-12-01,Taiwan,0.08533393343875861
2009-12-01,Thailand,0.07158680876059398
2009-12-01,Turkey,0.2015865444302263
2009-12-01,U.K.,0.02739083089290606
2009-12-01,U.S.,0.01931261305656107
2009-12-01,US SmallCap,0.08043601677034284
2009-12-01,Vietnam,-0.0253537678927358
2010-01-01,Australia,-0.06863548245459739
2010-01-01,Brazil,-0.1093169288875195
2010-01-01,Canada,-0.07383030712590233
2010-01-01,Chile,0.0321594097032798
2010-01-01,ChinaA,-0.08636253979789066
2010-01-01,ChinaH,-0.08496911134807972
2010-01-01,Denmark,0.03127053121309831
2010-01-01,France,-0.07391092844942249
2010-01-01,Germany,-0.08847033705270724
2010-01-01,Hong Kong,-0.06578733178072216
2010-01-01,India,-0.05326359134160596
2010-01-01,Indonesia,0.02383168869856633
2010-01-01,Italy,-0.08461960518568967
2010-01-01,Japan,0.01895465807397434
2010-01-01,Korea,-0.04647023927229588
2010-01-01,Malaysia,-0.004648221523136598
2010-01-01,Mexico,-0.06231647829709586
2010-01-01,NASDAQ,-0.05337127117038731
2010-01-01,Netherlands,-0.03544500522985594
2010-01-01,Philippines,-0.05740546593914564
2010-01-01,Poland,-0.0131354361929551
2010-01-01,Singapore,-0.06030045567785214
2010-01-01,South Africa,-0.05291449602917386
2010-01-01,Spain,-0.117875491706301
2010-01-01,Sweden,-0.02487896879503027
2010-01-01,Switzerland,-0.03340937028183377
2010-01-01,Taiwan,-0.06480740266085139
2010-01-01,Thailand,-0.0517380443379456
2010-01-01,Turkey,0.01683221885331454
2010-01-01,U.K.,-0.04731663771784267
2010-01-01,U.S.,-0.03597084979848797
2010-01-01,US SmallCap,-0.03685422771736679
2010-01-01,Vietnam,-0.01555654165832998
2010-02-01,Australia,0.03482659306902103
2010-02-01,Brazil,0.04826183281090923
2010-02-01,Canada,0.05771855216210064
2010-02-01,Chile,-0.009836902553188698
2010-02-01,ChinaA,0.02192416270594144
2010-02-01,ChinaH,0.02156929126681351
2010-02-01,Denmark,-0.01282904543330643
2010-02-01,France,-0.02320127594478105
2010-02-01,Germany,-0.0222536637462124
2010-02-01,Hong Kong,0.03920722199812698
2010-02-01,India,0.01367713268053006
2010-02-01,Indonesia,-0.03800691034733594
2010-02-01,Italy,-0.05588099684461334
2010-02-01,Japan,0.01085365010826456
2010-02-01,Korea,-0.00933222729158023
2010-02-01,Malaysia,0.009243548234265875
2010-02-01,Mexico,0.04247819901395911
2010-02-01,NASDAQ,0.04367500518790646
2010-02-01,Netherlands,-0.04702227870324993
2010-02-01,Philippines,0.05561840001516694
2010-02-01,Poland,-0.0532428681142525
2010-02-01,Singapore,0.009088877800056627
2010-02-01,South Africa,-0.001391230211784888
2010-02-01,Spain,-0.07442546211940693
2010-02-01,Sweden,0.02871416383346403
2010-02-01,Switzerland,0.01882760996357291
2010-02-01,Taiwan,-0.03668796009296782
2010-02-01,Thailand,0.04434571489916905
2010-02-01,Turkey,-0.1254777071126487
2010-02-01,U.K.,-0.00682881315467132
2010-02-01,U.S.,0.03095571098467254
2010-02-01,US SmallCap,0.04499358170201595
2010-02-01,Vietnam,0.03045336443924662
2010-03-01,Australia,0.08747577583689492
2010-03-01,Brazil,0.07297246491308362
2010-03-01,Canada,0.0830845692973805
2010-03-01,Chile,-0.01855137600880352
2010-03-01,ChinaA,0.0541122054308385
2010-03-01,ChinaH,0.05431104256553065
2010-03-01,Denmark,0.07327505228855768
2010-03-01,France,0.06215840536506545
2010-03-01,Germany,0.09046237254058132
2010-03-01,Hong Kong,0.05500147424045565
2010-03-01,India,0.09106775287739532
2010-03-01,Indonesia,0.1217391304347826
2010-03-01,Italy,0.07281902247725025
2010-03-01,Japan,0.04191888909372032
2010-03-01,Korea,0.08980531714465134
2010-03-01,Malaysia,0.09128515323385389
2010-03-01,Mexico,0.1031583397069664
2010-03-01,NASDAQ,0.07192399204056721
2010-03-01,Netherlands,0.07150193304266095
2010-03-01,Philippines,0.05595067049808433
2010-03-01,Poland,0.1173181911642971
2010-03-01,Singapore,0.04130122210660137
2010-03-01,South Africa,0.1216790978167228
2010-03-01,Spain,0.03499659570687519
2010-03-01,Sweden,0.0699840659254598
2010-03-01,Switzerland,0.05123839502641725
2010-03-01,Taiwan,0.06752181929420753
2010-03-01,Thailand,0.1448080086032388
2010-03-01,Turkey,0.1668113842342209
2010-03-01,U.K.,0.06567713954261167
2010-03-01,U.S.,0.06034711385841018
2010-03-01,US SmallCap,0.08116237514218971
2010-03-01,Vietnam,-0.0126453160059653
2010-04-01,Australia,-0.01016506665831352
2010-04-01,Brazil,-0.008850764617350348
2010-04-01,Canada,0.01460148032816222
2010-04-01,Chile,0.03663299854496493
2010-04-01,ChinaA,-0.00553637301748211
2010-04-01,ChinaH,-0.005623122351646748
2010-04-01,Denmark,0.05627791361588907
2010-04-01,France,-0.0514913173321605
2010-04-01,Germany,-0.02565014285592115
2010-04-01,Hong Kong,-0.02419255023074363
2010-04-01,India,0.02007748271518994
2010-04-01,Indonesia,0.0608358611391977
2010-04-01,Italy,-0.06946933149552037
2010-04-01,Japan,-0.001968837902482035
2010-04-01,Korea,0.05301575105647349
2010-04-01,Malaysia,0.0431795241630164
2010-04-01,Mexico,0.001509128028958306
2010-04-01,NASDAQ,0.02682615822023116
2010-04-01,Netherlands,-0.01450460759099925
2010-04-01,Philippines,0.0500323154898914
2010-04-01,Poland,-0.01048438418791608
2010-04-01,Singapore,0.05834020372322413
2010-04-01,South Africa,-0.003124816202545566
2010-04-01,Spain,-0.04912633621560314
2010-04-01,Sweden,0.03793426947568768
2010-04-01,Switzerland,-0.05567453718446636
2010-04-01,Taiwan,0.02545299587824057
2010-04-01,Thailand,-0.02443758331779222
2010-04-01,Turkey,0.07008832337043103
2010-04-01,U.K.,-0.008005796316762903
2010-04-01,U.S.,0.01578033448208638
2010-04-01,US SmallCap,0.05659043619317239
2010-04-01,Vietnam,0.08149667555602447
2010-05-01,Australia,-0.1574699678326881
2010-05-01,Brazil,-0.1048583065450178
2010-05-01,Canada,-0.06853656149359921
2010-05-01,Chile,-0.01763338526998792
2010-05-01,ChinaA,-0.06342859490325492
2010-05-01,ChinaH,-0.06069807343646239
2010-05-01,Denmark,-0.1138190887446693
2010-05-01,France,-0.1443505096618395
2010-05-01,Germany,-0.1187078872324435
2010-05-01,Hong Kong,-0.0635799566156241
2010-05-01,India,-0.07996915847438646
2010-05-01,Indonesia,-0.0765687053216837
2010-05-01,Italy,-0.1594682433270785
2010-05-01,Japan,-0.08091046523527057
2010-05-01,Korea,-0.1333454943451295
2010-05-01,Malaysia,-0.06948293290561758
2010-05-01,Mexico,-0.0651386166864415
2010-05-01,NASDAQ,-0.08169621996475263
2010-05-01,Netherlands,-0.1227451573636636
2010-05-01,Philippines,-0.04298340811290902
2010-05-01,Poland,-0.1422960069245911
2010-05-01,Singapore,-0.0876936982335077
2010-05-01,South Africa,-0.06584141337929283
2010-05-01,Spain,-0.1736899403216383
2010-05-01,Sweden,-0.1405582176696922
2010-05-01,Switzerland,-0.1097054823045026
2010-05-01,Taiwan,-0.09808231969398629
2010-05-01,Thailand,-0.02739328372475025
2010-05-01,Turkey,-0.1113101884371808
2010-05-01,U.K.,-0.1051416245785387
2010-05-01,U.S.,-0.07984770905528737
2010-05-01,US SmallCap,-0.0758672871439231
2010-05-01,Vietnam,-0.04606428123478368
2010-06-01,Australia,-0.02346882054707033
2010-06-01,Brazil,-0.04428089431010107
2010-06-01,Canada,-0.05175652095017447
2010-06-01,Chile,0.01007232261558344
2010-06-01,ChinaA,0.009497120484765587
2010-06-01,ChinaH,0.009523177757895018
2010-06-01,Denmark,0.009084898033640876
2010-06-01,France,-0.01824550503172373
2010-06-01,Germany,-0.002861172191502948
2010-06-01,Hong Kong,0.03071079832535228
2010-06-01,India,0.04278053669613091
2010-06-01,Indonesia,0.06709100292447956
2010-06-01,Italy,-0.01257437309403453
2010-06-01,Japan,-0.02045211298235305
2010-06-01,Korea,0.01368133024626395
2010-06-01,Malaysia,0.03685738944623607
2010-06-01,Mexico,-0.0283006389977255
2010-06-01,NASDAQ,-0.06493252244700998
2010-06-01,Netherlands,-0.006849629798967305
2010-06-01,Philippines,0.02086882933709444
2010-06-01,Poland,-0.07542531880149017
2010-06-01,Singapore,0.03559393652733189
2010-06-01,South Africa,-0.03755892265899463
2010-06-01,Spain,-0.003813187520573136
2010-06-01,Sweden,0.02869023213716138
2010-06-01,Switzerland,0.04265337410582171
2010-06-01,Taiwan,-0.02001827814480195
2010-06-01,Thailand,0.03563369003421424
2010-06-01,Turkey,0.009993889911105835
2010-06-01,U.K.,-0.01567893351637328
2010-06-01,U.S.,-0.0523552597509046
2010-06-01,US SmallCap,-0.077509749791279
2010-06-01,Vietnam,0.02447910958564892
2010-07-01,Australia,0.1174854878375258
2010-07-01,Brazil,0.1373493838676041
2010-07-01,Canada,0.07179195283450723
2010-07-01,Chile,0.1207372434334024
2010-07-01,ChinaA,0.04341479978307095
2010-07-01,ChinaH,0.04051721512860662
2010-07-01,Denmark,0.102940003759568
2010-07-01,France,0.123134665282451
2010-07-01,Germany,0.09490263844328828
2010-07-01,Hong Kong,0.05772094889404267
2010-07-01,India,0.005799493901843089
2010-07-01,Indonesia,0.06400128969853314
2010-07-01,Italy,0.1582781997768754
2010-07-01,Japan,0.03523824963587097
2010-07-01,Korea,0.0749584717607974
2010-07-01,Malaysia,0.04873967871534712
2010-07-01,Mexico,0.05844110673347958
2010-07-01,NASDAQ,0.0693871751222297
2010-07-01,Netherlands,0.1077699819273461
2010-07-01,Philippines,0.03392116010588619
2010-07-01,Poland,0.1966471114738284
2010-07-01,Singapore,0.07994665078167529
2010-07-01,South Africa,0.1253848576837202
2010-07-01,Spain,0.2161639770463446
2010-07-01,Sweden,0.1168730808923935
2010-07-01,Switzerland,0.04847487694495323
2010-07-01,Taiwan,0.06942785958367881
2010-07-01,Thailand,0.06282641549221535
2010-07-01,Turkey,0.1563965203049948
2010-07-01,U.K.,0.1234629556808422
2010-07-01,U.S.,0.07005892832539073
2010-07-01,US SmallCap,0.06867873348698161
2010-07-01,Vietnam,-0.02442050824298792
2010-08-01,Australia,-0.02668029661911453
2010-08-01,Brazil,-0.03204144041635071
2010-08-01,Canada,-0.01921741920103859
2010-08-01,Chile,0.07265246301885298
2010-08-01,ChinaA,-0.02758880222832638
2010-08-01,ChinaH,-0.02596428428403752
2010-08-01,Denmark,-0.04770730974044546
2010-08-01,France,-0.06197571469265772
2010-08-01,Germany,-0.05928320057062586
2010-08-01,Hong Kong,0.01079342222069646
2010-08-01,India,-0.01342713068641965
2010-08-01,Indonesia,-0.03045454545454551
2010-08-01,Italy,-0.07447197443211706
2010-08-01,Japan,-0.02313786489690117
2010-08-01,Korea,-0.02588371643809173
2010-08-01,Malaysia,0.06795514137575176
2010-08-01,Mexico,-0.05036236869048472
2010-08-01,NASDAQ,-0.06121330512896694
2010-08-01,Netherlands,-0.0766318552494396
2010-08-01,Philippines,0.05664744209913031
2010-08-01,Poland,-0.03620123688282395
2010-08-01,Singapore,-0.006564688205221381
2010-08-01,South Africa,-0.03044674015722104
2010-08-01,Spain,-0.0569209719703615
2010-08-01,Sweden,-0.05796124187836837
2010-08-01,Switzerland,0.0249289447193024
2010-08-01,Taiwan,-0.02201479720016442
2010-08-01,Thailand,0.09411188931436532
2010-08-01,Turkey,-0.0163332283917812
2010-08-01,U.K.,-0.01266681094205413
2010-08-01,U.S.,-0.04514670063902038
2010-08-01,US SmallCap,-0.07404487933429549
2010-08-01,Vietnam,-0.03966222522591489
2010-09-01,Australia,0.1363125255290534
2010-09-01,Brazil,0.1060144380076968
2010-09-01,Canada,0.07802293569776642
2010-09-01,Chile,0.1029130811028736
2010-09-01,ChinaA,0.08588861696677652
2010-09-01,ChinaH,0.083777026824019
2010-09-01,Denmark,0.1203343974366646
2010-09-01,France,0.1448428940659485
2010-09-01,Germany,0.1325246036336845
2010-09-01,Hong Kong,0.1405411423491487
2010-09-01,India,0.1627821709032207
2010-09-01,Indonesia,0.142991092358181
2010-09-01,Italy,0.1140134783970905
2010-09-01,Japan,0.03783747969777806
2010-09-01,Korea,0.1217529248463216
2010-09-01,Malaysia,0.05864184015157492
2010-09-01,Mexico,0.1090665403190416
2010-09-01,NASDAQ,0.1217927361555553
2010-09-01,Netherlands,0.1313663844622808
2010-09-01,Philippines,0.1909654247919672
2010-09-01,Poland,0.173231508152597
2010-09-01,Singapore,0.07964114055380223
2010-09-01,South Africa,0.1467101013152803
2010-09-01,Spain,0.1057154028667657
2010-09-01,Sweden,0.1852631923433878
2010-09-01,Switzerland,0.05462104936276124
2010-09-01,Taiwan,0.1074428295633734
2010-09-01,Thailand,0.1415799749747633
2010-09-01,Turkey,0.1552524962851178
2010-09-01,U.K.,0.09236067147146465
2010-09-01,U.S.,0.08923992713166529
2010-09-01,US SmallCap,0.1245958283371666
2010-09-01,Vietnam,-0.01711686459574058
2010-10-01,Australia,0.03319831629204106
2010-10-01,Brazil,0.01456957079869037
2010-10-01,Canada,0.03149688321655431
2010-10-01,Chile,0.01470902979722899
2010-10-01,ChinaA,0.03888595954387908
2010-10-01,ChinaH,0.03742996381463737
2010-10-01,Denmark,0.03405202550942965
2010-10-01,France,0.05086268987594567
2010-10-01,Germany,0.07808065092646865
2010-10-01,Hong Kong,0.02176655025432805
2010-10-01,India,0.01670266988577795
2010-10-01,Indonesia,0.02843861088323751
2010-10-01,Italy,0.06373209145352887
2010-10-01,Japan,0.02042761192620346
2010-10-01,Korea,0.01202050556832246
2010-10-01,Malaysia,0.0256680670415006
2010-10-01,Mexico,0.08212473088545313
2010-10-01,NASDAQ,0.05905976669877
2010-10-01,Netherlands,0.0167946809980426
2010-10-01,Philippines,0.02024754073293789
2010-10-01,Poland,0.05089668806869696
2010-10-01,Singapore,0.03412798545926155
2010-10-01,South Africa,0.01572632844190447
2010-10-01,Spain,0.04392172583403342
2010-10-01,Sweden,0.004810822614919941
2010-10-01,Switzerland,0.0228021256279658
2010-10-01,Taiwan,0.02736632880892165
2010-10-01,Thailand,0.02036483016070534
2010-10-01,Turkey,0.05887421012207206
2010-10-01,U.K.,0.04165566293118039
2010-10-01,U.S.,0.03804815633611947
2010-10-01,US SmallCap,0.04091700585886593
2010-10-01,Vietnam,0.05711493910286802
2010-11-01,Australia,-0.03199512990794495
2010-11-01,Brazil,-0.04767502184429617
2010-11-01,Canada,0.01053727219646206
2010-11-01,Chile,0.01057594914212179
2010-11-01,ChinaA,-0.0238785489535559
2010-11-01,ChinaH,-0.02220212569953006
2010-11-01,Denmark,-0.06354250764782277
2010-11-01,France,-0.1125371572388618
2010-11-01,Germany,-0.05080131918621467
2010-11-01,Hong Kong,0.01863904393265936
2010-11-01,India,-0.06514835902420968
2010-11-01,Indonesia,-0.07112470087742617
2010-11-01,Italy,-0.1586489648127311
2010-11-01,Japan,0.02084856358067344
2010-11-01,Korea,0.0003493449781659663
2010-11-01,Malaysia,-0.02812804035147765
2010-11-01,Mexico,0.01952007980895565
2010-11-01,NASDAQ,-0.001979038865628446
2010-11-01,Netherlands,-0.09794949372921491
2010-11-01,Philippines,-0.1343447001078255
2010-11-01,Poland,-0.09488753314666121
2010-11-01,Singapore,-0.01509384809062864
2010-11-01,South Africa,-0.02873622919001673
2010-11-01,Spain,-0.2085150222892316
2010-11-01,Sweden,-0.02768378694608997
2010-11-01,Switzerland,-0.03607713309594007
2010-11-01,Taiwan,0.0157533058120114
2010-11-01,Thailand,0.002428632959870614
2010-11-01,Turkey,-0.09977280604459726
2010-11-01,U.K.,-0.04472452447120323
2010-11-01,U.S.,0.0001204428018868331
2010-11-01,US SmallCap,0.03468308944175935
2010-11-01,Vietnam,0.01920828616860493
2010-12-01,Australia,0.1024106324353886
2010-12-01,Brazil,0.07171305196624456
2010-12-01,Canada,0.07719048710520227
2010-12-01,Chile,0.03227647080893759
2010-12-01,ChinaA,-0.007233372030385321
2010-12-01,ChinaH,-0.006220989691136936
2010-12-01,Denmark,0.1052607739273193
2010-12-01,France,0.0868868960986744
2010-12-01,Germany,0.06999506072281525
2010-12-01,Hong Kong,0.006606984040128383
2010-12-01,India,0.07635326506763862
2010-12-01,Indonesia,0.04207814512666386
2010-12-01,Italy,0.08792429962083892
2010-12-01,Japan,0.07531134909579285
2010-12-01,Korea,0.1257202723939237
2010-12-01,Malaysia,0.05989587758878323
2010-12-01,Mexico,0.05764357843264478
2010-12-01,NASDAQ,0.06283250739069257
2010-12-01,Netherlands,0.1087521712585688
2010-12-01,Philippines,0.09306363107347093
2010-12-01,Poland,0.0982214197910265
2010-12-01,Singapore,0.04747488903516106
2010-12-01,South Africa,0.153210982205235
2010-12-01,Spain,0.09421365028457962
2010-12-01,Sweden,0.09960050517633778
2010-12-01,Switzerland,0.0904833872414681
2010-12-01,Taiwan,0.1246633799764336
2010-12-01,Thailand,0.03426533242911645
2010-12-01,Turkey,-0.03586269486734406
2010-12-01,U.K.,0.07421745982190098
2010-12-01,U.S.,0.06683749669342776
2010-12-01,US SmallCap,0.07947534905970643
2010-12-01,Vietnam,0.08466240504478795
2011-01-01,Australia,-0.01977395566034768
2011-01-01,Brazil,-0.04170346431026439
2011-01-01,Canada,0.004335169011607798
2011-01-01,Chile,-0.09060273800386776
2011-01-01,ChinaA,-0.005214287786902028
2011-01-01,ChinaH,-0.002404103621063469
2011-01-01,Denmark,0.02005674037173799
2011-01-01,France,0.0694287426648863
2011-01-01,Germany,0.04053568785501382
2011-01-01,Hong Kong,0.0170822163038411
2011-01-01,India,-0.1307504048285
2011-01-01,Indonesia,-0.1024584535091334
2011-01-01,Italy,0.1112793870025186
2011-01-01,Japan,0.00120084709323165
2011-01-01,Korea,0.01938886303707155
2011-01-01,Malaysia,0.00899157110123805
2011-01-01,Mexico,-0.02841489402539987
2011-01-01,NASDAQ,0.01810288247382763
2011-01-01,Netherlands,0.04365685988971002
2011-01-01,Philippines,-0.1041032364794706
2011-01-01,Poland,0.01585708672480113
2011-01-01,Singapore,0.0004180427542539444
2011-01-01,South Africa,-0.1256464227972541
2011-01-01,Spain,0.13138777880223
2011-01-01,Sweden,0.0354313893481164
2011-01-01,Switzerland,-0.003210973320010968
2011-01-01,Taiwan,0.03202505653891063
2011-01-01,Thailand,-0.08670690932388325
2011-01-01,Turkey,-0.09455273230971195
2011-01-01,U.K.,0.02084411681368525
2011-01-01,U.S.,0.02369726155160423
2011-01-01,US SmallCap,-0.002576137760941677
2011-01-01,Vietnam,0.06715737916343634
2011-02-01,Australia,0.04686289054937176
2011-02-01,Brazil,0.02989908409773512
2011-02-01,Canada,0.07290953663585786
2011-02-01,Chile,-0.02647280089057369
2011-02-01,ChinaA,-0.01806710555868307
2011-02-01,ChinaH,-0.01889034459644734
2011-02-01,Denmark,0.04984469379413503
2011-02-01,France,0.034611565840861
2011-02-01,Germany,0.03479439736621837
2011-02-01,Hong Kong,-0.03319454330038063
2011-02-01,India,-0.01786149009811899
2011-02-01,Indonesia,0.06136189747513399
2011-02-01,Italy,0.02802054537596543
2011-02-01,Japan,0.04525171441405496
2011-02-01,Korea,-0.0646682897139379
2011-02-01,Malaysia,-0.01899807055465352
2011-02-01,Mexico,0.008523431494252387
2011-02-01,NASDAQ,0.03157072247448589
2011-02-01,Netherlands,0.03709895077327596
2011-02-01,Philippines,-0.01346606228176583
2011-02-01,Poland,0.006953206427741776
2011-02-01,Singapore,-0.051036151067683
2011-02-01,South Africa,0.06087335171890174
2011-02-01,Spain,0.008294544322557051
2011-02-01,Sweden,-0.002973068420499825
2011-02-01,Switzerland,0.03304115439823696
2011-02-01,Taiwan,-0.08776885153364233
2011-02-01,Thailand,0.0551283807853562
2011-02-01,Turkey,-0.02550407822651846
2011-02-01,U.K.,0.04895867651781516
2011-02-01,U.S.,0.03425073175655013
2011-02-01,US SmallCap,0.05484097055997683
2011-02-01,Vietnam,-0.09015081284788651
2011-03-01,Australia,0.02602459729078066
2011-03-01,Brazil,0.04011504932378207
2011-03-01,Canada,1.424110259740097e-05
2011-03-01,Chile,0.04082220731678565
2011-03-01,ChinaA,0.05317714228000936
2011-03-01,ChinaH,0.05169168067835805
2011-03-01,Denmark,0.01700701652242764
2011-03-01,France,-0.0009330002787227842
2011-03-01,Germany,-0.004185754693050159
2011-03-01,Hong Kong,0.01289044915174475
2011-03-01,India,0.1114404108223452
2011-03-01,Indonesia,0.09515570934256057
2011-03-01,Italy,-0.004155770112663215
2011-03-01,Japan,-0.1006530880423517
2011-03-01,Korea,0.1120871970066699
2011-03-01,Malaysia,0.05318564231766509
2011-03-01,Mexico,0.02667734306760727
2011-03-01,NASDAQ,0.0002222122491826184
2011-03-01,Netherlands,0.01924465385470331
2011-03-01,Philippines,0.1010648095140905
2011-03-01,Poland,0.04706760959334111
2011-03-01,Singapore,0.04899816862750428
2011-03-01,South Africa,0.05204032111888779
2011-03-01,Spain,-0.008281792913098052
2011-03-01,Sweden,0.01668348192416769
2011-03-01,Switzerland,-0.01930516275697192
2011-03-01,Taiwan,0.01709483296405456
2011-03-01,Thailand,0.08099249963640887
2011-03-01,Turkey,0.07818635574341393
2011-03-01,U.K.,-0.01762184518292376
2011-03-01,U.S.,0.0004034299596735735
2011-03-01,US SmallCap,0.02591276669812292
2011-03-01,Vietnam,0.03586564137403236
2011-04-01,Australia,0.05619006458577269
2011-04-01,Brazil,-0.005454250949804562
2011-04-01,Canada,0.01204414971056278
2011-04-01,Chile,0.09359364360696931
2011-04-01,ChinaA,0.01299851497924776
2011-04-01,ChinaH,0.01164268760475617
2011-04-01,Denmark,0.02899053485812075
2011-04-01,France,0.07574287716701655
2011-04-01,Germany,0.1063939645793712
2011-04-01,Hong Kong,0.02474737128365856
2011-04-01,India,-0.0106079705226414
2011-04-01,Indonesia,0.05028962611900978
2011-04-01,Italy,0.08089018105060886
2011-04-01,Japan,0.003571453344100695
2011-04-01,Korea,0.0697776477472205
2011-04-01,Malaysia,0.0188369069314509
2011-04-01,Mexico,0.01765543242872303
2011-04-01,NASDAQ,0.0336717187246105
2011-04-01,Netherlands,0.02093730158896112
2011-04-01,Philippines,0.05971525840593528
2011-04-01,Poland,0.1040034234004357
2011-04-01,Singapore,0.05585128298572828
2011-04-01,South Africa,0.05529566663869234
2011-04-01,Spain,0.07818985140676782
2011-04-01,Sweden,0.08062171498618387
2011-04-01,Switzerland,0.08513098070260394
2011-04-01,Taiwan,0.0663843824313588
2011-04-01,Thailand,0.06768308211246565
2011-04-01,Turkey,0.1040953480134736
2011-04-01,U.K.,0.07449990880919954
2011-04-01,U.S.,0.02960675882086483
2011-04-01,US SmallCap,0.0264062739598192
2011-04-01,Vietnam,0.01565545887956699
2011-05-01,Australia,-0.04867088417246446
2011-05-01,Brazil,-0.0320882571752078
2011-05-01,Canada,-0.03029561009734738
2011-05-01,Chile,-0.005966193664556418
2011-05-01,ChinaA,-0.001827932139585653
2011-05-01,ChinaH,-0.0005796045901348412
2011-05-01,Denmark,-0.04739427134881258
2011-05-01,France,-0.04959926913789059
2011-05-01,Germany,-0.07573900493411756
2011-05-01,Hong Kong,0.005528398969037784
2011-05-01,India,-0.0425242071425771
2011-05-01,Indonesia,0.006768613687641034
2011-05-01,Italy,-0.08135383773586302
2011-05-01,Japan,-0.01655169559643077
2011-05-01,Korea,-0.03787775194858467
2011-05-01,Malaysia,-0.003891661207457875
2011-05-01,Mexico,-0.0321960737657544
2011-05-01,NASDAQ,-0.01203499048255829
2011-05-01,Netherlands,-0.05142977566171236
2011-05-01,Philippines,-0.04196833496166652
2011-05-01,Poland,-0.0312762810302889
2011-05-01,Singapore,-0.01872449164738543
2011-05-01,South Africa,-0.05154402993524743
2011-05-01,Spain,-0.0649001427510758
2011-05-01,Sweden,-0.03458559844914499
2011-05-01,Switzerland,0.01746686742185566
2011-05-01,Taiwan,-0.004446360278520411
2011-05-01,Thailand,-0.04179061488818792
2011-05-01,Turkey,-0.1222417145969229
2011-05-01,U.K.,-0.01619036793472017
2011-05-01,U.S.,-0.01132254790886977
2011-05-01,US SmallCap,-0.01874892439081144
2011-05-01,Vietnam,-0.1283699110700672
2011-06-01,Australia,-0.008946154765432812
2011-06-01,Brazil,-0.003132464631278697
2011-06-01,Canada,-0.02811363560068858
2011-06-01,Chile,0.001246048455417093
2011-06-01,ChinaA,-0.04405113077679446
2011-06-01,ChinaH,-0.04358595291771361
2011-06-01,Denmark,-0.04819681196089221
2011-06-01,France,0.002508772318063457
2011-06-01,Germany,0.01939254527085099
2011-06-01,Hong Kong,-0.03895990160641527
2011-06-01,India,0.02122890160393864
2011-06-01,Indonesia,0.02066733067729087
2011-06-01,Italy,-0.03348411979188215
2011-06-01,Japan,0.01417489257525339
2011-06-01,Korea,-0.0189027856736782
2011-06-01,Malaysia,0.0208817285932148
2011-06-01,Mexico,0.00978719258018712
2011-06-01,NASDAQ,-0.02111572168280518
2011-06-01,Netherlands,-0.02873807335087319
2011-06-01,Philippines,0.01437961470292226
2011-06-01,Poland,-0.02544798701029038
2011-06-01,Singapore,-0.01604558444141591
2011-06-01,South Africa,-0.01644515643610522
2011-06-01,Spain,-0.003453913502683537
2011-06-01,Sweden,-0.0527541499473918
2011-06-01,Switzerland,-0.04374558135470696
2011-06-01,Taiwan,-0.04831472460756392
2011-06-01,Thailand,-0.04002028959641546
2011-06-01,Turkey,-0.007714660209316659
2011-06-01,U.K.,-0.02415849849078766
2011-06-01,U.S.,-0.01667038082391781
2011-06-01,US SmallCap,-0.02306215799903288
2011-06-01,Vietnam,0.05271088038411276
2011-07-01,Australia,-0.02185575600311951
2011-07-01,Brazil,-0.04300955388473804
2011-07-01,Canada,-0.02119701639197813
2011-07-01,Chile,-0.05374036553298189
2011-07-01,ChinaA,-0.008449068501504953
2011-07-01,ChinaH,-0.006768949787625211
2011-07-01,Denmark,-0.03500737027987633
2011-07-01,France,-0.08140288672381246
2011-07-01,Germany,-0.03905623125760926
2011-07-01,Hong Kong,0.02025080899895593
2011-07-01,India,-0.02612983732747998
2011-07-01,Indonesia,0.07306660161014888
2011-07-01,Italy,-0.09259413919907955
2011-07-01,Japan,0.03504230852329027
2011-07-01,Korea,0.01723888164566123
2011-07-01,Malaysia,-0.001879124934706877
2011-07-01,Mexico,-0.007849997338575498
2011-07-01,NASDAQ,-0.005759647742133556
2011-07-01,Netherlands,-0.04514050692568639
2011-07-01,Philippines,0.07007546656247388
2011-07-01,Poland,-0.02730202610487298
2011-07-01,Singapore,0.04877029978735847
2011-07-01,South Africa,-0.008104877887673334
2011-07-01,Spain,-0.07720590190416388
2011-07-01,Sweden,-0.04796339286974671
2011-07-01,Switzerland,-0.00269381475963637
2011-07-01,Taiwan,-0.01221222190350002
2011-07-01,Thailand,0.1164748820916262
2011-07-01,Turkey,-0.05475465418395098
2011-07-01,U.K.,0.001970261873144974
2011-07-01,U.S.,-0.02034074500459337
2011-07-01,US SmallCap,-0.03614585899915657
2011-07-01,Vietnam,-0.07704780312421056
2011-08-01,Australia,-0.04095934679976976
2011-08-01,Brazil,-0.06451243675926921
2011-08-01,Canada,-0.03535058737797392
2011-08-01,Chile,-0.04415243734230445
2011-08-01,ChinaA,-0.09349479848736775
2011-08-01,ChinaH,-0.09407593068674935
2011-08-01,Denmark,-0.1354303631635059
2011-08-01,France,-0.1075746820683874
2011-08-01,Germany,-0.1857917959170855
2011-08-01,Hong Kong,-0.06066518495711903
2011-08-01,India,-0.1241406282162119
2011-08-01,Indonesia,-0.08241445947482096
2011-08-01,Italy,-0.1470103323809295
2011-08-01,Japan,-0.08153879443164258
2011-08-01,Korea,-0.1322984904585589
2011-08-01,Malaysia,-0.07433525715657396
2011-08-01,Mexico,-0.04331772739066786
2011-08-01,NASDAQ,-0.0627841402726762
2011-08-01,Netherlands,-0.09921401443991062
2011-08-01,Philippines,-0.04287677695952741
2011-08-01,Poland,-0.1220270931509471
2011-08-01,Singapore,-0.0953133735149847
2011-08-01,South Africa,-0.01190490419898882
2011-08-01,Spain,-0.08862650552581952
2011-08-01,Sweden,-0.1114944065002452
2011-08-01,Switzerland,-0.06644549128179167
2011-08-01,Taiwan,-0.09775530544600841
2011-08-01,Thailand,-0.07442934580176419
2011-08-01,Turkey,-0.1462161064265736
2011-08-01,U.K.,-0.06431826855892109
2011-08-01,U.S.,-0.05433015317957735
2011-08-01,US SmallCap,-0.08700263110417306
2011-08-01,Vietnam,0.004216784322554235
2011-09-01,Australia,-0.1442475197559423
2011-09-01,Brazil,-0.1839875179068301
2011-09-01,Canada,-0.1408410405159429
2011-09-01,Chile,-0.1844913086492904
2011-09-01,ChinaA,-0.1723472981966335
2011-09-01,ChinaH,-0.1728594376731213
2011-09-01,Denmark,-0.09196913843445231
2011-09-01,France,-0.1475529975483764
2011-09-01,Germany,-0.118195449303537
2011-09-01,Hong Kong,-0.1643280674963068
2011-09-01,India,-0.06424643369133509
2011-09-01,Indonesia,-0.09786917740336976
2011-09-01,Italy,-0.1143761238362871
2011-09-01,Japan,-0.02496604444973938
2011-09-01,Korea,-0.1334318069916296
2011-09-01,Malaysia,-0.1014096074816364
2011-09-01,Mexico,-0.1543605815324363
2011-09-01,NASDAQ,-0.06308533833957086
2011-09-01,Netherlands,-0.09635832138735145
2011-09-01,Philippines,-0.09145113033339902
2011-09-01,Poland,-0.2097845728238517
2011-09-01,Singapore,-0.1369187774511035
2011-09-01,South Africa,-0.1534619388055463
2011-09-01,Spain,-0.08299680526155451
2011-09-01,Sweden,-0.1328024354773197
2011-09-01,Switzerland,-0.1141558302002851
2011-09-01,Taiwan,-0.105602711110002
2011-09-01,Thailand,-0.1736878485735118
2011-09-01,Turkey,0.04861673987099691
2011-09-01,U.K.,-0.08520611072533313
2011-09-01,U.S.,-0.07029637838939573
2011-09-01,US SmallCap,-0.1121088113783428
2011-09-01,Vietnam,-0.0520983212029239
2011-10-01,Australia,0.1685120614492728
2011-10-01,Brazil,0.1944288897548354
2011-10-01,Canada,0.1046257284152339
2011-10-01,Chile,0.1819325865072818
2011-10-01,ChinaA,0.1513457751837646
2011-10-01,ChinaH,0.1484419418431762
2011-10-01,Denmark,0.07466582138317812
2011-10-01,France,0.128640746949563
2011-10-01,Germany,0.1610415629143307
2011-10-01,Hong Kong,0.125090588003941
2011-10-01,India,0.08544035562476071
2011-10-01,Indonesia,0.08733864322988194
2011-10-01,Italy,0.1349408239581336
2011-10-01,Japan,-0.002546670030793119
2011-10-01,Korea,0.1498106060606059
2011-10-01,Malaysia,0.1225097336050662
2011-10-01,Mexico,0.1389142671067214
2011-10-01,NASDAQ,0.1119590831180952
2011-10-01,Netherlands,0.1299824523448956
2011-10-01,Philippines,0.1051005147221868
2011-10-01,Poland,0.1300854078602967
2011-10-01,Singapore,0.1046203034987885
2011-10-01,South Africa,0.09257374135476693
2011-10-01,Spain,0.08472882626080103
2011-10-01,Sweden,0.1586724308816265
2011-10-01,Switzerland,0.08419578692208485
2011-10-01,Taiwan,0.0683972338608716
2011-10-01,Thailand,0.1291224531891002
2011-10-01,Turkey,-0.02716926690354349
2011-10-01,U.K.,0.1221919957014923
2011-10-01,U.S.,0.1092918433117769
2011-10-01,US SmallCap,0.1513571513539471
2011-10-01,Vietnam,-0.02816521462169119
2011-11-01,Australia,-0.06484038544918869
2011-11-01,Brazil,-0.06957098998605904
2011-11-01,Canada,-0.02677907521659784
2011-11-01,Chile,-0.08975904128303802
2011-11-01,ChinaA,-0.08411718012748226
2011-11-01,ChinaH,-0.0828837748958402
2011-11-01,Denmark,0.02983334506697632
2011-11-01,France,-0.06161965248295542
2011-11-01,Germany,-0.04199417737489697
2011-11-01,Hong Kong,-0.07258865503961309
2011-11-01,India,-0.1604609057306641
2011-11-01,Indonesia,-0.05455923212932545
2011-11-01,Italy,-0.07353503523409988
2011-11-01,Japan,-0.04482287609845281
2011-11-01,Korea,-0.05896886839070981
2011-11-01,Malaysia,-0.04132952709205595
2011-11-01,Mexico,-0.01890369964512517
2011-11-01,NASDAQ,-0.02184838684604062
2011-11-01,Netherlands,-0.05914666045680605
2011-11-01,Philippines,-0.06272306562612073
2011-11-01,Poland,-0.09677920781665317
2011-11-01,Singapore,-0.0811126502438203
2011-11-01,South Africa,-0.003703814424385943
2011-11-01,Spain,-0.08993885537669022
2011-11-01,Sweden,-0.05150394584906048
2011-11-01,Switzerland,-0.05591453772447486
2011-11-01,Taiwan,-0.09457777880194951
2011-11-01,Thailand,-0.02420991738892164
2011-11-01,Turkey,-0.05338690660926759
2011-11-01,U.K.,-0.01740903884798062
2011-11-01,U.S.,-0.002219995917632778
2011-11-01,US SmallCap,-0.003647186403194502
2011-11-01,Vietnam,-0.1432691024534409
2011-12-01,Australia,-0.01297175250722338
2011-12-01,Brazil,-0.01944966477340915
2011-12-01,Canada,-0.02184292057606663
2011-12-01,Chile,0.005215459678454382
2011-12-01,ChinaA,0.02469126618062778
2011-12-01,ChinaH,0.02353454032796609
2011-12-01,Denmark,-0.02196537420503208
2011-12-01,France,-0.0340552822118726
2011-12-01,Germany,-0.06549514526537503
2011-12-01,Hong Kong,0.0188310645794405
2011-12-01,India,-0.05912344887933474
2011-12-01,Indonesia,0.02351055303232696
2011-12-01,Italy,-0.04540868100786644
2011-12-01,Japan,0.007166707931558269
2011-12-01,Korea,-0.01225275687029581
2011-12-01,Malaysia,0.04018571329206377
2011-12-01,Mexico,-0.02059469142506742
2011-12-01,NASDAQ,-0.005086017149305566
2011-12-01,Netherlands,0.0003320537348918684
2011-12-01,Philippines,0.03631162773749219
2011-12-01,Poland,-0.08438857592022664
2011-12-01,Singapore,-0.02503607190995127
2011-12-01,South Africa,-0.0171645219870038
2011-12-01,Spain,-0.01994152152510809
2011-12-01,Sweden,-0.01039222588323618
2011-12-01,Switzerland,0.01714791609439503
2011-12-01,Taiwan,0.02974792945842486
2011-12-01,Thailand,0.0133439419231709
2011-12-01,Turkey,-0.08493035239792757
2011-12-01,U.K.,0.001314339854810109
2011-12-01,U.S.,0.01021047279938747
2011-12-01,US SmallCap,0.006598579800534354
2011-12-01,Vietnam,-0.05125313431523559
2012-01-01,Australia,0.0851784411419032
2012-01-01,Brazil,0.1518567800812098
2012-01-01,Canada,0.05964314661363068
2012-01-01,Chile,0.07464586156045261
2012-01-01,ChinaA,0.1082736189459776
2012-01-01,ChinaH,0.1065377233506173
2012-01-01,Denmark,0.04406641339260542
2012-01-01,France,0.05507017270187831
2012-01-01,Germany,0.1025650922339523
2012-01-01,Hong Kong,0.09436832704067699
2012-01-01,India,0.2073215384164737
2012-01-01,Indonesia,0.04502740798747062
2012-01-01,Italy,0.06363240890969091
2012-01-01,Japan,0.04517472447045012
2012-01-01,Korea,0.103845472266525
2012-01-01,Malaysia,0.0420278952618176
2012-01-01,Mexico,0.07422213587558324
2012-01-01,NASDAQ,0.08057396823211138
2012-01-01,Netherlands,0.03166303928303416
2012-01-01,Philippines,0.104190474516078
2012-01-01,Poland,0.1503574458515367
2012-01-01,Singapore,0.143307034656756
2012-01-01,South Africa,0.07670980901734281
2012-01-01,Spain,0.004989342541288133
2012-01-01,Sweden,0.05799076664228142
2012-01-01,Switzerland,0.02543910953402739
2012-01-01,Taiwan,0.08994832355346127
2012-01-01,Thailand,0.08408984773918093
2012-01-01,Turkey,0.1804821619645713
2012-01-01,U.K.,0.0365452302243261
2012-01-01,U.S.,0.04481219300890582
2012-01-01,US SmallCap,0.07065154241114713
2012-01-01,Vietnam,0.1321287718935564
2012-02-01,Australia,0.03429464253621628
2012-02-01,Brazil,0.05457278783958697
2012-02-01,Canada,0.03571991262834406
2012-02-01,Chile,0.09075571794225001
2012-02-01,ChinaA,0.06511357494964054
2012-02-01,ChinaH,0.06528856721223941
2012-02-01,Denmark,0.1436526642560645
2012-02-01,France,0.07077433719030779
2012-02-01,Germany,0.08400139329100553
2012-02-01,Hong Kong,0.08620618319568596
2012-02-01,India,0.04817216301624949
2012-02-01,Indonesia,-0.01061571125265381
2012-02-01,Italy,0.05020993757693004
2012-02-01,Japan,0.05004839415728601
2012-02-01,Korea,0.04784074490287349
2012-02-01,Malaysia,0.04387612353421821
2012-02-01,Mexico,0.03020246408700378
2012-02-01,NASDAQ,0.05586209980079415
2012-02-01,Netherlands,0.04232910116275801
2012-02-01,Philippines,0.05097105735587393
2012-02-01,Poland,0.04372620016249962
2012-02-01,Singapore,0.04883625279974035
2012-02-01,South Africa,0.07232094175301551
2012-02-01,Spain,0.01753630295469355
2012-02-01,Sweden,0.107284427232978
2012-02-01,Switzerland,0.04846201195829125
2012-02-01,Taiwan,0.0743279198054092
2012-02-01,Thailand,0.1145520215480309
2012-02-01,Turkey,0.07270858987591855
2012-02-01,U.K.,0.0607831693876506
2012-02-01,U.S.,0.04324251633406928
2012-02-01,US SmallCap,0.02393234551758927
2012-02-01,Vietnam,0.07330980376878382
2012-03-01,Australia,-0.02283116817313635
2012-03-01,Brazil,-0.06308062645284296
2012-03-01,Canada,-0.02951571035374378
2012-03-01,Chile,0.005671491096487236
2012-03-01,ChinaA,-0.06887320890140836
2012-03-01,ChinaH,-0.06788609698760639
2012-03-01,Denmark,-0.02047818713790539
2012-03-01,France,-0.007901072114489427
2012-03-01,Germany,0.008744802360864945
2012-03-01,Hong Kong,-0.04581768896693572
2012-03-01,India,-0.0513457053741414
2012-03-01,Indonesia,0.01274930573087607
2012-03-01,Italy,-0.02512433252576662
2012-03-01,Japan,0.003747063236194226
2012-03-01,Korea,-0.005975180021449256
2012-03-01,Malaysia,-0.002249612371331255
2012-03-01,Mexico,0.04444389938349214
2012-03-01,NASDAQ,0.0428295899403206
2012-03-01,Netherlands,0.009346775105037342
2012-03-01,Philippines,0.0479573981350323
2012-03-01,Poland,-0.01429225793041555
2012-03-01,Singapore,-0.004991993824373875
2012-03-01,South Africa,-0.03266729871187268
2012-03-01,Spain,-0.06051546038828337
2012-03-01,Sweden,-0.02850399021142291
2012-03-01,Switzerland,0.01762966148473422
2012-03-01,Taiwan,-0.02233035358415958
2012-03-01,Thailand,0.004659202881315716
2012-03-01,Turkey,0.00159661675363032
2012-03-01,U.K.,-0.005860228920278598
2012-03-01,U.S.,0.03285334839260146
2012-03-01,US SmallCap,0.02562084943778897
2012-03-01,Vietnam,0.004316288783625666
2012-04-01,Australia,0.01873295530344921
2012-04-01,Brazil,-0.06140055631268848
2012-04-01,Canada,0.00530329883212266
2012-04-01,Chile,-0.01382891364070715
2012-04-01,ChinaA,0.03546871078114067
2012-04-01,ChinaH,0.03464525887450742
2012-04-01,Denmark,0.02960192874473111
2012-04-01,France,-0.06243511900653875
2012-04-01,Germany,-0.04059141264781063
2012-04-01,Hong Kong,0.008068141490567005
2012-04-01,India,-0.04704274838961542
2012-04-01,Indonesia,-0.003739249657235488
2012-04-01,Italy,-0.0850931917830886
2012-04-01,Japan,-0.03198603460636817
2012-04-01,Korea,0.0001541307028360972
2012-04-01,Malaysia,-0.007837142427809418
2012-04-01,Mexico,-0.005223414178739172
2012-04-01,NASDAQ,-0.01402667083963649
2012-04-01,Netherlands,-0.0533231421405681
2012-04-01,Philippines,0.02767738391256569
2012-04-01,Poland,-0.03456904034185782
2012-04-01,Singapore,0.008518441616717887
2012-04-01,South Africa,-0.001050131237930518
2012-04-01,Spain,-0.1302308166296897
2012-04-01,Sweden,-0.02464754501286015
2012-04-01,Switzerland,-0.02316933167835977
2012-04-01,Taiwan,-0.04176807635123758
2012-04-01,Thailand,0.03511805364729748
2012-04-01,Turkey,-0.0254411036940777
2012-04-01,U.K.,0.01669770261757386
2012-04-01,U.S.,-0.006282811947615707
2012-04-01,US SmallCap,-0.01544682600050329
2012-04-01,Vietnam,0.07011206174257012
2012-05-01,Australia,-0.1241130459192893
2012-05-01,Brazil,-0.1440555501177256
2012-05-01,Canada,-0.1071406649825998
2012-05-01,Chile,-0.1241423263735184
2012-05-01,ChinaA,-0.1125036878742695
2012-05-01,ChinaH,-0.1121555073390268
2012-05-01,Denmark,-0.119125400344215
2012-05-01,France,-0.1236458867370128
2012-05-01,Germany,-0.14754350072287
2012-05-01,Hong Kong,-0.09725645880448797
2012-05-01,India,-0.1197767308480131
2012-05-01,Indonesia,-0.1199799824846741
2012-05-01,Italy,-0.171676518629309
2012-05-01,Japan,-0.0895825551712004
2012-05-01,Korea,-0.11373092926491
2012-05-01,Malaysia,-0.04274131754995658
2012-05-01,Mexico,-0.1182482660728166
2012-05-01,NASDAQ,-0.07039478186936976
2012-05-01,Netherlands,-0.1114580963032042
2012-05-01,Philippines,-0.0426733627341338
2012-05-01,Poland,-0.1669502602055267
2012-05-01,Singapore,-0.1015203000204418
2012-05-01,South Africa,-0.09805675415748116
2012-05-01,Spain,-0.1820652855616154
2012-05-01,Sweden,-0.1496628180151652
2012-05-01,Switzerland,-0.1067664423217326
2012-05-01,Taiwan,-0.0502464067867382
2012-05-01,Thailand,-0.1156535376472317
2012-05-01,Turkey,-0.1175369182744929
2012-05-01,U.K.,-0.1076494102817374
2012-05-01,U.S.,-0.06009948439694579
2012-05-01,US SmallCap,-0.06614724179607556
2012-05-01,Vietnam,-0.05091636075819805
2012-06-01,Australia,0.06454697158127742
2012-06-01,Brazil,0.01141940133238584
2012-06-01,Canada,0.02914161780773261
2012-06-01,Chile,0.05686330604647494
2012-06-01,ChinaA,0.007388919136977146
2012-06-01,ChinaH,0.006868230528342067
2012-06-01,Denmark,0.06643115737858452
2012-06-01,France,0.08622661916390983
2012-06-01,Germany,0.04684358153963664
2012-06-01,Hong Kong,0.04499424709098476
2012-06-01,India,0.08451626039909232
2012-06-01,Indonesia,0.06326414557861804
2012-06-01,Italy,0.1392168461441834
2012-06-01,Japan,0.05032256463601326
2012-06-01,Korea,0.03251608415927665
2012-06-01,Malaysia,0.0211158876241222
2012-06-01,Mexico,0.127548675463006
2012-06-01,NASDAQ,0.03912399711085168
2012-06-01,Netherlands,0.08261189537787494
2012-06-01,Philippines,0.06136761053884476
2012-06-01,Poland,0.1731085579970302
2012-06-01,Singapore,0.06061201709499819
2012-06-01,South Africa,0.0428500186142291
2012-06-01,Spain,0.2074858109424049
2012-06-01,Sweden,0.09101084393282277
2012-06-01,Switzerland,0.06301160886985246
2012-06-01,Taiwan,-0.005672396655788781
2012-06-01,Thailand,0.03774464980095504
2012-06-01,Turkey,0.178209641141597
2012-06-01,U.K.,0.07596006511422937
2012-06-01,U.S.,0.04120437487989781
2012-06-01,US SmallCap,0.0498992700447467
2012-06-01,Vietnam,-0.008963246913278433
2012-07-01,Australia,0.0750946385342004
2012-07-01,Brazil,0.01446755740819716
2012-07-01,Canada,0.02215436981947194
2012-07-01,Chile,-0.002861394543190898
2012-07-01,ChinaA,0.01318359462096508
2012-07-01,ChinaH,0.01277247622325617
2012-07-01,Denmark,0.05392507333991037
2012-07-01,France,-0.0003167114483793032
2012-07-01,Germany,0.02514644561896673
2012-07-01,Hong Kong,0.03506374614943364
2012-07-01,India,-0.01137232287741219
2012-07-01,Indonesia,0.06030217943575344
2012-07-01,Italy,-0.05444903412266711
2012-07-01,Japan,-0.02391737559735896
2012-07-01,Korea,0.03384978107106762
2012-07-01,Malaysia,0.02883726905725448
2012-07-01,Mexico,0.02276802548234902
2012-07-01,NASDAQ,0.001944992712721971
2012-07-01,Netherlands,0.03453719995746019
2012-07-01,Philippines,0.01656531114472326
2012-07-01,Poland,-0.01415025431452255
2012-07-01,Singapore,0.07902190359877181
2012-07-01,South Africa,0.02575402277811545
2012-07-01,Spain,-0.07874614960036108
2012-07-01,Sweden,0.0638258250310142
2012-07-01,Switzerland,0.0219365977506043
2012-07-01,Taiwan,-0.01203378717167425
2012-07-01,Thailand,0.01825043278580551
2012-07-01,Turkey,0.03659081077306214
2012-07-01,U.K.,0.0128186313435823
2012-07-01,U.S.,0.0138858575294023
2012-07-01,US SmallCap,-0.01381874458449284
2012-07-01,Vietnam,-0.02031316138921524
2012-08-01,Australia,0.006017313663974955
2012-08-01,Brazil,0.003844006844112346
2012-08-01,Canada,0.04284123989970778
2012-08-01,Chile,-0.01381705271178735
2012-08-01,ChinaA,-0.0318408766011985
2012-08-01,ChinaH,-0.03152849362298582
2012-08-01,Denmark,0.03222550982458317
2012-08-01,France,0.05830494758694771
2012-08-01,Germany,0.05201161979688651
2012-08-01,Hong Kong,0.007745649449846015
2012-08-01,India,0.01673923954475787
2012-08-01,Indonesia,-0.03682219419924337
2012-08-01,Italy,0.1094077447008446
2012-08-01,Japan,-0.007642858655619311
2012-08-01,Korea,-0.00830754194494221
2012-08-01,Malaysia,0.002192809423866127
2012-08-01,Mexico,-0.02257784716968991
2012-08-01,NASDAQ,0.04551080344096525
2012-08-01,Netherlands,0.03822230195935283
2012-08-01,Philippines,-0.02284961338495006
2012-08-01,Poland,0.05925946541601945
2012-08-01,Singapore,-0.004620248080518974
2012-08-01,South Africa,0.001935702303639264
2012-08-01,Spain,0.1318755822792455
2012-08-01,Sweden,0.000917312543428972
2012-08-01,Switzerland,0.02267254863828594
2012-08-01,Taiwan,0.01944857535553224
2012-08-01,Thailand,0.01002150274465929
2012-08-01,Turkey,0.043388441235793
2012-08-01,U.K.,0.04444595392931161
2012-08-01,U.S.,0.02254224863361798
2012-08-01,US SmallCap,0.0333657316871887
2012-08-01,Vietnam,-0.07324254399702634
2012-09-01,Australia,0.02766618660579701
2012-09-01,Brazil,0.02807559126136483
2012-09-01,Canada,0.03731203588001897
2012-09-01,Chile,0.0295877661179258
2012-09-01,ChinaA,0.06095183715627184
2012-09-01,ChinaH,0.06054429684687479
2012-09-01,Denmark,0.02197735102356724
2012-09-01,France,0.00965702263646051
2012-09-01,Germany,0.05639203054336139
2012-09-01,Hong Kong,0.07885698387219198
2012-09-01,India,0.1395874748175523
2012-09-01,Indonesia,0.05040586540979319
2012-09-01,Italy,0.02042456803959314
2012-09-01,Japan,0.01344445191326171
2012-09-01,Korea,0.0671813403416559
2012-09-01,Malaysia,0.01450550323238309
2012-09-01,Mexico,0.06820322328464701
2012-09-01,NASDAQ,0.01698998217197434
2012-09-01,Netherlands,0.01205868315146108
2012-09-01,Philippines,0.04854142275742879
2012-09-01,Poland,0.08772689520554633
2012-09-01,Singapore,0.03118310497224708
2012-09-01,South Africa,0.0337279624458553
2012-09-01,Spain,0.0569049783543456
2012-09-01,Sweden,0.03888230781741653
2012-09-01,Switzerland,0.03102138656990561
2012-09-01,Taiwan,0.07207208274213195
2012-09-01,Thailand,0.07432680949022297
2012-09-01,Turkey,-0.0003742699417108586
2012-09-01,U.K.,0.02632485156922981
2012-09-01,U.S.,0.02583853007094117
2012-09-01,US SmallCap,0.03283844633405875
2012-09-01,Vietnam,0.006270894909876645
2012-10-01,Australia,0.02880253889619921
2012-10-01,Brazil,-0.009079509698831312
2012-10-01,Canada,-0.003330259987628703
2012-10-01,Chile,-0.01591866953898946
2012-10-01,ChinaA,0.05695652546512542
2012-10-01,ChinaH,0.05653248024577695
2012-10-01,Denmark,-0.008445298961770265
2012-10-01,France,0.026930128363303
2012-10-01,Germany,0.0164433271615525
2012-10-01,Hong Kong,0.01481260017895147
2012-10-01,India,-0.03701904221130825
2012-10-01,Indonesia,0.03053720553408934
2012-10-01,Italy,0.0329848852676029
2012-10-01,Japan,-0.01863877678693815
2012-10-01,Korea,-0.02708942588887187
2012-10-01,Malaysia,0.02700430198228587
2012-10-01,Mexico,-0.002037984967811268
2012-10-01,NASDAQ,-0.04395865746803906
2012-10-01,Netherlands,0.03255108571966625
2012-10-01,Philippines,0.03055931251516175
2012-10-01,Poland,-0.02455556871392806
2012-10-01,Singapore,-0.01540908873857993
2012-10-01,South Africa,-0.01632344996254731
2012-10-01,Spain,0.02485722497297083
2012-10-01,Sweden,-0.02365859690504724
2012-10-01,Switzerland,0.02626573390262998
2012-10-01,Taiwan,-0.0611194479172612
2012-10-01,Thailand,-0.01722262947180175
2012-10-01,Turkey,0.1047527201497385
2012-10-01,U.K.,0.00897449879438783
2012-10-01,U.S.,-0.01846392886917414
2012-10-01,US SmallCap,-0.02169459043032529
2012-10-01,Vietnam,-0.03704172759894053
2012-11-01,Australia,0.01309572207899556
2012-11-01,Brazil,-0.02983024040039406
2012-11-01,Canada,-0.004467907409689942
2012-11-01,Chile,-0.03167274381468921
2012-11-01,ChinaA,0.01864025841771055
2012-11-01,ChinaH,0.01864610851123216
2012-11-01,Denmark,0.01685682805987532
2012-11-01,France,0.04100553439624521
2012-11-01,Germany,0.02609533335934788
2012-11-01,Hong Kong,0.03215836907670799
2012-11-01,India,0.04584607341936797
2012-11-01,Indonesia,-0.03350266086115139
2012-11-01,Italy,0.01974032755497768
2012-11-01,Japan,0.02368652426218443
2012-11-01,Korea,0.02562885619364019
2012-11-01,Malaysia,-0.02707452302791524
2012-11-01,Mexico,0.01784968207237436
2012-11-01,NASDAQ,0.01386324383210202
2012-11-01,Netherlands,0.03068123956043234
2012-11-01,Philippines,0.05326987382262938
2012-11-01,Poland,0.05482931736852703
2012-11-01,Singapore,0.01598804447200264
2012-11-01,South Africa,-0.01434061141449339
2012-11-01,Spain,0.01766355497484651
2012-11-01,Sweden,0.03180892149391812
2012-11-01,Switzerland,0.03939081093303964
2012-11-01,Taiwan,0.07190487154073066
2012-11-01,Thailand,0.01570069097794269
2012-11-01,Turkey,0.001537345151117808
2012-11-01,U.K.,0.02066144988484808
2012-11-01,U.S.,0.005798565783148524
2012-11-01,US SmallCap,0.00532506879015604
2012-11-01,Vietnam,-0.03977022080801595
2012-12-01,Australia,0.0304116724867971
2012-12-01,Brazil,0.07669150084835241
2012-12-01,Canada,0.01585342135862033
2012-12-01,Chile,0.04349798965228269
2012-12-01,ChinaA,0.04808563273376198
2012-12-01,ChinaH,0.04818728206206524
2012-12-01,Denmark,0.02429798287479312
2012-12-01,France,0.0346257258172149
2012-12-01,Germany,0.04023465468794973
2012-12-01,Hong Kong,0.00889835493112745
2012-12-01,India,-0.000185993525100403
2012-12-01,Indonesia,0.01739456889000124
2012-12-01,Italy,0.03596580970455632
2012-12-01,Japan,0.05177302082211832
2012-12-01,Korea,0.06416782353848527
2012-12-01,Malaysia,0.04219560170528891
2012-12-01,Mexico,0.04105824646010592
2012-12-01,NASDAQ,0.006216481522462347
2012-12-01,Netherlands,0.02747447944380843
2012-12-01,Philippines,0.02787787128909902
2012-12-01,Poland,0.08770741219049882
2012-12-01,Singapore,0.03069836602735787
2012-12-01,South Africa,0.1020448510388419
2012-12-01,Spain,0.04359683321053986
2012-12-01,Sweden,0.04226694588142288
2012-12-01,Switzerland,0.01285368010232424
2012-12-01,Taiwan,0.009015002072897849
2012-12-01,Thailand,0.0617472249458304
2012-12-01,Turkey,0.07051560759741937
2012-12-01,U.K.,0.02182837213248479
2012-12-01,U.S.,0.009074569823804168
2012-12-01,US SmallCap,0.03587015534747073
2012-12-01,Vietnam,0.1102984159206108
2013-01-01,Australia,0.05563227694418127
2013-01-01,Brazil,0.02901689973893729
2013-01-01,Canada,0.01849391809526413
2013-01-01,Chile,0.07560612477740469
2013-01-01,ChinaA,0.04119828001281944
2013-01-01,ChinaH,0.04182161642166005
2013-01-01,Denmark,0.1131112130483116
2013-01-01,France,0.05554597372109904
2013-01-01,Germany,0.05134129791032427
2013-01-01,Hong Kong,0.05837833067717946
2013-01-01,India,0.04705348889935301
2013-01-01,Indonesia,0.0266912669126691
2013-01-01,Italy,0.08918354681520912
2013-01-01,Japan,0.03668219750167712
2013-01-01,Korea,-0.04319466589360765
2013-01-01,Malaysia,-0.04913632104387988
2013-01-01,Mexico,0.055072355306508
2013-01-01,NASDAQ,0.04081658120612452
2013-01-01,Netherlands,0.0802557848673382
2013-01-01,Philippines,0.07647768395657417
2013-01-01,Poland,-0.03254848509913777
2013-01-01,Singapore,0.01481371953473509
2013-01-01,South Africa,-0.0567121880482615
2013-01-01,Spain,0.06042457605602447
2013-01-01,Sweden,0.08089194346730966
2013-01-01,Switzerland,0.08632319651320386
2013-01-01,Taiwan,0.002393449780709211
2013-01-01,Thailand,0.05756338927398752
2013-01-01,Turkey,0.01740232337315506
2013-01-01,U.K.,0.04000013664228241
2013-01-01,U.S.,0.05179059123474294
2013-01-01,US SmallCap,0.06259273417091782
2013-01-01,Vietnam,0.1919498077224628
2013-02-01,Australia,0.04138872831056672
2013-02-01,Brazil,-0.02480409802310868
2013-02-01,Canada,-0.01404204473817472
2013-02-01,Chile,-0.009088539685325525
2013-02-01,ChinaA,-0.03931868808360606
2013-02-01,ChinaH,-0.03940612199647575
2013-02-01,Denmark,-0.0305682885389531
2013-02-01,France,-0.03383477620060849
2013-02-01,Germany,-0.03919088638953783
2013-02-01,Hong Kong,-0.006114287747475577
2013-02-01,India,-0.07001793338552331
2013-02-01,Indonesia,0.0956032107343956
2013-02-01,Italy,-0.125912159745309
2013-02-01,Japan,0.02634008864529624
2013-02-01,Korea,0.04075140130283295
2013-02-01,Malaysia,0.01494472482699138
2013-02-01,Mexico,-0.03034259700820408
2013-02-01,NASDAQ,0.007561031889031566
2013-02-01,Netherlands,-0.06734705443710831
2013-02-01,Philippines,0.08681817930286484
2013-02-01,Poland,-0.0387733100514196
2013-02-01,Singapore,0.001649269394996988
2013-02-01,South Africa,-0.02363441037930747
2013-02-01,Spain,-0.05865825960581117
2013-02-01,Sweden,0.01252916580789831
2013-02-01,Switzerland,0.005800630336467494
2013-02-01,Taiwan,0.003946636296608741
2013-02-01,Thailand,0.02386060233647047
2013-02-01,Turkey,-0.01624206135505002
2013-02-01,U.K.,-0.0188728712523174
2013-02-01,U.S.,0.01356855469365126
2013-02-01,US SmallCap,0.01102978434425039
2013-02-01,Vietnam,-0.03722383516748407
2013-03-01,Australia,-0.004565150895497805
2013-03-01,Brazil,-0.0111758028431661
2013-03-01,Canada,0.005834752124926901
2013-03-01,Chile,-0.01920376517720379
2013-03-01,ChinaA,-0.04566713436226355
2013-03-01,ChinaH,-0.0447158298836472
2013-03-01,Denmark,-0.04396646758399936
2013-03-01,France,-0.01516701293270639
2013-03-01,Germany,-0.0105955573020905
2013-03-01,Hong Kong,-0.01616323771598516
2013-03-01,India,-0.001731343283582043
2013-03-01,Indonesia,0.008310552214324751
2013-03-01,Italy,-0.05228281683275227
2013-03-01,Japan,0.04074366241788252
2013-03-01,Korea,-0.03959243085880637
2013-03-01,Malaysia,0.0281322487299982
2013-03-01,Mexico,0.03691599098517995
2013-03-01,NASDAQ,0.03486061855448108
2013-03-01,Netherlands,0.01491025705544402
2013-03-01,Philippines,0.0154506109979633
2013-03-01,Poland,-0.05407707661368721
2013-03-01,Singapore,0.01316757851751671
2013-03-01,South Africa,-0.01654792201693922
2013-03-01,Spain,-0.05957423068062584
2013-03-01,Sweden,-0.005735885669984619
2013-03-01,Switzerland,0.01295041333500513
2013-03-01,Taiwan,-0.008373948436686152
2013-03-01,Thailand,0.01785394650484529
2013-03-01,Turkey,0.08085611205280241
2013-03-01,U.K.,0.01913472542427974
2013-03-01,U.S.,0.03750479493547632
2013-03-01,US SmallCap,0.04618061797191775
2013-03-01,Vietnam,0.007829853997282754
2013-04-01,Australia,0.0467760441507119
2013-04-01,Brazil,0.01875359010746425
2013-04-01,Canada,-0.01419237192931655
2013-04-01,Chile,-0.0313650414235106
2013-04-01,ChinaA,0.01132266410384508
2013-04-01,ChinaH,0.01106080741668647
2013-04-01,Denmark,0.03743487422036518
2013-04-01,France,0.05652965334929116
2013-04-01,Germany,0.03027956979158963
2013-04-01,Hong Kong,0.0259908082245508
2013-04-01,India,0.04889061658991678
2013-04-01,Indonesia,0.02060514044029937
2013-04-01,Italy,0.1165680511641549
2013-04-01,Japan,0.08738542595916998
2013-04-01,Korea,-0.02455289481661127
2013-04-01,Malaysia,0.04487135947376064
2013-04-01,Mexico,-0.02034343175428643
2013-04-01,NASDAQ,0.01932281351177401
2013-04-01,Netherlands,0.02804575490225303
2013-04-01,Philippines,0.02828246868019324
2013-04-01,Poland,0.01069909999761265
2013-04-01,Singapore,0.03398719414350615
2013-04-01,South Africa,0.001735983188373424
2013-04-01,Spain,0.0977708744101129
2013-04-01,Sweden,0.006526784312255618
2013-04-01,Switzerland,0.03333647417701879
2013-04-01,Taiwan,0.04036235231014484
2013-04-01,Thailand,0.03486776318058005
2013-04-01,Turkey,0.02085181684065573
2013-04-01,U.K.,0.03528555302227754
2013-04-01,U.S.,0.01926470963666604
2013-04-01,US SmallCap,-0.003673625634187272
2013-04-01,Vietnam,-0.06288492376085475
2013-05-01,Australia,-0.1164594617088482
2013-05-01,Brazil,-0.07104183696050381
2013-05-01,Canada,-0.004936291631235545
2013-05-01,Chile,-0.07918813234170174
2013-05-01,ChinaA,-0.01262291728944753
2013-05-01,ChinaH,-0.0123406904749177
2013-05-01,Denmark,-0.03984587757935132
2013-05-01,France,0.007658597658757316
2013-05-01,Germany,0.02065594192436193
2013-05-01,Hong Kong,-0.01723045985375049
2013-05-01,India,-0.0361661487584457
2013-05-01,Indonesia,-0.03899691849962816
2013-05-01,Italy,0.003656261658997462
2013-05-01,Japan,-0.0571426641174444
2013-05-01,Korea,0.004195152268489766
2013-05-01,Malaysia,0.03184943290758024
2013-05-01,Mexico,-0.05882611940128546
2013-05-01,NASDAQ,0.04012549527891274
2013-05-01,Netherlands,0.02352619789409394
2013-05-01,Philippines,-0.03100572961111792
2013-05-01,Poland,0.03593564381835601
2013-05-01,Singapore,-0.04901616326514124
2013-05-01,South Africa,-0.0545966493859561
2013-05-01,Spain,-0.0294533860370062
2013-05-01,Sweden,-0.01158523280123469
2013-05-01,Switzerland,-0.02635515485406126
2013-05-01,Taiwan,-0.0007967540220186198
2013-05-01,Thailand,-0.07256382404488848
2013-05-01,Turkey,-0.03454038299069917
2013-05-01,U.K.,0.007980232157500655
2013-05-01,U.S.,0.0233801731406984
2013-05-01,US SmallCap,0.03996494779073134
2013-05-01,Vietnam,0.06352566967172679
2013-06-01,Australia,-0.06808162776186677
2013-06-01,Brazil,-0.1251957667504147
2013-06-01,Canada,-0.05530600859521462
2013-06-01,Chile,-0.04186979991962581
2013-06-01,ChinaA,-0.08604977635854028
2013-06-01,ChinaH,-0.08681629540718616
2013-06-01,Denmark,-0.03783221235305301
2013-06-01,France,-0.05077202350694388
2013-06-01,Germany,-0.04202848244388446
2013-06-01,Hong Kong,-0.05393755993539029
2013-06-01,India,-0.06723181221234964
2013-06-01,Indonesia,-0.04688191065900038
2013-06-01,Italy,-0.1142059465742561
2013-06-01,Japan,0.01658934473163121
2013-06-01,Korea,-0.0810768992727835
2013-06-01,Malaysia,-0.02220493795077794
2013-06-01,Mexico,-0.03670527376233867
2013-06-01,NASDAQ,-0.01419059068782413
2013-06-01,Netherlands,-0.03595810215365913
2013-06-01,Philippines,-0.07989522762327239
2013-06-01,Poland,-0.08537724472620434
2013-06-01,Singapore,-0.047273315215144
2013-06-01,South Africa,-0.01665931163089462
2013-06-01,Spain,-0.07231262620766621
2013-06-01,Sweden,-0.06748348040208796
2013-06-01,Switzerland,-0.01919211017749811
2013-06-01,Taiwan,-0.02302780724921638
2013-06-01,Thailand,-0.05044118069726666
2013-06-01,Turkey,-0.1407937758324955
2013-06-01,U.K.,-0.04715658940058809
2013-06-01,U.S.,-0.01342616916397954
2013-06-01,US SmallCap,-0.005125470598983495
2013-06-01,Vietnam,-0.106359809320957
2013-07-01,Australia,0.03060334392012654
2013-07-01,Brazil,-0.01518709068414636
2013-07-01,Canada,0.05785651007928294
2013-07-01,Chile,-0.09137060274927156
2013-07-01,ChinaA,0.03966246197030854
2013-07-01,ChinaH,0.03953866616925916
2013-07-01,Denmark,0.08336085569226315
2013-07-01,France,0.09052686461052484
2013-07-01,Germany,0.06509252094417906
2013-07-01,Hong Kong,0.04148854812185543
2013-07-01,India,-0.02626889146800104
2013-07-01,Indonesia,-0.0664733178654292
2013-07-01,Italy,0.1031671572234485
2013-07-01,Japan,0.00599384815005144
2013-07-01,Korea,0.03586462367401921
2013-07-01,Malaysia,-0.02344083956460596
2013-07-01,Mexico,0.01905967142775555
2013-07-01,NASDAQ,0.06635134863982906
2013-07-01,Netherlands,0.09861552286230535
2013-07-01,Philippines,0.02069022095821471
2013-07-01,Poland,0.08990452590979592
2013-07-01,Singapore,0.03671228550588967
2013-07-01,South Africa,0.02458154096227227
2013-07-01,Spain,0.1275343710939345
2013-07-01,Sweden,0.1104008908402578
2013-07-01,Switzerland,0.03850640253296755
2013-07-01,Taiwan,-0.006582073573233926
2013-07-01,Thailand,-0.02774078334039587
2013-07-01,Turkey,-0.0476963218898635
2013-07-01,U.K.,0.06699854421326612
2013-07-01,U.S.,0.0508837946416032
2013-07-01,US SmallCap,0.06997797516038462
2013-07-01,Vietnam,-0.0005835689945984379
2013-08-01,Australia,0.01982305203861823
2013-08-01,Brazil,-0.02080306864858794
2013-08-01,Canada,-0.009182054673838813
2013-08-01,Chile,-0.01794204251071707
2013-08-01,ChinaA,0.0239689157054841
2013-08-01,ChinaH,0.02384617706541103
2013-08-01,Denmark,0.004094302970486074
2013-08-01,France,-0.02233020671550467
2013-08-01,Germany,-0.02601390970812145
2013-08-01,Hong Kong,-0.01279812258397772
2013-08-01,India,-0.1130947340997167
2013-08-01,Indonesia,-0.1823039642102646
2013-08-01,Italy,0.00865528655481107
2013-08-01,Japan,-0.02178733336465466
2013-08-01,Korea,0.03933680104031212
2013-08-01,Malaysia,-0.0428634187266963
2013-08-01,Mexico,-0.06568442658832818
2013-08-01,NASDAQ,-0.008207197052147674
2013-08-01,Netherlands,-0.01486504836429969
2013-08-01,Philippines,-0.113552456020962
2013-08-01,Poland,0.02698761113584758
2013-08-01,Singapore,-0.05289414586189078
2013-08-01,South Africa,-0.01460697272281897
2013-08-01,Spain,-0.02505708776882665
2013-08-01,Sweden,-0.02948961955751106
2013-08-01,Switzerland,-0.01330460951105517
2013-08-01,Taiwan,-0.01024846946512237
2013-08-01,Thailand,-0.109000202356677
2013-08-01,Turkey,-0.1260055677639415
2013-08-01,U.K.,0.006051165145354309
2013-08-01,U.S.,-0.02897235415516208
2013-08-01,US SmallCap,-0.03177714082582428
2013-08-01,Vietnam,-0.02960341653875054
2013-09-01,Australia,0.073133771339013
2013-09-01,Brazil,0.1244358709092412
2013-09-01,Canada,0.03962684632796187
2013-09-01,Chile,0.05858369437450062
2013-09-01,ChinaA,0.04802925613365061
2013-09-01,ChinaH,0.04813591857726407
2013-09-01,Denmark,0.04424034684646205
2013-09-01,France,0.08147555753393054
2013-09-01,Germany,0.08666836356714436
2013-09-01,Hong Kong,0.05904605205818214
2013-09-01,India,0.1001241086574967
2013-09-01,Indonesia,0.003495440729483157
2013-09-01,Italy,0.07109182175570194
2013-09-01,Japan,0.07689500863872634
2013-09-01,Korea,0.06662496090084469
2013-09-01,Malaysia,0.04437767167926365
2013-09-01,Mexico,0.03237821812706398
2013-09-01,NASDAQ,0.05140211047543475
2013-09-01,Netherlands,0.05701670067942644
2013-09-01,Philippines,0.0460432263504833
2013-09-01,Poland,0.05369974453203663
2013-09-01,Singapore,0.06610879152182747
2013-09-01,South Africa,0.0812490008056248
2013-09-01,Spain,0.1438245820911634
2013-09-01,Sweden,0.06874971679817343
2013-09-01,Switzerland,0.06793389549008855
2013-09-01,Taiwan,0.02655226022830814
2013-09-01,Thailand,0.1003878372830427
2013-09-01,Turkey,0.1226151262593795
2013-09-01,U.K.,0.0574761473045049
2013-09-01,U.S.,0.03136227641558098
2013-09-01,US SmallCap,0.06377998355118986
2013-09-01,Vietnam,0.02820374810014115
2013-10-01,Australia,0.05647803400465912
2013-10-01,Brazil,0.06089206919255297
2013-10-01,Canada,0.03326348627353015
2013-10-01,Chile,0.00811739135339029
2013-10-01,ChinaA,0.02475098994583802
2013-10-01,ChinaH,0.02446201231070222
2013-10-01,Denmark,0.01659401219017598
2013-10-01,France,0.04052262853228172
2013-10-01,Germany,0.05705797607839158
2013-10-01,Hong Kong,0.02071819712930223
2013-10-01,India,0.09959614165081287
2013-10-01,Indonesia,0.08587005906406175
2013-10-01,Italy,0.118860322857502
2013-10-01,Japan,-0.0001999374064006743
2013-10-01,Korea,0.04061583577712602
2013-10-01,Malaysia,0.05598008784550057
2013-10-01,Mexico,0.04045081247164228
2013-10-01,NASDAQ,0.03981004314759784
2013-10-01,Netherlands,0.04741142092325434
2013-10-01,Philippines,0.07874093101067037
2013-10-01,Poland,0.07174196345388006
2013-10-01,Singapore,0.03520560099034453
2013-10-01,South Africa,0.04743162301479176
2013-10-01,Spain,0.09401083922303188
2013-10-01,Sweden,0.001644437669506615
2013-10-01,Switzerland,0.02559010925113236
2013-10-01,Taiwan,0.0443292142088878
2013-10-01,Thailand,0.06167170079421469
2013-10-01,Turkey,0.05153110526770566
2013-10-01,U.K.,0.0377064990350835
2013-10-01,U.S.,0.04596288690316097
2013-10-01,US SmallCap,0.02514614550565231
2013-10-01,Vietnam,0.03403672997267804
2013-11-01,Australia,-0.04400546002728956
2013-11-01,Brazil,-0.06641347145847498
2013-11-01,Canada,-0.008755499237138253
2013-11-01,Chile,-0.06251883581597761
2013-11-01,ChinaA,0.04853356268098885
2013-11-01,ChinaH,0.04848799164105366
2013-11-01,Denmark,0.04705378604584043
2013-11-01,France,0.00104954441894356
2013-11-01,Germany,0.04252738982322568
2013-11-01,Hong Kong,0.01109875323869902
2013-11-01,India,-0.02552132341781765
2013-11-01,Indonesia,-0.1076708507670849
2013-11-01,Italy,-0.01874189521024183
2013-11-01,Japan,0.01437645619739403
2013-11-01,Korea,0.01747217134000278
2013-11-01,Malaysia,-0.01683153738438514
2013-11-01,Mexico,0.02778081892455164
2013-11-01,NASDAQ,0.03795311788549238
2013-11-01,Netherlands,0.01270576600573836
2013-11-01,Philippines,-0.05765383059818019
2013-11-01,Poland,0.0128971311574646
2013-11-01,Singapore,-0.0152839139540486
2013-11-01,South Africa,-0.03743401356929021
2013-11-01,Spain,-0.005787559327252945
2013-11-01,Sweden,0.01099571142396183
2013-11-01,Switzerland,0.006044286005276289
2013-11-01,Taiwan,-0.01522775437213653
2013-11-01,Thailand,-0.08515243845449272
2013-11-01,Turkey,-0.03971408511659058
2013-11-01,U.K.,0.01558641020623153
2013-11-01,U.S.,0.03046785137190766
2013-11-01,US SmallCap,0.04006869687084502
2013-11-01,Vietnam,-0.004751175824998066
2013-12-01,Australia,-0.0151424827883434
2013-12-01,Brazil,-0.04564768471721126
2013-12-01,Canada,0.01657880991079752
2013-12-01,Chile,-0.01451323555440276
2013-12-01,ChinaA,-0.03432082606166387
2013-12-01,ChinaH,-0.03418958847670761
2013-12-01,Denmark,0.03531601681128116
2013-12-01,France,0.01499233103795627
2013-12-01,Germany,0.02785246734089042
2013-12-01,Hong Kong,0.001394236274652183
2013-12-01,India,0.03055674958416654
2013-12-01,Indonesia,-0.02735229759299795
2013-12-01,Italy,0.006723364945303567
2013-12-01,Japan,0.00720612752011518
2013-12-01,Korea,-0.006647278770253284
2013-12-01,Malaysia,0.01376959252679
2013-12-01,Mexico,0.01071612799069288
2013-12-01,NASDAQ,0.02968927330812532
2013-12-01,Netherlands,0.02242079776049732
2013-12-01,Philippines,-0.06510641684478591
2013-12-01,Poland,-0.03963469675553655
2013-12-01,Singapore,-0.01166283433268989
2013-12-01,South Africa,0.009542158142637813
2013-12-01,Spain,0.02279173374134102
2013-12-01,Sweden,0.03867434022600702
2013-12-01,Switzerland,0.0105012231187267
2013-12-01,Taiwan,0.01431914104457332
2013-12-01,Thailand,-0.07892263432335678
2013-12-01,Turkey,-0.15075631156129
2013-12-01,U.K.,0.02902534701115833
2013-12-01,U.S.,0.0252479223823967
2013-12-01,US SmallCap,0.01972271503915946
2013-12-01,Vietnam,-0.007368750476699937
2014-01-01,Australia,-0.04966443003461574
2014-01-01,Brazil,-0.1057570715493541
2014-01-01,Canada,-0.04090295880752215
2014-01-01,Chile,-0.1238272870922381
2014-01-01,ChinaA,-0.06700140511836572
2014-01-01,ChinaH,-0.0656662730164852
2014-01-01,Denmark,0.0331016058283049
2014-01-01,France,-0.04965680348428669
2014-01-01,Germany,-0.05103626929507865
2014-01-01,Hong Kong,-0.05628708569429575
2014-01-01,India,-0.03682008874058484
2014-01-01,Indonesia,0.04692270609031013
2014-01-01,Italy,0.005243270040917514
2014-01-01,Japan,-0.03861732630441594
2014-01-01,Korea,-0.06385055067614676
2014-01-01,Malaysia,-0.05181888263706569
2014-01-01,Mexico,-0.06511250508326694
2014-01-01,NASDAQ,-0.01693755023317012
2014-01-01,Netherlands,-0.05771663295241858
2014-01-01,Philippines,0.002344049276719273
2014-01-01,Poland,-0.05998158204303261
2014-01-01,Singapore,-0.06471582229315276
2014-01-01,South Africa,-0.09285508390670627
2014-01-01,Spain,-0.01840949422632321
2014-01-01,Sweden,-0.03961124709569708
2014-01-01,Switzerland,-0.01962514063205489
2014-01-01,Taiwan,-0.03294521218316615
2014-01-01,Thailand,-0.02084340823886954
2014-01-01,Turkey,-0.1321946357217447
2014-01-01,U.K.,-0.04184256813500764
2014-01-01,U.S.,-0.03457423553195038
2014-01-01,US SmallCap,-0.02767979886619643
2014-01-01,Vietnam,0.1256838505322473
2014-02-01,Australia,0.07518721511924698
2014-02-01,Brazil,0.03622152601545769
2014-02-01,Canada,0.04455062476422977
2014-02-01,Chile,0.08400126088014082
2014-02-01,ChinaA,0.0262593783494105
2014-02-01,ChinaH,0.02575135664976025
2014-02-01,Denmark,0.148338288627397
2014-02-01,France,0.08462087079007308
2014-02-01,Germany,0.06688834081893069
2014-02-01,Hong Kong,0.04731739083185604
2014-02-01,India,0.03603100385979219
2014-02-01,Indonesia,0.1020721412125865
2014-02-01,Italy,0.07128696251146827
2014-02-01,Japan,-0.005640420246244116
2014-02-01,Korea,0.03201787043931481
2014-02-01,Malaysia,0.03893837274854439
2014-02-01,Mexico,-0.03686630532723445
2014-02-01,NASDAQ,0.05148016834147429
2014-02-01,Netherlands,0.05895550819077533
2014-02-01,Philippines,0.09808637837477141
2014-02-01,Poland,0.1217033851209202
2014-02-01,Singapore,0.03227538014460873
2014-02-01,South Africa,0.09035081549656998
2014-02-01,Spain,0.04454556726678849
2014-02-01,Sweden,0.07209913258529221
2014-02-01,Switzerland,0.0662190933703033
2014-02-01,Taiwan,0.01706242846434636
2014-02-01,Thailand,0.04869119199626648
2014-02-01,Turkey,0.03656064443354712
2014-02-01,U.K.,0.07662997424499762
2014-02-01,U.S.,0.04573495852370391
2014-02-01,US SmallCap,0.04711143735697854
2014-02-01,Vietnam,0.06105834352991235
2014-03-01,Australia,0.04429399875553997
2014-03-01,Brazil,0.1100925187175703
2014-03-01,Canada,0.01510800702915116
2014-03-01,Chile,0.0299105090895726
2014-03-01,ChinaA,-0.01686432413728023
2014-03-01,ChinaH,-0.0173736465640133
2014-03-01,Denmark,-0.03036250741115798
2014-03-01,France,-0.00266880795822988
2014-03-01,Germany,-0.01743143642439449
2014-03-01,Hong Kong,-0.02221831783607675
2014-03-01,India,0.08085972521747564
2014-03-01,Indonesia,0.05181058495821733
2014-03-01,Italy,0.06407321356206941
2014-03-01,Japan,-0.02032290919020019
2014-03-01,Korea,0.006204906204906324
2014-03-01,Malaysia,0.01557988212945571
2014-03-01,Mexico,0.05541772568747017
2014-03-01,NASDAQ,-0.02449508358909536
2014-03-01,Netherlands,0.0113552758289901
2014-03-01,Philippines,0.002842329439516789
2014-03-01,Poland,-0.02359790908794723
2014-03-01,Singapore,0.02571482372304645
2014-03-01,South Africa,0.06484153756395128
2014-03-01,Spain,0.02446370821194921
2014-03-01,Sweden,-0.01101897386323492
2014-03-01,Switzerland,-0.003026755831011863
2014-03-01,Taiwan,0.02793105569073195
2014-03-01,Thailand,0.04740260020825859
2014-03-01,Turkey,0.16776773237168
2014-03-01,U.K.,-0.02493611568119614
2014-03-01,U.S.,0.008407941034618727
2014-03-01,US SmallCap,-0.006807775901391144
2014-03-01,Vietnam,-0.02492222795597387
2014-04-01,Australia,0.01975527632488006
2014-04-01,Brazil,0.03908463584015265
2014-04-01,Canada,0.02945786526008809
2014-04-01,Chile,0.01545235611374007
2014-04-01,ChinaA,-0.02306185985940501
2014-04-01,ChinaH,-0.02357177017803991
2014-04-01,Denmark,0.003787423890102337
2014-04-01,France,0.02593949220558223
2014-04-01,Germany,0.004626013466611179
2014-04-01,Hong Kong,0.02603333017574117
2014-04-01,India,-0.007627897592252353
2014-04-01,Indonesia,0.0170815677966103
2014-04-01,Italy,0.01487736840915987
2014-04-01,Japan,-0.025920917755759
2014-04-01,Korea,0.01434102968593143
2014-04-01,Malaysia,0.01025647979893862
2014-04-01,Mexico,0.003100076070702285
2014-04-01,NASDAQ,-0.01961552486523044
2014-04-01,Netherlands,-0.02093270974564287
2014-04-01,Philippines,0.04191088978008906
2014-04-01,Poland,-0.003701963797817842
2014-04-01,Singapore,0.04041884702141085
2014-04-01,South Africa,-0.001573400286230098
2014-04-01,Spain,0.0309125557435137
2014-04-01,Sweden,-0.005408512699102586
2014-04-01,Switzerland,0.008239927121471258
2014-04-01,Taiwan,0.01188538214634693
2014-04-01,Thailand,0.04209740361530279
2014-04-01,Turkey,0.07384209246756446
2014-04-01,U.K.,0.0506456883549864
2014-04-01,U.S.,0.007389398506483458
2014-04-01,US SmallCap,-0.03878112854138482
2014-04-01,Vietnam,-0.04159709847438597
2014-05-01,Australia,0.01211603966644903
2014-05-01,Brazil,-0.01757402075286363
2014-05-01,Canada,0.00807998762770934
2014-05-01,Chile,0.02103745611188423
2014-05-01,ChinaA,0.04122375921774268
2014-05-01,ChinaH,0.0412213740458014
2014-05-01,Denmark,-0.0118520055758019
2014-05-01,France,-0.00592930568353911
2014-05-01,Germany,0.002419412435359591
2014-05-01,Hong Kong,0.0477956492986944
2014-05-01,India,0.09171311905931812
2014-05-01,Indonesia,0.00416612420257767
2014-05-01,Italy,-0.01784145355423117
2014-05-01,Japan,0.03955575570298908
2014-05-01,Korea,0.03704227343418642
2014-05-01,Malaysia,0.01267917999656976
2014-05-01,Mexico,0.03118484232248964
2014-05-01,NASDAQ,0.03299775897794022
2014-05-01,Netherlands,0.00825140112512912
2014-05-01,Philippines,0.01778878690466135
2014-05-01,Poland,0.0002589297832500392
2014-05-01,Singapore,0.01828339629908404
2014-05-01,South Africa,0.01943223906567493
2014-05-01,Spain,0.0211287446811268
2014-05-01,Sweden,0.003779917783626852
2014-05-01,Switzerland,0.007353519054610347
2014-05-01,Taiwan,0.0393913282074756
2014-05-01,Thailand,-0.03279642465531107
2014-05-01,Turkey,0.09765266611411105
2014-05-01,U.K.,0.01457984069706497
2014-05-01,U.S.,0.02346557775774527
2014-05-01,US SmallCap,0.008015265152362838
2014-05-01,Vietnam,0.01123097664908368
2014-06-01,Australia,-0.002290477561649906
2014-06-01,Brazil,0.05350769942387901
2014-06-01,Canada,0.06006965427914834
2014-06-01,Chile,-0.009739313999776456
2014-06-01,ChinaA,0.02041785673842744
2014-06-01,ChinaH,0.02007948095100254
2014-06-01,Denmark,0.03782095585435208
2014-06-01,France,-0.01792952388884617
2014-06-01,Germany,-0.007007127867190599
2014-06-01,Hong Kong,0.006949749372318959
2014-06-01,India,0.04462447362158684
2014-06-01,Indonesia,-0.009983145339037991
2014-06-01,Italy,-0.00837734182351424
2014-06-01,Japan,0.05151191312760317
2014-06-01,Korea,0.009679618268575219
2014-06-01,Malaysia,0.009452327602534227
2014-06-01,Mexico,0.030852970747695
2014-06-01,NASDAQ,0.03995647677871372
2014-06-01,Netherlands,0.009587388945761388
2014-06-01,Philippines,0.02919472936433909
2014-06-01,Poland,-0.00398646448585227
2014-06-01,Singapore,-0.001790358472351761
2014-06-01,South Africa,0.02951657540768959
2014-06-01,Spain,0.01567359405085988
2014-06-01,Sweden,-0.01800223229400222
2014-06-01,Switzerland,-0.00553671366588393
2014-06-01,Taiwan,0.04642690495822865
2014-06-01,Thailand,0.06934769618636794
2014-06-01,Turkey,-0.02203594859929747
2014-06-01,U.K.,0.009708961989873588
2014-06-01,U.S.,0.02065825337966842
2014-06-01,US SmallCap,0.05320733682342782
2014-06-01,Vietnam,-0.02330379743942435
2014-07-01,Australia,0.03008443875731937
2014-07-01,Brazil,0.01879995767472487
2014-07-01,Canada,-0.0004090915389014516
2014-07-01,Chile,-0.04852630844847183
2014-07-01,ChinaA,0.07449468093304845
2014-07-01,ChinaH,0.07444936434567606
2014-07-01,Denmark,-0.02403879278032162
2014-07-01,France,-0.06046469921380182
2014-07-01,Germany,-0.06440744215748584
2014-07-01,Hong Kong,0.06124104382895967
2014-07-01,India,0.004937403430925968
2014-07-01,Indonesia,0.08171817705605022
2014-07-01,Italy,-0.05369146824938131
2014-07-01,Japan,0.005746352570984214
2014-07-01,Korea,0.01377261679719144
2014-07-01,Malaysia,-0.004224660426650373
2014-07-01,Mexico,0.01394958091400333
2014-07-01,NASDAQ,-0.008202355003138151
2014-07-01,Netherlands,-0.05305263142049832
2014-07-01,Philippines,0.003639199376137325
2014-07-01,Poland,-0.05785758050939505
2014-07-01,Singapore,0.04322696283326621
2014-07-01,South Africa,0.00925068998213563
2014-07-01,Spain,-0.03181671656005947
2014-07-01,Sweden,-0.03177976211715472
2014-07-01,Switzerland,-0.03978715004935196
2014-07-01,Taiwan,-0.01180285791338187
2014-07-01,Thailand,0.01380521896217823
2014-07-01,Turkey,0.03878717595029335
2014-07-01,U.K.,-0.01123420518321006
2014-07-01,U.S.,-0.01379228170503732
2014-07-01,US SmallCap,-0.06052918402454999
2014-07-01,Vietnam,0.03538616621396007
2014-08-01,Australia,0.01216886144680518
2014-08-01,Brazil,0.1106422464509245
2014-08-01,Canada,0.0226750832283702
2014-08-01,Chile,-0.004508155039129602
2014-08-01,ChinaA,0.001926469955388699
2014-08-01,ChinaH,0.001940691213348389
2014-08-01,Denmark,-0.01376204126423974
2014-08-01,France,0.01110273178861121
2014-08-01,Germany,-0.008951693100481828
2014-08-01,Hong Kong,-0.009438449765236778
2014-08-01,India,0.03254404336577554
2014-08-01,Indonesia,-0.01404358353510893
2014-08-01,Italy,-0.02250983568555542
2014-08-01,Japan,-0.02194189442789007
2014-08-01,Korea,-0.005594033031433132
2014-08-01,Malaysia,0.01360949884001461
2014-08-01,Mexico,0.05047185145444444
2014-08-01,NASDAQ,0.04990615472117099
2014-08-01,Netherlands,0.01751951440010746
2014-08-01,Philippines,0.03235240128444006
2014-08-01,Poland,0.01681841467890166
2014-08-01,Singapore,-0.01289700828043683
2014-08-01,South Africa,0.01715345695346637
2014-08-01,Spain,-0.01340893407781729
2014-08-01,Sweden,-0.002350681515126185
2014-08-01,Switzerland,0.02182019330718088
2014-08-01,Taiwan,0.02963689151992766
2014-08-01,Thailand,0.05740226890914935
2014-08-01,Turkey,-0.03493230837358441
2014-08-01,U.K.,0.01402678451145611
2014-08-01,U.S.,0.04000134802110722
2014-08-01,US SmallCap,0.04958590449886979
2014-08-01,Vietnam,0.05887984967588777
2014-09-01,Australia,-0.1123492915634847
2014-09-01,Brazil,-0.1921034679868587
2014-09-01,Canada,-0.064443072803257
2014-09-01,Chile,-0.02592388171882853
2014-09-01,ChinaA,-0.0670061691718935
2014-09-01,ChinaH,-0.0651995455659008
2014-09-01,Denmark,-0.001506549917188904
2014-09-01,France,-0.03653101781362034
2014-09-01,Germany,-0.04201379664567428
2014-09-01,Hong Kong,-0.07326068242746153
2014-09-01,India,-0.01784478520873001
2014-09-01,Indonesia,-0.02934675834970535
2014-09-01,Italy,-0.01580152991843908
2014-09-01,Japan,-0.01322684085913617
2014-09-01,Korea,-0.08304312885079035
2014-09-01,Malaysia,-0.04138149157007287
2014-09-01,Mexico,-0.04153641704280042
2014-09-01,NASDAQ,-0.01815657897443168
2014-09-01,Netherlands,-0.01380002250389978
2014-09-01,Philippines,0.004028751744615144
2014-09-01,Poland,0.01974988707479897
2014-09-01,Saudi Arabia,-0.02853743740673842
2014-09-01,Singapore,-0.04024847642881768
2014-09-01,South Africa,-0.09002776002586443
2014-09-01,Spain,-0.03073443853089486
2014-09-01,Sweden,-0.02496187061807253
2014-09-01,Switzerland,-0.02632056146692308
2014-09-01,Taiwan,-0.0703188457652425
2014-09-01,Thailand,0.003877325145488886
2014-09-01,Turkey,-0.1198520733642968
2014-09-01,U.K.,-0.0504642177106045
2014-09-01,U.S.,-0.01402234265950564
2014-09-01,US SmallCap,-0.06049384504634459
2014-09-01,Vietnam,-0.07424436525980527
2014-10-01,Australia,0.0546990564300287
2014-10-01,Brazil,0.005202890050237441
2014-10-01,Canada,-0.0282753022917418
2014-10-01,Chile,-0.006618623920567779
2014-10-01,ChinaA,0.04293577587463626
2014-10-01,ChinaH,0.04159840368060719
2014-10-01,Denmark,-0.02393990518026057
2014-10-01,France,-0.04449820224578793
2014-10-01,Germany,-0.02023930732299506
2014-10-01,Hong Kong,0.06795482770631955
2014-10-01,India,0.04195539141843629
2014-10-01,Indonesia,0.00379506641366234
2014-10-01,Italy,-0.05830843822759624
2014-10-01,Japan,-0.01310053198581917
2014-10-01,Korea,-0.03388840198656151
2014-10-01,Malaysia,-0.004387113040163371
2014-10-01,Mexico,-0.004557606750656973
2014-10-01,NASDAQ,0.03100686371084271
2014-10-01,Netherlands,-0.02209637604431569
2014-10-01,Philippines,-0.005516699296220673
2014-10-01,Poland,-0.03648762327867916
2014-10-01,Saudi Arabia,-0.07981209603582451
2014-10-01,Singapore,-0.01059314115171883
2014-10-01,South Africa,0.06867737035586052
2014-10-01,Spain,-0.03779886641058428
2014-10-01,Sweden,-0.01570520234046746
2014-10-01,Switzerland,-0.007419256884390601
2014-10-01,Taiwan,0.02501751587729517
2014-10-01,Thailand,-0.005573021879534568
2014-10-01,Turkey,0.104304344493837
2014-10-01,U.K.,-0.02104824698971675
2014-10-01,U.S.,0.02442030630097469
2014-10-01,US SmallCap,0.065919192583068
2014-10-01,Vietnam,-0.004722877010874704
2014-11-01,Australia,-0.06253282301802399
2014-11-01,Brazil,-0.04687577550038124
2014-11-01,Canada,0.0003245464309180601
2014-11-01,Chile,-0.007362616136116551
2014-11-01,ChinaA,0.01525194548378495
2014-11-01,ChinaH,0.01523591762746368
2014-11-01,Denmark,0.00399791289553586
2014-11-01,France,0.034252649941793
2014-11-01,Germany,0.06367063624599645
2014-11-01,Hong Kong,0.006810213814188781
2014-11-01,India,0.01271312912733658
2014-11-01,Indonesia,0.006049149338374304
2014-11-01,Italy,8.209622216548418e-05
2014-11-01,Japan,0.002861664637487937
2014-11-01,Korea,-0.02524947081947371
2014-11-01,Malaysia,-0.04582587289071804
2014-11-01,Mexico,-0.044990972090447
2014-11-01,NASDAQ,0.03701217828623693
2014-11-01,Netherlands,0.05404182722569506
2014-11-01,Philippines,0.01245093662561092
2014-11-01,Poland,-0.01991451140903711
2014-11-01,Saudi Arabia,-0.1097717649950286
2014-11-01,Singapore,0.01136536668111621
2014-11-01,South Africa,-0.0004870552905993364
2014-11-01,Spain,0.03059582633420033
2014-11-01,Sweden,0.02628777703189256
2014-11-01,Switzerland,0.03317242632863038
2014-11-01,Taiwan,0.01419263836223816
2014-11-01,Thailand,0.01321488221051537
2014-11-01,Turkey,0.07280470549632678
2014-11-01,U.K.,0.01342329249612595
2014-11-01,U.S.,0.02688226923751125
2014-11-01,US SmallCap,0.0009024156508228298
2014-11-01,Vietnam,-0.04422008515012121
2014-12-01,Australia,-0.02171718806857637
2014-12-01,Brazil,-0.1106376476536712
2014-12-01,Canada,-0.01923779472420017
2014-12-01,Chile,-0.03903724280816545
2014-12-01,ChinaA,0.0114866735167396
2014-12-01,ChinaH,0.01146088617519747
2014-12-01,Denmark,-0.05935261024663752
2014-12-01,France,-0.05071745123306093
2014-12-01,Germany,-0.04419068182296082
2014-12-01,Hong Kong,-0.04106454592275999
2014-12-01,India,-0.05789546396500123
2014-12-01,Indonesia,-0.005887510960791764
2014-12-01,Italy,-0.08130334131159223
2014-12-01,Japan,-0.01531387675864793
2014-12-01,Korea,-0.01147820691794643
2014-12-01,Malaysia,-0.05892541498201909
2014-12-01,Mexico,-0.07672427317981567
2014-12-01,NASDAQ,-0.01085109130936324
2014-12-01,Netherlands,-0.03413075051750802
2014-12-01,Philippines,0.001869730840680095
2014-12-01,Poland,-0.07938542275752325
2014-12-01,Saudi Arabia,-0.08817644194200125
2014-12-01,Singapore,-0.004696317267389394
2014-12-01,South Africa,-0.03371216627955698
2014-12-01,Spain,-0.07134952444093523
2014-12-01,Sweden,-0.04416122575774362
2014-12-01,Switzerland,-0.04672250826766
2014-12-01,Taiwan,-0.02174964306024318
2014-12-01,Thailand,-0.06958955750713025
2014-12-01,Turkey,-0.05834837377721491
2014-12-01,U.K.,-0.0259863025916417
2014-12-01,U.S.,-0.002573229665217336
2014-12-01,US SmallCap,0.02849855266562673
2014-12-01,Vietnam,-0.01977000661481565
2015-01-01,Australia,-0.01863263361307654
2015-01-01,Brazil,-0.0641997885560015
2015-01-01,Canada,-0.08291067175138178
2015-01-01,Chile,-0.03897261488384363
2015-01-01,ChinaA,0.02262505677397719
2015-01-01,ChinaH,0.02242992261146548
2015-01-01,Denmark,0.01897032749148009
2015-01-01,France,0.006947766109705045
2015-01-01,Germany,0.0160262504951787
2015-01-01,Hong Kong,0.05525926698721273
2015-01-01,India,0.07866437251317349
2015-01-01,Indonesia,-0.015625
2015-01-01,Italy,0.0001402275273159059
2015-01-01,Japan,0.02331588316002042
2015-01-01,Korea,0.01051310214969403
2015-01-01,Malaysia,-0.02713770071515309
2015-01-01,Mexico,-0.06002310873555694
2015-01-01,NASDAQ,-0.02062816261163236
2015-01-01,Netherlands,0.00105746896727954
2015-01-01,Philippines,0.06730975039020315
2015-01-01,Poland,-0.04520056007860518
2015-01-01,Saudi Arabia,0.05064473523568513
2015-01-01,Singapore,-0.02204188413197194
2015-01-01,South Africa,0.04182744812522743
2015-01-01,Spain,-0.06329691944428073
2015-01-01,Sweden,0.0216750065952851
2015-01-01,Switzerland,0.006698736146623085
2015-01-01,Taiwan,0.01028922409509714
2015-01-01,Thailand,0.03319941272207871
2015-01-01,Turkey,-0.009952548481031886
2015-01-01,U.K.,-0.008718020914609936
2015-01-01,U.S.,-0.03001830721156951
2015-01-01,US SmallCap,-0.03215972951269974
2015-01-01,Vietnam,0.0178048319150752
2015-02-01,Australia,0.08033117683924673
2015-02-01,Brazil,0.02856655858809676
2015-02-01,Canada,0.05962783954817641
2015-02-01,Chile,0.06046864318229628
2015-02-01,ChinaA,0.03239862469771637
2015-02-01,ChinaH,0.03267975688133196
2015-02-01,Denmark,0.08422804614284729
2015-02-01,France,0.06535909680822738
2015-02-01,Germany,0.06035526261938795
2015-02-01,Hong Kong,-0.004792786402214144
2015-02-01,India,0.02303429086739972
2015-02-01,Indonesia,0.01996927803379411
2015-02-01,Italy,0.08374257183615241
2015-02-01,Japan,0.06038317411244876
2015-02-01,Korea,0.01086956521739135
2015-02-01,Malaysia,0.03315726712605915
2015-02-01,Mexico,0.07442025885522674
2015-02-01,NASDAQ,0.07295013573654718
2015-02-01,Netherlands,0.06526080416259239
2015-02-01,Philippines,0.01735252829559464
2015-02-01,Poland,0.01592918694027401
2015-02-01,Saudi Arabia,0.06180302051381958
2015-02-01,Singapore,-0.0003045891475268458
2015-02-01,South Africa,0.005951928274716911
2015-02-01,Spain,0.07148846861018687
2015-02-01,Sweden,0.06823372544221584
2015-02-01,Switzerland,0.04569172388142939
2015-02-01,Taiwan,0.03663542849385215
2015-02-01,Thailand,0.006091650143203342
2015-02-01,Turkey,-0.08704431713968186
2015-02-01,U.K.,0.06869432918072427
2015-02-01,U.S.,0.05747008077618365
2015-02-01,US SmallCap,0.05936647667099115
2015-02-01,Vietnam,0.03076881966156053
2015-03-01,Australia,-0.02306714997958181
2015-03-01,Brazil,-0.112572791196655
2015-03-01,Canada,-0.03196952380425755
2015-03-01,Chile,-0.01739085655006101
2015-03-01,ChinaA,0.02406840938145471
2015-03-01,ChinaH,0.02375284985343606
2015-03-01,Denmark,0.04228239456986782
2015-03-01,France,-0.02520372361496237
2015-03-01,Germany,0.003054610852576634
2015-03-01,Hong Kong,0.009222865420335236
2015-03-01,India,-0.0391665263959885
2015-03-01,Indonesia,0.02259036144578319
2015-03-01,Italy,-0.01433822456458955
2015-03-01,Japan,0.008825766983382666
2015-03-01,Korea,0.01643625192012288
2015-03-01,Malaysia,-0.02007566845897923
2015-03-01,Mexico,-0.02905305206088904
2015-03-01,NASDAQ,-0.01163034010596464
2015-03-01,Netherlands,-0.01764057266060393
2015-03-01,Philippines,0.01507647874409201
2015-03-01,Poland,-0.01005745992275087
2015-03-01,Saudi Arabia,-0.07484884458082997
2015-03-01,Singapore,0.002048525967174086
2015-03-01,South Africa,-0.01755245380361914
2015-03-01,Spain,-0.007729871276329403
2015-03-01,Sweden,-0.04286355414369591
2015-03-01,Switzerland,-0.009824251206004497
2015-03-01,Taiwan,-0.007468724696387041
2015-03-01,Thailand,-0.01575553195449619
2015-03-01,Turkey,-0.06906400575449556
2015-03-01,U.K.,-0.05121347377746255
2015-03-01,U.S.,-0.01581164671212776
2015-03-01,US SmallCap,0.01742044779278373
2015-03-01,Vietnam,-0.08410511544410415
2015-04-01,Australia,0.01577606180881763
2015-04-01,Brazil,0.1682530366861648
2015-04-01,Canada,0.06982372925407487
2015-04-01,Chile,0.05078385388415718
2015-04-01,ChinaA,0.166708411024221
2015-04-01,ChinaH,0.1664181191781893
2015-04-01,Denmark,0.05611397686338226
2015-04-01,France,0.04754431451903107
2015-04-01,Germany,-0.005259497577939753
2015-04-01,Hong Kong,0.09125970290898389
2015-04-01,India,-0.07096887216935888
2015-04-01,Indonesia,-0.09781541482572409
2015-04-01,Italy,0.04064868422217405
2015-04-01,Japan,0.03514621085316461
2015-04-01,Korea,0.06045035514583663
2015-04-01,Malaysia,0.03439769022111405
2015-04-01,Mexico,0.009253529149647832
2015-04-01,NASDAQ,0.008817314525555453
2015-04-01,Netherlands,0.03437881522313346
2015-04-01,Philippines,-0.02879087070837105
2015-04-01,Poland,0.1084645512057509
2015-04-01,Saudi Arabia,0.1695246329681297
2015-04-01,Singapore,0.07079188170553019
2015-04-01,South Africa,0.05986753066193584
2015-04-01,Spain,0.03626574681368266
2015-04-01,Sweden,0.0121962518710812
2015-04-01,Switzerland,0.03187507174592752
2015-04-01,Taiwan,0.04517002173453566
2015-04-01,Thailand,0.0006526204937666868
2015-04-01,Turkey,0.02019758933229787
2015-04-01,U.K.,0.07573532174663322
2015-04-01,U.S.,0.009590084409478727
2015-04-01,US SmallCap,-0.0255027948707317
2015-04-01,Vietnam,0.02861591299286181
2015-05-01,Australia,-0.02611208823172162
2015-05-01,Brazil,-0.1172480734061477
2015-05-01,Canada,-0.04505081658093368
2015-05-01,Chile,-0.009552399365410857
2015-05-01,ChinaA,-0.03868967162280346
2015-05-01,ChinaH,-0.03864415871334625
2015-05-01,Denmark,-0.008096611253286756
2015-05-01,France,-0.02661857697242165
2015-05-01,Germany,-0.03971422005626513
2015-05-01,Hong Kong,-0.005303502709162133
2015-05-01,India,0.03282585178495223
2015-05-01,Indonesia,0.02992790096585507
2015-05-01,Italy,0.002845230601540294
2015-05-01,Japan,0.01250497537136175
2015-05-01,Korea,-0.05671939575317075
2015-05-01,Malaysia,-0.05730031160260285
2015-05-01,Mexico,0.004220798818278082
2015-05-01,NASDAQ,0.02763066180419749
2015-05-01,Netherlands,0.00413848208692702
2015-05-01,Philippines,-0.009948102716182627
2015-05-01,Poland,-0.06641578937036696
2015-05-01,Saudi Arabia,-0.01926417586394724
2015-05-01,Singapore,-0.05275117419098263
2015-05-01,South Africa,-0.08544011475346303
2015-05-01,Spain,-0.03517702347627893
2015-05-01,Sweden,-0.01262069606138438
2015-05-01,Switzerland,0.009863053031161417
2015-05-01,Taiwan,-0.001843690466901693
2015-05-01,Thailand,-0.03769019261982243
2015-05-01,Turkey,0.004078836157562549
2015-05-01,U.K.,0.004465312823471734
2015-05-01,U.S.,0.01286124776762465
2015-05-01,US SmallCap,0.02283055718051163
2015-05-01,Vietnam,0.006305435901137857
2015-06-01,Australia,-0.04287493787125762
2015-06-01,Brazil,0.03770494983725792
2015-06-01,Canada,-0.02899669355798984
2015-06-01,Chile,-0.06780252353635985
2015-06-01,ChinaA,-0.0688019302209073
2015-06-01,ChinaH,-0.06867890893013784
2015-06-01,Denmark,-0.02331856405644994
2015-06-01,France,-0.02984376885820061
2015-06-01,Germany,-0.02628754480375362
2015-06-01,Hong Kong,-0.02743502798985187
2015-06-01,India,0.001220373511168216
2015-06-01,Indonesia,-0.07396645093118481
2015-06-01,Italy,-0.02787844327175226
2015-06-01,Japan,-0.01793898527099869
2015-06-01,Korea,-0.03928085813567006
2015-06-01,Malaysia,-0.04769215369134228
2015-06-01,Mexico,-0.009025148358370538
2015-06-01,NASDAQ,-0.01557089462596761
2015-06-01,Netherlands,-0.02105200892949344
2015-06-01,Philippines,-0.01065394093700212
2015-06-01,Poland,-0.03759340265815081
2015-06-01,Saudi Arabia,-0.07497150709200573
2015-06-01,Singapore,-0.01416693923740187
2015-06-01,South Africa,0.02627379523904794
2015-06-01,Spain,-0.02120040062294037
2015-06-01,Sweden,-0.03677364460181343
2015-06-01,Switzerland,-0.04123659800349233
2015-06-01,Taiwan,-0.0391646406872872
2015-06-01,Thailand,0.004624798314894596
2015-06-01,Turkey,-0.01133932105874647
2015-06-01,U.K.,-0.03229311371191934
2015-06-01,U.S.,-0.01935818028331171
2015-06-01,US SmallCap,0.007488258507501344
2015-06-01,Vietnam,0.05930736368884237
2015-07-01,Australia,-0.00910051239443499
2015-07-01,Brazil,-0.1220673678735895
2015-07-01,Canada,-0.0362491130982191
2015-07-01,Chile,-0.05283686298899726
2015-07-01,ChinaA,-0.1091068507890506
2015-07-01,ChinaH,-0.109130834893536
2015-07-01,Denmark,0.06083281856684764
2015-07-01,France,0.0490571991560167
2015-07-01,Germany,0.02687710025653955
2015-07-01,Hong Kong,-0.01674790810840143
2015-07-01,India,0.01890712952343487
2015-07-01,Indonesia,-0.04264726857794887
2015-07-01,Italy,0.04135726320856903
2015-07-01,Japan,0.004639872422992353
2015-07-01,Korea,-0.07249567542066371
2015-07-01,Malaysia,-0.01061943704038104
2015-07-01,Mexico,-0.02533955626750128
2015-07-01,NASDAQ,0.0288249193953658
2015-07-01,Netherlands,0.04286911183638664
2015-07-01,Philippines,-0.01179163598914645
2015-07-01,Poland,-0.03608048415447684
2015-07-01,Saudi Arabia,0.0236314358748777
2015-07-01,Singapore,-0.04846224685992995
2015-07-01,South Africa,-0.06099965870003921
2015-07-01,Spain,0.03505241078418453
2015-07-01,Sweden,0.01202325089806355
2015-07-01,Switzerland,0.04418585888349269
2015-07-01,Taiwan,-0.08372386390644326
2015-07-01,Thailand,-0.06951258777713032
2015-07-01,Turkey,-0.05964639397520488
2015-07-01,U.K.,0.01854663485076702
2015-07-01,U.S.,0.02095435386871536
2015-07-01,US SmallCap,-0.01162188917093598
2015-07-01,Vietnam,0.03733858644672594
2015-08-01,Australia,-0.1034059092727615
2015-08-01,Brazil,-0.1413575101868623
2015-08-01,Canada,-0.06426694432095459
2015-08-01,Chile,-0.0354150547522275
2015-08-01,ChinaA,-0.1169371838111299
2015-08-01,ChinaH,-0.1172018482608083
2015-08-01,Denmark,-0.05205716907528313
2015-08-01,France,-0.07029237209301253
2015-08-01,Germany,-0.07505659951571952
2015-08-01,Hong Kong,-0.1285210652020263
2015-08-01,India,-0.08871222218559116
2015-08-01,Indonesia,-0.08909415971394508
2015-08-01,Italy,-0.05320660896749685
2015-08-01,Japan,-0.05831942114831445
2015-08-01,Korea,-0.06391997287216
2015-08-01,Malaysia,-0.1479618692023579
2015-08-01,Mexico,-0.06500061050347816
2015-08-01,NASDAQ,-0.06701321724165576
2015-08-01,Netherlands,-0.08760993766088565
2015-08-01,Philippines,-0.07409143870431656
2015-08-01,Poland,-0.03114861046625073
2015-08-01,Saudi Arabia,-0.1506420424637986
2015-08-01,Singapore,-0.1149055709942503
2015-08-01,South Africa,-0.06996911882905354
2015-08-01,Spain,-0.07307922667420663
2015-08-01,Sweden,-0.06119082731983527
2015-08-01,Switzerland,-0.06804164370381793
2015-08-01,Taiwan,-0.08536957656737909
2015-08-01,Thailand,-0.06456768814391589
2015-08-01,Turkey,-0.09939961350553861
2015-08-01,U.K.,-0.06382619550511459
2015-08-01,U.S.,-0.06033812186123078
2015-08-01,US SmallCap,-0.06284046287533107
2015-08-01,Vietnam,-0.09720215807296251
2015-09-01,Australia,-0.04499659650685794
2015-09-01,Brazil,-0.1186970775818803
2015-09-01,Canada,-0.04667853076413686
2015-09-01,Chile,-0.05403963166753933
2015-09-01,ChinaA,-0.02274644400323222
2015-09-01,ChinaH,-0.02274887788880087
2015-09-01,Denmark,-0.02997392026673917
2015-09-01,France,-0.04206694416527312
2015-09-01,Germany,-0.06184178083876324
2015-09-01,Hong Kong,-0.02162198680580263
2015-09-01,India,0.005054498658852324
2015-09-01,Indonesia,-0.1285574092247301
2015-09-01,Italy,-0.03168020790355774
2015-09-01,Japan,-0.07399159979012959
2015-09-01,Korea,0.01702590110487234
2015-09-01,Malaysia,-0.03527633398085428
2015-09-01,Mexico,-0.03339133635180058
2015-09-01,NASDAQ,-0.03204598106585144
2015-09-01,Netherlands,-0.04808136603825874
2015-09-01,Philippines,-0.0185900071191506
2015-09-01,Poland,-0.04164884218357678
2015-09-01,Saudi Arabia,-0.01837875445269666
2015-09-01,Singapore,-0.04462202372965274
2015-09-01,South Africa,-0.06843421950372863
2015-09-01,Spain,-0.07578482608822412
2015-09-01,Sweden,-0.04389494845581232
2015-09-01,Switzerland,-0.04437512683896216
2015-09-01,Taiwan,-0.0298064700971794
2015-09-01,Thailand,-0.05432911013347774
2015-09-01,Turkey,-0.05023229813710284
2015-09-01,U.K.,-0.04276833873735397
2015-09-01,U.S.,-0.02473942993765199
2015-09-01,US SmallCap,-0.04906219992218463
2015-09-01,Vietnam,-0.02475590438432418
2015-10-01,Australia,0.06085705491377724
2015-10-01,Brazil,0.05208580333584667
2015-10-01,Canada,0.04238868887041769
2015-10-01,Chile,0.05759071372366509
2015-10-01,ChinaA,0.09064772423445211
2015-10-01,ChinaH,0.09066781613751385
2015-10-01,Denmark,0.004687639096360829
2015-10-01,France,0.0834013052933178
2015-10-01,Germany,0.1061402946915397
2015-10-01,Hong Kong,0.08571829081688209
2015-10-01,India,0.012937794712782
2015-10-01,Indonesia,0.1559684684684683
2015-10-01,Italy,0.04517866017709538
2015-10-01,Japan,0.100720445690208
2015-10-01,Korea,0.1114870881567231
2015-10-01,Malaysia,0.0541657161801008
2015-10-01,Mexico,0.07159606900818094
2015-10-01,NASDAQ,0.0944656721433792
2015-10-01,Netherlands,0.07893547558363156
2015-10-01,Philippines,0.02599180604227769
2015-10-01,Poland,-0.01289509978020686
2015-10-01,Saudi Arabia,-0.0090039590057166
2015-10-01,Singapore,0.09601670441392063
2015-10-01,South Africa,0.07384569127461593
2015-10-01,Spain,0.07234778768302896
2015-10-01,Sweden,0.04819851434522504
2015-10-01,Switzerland,0.04433644284347138
2015-10-01,Taiwan,0.05573383570735535
2015-10-01,Thailand,0.05423717763641944
2015-10-01,Turkey,0.1223293099733607
2015-10-01,U.K.,0.07658788925558868
2015-10-01,U.S.,0.08435221337855814
2015-10-01,US SmallCap,0.05634205393150737
2015-10-01,Vietnam,0.06577347741821793
2015-11-01,Australia,0.008840397671551647
2015-11-01,Brazil,-0.03149035933985922
2015-11-01,Canada,-0.01974628145215351
2015-11-01,Chile,-0.07502954899001102
2015-11-01,ChinaA,-0.0339830213519362
2015-11-01,ChinaH,-0.03375555538730612
2015-11-01,Denmark,0.03125532279438703
2015-11-01,France,-0.02997526104921522
2015-11-01,Germany,0.0001027661419021886
2015-11-01,Hong Kong,-0.03137582986397014
2015-11-01,India,-0.04557199786785793
2015-11-01,Indonesia,-0.007144016885857973
2015-11-01,Italy,-0.03282910898319802
2015-11-01,Japan,-0.01030420666195575
2015-11-01,Korea,-0.03460983816696039
2015-11-01,Malaysia,0.01674548828172884
2015-11-01,Mexico,-0.02791026317001966
2015-11-01,NASDAQ,0.0127752131689931
2015-11-01,Netherlands,-0.01889021415324244
2015-11-01,Philippines,-0.03777347367582473
2015-11-01,Poland,-0.1074382869226662
2015-11-01,Saudi Arabia,0.02733112189135811
2015-11-01,Singapore,-0.05470014611668628
2015-11-01,South Africa,-0.07104097141537513
2015-11-01,Spain,-0.03515221582937256
2015-11-01,Sweden,-0.0001469175335955253
2015-11-01,Switzerland,-0.03220425586139586
2015-11-01,Taiwan,-0.03364893967840177
2015-11-01,Thailand,-0.03361470742836437
2015-11-01,Turkey,-0.05996651115828244
2015-11-01,U.K.,-0.01696011884996695
2015-11-01,U.S.,0.002975298454027886
2015-11-01,US SmallCap,0.03252934830788146
2015-11-01,Vietnam,-0.08758422570215052
2015-12-01,Australia,0.03492692937562758
2015-12-01,Brazil,-0.04964920125787164
2015-12-01,Canada,-0.07000539548119233
2015-12-01,Chile,0.01234205904503249
2015-12-01,ChinaA,-0.01308795954716124
2015-12-01,ChinaH,-0.01328782343916257
2015-12-01,Denmark,0.02937542770073853
2015-12-01,France,-0.03452294802809608
2015-12-01,Germany,-0.02647599133746548
2015-12-01,Hong Kong,0.00805716830419767
2015-12-01,India,0.02196715033402841
2015-12-01,Indonesia,0.04611610793131637
2015-12-01,Italy,-0.0344983789914548
2015-12-01,Japan,0.002154482331379937
2015-12-01,Korea,-0.01576763485477184
2015-12-01,Malaysia,0.001634952785660948
2015-12-01,Mexico,-0.05072352425600457
2015-12-01,NASDAQ,-0.01880220431729374
2015-12-01,Netherlands,-0.02706932972522669
2015-12-01,Philippines,0.01103978929448335
2015-12-01,Poland,-0.0003218146075950612
2015-12-01,Saudi Arabia,-0.05293831096113366
2015-12-01,Singapore,0.008879607882176899
2015-12-01,South Africa,-0.099844401680668
2015-12-01,Spain,-0.0568273719915392
2015-12-01,Sweden,-0.0232697876208624
2015-12-01,Switzerland,0.009617048806751294
2015-12-01,Taiwan,-0.007761383288690027
2015-12-01,Thailand,-0.07893353566841432
2015-12-01,Turkey,-0.05318607979158396
2015-12-01,U.K.,-0.03828306704708773
2015-12-01,U.S.,-0.01586239061434591
2015-12-01,US SmallCap,-0.05021275199649033
2015-12-01,Vietnam,0.05141388562952698
2016-01-01,Australia,-0.08626270461657959
2016-01-01,Brazil,-0.07310592492946766
2016-01-01,Canada,-0.02466120699267782
2016-01-01,Chile,0.009026885198217371
2016-01-01,ChinaA,-0.1272058893555422
2016-01-01,ChinaH,-0.1239374610878874
2016-01-01,Denmark,-0.04526237871495875
2016-01-01,France,-0.04561669707420379
2016-01-01,Germany,-0.09098369751706625
2016-01-01,Hong Kong,-0.0931604834118337
2016-01-01,India,-0.06769613506958538
2016-01-01,Indonesia,0.0286071596060653
2016-01-01,Italy,-0.1355632944397892
2016-01-01,Japan,-0.08229590484719485
2016-01-01,Korea,-0.06306913996627317
2016-01-01,Malaysia,0.02928268634081532
2016-01-01,Mexico,-0.03382047076732719
2016-01-01,NASDAQ,-0.07815511219964577
2016-01-01,Netherlands,-0.02793111622019084
2016-01-01,Philippines,-0.05240315473235446
2016-01-01,Poland,-0.08059162024531552
2016-01-01,Saudi Arabia,-0.1343747444180911
2016-01-01,Singapore,-0.09150288786131211
2016-01-01,South Africa,-0.0381802493550053
2016-01-01,Spain,-0.07907950864402713
2016-01-01,Sweden,-0.07900504091815541
2016-01-01,Switzerland,-0.07513445951659359
2016-01-01,Taiwan,-0.04589080018288205
2016-01-01,Thailand,0.0456304898019948
2016-01-01,Turkey,0.01618514485928202
2016-01-01,U.K.,-0.05944851571488352
2016-01-01,U.S.,-0.04962552616044835
2016-01-01,US SmallCap,-0.08795165159228446
2016-01-01,Vietnam,-0.06260257681761672
2016-02-01,Australia,-0.005907219559476706
2016-02-01,Brazil,0.06281497339960085
2016-02-01,Canada,0.03835643924452059
2016-02-01,Chile,0.01715839485343329
2016-02-01,ChinaA,-0.02534935149015416
2016-02-01,ChinaH,-0.02609184357947025
2016-02-01,Denmark,-0.02378868469919937
2016-02-01,France,-0.01161149367337277
2016-02-01,Germany,-0.02616838697148427
2016-02-01,Hong Kong,-0.001121558305865578
2016-02-01,India,-0.07124394995841032
2016-02-01,Indonesia,0.05775075987841927
2016-02-01,Italy,-0.05205434115514374
2016-02-01,Japan,-0.02775421432699599
2016-02-01,Korea,-0.01511879049676024
2016-02-01,Malaysia,-0.01915984624186451
2016-02-01,Mexico,0.009504694123592339
2016-02-01,NASDAQ,-0.01022888179605452
2016-02-01,Netherlands,-0.01637893848311489
2016-02-01,Philippines,0.000356467728868326
2016-02-01,Poland,0.04300571939144437
2016-02-01,Saudi Arabia,0.05049221830633188
2016-02-01,Singapore,0.03463592222475764
2016-02-01,South Africa,0.001794956863013342
2016-02-01,Spain,-0.03740979762549346
2016-02-01,Sweden,0.01274048285230345
2016-02-01,Switzerland,-0.02239850444420288
2016-02-01,Taiwan,0.04090973465749159
2016-02-01,Thailand,0.04278968225718427
2016-02-01,Turkey,0.03048761433944591
2016-02-01,U.K.,0.0008477353777529562
2016-02-01,U.S.,-0.001347502788825339
2016-02-01,US SmallCap,-0.0001142474022800544
2016-02-01,Vietnam,-0.04197180547127144
2016-03-01,Australia,0.1241516744259834
2016-03-01,Brazil,0.3053173642061051
2016-03-01,Canada,0.1002346786568347
2016-03-01,Chile,0.1033986235499817
2016-03-01,ChinaA,0.1189897320020823
2016-03-01,ChinaH,0.1164840524350426
2016-03-01,Denmark,0.05296945289312016
2016-03-01,France,0.05907310342861383
2016-03-01,Germany,0.09878387960977175
2016-03-01,Hong Kong,0.09789981720201957
2016-03-01,India,0.1286657971136449
2016-03-01,Indonesia,0.04008620689655173
2016-03-01,Italy,0.07803736642113246
2016-03-01,Japan,0.03878565994356209
2016-03-01,Korea,0.1427266081871343
2016-03-01,Malaysia,0.1326762543569318
2016-03-01,Mexico,0.1123866942904812
2016-03-01,NASDAQ,0.0697925476367014
2016-03-01,Netherlands,0.07949994940055882
2016-03-01,Philippines,0.130288420006911
2016-03-01,Poland,0.1704343374032531
2016-03-01,Saudi Arabia,0.00717089208389865
2016-03-01,Singapore,0.1162025216967899
2016-03-01,South Africa,0.183799336914835
2016-03-01,Spain,0.07961040822852383
2016-03-01,Sweden,0.06313234787265243
2016-03-01,Switzerland,0.03954583945165435
2016-03-01,Taiwan,0.08461088565156549
2016-03-01,Thailand,0.07786238001829582
2016-03-01,Turkey,0.1604009300710274
2016-03-01,U.K.,0.05634353956913185
2016-03-01,U.S.,0.067835612770901
2016-03-01,US SmallCap,0.07981100694453147
2016-03-01,Vietnam,0.01505747569858018
2016-04-01,Australia,0.027748528393712
2016-04-01,Brazil,0.1040057609140437
2016-04-01,Canada,0.06751792767847742
2016-04-01,Chile,0.02786670674837977
2016-04-01,ChinaA,-0.002056000586952322
2016-04-01,ChinaH,-0.001979082086055794
2016-04-01,Denmark,0.02018065941481573
2016-04-01,France,0.01549656327497728
2016-04-01,Germany,0.00699545082241082
2016-04-01,Hong Kong,0.009363594395540353
2016-04-01,India,0.002146185594461336
2016-04-01,Indonesia,-0.02348390661693611
2016-04-01,Italy,0.02591920157059935
2016-04-01,Japan,0.04641302049673501
2016-04-01,Korea,-0.01151447305293452
2016-04-01,Malaysia,-0.03478381011241805
2016-04-01,Mexico,-0.00194075328551746
2016-04-01,NASDAQ,-0.01889544672275278
2016-04-01,Netherlands,-0.009097907166408348
2016-04-01,Philippines,-0.03534553792139861
2016-04-01,Poland,-0.0764660590871582
2016-04-01,Saudi Arabia,0.08302154349017776
2016-04-01,Singapore,0.004265980019570348
2016-04-01,South Africa,0.03614520556193956
2016-04-01,Spain,0.05083554242544053
2016-04-01,Sweden,0.006456442268569562
2016-04-01,Switzerland,0.01946771191896257
2016-04-01,Taiwan,-0.0531163176902254
2016-04-01,Thailand,0.005624311211887001
2016-04-01,Turkey,0.04522698108635925
2016-04-01,U.K.,0.04048660244417279
2016-04-01,U.S.,0.003879109065960229
2016-04-01,US SmallCap,0.01569500860111162
2016-04-01,Vietnam,0.07708811026208373
2016-05-01,Australia,-0.01865383659203013
2016-05-01,Brazil,-0.1363962069348253
2016-05-01,Canada,-0.0341993952613141
2016-05-01,Chile,-0.06191997970539753
2016-05-01,ChinaA,-0.009642842223985926
2016-05-01,ChinaH,-0.00840814853671823
2016-05-01,Denmark,0.01554443959089857
2016-05-01,France,-0.01213182900312593
2016-05-01,Germany,-0.0221644002216419
2016-05-01,Hong Kong,-0.008977292829130512
2016-05-01,India,0.02270722401130865
2016-05-01,Indonesia,-0.03211203847786104
2016-05-01,Italy,-0.05162148873402017
2016-05-01,Japan,-0.01023972004013163
2016-05-01,Korea,-0.03899045461899375
2016-05-01,Malaysia,-0.06734292945742704
2016-05-01,Mexico,-0.07789443106417837
2016-05-01,NASDAQ,0.03836720135775651
2016-05-01,Netherlands,0.00736508246663603
2016-05-01,Philippines,0.04774743993503283
2016-05-01,Poland,-0.07790112852481323
2016-05-01,Saudi Arabia,-0.03758061095191334
2016-05-01,Singapore,-0.04219350280914169
2016-05-01,South Africa,-0.0868115230502775
2016-05-01,Spain,-0.02826767736833979
2016-05-01,Sweden,-0.0300447985393425
2016-05-01,Switzerland,-0.00529917420947934
2016-05-01,Taiwan,0.01751695581506607
2016-05-01,Thailand,0.001994449133149612
2016-05-01,Turkey,-0.1312494484661134
2016-05-01,U.K.,0.002490533007525331
2016-05-01,U.S.,0.01795427652409676
2016-05-01,US SmallCap,0.02251839189552829
2016-05-01,Vietnam,0.01164195689744529
2016-06-01,Australia,0.002932925210004766
2016-06-01,Brazil,0.1950110727233429
2016-06-01,Canada,0.004298095557960346
2016-06-01,Chile,0.0631579645405258
2016-06-01,ChinaA,-0.002959318648094178
2016-06-01,ChinaH,-0.003999642828862782
2016-06-01,Denmark,-0.04211214155007326
2016-06-01,France,-0.06180578519850177
2016-06-01,Germany,-0.05795329174020047
2016-06-01,Hong Kong,0.008858139236237905
2016-06-01,India,0.01039225569105895
2016-06-01,Indonesia,0.09587839812920196
2016-06-01,Italy,-0.09567941933920532
2016-06-01,Japan,-0.02594875314016987
2016-06-01,Korea,0.03821548821548837
2016-06-01,Malaysia,0.04771634388498547
2016-06-01,Mexico,0.01152948267016929
2016-06-01,NASDAQ,-0.02057769588771063
2016-06-01,Netherlands,-0.06311584674997583
2016-06-01,Philippines,0.04402607867555486
2016-06-01,Poland,-0.02317224834278753
2016-06-01,Saudi Arabia,0.008549924363671524
2016-06-01,Singapore,0.0410711618088111
2016-06-01,South Africa,0.07068279055954108
2016-06-01,Spain,-0.10068479004465
2016-06-01,Sweden,-0.04419733452998054
2016-06-01,Switzerland,-0.006124113183476609
2016-06-01,Taiwan,0.03346266609069182
2016-06-01,Thailand,0.01946479156539649
2016-06-01,Turkey,0.01837965729340607
2016-06-01,U.K.,-0.0312781544277777
2016-06-01,U.S.,0.002595364033515901
2016-06-01,US SmallCap,-0.0006503944307255649
2016-06-01,Vietnam,0.01854021513444692
2016-07-01,Australia,0.07956312367276319
2016-07-01,Brazil,0.09988877998671986
2016-07-01,Canada,0.03418253134021532
2016-07-01,Chile,0.02954027560672734
2016-07-01,ChinaA,0.03444115407394865
2016-07-01,ChinaH,0.03464602091752256
2016-07-01,Denmark,0.04345084267376587
2016-07-01,France,0.05493198060190907
2016-07-01,Germany,0.07394448899344863
2016-07-01,Hong Kong,0.06869887559825916
2016-07-01,India,0.06020025610565138
2016-07-01,Indonesia,0.05668178180848216
2016-07-01,Italy,0.04273454208272476
2016-07-01,Japan,0.06476967335671358
2016-07-01,Korea,0.06794227339062742
2016-07-01,Malaysia,-0.01152787868936567
2016-07-01,Mexico,-0.002347327436023949
2016-07-01,NASDAQ,0.06652479294967084
2016-07-01,Netherlands,0.04798462851519258
2016-07-01,Philippines,0.0239921052393326
2016-07-01,Poland,0.0239957430386939
2016-07-01,Saudi Arabia,-0.02034463471412051
2016-07-01,Singapore,0.004640581574787639
2016-07-01,South Africa,0.08920568877661594
2016-07-01,Spain,0.06159336580727737
2016-07-01,Sweden,0.03719947204895968
2016-07-01,Switzerland,0.02354005798921377
2016-07-01,Taiwan,0.05596286860527044
2016-07-01,Thailand,0.07401317817667641
2016-07-01,Turkey,-0.057419038449808
2016-07-01,U.K.,0.02846112031767922
2016-07-01,U.S.,0.03686452951448516
2016-07-01,US SmallCap,0.05970686946481973
2016-07-01,Vietnam,0.02673046169361859
2016-08-01,Australia,-0.02067317468867935
2016-08-01,Brazil,0.009012667305035693
2016-08-01,Canada,0.003460128887343705
2016-08-01,Chile,-0.04115206091370383
2016-08-01,ChinaA,0.07357398867664644
2016-08-01,ChinaH,0.07321375729366442
2016-08-01,Denmark,-0.06573291536630166
2016-08-01,France,-0.005104282508499591
2016-08-01,Germany,0.02004503768735821
2016-08-01,Hong Kong,0.01054613044022812
2016-08-01,India,0.009065906081287656
2016-08-01,Indonesia,0.01110690395052383
2016-08-01,Italy,0.007217977173550549
2016-08-01,Japan,0.003495977861582844
2016-08-01,Korea,0.0241421196477376
2016-08-01,Malaysia,0.01314348909906671
2016-08-01,Mexico,0.01406311663652771
2016-08-01,NASDAQ,0.01176432951910145
2016-08-01,Netherlands,0.02343219945918751
2016-08-01,Philippines,-0.0188544954598906
2016-08-01,Poland,0.0198668282397596
2016-08-01,Saudi Arabia,-0.02085280230425546
2016-08-01,Singapore,-0.01890866457037321
2016-08-01,South Africa,-0.07423827029190189
2016-08-01,Spain,0.01312746095229489
2016-08-01,Sweden,0.01558256125575874
2016-08-01,Switzerland,-0.006406092362386984
2016-08-01,Taiwan,0.01212039989474745
2016-08-01,Thailand,0.0350189638213918
2016-08-01,Turkey,0.0134041382646708
2016-08-01,U.K.,0.01324341875134771
2016-08-01,U.S.,0.001407248468509703
2016-08-01,US SmallCap,0.01767746973323736
2016-08-01,Vietnam,0.00313309032441933
2016-09-01,Australia,0.02635584302786853
2016-09-01,Brazil,0.003470583955212936
2016-09-01,Canada,0.01159598291431996
2016-09-01,Chile,-0.00420352190822082
2016-09-01,ChinaA,0.0229445098807064
2016-09-01,ChinaH,0.02287022635628677
2016-09-01,Denmark,-0.04079042558661738
2016-09-01,France,0.01195680615106198
2016-09-01,Germany,0.003895188661268589
2016-09-01,Hong Kong,0.03654341360174373
2016-09-01,India,-0.0101766125388173
2016-09-01,Indonesia,0.02509050056172768
2016-09-01,Italy,-0.02915707448281324
2016-09-01,Japan,0.00839736111633993
2016-09-01,Korea,0.01704966641957006
2016-09-01,Malaysia,-0.02465139763607849
2016-09-01,Mexico,-0.03329909502861705
2016-09-01,NASDAQ,0.01960155395747454
2016-09-01,Netherlands,0.01148976820005365
2016-09-01,Philippines,-0.0506846414137091
2016-09-01,Poland,-0.01401908346743908
2016-09-01,Saudi Arabia,-0.05302459226728251
2016-09-01,Singapore,0.015575690666634
2016-09-01,South Africa,0.06021780831002066
2016-09-01,Spain,0.01374650582302261
2016-09-01,Sweden,0.02032919773716979
2016-09-01,Switzerland,0.007662269758608176
2016-09-01,Taiwan,0.02533890326945776
2016-09-01,Thailand,-0.03344586724449694
2016-09-01,Turkey,-0.00865407913100058
2016-09-01,U.K.,0.01131907035034896
2016-09-01,U.S.,0.0001867103450856611
2016-09-01,US SmallCap,0.0111382353716285
2016-09-01,Vietnam,-0.02619355289953107
2016-10-01,Australia,-0.02268180315628643
2016-10-01,Brazil,0.1400888349593861
2016-10-01,Canada,-0.008510333986725849
2016-10-01,Chile,0.07872888067552153
2016-10-01,ChinaA,-0.01944924829109673
2016-10-01,ChinaH,-0.01956047752942858
2016-10-01,Denmark,-0.06230622012699705
2016-10-01,France,-0.007031748588454678
2016-10-01,Germany,-0.01515572172946633
2016-10-01,Hong Kong,-0.01150888784673043
2016-10-01,India,-0.003928920056918361
2016-10-01,Indonesia,-0.00097418412079886
2016-10-01,Italy,0.01702787008411066
2016-10-01,Japan,0.01321159249663584
2016-10-01,Korea,-0.03935860058309038
2016-10-01,Malaysia,-0.004077274128917674
2016-10-01,Mexico,0.04979561365433072
2016-10-01,NASDAQ,-0.02255847036067093
2016-10-01,Netherlands,-0.02470765790594209
2016-10-01,Philippines,-0.03284652478499417
2016-10-01,Poland,0.03598858301132024
2016-10-01,Saudi Arabia,0.08809397321441148
2016-10-01,Singapore,-0.04020620021322074
2016-10-01,South Africa,-0.01269099034087806
2016-10-01,Spain,0.03277634297466214
2016-10-01,Sweden,-0.05304732004857404
2016-10-01,Switzerland,-0.05424636719141507
2016-10-01,Taiwan,0.01443000034017428
2016-10-01,Thailand,-0.02515761767766411
2016-10-01,Turkey,-0.007408870642789278
2016-10-01,U.K.,-0.04816518424790517
2016-10-01,U.S.,-0.0182417686711307
2016-10-01,US SmallCap,-0.04754000046747664
2016-10-01,Vietnam,-0.02593520762283252
2016-11-01,Australia,0.007527326187509287
2016-11-01,Brazil,-0.1120314324862137
2016-11-01,Canada,0.02411222530604773
2016-11-01,Chile,-0.04834217336223912
2016-11-01,ChinaA,-0.01218174636932612
2016-11-01,ChinaH,-0.01200172559932666
2016-11-01,Denmark,-0.0734648467364779
2016-11-01,France,-0.01865248212887305
2016-11-01,Germany,-0.03698445609574852
2016-11-01,Hong Kong,-0.01622022321590877
2016-11-01,India,-0.07629936616284749
2016-11-01,Indonesia,-0.128717698683569
2016-11-01,Italy,-0.03755096285085102
2016-11-01,Japan,-0.02413276687361021
2016-11-01,Korea,-0.03201820940819422
2016-11-01,Malaysia,-0.08631351777924068
2016-11-01,Mexico,-0.1272404507337992
2016-11-01,NASDAQ,0.0280300512818048
2016-11-01,Netherlands,-0.0336369967178044
2016-11-01,Philippines,-0.1099933013203515
2016-11-01,Poland,-0.07831435878184001
2016-11-01,Saudi Arabia,0.1233396378125857
2016-11-01,Singapore,0.02130474089127299
2016-11-01,South Africa,-0.08153536159366936
2016-11-01,Spain,-0.08346326034351359
2016-11-01,Sweden,0.001684862300768364
2016-11-01,Switzerland,-0.02455874882955222
2016-11-01,Taiwan,-0.02304716087431857
2016-11-01,Thailand,-0.01468118171543387
2016-11-01,Turkey,-0.152327630912044
2016-11-01,U.K.,0.01001282765199063
2016-11-01,U.S.,0.03703628618659915
2016-11-01,US SmallCap,0.1113749381277238
2016-11-01,Vietnam,-0.02463831918719939
2016-12-01,Australia,0.02170138106356334
2016-12-01,Brazil,0.00945245596002997
2016-12-01,Canada,0.01813027653156896
2016-12-01,Chile,-0.002885092393225208
2016-12-01,ChinaA,-0.04095432449431846
2016-12-01,ChinaH,-0.04128710481365161
2016-12-01,Denmark,0.04938405860449047
2016-12-01,France,0.05384754619127485
2016-12-01,Germany,0.06971555536089524
2016-12-01,Hong Kong,-0.06406304525635498
2016-12-01,India,-0.0007336989511799175
2016-12-01,Indonesia,0.05246222719641858
2016-12-01,Italy,0.1301131721116011
2016-12-01,Japan,0.008533087123822947
2016-12-01,Korea,0.01865496159272606
2016-12-01,Malaysia,0.004861008900612473
2016-12-01,Mexico,0.006041376628934225
2016-12-01,NASDAQ,0.01204007639996751
2016-12-01,Netherlands,0.03730362433264411
2016-12-01,Philippines,0.01240915757782957
2016-12-01,Poland,0.08278429905420381
2016-12-01,Saudi Arabia,0.01685015991036343
2016-12-01,Singapore,-0.01826342101271705
2016-12-01,South Africa,0.05316628218589448
2016-12-01,Spain,0.08133935695291927
2016-12-01,Sweden,0.04372777157531105
2016-12-01,Switzerland,0.04213433440002179
2016-12-01,Taiwan,-0.0127862371004599
2016-12-01,Thailand,0.02044010753758818
2016-12-01,Turkey,0.02345164419810608
2016-12-01,U.K.,0.04249649369492392
2016-12-01,U.S.,0.01969910111604767
2016-12-01,US SmallCap,0.02800548629925514
2016-12-01,Vietnam,-0.03878902219688996
2017-01-01,Australia,0.04317450846420745
2017-01-01,Brazil,0.1074897489478404
2017-01-01,Canada,0.03765120893709395
2017-01-01,Chile,0.04689359410462002
2017-01-01,ChinaA,0.06786556131039223
2017-01-01,ChinaH,0.06852832173607659
2017-01-01,Denmark,0.04442781806434581
2017-01-01,France,0.005902674158297261
2017-01-01,Germany,0.03118841234062519
2017-01-01,Hong Kong,0.0774615687982716
2017-01-01,India,0.05023453346855988
2017-01-01,Indonesia,0.005582879170543675
2017-01-01,Italy,-0.02691086714472035
2017-01-01,Japan,0.03715659901643398
2017-01-01,Korea,0.08402585410895647
2017-01-01,Malaysia,0.03120229547434938
2017-01-01,Mexico,0.02206288405815426
2017-01-01,NASDAQ,0.04348955259380749
2017-01-01,Netherlands,0.01723274820835252
2017-01-01,Philippines,0.05498383789421513
2017-01-01,Poland,0.1022679960290933
2017-01-01,Saudi Arabia,-0.003462042632348949
2017-01-01,Singapore,0.08376576890045961
2017-01-01,South Africa,0.03051862560969032
2017-01-01,Spain,0.0253237852876218
2017-01-01,Sweden,0.05714105024872196
2017-01-01,Switzerland,0.04008750739405875
2017-01-01,Taiwan,0.04955091415585411
2017-01-01,Thailand,0.04100200228721307
2017-01-01,Turkey,0.03517446084637577
2017-01-01,U.K.,0.01347784273883756
2017-01-01,U.S.,0.01896631907669533
2017-01-01,US SmallCap,0.003932893587131225
2017-01-01,Vietnam,0.01957992864563662
2017-02-01,Australia,0.04181929098557124
2017-02-01,Brazil,0.04405109455405309
2017-02-01,Canada,-0.01555887178589155
2017-02-01,Chile,0.0305310529042262
2017-02-01,ChinaA,0.03538838326428451
2017-02-01,ChinaH,0.03570619196486846
2017-02-01,Denmark,-0.005166049449789711
2017-02-01,France,0.003457761551322047
2017-02-01,Germany,0.004393351084674757
2017-02-01,Hong Kong,0.02009320804772075
2017-02-01,India,0.05431994447294564
2017-02-01,Indonesia,0.02300066093853292
2017-02-01,Italy,-0.003157488740422432
2017-02-01,Japan,0.01085976339991745
2017-02-01,Korea,0.02342419080068137
2017-02-01,Malaysia,0.01792330224915206
2017-02-01,Mexico,0.03406720304144706
2017-02-01,NASDAQ,0.03910460130598015
2017-02-01,Netherlands,0.03561420287311279
2017-02-01,Philippines,-0.0111845909222319
2017-02-01,Poland,0.05417448150999027
2017-02-01,Saudi Arabia,-0.01374845695437144
2017-02-01,Singapore,0.02557424480332093
2017-02-01,South Africa,0.01756469360060908
2017-02-01,Spain,0.005184284696284847
2017-02-01,Sweden,-0.0008823884920688974
2017-02-01,Switzerland,0.01547077619250858
2017-02-01,Taiwan,0.04670204784249887
2017-02-01,Thailand,0.004484237679594605
2017-02-01,Turkey,0.05572205177009182
2017-02-01,U.K.,0.03110177434132133
2017-02-01,U.S.,0.03970529509792198
2017-02-01,US SmallCap,0.01925899708569867
2017-02-01,Vietnam,0.01940379582979679
2017-03-01,Australia,0.03153351832765128
2017-03-01,Brazil,-0.04492568893047999
2017-03-01,Canada,0.004697827175288216
2017-03-01,Chile,0.07640117959241088
2017-03-01,ChinaA,0.02129307344239462
2017-03-01,ChinaH,0.02221449376168327
2017-03-01,Denmark,0.01149330768457935
2017-03-01,France,0.06151292128149755
2017-03-01,Germany,0.04228743144478608
2017-03-01,Hong Kong,0.03188902925575543
2017-03-01,India,0.06053753899876924
2017-03-01,Indonesia,0.04625920661584182
2017-03-01,Italy,0.09296708612558113
2017-03-01,Japan,-0.01111286715378046
2017-03-01,Korea,0.05257317242335979
2017-03-01,Malaysia,0.03190452914217445
2017-03-01,Mexico,0.09808028023625659
2017-03-01,NASDAQ,0.01569957881779538
2017-03-01,Netherlands,0.05568496942940571
2017-03-01,Philippines,0.01540429419826395
2017-03-01,Poland,0.01576144339694063
2017-03-01,Saudi Arabia,-0.001485002169855698
2017-03-01,Singapore,0.0229538385336765
2017-03-01,South Africa,0.001777735625151156
2017-03-01,Spain,0.1114433775144164
2017-03-01,Sweden,0.02804889978377934
2017-03-01,Switzerland,0.01952839983738741
2017-03-01,Taiwan,0.01749518223122459
2017-03-01,Thailand,0.04131642205533237
2017-03-01,Turkey,0.01928456769324716
2017-03-01,U.K.,0.02091753675772212
2017-03-01,U.S.,0.00116645938314841
2017-03-01,US SmallCap,0.001308529943987891
2017-03-01,Vietnam,0.05313976437206125
2017-04-01,Australia,-0.008979540705738476
2017-04-01,Brazil,4.345614841949619e-05
2017-04-01,Canada,-0.02082078659304332
2017-04-01,Chile,-0.009426750878621104
2017-04-01,ChinaA,0.02659748197250233
2017-04-01,ChinaH,0.02721357489155385
2017-04-01,Denmark,0.07625841118120347
2017-04-01,France,0.05089211250356729
2017-04-01,Germany,0.02838032871434182
2017-04-01,Hong Kong,0.03072973072416296
2017-04-01,India,0.0190543020619669
2017-04-01,Indonesia,0.03334568358651357
2017-04-01,Italy,0.0195614200867682
2017-04-01,Japan,0.01046755416931089
2017-04-01,Korea,0.01041117554032689
2017-04-01,Malaysia,0.03867566378148446
2017-04-01,Mexico,0.00892988791598781
2017-04-01,NASDAQ,0.02346057872668461
2017-04-01,Netherlands,0.03627345938015858
2017-04-01,Philippines,0.05622197770556547
2017-04-01,Poland,0.1137137727306343
2017-04-01,Saudi Arabia,-0.008124234744659287
2017-04-01,Singapore,0.003090654680585336
2017-04-01,South Africa,0.05529718745670342
2017-04-01,Spain,0.04377948468405868
2017-04-01,Sweden,0.0408958733455167
2017-04-01,Switzerland,0.02931235738938254
2017-04-01,Taiwan,0.02053905626272301
2017-04-01,Thailand,0.0001684726697899208
2017-04-01,Turkey,0.1135108116553294
2017-04-01,U.K.,0.02576918020840657
2017-04-01,U.S.,0.01027103670578589
2017-04-01,US SmallCap,0.01096607609640099
2017-04-01,Vietnam,-0.0006659664255938003
2017-05-01,Australia,-0.03783485700278943
2017-05-01,Brazil,-0.05000673292009461
2017-05-01,Canada,-0.00200561661924159
2017-05-01,Chile,0.007242308620397209
2017-05-01,ChinaA,0.05107534318580464
2017-05-01,ChinaH,0.05259054093403837
2017-05-01,Denmark,0.06127285493146206
2017-05-01,France,0.03942320632205587
2017-05-01,Germany,0.03300245069832553
2017-05-01,Hong Kong,0.0333555102154528
2017-05-01,India,0.01679114359870737
2017-05-01,Indonesia,0.02665232460858125
2017-05-01,Italy,0.04493592192120777
2017-05-01,Japan,0.02950149708363003
2017-05-01,Korea,0.07904004173731582
2017-05-01,Malaysia,0.01212938583241896
2017-05-01,Mexico,0.004520924243691216
2017-05-01,NASDAQ,0.02704984442726821
2017-05-01,Netherlands,0.04392538576100646
2017-05-01,Philippines,0.02702235636310535
2017-05-01,Poland,0.001242952070455994
2017-05-01,Saudi Arabia,0.005443910861605561
2017-05-01,Singapore,0.03713623808771538
2017-05-01,South Africa,0.02220863137763751
2017-05-01,Spain,0.04631509272373524
2017-05-01,Sweden,0.02722496594794444
2017-05-01,Switzerland,0.05145429763295306
2017-05-01,Taiwan,0.0241941241994581
2017-05-01,Thailand,0.01305622455416011
2017-05-01,Turkey,0.03302439668981627
2017-05-01,U.K.,0.05441604705445968
2017-05-01,U.S.,0.01407203705522053
2017-05-01,US SmallCap,-0.02034388564233258
2017-05-01,Vietnam,-0.008705658837630414
2017-06-01,Australia,0.03148292912093553
2017-06-01,Brazil,-0.01651480012717221
2017-06-01,Canada,0.0311505839715025
2017-06-01,Chile,-0.01289293803332292
2017-06-01,ChinaA,0.01635573055947437
2017-06-01,ChinaH,0.01772460585401037
2017-06-01,Denmark,0.008003813573731033
2017-06-01,France,-0.01540760468056435
2017-06-01,Germany,-0.01211796288451661
2017-06-01,Hong Kong,0.006326025613726305
2017-06-01,India,-0.007649163020073568
2017-06-01,Indonesia,0.0253783469150175
2017-06-01,Italy,0.01074688520655731
2017-06-01,Japan,0.009519334026921067
2017-06-01,Korea,0.01075788710262304
2017-06-01,Malaysia,-0.001282049800837459
2017-06-01,Mexico,0.05922318215925881
2017-06-01,NASDAQ,-0.0086388371493894
2017-06-01,Netherlands,-0.01609694733981515
2017-06-01,Philippines,-0.01076438510049837
2017-06-01,Poland,0.01963752803006646
2017-06-01,Saudi Arabia,0.1083220484358298
2017-06-01,Singapore,0.01154309074730064
2017-06-01,South Africa,-0.03614741526661824
2017-06-01,Spain,-0.01599512878168174
2017-06-01,Sweden,0.008163535617859985
2017-06-01,Switzerland,-0.001799455561543262
2017-06-01,Taiwan,0.03246526007753969
2017-06-01,Thailand,0.01244927777207816
2017-06-01,Turkey,0.04031746980275885
2017-06-01,U.K.,-0.01432184266830361
2017-06-01,U.S.,0.006240882936954906
2017-06-01,US SmallCap,0.03455014313254612
2017-06-01,Vietnam,0.02903717614641077
2017-07-01,Australia,0.04298977765167056
2017-07-01,Brazil,0.1096269451636722
2017-07-01,Canada,0.03983762319534034
2017-07-01,Chile,0.08858806309654033
2017-07-01,ChinaA,0.08406363462146071
2017-07-01,ChinaH,0.08443479112237906
2017-07-01,Denmark,0.04426756258445397
2017-07-01,France,0.02761132991767168
2017-07-01,Germany,0.01824586542319517
2017-07-01,Hong Kong,0.03702630642289706
2017-07-01,India,0.07635942079706015
2017-07-01,Indonesia,0.002043596730245234
2017-07-01,Italy,0.07403666199619119
2017-07-01,Japan,0.0201763172089684
2017-07-01,Korea,0.02822291317866532
2017-07-01,Malaysia,0.002620990909630638
2017-07-01,Mexico,0.0425013091072175
2017-07-01,NASDAQ,0.03423041328249132
2017-07-01,Netherlands,0.06808986517699611
2017-07-01,Philippines,0.02197146656125359
2017-07-01,Poland,0.06720669101237209
2017-07-01,Saudi Arabia,-0.05718100220632483
2017-07-01,Singapore,0.05294823990610342
2017-07-01,South Africa,0.0610750216536744
2017-07-01,Spain,0.04668677571693292
2017-07-01,Sweden,0.008020924321065603
2017-07-01,Switzerland,0.008600632514411233
2017-07-01,Taiwan,0.01295647369980224
2017-07-01,Thailand,0.02573151726499545
2017-07-01,Turkey,0.05814364128714411
2017-07-01,U.K.,0.02661136721097024
2017-07-01,U.S.,0.02056220791883701
2017-07-01,US SmallCap,0.007420296763663181
2017-07-01,Vietnam,-0.003160389232732319
2017-08-01,Australia,0.001056735318032409
2017-08-01,Brazil,0.06344841157462366
2017-08-01,Canada,0.001640763430596603
2017-08-01,Chile,0.05431920777228072
2017-08-01,ChinaA,0.04000573336279634
2017-08-01,ChinaH,0.04159608261482117
2017-08-01,Denmark,0.03244534002054089
2017-08-01,France,0.01053735776912146
2017-08-01,Germany,0.00242959141232002
2017-08-01,Hong Kong,0.01732729444552139
2017-08-01,India,-0.007978215367107633
2017-08-01,Indonesia,-0.003852254702016888
2017-08-01,Italy,0.01831787469158308
2017-08-01,Japan,-0.0008052434062804092
2017-08-01,Korea,-0.01930681553849745
2017-08-01,Malaysia,0.01133691090042621
2017-08-01,Mexico,0.009820171033076086
2017-08-01,NASDAQ,0.01434798172549034
2017-08-01,Netherlands,-0.006249797611182495
2017-08-01,Philippines,-0.02250243801807894
2017-08-01,Poland,0.06472711222364325
2017-08-01,Saudi Arabia,0.02687389281201469
2017-08-01,Singapore,-0.007055160308859443
2017-08-01,South Africa,0.04119030014949643
2017-08-01,Spain,-0.01327303893183884
2017-08-01,Sweden,0.01525570196792847
2017-08-01,Switzerland,-0.0086377302340932
2017-08-01,Taiwan,0.009753714750478037
2017-08-01,Thailand,0.04640095384091292
2017-08-01,Turkey,0.04423019628951663
2017-08-01,U.K.,0.004316781288253191
2017-08-01,U.S.,0.003061120364172831
2017-08-01,US SmallCap,-0.01272287638330771
2017-08-01,Vietnam,0.02232539848682813
2017-09-01,Australia,-0.008809126335197481
2017-09-01,Brazil,0.04238592404994379
2017-09-01,Canada,0.03739076688212761
2017-09-01,Chile,0.01892260290029801
2017-09-01,ChinaA,0.008683837564804398
2017-09-01,ChinaH,0.007204599447309112
2017-09-01,Denmark,-0.003590666271860221
2017-09-01,France,0.04219405597116377
2017-09-01,Germany,0.05551251153325731
2017-09-01,Hong Kong,-0.003773284221492035
2017-09-01,India,-0.03652051359788921
2017-09-01,Indonesia,-0.008644222020018133
2017-09-01,Italy,0.03634545497451391
2017-09-01,Japan,0.01272564395272768
2017-09-01,Korea,0.01921252371916515
2017-09-01,Malaysia,0.005682682478642898
2017-09-01,Mexico,-0.03585069804626795
2017-09-01,NASDAQ,0.01105431409041913
2017-09-01,Netherlands,0.02405770592703282
2017-09-01,Philippines,0.02985056729747693
2017-09-01,Poland,-0.03920789407361835
2017-09-01,Saudi Arabia,0.0001281877531924547
2017-09-01,Singapore,-0.01280523890875951
2017-09-01,South Africa,-0.06468794084226581
2017-09-01,Spain,0.00820908798388631
2017-09-01,Sweden,0.03051318512513435
2017-09-01,Switzerland,0.01926727492388469
2017-09-01,Taiwan,-0.03422050950072497
2017-09-01,Thailand,0.03069625713364865
2017-09-01,Turkey,-0.09481950965193942
2017-09-01,U.K.,0.03477273036315132
2017-09-01,U.S.,0.02062837198189515
2017-09-01,US SmallCap,0.06239819046093054
2017-09-01,Vietnam,0.04113723342365083
2017-10-01,Australia,0.01422188840942451
2017-10-01,Brazil,-0.03281593465117405
2017-10-01,Canada,-0.001745312790064624
2017-10-01,Chile,0.04991363728844433
2017-10-01,ChinaA,0.03966142106144077
2017-10-01,ChinaH,0.03879436270124703
2017-10-01,Denmark,0.0143040252696216
2017-10-01,France,0.01455109785504316
2017-10-01,Germany,0.01531478292268784
2017-10-01,Hong Kong,0.003980664307918769
2017-10-01,India,0.07606051843788264
2017-10-01,Indonesia,0.001147315282239658
2017-10-01,Italy,-0.01397463463063453
2017-10-01,Japan,0.04598276025827785
2017-10-01,Korea,0.08517570397952046
2017-10-01,Malaysia,-0.00248779452987713
2017-10-01,Mexico,-0.07543038526100254
2017-10-01,NASDAQ,0.03616456495209341
2017-10-01,Netherlands,0.00846329906553045
2017-10-01,Philippines,0.01056531539923244
2017-10-01,Poland,0.03483859741534578
2017-10-01,Saudi Arabia,-0.04296242336153244
2017-10-01,Singapore,0.04898907815569697
2017-10-01,South Africa,0.02742220524286121
2017-10-01,Spain,-0.0002860481309727714
2017-10-01,Sweden,-0.003513150939021492
2017-10-01,Switzerland,-0.01683427404133986
2017-10-01,Taiwan,0.06343798622501473
2017-10-01,Thailand,0.02309222994314597
2017-10-01,Turkey,0.003365041516329326
2017-10-01,U.K.,0.008925607036576633
2017-10-01,U.S.,0.02333373729150767
2017-10-01,US SmallCap,0.008514755587040845
2017-10-01,Vietnam,0.0750401864546777
2017-11-01,Australia,0.004934781649670761
2017-11-01,Brazil,-0.03100022980475226
2017-11-01,Canada,0.006529980935824131
2017-11-01,Chile,-0.1171584652374543
2017-11-01,ChinaA,0.01549679550362937
2017-11-01,ChinaH,0.01631824613191091
2017-11-01,Denmark,-0.01642913863240025
2017-11-01,France,0.00201788147716675
2017-11-01,Germany,0.01198291561912224
2017-11-01,Hong Kong,0.0335740611470392
2017-11-01,India,-0.01012823299282761
2017-11-01,Indonesia,-0.005386202154480935
2017-11-01,Italy,0.004899259482067597
2017-11-01,Japan,0.02972656738750112
2017-11-01,Korea,-0.0003216813210379366
2017-11-01,Malaysia,0.01719983684188975
2017-11-01,Mexico,-0.004661081695857772
2017-11-01,NASDAQ,0.02345416067020989
2017-11-01,Netherlands,-0.008329316842803136
2017-11-01,Philippines,0.00407640317908764
2017-11-01,Poland,-0.01363211008587439
2017-11-01,Saudi Arabia,0.01836081127026801
2017-11-01,Singapore,0.03764459476666482
2017-11-01,South Africa,0.08486244049791902
2017-11-01,Spain,-0.006185390685569225
2017-11-01,Sweden,-0.03364889937657045
2017-11-01,Switzerland,0.0213354310790479
2017-11-01,Taiwan,-0.03319611813870027
2017-11-01,Thailand,0.01933555822432709
2017-11-01,Turkey,-0.08458353041868027
2017-11-01,U.K.,0.007553833038441038
2017-11-01,U.S.,0.03067136573641416
2017-11-01,US SmallCap,0.0287925491400749
2017-11-01,Vietnam,0.1756259892321617
2017-12-01,Australia,0.05104650947309097
2017-12-01,Brazil,0.04706655183575337
2017-12-01,Canada,0.0390146540112597
2017-12-01,Chile,0.1580679511262297
2017-12-01,ChinaA,0.01904141529395775
2017-12-01,ChinaH,0.01973404780189369
2017-12-01,Denmark,0.02334622490361582
2017-12-01,France,-0.003393698434670078
2017-12-01,Germany,0.0002836256266489645
2017-12-01,Hong Kong,0.02785671634798215
2017-12-01,India,0.04990977755776638
2017-12-01,Indonesia,0.08560894112224915
2017-12-01,Italy,-0.01532617347793219
2017-12-01,Japan,0.005865416925660005
2017-12-01,Korea,0.03099860559905609
2017-12-01,Malaysia,0.05919754153834234
2017-12-01,Mexico,-0.0004897714648730567
2017-12-01,NASDAQ,0.004962307503314722
2017-12-01,Netherlands,0.007184832233570138
2017-12-01,Philippines,0.05001262249558214
2017-12-01,Poland,0.03969219601600305
2017-12-01,Saudi Arabia,0.01949453943895962
2017-12-01,Singapore,0.01026136463302563
2017-12-01,South Africa,0.09175153117671031
2017-12-01,Spain,-0.01242771901845052
2017-12-01,Sweden,-0.002800179581997964
2017-12-01,Switzerland,0.01359729550583233
2017-12-01,Taiwan,0.01182949466664973
2017-12-01,Thailand,0.04883788547856582
2017-12-01,Turkey,0.1394134385744026
2017-12-01,U.K.,0.05111893712589066
2017-12-01,U.S.,0.01104714160940512
2017-12-01,US SmallCap,-0.00408250518679143
2017-12-01,Vietnam,0.07413058380982407
2018-01-01,Australia,0.02512819886260576
2018-01-01,Brazil,0.1684647257322334
2018-01-01,Canada,0.009598610780362726
2018-01-01,Chile,0.07308978288888035
2018-01-01,ChinaA,0.1248526295959986
2018-01-01,ChinaH,0.1252909554276793
2018-01-01,Denmark,0.0312106522102531
2018-01-01,France,0.07009943753356684
2018-01-01,Germany,0.05923685358769526
2018-01-01,Hong Kong,0.0458045756590133
2018-01-01,India,0.03342281572963657
2018-01-01,Indonesia,0.03205264275100839
2018-01-01,Italy,0.1146601801263543
2018-01-01,Japan,0.04578401972722657
2018-01-01,Korea,0.03485226799833541
2018-01-01,Malaysia,0.08082405250393276
2018-01-01,Mexico,0.07858240300754082
2018-01-01,NASDAQ,0.07401849525105852
2018-01-01,Netherlands,0.06341275634285237
2018-01-01,Philippines,-0.01236006137409784
2018-01-01,Poland,0.08290495146688714
2018-01-01,Saudi Arabia,0.07043079357992221
2018-01-01,Singapore,0.0622429485411482
2018-01-01,South Africa,0.02752710829142591
2018-01-01,Spain,0.08826779061182166
2018-01-01,Sweden,0.06125784353449593
2018-01-01,Switzerland,0.04276500013490603
2018-01-01,Taiwan,0.07597289186743028
2018-01-01,Thailand,0.08330084695595441
2018-01-01,Turkey,0.04567862254007693
2018-01-01,U.K.,0.03135831541772838
2018-01-01,U.S.,0.05723216817708709
2018-01-01,US SmallCap,0.02611034419665148
2018-01-01,Vietnam,0.1033750010546501
2018-02-01,Australia,-0.02672684117008617
2018-02-01,Brazil,-0.01951320798083112
2018-02-01,Canada,-0.07305253524258559
2018-02-01,Chile,-0.03758332490601157
2018-02-01,ChinaA,-0.06407550869296463
2018-02-01,ChinaH,-0.06372567805157092
2018-02-01,Denmark,-0.02748538347512086
2018-02-01,France,-0.04866684832634849
2018-02-01,Germany,-0.0739986599533331
2018-02-01,Hong Kong,-0.0321926633680224
2018-02-01,India,-0.06624010243428602
2018-02-01,Indonesia,-0.03208556149732622
2018-02-01,Italy,-0.05911066909195584
2018-02-01,Japan,-0.01537827810568759
2018-02-01,Korea,-0.06373781039509396
2018-02-01,Malaysia,-0.01485743342069623
2018-02-01,Mexico,-0.07127394260915465
2018-02-01,NASDAQ,-0.01731211563728363
2018-02-01,Netherlands,-0.05180680098205592
2018-02-01,Philippines,-0.04559748775635308
2018-02-01,Poland,-0.0936706813957976
2018-02-01,Saudi Arabia,-0.02676094170079713
2018-02-01,Singapore,-0.01820926341576001
2018-02-01,South Africa,0.0003029581608333665
2018-02-01,Spain,-0.08012862237674778
2018-02-01,Sweden,-0.05386876331776069
2018-02-01,Switzerland,-0.06351652518815931
2018-02-01,Taiwan,-0.03022829377179415
2018-02-01,Thailand,0.02149296540546874
2018-02-01,Turkey,-0.01619384245698419
2018-02-01,U.K.,-0.05530410100908312
2018-02-01,U.S.,-0.03685975590948676
2018-02-01,US SmallCap,-0.03860384387371896
2018-02-01,Vietnam,-0.0002980036595023883
2018-03-01,Australia,-0.05176725325798315
2018-03-01,Brazil,-0.0182955085908445
2018-03-01,Canada,-0.00878901698560075
2018-03-01,Chile,-0.01588637404460425
2018-03-01,ChinaA,-0.0329142402190663
2018-03-01,ChinaH,-0.03080397209113805
2018-03-01,Denmark,-0.02567332489355079
2018-03-01,France,-0.01566089830366835
2018-03-01,Germany,-0.01883105363444249
2018-03-01,Hong Kong,-0.02620329528706566
2018-03-01,India,-0.03421453930751328
2018-03-01,Indonesia,-0.06608584785380367
2018-03-01,Italy,0.002942700647594387
2018-03-01,Japan,-0.02867927235871004
2018-03-01,Korea,0.03028025340921303
2018-03-01,Malaysia,0.02468952221961174
2018-03-01,Mexico,0.007629613962153448
2018-03-01,NASDAQ,-0.02792986381366225
2018-03-01,Netherlands,-0.0003565469699239321
2018-03-01,Philippines,-0.06067759116826621
2018-03-01,Poland,-0.06499739990425835
2018-03-01,Saudi Arabia,0.08175533476082797
2018-03-01,Singapore,-0.01388299845636276
2018-03-01,South Africa,-0.06586076995084122
2018-03-01,Spain,-0.01965086899906043
2018-03-01,Sweden,-0.0364022323443608
2018-03-01,Switzerland,-0.0251580599149307
2018-03-01,Taiwan,0.01289262138851055
2018-03-01,Thailand,-0.01261974536088672
2018-03-01,Turkey,-0.07411891108865643
2018-03-01,U.K.,0.002159550915750375
2018-03-01,U.S.,-0.02541160087178451
2018-03-01,US SmallCap,0.01292581576986374
2018-03-01,Vietnam,0.07036447052195238
2018-04-01,Australia,0.02226377830809678
2018-04-01,Brazil,-0.03977339768690735
2018-04-01,Canada,0.02488727797170087
2018-04-01,Chile,0.01771429576839312
2018-04-01,ChinaA,-0.0004521712013720869
2018-04-01,ChinaH,-0.0004614593859088023
2018-04-01,Denmark,-0.0233873686834204
2018-04-01,France,0.04458547015915948
2018-04-01,Germany,0.01429588926806002
2018-04-01,Hong Kong,0.03320362228009044
2018-04-01,India,0.04144872663179644
2018-04-01,Indonesia,-0.04755403868031849
2018-04-01,Italy,0.05358977317355129
2018-04-01,Japan,0.006655285397604294
2018-04-01,Korea,0.02094841063053665
2018-04-01,Malaysia,-0.01002567286876654
2018-04-01,Mexico,0.0224299639195622
2018-04-01,NASDAQ,0.0007978816325842075
2018-04-01,Netherlands,0.006092407429814317
2018-04-01,Philippines,-0.007255088312618008
2018-04-01,Poland,0.01330313692722029
2018-04-01,Saudi Arabia,0.03775108326296572
2018-04-01,Singapore,0.06219804478233093
2018-04-01,South Africa,-0.00844718965844704
2018-04-01,Spain,0.02299701704161428
2018-04-01,Sweden,-0.01925578681349926
2018-04-01,Switzerland,-0.0101002353425278
2018-04-01,Taiwan,-0.04570840096893991
2018-04-01,Thailand,-0.00513250152627176
2018-04-01,Turkey,-0.1102308780247927
2018-04-01,U.K.,0.05442779648624785
2018-04-01,U.S.,0.003835793196082848
2018-04-01,US SmallCap,0.008646685205284221
2018-04-01,Vietnam,-0.09020583404726912
2018-05-01,Australia,0.01734996343622019
2018-05-01,Brazil,-0.1636496981242436
2018-05-01,Canada,0.02007289125339073
2018-05-01,Chile,-0.07899269758979666
2018-05-01,ChinaA,0.01507711186680383
2018-05-01,ChinaH,0.01468489310943588
2018-05-01,Denmark,-0.02623851907264285
2018-05-01,France,-0.04873557495049463
2018-05-01,Germany,-0.04678560001042087
2018-05-01,Hong Kong,0.005844755944255375
2018-05-01,India,-0.03649655053534284
2018-05-01,Indonesia,-0.009436215957955074
2018-05-01,Italy,-0.1237933683233485
2018-05-01,Japan,-0.01052091791196019
2018-05-01,Korea,-0.05430788076766024
2018-05-01,Malaysia,-0.08173917292375865
2018-05-01,Mexico,-0.1360127899503976
2018-05-01,NASDAQ,0.05498472005448929
2018-05-01,Netherlands,-0.03697990238672766
2018-05-01,Philippines,-0.05058733426829398
2018-05-01,Poland,-0.1056819355192663
2018-05-01,Saudi Arabia,0.02387379022973546
2018-05-01,Singapore,-0.06077172167903122
2018-05-01,South Africa,-0.07069857700283333
2018-05-01,Spain,-0.09269463445765358
2018-05-01,Sweden,-0.02351682296545932
2018-05-01,Switzerland,-0.03602014701420531
2018-05-01,Taiwan,-0.001631223917476388
2018-05-01,Thailand,-0.05092035459353761
2018-05-01,Turkey,-0.1262573739346025
2018-05-01,U.K.,-0.0005332973154670295
2018-05-01,U.S.,0.02407730556058851
2018-05-01,US SmallCap,0.06069969941687048
2018-05-01,Vietnam,-0.09327686623302722
2018-06-01,Australia,0.01385424444751027
2018-06-01,Brazil,-0.08310426308707342
2018-06-01,Canada,0.002631548770065661
2018-06-01,Chile,-0.0502412166736822
2018-06-01,ChinaA,-0.05585459507749313
2018-06-01,ChinaH,-0.05537381872470504
2018-06-01,Denmark,-0.02469084980623082
2018-06-01,France,-0.01252679390095013
2018-06-01,Germany,-0.02405723049302788
2018-06-01,Hong Kong,-0.04916120979064076
2018-06-01,India,-0.01007152121850374
2018-06-01,Indonesia,-0.06825033160496807
2018-06-01,Italy,-0.008498641443134725
2018-06-01,Japan,-0.02627155105964918
2018-06-01,Korea,-0.06185233160621761
2018-06-01,Malaysia,-0.02567434442161054
2018-06-01,Mexico,0.09288001618947272
2018-06-01,NASDAQ,0.009774035140734716
2018-06-01,Netherlands,0.0003265722980860808
2018-06-01,Philippines,-0.05498779504049112
2018-06-01,Poland,-0.02535648261379597
2018-06-01,Saudi Arabia,0.01397090401546075
2018-06-01,Singapore,-0.07284675020576248
2018-06-01,South Africa,-0.04508369970618642
2018-06-01,Spain,0.02371497297376979
2018-06-01,Sweden,-0.004836122113227481
2018-06-01,Switzerland,0.009390679282386794
2018-06-01,Taiwan,-0.02640400985027525
2018-06-01,Thailand,-0.09876757458790875
2018-06-01,Turkey,-0.04868019979557603
2018-06-01,U.K.,-0.005360800936882515
2018-06-01,U.S.,0.006155416362638055
2018-06-01,US SmallCap,0.007150698430260727
2018-06-01,Vietnam,0.007226084840876723
2018-07-01,Australia,0.02187156388425637
2018-07-01,Brazil,0.1183614586260644
2018-07-01,Canada,0.02446437485858488
2018-07-01,Chile,0.0448701554478248
2018-07-01,ChinaA,-0.03035475368637608
2018-07-01,ChinaH,-0.02991897749948402
2018-07-01,Denmark,0.05745782854325765
2018-07-01,France,0.03610754393828763
2018-07-01,Germany,0.04301802047869829
2018-07-01,Hong Kong,0.01611064974610499
2018-07-01,India,0.06654782637268752
2018-07-01,Indonesia,0.02510676847418147
2018-07-01,Italy,0.02986597354619835
2018-07-01,Japan,0.003928842278633216
2018-07-01,Korea,-0.01047060177194803
2018-07-01,Malaysia,0.05046915237995031
2018-07-01,Mexico,0.08677241110567979
2018-07-01,NASDAQ,0.0219320144180597
2018-07-01,Netherlands,0.04072191477034215
2018-07-01,Philippines,0.07682287697087453
2018-07-01,Poland,0.1176655873095973
2018-07-01,Saudi Arabia,-0.0004124543322194807
2018-07-01,Singapore,0.01713842320776737
2018-07-01,South Africa,0.05466835378731938
2018-07-01,Spain,0.03659066926517252
2018-07-01,Sweden,0.05431777289567563
2018-07-01,Switzerland,0.06523007678921422
2018-07-01,Taiwan,0.03606024779085515
2018-07-01,Thailand,0.07821987284806076
2018-07-01,Turkey,-0.06923669301844126
2018-07-01,U.K.,0.009512873657284926
2018-07-01,U.S.,0.03721544767783547
2018-07-01,US SmallCap,0.01739586305941354
2018-07-01,Vietnam,0.003606472901938496
2018-08-01,Australia,-0.0209905383609833
2018-08-01,Brazil,-0.1128630976445064
2018-08-01,Canada,-0.01437420682475665
2018-08-01,Chile,-0.08852634323189668
2018-08-01,ChinaA,-0.03885876711485625
2018-08-01,ChinaH,-0.03867075111605656
2018-08-01,Denmark,0.001405956812706499
2018-08-01,France,-0.01978440961481309
2018-08-01,Germany,-0.03030201585895598
2018-08-01,Hong Kong,-0.02255441361807176
2018-08-01,India,0.008591806397449053
2018-08-01,Indonesia,-0.000757480116146958
2018-08-01,Italy,-0.09487970639126819
2018-08-01,Japan,0.001901254306353239
2018-08-01,Korea,0.008953488372092977
2018-08-01,Malaysia,0.0007670271890862779
2018-08-01,Mexico,-0.03118507302169604
2018-08-01,NASDAQ,0.05854412408543008
2018-08-01,Netherlands,-0.0252386674916627
2018-08-01,Philippines,0.02108170156690758
2018-08-01,Poland,-0.003222155742077071
2018-08-01,Saudi Arabia,-0.04711577964920111
2018-08-01,Singapore,-0.01893304087404157
2018-08-01,South Africa,-0.1023976704691024
2018-08-01,Spain,-0.05912104289869391
2018-08-01,Sweden,-0.01425856315840279
2018-08-01,Switzerland,0.006256677364788743
2018-08-01,Taiwan,0.005096906162106674
2018-08-01,Thailand,0.01750191553222979
2018-08-01,Turkey,-0.2863340383591249
2018-08-01,U.K.,-0.03034591375307893
2018-08-01,U.S.,0.03258315674742529
2018-08-01,US SmallCap,0.04307212100488966
2018-08-01,Vietnam,0.004286677937840544
2018-09-01,Australia,-0.005349759498707751
2018-09-01,Brazil,0.07013706703275746
2018-09-01,Canada,-0.0004992697752375097
2018-09-01,Chile,0.02973199630575007
2018-09-01,ChinaA,-0.01627601816803692
2018-09-01,ChinaH,-0.01836078727956902
2018-09-01,Denmark,-0.03627760267740865
2018-09-01,France,0.01154588593626604
2018-09-01,Germany,-0.01700354138302773
2018-09-01,Hong Kong,-0.002650205285246399
2018-09-01,India,-0.09256692516523668
2018-09-01,Indonesia,-0.008970309538850252
2018-09-01,Italy,0.02141447067952029
2018-09-01,Japan,0.02330447861065199
2018-09-01,Korea,0.007491068341592744
2018-09-01,Malaysia,-0.01447541679683084
2018-09-01,Mexico,0.01596665352796411
2018-09-01,NASDAQ,-0.007025747320992148
2018-09-01,Netherlands,-0.03471611844315603
2018-09-01,Philippines,-0.07997691107487004
2018-09-01,Poland,-0.00240336547648079
2018-09-01,Saudi Arabia,-0.00608303300619073
2018-09-01,Singapore,0.02323370975329175
2018-09-01,South Africa,-0.01744836682425266
2018-09-01,Spain,-0.0003704348007737002
2018-09-01,Sweden,0.02972272990238989
2018-09-01,Switzerland,0.0002422902159553431
2018-09-01,Taiwan,0.002230513155397684
2018-09-01,Thailand,0.03471313958294409
2018-09-01,Turkey,0.1833550706744069
2018-09-01,U.K.,0.01957664553407601
2018-09-01,U.S.,0.005691766092496664
2018-09-01,US SmallCap,-0.0240539912607648
2018-09-01,Vietnam,0.01700050406267195
2018-10-01,Australia,-0.07727565205963705
2018-10-01,Brazil,0.1783065830375412
2018-10-01,Canada,-0.07769484215244182
2018-10-01,Chile,-0.08326210907076581
2018-10-01,ChinaA,-0.1149389507771408
2018-10-01,ChinaH,-0.1134208529759263
2018-10-01,Denmark,-0.09787752764854796
2018-10-01,France,-0.09408196057282936
2018-10-01,Germany,-0.08443637787516356
2018-10-01,Hong Kong,-0.1112429555677557
2018-10-01,India,-0.07045957568566064
2018-10-01,Indonesia,-0.03097909229984697
2018-10-01,Italy,-0.09374328696786238
2018-10-01,Japan,-0.08474114700985858
2018-10-01,Korea,-0.1448181194234728
2018-10-01,Malaysia,-0.06377957127926726
2018-10-01,Mexico,-0.1736441959231585
2018-10-01,NASDAQ,-0.09162244581270373
2018-10-01,Netherlands,-0.07789824485760599
2018-10-01,Philippines,-0.008504156187157275
2018-10-01,Poland,-0.1016976985225544
2018-10-01,Saudi Arabia,0.01199831472668156
2018-10-01,Singapore,-0.08658349155987588
2018-10-01,South Africa,-0.1080877886679819
2018-10-01,Spain,-0.06898873817596751
2018-10-01,Sweden,-0.100610048880917
2018-10-01,Switzerland,-0.03943764624144075
2018-10-01,Taiwan,-0.1178878504008679
2018-10-01,Thailand,-0.07234746922024604
2018-10-01,Turkey,-0.00874377296059714
2018-10-01,U.K.,-0.06405882821388165
2018-10-01,U.S.,-0.06835225793789379
2018-10-01,US SmallCap,-0.1086162609769095
2018-10-01,Vietnam,-0.09896022992743692
2018-11-01,Australia,0.01058574473345764
2018-11-01,Brazil,-0.01951470502712127
2018-11-01,Canada,0.003229765255353234
2018-11-01,Chile,0.03334390740769799
2018-11-01,ChinaA,0.07318586591528797
2018-11-01,ChinaH,0.07172549185843802
2018-11-01,Denmark,0.03417712447154475
2018-11-01,France,-0.01812121293490987
2018-11-01,Germany,-0.0203694075445745
2018-11-01,Hong Kong,0.07398452393441235
2018-11-01,India,0.1047128002933333
2018-11-01,Indonesia,0.1214313906064992
2018-11-01,Italy,0.006634949263392143
2018-11-01,Japan,0.003681568191576723
2018-11-01,Korea,0.03598180845371846
2018-11-01,Malaysia,-0.008945261650123215
2018-11-01,Mexico,-0.04765633276720505
2018-11-01,NASDAQ,0.004955226873935237
2018-11-01,Netherlands,0.02652241395988453
2018-11-01,Philippines,0.04593333959667745
2018-11-01,Poland,0.07815429003266505
2018-11-01,Saudi Arabia,-0.03182165089492694
2018-11-01,Singapore,0.03021093871884406
2018-11-01,South Africa,0.08407562175514594
2018-11-01,Spain,0.01790833426697613
2018-11-01,Sweden,-0.01530355841488273
2018-11-01,Switzerland,0.002390448217730601
2018-11-01,Taiwan,-0.00741095843504036
2018-11-01,Thailand,-0.005742397296029988
2018-11-01,Turkey,0.1327784351676589
2018-11-01,U.K.,-0.009723771292328043
2018-11-01,U.S.,0.02037539876008654
2018-11-01,US SmallCap,0.01579961237463468
2018-11-01,Vietnam,0.02746727504922042
2018-12-01,Australia,-0.03052046789397245
2018-12-01,Brazil,-0.01612874346178939
2018-12-01,Canada,-0.08314705021959157
2018-12-01,Chile,-0.03529815739480802
2018-12-01,ChinaA,-0.06063615565203095
2018-12-01,ChinaH,-0.06055223679510324
2018-12-01,Denmark,-0.03371361324846678
2018-12-01,France,-0.04704751084016301
2018-12-01,Germany,-0.05760301233221499
2018-12-01,Hong Kong,-7.158086351732873e-05
2018-12-01,India,0.001110469142480142
2018-12-01,Indonesia,0.0008212106992022683
2018-12-01,Italy,-0.03438847224286268
2018-12-01,Japan,-0.06818842304137573
2018-12-01,Korea,-0.01407359586830215
2018-12-01,Malaysia,0.01472960438380899
2018-12-01,Mexico,0.03293814749342072
2018-12-01,NASDAQ,-0.093847450665691
2018-12-01,Netherlands,-0.06137851427780083
2018-12-01,Philippines,0.01632159189679716
2018-12-01,Poland,0.001111410154139403
2018-12-01,Saudi Arabia,0.02214669359575461
2018-12-01,Singapore,-0.008291122394892936
2018-12-01,South Africa,-0.00250468393329506
2018-12-01,Spain,-0.03964772783005666
2018-12-01,Sweden,-0.03254634827074798
2018-12-01,Switzerland,-0.0542563021806578
2018-12-01,Taiwan,-0.01394345389945917
2018-12-01,Thailand,-0.02681617276259962
2018-12-01,Turkey,-0.04787332452350512
2018-12-01,U.K.,-0.03580702026996307
2018-12-01,U.S.,-0.09034582211118147
2018-12-01,US SmallCap,-0.1188431549347451
2018-12-01,Vietnam,-0.05126845672080804
2019-01-01,Australia,0.07026571912337909
2019-01-01,Brazil,0.1776970975469851
2019-01-01,Canada,0.1307808440815978
2019-01-01,Chile,0.1231289030591283
2019-01-01,ChinaA,0.1105436514305955
2019-01-01,ChinaH,0.1117337326063617
2019-01-01,Denmark,0.03430817604100178
2019-01-01,France,0.0582123116002331
2019-01-01,Germany,0.0642746616318719
2019-01-01,Hong Kong,0.07798470752035858
2019-01-01,India,-0.01886931464684505
2019-01-01,Indonesia,0.1003399367014419
2019-01-01,Italy,0.08277558322609435
2019-01-01,Japan,0.06092467654739631
2019-01-01,Korea,0.1011000523834469
2019-01-01,Malaysia,0.01409476360235029
2019-01-01,Mexico,0.09777472971856227
2019-01-01,NASDAQ,0.09785853425996316
2019-01-01,Netherlands,0.07255743487106558
2019-01-01,Philippines,0.08437073525780181
2019-01-01,Poland,0.05212535950008035
2019-01-01,Saudi Arabia,0.103730028082458
2019-01-01,Singapore,0.05669730499733316
2019-01-01,South Africa,0.1187707767004997
2019-01-01,Spain,0.06428892664797026
2019-01-01,Sweden,0.0574471305213895
2019-01-01,Switzerland,0.0617173983616548
2019-01-01,Taiwan,0.01719818216349367
2019-01-01,Thailand,0.0968177523089584
2019-01-01,Turkey,0.1700304545916838
2019-01-01,U.K.,0.07351302724873343
2019-01-01,U.S.,0.08013437901777509
2019-01-01,US SmallCap,0.1124662805653152
2019-01-01,Vietnam,0.03948758245429396
2019-02-01,Australia,0.03784664954627615
2019-02-01,Brazil,-0.04442033721713567
2019-02-01,Canada,0.02805502609635302
2019-02-01,Chile,-0.02824106783882674
2019-02-01,ChinaA,0.03448601256599515
2019-02-01,ChinaH,0.03473018600638378
2019-02-01,Denmark,0.05767106700168312
2019-02-01,France,0.04139226819592423
2019-02-01,Germany,0.01678595950849293
2019-02-01,Hong Kong,0.05852871756685829
2019-02-01,India,0.002244453529799628
2019-02-01,Indonesia,-0.0548631085543837
2019-02-01,Italy,0.03426194643730618
2019-02-01,Japan,-0.0007023018421653537
2019-02-01,Korea,-0.019267364414843
2019-02-01,Malaysia,0.0186167168400313
2019-02-01,Mexico,-0.04158147409457735
2019-02-01,NASDAQ,0.03597638234311473
2019-02-01,Netherlands,0.04615864603237951
2019-02-01,Philippines,-0.02876888999693172
2019-02-01,Poland,-0.03465640510571333
2019-02-01,Saudi Arabia,-0.003580785249967744
2019-02-01,Singapore,-0.001525529416164684
2019-02-01,South Africa,-0.05081829600298271
2019-02-01,Spain,0.02067776220852435
2019-02-01,Sweden,0.0167934779344876
2019-02-01,Switzerland,0.04201023725958231
2019-02-01,Taiwan,0.04750680943748731
2019-02-01,Thailand,-0.00664197002498379
2019-02-01,Turkey,-0.03267177818775879
2019-02-01,U.K.,0.04552283525268397
2019-02-01,U.S.,0.03210792789653127
2019-02-01,US SmallCap,0.05189493479328
2019-02-01,Vietnam,0.08557500417812736
2019-03-01,Australia,0.009035663711150388
2019-03-01,Brazil,-0.03834086259149661
2019-03-01,Canada,-0.006201369090840458
2019-03-01,Chile,-0.04354504610966792
2019-03-01,ChinaA,0.02431611995136551
2019-03-01,ChinaH,0.02441906082118939
2019-03-01,Denmark,0.02243356551151776
2019-03-01,France,0.003086347544541734
2019-03-01,Germany,-0.01649599505079458
2019-03-01,Hong Kong,0.01329962531973616
2019-03-01,India,0.08703379953379953
2019-03-01,Indonesia,0.01149684400360673
2019-03-01,Italy,0.02041537248546033
2019-03-01,Japan,-0.003390450989979255
2019-03-01,Korea,-0.03153043900072761
2019-03-01,Malaysia,-0.02808209451658961
2019-03-01,Mexico,0.00322499889817851
2019-03-01,NASDAQ,0.02701437634471815
2019-03-01,Netherlands,0.01057738664471031
2019-03-01,Philippines,0.02130070023275299
2019-03-01,Poland,-0.020651293309767
2019-03-01,Saudi Arabia,0.03756199695285645
2019-03-01,Singapore,0.006279694524260471
2019-03-01,South Africa,-0.0156626492804256
2019-03-01,Spain,-0.0165472153869477
2019-03-01,Sweden,-0.01070181287201266
2019-03-01,Switzerland,0.01775051170560071
2019-03-01,Taiwan,0.02283244115440541
2019-03-01,Thailand,-0.01450021402013757
2019-03-01,Turkey,-0.1438535628698375
2019-03-01,U.K.,0.0179497506566566
2019-03-01,U.S.,0.01943230246733796
2019-03-01,US SmallCap,-0.02093739870006694
2019-03-01,Vietnam,0.0002320750167073005
2019-04-01,Australia,0.01482191041876968
2019-04-01,Brazil,-0.007420511110186712
2019-04-01,Canada,0.03082808673316295
2019-04-01,Chile,-0.01852546666094645
2019-04-01,ChinaA,0.02207279818737251
2019-04-01,ChinaH,0.02173129075873059
2019-04-01,Denmark,-0.005405001612651117
2019-04-01,France,0.0428967766962336
2019-04-01,Germany,0.06536671717597553
2019-04-01,Hong Kong,0.01137509513486501
2019-04-01,India,0.005743847382145839
2019-04-01,Indonesia,0.01359482950746593
2019-04-01,Italy,0.01757161984220956
2019-04-01,Japan,0.01380387799970739
2019-04-01,Korea,0.009391435011269822
2019-04-01,Malaysia,-0.0108429103390022
2019-04-01,Mexico,0.05236657302891512
2019-04-01,NASDAQ,0.0477529702623336
2019-04-01,Netherlands,0.04819530775005809
2019-04-01,Philippines,0.02504464922265637
2019-04-01,Poland,0.01616551335781291
2019-04-01,Saudi Arabia,0.06152729066652007
2019-04-01,Singapore,0.06440640592121483
2019-04-01,South Africa,0.081001228963407
2019-04-01,Spain,0.03694713217170142
2019-04-01,Sweden,0.05024415000594407
2019-04-01,Switzerland,0.009685939095015472
2019-04-01,Taiwan,0.0396547203363129
2019-04-01,Thailand,0.02219099528757162
2019-04-01,Turkey,-0.0400671708807222
2019-04-01,U.K.,0.02877809437635959
2019-04-01,U.S.,0.04048926940691988
2019-04-01,US SmallCap,0.033970370641216
2019-04-01,Vietnam,-0.001137737995503985
2019-05-01,Australia,0.00873055908196041
2019-05-01,Brazil,0.01725044590328517
2019-05-01,Canada,-0.03969496015572083
2019-05-01,Chile,-0.08588952849437448
2019-05-01,ChinaA,-0.1347018995446079
2019-05-01,ChinaH,-0.1344113574996366
2019-05-01,Denmark,-0.03546260517650723
2019-05-01,France,-0.07031561978844636
2019-05-01,Germany,-0.07893552548397587
2019-05-01,Hong Kong,-0.06674447067726563
2019-05-01,India,0.004203328396453099
2019-05-01,Indonesia,-0.03100263852242746
2019-05-01,Italy,-0.09165593489165436
2019-05-01,Japan,-0.0399304548890399
2019-05-01,Korea,-0.09527353926311888
2019-05-01,Malaysia,-0.004288112768082164
2019-05-01,Mexico,-0.07001879066546202
2019-05-01,NASDAQ,-0.07783861082343813
2019-05-01,Netherlands,-0.06518519160128422
2019-05-01,Philippines,0.001631521370100808
2019-05-01,Poland,-0.04208150248721698
2019-05-01,Saudi Arabia,-0.09360088636129305
2019-05-01,Singapore,-0.08758540854880492
2019-05-01,South Africa,-0.0743160574717443
2019-05-01,Spain,-0.06039915525307116
2019-05-01,Sweden,-0.09669911200658599
2019-05-01,Switzerland,-0.006939472127570512
2019-05-01,Taiwan,-0.07781397370281706
2019-05-01,Thailand,-0.01984575521346821
2019-05-01,Turkey,-0.008251851533996546
2019-05-01,U.K.,-0.05136510996113264
2019-05-01,U.S.,-0.06354886886783451
2019-05-01,US SmallCap,-0.07777249770190042
2019-05-01,Vietnam,-0.0198867333051943
2019-06-01,Australia,0.05179115564924697
2019-06-01,Brazil,0.06177997800652979
2019-06-01,Canada,0.061097947605804
2019-06-01,Chile,0.0579893812020722
2019-06-01,ChinaA,0.0736299929386992
2019-06-01,ChinaH,0.07042683812065498
2019-06-01,Denmark,0.05683406941741409
2019-06-01,France,0.0817032113644145
2019-06-01,Germany,0.07248161680082998
2019-06-01,Hong Kong,0.07042397681836743
2019-06-01,India,-0.002752575326157358
2019-06-01,Indonesia,0.05650102110279098
2019-06-01,Italy,0.09609225250271236
2019-06-01,Japan,0.03607082738175338
2019-06-01,Korea,0.08446455505279049
2019-06-01,Malaysia,0.02553297181566361
2019-06-01,Mexico,0.03522269915599985
2019-06-01,NASDAQ,0.07510268887499771
2019-06-01,Netherlands,0.06529793640238735
2019-06-01,Philippines,0.02187196941878744
2019-06-01,Poland,0.06335333990076664
2019-06-01,Saudi Arabia,0.0310320179523218
2019-06-01,Singapore,0.1014987768898556
2019-06-01,South Africa,0.06671423296009937
2019-06-01,Spain,0.04666548887913113
2019-06-01,Sweden,0.09602740618289207
2019-06-01,Switzerland,0.07020818431225129
2019-06-01,Taiwan,0.04232571252357809
2019-06-01,Thailand,0.09243733194307091
2019-06-01,Turkey,0.07730434953228071
2019-06-01,U.K.,0.05370393619600655
2019-06-01,U.S.,0.07047716001751136
2019-06-01,US SmallCap,0.07065853892219098
2019-06-01,Vietnam,-0.01772129387144405
2019-07-01,Australia,0.005514505570656691
2019-07-01,Brazil,0.02568283262630011
2019-07-01,Canada,-0.005468965672165149
2019-07-01,Chile,-0.04981674341547659
2019-07-01,ChinaA,-0.008763838185973372
2019-07-01,ChinaH,-0.007266067077557392
2019-07-01,Denmark,-0.02631936254938128
2019-07-01,France,-0.02445197022473455
2019-07-01,Germany,-0.03483237074076118
2019-07-01,Hong Kong,-0.03353566196144719
2019-07-01,India,-0.05474342938177457
2019-07-01,Indonesia,0.01363831615120259
2019-07-01,Italy,-0.01587578473964957
2019-07-01,Japan,0.001323806948732686
2019-07-01,Korea,-0.05892021747376419
2019-07-01,Malaysia,-0.0185962094253479
2019-07-01,Mexico,-0.03801559459060944
2019-07-01,NASDAQ,0.0215539782995835
2019-07-01,Netherlands,0.007965152275093423
2019-07-01,Philippines,0.007334242435410809
2019-07-01,Poland,-0.04068853829301822
2019-07-01,Saudi Arabia,-0.01096048937565153
2019-07-01,Singapore,-0.009512883825982033
2019-07-01,South Africa,-0.02708849933191193
2019-07-01,Spain,-0.04218004355145089
2019-07-01,Sweden,-0.04619024528626126
2019-07-01,Switzerland,-0.006737910311773843
2019-07-01,Taiwan,0.01636389108663128
2019-07-01,Thailand,-0.02482914240510448
2019-07-01,Turkey,0.1172401148384559
2019-07-01,U.K.,-0.01722203594637706
2019-07-01,U.S.,0.01437272623425301
2019-07-01,US SmallCap,0.005727650245620053
2019-07-01,Vietnam,0.03689849280904589
2019-08-01,Australia,-0.04005025226772352
2019-08-01,Brazil,-0.09211004539106904
2019-08-01,Canada,-0.01130676259569385
2019-08-01,Chile,-0.06418589204828151
2019-08-01,ChinaA,-0.0427274676235383
2019-08-01,ChinaH,-0.04007945323628193
2019-08-01,Denmark,0.02192034610259874
2019-08-01,France,-0.01702974054434603
2019-08-01,Germany,-0.02951160609068748
2019-08-01,Hong Kong,-0.08347407359228931
2019-08-01,India,-0.02949386231639239
2019-08-01,Indonesia,-0.03602076491153716
2019-08-01,Italy,-0.0139649065174744
2019-08-01,Japan,-0.01046276613390973
2019-08-01,Korea,-0.04890501142012627
2019-08-01,Malaysia,-0.04152275738742628
2019-08-01,Mexico,-0.003705766039946878
2019-08-01,NASDAQ,-0.02457672250607701
2019-08-01,Netherlands,-0.01591915645806219
2019-08-01,Philippines,-0.03550782965022681
2019-08-01,Poland,-0.09016492719744107
2019-08-01,Saudi Arabia,-0.08393895287608766
2019-08-01,Singapore,-0.06051989913535227
2019-08-01,South Africa,-0.08954278672969507
2019-08-01,Spain,-0.03475057206588494
2019-08-01,Sweden,-0.04275142900626727
2019-08-01,Switzerland,0.002706441493903755
2019-08-01,Taiwan,-0.02717160932545049
2019-08-01,Thailand,-0.02619540297141876
2019-08-01,Turkey,-0.1122698525758524
2019-08-01,U.K.,-0.03267123618637435
2019-08-01,U.S.,-0.0158400680229297
2019-08-01,US SmallCap,-0.04938823026906136
2019-08-01,Vietnam,-0.01228847058595273
2019-09-01,Australia,0.02890612887184352
2019-09-01,Brazil,0.02515957539940006
2019-09-01,Canada,0.02300492144783628
2019-09-01,Chile,0.04274034298839502
2019-09-01,ChinaA,-0.00219325682999949
2019-09-01,ChinaH,-0.002029662778954666
2019-09-01,Denmark,-0.007700404909909642
2019-09-01,France,0.02372613650381838
2019-09-01,Germany,0.02453475851872122
2019-09-01,Hong Kong,-0.005972141888645921
2019-09-01,India,0.03528875442922574
2019-09-01,Indonesia,-0.0284646664468623
2019-09-01,Italy,0.02610325920923584
2019-09-01,Japan,0.03183000845494921
2019-09-01,Korea,0.0683712388755473
2019-09-01,Malaysia,-0.003282976105881685
2019-09-01,Mexico,0.02627143202324334
2019-09-01,NASDAQ,0.005387052617566335
2019-09-01,Netherlands,0.02569003694678407
2019-09-01,Philippines,-0.01726476110995201
2019-09-01,Poland,0.01383464195367035
2019-09-01,Saudi Arabia,-0.001962276756070191
2019-09-01,Singapore,0.0130848120931053
2019-09-01,South Africa,-0.01119341398831908
2019-09-01,Spain,0.04066275863031255
2019-09-01,Sweden,0.04182992421670217
2019-09-01,Switzerland,0.006234024204643029
2019-09-01,Taiwan,0.0396483744731595
2019-09-01,Thailand,-0.008570656018441425
2019-09-01,Turkey,0.1252449446496104
2019-09-01,U.K.,0.04422326585666569
2019-09-01,U.S.,0.01871071153274961
2019-09-01,US SmallCap,0.02080565496320097
2019-09-01,Vietnam,0.00876863674442685
2019-10-01,Australia,0.01689137773221594
2019-10-01,Brazil,0.06353388859520748
2019-10-01,Canada,-0.001730362967791499
2019-10-01,Chile,-0.06983714589461454
2019-10-01,ChinaA,0.04021491758775708
2019-10-01,ChinaH,0.03891484865620987
2019-10-01,Denmark,0.03804681495376916
2019-10-01,France,0.03611910154665421
2019-10-01,Germany,0.05915793340007958
2019-10-01,Hong Kong,0.04704791395784436
2019-10-01,India,0.03829310275809616
2019-10-01,Indonesia,0.0238687782805429
2019-10-01,Italy,0.04579634965535528
2019-10-01,Japan,0.0484740213617858
2019-10-01,Korea,0.04231125214861842
2019-10-01,Malaysia,0.01170963773026101
2019-10-01,Mexico,0.03539525864531945
2019-10-01,NASDAQ,0.03711440014655287
2019-10-01,Netherlands,0.01057420916368779
2019-10-01,Philippines,0.04528808063652279
2019-10-01,Poland,0.05796108379025044
2019-10-01,Saudi Arabia,-0.04296082068990181
2019-10-01,Singapore,0.05426323937633093
2019-10-01,South Africa,0.0318780533605969
2019-10-01,Spain,0.01806567623490629
2019-10-01,Sweden,0.06804024730700386
2019-10-01,Switzerland,0.018370742349338
2019-10-01,Taiwan,0.08121528289296953
2019-10-01,Thailand,-0.01468064298406324
2019-10-01,Turkey,-0.08270251845133281
2019-10-01,U.K.,0.03255743858294458
2019-10-01,U.S.,0.02165731175650198
2019-10-01,US SmallCap,0.02633633947996361
2019-10-01,Vietnam,-0.003059815169785596
2019-11-01,Australia,0.01254132625353543
2019-11-01,Brazil,-0.04384457767240013
2019-11-01,Canada,0.0249021121305002
2019-11-01,Chile,-0.1152281984552954
2019-11-01,ChinaA,0.01772327676301599
2019-11-01,ChinaH,0.01675905633621233
2019-11-01,Denmark,0.04033313079711331
2019-11-01,France,0.01665006916460765
2019-11-01,Germany,0.01807531550034813
2019-11-01,Hong Kong,-0.01454188191059003
2019-11-01,India,-0.004140706927394877
2019-11-01,Indonesia,-0.02607446690973381
2019-11-01,Italy,0.004943436371537047
2019-11-01,Japan,0.005514625527665462
2019-11-01,Korea,-0.008879868070531538
2019-11-01,Malaysia,-0.02041989953609646
2019-11-01,Mexico,-0.01985017052247173
2019-11-01,NASDAQ,0.04650076265724601
2019-11-01,Netherlands,0.02224404981884431
2019-11-01,Philippines,-0.03163125412556489
2019-11-01,Poland,-0.04344115534700466
2019-11-01,Saudi Arabia,0.01450438628756046
2019-11-01,Singapore,-0.01265284275695278
2019-11-01,South Africa,0.001012750956278508
2019-11-01,Spain,-0.004382806665694683
2019-11-01,Sweden,0.006657621355014909
2019-11-01,Switzerland,0.01230991874349874
2019-11-01,Taiwan,0.01533233415351565
2019-11-01,Thailand,-0.002379314779710651
2019-11-01,Turkey,0.0706341982257832
2019-11-01,U.K.,0.02388004279533784
2019-11-01,U.S.,0.03629989966742975
2019-11-01,US SmallCap,0.04103995330320154
2019-11-01,Vietnam,-0.02012714812707983
2019-12-01,Australia,0.01464604254272972
2019-12-01,Brazil,0.1245881578447321
2019-12-01,Canada,0.02646753042014183
2019-12-01,Chile,0.1086010812132554
2019-12-01,ChinaA,0.08296319984839329
2019-12-01,ChinaH,0.0787829480298099
2019-12-01,Denmark,0.0459698170137075
2019-12-01,France,0.02903693009597541
2019-12-01,Germany,0.01913994284489129
2019-12-01,Hong Kong,0.04038192933634166
2019-12-01,India,0.01785506887286958
2019-12-01,Indonesia,0.06942711287577996
2019-12-01,Italy,0.027307134213582
2019-12-01,Japan,0.01954617226966815
2019-12-01,Korea,0.1025214386279278
2019-12-01,Malaysia,0.04049322973734171
2019-12-01,Mexico,0.04757197229747057
2019-12-01,NASDAQ,0.03644003466400769
2019-12-01,Netherlands,0.03720884667673774
2019-12-01,Philippines,0.01317780865602569
2019-12-01,Poland,0.02617212992530815
2019-12-01,Saudi Arabia,0.05980495405167563
2019-12-01,Singapore,0.0324459092864553
2019-12-01,South Africa,0.09742122328274894
2019-12-01,Spain,0.03996655387542436
2019-12-01,Sweden,0.05010383336246305
2019-12-01,Switzerland,0.04407313936453905
2019-12-01,Taiwan,0.07188675246489296
2019-12-01,Thailand,0.00905231002059903
2019-12-01,Turkey,0.0198156284922788
2019-12-01,U.K.,0.05317284709206294
2019-12-01,U.S.,0.03011504590971836
2019-12-01,US SmallCap,0.02882480684934507
2019-12-01,Vietnam,-0.02874636015974807
2020-01-01,Australia,0.002055857589821963
2020-01-01,Brazil,-0.07421275909580338
2020-01-01,Canada,-0.003722223774468403
2020-01-01,Chile,-0.07637443822813872
2020-01-01,ChinaA,-0.04819787058353875
2020-01-01,ChinaH,-0.04956235859497682
2020-01-01,Denmark,0.01737182045382224
2020-01-01,France,-0.03480785068091785
2020-01-01,Germany,-0.0306848767123804
2020-01-01,Hong Kong,-0.04496989191600742
2020-01-01,India,-0.01290155716317876
2020-01-01,Indonesia,-0.03405112973374347
2020-01-01,Italy,-0.02399144968431222
2020-01-01,Japan,-0.01365896783918075
2020-01-01,Korea,-0.05700023218017181
2020-01-01,Malaysia,-0.03875325320066214
2020-01-01,Mexico,0.01368939483099618
2020-01-01,NASDAQ,0.02028467811238777
2020-01-01,Netherlands,-0.029733134800077
2020-01-01,Philippines,-0.08029442622642302
2020-01-01,Poland,-0.05620344170156955
2020-01-01,Saudi Arabia,-0.03497738731719557
2020-01-01,Singapore,-0.03466131212070389
2020-01-01,South Africa,-0.08737290176819978
2020-01-01,Spain,-0.02709569907036169
2020-01-01,Sweden,-0.02645434815763481
2020-01-01,Switzerland,0.007873543687705542
2020-01-01,Taiwan,-0.04695640220136932
2020-01-01,Thailand,-0.0867252704523046
2020-01-01,Turkey,0.0153031924406446
2020-01-01,U.K.,-0.03722567720245729
2020-01-01,U.S.,-0.0004393749989890505
2020-01-01,US SmallCap,-0.03209668371100627
2020-01-01,Vietnam,-0.03245439201517308
2020-02-01,Australia,-0.1023154052646198
2020-02-01,Brazil,-0.1297638200926177
2020-02-01,Canada,-0.07270150346482962
2020-02-01,Chile,-0.1226564040636076
2020-02-01,ChinaA,0.009724612934436161
2020-02-01,ChinaH,0.01170193276541176
2020-02-01,Denmark,-0.06187897600218151
2020-02-01,France,-0.08873275917736156
2020-02-01,Germany,-0.09428309575369132
2020-02-01,Hong Kong,-0.01405644519852955
2020-02-01,India,-0.07386271684096157
2020-02-01,Indonesia,-0.1115747858554799
2020-02-01,Italy,-0.06704917486723638
2020-02-01,Japan,-0.09181335507006372
2020-02-01,Korea,-0.0619229348762772
2020-02-01,Malaysia,-0.0640861071911909
2020-02-01,Mexico,-0.09987942592222065
2020-02-01,NASDAQ,-0.06215897571840345
2020-02-01,Netherlands,-0.08008337088075901
2020-02-01,Philippines,-0.05775197268297672
2020-02-01,Poland,-0.1569272728259501
2020-02-01,Saudi Arabia,-0.0833721551352613
2020-02-01,Singapore,-0.07018163538765954
2020-02-01,South Africa,-0.1309498289676283
2020-02-01,Spain,-0.07310242548440737
2020-02-01,Sweden,-0.06278485916708987
2020-02-01,Switzerland,-0.0793753643213595
2020-02-01,Taiwan,-0.01890125452627911
2020-02-01,Thailand,-0.1198315187640654
2020-02-01,Turkey,-0.147545265846813
2020-02-01,U.K.,-0.1147331863228558
2020-02-01,U.S.,-0.08232137955423346
2020-02-01,US SmallCap,-0.08423588996572662
2020-02-01,Vietnam,-0.06769688838925891
2020-03-01,Australia,-0.2560387916305613
2020-03-01,Brazil,-0.3816354462980894
2020-03-01,Canada,-0.2143412664411207
2020-03-01,Chile,-0.1775232423689876
2020-03-01,ChinaA,-0.06598507617251737
2020-03-01,ChinaH,-0.0672751759885919
2020-03-01,Denmark,-0.04281751061603023
2020-03-01,France,-0.1783543069027986
2020-03-01,Germany,-0.170259316670309
2020-03-01,Hong Kong,-0.1223373393671019
2020-03-01,India,-0.2454681239676642
2020-03-01,Indonesia,-0.2897404202719407
2020-03-01,Italy,-0.2253130773968385
2020-03-01,Japan,-0.0807302629559512
2020-03-01,Korea,-0.1225721784776903
2020-03-01,Malaysia,-0.1007539001584818
2020-03-01,Mexico,-0.2924135313396615
2020-03-01,NASDAQ,-0.1002598634071603
2020-03-01,Netherlands,-0.1118769540299134
2020-03-01,Philippines,-0.2125786539119293
2020-03-01,Poland,-0.2004999539212976
2020-03-01,Saudi Arabia,-0.1422618406420516
2020-03-01,Singapore,-0.2000323674034121
2020-03-01,South Africa,-0.2449073371080585
2020-03-01,Spain,-0.221394712568918
2020-03-01,Sweden,-0.1384556529469995
2020-03-01,Switzerland,-0.05180483564515714
2020-03-01,Taiwan,-0.1369723735386272
2020-03-01,Thailand,-0.1729062218183451
2020-03-01,Turkey,-0.1929991466604591
2020-03-01,U.K.,-0.1558373359050578
2020-03-01,U.S.,-0.1235120156839606
2020-03-01,US SmallCap,-0.2172857669786766
2020-03-01,Vietnam,-0.2212527823603403
2020-04-01,Australia,0.1523500645070652
2020-04-01,Brazil,0.05415008052375447
2020-04-01,Canada,0.1241043205089882
2020-04-01,Chile,0.1616192429807419
2020-04-01,ChinaA,0.06301096807051154
2020-04-01,ChinaH,0.06262429668853597
2020-04-01,Denmark,0.08268530375860705
2020-04-01,France,0.04340612401498745
2020-04-01,Germany,0.0935318189297083
2020-04-01,Hong Kong,0.07288612947290773
2020-04-01,India,0.1552157658502156
2020-04-01,Indonesia,0.1032022276366169
2020-04-01,Italy,0.01795785746794221
2020-04-01,Japan,0.0539784008319395
2020-04-01,Korea,0.08779539335925812
2020-04-01,Malaysia,0.05428387088880293
2020-04-01,Mexico,0.04326975082505546
2020-04-01,NASDAQ,0.1548883768155074
2020-04-01,Netherlands,0.08143493206418051
2020-04-01,Philippines,0.0882116693958459
2020-04-01,Poland,0.08914600233419301
2020-04-01,Saudi Arabia,0.1087528009359588
2020-04-01,Singapore,0.08221398086080889
2020-04-01,South Africa,0.121854901313363
2020-04-01,Spain,0.01147942195416807
2020-04-01,Sweden,0.07782669128689568
2020-04-01,Switzerland,0.04111189510468671
2020-04-01,Taiwan,0.1409830099369578
2020-04-01,Thailand,0.1539718015665796
2020-04-01,Turkey,0.04719126122977202
2020-04-01,U.K.,0.05927654774171942
2020-04-01,U.S.,0.1281938935775604
2020-04-01,US SmallCap,0.1373628267320268
2020-04-01,Vietnam,0.1474276269588914
2020-05-01,Australia,0.05027857459667473
2020-05-01,Brazil,0.08523693224826179
2020-05-01,Canada,0.03279064746479077
2020-05-01,Chile,-0.05421374343237373
2020-05-01,ChinaA,-0.007706925917690399
2020-05-01,ChinaH,-0.006083941955905114
2020-05-01,Denmark,0.07398169940526222
2020-05-01,France,0.04526258779418324
2020-05-01,Germany,0.07931174459862422
2020-05-01,Hong Kong,-0.08376110291823491
2020-05-01,India,-0.02542207032834842
2020-05-01,Indonesia,0.0413314402902667
2020-05-01,Italy,0.05326678993311429
2020-05-01,Japan,0.05914398390926401
2020-05-01,Korea,0.01856180393235274
2020-05-01,Malaysia,0.04712963830898387
2020-05-01,Mexico,0.06490072669027414
2020-05-01,NASDAQ,0.06895531403846844
2020-05-01,Netherlands,0.07118180998341739
2020-05-01,Philippines,0.01966020724633566
2020-05-01,Poland,0.08282549823739527
2020-05-01,Saudi Arabia,0.0368091262718846
2020-05-01,Singapore,-0.03026789323948864
2020-05-01,South Africa,0.02885436537538766
2020-05-01,Spain,0.04307809896664327
2020-05-01,Sweden,0.07491753694129732
2020-05-01,Switzerland,0.02628763014429225
2020-05-01,Taiwan,-0.02520705125563827
2020-05-01,Thailand,0.04784022126328602
2020-05-01,Turkey,0.05870610248379959
2020-05-01,U.K.,0.01625231124202497
2020-05-01,U.S.,0.04762990885684637
2020-05-01,US SmallCap,0.06507470357930911
2020-05-01,Vietnam,0.1350044795523948
2020-06-01,Australia,0.07013554426709634
2020-06-01,Brazil,0.07398852917057197
2020-06-01,Canada,0.03670774074462524
2020-06-01,Chile,0.06131417785807813
2020-06-01,ChinaA,0.08444818178247915
2020-06-01,ChinaH,0.08273132510741932
2020-06-01,Denmark,0.02141897453417818
2020-06-01,France,0.05814837093020642
2020-06-01,Germany,0.0569957640475911
2020-06-01,Hong Kong,0.1105665754776082
2020-06-01,India,0.0669566111755977
2020-06-01,Indonesia,0.06605059839418259
2020-06-01,Italy,0.07590123214192523
2020-06-01,Japan,-0.001436877739262599
2020-06-01,Korea,0.08207343412527002
2020-06-01,Malaysia,0.02786868124958697
2020-06-01,Mexico,-0.0008392574923831164
2020-06-01,NASDAQ,0.06071989619079821
2020-06-01,Netherlands,0.07101884352858345
2020-06-01,Philippines,0.08165123078022418
2020-06-01,Poland,0.02545503806873817
2020-06-01,Saudi Arabia,-0.007233778826996717
2020-06-01,Singapore,0.04485995805537146
2020-06-01,South Africa,0.1005241250444127
2020-06-01,Spain,0.04360854724914254
2020-06-01,Sweden,0.03314674655246241
2020-06-01,Switzerland,0.03057999308414217
2020-06-01,Taiwan,0.08656193223367392
2020-06-01,Thailand,0.02212149374496875
2020-06-01,Turkey,0.07360105265535188
2020-06-01,U.K.,0.01626107294340184
2020-06-01,U.S.,0.01988717707780308
2020-06-01,US SmallCap,0.03534619510684744
2020-06-01,Vietnam,-0.04656758863976451
2020-07-01,Australia,0.04034963198553032
2020-07-01,Brazil,0.1424209293342185
2020-07-01,Canada,0.06036123231560375
2020-07-01,Chile,0.1066366630996998
2020-07-01,ChinaA,0.08976213401956445
2020-07-01,ChinaH,0.08808177999238143
2020-07-01,Denmark,0.09224126397553234
2020-07-01,France,0.02476678883680128
2020-07-01,Germany,0.04855999667805611
2020-07-01,Hong Kong,-0.007394763247204117
2020-07-01,India,0.1040266607910101
2020-07-01,Indonesia,0.04774761972431429
2020-07-01,Italy,0.03448711308211583
2020-07-01,Japan,-0.01584438934973376
2020-07-01,Korea,0.06749001996007986
2020-07-01,Malaysia,0.08292469700639327
2020-07-01,Mexico,0.02884545828406049
2020-07-01,NASDAQ,0.06854123230774678
2020-07-01,Netherlands,0.04297839394147163
2020-07-01,Philippines,-0.02809995691512268
2020-07-01,Poland,0.06248655285682148
2020-07-01,Saudi Arabia,0.01639118423110242
2020-07-01,Singapore,-0.00128286358353813
2020-07-01,South Africa,0.06011580993675802
2020-07-01,Spain,0.003091514244115467
2020-07-01,Sweden,0.09658825195883569
2020-07-01,Switzerland,0.04069101332122371
2020-07-01,Taiwan,0.1499947939609947
2020-07-01,Thailand,-0.03166807503802604
2020-07-01,Turkey,-0.08441332510669508
2020-07-01,U.K.,0.01722085879741275
2020-07-01,U.S.,0.05638190411280908
2020-07-01,US SmallCap,0.02767863257908521
2020-07-01,Vietnam,-0.02313513275052026
2020-08-01,Australia,0.06189250223053588
2020-08-01,Brazil,-0.08889573358009151
2020-08-01,Canada,0.05381477971892634
2020-08-01,Chile,-0.09750528905374112
2020-08-01,ChinaA,0.05604420200543236
2020-08-01,ChinaH,0.05372512536057616
2020-08-01,Denmark,0.04108740943566502
2020-08-01,France,0.04773975537640385
2020-08-01,Germany,0.06261756034925647
2020-08-01,Hong Kong,0.07866205978157326
2020-08-01,India,0.0401313874682967
2020-08-01,Indonesia,0.03051675030516754
2020-08-01,Italy,0.03592638033424977
2020-08-01,Japan,0.07590927668831449
2020-08-01,Korea,0.02384013088699311
2020-08-01,Malaysia,-0.03651005313213018
2020-08-01,Mexico,0.00611262992215944
2020-08-01,NASDAQ,0.0969937545746693
2020-08-01,Netherlands,0.02413820868123029
2020-08-01,Philippines,0.01116539142410455
2020-08-01,Poland,0.04126463348029485
2020-08-01,Saudi Arabia,0.05073763602358317
2020-08-01,Singapore,0.02172725483738613
2020-08-01,South Africa,-0.0118020223467622
2020-08-01,Spain,0.01644719363910951
2020-08-01,Sweden,0.05235217209821719
2020-08-01,Switzerland,0.02499482735648262
2020-08-01,Taiwan,-0.02112472442442792
2020-08-01,Thailand,-0.01771147126685546
2020-08-01,Turkey,-0.08102633000152804
2020-08-01,U.K.,0.04549126270934511
2020-08-01,U.S.,0.07188258085012511
2020-08-01,US SmallCap,0.05634340728464804
2020-08-01,Vietnam,0.07689782197050965
2020-09-01,Australia,-0.06570132368789372
2020-09-01,Brazil,-0.07072357704658638
2020-09-01,Canada,-0.04863344759731725
2020-09-01,Chile,-0.04055268756762942
2020-09-01,ChinaA,-0.02841287191300745
2020-09-01,ChinaH,-0.02944747689568306
2020-09-01,Denmark,0.01249177829047321
2020-09-01,France,-0.0466562623841511
2020-09-01,Germany,-0.03060601415593978
2020-09-01,Hong Kong,-0.05147405679020456
2020-09-01,India,0.005944148191971532
2020-09-01,Indonesia,-0.1259541984732825
2020-09-01,Italy,-0.05714619535765586
2020-09-01,Japan,0.002570389352697378
2020-09-01,Korea,0.03184567971692731
2020-09-01,Malaysia,-0.01673841066183335
2020-09-01,Mexico,0.01099863065261641
2020-09-01,NASDAQ,-0.05105741156344945
2020-09-01,Netherlands,-0.01222951915838144
2020-09-01,Philippines,-0.009767788510719244
2020-09-01,Poland,-0.1031689094724892
2020-09-01,Saudi Arabia,0.02403225425326228
2020-09-01,Singapore,-0.03022387331954024
2020-09-01,South Africa,-0.00991508333289337
2020-09-01,Spain,-0.05556834625901474
2020-09-01,Sweden,-0.00742548425913403
2020-09-01,Switzerland,-0.01533426224451362
2020-09-01,Taiwan,0.01797943621675846
2020-09-01,Thailand,-0.09410213676276713
2020-09-01,Turkey,0.002931435660201265
2020-09-01,U.K.,-0.0485761147532654
2020-09-01,U.S.,-0.03799678918759786
2020-09-01,US SmallCap,-0.03340437045255673
2020-09-01,Vietnam,0.02356113632128776
2020-10-01,Australia,-0.0007786473504279856
2020-10-01,Brazil,-0.02530938999609389
2020-10-01,Canada,-0.03272843631636813
2020-10-01,Chile,-0.001486678935670005
2020-10-01,ChinaA,0.05273481036654015
2020-10-01,ChinaH,0.05143437444873022
2020-10-01,Denmark,-0.02748836692237411
2020-10-01,France,-0.04790885104435316
2020-10-01,Germany,-0.1033644417712449
2020-10-01,Hong Kong,-0.01146349511784894
2020-10-01,India,0.002559120044188568
2020-10-01,Indonesia,0.08221653365457016
2020-10-01,Italy,-0.06897982167664907
2020-10-01,Japan,-0.01612700299716929
2020-10-01,Korea,0.002765486725663679
2020-10-01,Malaysia,-0.01500538851909916
2020-10-01,Mexico,0.02336671341891483
2020-10-01,NASDAQ,-0.02257475027895672
2020-10-01,Netherlands,-0.02515155783807566
2020-10-01,Philippines,0.07585529053756912
2020-10-01,Poland,-0.1609974004765352
2020-10-01,Saudi Arabia,-0.02510659996792164
2020-10-01,Singapore,-0.02775216880005482
2020-10-01,South Africa,0.004161048506908127
2020-10-01,Spain,-0.04121478499553122
2020-10-01,Sweden,-0.04804391527089413
2020-10-01,Switzerland,-0.05560759446548191
2020-10-01,Taiwan,0.01302899788245093
2020-10-01,Thailand,-0.02644296776319399
2020-10-01,Turkey,-0.1247543939306501
2020-10-01,U.K.,-0.04783406731185702
2020-10-01,U.S.,-0.02659380518923915
2020-10-01,US SmallCap,0.02094332781916153
2020-10-01,Vietnam,0.06626274682788869
2020-11-01,Australia,0.1589212787537564
2020-11-01,Brazil,0.2373320544208302
2020-11-01,Canada,0.1383335442946141
2020-11-01,Chile,0.1459050368478765
2020-11-01,ChinaA,0.02759426343359683
2020-11-01,ChinaH,0.02534609646716324
2020-11-01,Denmark,0.09562034748686243
2020-11-01,France,0.2292605038921822
2020-11-01,Germany,0.1715248487939527
2020-11-01,Hong Kong,0.111558158735126
2020-11-01,India,0.09450123467555582
2020-11-01,Indonesia,0.1480450813969667
2020-11-01,Italy,0.2676683945682963
2020-11-01,Japan,0.1247001740126092
2020-11-01,Korea,0.1809156094870381
2020-11-01,Malaysia,0.07339314749956705
2020-11-01,Mexico,0.2030704549858744
2020-11-01,NASDAQ,0.1191144397429984
2020-11-01,Netherlands,0.139496400594286
2020-11-01,Philippines,0.07878673152210003
2020-11-01,Poland,0.2821735551505618
2020-11-01,Saudi Arabia,0.09744726555376104
2020-11-01,Singapore,0.1910788057741246
2020-11-01,South Africa,0.1109004066146904
2020-11-01,Spain,0.2950219093816531
2020-11-01,Sweden,0.1622820990956757
2020-11-01,Switzerland,0.09210448775292268
2020-11-01,Taiwan,0.1002580170280594
2020-11-01,Thailand,0.2477023188347403
2020-11-01,Turkey,0.2381276355007274
2020-11-01,U.K.,0.1731156994411136
2020-11-01,U.S.,0.1094618648156913
2020-11-01,US SmallCap,0.1842107340177532
2020-11-01,Vietnam,0.0521137510273626
2020-12-01,Australia,0.0591517675119213
2020-12-01,Brazil,0.1365537426417787
2020-12-01,Canada,0.03605208932227333
2020-12-01,Chile,0.1245259882180709
2020-12-01,ChinaA,0.02751986587015343
2020-12-01,ChinaH,0.0260445089921042
2020-12-01,Denmark,0.06949513185874867
2020-12-01,France,0.02747409572141701
2020-12-01,Germany,0.06028317715760623
2020-12-01,Hong Kong,0.05076724684357403
2020-12-01,India,0.1012656852626435
2020-12-01,Indonesia,0.06071991273784993
2020-12-01,Italy,0.03666936784863584
2020-12-01,Japan,0.04018510657000385
2020-12-01,Korea,0.1762727697337694
2020-12-01,Malaysia,0.04157764581195456
2020-12-01,Mexico,0.06541609493780087
2020-12-01,NASDAQ,0.05747905304035861
2020-12-01,Netherlands,0.06353790701607642
2020-12-01,Philippines,0.05351952210080335
2020-12-01,Poland,0.0828186482636899
2020-12-01,Saudi Arabia,-0.004321684972748652
2020-12-01,Singapore,0.02662062829162104
2020-12-01,South Africa,0.09709637580235486
2020-12-01,Spain,0.02825791261479194
2020-12-01,Sweden,0.03069732884922938
2020-12-01,Switzerland,0.04868806417281579
2020-12-01,Taiwan,0.1029943087208112
2020-12-01,Thailand,0.02979064202466564
2020-12-01,Turkey,0.2028171021591965
2020-12-01,U.K.,0.05742749323237906
2020-12-01,U.S.,0.03841075208551326
2020-12-01,US SmallCap,0.08647818122553375
2020-12-01,Vietnam,0.07468734847672343
2021-01-01,Australia,-0.0005095217137054409
2021-01-01,Brazil,-0.07822377534340963
2021-01-01,Canada,-0.01028104174741495
2021-01-01,Chile,0.0003525451806067892
2021-01-01,ChinaA,0.07362272339287745
2021-01-01,ChinaH,0.07253659112675415
2021-01-01,Denmark,-0.03745928724453385
2021-01-01,France,-0.03168021171570223
2021-01-01,Germany,-0.01832900272657267
2021-01-01,Hong Kong,0.01995264135415997
2021-01-01,India,-0.02236450091746733
2021-01-01,Indonesia,-0.02890767824497253
2021-01-01,Italy,-0.04215992423748383
2021-01-01,Japan,-0.0100551732473344
2021-01-01,Korea,0.01008576874205835
2021-01-01,Malaysia,-0.0410584537767994
2021-01-01,Mexico,-0.04233786748533963
2021-01-01,NASDAQ,0.01442327301794033
2021-01-01,Netherlands,0.02454815373072927
2021-01-01,Philippines,-0.07935963849314198
2021-01-01,Poland,-0.01867447532660427
2021-01-01,Saudi Arabia,0.001785110607967377
2021-01-01,Singapore,0.007762437159995139
2021-01-01,South Africa,0.01603660655253814
2021-01-01,Spain,-0.04466194840523063
2021-01-01,Sweden,0.02226160696004076
2021-01-01,Switzerland,-0.02051566905719937
2021-01-01,Taiwan,0.06519716840413059
2021-01-01,Thailand,0.001436249945121482
2021-01-01,Turkey,-0.03323280667439477
2021-01-01,U.K.,-0.001906592243733685
2021-01-01,U.S.,-0.01017743369601654
2021-01-01,US SmallCap,0.05032015205410989
2021-01-01,Vietnam,-0.03350616944962492
2021-02-01,Australia,0.02955945363630685
2021-02-01,Brazil,-0.06311882869036389
2021-02-01,Canada,0.05597898055744022
2021-02-01,Chile,0.0796037957680722
2021-02-01,ChinaA,-0.01040489281403856
2021-02-01,ChinaH,-0.00947520284199821
2021-02-01,Denmark,-0.002415042005243007
2021-02-01,France,0.04981713532126064
2021-02-01,Germany,0.01836594420842497
2021-02-01,Hong Kong,0.04707034818095512
2021-02-01,India,0.04576231848959122
2021-02-01,Indonesia,0.006353688669255231
2021-02-01,Italy,0.05700388436907455
2021-02-01,Japan,0.0147737859975452
2021-02-01,Korea,-0.004009749194119117
2021-02-01,Malaysia,0.0008582195962691941
2021-02-01,Mexico,0.004240124109662124
2021-02-01,NASDAQ,0.010108418855032
2021-02-01,Netherlands,0.03747278059024461
2021-02-01,Philippines,0.01615669000235975
2021-02-01,Poland,-0.02759586680697745
2021-02-01,Saudi Arabia,0.05839284619221097
2021-02-01,Singapore,0.02613193754997889
2021-02-01,South Africa,0.0380050599800601
2021-02-01,Spain,0.05226800505169571
2021-02-01,Sweden,0.02722306890898807
2021-02-01,Switzerland,-0.02318646940057678
2021-02-01,Taiwan,0.04599310191915973
2021-02-01,Thailand,0.01437008367152681
2021-02-01,Turkey,-0.02309154666280844
2021-02-01,U.K.,0.04203809428536887
2021-02-01,U.S.,0.02757573018249326
2021-02-01,US SmallCap,0.06231637226668063
2021-02-01,Vietnam,0.07896359483337467
2021-03-01,Australia,0.01280440838678243
2021-03-01,Brazil,0.04298442971214556
2021-03-01,Canada,0.04996253775494375
2021-03-01,Chile,0.08407506186513136
2021-03-01,ChinaA,-0.06288248916507577
2021-03-01,ChinaH,-0.06027234531477454
2021-03-01,Denmark,0.004597740552909846
2021-03-01,France,0.0255679372157982
2021-03-01,Germany,0.04088606639118475
2021-03-01,Hong Kong,0.004285895227622794
2021-03-01,India,0.02791554895111648
2021-03-01,Indonesia,-0.05682216766046999
2021-03-01,Italy,0.04733917028626156
2021-03-01,Japan,0.003472457075450741
2021-03-01,Korea,0.01081465108935897
2021-03-01,Malaysia,-0.01894648835187585
2021-03-01,Mexico,0.08375790785840787
2021-03-01,NASDAQ,0.004756925210312346
2021-03-01,Netherlands,0.0451091879559069
2021-03-01,Philippines,-0.04196856163818019
2021-03-01,Poland,-0.03018102610532136
2021-03-01,Saudi Arabia,0.09885857571979129
2021-03-01,Singapore,0.05234358444483145
2021-03-01,South Africa,0.0637849382630622
2021-03-01,Spain,0.004838644354577371
2021-03-01,Sweden,0.05561197007733076
2021-03-01,Switzerland,0.01925013608690862
2021-03-01,Taiwan,-0.006070958620446376
2021-03-01,Thailand,0.0281045771810835
2021-03-01,Turkey,-0.1522667164521784
2021-03-01,U.K.,0.03701210247707842
2021-03-01,U.S.,0.04379148943637889
2021-03-01,US SmallCap,0.01000886505661613
2021-03-01,Vietnam,0.001216168920171068
2021-04-01,Australia,0.04746734422879628
2021-04-01,Brazil,0.06458332252104704
2021-04-01,Canada,0.04454186410134087
2021-04-01,Chile,-0.09089186961834883
2021-04-01,ChinaA,0.01336308071300762
2021-04-01,ChinaH,0.01106874381543976
2021-04-01,Denmark,0.06833847635298684
2021-04-01,France,0.05985890353065026
2021-04-01,Germany,0.02715733743358117
2021-04-01,Hong Kong,0.03095411426667938
2021-04-01,India,-0.007481671313375959
2021-04-01,Indonesia,0.003223007313747361
2021-04-01,Italy,0.002686965035710864
2021-04-01,Japan,-0.01524037674386114
2021-04-01,Korea,0.02210074189769617
2021-04-01,Malaysia,0.03608100927492197
2021-04-01,Mexico,0.02885049906900905
2021-04-01,NASDAQ,0.05433856533412307
2021-04-01,Netherlands,0.04992061070404796
2021-04-01,Philippines,-0.003369361168045315
2021-04-01,Poland,0.09319715711281207
2021-04-01,Saudi Arabia,0.06142475813820525
2021-04-01,Singapore,0.03242824576309467
2021-04-01,South Africa,0.0003917392055703406
2021-04-01,Spain,0.05215671683288181
2021-04-01,Sweden,0.03475750556202062
2021-04-01,Switzerland,0.03590850066551932
2021-04-01,Taiwan,0.07679236579303828
2021-04-01,Thailand,-0.01088767914676148
2021-04-01,Turkey,0.01488686829181085
2021-04-01,U.K.,0.0480942965124731
2021-04-01,U.S.,0.05336812918394052
2021-04-01,US SmallCap,0.02099905631163801
2021-04-01,Vietnam,0.07951890572729914
2021-05-01,Australia,0.03585339421857592
2021-05-01,Brazil,0.09637529349064766
2021-05-01,Canada,0.0548576791416433
2021-05-01,Chile,-0.02982787150911703
2021-05-01,ChinaA,0.005797123607416355
2021-05-01,ChinaH,0.003515109590971566
2021-05-01,Denmark,0.03977219443183855
2021-05-01,France,0.03971837302436287
2021-05-01,Germany,0.02394485158298076
2021-05-01,Hong Kong,0.01313035979243771
2021-05-01,India,0.08774866799079417
2021-05-01,Indonesia,0.01297417521314714
2021-05-01,Italy,0.06014027919054499
2021-05-01,Japan,0.01479125009361848
2021-05-01,Korea,0.01008557457212711
2021-05-01,Malaysia,-0.02048697340497585
2021-05-01,Mexico,0.0820887809463553
2021-05-01,NASDAQ,-0.01441360404589032
2021-05-01,Netherlands,0.0199814071048412
2021-05-01,Philippines,0.05870780140310683
2021-05-01,Poland,0.1364012746393461
2021-05-01,Saudi Arabia,-0.0004232541698719894
2021-05-01,Singapore,-0.001023596123103432
2021-05-01,South Africa,0.06771425978879586
2021-05-01,Spain,0.05630213143897311
2021-05-01,Sweden,0.03838951795610956
2021-05-01,Switzerland,0.04852381643160064
2021-05-01,Taiwan,-0.01195362937142486
2021-05-01,Thailand,-0.003002328398262422
2021-05-01,Turkey,0.01557545413400518
2021-05-01,U.K.,0.04515170912788324
2021-05-01,U.S.,0.006985410398532954
2021-05-01,US SmallCap,0.002059952069293658
2021-05-01,Vietnam,0.0321165874647189
2021-06-01,Australia,-0.01425988695202551
2021-06-01,Brazil,0.05332098666967644
2021-06-01,Canada,2.589326454427443e-05
2021-06-01,Chile,-0.0183688213781289
2021-06-01,ChinaA,-0.002926191568007996
2021-06-01,ChinaH,-0.0007574074877815251
2021-06-01,Denmark,0.01686426784641637
2021-06-01,France,-0.02093908609496753
2021-06-01,Germany,-0.01788432696504305
2021-06-01,Hong Kong,-0.01843177365816284
2021-06-01,India,-0.008535662839868619
2021-06-01,Indonesia,-0.06464991461332026
2021-06-01,Italy,-0.03231028854286766
2021-06-01,Japan,-0.003837219888183085
2021-06-01,Korea,0.00877458396369124
2021-06-01,Malaysia,-0.03849272796907488
2021-06-01,Mexico,-0.01831058597979751
2021-06-01,NASDAQ,0.05549604091225424
2021-06-01,Netherlands,-0.00343005559260523
2021-06-01,Philippines,0.01876914437410648
2021-06-01,Poland,-0.04734160370618745
2021-06-01,Saudi Arabia,0.03763932150688287
2021-06-01,Singapore,-0.0264277011974382
2021-06-01,South Africa,-0.07909925468096712
2021-06-01,Spain,-0.05470056827463743
2021-06-01,Sweden,-0.02372136862802088
2021-06-01,Switzerland,0.02018995333373241
2021-06-01,Taiwan,0.004190373514688872
2021-06-01,Thailand,-0.03439477257918166
2021-06-01,Turkey,-0.03741236862651875
2021-06-01,U.K.,-0.0212851354899507
2021-06-01,U.S.,0.02334185512103804
2021-06-01,US SmallCap,0.01937305807115663
2021-06-01,Vietnam,0.04641898875862904
2021-07-01,Australia,-0.01267138711133031
2021-07-01,Brazil,-0.06107495497813187
2021-07-01,Canada,-0.0007818239835241103
2021-07-01,Chile,-0.05827878931363795
2021-07-01,ChinaA,-0.1410464245664319
2021-07-01,ChinaH,-0.1405578914825865
2021-07-01,Denmark,0.04832972353966092
2021-07-01,France,0.01644801976919941
2021-07-01,Germany,7.493245279022176e-05
2021-07-01,Hong Kong,-0.02889535445738012
2021-07-01,India,0.01062623144429065
2021-07-01,Indonesia,-0.01473656755346908
2021-07-01,Italy,0.004923762630832051
2021-07-01,Japan,-0.01273819837803147
2021-07-01,Korea,-0.05406418716256733
2021-07-01,Malaysia,-0.04044764080065866
2021-07-01,Mexico,0.02318324449709608
2021-07-01,NASDAQ,0.01189620400115077
2021-07-01,Netherlands,0.0454916598270303
2021-07-01,Philippines,-0.1155186626343916
2021-07-01,Poland,0.01587650692210429
2021-07-01,Saudi Arabia,0.006026701423994751
2021-07-01,Singapore,0.01445636626689373
2021-07-01,South Africa,-0.01257976164038777
2021-07-01,Spain,-0.01782428173860107
2021-07-01,Sweden,0.04828585216092263
2021-07-01,Switzerland,0.03366513762769974
2021-07-01,Taiwan,-0.02874494177246478
2021-07-01,Thailand,-0.07074159797682933
2021-07-01,Turkey,0.06925107056034174
2021-07-01,U.K.,0.01106416147862976
2021-07-01,U.S.,0.02375317362530027
2021-07-01,US SmallCap,-0.03610900576868536
2021-07-01,Vietnam,-0.06461609984848815
2021-08-01,Australia,0.01846553616717328
2021-08-01,Brazil,-0.02242542336938591
2021-08-01,Canada,0.0024003470721774
2021-08-01,Chile,0.0471903672577314
2021-08-01,ChinaA,-0.0005482483170452523
2021-08-01,ChinaH,-0.0002526924128856134
2021-08-01,Denmark,0.0353832831381502
2021-08-01,France,0.006441339863442641
2021-08-01,Germany,0.01334355243661123
2021-08-01,Hong Kong,-0.006635732391284899
2021-08-01,India,0.1091078437895017
2021-08-01,Indonesia,0.08153540701522188
2021-08-01,Italy,0.01311440280857812
2021-08-01,Japan,0.03033161154028119
2021-08-01,Korea,-0.01347602061038455
2021-08-01,Malaysia,0.084727837921448
2021-08-01,Mexico,0.05588539632581524
2021-08-01,NASDAQ,0.04090556905695886
2021-08-01,Netherlands,0.06696533285206074
2021-08-01,Philippines,0.1168755382314282
2021-08-01,Poland,0.05553202241396638
2021-08-01,Saudi Arabia,0.04753814193773498
2021-08-01,Singapore,-0.01142747401131039
2021-08-01,South Africa,0.003611448882704815
2021-08-01,Spain,0.01591662551191764
2021-08-01,Sweden,-0.01206133803756115
2021-08-01,Switzerland,0.01220119103088924
2021-08-01,Taiwan,0.03913238850985423
2021-08-01,Thailand,0.1167388324080734
2021-08-01,Turkey,0.09274543974537952
2021-08-01,U.K.,0.02297432137104227
2021-08-01,U.S.,0.03040659181757221
2021-08-01,US SmallCap,0.02234581587735684
2021-08-01,Vietnam,0.01104967044284022
2021-09-01,Australia,-0.0293380590148532
2021-09-01,Brazil,-0.1300623347128076
2021-09-01,Canada,-0.02565393445359709
2021-09-01,Chile,-0.0633127377677768
2021-09-01,ChinaA,-0.05143338039410683
2021-09-01,ChinaH,-0.05076733833757729
2021-09-01,Denmark,-0.05571362447543826
2021-09-01,France,-0.04139108193299967
2021-09-01,Germany,-0.05602642351603604
2021-09-01,Hong Kong,-0.06093841338090855
2021-09-01,India,0.00558898164738042
2021-09-01,Indonesia,0.03120793048586457
2021-09-01,Italy,-0.03192805443209168
2021-09-01,Japan,0.02061893252715707
2021-09-01,Korea,-0.06725592607472874
2021-09-01,Malaysia,-0.03736578992217232
2021-09-01,Mexico,-0.05984164409125214
2021-09-01,NASDAQ,-0.0526669993209562
2021-09-01,Netherlands,-0.07497235190732632
2021-09-01,Philippines,-0.02323558206895848
2021-09-01,Poland,-0.05316163059515089
2021-09-01,Saudi Arabia,0.02696416337064389
2021-09-01,Singapore,-0.002909563694149742
2021-09-01,South Africa,-0.04774100697928629
2021-09-01,Spain,-0.03040641628036078
2021-09-01,Sweden,-0.05560473076630268
2021-09-01,Switzerland,-0.07588168373151305
2021-09-01,Taiwan,-0.04376449470188848
2021-09-01,Thailand,-0.06582313867770295
2021-09-01,Turkey,-0.1264610742792682
2021-09-01,U.K.,-0.01518987769642899
2021-09-01,U.S.,-0.04652387913855183
2021-09-01,US SmallCap,-0.02948973249790832
2021-09-01,Vietnam,0.008410176280829074
2021-10-01,Australia,0.04073320748765008
2021-10-01,Brazil,-0.09033638818337053
2021-10-01,Canada,0.07655339946414408
2021-10-01,Chile,-0.06173334841135436
2021-10-01,ChinaA,0.03135781230660739
2021-10-01,ChinaH,0.02967340149259812
2021-10-01,Denmark,0.06735818885256273
2021-10-01,France,0.04455359281108762
2021-10-01,Germany,0.02155149951484159
2021-10-01,Hong Kong,0.01334633893963622
2021-10-01,India,-0.008667551922318939
2021-10-01,Indonesia,0.07904106337526695
2021-10-01,Italy,0.04871844493933986
2021-10-01,Japan,-0.03371942893036339
2021-10-01,Korea,-0.0277394900068918
2021-10-01,Malaysia,0.02543605259705628
2021-10-01,Mexico,-0.001700322509745833
2021-10-01,NASDAQ,0.07293653948337142
2021-10-01,Netherlands,0.06399211591015064
2021-10-01,Philippines,0.03276768673478658
2021-10-01,Poland,0.0429628884370985
2021-10-01,Saudi Arabia,0.02280488584766882
2021-10-01,Singapore,0.04243968190101066
2021-10-01,South Africa,-0.002504945829892691
2021-10-01,Spain,0.03593006748315664
2021-10-01,Sweden,0.05071125235497109
2021-10-01,Switzerland,0.06244724150760761
2021-10-01,Taiwan,0.006393194097640276
2021-10-01,Thailand,0.01965312654505702
2021-10-01,Turkey,0.007121545104954663
2021-10-01,U.K.,0.0411975004971179
2021-10-01,U.S.,0.07006225195299964
2021-10-01,US SmallCap,0.04253908539600326
2021-10-01,Vietnam,0.06059676140491743
2021-11-01,Australia,-0.06064979266319348
2021-11-01,Brazil,-0.01438790288805181
2021-11-01,Canada,-0.04853218984282215
2021-11-01,Chile,0.06185398782948259
2021-11-01,ChinaA,-0.05994150867285197
2021-11-01,ChinaH,-0.05912931660439968
2021-11-01,Denmark,-0.06048612027582168
2021-11-01,France,-0.04301371420471656
2021-11-01,Germany,-0.06524385888167439
2021-11-01,Hong Kong,-0.05328233830332263
2021-11-01,India,-0.02877556679939508
2021-11-01,Indonesia,-0.02463704355477336
2021-11-01,Italy,-0.06754223597270204
2021-11-01,Japan,-0.02492917297188402
2021-11-01,Korea,-0.03748006379585322
2021-11-01,Malaysia,-0.04730939367450482
2021-11-01,Mexico,-0.05806511505977074
2021-11-01,NASDAQ,0.003421484987943924
2021-11-01,Netherlands,-0.05945596505939166
2021-11-01,Philippines,0.02838903360119072
2021-11-01,Poland,-0.1101233202686654
2021-11-01,Saudi Arabia,-0.07640431172468976
2021-11-01,Singapore,-0.07188901245793444
2021-11-01,South Africa,-0.03556938220964689
2021-11-01,Spain,-0.1073933699850058
2021-11-01,Sweden,-0.06046228986696001
2021-11-01,Switzerland,-0.0146262515956781
2021-11-01,Taiwan,0.02201296044090095
2021-11-01,Thailand,-0.05595041375042276
2021-11-01,Turkey,-0.151913301846104
2021-11-01,U.K.,-0.0492861073734534
2021-11-01,U.S.,-0.00695025921546466
2021-11-01,US SmallCap,-0.0418790087590899
2021-11-01,Vietnam,-0.0148131315524247
2021-12-01,Australia,0.05067387293048808
2021-12-01,Brazil,0.0455610343313233
2021-12-01,Canada,0.04779995613508681
2021-12-01,Chile,-0.08563852315234899
2021-12-01,ChinaA,-0.03166509683939056
2021-12-01,ChinaH,-0.03207368205481964
2021-12-01,Denmark,0.05416325109062492
2021-12-01,France,0.07038828204488601
2021-12-01,Germany,0.05579073511844168
2021-12-01,Hong Kong,0.005332845459449675
2021-12-01,India,0.03515293547214027
2021-12-01,Indonesia,0.01251691474966177
2021-12-01,Italy,0.07320648155111908
2021-12-01,Japan,0.01787617383901363
2021-12-01,Korea,0.06296603148301583
2021-12-01,Malaysia,0.04406611693033091
2021-12-01,Mexico,0.1312517664995654
2021-12-01,NASDAQ,0.007482377265465523
2021-12-01,Netherlands,0.02979767021294899
2021-12-01,Philippines,-0.02342701367920486
2021-12-01,Poland,0.04839806360741461
2021-12-01,Saudi Arabia,0.05124339781283305
2021-12-01,Singapore,0.000254561211752824
2021-12-01,South Africa,0.04151434484265715
2021-12-01,Spain,0.06358440834426626
2021-12-01,Sweden,0.0696192874043049
2021-12-01,Switzerland,0.077734543345924
2021-12-01,Taiwan,0.05264276718460459
2021-12-01,Thailand,0.06788990825688068
2021-12-01,Turkey,0.0457296886897971
2021-12-01,U.K.,0.07522961277760154
2021-12-01,U.S.,0.04474864219646069
2021-12-01,US SmallCap,0.02232975590779929
2021-12-01,Vietnam,0.005753542525386068
2022-01-01,Australia,-0.08627603303647446
2022-01-01,Brazil,0.1303670445236973
2022-01-01,Canada,-0.0081945368894083
2022-01-01,Chile,0.1257481144965276
2022-01-01,ChinaA,-0.02952988162566672
2022-01-01,ChinaH,-0.02888265537358592
2022-01-01,Denmark,-0.1132003579420319
2022-01-01,France,-0.03877300394809902
2022-01-01,Germany,-0.03692167283041325
2022-01-01,Hong Kong,0.01027494001825158
2022-01-01,India,-0.01115838505276034
2022-01-01,Indonesia,0.008018710324089628
2022-01-01,Italy,-0.0281044975994319
2022-01-01,Japan,-0.05079744077177817
2022-01-01,Korea,-0.1047025201351001
2022-01-01,Malaysia,-0.03686220331151147
2022-01-01,Mexico,-0.05245533461874907
2022-01-01,NASDAQ,-0.08958768604950695
2022-01-01,Netherlands,-0.1163088352187901
2022-01-01,Philippines,0.03867732510834099
2022-01-01,Poland,-0.02278922863723476
2022-01-01,Saudi Arabia,0.09311071053042363
2022-01-01,Singapore,-0.01050751013856788
2022-01-01,South Africa,0.07181189488243445
2022-01-01,Spain,-0.01564182051041296
2022-01-01,Sweden,-0.1014790963569618
2022-01-01,Switzerland,-0.07804402335923433
2022-01-01,Taiwan,-0.01977804911152503
2022-01-01,Thailand,0.001101175219760497
2022-01-01,Turkey,0.0493497977011077
2022-01-01,U.K.,0.009737229290498695
2022-01-01,U.S.,-0.05174858986111941
2022-01-01,US SmallCap,-0.09628058724082023
2022-01-01,Vietnam,-0.05019486738572232
2022-02-01,Australia,0.06040765550753591
2022-02-01,Brazil,0.04703546484211096
2022-02-01,Canada,0.001978616806648681
2022-02-01,Chile,0.03584776992926453
2022-02-01,ChinaA,-0.0390004452105619
2022-02-01,ChinaH,-0.03918121815071163
2022-02-01,Denmark,0.01315876811819749
2022-02-01,France,-0.04462980262564731
2022-02-01,Germany,-0.07074934201901839
2022-02-01,Hong Kong,-0.02800554154907298
2022-02-01,India,-0.04252665152619628
2022-02-01,Indonesia,0.05402717931720247
2022-02-01,Italy,-0.04840656185674719
2022-02-01,Japan,-0.01155477376782155
2022-02-01,Korea,0.009963242406655137
2022-02-01,Malaysia,0.05535998194580261
2022-02-01,Mexico,0.04939631523989885
2022-02-01,NASDAQ,-0.03345304061987431
2022-02-01,Netherlands,-0.04936526164966093
2022-02-01,Philippines,0.00417709131753119
2022-02-01,Poland,-0.1230468299155052
2022-02-01,Saudi Arabia,0.0297739354526132
2022-02-01,Singapore,-0.01114304731090254
2022-02-01,South Africa,0.04204499746291512
2022-02-01,Spain,-0.01560497584253417
2022-02-01,Sweden,-0.08090294523778574
2022-02-01,Switzerland,-0.004750980904494662
2022-02-01,Taiwan,-0.02546299926559237
2022-02-01,Thailand,0.0523051831060708
2022-02-01,Turkey,-0.009667130750650288
2022-02-01,U.K.,0.01402855537551329
2022-02-01,U.S.,-0.02994178463743113
2022-02-01,US SmallCap,0.01065612424529849
2022-02-01,Vietnam,-0.02247325123839894
2022-03-01,Australia,0.1108801658142864
2022-03-01,Brazil,0.1487672464857988
2022-03-01,Canada,0.05362202067985233
2022-03-01,Chile,0.1143836332943995
2022-03-01,ChinaA,-0.0800640512409927
2022-03-01,ChinaH,-0.07744176859723095
2022-03-01,Denmark,0.03259968762012688
2022-03-01,France,-0.007126020825389601
2022-03-01,Germany,-0.02842353466437852
2022-03-01,Hong Kong,-0.0001945023248602906
2022-03-01,India,0.03746457891858168
2022-03-01,Indonesia,0.03448637316561842
2022-03-01,Italy,-0.02969517233597962
2022-03-01,Japan,-0.01398766718994182
2022-03-01,Korea,-0.001149315199693635
2022-03-01,Malaysia,-0.0007207462223322025
2022-03-01,Mexico,0.09282443668990958
2022-03-01,NASDAQ,0.03482563648909309
2022-03-01,Netherlands,-0.01685879551207947
2022-03-01,Philippines,-0.01797342870515939
2022-03-01,Poland,0.05103579970996619
2022-03-01,Saudi Arabia,0.04272785105584487
2022-03-01,Singapore,0.00332114851351295
2022-03-01,South Africa,0.07551875596704294
2022-03-01,Spain,-0.01086528525756369
2022-03-01,Sweden,0.01753397408044854
2022-03-01,Switzerland,0.01498661745005681
2022-03-01,Taiwan,-0.02394797693903605
2022-03-01,Thailand,-0.01312619772799628
2022-03-01,Turkey,0.08439903954305206
2022-03-01,U.K.,0.01152807907612519
2022-03-01,U.S.,0.03712854913581554
2022-03-01,US SmallCap,0.01240130999588662
2022-03-01,Vietnam,-0.01115409262406031
2022-04-01,Australia,-0.0599813516473815
2022-04-01,Brazil,-0.1369529447700204
2022-04-01,Canada,-0.07269117284296878
2022-04-01,Chile,-0.112002325896674
2022-04-01,ChinaA,-0.04113239999690099
2022-04-01,ChinaH,-0.03250506456512003
2022-04-01,Denmark,-0.03296708573802398
2022-04-01,France,-0.06705515364314552
2022-04-01,Germany,-0.08527542186953008
2022-04-01,Hong Kong,-0.04984420284686075
2022-04-01,India,-0.01614706412199174
2022-04-01,Indonesia,0.03556591346640992
2022-04-01,Italy,-0.07559275582723601
2022-04-01,Japan,-0.08806084568654615
2022-04-01,Korea,-0.06577811870745032
2022-04-01,Malaysia,-0.0211530327236954
2022-04-01,Mexico,-0.1103363435203091
2022-04-01,NASDAQ,-0.1323922630540483
2022-04-01,Netherlands,-0.1057444954714231
2022-04-01,Philippines,-0.08226785325827923
2022-04-01,Poland,-0.1828773255897156
2022-04-01,Saudi Arabia,0.05910005949508412
2022-04-01,Singapore,-0.07455947994978007
2022-04-01,South Africa,-0.1220497245250881
2022-04-01,Spain,-0.03155088608206313
2022-04-01,Sweden,-0.08022515504359817
2022-04-01,Switzerland,-0.05361787784655192
2022-04-01,Taiwan,-0.09831610735370477
2022-04-01,Thailand,-0.04703973800189931
2022-04-01,Turkey,0.06327740431106532
2022-04-01,U.K.,-0.03212579115016234
2022-04-01,U.S.,-0.08720035054853714
2022-04-01,US SmallCap,-0.09910923953029904
2022-04-01,Vietnam,-0.06935187115112285
2022-05-01,Australia,-0.00404483441443948
2022-05-01,Brazil,0.08430163430525961
2022-05-01,Canada,0.01487946393746942
2022-05-01,Chile,0.1860702493981368
2022-05-01,ChinaA,0.009174867891598382
2022-05-01,ChinaH,0.01013784094206249
2022-05-01,Denmark,-0.03929005538781305
2022-05-01,France,0.006622158943504708
2022-05-01,Germany,0.01249914215172621
2022-05-01,Hong Kong,0.02779146903287422
2022-05-01,India,-0.05609723916385956
2022-05-01,Indonesia,-0.02837573385518588
2022-05-01,Italy,0.02682934048289121
2022-05-01,Japan,0.01580175989047605
2022-05-01,Korea,0.02052755824694641
2022-05-01,Malaysia,-0.0273421910320224
2022-05-01,Mexico,0.05820695266786458
2022-05-01,NASDAQ,-0.01926642338293316
2022-05-01,Netherlands,0.0008015271821135705
2022-05-01,Philippines,0.015210310305245
2022-05-01,Poland,0.03239178150515021
2022-05-01,Saudi Arabia,-0.07172990184996653
2022-05-01,Singapore,-0.02588989472447045
2022-05-01,South Africa,0.007941264534775616
2022-05-01,Spain,0.04861336791199178
2022-05-01,Sweden,-0.009792203803068777
2022-05-01,Switzerland,-0.03419935940540597
2022-05-01,Taiwan,0.03620284155970555
2022-05-01,Thailand,0.02355500052699311
2022-05-01,Turkey,-0.06800964493768735
2022-05-01,U.K.,0.02172716062668489
2022-05-01,U.S.,0.001846335012807732
2022-05-01,US SmallCap,0.001437911693993987
2022-05-01,Vietnam,-0.06862680323465131
2022-06-01,Australia,-0.11723671324768
2022-06-01,Brazil,-0.191409031108651
2022-06-01,Canada,-0.1035390085595183
2022-06-01,Chile,-0.1855609213310263
2022-06-01,ChinaA,0.0583131501164289
2022-06-01,ChinaH,0.05902924393062348
2022-06-01,Denmark,-0.05314714619958194
2022-06-01,France,-0.1055905434541751
2022-06-01,Germany,-0.1350881387336751
2022-06-01,Hong Kong,0.01256329097018849
2022-06-01,India,-0.06666856849432312
2022-06-01,Indonesia,-0.09597180261832827
2022-06-01,Italy,-0.1450329741863344
2022-06-01,Japan,-0.08023854461972157
2022-06-01,Korea,-0.1619229608769989
2022-06-01,Malaysia,-0.08187941113573904
2022-06-01,Mexico,-0.09789341369414717
2022-06-01,NASDAQ,-0.08650241920587598
2022-06-01,Netherlands,-0.1056243043338908
2022-06-01,Philippines,-0.1335038564457737
2022-06-01,Poland,-0.1266576744108858
2022-06-01,Saudi Arabia,-0.1096597357210526
2022-06-01,Singapore,-0.07394490576854662
2022-06-01,South Africa,-0.1206335364629134
2022-06-01,Spain,-0.1033390483204075
2022-06-01,Sweden,-0.1436732754942804
2022-06-01,Switzerland,-0.07071685447660181
2022-06-01,Taiwan,-0.1520705112378453
2022-06-01,Thailand,-0.081149055143663
2022-06-01,Turkey,-0.09992350186181098
2022-06-01,U.K.,-0.08297423583721375
2022-06-01,U.S.,-0.08257600622141392
2022-06-01,US SmallCap,-0.08225332496833593
2022-06-01,Vietnam,-0.07666894104930866
2022-07-01,Australia,0.06006621114173272
2022-07-01,Brazil,0.05531289420523811
2022-07-01,Canada,0.04936315261568414
2022-07-01,Chile,0.1235314831817733
2022-07-01,ChinaA,-0.09940813331248655
2022-07-01,ChinaH,-0.09808416284615795
2022-07-01,Denmark,0.07998215652289731
2022-07-01,France,0.06311637504417789
2022-07-01,Germany,0.02348697654369869
2022-07-01,Hong Kong,-0.03621147265528357
2022-07-01,India,0.09136228871840335
2022-07-01,Indonesia,0.03174779993316257
2022-07-01,Italy,0.02246673695167667
2022-07-01,Japan,0.05690876976190218
2022-07-01,Korea,0.04380175207008286
2022-07-01,Malaysia,0.02361034975442111
2022-07-01,Mexico,-0.0005417531930355102
2022-07-01,NASDAQ,0.1238713174077519
2022-07-01,Netherlands,0.1041224993135084
2022-07-01,Philippines,0.01124160210238845
2022-07-01,Poland,-0.005894056052650476
2022-07-01,Saudi Arabia,0.06374962173036502
2022-07-01,Singapore,0.05844484859517807
2022-07-01,South Africa,-0.003230696643392261
2022-07-01,Spain,-0.01508091197693173
2022-07-01,Sweden,0.1132672978632909
2022-07-01,Switzerland,0.04698753825405078
2022-07-01,Taiwan,0.01701641200538662
2022-07-01,Thailand,-0.02245760121711848
2022-07-01,Turkey,-0.01232681668737223
2022-07-01,U.K.,0.03905614728342277
2022-07-01,U.S.,0.09220696600287903
2022-07-01,US SmallCap,0.1044025519974252
2022-07-01,Vietnam,-0.01720078628122246
2022-08-01,Australia,-0.007952823777594875
2022-08-01,Brazil,0.0654091404810333
2022-08-01,Canada,-0.04018016741800334
2022-08-01,Chile,0.02769748779438452
2022-08-01,ChinaA,0.001493885151453656
2022-08-01,ChinaH,0.004907191578643832
2022-08-01,Denmark,-0.07901701424918928
2022-08-01,France,-0.0634720634871424
2022-08-01,Germany,-0.06371066015674631
2022-08-01,Hong Kong,-0.03517244994606028
2022-08-01,India,0.04082775772206992
2022-08-01,Indonesia,0.05387605268840412
2022-08-01,Italy,-0.04644526550038863
2022-08-01,Japan,-0.02582309546510131
2022-08-01,Korea,-0.03138652563807776
2022-08-01,Malaysia,0.003071247786895048
2022-08-01,Mexico,-0.04951829300908528
2022-08-01,NASDAQ,-0.04528878209965281
2022-08-01,Netherlands,-0.1049602373017114
2022-08-01,Philippines,0.03604447850923953
2022-08-01,Poland,-0.1295581219956499
2022-08-01,Saudi Arabia,0.01577203495971791
2022-08-01,Singapore,-0.01902547703717983
2022-08-01,South Africa,-0.0446016293226541
2022-08-01,Spain,-0.04224232693058549
2022-08-01,Sweden,-0.1003721782035887
2022-08-01,Switzerland,-0.05457094929363671
2022-08-01,Taiwan,-0.01604698384493075
2022-08-01,Thailand,0.05587226813686152
2022-08-01,Turkey,0.2265502541206885
2022-08-01,U.K.,-0.04476386427110413
2022-08-01,U.S.,-0.04078261544499562
2022-08-01,US SmallCap,-0.02046304974995672
2022-08-01,Vietnam,0.05247707964913539
2022-09-01,Australia,-0.1103494561364462
2022-09-01,Brazil,-0.03310767617115629
2022-09-01,Canada,-0.08456860130873134
2022-09-01,Chile,-0.1057083182222865
2022-09-01,ChinaA,-0.1470015881181918
2022-09-01,ChinaH,-0.1421114688988946
2022-09-01,Denmark,-0.1193801181050275
2022-09-01,France,-0.08638739109322513
2022-09-01,Germany,-0.08783718897049553
2022-09-01,Hong Kong,-0.1071440604951933
2022-09-01,India,-0.06110230627033231
2022-09-01,Indonesia,-0.007888536010654534
2022-09-01,Italy,-0.06513027676270311
2022-09-01,Japan,-0.1115514466660856
2022-09-01,Korea,-0.1831454005934718
2022-09-01,Malaysia,-0.0954399106661955
2022-09-01,Mexico,-0.004072924428047076
2022-09-01,NASDAQ,-0.1044288235894688
2022-09-01,Netherlands,-0.1003879772817821
2022-09-01,Philippines,-0.1764636186832272
2022-09-01,Poland,-0.134924062530195
2022-09-01,Saudi Arabia,-0.07521026770963657
2022-09-01,Singapore,-0.05302066426473739
2022-09-01,South Africa,-0.08746682864878996
2022-09-01,Spain,-0.0887430290970862
2022-09-01,Sweden,-0.09002875921203113
2022-09-01,Switzerland,-0.06654807926048711
2022-09-01,Taiwan,-0.1603975714002842
2022-09-01,Thailand,-0.06252303116445557
2022-09-01,Turkey,-0.03907439223980791
2022-09-01,U.K.,-0.08529256338062263
2022-09-01,U.S.,-0.09212388151648987
2022-09-01,US SmallCap,-0.09574258675933778
2022-09-01,Vietnam,-0.1115401910959448
2022-10-01,Australia,0.05267141632624606
2022-10-01,Brazil,0.08624878054618956
2022-10-01,Canada,0.06584503361578742
2022-10-01,Chile,0.02924030687593615
2022-10-01,ChinaA,-0.1683410908614134
2022-10-01,ChinaH,-0.1641688836734529
2022-10-01,Denmark,0.09696628219478765
2022-10-01,France,0.09470751339790984
2022-10-01,Germany,0.09347958964166025
2022-10-01,Hong Kong,-0.1217037351249373
2022-10-01,India,0.02589337146885784
2022-10-01,Indonesia,0.001858736059479504
2022-10-01,Italy,0.1131379099094934
2022-10-01,Japan,0.02961130217607355
2022-10-01,Korea,0.08544027898866613
2022-10-01,Malaysia,0.02933246861976246
2022-10-01,Mexico,0.1386041892825995
2022-10-01,NASDAQ,0.03938628078527029
2022-10-01,Netherlands,0.05733841232849968
2022-10-01,Philippines,0.09125233789156395
2022-10-01,Poland,0.1651702218337381
2022-10-01,Saudi Arabia,0.03166017121106024
2022-10-01,Singapore,0.0002249418720583485
2022-10-01,South Africa,0.03759669999228987
2022-10-01,Spain,0.09167652174865037
2022-10-01,Sweden,0.06751355892923172
2022-10-01,Switzerland,0.03085165649873978
2022-10-01,Taiwan,-0.05115222221845861
2022-10-01,Thailand,0.01455078913288377
2022-10-01,Turkey,0.2286151485441767
2022-10-01,U.K.,0.06162694786427059
2022-10-01,U.S.,0.08096336543335525
2022-10-01,US SmallCap,0.1100891555735457
2022-10-01,Vietnam,-0.1054970971550704
2022-11-01,Australia,0.1261160839415214
2022-11-01,Brazil,-0.02838109363856001
2022-11-01,Canada,0.06101264083851943
2022-11-01,Chile,0.0611208143343438
2022-11-01,ChinaA,0.2961976174757854
2022-11-01,ChinaH,0.2829959342870001
2022-11-01,Denmark,0.1213493229175335
2022-11-01,France,0.1176072062233378
2022-11-01,Germany,0.1396837585010573
2022-11-01,Hong Kong,0.2445163741085545
2022-11-01,India,0.05217813982333519
2022-11-01,Indonesia,0.01185322613894058
2022-11-01,Italy,0.1311444995148887
2022-11-01,Japan,0.09640514963689273
2022-11-01,Korea,0.1528781793842033
2022-11-01,Malaysia,0.08913792198198078
2022-11-01,Mexico,0.06069433501756216
2022-11-01,NASDAQ,0.04512677796621967
2022-11-01,Netherlands,0.1719877080126506
2022-11-01,Philippines,0.1303571887942787
2022-11-01,Poland,0.188960633725797
2022-11-01,Saudi Arabia,-0.07144062734690848
2022-11-01,Singapore,0.1154931346503332
2022-11-01,South Africa,0.1972810262596338
2022-11-01,Spain,0.09535497404919213
2022-11-01,Sweden,0.1091346169503009
2022-11-01,Switzerland,0.0786852857499929
2022-11-01,Taiwan,0.2221300251877141
2022-11-01,Thailand,0.1056458615119049
2022-11-01,Turkey,0.2236395601985686
2022-11-01,U.K.,0.1133616542777269
2022-11-01,U.S.,0.05588416640334359
2022-11-01,US SmallCap,0.02313737842293007
2022-11-01,Vietnam,0.03888265906482946
2022-12-01,Australia,-0.01640913464506122
2022-12-01,Brazil,-0.02872563017804353
2022-12-01,Canada,-0.04870850811524541
2022-12-01,Chile,-0.01930840299256709
2022-12-01,ChinaA,0.05164584058660671
2022-12-01,ChinaH,0.04758178634815557
2022-12-01,Denmark,0.06917850945132509
2022-12-01,France,-0.003627421341663939
2022-12-01,Germany,0.0005393717614641247
2022-12-01,Hong Kong,0.08190633666632485
2022-12-01,India,-0.05372978196918043
2022-12-01,Indonesia,-0.04339411225425283
2022-12-01,Italy,-0.0002726515779061245
2022-12-01,Japan,0.001302343893988978
2022-12-01,Korea,-0.04702740362285185
2022-12-01,Malaysia,0.01712842875157206
2022-12-01,Mexico,-0.06727638688945414
2022-12-01,NASDAQ,-0.08657402660338065
2022-12-01,Netherlands,-0.02569704249421512
2022-12-01,Philippines,-0.01527638305317147
2022-12-01,Poland,0.07539059620970301
2022-12-01,Saudi Arabia,-0.03389066073902258
2022-12-01,Singapore,-0.008129498300887383
2022-12-01,South Africa,-0.04216383288387948
2022-12-01,Spain,0.02240556149154016
2022-12-01,Sweden,-0.004238318980115285
2022-12-01,Switzerland,-0.007029804138137141
2022-12-01,Taiwan,-0.05628840924783141
2022-12-01,Thailand,0.03774181134413146
2022-12-01,Turkey,0.08326204741175514
2022-12-01,U.K.,-0.002340481887208923
2022-12-01,U.S.,-0.05771472923355692
2022-12-01,US SmallCap,-0.06493473600782018
2022-12-01,Vietnam,-0.09103952802988402
2023-01-01,Australia,0.101292624248899
2023-01-01,Brazil,0.06986402481866438
2023-01-01,Canada,0.09068079800498752
2023-01-01,Chile,0.1044434667249723
2023-01-01,ChinaA,0.1177573552266167
2023-01-01,ChinaH,0.1174121337175857
2023-01-01,Denmark,0.01646731407258617
2023-01-01,France,0.1115671528357789
2023-01-01,Germany,0.1240708176147065
2023-01-01,Hong Kong,0.0375645598078902
2023-01-01,India,-0.02795119063318063
2023-01-01,Indonesia,0.02672771802789886
2023-01-01,Italy,0.127992945244223
2023-01-01,Japan,0.0620778022983357
2023-01-01,Korea,0.1211161203850373
2023-01-01,Malaysia,0.02935865865487175
2023-01-01,Mexico,0.170171305056628
2023-01-01,NASDAQ,0.1072500856961918
2023-01-01,Netherlands,0.1463854804657627
2023-01-01,Philippines,0.05412346563513815
2023-01-01,Poland,0.06291791448578365
2023-01-01,Saudi Arabia,0.02222576462318004
2023-01-01,Singapore,0.0732147504049756
2023-01-01,South Africa,0.04815447186079869
2023-01-01,Spain,0.1123049895961887
2023-01-01,Sweden,0.07417888945030371
2023-01-01,Switzerland,0.06110178409860745
2023-01-01,Taiwan,0.1266779914342662
2023-01-01,Thailand,0.04375878100107933
2023-01-01,Turkey,-0.08210905614699693
2023-01-01,U.K.,0.06593361114980767
2023-01-01,U.S.,0.06282871537512302
2023-01-01,US SmallCap,0.09746589160558927
2023-01-01,Vietnam,0.1028976676808648
2023-02-01,Australia,-0.06297606689484414
2023-02-01,Brazil,-0.09201607560788894
2023-02-01,Canada,-0.04329391518373982
2023-02-01,Chile,-0.04068759591018045
2023-02-01,ChinaA,-0.1037502554405607
2023-02-01,ChinaH,-0.09869906351525626
2023-02-01,Denmark,0.02628546879219451
2023-02-01,France,-0.001160645801378313
2023-02-01,Germany,-0.02101303908240759
2023-02-01,Hong Kong,-0.07088852867123419
2023-02-01,India,-0.04695406197231877
2023-02-01,Indonesia,-0.00757104335200165
2023-02-01,Italy,0.005977741602764208
2023-02-01,Japan,-0.03868120131759178
2023-02-01,Korea,-0.06575372242147592
2023-02-01,Malaysia,-0.07257311776753772
2023-02-01,Mexico,-0.001570458928268015
2023-02-01,NASDAQ,-0.01004600793090227
2023-02-01,Netherlands,-0.03229703714876919
2023-02-01,Philippines,-0.05092521540856365
2023-02-01,Poland,-0.0452265119544043
2023-02-01,Saudi Arabia,-0.07352697029408872
2023-02-01,Singapore,-0.05174168095897291
2023-02-01,South Africa,-0.07912514199313292
2023-02-01,Spain,0.02671678068080618
2023-02-01,Sweden,0.02189355519365965
2023-02-01,Switzerland,-0.03393335891967164
2023-02-01,Taiwan,-0.01131004760453469
2023-02-01,Thailand,-0.09291557383678606
2023-02-01,Turkey,0.05752611271520824
2023-02-01,U.K.,0.008651574474900725
2023-02-01,U.S.,-0.02447204840413442
2023-02-01,US SmallCap,-0.01692690974728017
2023-02-01,Vietnam,-0.1012488884133
2023-03-01,Australia,-0.003119122202388969
2023-03-01,Brazil,-0.002379585677482088
2023-03-01,Canada,0.001267135606948244
2023-03-01,Chile,-0.0007830492685484414
2023-03-01,ChinaA,0.04505185747456197
2023-03-01,ChinaH,0.04298085461584922
2023-03-01,Denmark,0.0708381309075774
2023-03-01,France,0.03061652190953423
2023-03-01,Germany,0.03990993436585311
2023-03-01,Hong Kong,0.01204781759234064
2023-03-01,India,0.01195415806019784
2023-03-01,Indonesia,0.04253318006061257
2023-03-01,Italy,0.006978312473025383
2023-03-01,Japan,0.02953199872070367
2023-03-01,Korea,0.04362494183341092
2023-03-01,Malaysia,0.009721198195816516
2023-03-01,Mexico,0.0304589849588266
2023-03-01,NASDAQ,0.06782906294545388
2023-03-01,Netherlands,0.04983958210845274
2023-03-01,Philippines,0.02729666826448285
2023-03-01,Poland,-0.02750109322321004
2023-03-01,Saudi Arabia,0.05783956944936253
2023-03-01,Singapore,0.05032489070873503
2023-03-01,South Africa,0.03451869737133606
2023-03-01,Spain,0.01279871661764176
2023-03-01,Sweden,-0.00844736955236558
2023-03-01,Switzerland,0.03532926892635424
2023-03-01,Taiwan,0.02790494524721887
2023-03-01,Thailand,0.04208210069770635
2023-03-01,Turkey,-0.05886396398673155
2023-03-01,U.K.,0.00292368208368754
2023-03-01,U.S.,0.03669584534809411
2023-03-01,US SmallCap,-0.04782988149189793
2023-03-01,Vietnam,0.0515515808948932
2023-04-01,Australia,0.003117675459952673
2023-04-01,Brazil,0.03442649023716049
2023-04-01,Canada,0.03021028818539451
2023-04-01,Chile,-0.01905624938548656
2023-04-01,ChinaA,-0.05200669450520312
2023-04-01,ChinaH,-0.05074951367433356
2023-04-01,Denmark,0.04050423231683253
2023-04-01,France,0.04283626071068869
2023-04-01,Germany,0.03018253966551931
2023-04-01,Hong Kong,0.005726796328081596
2023-04-01,India,0.04236737747848851
2023-04-01,Indonesia,0.06525661587810738
2023-04-01,Italy,0.03558947461472717
2023-04-01,Japan,0.003623653716612552
2023-04-01,Korea,-0.007468509642180376
2023-04-01,Malaysia,-0.0130163753843473
2023-04-01,Mexico,0.02581667760291562
2023-04-01,NASDAQ,0.0006633523594492541
2023-04-01,Netherlands,-0.01901766005889027
2023-04-01,Philippines,0.008969555232615445
2023-04-01,Poland,0.1313024158229557
2023-04-01,Saudi Arabia,0.06348521679268226
2023-04-01,Singapore,-0.006333962876854948
2023-04-01,South Africa,0.0099706526024117
2023-04-01,Spain,0.02173143810019673
2023-04-01,Sweden,0.0348419392858148
2023-04-01,Switzerland,0.05660062586712655
2023-04-01,Taiwan,-0.04299747450343283
2023-04-01,Thailand,-0.03509002456882337
2023-04-01,Turkey,-0.04942501139930255
2023-04-01,U.K.,0.05709746287199069
2023-04-01,U.S.,0.01560871441837497
2023-04-01,US SmallCap,-0.01798337714921538
2023-04-01,Vietnam,-0.02790485496906148
2023-05-01,Australia,-0.0479098784123555
2023-05-01,Brazil,0.006609652443962721
2023-05-01,Canada,-0.05433631207829304
2023-05-01,Chile,-0.01888334798927693
2023-05-01,ChinaA,-0.0866624715592107
2023-05-01,ChinaH,-0.08427403267979472
2023-05-01,Denmark,-0.04156470903882947
2023-05-01,France,-0.083347955278399
2023-05-01,Germany,-0.07047007303046204
2023-05-01,Hong Kong,-0.08739542952955137
2023-05-01,India,0.02873828891039132
2023-05-01,Indonesia,-0.03161757786769559
2023-05-01,Italy,-0.07281641044530585
2023-05-01,Japan,0.01821722316703966
2023-05-01,Korea,0.04795597484276737
2023-05-01,Malaysia,-0.05297850602308551
2023-05-01,Mexico,-0.02500097498270559
2023-05-01,NASDAQ,0.05926822039257718
2023-05-01,Netherlands,0.007128589336885538
2023-05-01,Philippines,-0.04401170079398264
2023-05-01,Poland,-0.03899042043658285
2023-05-01,Saudi Arabia,-0.0333741385921652
2023-05-01,Singapore,-0.06617204899690399
2023-05-01,South Africa,-0.1373795621805839
2023-05-01,Spain,-0.05719210036051181
2023-05-01,Sweden,-0.0867128272859441
2023-05-01,Switzerland,-0.04732474955391253
2023-05-01,Taiwan,0.07340394937381078
2023-05-01,Thailand,-0.02968701011207842
2023-05-01,Turkey,-0.01673594707584769
2023-05-01,U.K.,-0.05905281837829535
2023-05-01,U.S.,0.004348636992763666
2023-05-01,US SmallCap,-0.009324941427204303
2023-05-01,Vietnam,0.005964521970698966
2023-06-01,Australia,0.05432412624833272
2023-06-01,Brazil,0.1606293338993265
2023-06-01,Canada,0.06639606417122423
2023-06-01,Chile,0.08177839363236483
2023-06-01,ChinaA,0.03368478467159663
2023-06-01,ChinaH,0.03798946243367007
2023-06-01,Denmark,0.0191103100940524
2023-06-01,France,0.06401360518448973
2023-06-01,Germany,0.05206620765500691
2023-06-01,Hong Kong,0.03437534748364302
2023-06-01,India,0.04696474922548766
2023-06-01,Indonesia,0.002234962588669953
2023-06-01,Italy,0.1092303507536077
2023-06-01,Japan,0.03990149299567336
2023-06-01,Korea,0.006108670024648877
2023-06-01,Malaysia,-0.01914053992196119
2023-06-01,Mexico,0.05736685227749216
2023-06-01,NASDAQ,0.06655361123563508
2023-06-01,Netherlands,0.04598442260629754
2023-06-01,Philippines,0.02190574439315518
2023-06-01,Poland,0.144233181811926
2023-06-01,Saudi Arabia,0.03380963950757154
2023-06-01,Singapore,0.01904478853859848
2023-06-01,South Africa,0.09834236037058242
2023-06-01,Spain,0.08585431825181034
2023-06-01,Sweden,0.03706822896403383
2023-06-01,Switzerland,0.02590918353379945
2023-06-01,Taiwan,0.005991323206130827
2023-06-01,Thailand,-0.01693283331211826
2023-06-01,Turkey,-0.04052262552512431
2023-06-01,U.K.,0.04232365788393033
2023-06-01,U.S.,0.0660738003817265
2023-06-01,US SmallCap,0.0812569665158891
2023-06-01,Vietnam,0.05814202700333038
2023-07-01,Australia,0.03593894132300735
2023-07-01,Brazil,0.04902652492291582
2023-07-01,Canada,0.0328664945950683
2023-07-01,Chile,0.05931472990356168
2023-07-01,ChinaA,0.09961428086524515
2023-07-01,ChinaH,0.09228657832318499
2023-07-01,Denmark,0.006681619128431571
2023-07-01,France,0.02103519846277702
2023-07-01,Germany,0.03038858916067899
2023-07-01,Hong Kong,0.02844606132961158
2023-07-01,India,0.03028655059621399
2023-07-01,Indonesia,0.009792515028117066
2023-07-01,Italy,0.0601853190920516
2023-07-01,Japan,0.03010136405592978
2023-07-01,Korea,0.06327226246271844
2023-07-01,Malaysia,0.09736983733901394
2023-07-01,Mexico,0.04645131637357935
2023-07-01,NASDAQ,0.04075937430653465
2023-07-01,Netherlands,0.02682498463011984
2023-07-01,Philippines,0.03755108093387216
2023-07-01,Poland,0.0862988936956599
2023-07-01,Saudi Arabia,0.02197831297936559
2023-07-01,Singapore,0.09146766042409249
2023-07-01,South Africa,0.1186771131671567
2023-07-01,Spain,0.02090394282742114
2023-07-01,Sweden,0.01524257382994998
2023-07-01,Switzerland,0.03598162463001775
2023-07-01,Taiwan,0.00189845458733795
2023-07-01,Thailand,0.07966825919076759
2023-07-01,Turkey,0.1916117014525087
2023-07-01,U.K.,0.03617217591536215
2023-07-01,U.S.,0.03212501236196386
2023-07-01,US SmallCap,0.06114905107430824
2023-07-01,Vietnam,0.1034097735169024
2023-08-01,Australia,-0.03958628890666427
2023-08-01,Brazil,-0.08234100207244688
2023-08-01,Canada,-0.0414102583618069
2023-08-01,Chile,-0.09417141797141648
2023-08-01,ChinaA,-0.09002615391522972
2023-08-01,ChinaH,-0.08345819557020129
2023-08-01,Denmark,0.04379457977882995
2023-08-01,France,-0.0387626331630303
2023-08-01,Germany,-0.04837690536570305
2023-08-01,Hong Kong,-0.08625631987789328
2023-08-01,India,-0.01734380740947727
2023-08-01,Indonesia,-0.01315410465674516
2023-08-01,Italy,-0.03888740090438358
2023-08-01,Japan,-0.02449137245485711
2023-08-01,Korea,-0.07713884992987374
2023-08-01,Malaysia,-0.0312523846555508
2023-08-01,Mexico,-0.04480123069483444
2023-08-01,NASDAQ,-0.02052965094958537
2023-08-01,Netherlands,-0.09008373326587615
2023-08-01,Philippines,-0.09545483279600475
2023-08-01,Poland,-0.09159939402095385
2023-08-01,Saudi Arabia,-0.02235725059683935
2023-08-01,Singapore,-0.08520533641149097
2023-08-01,South Africa,-0.1190901256159302
2023-08-01,Spain,-0.0296841208548122
2023-08-01,Sweden,-0.06896243449697947
2023-08-01,Switzerland,-0.03542502642948353
2023-08-01,Taiwan,-0.04756643341580502
2023-08-01,Thailand,-0.03030489398668501
2023-08-01,Turkey,0.07473122296526502
2023-08-01,U.K.,-0.02659787069730513
2023-08-01,U.S.,-0.01592167226340002
2023-08-01,US SmallCap,-0.05006474038804087
2023-08-01,Vietnam,0.002516271093056854
2023-09-01,Australia,-0.02676387855133
2023-09-01,Brazil,0.002498374198712128
2023-09-01,Canada,-0.02932039408209242
2023-09-01,Chile,-0.05857285490446185
2023-09-01,ChinaA,-0.0291376657178718
2023-09-01,ChinaH,-0.02993432214572789
2023-09-01,Denmark,-0.0286174298507974
2023-09-01,France,-0.05357405756838118
2023-09-01,Germany,-0.05904897458610148
2023-09-01,Hong Kong,-0.05374352120844583
2023-09-01,India,0.01543282206569674
2023-09-01,Indonesia,-0.03522086008951164
2023-09-01,Italy,-0.04092584972775581
2023-09-01,Japan,-0.02826647811423377
2023-09-01,Korea,-0.05319148936170215
2023-09-01,Malaysia,-0.01760349281902807
2023-09-01,Mexico,-0.06392867224606902
2023-09-01,NASDAQ,-0.0576504685693161
2023-09-01,Netherlands,-0.07985924881989392
2023-09-01,Philippines,0.02822486303846472
2023-09-01,Poland,-0.1110524926635349
2023-09-01,Saudi Arabia,-0.04250864189476411
2023-09-01,Singapore,-0.003378505422604872
2023-09-01,South Africa,-0.03732687075922236
2023-09-01,Spain,-0.02960798018742072
2023-09-01,Sweden,-0.001822393328966943
2023-09-01,Switzerland,-0.05352142549852867
2023-09-01,Taiwan,-0.0398588510471124
2023-09-01,Thailand,-0.09499904864590603
2023-09-01,Turkey,0.03509903712154272
2023-09-01,U.K.,-0.006762830315613422
2023-09-01,U.S.,-0.04767846101635564
2023-09-01,US SmallCap,-0.05890589032687843
2023-09-01,Vietnam,-0.08695188870184434
2023-10-01,Australia,-0.04842962196460765
2023-10-01,Brazil,-0.03725575488786625
2023-10-01,Canada,-0.05590714209780778
2023-10-01,Chile,-0.09071917796992601
2023-10-01,ChinaA,-0.04276060319703956
2023-10-01,ChinaH,-0.04225354302308948
2023-10-01,Denmark,0.002932927254448936
2023-10-01,France,-0.03789504372133312
2023-10-01,Germany,-0.04448434851867167
2023-10-01,Hong Kong,-0.02084378891197747
2023-10-01,India,-0.02903774543870385
2023-10-01,Indonesia,-0.08390480032271086
2023-10-01,Italy,-0.01229821570995726
2023-10-01,Japan,-0.04510252859660879
2023-10-01,Korea,-0.0658105939004815
2023-10-01,Malaysia,-0.001195526191438256
2023-10-01,Mexico,-0.06149832796770227
2023-10-01,NASDAQ,-0.02755617160082013
2023-10-01,Netherlands,-0.01260033662672955
2023-10-01,Philippines,-0.05727018049858745
2023-10-01,Poland,0.1647962434025392
2023-10-01,Saudi Arabia,-0.02878889826962661
2023-10-01,Singapore,-0.04536699023719171
2023-10-01,South Africa,-0.01112352817130458
2023-10-01,Spain,-0.04537251228425454
2023-10-01,Sweden,-0.06123184791857084
2023-10-01,Switzerland,-0.04602326487665609
2023-10-01,Taiwan,-0.01660002412550399
2023-10-01,Thailand,-0.03202713546356994
2023-10-01,Turkey,-0.1298451850083455
2023-10-01,U.K.,-0.04051517364249702
2023-10-01,U.S.,-0.02102580904669438
2023-10-01,US SmallCap,-0.06821750818341354
2023-10-01,Vietnam,-0.1350414118508501
2023-11-01,Australia,0.09521513560507477
2023-11-01,Brazil,0.1430677143679684
2023-11-01,Canada,0.1044371106439572
2023-11-01,Chile,0.1081410917114891
2023-11-01,ChinaA,0.02479588399939603
2023-11-01,ChinaH,0.01884078908282838
2023-11-01,Denmark,0.07809150661949582
2023-11-01,France,0.09507092781144588
2023-11-01,Germany,0.1331239065884862
2023-11-01,Hong Kong,0.003210635123040984
2023-11-01,India,0.0675332097703758
2023-11-01,Indonesia,0.06704095112285335
2023-11-01,Italy,0.1017701052025959
2023-11-01,Japan,0.08517574105345727
2023-11-01,Korea,0.1539027982326953
2023-11-01,Malaysia,0.02955681465068372
2023-11-01,Mexico,0.1561765901963474
2023-11-01,NASDAQ,0.1083512824060748
2023-11-01,Netherlands,0.1323809507907887
2023-11-01,Philippines,0.08210559971913622
2023-11-01,Poland,0.09482276195426365
2023-11-01,Saudi Arabia,0.04772338306003521
2023-11-01,Singapore,0.01960787105807915
2023-11-01,South Africa,0.07818876990110346
2023-11-01,Spain,0.1501093186971361
2023-11-01,Sweden,0.149477574486192
2023-11-01,Switzerland,0.0921919938696445
2023-11-01,Taiwan,0.1316323477350121
2023-11-01,Thailand,0.01580854537490528
2023-11-01,Turkey,0.07842272531607763
2023-11-01,U.K.,0.07415947524369715
2023-11-01,U.S.,0.09132597764115302
2023-11-01,US SmallCap,0.09028521294150149
2023-11-01,Vietnam,0.1081230592107649
2023-12-01,Australia,0.1123258038771524
2023-12-01,Brazil,0.07285569526610924
2023-12-01,Canada,0.06823416328842224
2023-12-01,Chile,0.06004637742287411
2023-12-01,ChinaA,-0.02544417209300809
2023-12-01,ChinaH,-0.0260696805934385
2023-12-01,Denmark,0.03737672063886976
2023-12-01,France,0.04549440142665517
2023-12-01,Germany,0.04403865738501089
2023-12-01,Hong Kong,0.05228823414264139
2023-12-01,India,0.08099068109325169
2023-12-01,Indonesia,0.04745692767976895
2023-12-01,Italy,0.03108597889698128
2023-12-01,Japan,0.04253411944563101
2023-12-01,Korea,0.07647309083173792
2023-12-01,Malaysia,0.01786821153614504
2023-12-01,Mexico,0.09494529952960185
2023-12-01,NASDAQ,0.05618485401426754
2023-12-01,Netherlands,0.07012585524392945
2023-12-01,Philippines,0.04496406524742969
2023-12-01,Poland,0.0855001860965221
2023-12-01,Saudi Arabia,0.07495988187550107
2023-12-01,Singapore,0.07427531455488756
2023-12-01,South Africa,0.06209744465352873
2023-12-01,Spain,0.01731027315819844
2023-12-01,Sweden,0.1212043918046934
2023-12-01,Switzerland,0.05693574373011567
2023-12-01,Taiwan,0.05316361435802919
2023-12-01,Thailand,0.05965574997327239
2023-12-01,Turkey,-0.0638192312832907
2023-12-01,U.K.,0.04718415562371869
2023-12-01,U.S.,0.04531129585816496
2023-12-01,US SmallCap,0.1223072030880861
2023-12-01,Vietnam,0.03519039363400522
2024-01-01,Australia,-0.01964190400209809
2024-01-01,Brazil,-0.05885743949888278
2024-01-01,Canada,-0.007348331034426447
2024-01-01,Chile,-0.1097870214322249
2024-01-01,ChinaA,-0.1062546723149763
2024-01-01,ChinaH,-0.1044428194948152
2024-01-01,Denmark,0.05015055039719507
2024-01-01,France,-0.0002388761926555016
2024-01-01,Germany,-0.009540615971099453
2024-01-01,Hong Kong,-0.09699755496057771
2024-01-01,India,0.02486004364740491
2024-01-01,Indonesia,-0.01684231261696056
2024-01-01,Italy,-0.0002121683235675187
2024-01-01,Japan,0.04612383955276789
2024-01-01,Korea,-0.09692718110858611
2024-01-01,Malaysia,-0.00439401535968742
2024-01-01,Mexico,-0.01855078966121204
2024-01-01,NASDAQ,0.01044329054752802
2024-01-01,Netherlands,0.06064303798063397
2024-01-01,Philippines,0.01273525147547616
2024-01-01,Poland,-0.03440465886024635
2024-01-01,Saudi Arabia,-0.01249834840472319
2024-01-01,Singapore,-0.04503820637113209
2024-01-01,South Africa,-0.06164257093393377
2024-01-01,Spain,-0.01469019408158878
2024-01-01,Sweden,-0.04149153694394092
2024-01-01,Switzerland,-0.003114588148459219
2024-01-01,Taiwan,-0.01262976215815581
2024-01-01,Thailand,-0.07628047755170675
2024-01-01,Turkey,0.1031787873062473
2024-01-01,U.K.,-0.0125716607537556
2024-01-01,U.S.,0.01679361289405978
2024-01-01,US SmallCap,-0.03889766481863144
2024-01-01,Vietnam,-0.002292842217695434
2024-02-01,Australia,-0.003908699836173257
2024-02-01,Brazil,0.00257414536989331
2024-02-01,Canada,0.006954027199831403
2024-02-01,Chile,0.05585251205838082
2024-02-01,ChinaA,0.08393650439599254
2024-02-01,ChinaH,0.08592669717145696
2024-02-01,Denmark,0.03573872426850877
2024-02-01,France,0.02639452232998996
2024-02-01,Germany,0.0388609607577215
2024-02-01,Hong Kong,0.04593958560277689
2024-02-01,India,0.02744777470920701
2024-02-01,Indonesia,0.03105590062111796
2024-02-01,Italy,0.0580819905199137
2024-02-01,Japan,0.02969603268434229
2024-02-01,Korea,0.06761487964989055
2024-02-01,Malaysia,0.02385012568054456
2024-02-01,Mexico,-0.0281171385476221
2024-02-01,NASDAQ,0.06220772794914997
2024-02-01,Netherlands,0.04980286142085588
2024-02-01,Philippines,0.05266543488674458
2024-02-01,Poland,0.06216207720977218
2024-02-01,Saudi Arabia,0.06612893727150215
2024-02-01,Singapore,0.008648121464691183
2024-02-01,South Africa,-0.05426344855500609
2024-02-01,Spain,-0.01295035366488351
2024-02-01,Sweden,0.04853419673084902
2024-02-01,Switzerland,-0.02199895439316646
2024-02-01,Taiwan,0.05450972748605776
2024-02-01,Thailand,0.00555215751379845
2024-02-01,Turkey,0.03120713971677813
2024-02-01,U.K.,0.006920436794231932
2024-02-01,U.S.,0.05339509637635653
2024-02-01,US SmallCap,0.05650601452532866
2024-02-01,Vietnam,0.07004560295989015
2024-03-01,Australia,0.03442755293798405
2024-03-01,Brazil,-0.01782223269199301
2024-03-01,Canada,0.04151080485256653
2024-03-01,Chile,0.02138737411768599
2024-03-01,ChinaA,0.009146921788159679
2024-03-01,ChinaH,0.01023051458714619
2024-03-01,Denmark,0.05259509311269706
2024-03-01,France,0.03032499485107487
2024-03-01,Germany,0.0383021429108934
2024-03-01,Hong Kong,-0.06453877039646172
2024-03-01,India,0.008323150093627163
2024-03-01,Indonesia,0.0102020987174507
2024-03-01,Italy,0.07123844587694239
2024-03-01,Japan,0.02263172861110396
2024-03-01,Korea,0.05759376921500303
2024-03-01,Malaysia,0.01131944033978161
2024-03-01,Mexico,0.05397711171829189
2024-03-01,NASDAQ,0.01849519358930429
2024-03-01,Netherlands,0.0360207294279371
2024-03-01,Philippines,-0.00261594268849219
2024-03-01,Poland,0.00798560723501418
2024-03-01,Saudi Arabia,-0.0217846519378645
2024-03-01,Singapore,0.03995541872833841
2024-03-01,South Africa,0.04984039573558752
2024-03-01,Spain,0.1101705700597029
2024-03-01,Sweden,-0.0005413133923468649
2024-03-01,Switzerland,0.007415832390551991
2024-03-01,Taiwan,0.07679026596825067
2024-03-01,Thailand,-0.005282537935429099
2024-03-01,Turkey,0.007148993906451961
2024-03-01,U.K.,0.0537910789614664
2024-03-01,U.S.,0.03217362763048803
2024-03-01,US SmallCap,0.03578760265211667
2024-03-01,Vietnam,0.02437113040220118
2024-04-01,Australia,-0.03768341617623938
2024-04-01,Brazil,-0.04031379383992595
2024-04-01,Canada,-0.03352970382132214
2024-04-01,Chile,-0.007064072164094992
2024-04-01,ChinaA,0.06507431845718026
2024-04-01,ChinaH,0.064313045099887
2024-04-01,Denmark,-0.004976785408913331
2024-04-01,France,-0.0324544932596188
2024-04-01,Germany,-0.04198366993253666
2024-04-01,Hong Kong,0.05164476563894604
2024-04-01,India,0.02238313102272738
2024-04-01,Indonesia,-0.08492834471482158
2024-04-01,Italy,-0.03895787930916872
2024-04-01,Japan,-0.04870739228489684
2024-04-01,Korea,-0.06046511627906981
2024-04-01,Malaysia,0.01430872872111477
2024-04-01,Mexico,-0.03709667028269326
2024-04-01,NASDAQ,-0.04380161752006717
2024-04-01,Netherlands,-0.04433524057575777
2024-04-01,Philippines,-0.05625731634507347
2024-04-01,Poland,0.01265137688381968
2024-04-01,Saudi Arabia,-0.01092260565185588
2024-04-01,Singapore,0.03941530215973144
2024-04-01,South Africa,0.03166512804442512
2024-04-01,Spain,-0.0308785213809597
2024-04-01,Sweden,-0.0277907335414409
2024-04-01,Switzerland,-0.05253118529497913
2024-04-01,Taiwan,-0.02348711339681187
2024-04-01,Thailand,-0.01875996418353765
2024-04-01,Turkey,0.1434490645172424
2024-04-01,U.K.,0.02287659180226131
2024-04-01,U.S.,-0.04084406188819445
2024-04-01,US SmallCap,-0.07038264281017337
2024-04-01,Vietnam,-0.07619093917672881
2024-05-01,Australia,0.03706079184112676
2024-05-01,Brazil,-0.05009640079788491
2024-05-01,Canada,0.03449135577849449
2024-05-01,Chile,0.05976746726657889
2024-05-01,ChinaA,0.02115428797528951
2024-05-01,ChinaH,0.02165665680542794
2024-05-01,Denmark,0.04745504071876749
2024-05-01,France,0.01948568357560188
2024-05-01,Germany,0.02907430759895724
2024-05-01,Hong Kong,0.0250676395252567
2024-05-01,India,0.008293323554744436
2024-05-01,Indonesia,-0.0620138742905193
2024-05-01,Italy,0.0407532074098349
2024-05-01,Japan,0.01278664617522329
2024-05-01,Korea,-0.03393151815181528
2024-05-01,Malaysia,0.02897970338309874
2024-05-01,Mexico,-0.02428087583129779
2024-05-01,NASDAQ,0.06983073877104884
2024-05-01,Netherlands,0.05690607902358469
2024-05-01,Philippines,-0.06069379332064384
2024-05-01,Poland,0.03761193609813773
2024-05-01,Saudi Arabia,-0.07525370349048044
2024-05-01,Singapore,0.03840411783730757
2024-05-01,South Africa,-0.002023921460025613
2024-05-01,Spain,0.05752532529001275
2024-05-01,Sweden,0.06631898309925921
2024-05-01,Switzerland,0.07870237009001957
2024-05-01,Taiwan,0.05302721402521926
2024-05-01,Thailand,-0.01358409377550263
2024-05-01,Turkey,0.06498784081016673
2024-05-01,U.K.,0.04496993265150229
2024-05-01,U.S.,0.04958553765078122
2024-05-01,US SmallCap,0.05014566303682266
2024-05-01,Vietnam,0.04012283657071314
2024-06-01,Australia,0.02093581167620973
2024-06-01,Brazil,-0.03591169219349122
2024-06-01,Canada,-0.01970884679597884
2024-06-01,Chile,-0.05426877607379088
2024-06-01,ChinaA,-0.02535173857679662
2024-06-01,ChinaH,-0.02620948600864248
2024-06-01,Denmark,0.03086017038965316
2024-06-01,France,-0.07660701491124045
2024-06-01,Germany,-0.01820096254670145
2024-06-01,Hong Kong,-0.06453041687271444
2024-06-01,India,0.07035957897585754
2024-06-01,Indonesia,0.02543702375616319
2024-06-01,Italy,-0.05048681926198717
2024-06-01,Japan,-0.008056026620976264
2024-06-01,Korea,0.0861535176684105
2024-06-01,Malaysia,-0.001424756117511583
2024-06-01,Mexico,-0.1052496267783967
2024-06-01,NASDAQ,0.06033021767542945
2024-06-01,Netherlands,0.03101446015056464
2024-06-01,Philippines,0.01271135345621177
2024-06-01,Poland,0.01379487317377115
2024-06-01,Saudi Arabia,0.0209877659409583
2024-06-01,Singapore,0.008235874405247312
2024-06-01,South Africa,0.09437450368751965
2024-06-01,Spain,-0.04818082641375054
2024-06-01,Sweden,-0.01963991333503601
2024-06-01,Switzerland,0.0002852263311383663
2024-06-01,Taiwan,0.1155556248165117
2024-06-01,Thailand,-0.02110048962462108
2024-06-01,Turkey,0.0008086974109269285
2024-06-01,U.K.,-0.01325726633096802
2024-06-01,U.S.,0.03587879940950867
2024-06-01,US SmallCap,-0.00925480411728985
2024-06-01,Vietnam,-0.03306432564816386
2024-07-01,Australia,0.0175167746318019
2024-07-01,Brazil,0.01290939042029993
2024-07-01,Canada,0.04921656182818612
2024-07-01,Chile,-0.004691728883919555
2024-07-01,ChinaA,-0.02123887279600001
2024-07-01,ChinaH,-0.02236252417718931
2024-07-01,Denmark,-0.0416558634660017
2024-07-01,France,0.0229784041638772
2024-07-01,Germany,0.0192003828570031
2024-07-01,Hong Kong,0.004388974718563032
2024-07-01,India,0.04028106467964387
2024-07-01,Indonesia,0.0358430772593159
2024-07-01,Italy,0.03411363353973051
2024-07-01,Japan,0.05792250349249484
2024-07-01,Korea,0.001179477098486315
2024-07-01,Malaysia,0.05265860609689899
2024-07-01,Mexico,0.008696624529129782
2024-07-01,NASDAQ,-0.007275275545560178
2024-07-01,Netherlands,-0.05047861740744009
2024-07-01,Philippines,0.04117525767207897
2024-07-01,Poland,-0.04189704386467952
2024-07-01,Saudi Arabia,0.04144613649353412
2024-07-01,Singapore,0.02993591701820697
2024-07-01,South Africa,0.04998859954849189
2024-07-01,Spain,0.03013909171413354
2024-07-01,Sweden,0.00601077607919942
2024-07-01,Switzerland,0.04811254050834579
2024-07-01,Taiwan,-0.0492991886463765
2024-07-01,Thailand,0.06182699658480173
2024-07-01,Turkey,-0.01581140042931062
2024-07-01,U.K.,0.04248589064966168
2024-07-01,U.S.,0.01217252896583787
2024-07-01,US SmallCap,0.1015990951017347
2024-07-01,Vietnam,-0.01531805144851806
2024-08-01,Australia,0.04043813723902168
2024-08-01,Brazil,0.06801447104385305
2024-08-01,Canada,0.04084530641745343
2024-08-01,Chile,0.0337282774194454
2024-08-01,ChinaA,0.009376637840670998
2024-08-01,ChinaH,0.005148711052920252
2024-08-01,Denmark,0.0375031223900153
2024-08-01,France,0.03797967644401323
2024-08-01,Germany,0.04739091732112999
2024-08-01,Hong Kong,0.05877552019108179
2024-08-01,India,0.01029226617851209
2024-08-01,Indonesia,0.09473573161725923
2024-08-01,Italy,0.049023040728156
2024-08-01,Japan,0.004863679956158329
2024-08-01,Korea,-0.02758688395837416
2024-08-01,Malaysia,0.09781512630623235
2024-08-01,Mexico,-0.05214614760151604
2024-08-01,NASDAQ,0.007354862310087196
2024-08-01,Netherlands,0.01589931544387069
2024-08-01,Philippines,0.1023343774668002
2024-08-01,Poland,0.02273910890105979
2024-08-01,Saudi Arabia,0.007194709513755226
2024-08-01,Singapore,0.05341853013171294
2024-08-01,South Africa,0.03193640590868374
2024-08-01,Spain,0.04927793564366589
2024-08-01,Sweden,0.04580725893395665
2024-08-01,Switzerland,0.04764955664368142
2024-08-01,Taiwan,0.03233483571828377
2024-08-01,Thailand,0.08354890177676633
2024-08-01,Turkey,-0.1004406167311082
2024-08-01,U.K.,0.04459750389417194
2024-08-01,U.S.,0.02425753586402246
2024-08-01,US SmallCap,-0.01495371444908633
2024-08-01,Vietnam,0.0232929702917537
2024-09-01,Australia,0.05947807157449048
2024-09-01,Brazil,-0.00830092768299484
2024-09-01,Canada,0.02688583453137028
2024-09-01,Chile,0.02371997990498409
2024-09-01,ChinaA,0.2363289711740508
2024-09-01,ChinaH,0.2300571282264647
2024-09-01,Denmark,-0.1000195082605155
2024-09-01,France,0.01279650053690617
2024-09-01,Germany,0.03725794280564654
2024-09-01,Hong Kong,0.1699887991962119
2024-09-01,India,0.02204203154339335
2024-09-01,Indonesia,0.01397320998361762
2024-09-01,Italy,-0.001724553213409585
2024-09-01,Japan,-0.01338366321850259
2024-09-01,Korea,-0.03321554770318025
2024-09-01,Malaysia,0.04280504146571573
2024-09-01,Mexico,0.01215542953784787
2024-09-01,NASDAQ,0.02756638681341128
2024-09-01,Netherlands,-0.0148538272163794
2024-09-01,Philippines,0.05663728906196641
2024-09-01,Poland,-0.01455463079261698
2024-09-01,Saudi Arabia,0.00934914422526334
2024-09-01,Singapore,0.0835009072474473
2024-09-01,South Africa,0.07265361055034103
2024-09-01,Spain,0.05129326574786264
2024-09-01,Sweden,0.03019159245420955
2024-09-01,Switzerland,-0.01233125434410964
2024-09-01,Taiwan,0.0133435348974551
2024-09-01,Thailand,0.1176484336914931
2024-09-01,Turkey,-0.01298961442034707
2024-09-01,U.K.,0.004418930051266257
2024-09-01,U.S.,0.02135415293872844
2024-09-01,US SmallCap,0.006988900785262597
2024-09-01,Vietnam,0.0005578155519330164
2024-10-01,Australia,-0.06751003252873666
2024-10-01,Brazil,-0.05472454316731601
2024-10-01,Canada,-0.02288774106233338
2024-10-01,Chile,-0.05278302532592061
2024-10-01,ChinaA,-0.05968519459111132
2024-10-01,ChinaH,-0.0565258399193419
2024-10-01,Denmark,-0.05928159136183098
2024-10-01,France,-0.06397026522233462
2024-10-01,Germany,-0.04518459730141633
2024-10-01,Hong Kong,-0.05931949767009692
2024-10-01,India,-0.07678995726024174
2024-10-01,Indonesia,-0.04694924919216892
2024-10-01,Italy,-0.02102697060321546
2024-10-01,Japan,-0.03897700951591232
2024-10-01,Korea,-0.0678780284043442
2024-10-01,Malaysia,-0.08030372328261537
2024-10-01,Mexico,-0.04975789758694815
2024-10-01,NASDAQ,-0.004945063872960676
2024-10-01,Netherlands,-0.1137276268204884
2024-10-01,Philippines,-0.0583645846803742
2024-10-01,Poland,-0.08483755676664084
2024-10-01,Saudi Arabia,-0.01607754539627981
2024-10-01,Singapore,-0.03186485584738286
2024-10-01,South Africa,-0.02410471793823732
2024-10-01,Spain,-0.04451806697398575
2024-10-01,Sweden,-0.0883399961195962
2024-10-01,Switzerland,-0.05490149372803765
2024-10-01,Taiwan,0.03731359184597105
2024-10-01,Thailand,-0.03600524603485222
2024-10-01,Turkey,-0.0957282820287706
2024-10-01,U.K.,-0.05365064457039526
2024-10-01,U.S.,-0.009153179568604619
2024-10-01,US SmallCap,-0.01444408831347088
2024-10-01,Vietnam,-0.026237264652064
2024-11-01,Australia,0.03469984973898077
2024-11-01,Brazil,-0.07049678831173223
2024-11-01,Canada,0.06667227595710723
2024-11-01,Chile,-0.01590150690751213
2024-11-01,ChinaA,-0.04484161601217096
2024-11-01,ChinaH,-0.04164362783963593
2024-11-01,Denmark,-0.03432115250259815
2024-11-01,France,-0.04250377018707774
2024-11-01,Germany,-0.002325224553440086
2024-11-01,Hong Kong,-0.03578265863653873
2024-11-01,India,-0.004497999007970099
2024-11-01,Indonesia,-0.07857997606701228
2024-11-01,Italy,-0.05574227850513624
2024-11-01,Japan,0.006237039254071819
2024-11-01,Korea,-0.05948913287026658
2024-11-01,Malaysia,-0.01454137651377052
2024-11-01,Mexico,-0.02929861435834946
2024-11-01,NASDAQ,0.06298310614345026
2024-11-01,Netherlands,-0.007452787171850939
2024-11-01,Philippines,-0.07789476361231906
2024-11-01,Poland,-0.02091553468738916
2024-11-01,Saudi Arabia,-0.02865288940659405
2024-11-01,Singapore,0.08004250236584687
2024-11-01,South Africa,-0.04332128209399078
2024-11-01,Spain,-0.03618575636253929
2024-11-01,Sweden,-0.02977842627113214
2024-11-01,Switzerland,-0.02181296946135558
2024-11-01,Taiwan,-0.04482163207474976
2024-11-01,Thailand,-0.04328477083895044
2024-11-01,Turkey,0.07255293648021177
2024-11-01,U.K.,0.01994444508734827
2024-11-01,U.S.,0.05869998742299765
2024-11-01,US SmallCap,0.1096613185539437
2024-11-01,Vietnam,-0.01930433551115696
2024-12-01,Australia,-0.08091470612474494
2024-12-01,Brazil,-0.08100801837691418
2024-12-01,Canada,-0.05680658129128291
2024-12-01,Chile,0.0009445756193178223
2024-12-01,ChinaA,0.02651506295226835
2024-12-01,ChinaH,0.02707676281682359
2024-12-01,Denmark,-0.1370119196016251
2024-12-01,France,0.0003552380498335062
2024-12-01,Germany,-0.01012529554573482
2024-12-01,Hong Kong,-0.005305554821648517
2024-12-01,India,-0.02753015049735563
2024-12-01,Indonesia,-0.04329004329004338
2024-12-01,Italy,0.003148745323985569
2024-12-01,Japan,-0.004459568588077389
2024-12-01,Korea,-0.07611673615247183
2024-12-01,Malaysia,0.02753477925856829
2024-12-01,Mexico,-0.02831727848478505
2024-12-01,NASDAQ,0.005566600711523373
2024-12-01,Netherlands,-0.005576224305467892
2024-12-01,Philippines,-0.0115339744774271
2024-12-01,Poland,-0.01226165737090879
2024-12-01,Saudi Arabia,0.03097833819204809
2024-12-01,Singapore,-0.01457095997175639
2024-12-01,South Africa,-0.05975141063427525
2024-12-01,Spain,-0.0205254522601851
2024-12-01,Sweden,-0.03011131756034391
2024-12-01,Switzerland,-0.03997332823460598
2024-12-01,Taiwan,0.04135021695204166
2024-12-01,Thailand,-0.02709338861714872
2024-12-01,Turkey,-0.0007872775448629632
2024-12-01,U.K.,-0.02635393754530024
2024-12-01,U.S.,-0.02391228019688751
2024-12-01,US SmallCap,-0.0826257628929068
2024-12-01,Vietnam,-0.003085096408685484
2025-01-01,Australia,0.05513891369517077
2025-01-01,Brazil,0.1244538688629504
2025-01-01,Canada,0.02844282411441523
2025-01-01,Chile,0.0883396808318857
2025-01-01,ChinaA,0.006727660707244176
2025-01-01,ChinaH,0.008080208112988485
2025-01-01,Denmark,-0.01618037906359737
2025-01-01,France,0.07975769295065005
2025-01-01,Germany,0.09353283800650414
2025-01-01,Hong Kong,-0.02287064230007652
2025-01-01,India,-0.03470683251540685
2025-01-01,Indonesia,0.0005656108597285048
2025-01-01,Italy,0.07638830968151056
2025-01-01,Japan,0.0155868323411914
2025-01-01,Korea,0.06884992264053635
2025-01-01,Malaysia,-0.04678532473688124
2025-01-01,Mexico,0.03743459357125145
2025-01-01,NASDAQ,0.01663781138260201
2025-01-01,Netherlands,0.05182790658980552
2025-01-01,Philippines,-0.09270394169626583
2025-01-01,Poland,0.1395057443843422
2025-01-01,Saudi Arabia,0.0252047178478263
2025-01-01,Singapore,0.04869441132359498
2025-01-01,South Africa,0.05829006127833813
2025-01-01,Spain,0.07973544588068093
2025-01-01,Sweden,0.09769962496311835
2025-01-01,Switzerland,0.0814649370372642
2025-01-01,Taiwan,0.03227269019765644
2025-01-01,Thailand,-0.02297017439886007
2025-01-01,Turkey,0.01624607568185144
2025-01-01,U.K.,0.05305137160122464
2025-01-01,U.S.,0.02779277329185681
2025-01-01,US SmallCap,0.02621910349903356
2025-01-01,Vietnam,-0.009567466444450612
2025-02-01,Australia,-0.04509828833131868
2025-02-01,Brazil,-0.04719806405313842
2025-02-01,Canada,0.003424390912730502
2025-02-01,Chile,0.0403427711801061
2025-02-01,ChinaA,0.1175906640139481
2025-02-01,ChinaH,0.1158876115012137
2025-02-01,Denmark,0.05486627146690437
2025-02-01,France,0.02122712865445453
2025-02-01,Germany,0.03727266568197707
2025-02-01,Hong Kong,0.06864741897621807
2025-02-01,India,-0.0799947987499946
2025-02-01,Indonesia,-0.1569248162803843
2025-02-01,Italy,0.05996096480306057
2025-02-01,Japan,-0.01377331229430978
2025-02-01,Korea,-0.001206272617611637
2025-02-01,Malaysia,0.003869406229242367
2025-02-01,Mexico,0.032442173242198
2025-02-01,NASDAQ,-0.03909023545295576
2025-02-01,Netherlands,-0.003610210746867293
2025-02-01,Philippines,0.03833024780579009
2025-02-01,Poland,0.07664545083156216
2025-02-01,Saudi Arabia,-0.0150521827770459
2025-02-01,Singapore,0.02567848294626685
2025-02-01,South Africa,-0.002774487708341877
2025-02-01,Spain,0.09594553290050767
2025-02-01,Sweden,0.0554183701569062
2025-02-01,Switzerland,0.03468219422914154
2025-02-01,Taiwan,-0.04384367120141208
2025-02-01,Thailand,-0.09060239157326533
2025-02-01,Turkey,-0.04575072783443512
2025-02-01,U.K.,0.04175674251787331
2025-02-01,U.S.,-0.01304957978830257
2025-02-01,US SmallCap,-0.05350922486831711
2025-02-01,Vietnam,0.04105915883687183
2025-03-01,Australia,-0.0269728961411797
2025-03-01,Brazil,0.0654068342949945
2025-03-01,Canada,-0.018893640859589
2025-03-01,Chile,0.04636990833342147
2025-03-01,ChinaA,0.0195392220497268
2025-03-01,ChinaH,0.01943325384026262
2025-03-01,Denmark,-0.1610744357450256
2025-03-01,France,-0.00145821597111262
2025-03-01,Germany,0.01674097617227321
2025-03-01,Hong Kong,-0.0001975459288889869
2025-03-01,India,0.09215437763994161
2025-03-01,Indonesia,0.05833445085154887
2025-03-01,Italy,0.02481591608545086
2025-03-01,Japan,-0.007457779260935382
2025-03-01,Korea,-0.01231884057971011
2025-03-01,Malaysia,-0.01691627241490956
2025-03-01,Mexico,0.01389877372052295
2025-03-01,NASDAQ,-0.08140081990418369
2025-03-01,Netherlands,-0.0286088557152766
2025-03-01,Philippines,0.06436183131045681
2025-03-01,Poland,0.07253841389839244
2025-03-01,Saudi Arabia,0.006900870006314452
2025-03-01,Singapore,0.02045922831887892
2025-03-01,South Africa,0.08260194521779685
2025-03-01,Spain,0.03324429709592391
2025-03-01,Sweden,-0.03313248949444536
2025-03-01,Switzerland,-0.009254769553616593
2025-03-01,Taiwan,-0.117245384061166
2025-03-01,Thailand,-0.02132204151989803
2025-03-01,Turkey,-0.06004973670027713
2025-03-01,U.K.,0.01504218442966554
2025-03-01,U.S.,-0.05634395208656673
2025-03-01,US SmallCap,-0.0680892823724426
2025-03-01,Vietnam,0.02232175820633953
2025-04-01,Australia,0.06551722376524727
2025-04-01,Brazil,0.05085662958012072
2025-04-01,Canada,0.04395541195524988
2025-04-01,Chile,0.03618712259687396
2025-04-01,ChinaA,-0.04511654227713513
2025-04-01,ChinaH,-0.04752079744933491
2025-04-01,Denmark,0.01046772675877294
2025-04-01,France,0.03079536573838992
2025-04-01,Germany,0.07248075278850741
2025-04-01,Hong Kong,0.0002680210544709904
2025-04-01,India,0.04739224887772497
2025-04-01,Indonesia,0.05220476431829701
2025-04-01,Italy,0.04190654657515203
2025-04-01,Japan,0.05219207752986255
2025-04-01,Korea,0.04573245292247496
2025-04-01,Malaysia,0.0421861572462463
2025-04-01,Mexico,0.1303169372212361
2025-04-01,NASDAQ,0.008845384509492904
2025-04-01,Netherlands,0.03925762769468299
2025-04-01,Philippines,0.05742565441092573
2025-04-01,Poland,0.04724822780562921
2025-04-01,Saudi Arabia,-0.02057455814458298
2025-04-01,Singapore,0.01138683422724518
2025-04-01,South Africa,0.0380828816187524
2025-04-01,Spain,0.06631286448015183
2025-04-01,Sweden,0.03183017928522069
2025-04-01,Switzerland,0.0408195808886429
2025-04-01,Taiwan,0.02438773456492616
2025-04-01,Thailand,0.07559826932649227
2025-04-01,Turkey,-0.0680304609193052
2025-04-01,U.K.,0.0315928503729701
2025-04-01,U.S.,-0.006781301399579553
2025-04-01,US SmallCap,-0.02311320949472073
2025-04-01,Vietnam,-0.03857894375981941
2025-05-01,Australia,0.04290905426755276
2025-05-01,Brazil,0.0005087233424636572
2025-05-01,Canada,0.05806808747639036
2025-05-01,Chile,0.01959482014783154
2025-05-01,ChinaA,0.02424338518442481
2025-05-01,ChinaH,0.03219149708416857
2025-05-01,Denmark,0.05734367967658471
2025-05-01,France,0.0190681694144641
2025-05-01,Germany,0.04332376432668239
2025-05-01,Hong Kong,0.09366282631783784
2025-05-01,India,0.01379776910409691
2025-05-01,Indonesia,0.090077071290944
2025-05-01,Italy,0.06826814665330594
2025-05-01,Japan,0.04002165957428305
2025-05-01,Korea,0.0792797006548176
2025-05-01,Malaysia,-0.004465455879868907
2025-05-01,Mexico,0.0453816817762247
2025-05-01,NASDAQ,0.09649933888583484
2025-05-01,Netherlands,0.08464981179676223
2025-05-01,Philippines,0.006870944142987279
2025-05-01,Poland,0.04012776493132675
2025-05-01,Saudi Arabia,-0.04733133934614386
2025-05-01,Singapore,0.06461518986899506
2025-05-01,South Africa,0.05277955276857837
2025-05-01,Spain,0.06215966143527552
2025-05-01,Sweden,0.0324389560819609
2025-05-01,Switzerland,0.01574797067463507
2025-05-01,Taiwan,0.1252316465547627
2025-05-01,Thailand,-0.03498579636472376
2025-05-01,Turkey,-0.006096767716743723
2025-05-01,U.K.,0.05256039832767634
2025-05-01,U.S.,0.0629461912877669
2025-05-01,US SmallCap,0.05339310375785034
2025-05-01,Vietnam,0.1112761913817737
2025-06-01,Australia,0.03908395239088103
2025-06-01,Brazil,0.07883078894587836
2025-06-01,Canada,0.03511522473462625
2025-06-01,Chile,0.05262547854393507
2025-06-01,ChinaA,0.03187535607745695
2025-06-01,ChinaH,0.0320510829277505
2025-06-01,Denmark,0.004825749783141209
2025-06-01,France,0.0225265533329555
2025-06-01,Germany,0.02335187975572506
2025-06-01,Hong Kong,0.0585522742857465
2025-06-01,India,0.034766190823452
2025-06-01,Indonesia,-0.04043305346884662
2025-06-01,Italy,0.02260805299059521
2025-06-01,Japan,0.01600667435975489
2025-06-01,Korea,0.175189599133261
2025-06-01,Malaysia,0.02795621147971294
2025-06-01,Mexico,0.02224439876119799
2025-06-01,NASDAQ,0.06640250783781698
2025-06-01,Netherlands,0.03942918253701944
2025-06-01,Philippines,-0.008423567170303459
2025-06-01,Poland,0.06626072859858168
2025-06-01,Saudi Arabia,0.01799334708364819
2025-06-01,Singapore,0.02237609279950381
2025-06-01,South Africa,0.04394668966013704
2025-06-01,Spain,0.02290851716171116
2025-06-01,Sweden,0.02705155449170515
2025-06-01,Switzerland,0.00888673398514217
2025-06-01,Taiwan,0.08757513945793782
2025-06-01,Thailand,-0.02911253255424473
2025-06-01,Turkey,0.1118460822664811
2025-06-01,U.K.,0.01648253549234302
2025-06-01,U.S.,0.05084829749266007
2025-06-01,US SmallCap,0.05433925790882088
2025-06-01,Vietnam,0.03781406363340944
2025-07-01,Australia,-0.003080186192997325
2025-07-01,Brazil,-0.06848281639029163
2025-07-01,Canada,0.003479154108019245
2025-07-01,Chile,-0.04916545281899287
2025-07-01,ChinaA,0.04544146616790989
2025-07-01,ChinaH,0.04632171287400499
2025-07-01,Denmark,-0.1638098426170634
2025-07-01,France,-0.01239583787173015
2025-07-01,Germany,-0.01815878467124432
2025-07-01,Hong Kong,0.04796656151249845
2025-07-01,India,-0.05013747403053792
2025-07-01,Indonesia,-0.01807506332028552
2025-07-01,Italy,0.01052315658976233
2025-07-01,Japan,-0.01406898147109525
2025-07-01,Korea,0.03918134046280075
2025-07-01,Malaysia,-0.02374417788105287
2025-07-01,Mexico,-0.0005891276197101947
2025-07-01,NASDAQ,0.03734264617352956
2025-07-01,Netherlands,-0.06154256084356757
2025-07-01,Philippines,-0.0418562233456512
2025-07-01,Poland,0.004177323419286783
2025-07-01,Saudi Arabia,-0.01179015241388115
2025-07-01,Singapore,0.01797216540357782
2025-07-01,South Africa,-0.002027212119864785
2025-07-01,Spain,0.01424461201177585
2025-07-01,Sweden,-0.03365470695927542
2025-07-01,Switzerland,-0.02482099482221789
2025-07-01,Taiwan,0.04709082962440014
2025-07-01,Thailand,0.139786621275561
2025-07-01,Turkey,0.05734654628301916
2025-07-01,U.K.,0.009565598493762817
2025-07-01,U.S.,0.02244289769651564
2025-07-01,US SmallCap,0.01734676195854501
2025-07-01,Vietnam,0.1560921701948752
2025-08-01,Australia,0.04006851438342807
2025-08-01,Brazil,0.1037148248183777
2025-08-01,Canada,0.05505608812175233
2025-08-01,Chile,0.1118436951113779
2025-08-01,ChinaA,0.04895456940680498
2025-08-01,ChinaH,0.04137253345207981
2025-08-01,Denmark,0.06877212874353567
2025-08-01,France,0.01398512336077062
2025-08-01,Germany,0.01230720858809597
2025-08-01,Hong Kong,0.02570588304056121
2025-08-01,India,-0.02221165202083941
2025-08-01,Indonesia,0.007738304607808777
2025-08-01,Italy,0.05327258696520132
2025-08-01,Japan,0.06931701410561164
2025-08-01,Korea,-0.0147267565649396
2025-08-01,Malaysia,0.0468181150682816
2025-08-01,Mexico,0.03206678073463509
2025-08-01,NASDAQ,0.01650648271047195
2025-08-01,Netherlands,0.02766582896514991
2025-08-01,Philippines,0.01522087182336862
2025-08-01,Poland,-0.01931741997711345
2025-08-01,Saudi Arabia,-0.01016339343595318
2025-08-01,Singapore,0.0714673276252531
2025-08-01,South Africa,0.07685488185625822
2025-08-01,Spain,0.06703710161289322
2025-08-01,Sweden,0.05426744688592056
2025-08-01,Switzerland,0.04446973827349265
2025-08-01,Taiwan,-0.009859461666654745
2025-08-01,Thailand,0.003300165008250477
2025-08-01,Turkey,0.02537268012432325
2025-08-01,U.K.,0.04619576954946969
2025-08-01,U.S.,0.0202718243706379
2025-08-01,US SmallCap,0.07143415928662478
2025-08-01,Vietnam,0.131162600714503
2025-09-01,Australia,-0.002350210199504654
2025-09-01,Brazil,0.05474372298026275
2025-09-01,Canada,0.03769343492469202
2025-09-01,Chile,-0.006811242530010975
2025-09-01,ChinaA,0.09568443904211277
2025-09-01,ChinaH,0.09397758097753117
2025-09-01,Denmark,-0.03089613593569873
2025-09-01,France,0.02832543489123052
2025-09-01,Germany,-0.00518898641020471
2025-09-01,Hong Kong,0.01468048087526141
2025-09-01,India,0.004045553010049385
2025-09-01,Indonesia,-0.02780686445607916
2025-09-01,Italy,0.01506134572234052
2025-09-01,Japan,0.01648178317007609
2025-09-01,Korea,0.1043580046821537
2025-09-01,Malaysia,0.04136823374120713
2025-09-01,Mexico,0.0986298903429439
2025-09-01,NASDAQ,0.05676638490781483
2025-09-01,Netherlands,0.1311590280826003
2025-09-01,Philippines,-0.05169260283920474
2025-09-01,Poland,0.02210734515601409
2025-09-01,Saudi Arabia,0.08890919355530236
2025-09-01,Singapore,-0.00315337844496244
2025-09-01,South Africa,0.1180759745054629
2025-09-01,Spain,0.04291706372956572
2025-09-01,Sweden,0.01846365518132487
2025-09-01,Switzerland,-0.004671839545717815
2025-09-01,Taiwan,0.09170182179084896
2025-09-01,Thailand,0.0260387075338484
2025-09-01,Turkey,-0.001188582112038317
2025-09-01,U.K.,0.01341523355306862
2025-09-01,U.S.,0.03640438443009608
2025-09-01,US SmallCap,0.03111308972701776
2025-09-01,Vietnam,0.00354200162040752
2025-10-01,Australia,-0.01039341427800478
2025-10-01,Brazil,0.00676870388960138
2025-10-01,Canada,0.003786025585759134
2025-10-01,Chile,0.07120805905693905
2025-10-01,ChinaA,-0.03866744036343284
2025-10-01,ChinaH,-0.03959648031286112
2025-10-01,Denmark,-0.03280050252962297
2025-10-01,France,0.008266364229869705
2025-10-01,Germany,-0.02091832992805343
2025-10-01,Hong Kong,0.001881894779975024
2025-10-01,India,0.04458680492289346
2025-10-01,Indonesia,0.04200574437529925
2025-10-01,Italy,-0.005980668439110159
2025-10-01,Japan,0.03392910317633602
2025-10-01,Korea,0.2233999184671831
2025-10-01,Malaysia,0.00300271491155657
2025-10-01,Mexico,-0.007816865685585928
2025-10-01,NASDAQ,0.04722251037384839
2025-10-01,Netherlands,0.02768433346019306
2025-10-01,Philippines,0.004148927050890094
2025-10-01,Poland,0.04628590430512647
2025-10-01,Saudi Arabia,0.0094989413922697
2025-10-01,Singapore,-0.003463419689039293
2025-10-01,South Africa,0.005972111331394414
2025-10-01,Spain,0.01614669521827161
2025-10-01,Sweden,0.01646154656059329
2025-10-01,Switzerland,0.006008476556410569
2025-10-01,Taiwan,0.09840474524505893
2025-10-01,Thailand,0.04564589458958834
2025-10-01,Turkey,-0.03824863955234203
2025-10-01,U.K.,0.01914288124558583
2025-10-01,U.S.,0.02341364091199827
2025-10-01,US SmallCap,0.0180914592769954
2025-10-01,Vietnam,-0.01299764572465045
2025-11-01,Australia,-0.03171076614009427
2025-11-01,Brazil,0.0771823092870092
2025-11-01,Canada,0.04229306030527136
2025-11-01,Chile,0.08867206661280536
2025-11-01,ChinaA,-0.02531447478240134
2025-11-01,ChinaH,-0.02489893614783711
2025-11-01,Denmark,0.03467600494496037
2025-11-01,France,0.006445254923130639
2025-11-01,Germany,0.003754427466564181
2025-11-01,Hong Kong,0.02557882932365607
2025-11-01,India,0.01017835409968648
2025-11-01,Indonesia,0.01355231422992986
2025-11-01,Italy,0.01440800913530849
2025-11-01,Japan,-0.007146816382418542
2025-11-01,Korea,-0.07377540819726758
2025-11-01,Malaysia,0.01172095397967543
2025-11-01,Mexico,0.0288249336391817
2025-11-01,NASDAQ,-0.01447753000219942
2025-11-01,Netherlands,-0.01922109178426867
2025-11-01,Philippines,0.01955199162260768
2025-11-01,Poland,0.01575995802821817
2025-11-01,Saudi Arabia,-0.08368948006508625
2025-11-01,Singapore,0.00180868136060286
2025-11-01,South Africa,0.0418960767064458
2025-11-01,Spain,0.03323617874169882
2025-11-01,Sweden,-0.004462756020721104
2025-11-01,Switzerland,0.04359251511694962
2025-11-01,Taiwan,-0.05007755894828392
2025-11-01,Thailand,-0.01934606761058866
2025-11-01,Turkey,-0.03293630850969176
2025-11-01,U.K.,0.01906841200235565
2025-11-01,U.S.,0.002451200896829375
2025-11-01,US SmallCap,0.009580515573985648
2025-11-01,Vietnam,0.054686464014571
2025-12-01,Australia,0.03757233592749687
2025-12-01,Brazil,-0.01147867297213678
2025-12-01,Canada,0.03041659707119204
2025-12-01,Chile,0.0762294421533738
2025-12-01,ChinaA,-0.01422291153549993
2025-12-01,ChinaH,-0.01618730640805521
2025-12-01,Denmark,0.05205941472995934
2025-12-01,France,0.01586552321705459
2025-12-01,Germany,0.04378127584919356
2025-12-01,Hong Kong,-0.004911367334161532
2025-12-01,India,-0.006418293805198649
2025-12-01,Indonesia,-0.006572237960339899
2025-12-01,Italy,0.04677019348186273
2025-12-01,Japan,0.004352622039341503
2025-12-01,Korea,0.1228953806303066
2025-12-01,Malaysia,0.06583054958875456
2025-12-01,Mexico,0.03430215537715786
2025-12-01,NASDAQ,-0.004670113380332408
2025-12-01,Netherlands,0.02608120168911987
2025-12-01,Philippines,0.01096867647428201
2025-12-01,Poland,0.07888883120574697
2025-12-01,Saudi Arabia,-0.001201516551438409
2025-12-01,Singapore,0.01187390764169294
2025-12-01,South Africa,0.09027296774670335
2025-12-01,Spain,0.07033280221859495
2025-12-01,Sweden,0.04644156822111678
2025-12-01,Switzerland,0.04609607497424562
2025-12-01,Taiwan,0.05651656846557751
2025-12-01,Thailand,0.0252572940778939
2025-12-01,Turkey,0.03828227840100173
2025-12-01,U.K.,0.03923018532251277
2025-12-01,U.S.,0.000591759619567922
2025-12-01,US SmallCap,-0.005817352626195982
2025-12-01,Vietnam,0.06421118449144725
2026-01-01,Australia,0.06070781334040976
2026-01-01,Brazil,0.167980707133917
2026-01-01,Canada,0.011541363499465
2026-01-01,Chile,0.1325598084526463
2026-01-01,ChinaA,0.04661938544756317
2026-01-01,ChinaH,0.04890161028459805
2026-01-01,Denmark,0.08710416230247575
2026-01-01,France,0.01194671605791586
2026-01-01,Germany,0.01670204458004454
2026-01-01,Hong Kong,0.1033890946708922
2026-01-01,India,-0.04746369227001823
2026-01-01,Indonesia,-0.04562564161058513
2026-01-01,Italy,0.02657603490274774
2026-01-01,Japan,0.06585793468690304
2026-01-01,Korea,0.2776496219402793
2026-01-01,Malaysia,0.06917486755267777
2026-01-01,Mexico,0.09646589161228736
2026-01-01,NASDAQ,0.00966819923559381
2026-01-01,Netherlands,0.1484036119514884
2026-01-01,Philippines,0.04985602791650456
2026-01-01,Poland,0.070351357454848
2026-01-01,Saudi Arabia,0.1047559357647931
2026-01-01,Singapore,0.0382055950554927
2026-01-01,South Africa,0.07629050551608563
2026-01-01,Spain,0.05187683894432227
2026-01-01,Sweden,0.06270156798593685
2026-01-01,Switzerland,0.02643494903945909
2026-01-01,Taiwan,0.1109550008935163
2026-01-01,Thailand,0.06282899904207184
2026-01-01,Turkey,0.2362370504962497
2026-01-01,U.K.,0.05265724273259287
2026-01-01,U.S.,0.01436379254772047
2026-01-01,US SmallCap,0.05392730926304545
2026-01-01,Vietnam,-0.03167228033402458
2026-02-01,Australia,0.08155628643187396
2026-02-01,Brazil,0.03942865203575097
2026-02-01,Canada,0.06172196469774738
2026-02-01,Chile,-0.06337289950222846
2026-02-01,ChinaA,-0.05775026756819424
2026-02-01,ChinaH,-0.05830120390005511
2026-02-01,Denmark,-0.1857199231608577
2026-02-01,France,0.05114628473398453
2026-02-01,Germany,0.02581429650724232
2026-02-01,Hong Kong,0.02650825856159744
2026-02-01,India,0.01076229650945826
2026-02-01,Indonesia,-0.01422254093462416
2026-02-01,Italy,0.02793424550346946
2026-02-01,Japan,0.08571444520927063
2026-02-01,Korea,0.2257385024324188
2026-02-01,Malaysia,-0.003393313966092881
2026-02-01,Mexico,0.07176506656882253
2026-02-01,NASDAQ,-0.03328587580349096
2026-02-01,Netherlands,0.003900186257683069
2026-02-01,Philippines,0.07302212568567557
2026-02-01,Poland,0.01194966692482446
2026-02-01,Saudi Arabia,-0.05565347027740231
2026-02-01,Singapore,0.00958618699029068
2026-02-01,South Africa,0.1038842625408596
2026-02-01,Spain,0.008447431743304756
2026-02-01,Sweden,0.04405042199686093
2026-02-01,Switzerland,0.05863490534545912
2026-02-01,Taiwan,0.1275473904713631
2026-02-01,Thailand,0.2092900593235323
2026-02-01,Turkey,-0.008492386704941124
2026-02-01,U.K.,0.05694107308262097
2026-02-01,U.S.,-0.007599698221970597
2026-02-01,US SmallCap,0.008023962556973352
2026-02-01,Vietnam,0.05176482468881249
2026-03-01,Australia,-0.09149819991424701
2026-03-01,Brazil,-0.01839777549252886
2026-03-01,Canada,-0.05602279435661983
2026-03-01,Chile,-0.07232399157417113
2026-03-01,ChinaA,-0.0771177900090666
2026-03-01,ChinaH,-0.07443308946265592
2026-03-01,Denmark,-0.04764061315461354
2026-03-01,France,-0.111334419904878
2026-03-01,Germany,-0.1241576879842677
2026-03-01,Hong Kong,-0.06825567282929379
2026-03-01,India,-0.1446352274661913
2026-03-01,Indonesia,-0.1507032007759457
2026-03-01,Italy,-0.0862106848394315
2026-03-01,Japan,-0.1309367348141445
2026-03-01,Korea,-0.2458265139116202
2026-03-01,Malaysia,-0.03851192863903041
2026-03-01,Mexico,-0.08327576554001026
2026-03-01,NASDAQ,-0.04678678517959811
2026-03-01,Netherlands,-0.110096388000786
2026-03-01,Philippines,-0.1339538440047935
2026-03-01,Poland,-0.06775846729227808
2026-03-01,Saudi Arabia,0.0471705243661622
2026-03-01,Singapore,-0.05268576755241572
2026-03-01,South Africa,-0.180089582603827
2026-03-01,Spain,-0.0882789057647807
2026-03-01,Sweden,-0.1363326080399437
2026-03-01,Switzerland,-0.1230803197143221
2026-03-01,Taiwan,-0.1309394081617413
2026-03-01,Thailand,-0.09060473453893614
2026-03-01,Turkey,-0.07090969687175286
2026-03-01,U.K.,-0.06911442174182003
2026-03-01,U.S.,-0.04983131952621089
2026-03-01,US SmallCap,-0.05006235936140413
2026-03-01,Vietnam,-0.1127694964105812
2026-04-01,Australia,0.0635867094766922
2026-04-01,Brazil,0.040908447486383
2026-04-01,Canada,0.07008115085909128
2026-04-01,Chile,0.05036508724914479
2026-04-01,ChinaA,0.03551137228262524
2026-04-01,ChinaH,0.03307360802342574
2026-04-01,Denmark,0.0945635267221634
2026-04-01,France,0.05530466664808698
2026-04-01,Germany,0.08019144882053397
2026-04-01,Hong Kong,0.03751944253065465
2026-04-01,India,0.08626172034243784
2026-04-01,Indonesia,-0.07437544610992153
2026-04-01,Italy,0.09316656328861428
2026-04-01,Japan,0.09140312023310937
2026-04-01,Korea,0.3736436631944444
2026-04-01,Malaysia,0.04267778564453639
2026-04-01,Mexico,0.0263385865475827
2026-04-01,NASDAQ,0.1531582867930013
2026-04-01,Netherlands,0.10788557755697
2026-04-01,Philippines,-0.02287551182684333
2026-04-01,Poland,0.07506404524737809
2026-04-01,Saudi Arabia,-0.005698568700618467
2026-04-01,Singapore,0.02861992044868833
2026-04-01,South Africa,0.02131091660492479
2026-04-01,Spain,0.06334424540415973
2026-04-01,Sweden,0.05755519876116821
2026-04-01,Switzerland,0.05964780002135472
2026-04-01,Taiwan,0.2622157974196504
2026-04-01,Thailand,0.04108657669836902
2026-04-01,Turkey,0.1126816505371029
2026-04-01,U.K.,0.05621687430353428
2026-04-01,U.S.,0.1049265968024178
2026-04-01,US SmallCap,0.1228500478145318
2026-04-01,Vietnam,0.1704023205552001
2026-05-01,Australia,0.01211009102441296
2026-05-01,Brazil,-0.090915960870815
2026-05-01,Canada,0.01031875722822462
2026-05-01,Chile,0.001662476003915891
2026-05-01,ChinaA,-0.03356230976596453
2026-05-01,ChinaH,-0.03491886621631024
2026-05-01,Denmark,0.02919083411616441
2026-05-01,France,0.006049563587757989
2026-05-01,Germany,0.01772244437690396
2026-05-01,Hong Kong,-0.01069678722777623
2026-05-01,India,-0.004408563695687651
2026-05-01,Indonesia,-0.1226095003084516
2026-05-01,Italy,0.02474945023922004
2026-05-01,Japan,0.04925223184120364
2026-05-01,Korea,0.3500928156720251
2026-05-01,Malaysia,-0.01717187819605726
2026-05-01,Mexico,0.03669675412210482
2026-05-01,NASDAQ,0.08431314147706725
2026-05-01,Netherlands,0.08940737536103827
2026-05-01,Philippines,-0.0110597236661869
2026-05-01,Poland,0.07305237500186745
2026-05-01,Saudi Arabia,-0.006351430305174488
2026-05-01,Singapore,0.03854848860545568
2026-05-01,South Africa,0.02466308340813006
2026-05-01,Spain,0.02480607684787617
2026-05-01,Sweden,0.03317520045149713
2026-05-01,Switzerland,0.0333773129219388
2026-05-01,Taiwan,0.1652890133348119
2026-05-01,Thailand,0.05193667765239529
2026-05-01,Turkey,-0.08426986088400013
2026-05-01,U.K.,0.003699531092365094
2026-05-01,U.S.,0.05263277238907182
2026-05-01,US SmallCap,0.04368356515145466
2026-05-01,Vietnam,-0.01098584282570148
2026-06-01,Australia,-0.02943481552483895
2026-06-01,Brazil,-0.02814315371727116
2026-06-01,Canada,-0.01819743049423284
2026-06-01,Chile,-0.02141493444689191
2026-06-01,ChinaA,-0.07525220516051956
2026-06-01,ChinaH,-0.0741759034753493
2026-06-01,Denmark,0.01774041808274851
2026-06-01,France,0.007680798643487474
2026-06-01,Germany,-0.03268804589782726
2026-06-01,Hong Kong,-0.08571418241380413
2026-06-01,India,0.01535971262902325
2026-06-01,Indonesia,-0.09070135348918962
2026-06-01,Italy,0.01079322731491383
2026-06-01,Japan,-0.00396036080561657
2026-06-01,Korea,0.001784512769505309
2026-06-01,Malaysia,-0.04226544529465825
2026-06-01,Mexico,-0.03096071253567001
2026-06-01,NASDAQ,-0.02749034550531138
2026-06-01,Netherlands,0.1181725595457901
2026-06-01,Philippines,0.08270568804760337
2026-06-01,Poland,-0.05374425621257017
2026-06-01,Saudi Arabia,-0.0269679970626362
2026-06-01,Singapore,0.02658558068619521
2026-06-01,South Africa,-0.06752600617369853
2026-06-01,Spain,0.04990180795687427
2026-06-01,Sweden,-0.03176490216065742
2026-06-01,Switzerland,0.01706843510304634
2026-06-01,Taiwan,0.00981194045143119
2026-06-01,Thailand,-0.02003484320557491
2026-06-01,Turkey,0.0143715049745734
2026-06-01,U.K.,-0.006341427867628924
2026-06-01,U.S.,-0.009525675245488197
2026-06-01,US SmallCap,0.0373592257471036
2026-06-01,Vietnam,-0.000485523569136781
2026-07-01,Australia,0.0484722710146841
2026-07-01,Brazil,0.06402725566689793
2026-07-01,Canada,0.0286042998827909
2026-07-01,Chile,-0.002009908042564401
2026-07-01,ChinaA,0.08653648834235739
2026-07-01,ChinaH,0.08552811055597553
2026-07-01,Denmark,0.002940830944458073
2026-07-01,France,0.01866768643625183
2026-07-01,Germany,0.03188406935072585
2026-07-01,Hong Kong,0.1086996097901516
2026-07-01,India,0.01631536190359717
2026-07-01,Indonesia,0.1121206263290162
2026-07-01,Italy,0.03308890958626742
2026-07-01,Japan,0.01020970581294023
2026-07-01,Korea,-0.1788050461394697
2026-07-01,Malaysia,0.04164100180852714
2026-07-01,Mexico,0.01977521400023097
2026-07-01,NASDAQ,-0.03185270120461525
2026-07-01,Netherlands,-0.0951859598107847
2026-07-01,Philippines,0.0608631680870686
2026-07-01,Poland,0.1049833488602387
2026-07-01,Saudi Arabia,-0.004489041393456739
2026-07-01,Singapore,0.1046431768073313
2026-07-01,South Africa,-0.003014481172628147
2026-07-01,Spain,0.03246786288016201
2026-07-01,Sweden,0.04412891639681327
2026-07-01,Switzerland,0.003244084480196641
2026-07-01,Taiwan,-0.05777465046081243
2026-07-01,Thailand,0.001065684468999351
2026-07-01,Turkey,-0.02924108120786795
2026-07-01,U.K.,0.05461657271337761
2026-07-01,U.S.,-0.0006426773871424096
2026-07-01,US SmallCap,-0.03017486000992387
2026-07-01,Vietnam,-0.06065516497086976
