date,country,value
2000-02-01,Singapore,-0.1516674612005963
2000-03-01,Singapore,-0.09011790904342076
2000-04-01,Singapore,-0.2428910470067034
2000-05-01,Singapore,-0.2804984748992239
2000-06-01,Singapore,-0.1499542627950849
2000-07-01,Singapore,-0.2424797675539422
2000-08-01,Singapore,-0.2513723474956768
2000-09-01,Singapore,-0.2677502113031505
2000-10-01,Singapore,-0.3612015218755804
2000-11-01,Singapore,-0.3528709720761291
2000-12-01,Singapore,-0.2913551286701013
2001-01-01,Singapore,-0.2212620672437349
2001-02-01,Singapore,-0.1300477664527783
2001-03-01,Singapore,-0.1420221052545334
2001-04-01,Singapore,0.08409947387266703
2001-05-01,Singapore,0.04293726400164721
2001-06-01,Singapore,0.06395732864011516
2001-07-01,Singapore,-0.01815961045231285
2001-08-01,Singapore,-0.02753262869398232
2001-09-01,Singapore,-0.04095497290245143
2001-10-01,Singapore,0.06348041628858136
2001-11-01,Singapore,0.1532198186378104
2001-12-01,Singapore,0.01588861244714046
2002-01-01,Singapore,-0.1034261723029896
2002-02-01,Singapore,-0.2352237622085057
2002-03-01,Singapore,-0.2126422865156584
2002-04-01,Singapore,-0.2625893211720702
2002-05-01,Singapore,-0.2330523591410033
2002-06-01,Singapore,-0.1473477610294535
2002-07-01,Singapore,-0.03835030917535565
2002-08-01,Singapore,0.05364534141170685
2002-09-01,Singapore,0.09789052504907891
2002-10-01,Singapore,0.2792962140258011
2002-11-01,Singapore,0.2382080050060789
2002-12-01,Singapore,0.2968794268424346
2003-01-01,Singapore,0.3898449933855548
2003-02-01,Singapore,0.5270517432377348
2003-03-01,Singapore,0.5596431809292215
2003-04-01,Singapore,0.5765940689897924
2003-05-01,Singapore,0.5340119313977296
2003-06-01,Singapore,0.3847258219522969
2003-07-01,Singapore,0.3391377414301215
2003-08-01,Singapore,0.2823818113595327
2003-09-01,Singapore,0.2634367810032696
2003-10-01,Singapore,0.2829544678483873
2003-11-01,Singapore,0.2199581774208794
2003-12-01,Singapore,0.2633007839987886
2004-01-01,Singapore,0.2455898853864511
2004-02-01,Singapore,0.2059700804410738
2004-03-01,Singapore,0.2013326852976913
2004-04-01,Singapore,0.1985464167915287
2004-05-01,Singapore,0.2252329871833803
2004-06-01,Singapore,0.2560496018352461
2004-07-01,Singapore,0.252772530142096
2004-08-01,Singapore,0.3123772110223564
2004-09-01,Singapore,0.2326359793593178
2004-10-01,Singapore,0.1833434354354981
2004-11-01,Singapore,0.1287959164003545
2004-12-01,Singapore,0.1448986392539373
2005-01-01,Singapore,0.1544517985010634
2005-02-01,Singapore,0.1990996321042322
2005-03-01,Singapore,0.2204313510760543
2005-04-01,Singapore,0.2601653048817261
2005-05-01,Singapore,0.3350071043637584
2005-06-01,Singapore,0.2136464048014954
2005-07-01,Singapore,0.2183659537390681
2005-08-01,Singapore,0.1338570144568221
2005-09-01,Singapore,0.2219701124263573
2005-10-01,Singapore,0.2513940168233229
2005-11-01,Singapore,0.4086961122211206
2005-12-01,Singapore,0.4492481569220197
2006-01-01,Singapore,0.4779153094596438
2006-02-01,Singapore,0.4531134936526759
2006-03-01,Singapore,0.4257666410622396
2006-04-01,Singapore,0.4679343637583468
2006-05-01,Singapore,0.437345246155439
2006-06-01,Singapore,0.6411664149860135
2006-07-01,Singapore,0.6179219331036503
2006-08-01,Singapore,0.6347999423060322
2006-09-01,Singapore,0.5171640421269206
2006-10-01,Singapore,0.6453002463013404
2006-11-01,Singapore,0.5885042193009644
2006-12-01,Singapore,0.3680803778510635
2007-01-01,Singapore,0.2897354340036205
2007-02-01,Singapore,0.08443074514120719
2007-03-01,Singapore,0.1205988516571468
2007-04-01,Singapore,0.07831196547576869
2007-05-01,Singapore,0.1031578009209233
2007-06-01,Singapore,0.05822232585834164
2007-07-01,Singapore,-0.03337592035534209
2007-08-01,Singapore,-0.04914821022818017
2007-09-01,Singapore,-0.09501983607312825
2007-10-01,Singapore,-0.3122698205107735
2007-11-01,Singapore,-0.5309174890520968
2007-12-01,Singapore,-0.5076055670063908
2008-01-01,Singapore,-0.4722629259021817
2008-02-01,Singapore,-0.4314851934040752
2008-03-01,Singapore,-0.5143568940455612
2008-04-01,Singapore,-0.482649513620704
2008-05-01,Singapore,-0.429439320935979
2008-06-01,Singapore,-0.2924571554486783
2008-07-01,Singapore,-0.2372929721966688
2008-08-01,Singapore,-0.1120967784381638
2008-09-01,Singapore,-0.05747145625871308
2008-10-01,Singapore,0.1741418526431067
2008-11-01,Singapore,0.6301163854272267
2008-12-01,Singapore,0.7652714150688926
2009-01-01,Singapore,0.7335928426826983
2009-02-01,Singapore,0.7301564413010937
2009-03-01,Singapore,0.9641744455119916
2009-04-01,Singapore,0.8902855631767759
2009-05-01,Singapore,0.7012041012717924
2009-06-01,Singapore,0.2428051514661491
2009-07-01,Singapore,0.293758610251373
2009-08-01,Singapore,0.2050886334409041
2009-09-01,Singapore,0.2292310866558975
2009-10-01,Singapore,0.2531368632478213
2009-11-01,Singapore,0.3090500631590896
2009-12-01,Singapore,0.2277144759628404
2010-01-01,Singapore,0.2200689188810923
2010-02-01,Singapore,0.2989034284706238
2010-03-01,Singapore,0.2215102395738611
2010-04-01,Singapore,0.2305392302147393
2010-05-01,Singapore,0.2276453454340146
2010-06-01,Singapore,0.3204537862830854
2010-07-01,Singapore,0.2546098308678173
2010-08-01,Singapore,0.2183912302362543
2010-09-01,Singapore,0.1095460758587037
2010-10-01,Singapore,-0.1130123263594376
2010-11-01,Singapore,-0.05254996767020581
2010-12-01,Singapore,-0.1160580654855714
2011-01-01,Singapore,-0.1772485338798656
2011-02-01,Singapore,-0.05973553175872148
2011-03-01,Singapore,0.03922131767240877
2011-04-01,Singapore,-0.014265646788167
2011-05-01,Singapore,-0.05845521072052484
2011-06-01,Singapore,-0.1378987118415373
2011-07-01,Singapore,-0.07073440424079969
2011-08-01,Singapore,-0.04392989362090127
2011-09-01,Singapore,0.05191432861423184
2011-10-01,Singapore,0.2567951372430275
2011-11-01,Singapore,0.1202302415839951
2011-12-01,Singapore,0.2386072490902393
2012-01-01,Singapore,0.3094130264776722
2012-02-01,Singapore,0.162251489343785
2012-03-01,Singapore,0.1099619717061113
2012-04-01,Singapore,0.1302195320441604
2012-05-01,Singapore,0.1587616789943247
2012-06-01,Singapore,0.2264758206294712
2012-07-01,Singapore,0.1017188413135248
2012-08-01,Singapore,0.05851925169792715
2012-09-01,Singapore,0.007183216322944608
2012-10-01,Singapore,0.04129603793694869
2012-11-01,Singapore,0.09482575801999671
2012-12-01,Singapore,0.06112718668851613
2013-01-01,Singapore,0.01751537663388292
2013-02-01,Singapore,-0.0622258903088071
2013-03-01,Singapore,-0.03355280620735479
2013-04-01,Singapore,-0.02158415445040096
2013-05-01,Singapore,-0.01549816893292133
2013-06-01,Singapore,0.05417340387579772
2013-07-01,Singapore,0.1044994040745981
2013-08-01,Singapore,0.1114400541724354
2013-09-01,Singapore,0.1583771737837678
2013-10-01,Singapore,0.04281501686339806
2013-11-01,Singapore,-0.003320374998381115
2013-12-01,Singapore,0.02365267378837288
2014-01-01,Singapore,0.03086812016498697
2014-02-01,Singapore,0.07790323896718032
2014-03-01,Singapore,0.04388319441228217
2014-04-01,Singapore,0.01979769820034205
2014-05-01,Singapore,0.04956873795697425
2014-06-01,Singapore,-0.02364827095385069
2014-07-01,Singapore,-0.03575384029211404
2014-08-01,Singapore,-0.1205014278096022
2014-09-01,Singapore,-0.2113900037845416
2014-10-01,Singapore,-0.2149836663478747
2014-11-01,Singapore,-0.1303971594435488
2014-12-01,Singapore,-0.1872023057185466
2015-01-01,Singapore,-0.1761157591190102
2015-02-01,Singapore,-0.2346334250597281
2015-03-01,Singapore,-0.2078829776480879
2015-04-01,Singapore,-0.1176445103047624
2015-05-01,Singapore,-0.1724632809383585
2015-06-01,Singapore,-0.1632398746925944
2015-07-01,Singapore,-0.1163546136957502
2015-08-01,Singapore,-0.06704068033767252
2015-09-01,Singapore,0.03414762858380027
2015-10-01,Singapore,0.0993085650250114
2015-11-01,Singapore,-0.03732348191927215
2015-12-01,Singapore,0.0400785399697241
2016-01-01,Singapore,0.01209613092627126
2016-02-01,Singapore,0.2073512693423352
2016-03-01,Singapore,0.1967768948187665
2016-04-01,Singapore,0.09679694735166611
2016-05-01,Singapore,0.09551332999372408
2016-06-01,Singapore,0.1862485556080244
2016-07-01,Singapore,0.1526027944616402
2016-08-01,Singapore,0.2080251445117389
2016-09-01,Singapore,0.2226204535124194
2016-10-01,Singapore,0.1884535220788845
2016-11-01,Singapore,0.2988985392835133
2016-12-01,Singapore,0.3196796161561528
2017-01-01,Singapore,0.3580234845396062
2017-02-01,Singapore,0.331054100249931
2017-03-01,Singapore,0.2742291376169128
2017-04-01,Singapore,0.22834381096558
2017-05-01,Singapore,0.3007243046677437
2017-06-01,Singapore,0.1779330471528673
2017-07-01,Singapore,0.07966181836206077
2017-08-01,Singapore,0.04294349703680234
2017-09-01,Singapore,0.03046751871570064
2017-10-01,Singapore,0.06808620093384321
2017-11-01,Singapore,-0.06995450316284169
2017-12-01,Singapore,-0.0766173223662383
2018-01-01,Singapore,-0.09357436511608941
2018-02-01,Singapore,-0.09830653441591475
2018-03-01,Singapore,-0.08298390672305556
2018-04-01,Singapore,-0.06423408908671968
2018-05-01,Singapore,-0.06228858647267854
2018-06-01,Singapore,-0.08905896892057807
2018-07-01,Singapore,0.08223794909358428
2018-08-01,Singapore,0.05388088853352269
2018-09-01,Singapore,0.009207490119622186
2018-10-01,Singapore,-0.000802289110175658
2018-11-01,Singapore,0.153271706528582
2018-12-01,Singapore,0.1052877601803366
2019-01-01,Singapore,0.1506903410387506
2019-02-01,Singapore,0.05120539128897517
2019-03-01,Singapore,-0.02107654567426231
2019-04-01,Singapore,-0.2217799062113993
2019-05-01,Singapore,-0.2087602432682357
2019-06-01,Singapore,-0.1590548820270477
2019-07-01,Singapore,-0.2022960904477237
2019-08-01,Singapore,-0.1956679180910239
2019-09-01,Singapore,-0.1252523504540979
2019-10-01,Singapore,-0.1626472164292014
2019-11-01,Singapore,-0.2277882815514364
2019-12-01,Singapore,-0.06844821027008974
2020-01-01,Singapore,-0.0737042250284492
2020-02-01,Singapore,-0.03299629504431756
2020-03-01,Singapore,0.06716905489157621
2020-04-01,Singapore,0.403842433959489
2020-05-01,Singapore,0.3392606333432699
2020-06-01,Singapore,0.3796488349968234
2020-07-01,Singapore,0.2855195353911271
2020-08-01,Singapore,0.3057786124680864
2020-09-01,Singapore,0.2634065061864577
2020-10-01,Singapore,0.2989910865275247
2020-11-01,Singapore,0.392772307201499
2020-12-01,Singapore,0.08527435396509042
2021-01-01,Singapore,0.05740191927193483
2021-02-01,Singapore,0.03823204686337389
2021-03-01,Singapore,0.0005175167793425306
2021-04-01,Singapore,-0.04609065054307482
2021-05-01,Singapore,-0.1449416769979075
2021-06-01,Singapore,-0.1662255987190198
2021-07-01,Singapore,-0.2069196784915754
2021-08-01,Singapore,-0.1725304224647617
2021-09-01,Singapore,-0.1788902151847139
2021-10-01,Singapore,-0.2201569985256694
2021-11-01,Singapore,-0.2517375975207132
2021-12-01,Singapore,-0.1006662090133073
2022-01-01,Singapore,-0.1082043581182974
2022-02-01,Singapore,-0.03274835633330941
2022-03-01,Singapore,-0.0724599597355301
2022-04-01,Singapore,-0.02900642245792939
2022-05-01,Singapore,0.04257736652367083
2022-06-01,Singapore,-0.0005360988759874896
2022-07-01,Singapore,0.09982493063023301
2022-08-01,Singapore,0.134138774924677
2022-09-01,Singapore,0.05762593704915808
2022-10-01,Singapore,0.1130683662356289
2022-11-01,Singapore,0.06233284139319828
2022-12-01,Singapore,-0.02898288378302627
2023-01-01,Singapore,0.05168942535868393
2023-02-01,Singapore,-0.06419174764224722
2023-03-01,Singapore,-0.00459482733948513
2023-04-01,Singapore,-0.01442209710939435
2023-05-01,Singapore,0.03095478305860233
2023-06-01,Singapore,0.1464078483431168
2023-07-01,Singapore,0.134248005975137
2023-08-01,Singapore,0.07030451063127896
2023-09-01,Singapore,0.2324936395668615
2023-10-01,Singapore,0.3399349541559564
2023-11-01,Singapore,0.3588867205830479
2023-12-01,Singapore,0.4394312321335869
2024-01-01,Singapore,0.3203853035157869
2024-02-01,Singapore,0.4499854316988001
2024-03-01,Singapore,0.4744674839818006
2024-04-01,Singapore,0.4468254348106764
2024-05-01,Singapore,0.4078109040266524
2024-06-01,Singapore,0.4433464266411911
2024-07-01,Singapore,0.4635889454895861
2024-08-01,Singapore,0.4465878735583846
2024-09-01,Singapore,0.471373057072483
2024-10-01,Singapore,0.353698230595799
2024-11-01,Singapore,0.3934106344953401
2024-12-01,Singapore,0.2924777194229051
2025-01-01,Singapore,0.3271625123355355
2025-02-01,Singapore,0.3138885179292612
2025-03-01,Singapore,0.2932743749641658
2025-04-01,Singapore,0.2005743961781001
2025-05-01,Singapore,0.2210310616046403
2025-06-01,Singapore,0.191134576734584
2025-07-01,Singapore,0.1960389036329699
2025-08-01,Singapore,0.2978706677804788
2025-09-01,Singapore,
2025-10-01,Singapore,
2025-11-01,Singapore,
2025-12-01,Singapore,
2026-01-01,Singapore,
2026-02-01,Singapore,
2026-03-01,Singapore,
2026-04-01,Singapore,
2026-05-01,Singapore,
2026-06-01,Singapore,
2026-07-01,Singapore,
2026-08-01,Singapore,
2000-02-01,Australia,-0.004379279656661517
2000-03-01,Australia,-0.02802870267650015
2000-04-01,Australia,-0.1259949243369765
2000-05-01,Australia,0.0009707642800940164
2000-06-01,Australia,0.04390713141216951
2000-07-01,Australia,-0.04686426615698658
2000-08-01,Australia,-0.04218595159477179
2000-09-01,Australia,-0.03581814322274801
2000-10-01,Australia,-0.1347307295545798
2000-11-01,Australia,0.005985950303183385
2000-12-01,Australia,0.06306528087278052
2001-01-01,Australia,0.03307911090515026
2001-02-01,Australia,0.003334767781515646
2001-03-01,Australia,0.05220820312784791
2001-04-01,Australia,0.218307545798728
2001-05-01,Australia,0.08143431092049114
2001-06-01,Australia,0.1415974345998099
2001-07-01,Australia,0.04900458983215361
2001-08-01,Australia,0.01913744631940317
2001-09-01,Australia,0.03409879075831346
2001-10-01,Australia,0.1252279062001926
2001-11-01,Australia,0.0919080598452855
2001-12-01,Australia,0.03602081639325028
2002-01-01,Australia,0.005844464190232657
2002-02-01,Australia,0.02464867475336718
2002-03-01,Australia,0.00596773088420699
2002-04-01,Australia,0.008488380874092982
2002-05-01,Australia,0.09860850896468243
2002-06-01,Australia,0.07226742063607094
2002-07-01,Australia,0.1679724422576658
2002-08-01,Australia,0.2645535751545935
2002-09-01,Australia,0.2663352039815081
2002-10-01,Australia,0.400252626557827
2002-11-01,Australia,0.4256900226120937
2002-12-01,Australia,0.3922322820838353
2003-01-01,Australia,0.5421820357565157
2003-02-01,Australia,0.5080800577694862
2003-03-01,Australia,0.5998171960226999
2003-04-01,Australia,0.5616093695756892
2003-05-01,Australia,0.361531548968959
2003-06-01,Australia,0.3296666391195713
2003-07-01,Australia,0.2719260172584819
2003-08-01,Australia,0.2834600378791483
2003-09-01,Australia,0.2754503423619328
2003-10-01,Australia,0.3054984577207076
2003-11-01,Australia,0.2797844233283895
2003-12-01,Australia,0.3810762692302172
2004-01-01,Australia,0.3366394926548648
2004-02-01,Australia,0.3450883892019299
2004-03-01,Australia,0.3544585326588807
2004-04-01,Australia,0.2873652561681403
2004-05-01,Australia,0.3496516743735476
2004-06-01,Australia,0.3315642637249872
2004-07-01,Australia,0.4148580373707926
2004-08-01,Australia,0.4389030399067495
2004-09-01,Australia,0.431593002451472
2004-10-01,Australia,0.4333973459226097
2004-11-01,Australia,0.2750468500179273
2004-12-01,Australia,0.2211771349128302
2005-01-01,Australia,0.1945406025742142
2005-02-01,Australia,0.2694598697577688
2005-03-01,Australia,0.1883794213361842
2005-04-01,Australia,0.2457356748571149
2005-05-01,Australia,0.3750282976353019
2005-06-01,Australia,0.3004399818808354
2005-07-01,Australia,0.2389660019095643
2005-08-01,Australia,0.2285226965530198
2005-09-01,Australia,0.245837394014258
2005-10-01,Australia,0.1499010768347815
2005-11-01,Australia,0.3297086942253733
2005-12-01,Australia,0.3328724020928526
2006-01-01,Australia,0.3451855104650028
2006-02-01,Australia,0.2561492785514081
2006-03-01,Australia,0.3214321978934349
2006-04-01,Australia,0.3849138215839056
2006-05-01,Australia,0.3431606888018301
2006-06-01,Australia,0.4471059934395281
2006-07-01,Australia,0.4770371210349382
2006-08-01,Australia,0.4379473329209618
2006-09-01,Australia,0.3749983736887414
2006-10-01,Australia,0.5941629306142058
2006-11-01,Australia,0.5786393771070513
2006-12-01,Australia,0.4064333455033471
2007-01-01,Australia,0.3110992681875
2007-02-01,Australia,0.1958275079148208
2007-03-01,Australia,0.1857616265898161
2007-04-01,Australia,0.06031962931499546
2007-05-01,Australia,0.08899137916475564
2007-06-01,Australia,0.1020336288324106
2007-07-01,Australia,-0.001707056620960712
2007-08-01,Australia,-0.05551857716280317
2007-09-01,Australia,-0.08472217741190946
2007-10-01,Australia,-0.3348969293700598
2007-11-01,Australia,-0.5361369508004774
2007-12-01,Australia,-0.5350669565255355
2008-01-01,Australia,-0.4853859523156853
2008-02-01,Australia,-0.514301657903268
2008-03-01,Australia,-0.5418911110873674
2008-04-01,Australia,-0.4360745515505715
2008-05-01,Australia,-0.4245316953334494
2008-06-01,Australia,-0.3792926455742687
2008-07-01,Australia,-0.3016864364042164
2008-08-01,Australia,-0.1739122882802328
2008-09-01,Australia,-0.06312490895877265
2008-10-01,Australia,0.2565414441260017
2008-11-01,Australia,0.667912261468806
2008-12-01,Australia,0.8577790243106864
2009-01-01,Australia,0.7733648678430414
2009-02-01,Australia,0.9163324558775279
2009-03-01,Australia,1.037871535100388
2009-04-01,Australia,0.9010062895166515
2009-05-01,Australia,0.6997830504283973
2009-06-01,Australia,0.2914269347992644
2009-07-01,Australia,0.2001764452639279
2009-08-01,Australia,0.2145290955980352
2009-09-01,Australia,0.08997311387545004
2009-10-01,Australia,0.1063318750989086
2009-11-01,Australia,0.1496973275725504
2009-12-01,Australia,0.07509494184840904
2010-01-01,Australia,0.1631640435638986
2010-02-01,Australia,0.2241863071460355
2010-03-01,Australia,0.2384250894336868
2010-04-01,Australia,0.1684440535543263
2010-05-01,Australia,0.2467725262252396
2010-06-01,Australia,0.4077729691852487
2010-07-01,Australia,0.4287089277681118
2010-08-01,Australia,0.2505606822220472
2010-09-01,Australia,0.2322143786659019
2010-10-01,Australia,-0.07202421248961666
2010-11-01,Australia,0.04950896971097118
2010-12-01,Australia,0.0138982084761583
2011-01-01,Australia,-0.09222013793762895
2011-02-01,Australia,0.004975476117336841
2011-03-01,Australia,-0.007089887116957905
2011-04-01,Australia,-0.05436885462890106
2011-05-01,Australia,-0.08790506211711069
2011-06-01,Australia,-0.1602358808499786
2011-07-01,Australia,-0.09796187746773155
2011-08-01,Australia,-0.00855486781253223
2011-09-01,Australia,0.04000906030437035
2011-10-01,Australia,0.2489384135160879
2011-11-01,Australia,0.09961296347827453
2011-12-01,Australia,0.1912545964439929
2012-01-01,Australia,0.243614500595559
2012-02-01,Australia,0.2097545962331029
2012-03-01,Australia,0.218052137879986
2012-04-01,Australia,0.2408209375703987
2012-05-01,Australia,0.2749775353467665
2012-06-01,Australia,0.286118411332799
2012-07-01,Australia,0.125884914795652
2012-08-01,Australia,0.07929173532076295
2012-09-01,Australia,0.09410303044001389
2012-10-01,Australia,0.1425100159882129
2012-11-01,Australia,0.1732443203502265
2012-12-01,Australia,0.1071166720624577
2013-01-01,Australia,0.05817141442080764
2013-02-01,Australia,-0.04737856523702233
2013-03-01,Australia,-0.0164610393207052
2013-04-01,Australia,0.03181422179827842
2013-05-01,Australia,0.005179668321060538
2013-06-01,Australia,0.1514564651691148
2013-07-01,Australia,0.2327464659950607
2013-08-01,Australia,0.2321257824804859
2013-09-01,Australia,0.2228781727570734
2013-10-01,Australia,0.01151292166021256
2013-11-01,Australia,0.009809659740737109
2013-12-01,Australia,-0.009760650899427015
2014-01-01,Australia,-0.01637128417728284
2014-02-01,Australia,0.01574765046903637
2014-03-01,Australia,0.02060723860189273
2014-04-01,Australia,-0.04522601916031888
2014-05-01,Australia,-0.04895166841393983
2014-06-01,Australia,-0.08487323850307238
2014-07-01,Australia,-0.122098427693874
2014-08-01,Australia,-0.1554942629599269
2014-09-01,Australia,-0.2519243752143678
2014-10-01,Australia,-0.1951622851753377
2014-11-01,Australia,-0.1904631348372974
2014-12-01,Australia,-0.1288297734223242
2015-01-01,Australia,-0.07838764357366157
2015-02-01,Australia,-0.1418997504947355
2015-03-01,Australia,-0.2103983655982872
2015-04-01,Australia,-0.0914094050336961
2015-05-01,Australia,-0.08070028227861503
2015-06-01,Australia,-0.07366007924886964
2015-07-01,Australia,-0.02932558845401101
2015-08-01,Australia,0.05752834965127707
2015-09-01,Australia,0.1551112058977147
2015-10-01,Australia,0.2414145658367803
2015-11-01,Australia,0.1436574224580454
2015-12-01,Australia,0.1421688778355175
2016-01-01,Australia,0.1275728621695
2016-02-01,Australia,0.2873013635255746
2016-03-01,Australia,0.3491048524048843
2016-04-01,Australia,0.2379529441209278
2016-05-01,Australia,0.1937129184556963
2016-06-01,Australia,0.1703810578877889
2016-07-01,Australia,0.203697726370857
2016-08-01,Australia,0.1629189590287559
2016-09-01,Australia,0.1887225249800517
2016-10-01,Australia,0.1479945538226106
2016-11-01,Australia,0.1913430119503789
2016-12-01,Australia,0.1882774774104758
2017-01-01,Australia,0.2224069753313469
2017-02-01,Australia,0.2012600487557883
2017-03-01,Australia,0.1222235682761172
2017-04-01,Australia,0.03159918480427426
2017-05-01,Australia,0.06412180542524992
2017-06-01,Australia,0.1251543331415417
2017-07-01,Australia,0.1059247459250143
2017-08-01,Australia,0.0835322395979603
2017-09-01,Australia,0.05966852540111844
2017-10-01,Australia,0.06336688688914438
2017-11-01,Australia,-0.03256424601036856
2017-12-01,Australia,-0.02712414797459706
2018-01-01,Australia,-0.1026246533165541
2018-02-01,Australia,-0.06311223141909417
2018-03-01,Australia,-0.0009527923367871338
2018-04-01,Australia,0.06310846754323873
2018-05-01,Australia,0.05536925880342047
2018-06-01,Australia,0.04642773945254008
2018-07-01,Australia,0.08558350217490096
2018-08-01,Australia,0.06820660934713674
2018-09-01,Australia,0.04741037277822757
2018-10-01,Australia,0.08348332721693086
2018-11-01,Australia,0.1940563352672255
2018-12-01,Australia,0.1963669501906493
2019-01-01,Australia,0.2521037848038856
2019-02-01,Australia,0.1723050728942217
2019-03-01,Australia,0.01398429597219253
2019-04-01,Australia,-0.2523901689216668
2019-05-01,Australia,-0.1510744612187874
2019-06-01,Australia,-0.116108561615013
2019-07-01,Australia,-0.1006925277810766
2019-08-01,Australia,-0.06953684647859015
2019-09-01,Australia,0.02927455177760629
2019-10-01,Australia,-0.06536677710145766
2019-11-01,Australia,-0.08160744238128326
2019-12-01,Australia,0.05116171525715019
2020-01-01,Australia,0.09726913817691019
2020-02-01,Australia,0.09446000182372427
2020-03-01,Australia,0.255242262274298
2020-04-01,Australia,0.7088456797514808
2020-05-01,Australia,0.5533127484414362
2020-06-01,Australia,0.5319785832762822
2020-07-01,Australia,0.4111602497047071
2020-08-01,Australia,0.339241010010715
2020-09-01,Australia,0.2844716489216841
2020-10-01,Australia,0.3344637806874291
2020-11-01,Australia,0.3899030150509453
2020-12-01,Australia,0.1265697759645406
2021-01-01,Australia,0.1175522393921451
2021-02-01,Australia,0.02165482078146241
2021-03-01,Australia,0.052266179885464
2021-04-01,Australia,0.154163250783877
2021-05-01,Australia,0.03576974018117363
2021-06-01,Australia,-0.004125266328007471
2021-07-01,Australia,-0.1081608210387459
2021-08-01,Australia,-0.04245803570587514
2021-09-01,Australia,-0.06729607624492218
2021-10-01,Australia,-0.1451394991440453
2021-11-01,Australia,-0.1353334286606008
2021-12-01,Australia,0.03658350807468147
2022-01-01,Australia,-0.02959986348943089
2022-02-01,Australia,0.1696032407475148
2022-03-01,Australia,0.03351406709076166
2022-04-01,Australia,-0.07254585856935858
2022-05-01,Australia,-0.01029022766937593
2022-06-01,Australia,-0.05388020461670728
2022-07-01,Australia,0.1299936705156819
2022-08-01,Australia,0.1042748409789687
2022-09-01,Australia,0.06906276587581295
2022-10-01,Australia,0.1695047083630381
2022-11-01,Australia,0.05718272595927099
2022-12-01,Australia,0.02817332873735223
2023-01-01,Australia,0.1627433363770823
2023-02-01,Australia,0.03506081697615993
2023-03-01,Australia,0.1003081548982292
2023-04-01,Australia,0.1417503309559531
2023-05-01,Australia,0.09531045553692397
2023-06-01,Australia,0.1930630331893661
2023-07-01,Australia,0.155281137788525
2023-08-01,Australia,0.1347367013873166
2023-09-01,Australia,0.2292862192733058
2023-10-01,Australia,0.338217688704507
2023-11-01,Australia,0.3113844207570762
2023-12-01,Australia,0.238924864161729
2024-01-01,Australia,0.02369073782019449
2024-02-01,Australia,0.1017769297492694
2024-03-01,Australia,0.05621711174628818
2024-04-01,Australia,-0.006476698759944055
2024-05-01,Australia,0.100070608236825
2024-06-01,Australia,0.1062741998248797
2024-07-01,Australia,0.1259393145341672
2024-08-01,Australia,0.1031476234969817
2024-09-01,Australia,0.1027557226619928
2024-10-01,Australia,0.03840187393409367
2024-11-01,Australia,0.102005779062613
2024-12-01,Australia,0.03127523579607039
2025-01-01,Australia,0.1642256301125631
2025-02-01,Australia,0.1703702766746034
2025-03-01,Australia,0.3256037922252948
2025-04-01,Australia,0.2376977235897415
2025-05-01,Australia,0.2354552510261738
2025-06-01,Australia,0.1989700554003455
2025-07-01,Australia,0.1199081559505015
2025-08-01,Australia,0.1778205542061837
2025-09-01,Australia,
2025-10-01,Australia,
2025-11-01,Australia,
2025-12-01,Australia,
2026-01-01,Australia,
2026-02-01,Australia,
2026-03-01,Australia,
2026-04-01,Australia,
2026-05-01,Australia,
2026-06-01,Australia,
2026-07-01,Australia,
2026-08-01,Australia,
2000-02-01,Canada,0.1044881933795956
2000-03-01,Canada,-0.123768813769901
2000-04-01,Canada,-0.2696280225395467
2000-05-01,Canada,-0.1873532535809613
2000-06-01,Canada,-0.1565444380573608
2000-07-01,Canada,-0.2798146255339565
2000-08-01,Canada,-0.3039375548196563
2000-09-01,Canada,-0.395116845143912
2000-10-01,Canada,-0.3899274240764132
2000-11-01,Canada,-0.3303523941759963
2000-12-01,Canada,-0.1971632938689198
2001-01-01,Canada,-0.2020162415697355
2001-02-01,Canada,-0.2448053549242303
2001-03-01,Canada,-0.1110217245677695
2001-04-01,Canada,0.01355927378232979
2001-05-01,Canada,-0.06127471231676596
2001-06-01,Canada,-0.05832787360124647
2001-07-01,Canada,-0.07654862725962486
2001-08-01,Canada,-0.1766263555711868
2001-09-01,Canada,-0.1185093046950099
2001-10-01,Canada,-0.1061089620373429
2001-11-01,Canada,-0.08017052095880783
2001-12-01,Canada,-0.1082838034699394
2002-01-01,Canada,-0.1291241821540554
2002-02-01,Canada,-0.0980736591836403
2002-03-01,Canada,-0.05648186444394965
2002-04-01,Canada,-0.1009665052703707
2002-05-01,Canada,-0.03627617538308348
2002-06-01,Canada,0.0239938326184419
2002-07-01,Canada,0.1143562805085359
2002-08-01,Canada,0.2596110123510653
2002-09-01,Canada,0.3091677540871012
2002-10-01,Canada,0.4482581110267332
2002-11-01,Canada,0.5004497736046738
2002-12-01,Canada,0.4597349712393257
2003-01-01,Canada,0.5514501700963474
2003-02-01,Canada,0.5251414159958385
2003-03-01,Canada,0.5054093699230937
2003-04-01,Canada,0.5179362270015566
2003-05-01,Canada,0.3083878926881387
2003-06-01,Canada,0.2373236724682677
2003-07-01,Canada,0.256560634245653
2003-08-01,Canada,0.2536756624030565
2003-09-01,Canada,0.1918960121418651
2003-10-01,Canada,0.2604797702646795
2003-11-01,Canada,0.2553295974645244
2003-12-01,Canada,0.2689062407027252
2004-01-01,Canada,0.2258657813424467
2004-02-01,Canada,0.1647856163023615
2004-03-01,Canada,0.2132030191902041
2004-04-01,Canada,0.2360920940201405
2004-05-01,Canada,0.27527049641131
2004-06-01,Canada,0.2694984514116086
2004-07-01,Canada,0.291860527347654
2004-08-01,Canada,0.361403414206847
2004-09-01,Canada,0.4413703396479434
2004-10-01,Canada,0.4203302331215337
2004-11-01,Canada,0.2396797430744209
2004-12-01,Canada,0.2552968249731968
2005-01-01,Canada,0.2869398607061346
2005-02-01,Canada,0.457845141137138
2005-03-01,Canada,0.3448980557496817
2005-04-01,Canada,0.3466461076029366
2005-05-01,Canada,0.493180676676825
2005-06-01,Canada,0.4222453340131718
2005-07-01,Canada,0.3193857655825509
2005-08-01,Canada,0.2544177294739152
2005-09-01,Canada,0.2319490892477918
2005-10-01,Canada,0.1272408680318957
2005-11-01,Canada,0.2730978192946116
2005-12-01,Canada,0.2425201660062983
2006-01-01,Canada,0.1816959668646214
2006-02-01,Canada,0.08330741894275073
2006-03-01,Canada,0.1113634583091752
2006-04-01,Canada,0.1247914195756195
2006-05-01,Canada,0.1375594581840833
2006-06-01,Canada,0.2686314470400635
2006-07-01,Canada,0.2871738145966785
2006-08-01,Canada,0.2803072026751012
2006-09-01,Canada,0.2312214456890227
2006-10-01,Canada,0.3937631025362314
2006-11-01,Canada,0.4547366032557296
2006-12-01,Canada,0.2571007783692321
2007-01-01,Canada,0.3003637475359437
2007-02-01,Canada,0.2209474403034628
2007-03-01,Canada,0.2871417340038027
2007-04-01,Canada,0.1837022250185174
2007-05-01,Canada,0.1950229096175051
2007-06-01,Canada,0.1843909157335202
2007-07-01,Canada,0.1434810961593522
2007-08-01,Canada,0.0664604732487768
2007-09-01,Canada,0.04526554527497328
2007-10-01,Canada,-0.1833203662212849
2007-11-01,Canada,-0.4546571112498045
2007-12-01,Canada,-0.4213462475280124
2008-01-01,Canada,-0.4526071945650963
2008-02-01,Canada,-0.4359366043146691
2008-03-01,Canada,-0.5143241286113188
2008-04-01,Canada,-0.4377862221023537
2008-05-01,Canada,-0.4018184267192705
2008-06-01,Canada,-0.3260092477075188
2008-07-01,Canada,-0.3388002265837845
2008-08-01,Canada,-0.2039928156141301
2008-09-01,Canada,-0.1998299613535515
2008-10-01,Canada,0.0003001290788646749
2008-11-01,Canada,0.2991358832630648
2008-12-01,Canada,0.4795041023438735
2009-01-01,Canada,0.5700025444599535
2009-02-01,Canada,0.507006884068012
2009-03-01,Canada,0.7433070621556672
2009-04-01,Canada,0.7257582941303953
2009-05-01,Canada,0.5368262860145192
2009-06-01,Canada,0.18067856868377
2009-07-01,Canada,0.1836496776966277
2009-08-01,Canada,0.1326141143136863
2009-09-01,Canada,0.1270170576861636
2009-10-01,Canada,0.1326996556501669
2009-11-01,Canada,0.2316596074824324
2009-12-01,Canada,0.1585384257968996
2010-01-01,Canada,0.2098408038366355
2010-02-01,Canada,0.3119471275590355
2010-03-01,Canada,0.3307893501941599
2010-04-01,Canada,0.2287205817779812
2010-05-01,Canada,0.2256235581434016
2010-06-01,Canada,0.2759411648035379
2010-07-01,Canada,0.3077546508317972
2010-08-01,Canada,0.1942934920123223
2010-09-01,Canada,0.1746482228808515
2010-10-01,Canada,-0.0638329561356844
2010-11-01,Canada,0.002537399359113568
2010-12-01,Canada,-0.03448353486902744
2011-01-01,Canada,-0.1232499943382845
2011-02-01,Canada,-0.07496803511601302
2011-03-01,Canada,-0.1070318669622974
2011-04-01,Canada,-0.1334007970603214
2011-05-01,Canada,-0.1391728930702257
2011-06-01,Canada,-0.207389874417884
2011-07-01,Canada,-0.1606960475913979
2011-08-01,Canada,-0.1235231022704294
2011-09-01,Canada,-0.0524782964545345
2011-10-01,Canada,0.1439974599525655
2011-11-01,Canada,0.03219363957919241
2011-12-01,Canada,0.05585676160567354
2012-01-01,Canada,0.0965475037745891
2012-02-01,Canada,0.05396516465574086
2012-03-01,Canada,0.003326600165559856
2012-04-01,Canada,0.03987336316976364
2012-05-01,Canada,0.01970728120673848
2012-06-01,Canada,0.1364317635413796
2012-07-01,Canada,0.04318029713540827
2012-08-01,Canada,0.07961683782267981
2012-09-01,Canada,0.02575895166350595
2012-10-01,Canada,0.02804798086229221
2012-11-01,Canada,0.06579381124689343
2012-12-01,Canada,0.06120361383501782
2013-01-01,Canada,0.06196138551429731
2013-02-01,Canada,2.955796949599687e-05
2013-03-01,Canada,0.05945846269107946
2013-04-01,Canada,0.06922609933737389
2013-05-01,Canada,0.1165699943491418
2013-06-01,Canada,0.1311756791272876
2013-07-01,Canada,0.2693263871810101
2013-08-01,Canada,0.1994132516146421
2013-09-01,Canada,0.2379772214525586
2013-10-01,Canada,0.1140518055421118
2013-11-01,Canada,0.04770145113322011
2013-12-01,Canada,0.05729865648009191
2014-01-01,Canada,0.02004739018271096
2014-02-01,Canada,-0.02462990118152042
2014-03-01,Canada,-0.01055124943877239
2014-04-01,Canada,-0.05643878430213023
2014-05-01,Canada,-0.01944099644877473
2014-06-01,Canada,-0.07112130859870947
2014-07-01,Canada,-0.1491650789235104
2014-08-01,Canada,-0.1796715007573665
2014-09-01,Canada,-0.2494111709129196
2014-10-01,Canada,-0.2351588401131633
2014-11-01,Canada,-0.1795394562586988
2014-12-01,Canada,-0.1960014359402302
2015-01-01,Canada,-0.2376191470324958
2015-02-01,Canada,-0.1891960815144959
2015-03-01,Canada,-0.2054724892061169
2015-04-01,Canada,-0.09696363697380117
2015-05-01,Canada,-0.09890996010325659
2015-06-01,Canada,-0.08867055905489585
2015-07-01,Canada,-0.05742193060005951
2015-08-01,Canada,0.01146238830610646
2015-09-01,Canada,0.08467064658499823
2015-10-01,Canada,0.1509742560921912
2015-11-01,Canada,0.09477308507574045
2015-12-01,Canada,0.1437554167333248
2016-01-01,Canada,0.252149220076072
2016-02-01,Canada,0.3321464923745949
2016-03-01,Canada,0.2629765139742055
2016-04-01,Canada,0.1533082750240047
2016-05-01,Canada,0.05787028046414977
2016-06-01,Canada,0.09313308882665305
2016-07-01,Canada,0.1223608088950352
2016-08-01,Canada,0.1284980750705413
2016-09-01,Canada,0.1264520043232507
2016-10-01,Canada,0.1551755131077683
2016-11-01,Canada,0.1630573772359754
2016-12-01,Canada,0.1430896837373032
2017-01-01,Canada,0.1665372886249963
2017-02-01,Canada,0.1350002928495464
2017-03-01,Canada,0.06871362217913068
2017-04-01,Canada,0.0543674439700339
2017-05-01,Canada,0.1035852935159445
2017-06-01,Canada,0.1279997761991771
2017-07-01,Canada,0.0968021355978057
2017-08-01,Canada,0.08058670808229129
2017-09-01,Canada,0.06330949191848756
2017-10-01,Canada,0.02447279034651983
2017-11-01,Canada,-0.05347147304466837
2017-12-01,Canada,-0.05657495564909776
2018-01-01,Canada,-0.1674977523459801
2018-02-01,Canada,-0.06757241516565848
2018-03-01,Canada,0.03413289480293713
2018-04-01,Canada,0.03683259431595198
2018-05-01,Canada,0.04284264468234156
2018-06-01,Canada,-0.01825932632864602
2018-07-01,Canada,0.03898886404651947
2018-08-01,Canada,0.008631139328708182
2018-09-01,Canada,0.01177018032074595
2018-10-01,Canada,0.0355628990981649
2018-11-01,Canada,0.1208557066072613
2018-12-01,Canada,0.1450690767761553
2019-01-01,Canada,0.2819680927900174
2019-02-01,Canada,0.129481744726798
2019-03-01,Canada,0.01878469261130578
2019-04-01,Canada,-0.1945882531213362
2019-05-01,Canada,-0.1217092004892586
2019-06-01,Canada,-0.05541418002329868
2019-07-01,Canada,-0.07712626004319789
2019-08-01,Canada,-0.01603921607766723
2019-09-01,Canada,0.04877061714659114
2019-10-01,Canada,-0.02467205643168258
2019-11-01,Canada,-0.0549577488058679
2019-12-01,Canada,0.04963516279006353
2020-01-01,Canada,0.05943604761629073
2020-02-01,Canada,0.05246143836964201
2020-03-01,Canada,0.1985106855216816
2020-04-01,Canada,0.6017021986079087
2020-05-01,Canada,0.4883360643179233
2020-06-01,Canada,0.520136467582347
2020-07-01,Canada,0.4663494533050991
2020-08-01,Canada,0.3817961101186105
2020-09-01,Canada,0.314379838870088
2020-10-01,Canada,0.3461276533238085
2020-11-01,Canada,0.4982124521262401
2020-12-01,Canada,0.2522699766860537
2021-01-01,Canada,0.2664695531855483
2021-02-01,Canada,0.2691394978735884
2021-03-01,Canada,0.2042385899980432
2021-04-01,Canada,0.2084357783730082
2021-05-01,Canada,0.0728082835643522
2021-06-01,Canada,0.03214975561197919
2021-07-01,Canada,-0.07474196472011352
2021-08-01,Canada,-0.02830861948983798
2021-09-01,Canada,-0.06958466157087428
2021-10-01,Canada,-0.1258430194980643
2021-11-01,Canada,-0.134538169000884
2021-12-01,Canada,-0.03489541837298793
2022-01-01,Canada,-0.1237871581258138
2022-02-01,Canada,-0.03643551367392184
2022-03-01,Canada,-0.07997237494051057
2022-04-01,Canada,-0.1256889029063993
2022-05-01,Canada,-0.02866848570615688
2022-06-01,Canada,-0.09491424879369958
2022-07-01,Canada,0.0766557519395814
2022-08-01,Canada,0.05973003685095479
2022-09-01,Canada,0.05837190246264945
2022-10-01,Canada,0.1222468692528464
2022-11-01,Canada,-0.005948125056766007
2022-12-01,Canada,0.03473581589458519
2023-01-01,Canada,0.1619363338641349
2023-02-01,Canada,0.05750283964997327
2023-03-01,Canada,0.1130448107950612
2023-04-01,Canada,0.1577811310319537
2023-05-01,Canada,0.08614822182514548
2023-06-01,Canada,0.1881718214661121
2023-07-01,Canada,0.0922342684889359
2023-08-01,Canada,0.109524115548125
2023-09-01,Canada,0.2047311981992002
2023-10-01,Canada,0.2744899494194062
2023-11-01,Canada,0.3190649024055676
2023-12-01,Canada,0.2739611409505334
2024-01-01,Canada,0.1248392956617723
2024-02-01,Canada,0.16539662207064
2024-03-01,Canada,0.1613116031968747
2024-04-01,Canada,0.09395907707485152
2024-05-01,Canada,0.1816653894955547
2024-06-01,Canada,0.2085963132671322
2024-07-01,Canada,0.2761886510268023
2024-08-01,Canada,0.2205570847864089
2024-09-01,Canada,0.2372214922469527
2024-10-01,Canada,0.2502427990335405
2024-11-01,Canada,0.2843726386398271
2024-12-01,Canada,0.2550177953196311
2025-01-01,Canada,0.3710773848353319
2025-02-01,Canada,0.3485450574404694
2025-03-01,Canada,0.4268936661652827
2025-04-01,Canada,0.3728940631034809
2025-05-01,Canada,0.4072517295560143
2025-06-01,Canada,0.3437441648045427
2025-07-01,Canada,0.274535860586641
2025-08-01,Canada,0.3064477335551217
2025-09-01,Canada,
2025-10-01,Canada,
2025-11-01,Canada,
2025-12-01,Canada,
2026-01-01,Canada,
2026-02-01,Canada,
2026-03-01,Canada,
2026-04-01,Canada,
2026-05-01,Canada,
2026-06-01,Canada,
2026-07-01,Canada,
2026-08-01,Canada,
2000-02-01,Germany,-0.1004599972391726
2000-03-01,Germany,-0.2520628549781819
2000-04-01,Germany,-0.3191572817622252
2000-05-01,Germany,-0.2052958548796296
2000-06-01,Germany,-0.2359676090059669
2000-07-01,Germany,-0.2389688512804576
2000-08-01,Germany,-0.2325296043330504
2000-09-01,Germany,-0.2521659042634936
2000-10-01,Germany,-0.3384625889179504
2000-11-01,Germany,-0.3136994081070876
2000-12-01,Germany,-0.193445931743304
2001-01-01,Germany,-0.2331050589521522
2001-02-01,Germany,-0.2951134233565078
2001-03-01,Germany,-0.2420244111247712
2001-04-01,Germany,-0.08588810241557343
2001-05-01,Germany,-0.1699793002347871
2001-06-01,Germany,-0.1233017723570433
2001-07-01,Germany,-0.1441428173848509
2001-08-01,Germany,-0.2884258594187256
2001-09-01,Germany,-0.2304997638499598
2001-10-01,Germany,-0.3049743763983032
2001-11-01,Germany,-0.2411745429992944
2001-12-01,Germany,-0.2628812095318882
2002-01-01,Germany,-0.3396259969542651
2002-02-01,Germany,-0.3259096052266068
2002-03-01,Germany,-0.3644682144463937
2002-04-01,Germany,-0.4334575137228287
2002-05-01,Germany,-0.2828817210806966
2002-06-01,Germany,-0.2289049841653246
2002-07-01,Germany,-0.1661571241400442
2002-08-01,Germany,0.05825593184037992
2002-09-01,Germany,0.03607879920837331
2002-10-01,Germany,0.3595744654872481
2002-11-01,Germany,0.3348247498549826
2002-12-01,Germany,0.3304239406236522
2003-01-01,Germany,0.6051516142682767
2003-02-01,Germany,0.6644688798635041
2003-03-01,Germany,0.7742074651207949
2003-04-01,Germany,0.7566043704799768
2003-05-01,Germany,0.4300045234255436
2003-06-01,Germany,0.3524551602863137
2003-07-01,Germany,0.3261710575643024
2003-08-01,Germany,0.1905223477785025
2003-09-01,Germany,0.1880429306422804
2003-10-01,Germany,0.2599832577251722
2003-11-01,Germany,0.1716713002336747
2003-12-01,Germany,0.2106428317791051
2004-01-01,Germany,0.1453727971350465
2004-02-01,Germany,0.08851465834973804
2004-03-01,Germany,0.1421679862401073
2004-04-01,Germany,0.1717371097165166
2004-05-01,Germany,0.1088434389081669
2004-06-01,Germany,0.124182543492116
2004-07-01,Germany,0.1039912054728271
2004-08-01,Germany,0.241950391334425
2004-09-01,Germany,0.2696866335880483
2004-10-01,Germany,0.2332235707017436
2004-11-01,Germany,0.1484756090774235
2004-12-01,Germany,0.0924955047709144
2005-01-01,Germany,0.0793131081888796
2005-02-01,Germany,0.2183964798008029
2005-03-01,Germany,0.1767844209633698
2005-04-01,Germany,0.2571561668933362
2005-05-01,Germany,0.3927393502212666
2005-06-01,Germany,0.3008718159029868
2005-07-01,Germany,0.2746469298907972
2005-08-01,Germany,0.187274120387261
2005-09-01,Germany,0.2265365505108408
2005-10-01,Germany,0.2175435800444732
2005-11-01,Germany,0.3192824988417
2005-12-01,Germany,0.3330398674960335
2006-01-01,Germany,0.3333019525705481
2006-02-01,Germany,0.2467030907531933
2006-03-01,Germany,0.2517211285739285
2006-04-01,Germany,0.2514301795123552
2006-05-01,Germany,0.3017554722847278
2006-06-01,Germany,0.417981188140603
2006-07-01,Germany,0.4611994465055611
2006-08-01,Germany,0.4128430900976154
2006-09-01,Germany,0.3655739501983415
2006-10-01,Germany,0.4453060183056177
2006-11-01,Germany,0.4404210154440362
2006-12-01,Germany,0.3600196625779317
2007-01-01,Germany,0.3279698462278187
2007-02-01,Germany,0.1280781659338071
2007-03-01,Germany,0.1326338405907537
2007-04-01,Germany,0.09671863332388164
2007-05-01,Germany,0.04378687768057699
2007-06-01,Germany,0.0155082656425487
2007-07-01,Germany,-0.08300754116022258
2007-08-01,Germany,-0.05814781658517587
2007-09-01,Germany,-0.1171439333526227
2007-10-01,Germany,-0.297346254098501
2007-11-01,Germany,-0.4828088330846773
2007-12-01,Germany,-0.5231786059123575
2008-01-01,Germany,-0.4710007527817354
2008-02-01,Germany,-0.4896761446995106
2008-03-01,Germany,-0.559673985425851
2008-04-01,Germany,-0.5181500067186839
2008-05-01,Germany,-0.4621270742019484
2008-06-01,Germany,-0.4212209631711112
2008-07-01,Germany,-0.3923755721059463
2008-08-01,Germany,-0.3136440677846845
2008-09-01,Germany,-0.2385073650644122
2008-10-01,Germany,-0.05742758973882545
2008-11-01,Germany,0.174923432162694
2008-12-01,Germany,0.3567427533841312
2009-01-01,Germany,0.2172795810240824
2009-02-01,Germany,0.3374437172609421
2009-03-01,Germany,0.4958700138300924
2009-04-01,Germany,0.4748445866283275
2009-05-01,Germany,0.2438120739992315
2009-06-01,Germany,0.01467565722051667
2009-07-01,Germany,0.0477698691131192
2009-08-01,Germany,0.0263678146669637
2009-09-01,Germany,-0.07312853827819155
2009-10-01,Germany,-0.008188846191683252
2009-11-01,Germany,0.1135735865705334
2009-12-01,Germany,0.005338730232510969
2010-01-01,Germany,0.0628459517401323
2010-02-01,Germany,0.2132673114575134
2010-03-01,Germany,0.2840571934170171
2010-04-01,Germany,0.1726057470597788
2010-05-01,Germany,0.331517536401897
2010-06-01,Germany,0.3964379180448678
2010-07-01,Germany,0.4276030216545492
2010-08-01,Germany,0.252939010035826
2010-09-01,Germany,0.08444243985597533
2010-10-01,Germany,-0.1556331091040216
2010-11-01,Germany,-0.09065703587528162
2010-12-01,Germany,-0.08221969540900087
2011-01-01,Germany,-0.1984354118039308
2011-02-01,Germany,-0.1506517802020715
2011-03-01,Germany,-0.1102632020490619
2011-04-01,Germany,-0.09871005096381513
2011-05-01,Germany,-0.2184471856475859
2011-06-01,Germany,-0.2791648899177475
2011-07-01,Germany,-0.2597536524680715
2011-08-01,Germany,-0.2102962350773994
2011-09-01,Germany,0.02035024055262769
2011-10-01,Germany,0.2223682239238427
2011-11-01,Germany,0.07013225385574384
2011-12-01,Germany,0.1461910625447247
2012-01-01,Germany,0.2758710220838929
2012-02-01,Germany,0.2165956511520197
2012-03-01,Germany,0.07833458189284226
2012-04-01,Germany,0.05765999838866942
2012-05-01,Germany,0.1357887582943209
2012-06-01,Germany,0.359892904690172
2012-07-01,Germany,0.2444444352458519
2012-08-01,Germany,0.2929357228670637
2012-09-01,Germany,0.1970413501298878
2012-10-01,Germany,0.231348710950406
2012-11-01,Germany,0.2805504659849041
2012-12-01,Germany,0.3010574080572543
2013-01-01,Germany,0.2855705787123148
2013-02-01,Germany,0.1603842205039885
2013-03-01,Germany,0.2884977652573424
2013-04-01,Germany,0.2795954250286687
2013-05-01,Germany,0.2477340019046541
2013-06-01,Germany,0.2254401642013593
2013-07-01,Germany,0.2702395906107189
2013-08-01,Germany,0.1157966883466599
2013-09-01,Germany,0.1353431325684171
2013-10-01,Germany,0.0008969558138980371
2013-11-01,Germany,-0.07229355728941977
2013-12-01,Germany,-0.0534789667878236
2014-01-01,Germany,-0.1198215190014108
2014-02-01,Germany,-0.05761999865765721
2014-03-01,Germany,-0.06339065150566658
2014-04-01,Germany,-0.04386283013563985
2014-05-01,Germany,-0.05327121139005775
2014-06-01,Germany,-0.0930640589284174
2014-07-01,Germany,-0.1106735539906092
2014-08-01,Germany,-0.02390313560692237
2014-09-01,Germany,-0.08901075087017452
2014-10-01,Germany,-0.1078660124267329
2014-11-01,Germany,0.007210596724720908
2014-12-01,Germany,-0.05298306680070231
2015-01-01,Germany,-0.03543133180805258
2015-02-01,Germany,-0.1370216627538871
2015-03-01,Germany,-0.2074396046349357
2015-04-01,Germany,-0.1317994288425909
2015-05-01,Germany,-0.12110342000935
2015-06-01,Germany,-0.1050410384201879
2015-07-01,Germany,-0.1341456717692395
2015-08-01,Germany,-0.09445883656160725
2015-09-01,Germany,-0.0013521154879923
2015-10-01,Germany,0.06862337924692574
2015-11-01,Germany,-0.04855864511206587
2015-12-01,Germany,-0.08384133622084489
2016-01-01,Germany,0.006682079848875144
2016-02-01,Germany,0.1419805044372231
2016-03-01,Germany,0.17781925579313
2016-04-01,Germany,0.1172590257356314
2016-05-01,Germany,0.1409854962172026
2016-06-01,Germany,0.2053568248801463
2016-07-01,Germany,0.2640035203915414
2016-08-01,Germany,0.1984477519181178
2016-09-01,Germany,0.1777514187099127
2016-10-01,Germany,0.238307914974788
2016-11-01,Germany,0.2766204359657196
2016-12-01,Germany,0.3415339753394404
2017-01-01,Germany,0.2544591522754276
2017-02-01,Germany,0.2885805828582064
2017-03-01,Germany,0.1880080102045796
2017-04-01,Germany,0.1183446451335417
2017-05-01,Germany,0.1030280769392156
2017-06-01,Germany,0.01783131861932774
2017-07-01,Germany,0.005530092322306279
2017-08-01,Germany,0.02999289468254962
2017-09-01,Germany,-0.003638717163081728
2017-10-01,Germany,-0.07209094934456939
2017-11-01,Germany,-0.1632547996839371
2017-12-01,Germany,-0.1900049065370117
2018-01-01,Germany,-0.2368795044235603
2018-02-01,Germany,-0.2332500474628534
2018-03-01,Germany,-0.1580783391152716
2018-04-01,Germany,-0.1560746715427396
2018-05-01,Germany,-0.1135821743604098
2018-06-01,Germany,-0.1434791912676818
2018-07-01,Germany,-0.05875339161859683
2018-08-01,Germany,-0.1290076108724991
2018-09-01,Germany,-0.1282976569448712
2018-10-01,Germany,-0.09146229194078404
2018-11-01,Germany,0.05103009559376859
2018-12-01,Germany,0.09227682803370074
2019-01-01,Germany,0.1812250661453574
2019-02-01,Germany,0.07583066843430797
2019-03-01,Germany,-0.04168816121479935
2019-04-01,Germany,-0.1915128805218931
2019-05-01,Germany,-0.1701389051389903
2019-06-01,Germany,-0.02756120678783358
2019-07-01,Germany,-0.04160251409540439
2019-08-01,Germany,0.0412048997205432
2019-09-01,Germany,0.1400472352976165
2019-10-01,Germany,0.0786895459491268
2019-11-01,Germany,-0.08682985540903565
2019-12-01,Germany,0.0508078324630743
2020-01-01,Germany,0.09322951671968305
2020-02-01,Germany,0.1071649292822556
2020-03-01,Germany,0.2448691785665913
2020-04-01,Germany,0.5616529458938697
2020-05-01,Germany,0.4668647533911077
2020-06-01,Germany,0.3916170371720773
2020-07-01,Germany,0.2930315802170336
2020-08-01,Germany,0.2332422315762914
2020-09-01,Germany,0.1760562883504651
2020-10-01,Germany,0.1452165753782895
2020-11-01,Germany,0.3047639022458575
2020-12-01,Germany,0.04106717974390595
2021-01-01,Germany,0.03665615628844199
2021-02-01,Germany,0.01702207727569727
2021-03-01,Germany,-0.07197560968692096
2021-04-01,Germany,-0.1337700772461194
2021-05-01,Germany,-0.2285877033845662
2021-06-01,Germany,-0.237210590628061
2021-07-01,Germany,-0.3282404242920155
2021-08-01,Germany,-0.3125143378812778
2021-09-01,Germany,-0.3647904551333239
2021-10-01,Germany,-0.3861962469367887
2021-11-01,Germany,-0.3429779347014507
2021-12-01,Germany,-0.1989382643672928
2022-01-01,Germany,-0.2408592166494214
2022-02-01,Germany,-0.1139578402377519
2022-03-01,Germany,-0.06653418667984834
2022-04-01,Germany,-0.000881137721670866
2022-05-01,Germany,0.1252292018579659
2022-06-01,Germany,0.03302232494167412
2022-07-01,Germany,0.2565533304551293
2022-08-01,Germany,0.2650265641338458
2022-09-01,Germany,0.2857440991020765
2022-10-01,Germany,0.3263226847677696
2022-11-01,Germany,0.1589810145662149
2022-12-01,Germany,0.1523100904889647
2023-01-01,Germany,0.2024077349872808
2023-02-01,Germany,0.05948487042326223
2023-03-01,Germany,0.1242820531179982
2023-04-01,Germany,0.1225438150088778
2023-05-01,Germany,0.04390752569336054
2023-06-01,Germany,0.1557007289722696
2023-07-01,Germany,0.07851184177671922
2023-08-01,Germany,0.0668011016601342
2023-09-01,Germany,0.1741600122645133
2023-10-01,Germany,0.2943360131951798
2023-11-01,Germany,0.2933874602161708
2023-12-01,Germany,0.1387810604239494
2024-01-01,Germany,0.07970194173526157
2024-02-01,Germany,0.1920625394493134
2024-03-01,Germany,0.1902400173477938
2024-04-01,Germany,0.165523740252316
2024-05-01,Germany,0.3047812851485063
2024-06-01,Germany,0.322848420169348
2024-07-01,Germany,0.3788355516457582
2024-08-01,Germany,0.3282938238027608
2024-09-01,Germany,0.283800910168017
2024-10-01,Germany,0.2312648879190577
2024-11-01,Germany,0.262557012965672
2024-12-01,Germany,0.2702508100658458
2025-01-01,Germany,0.3394260962653568
2025-02-01,Germany,0.2453190277480775
2025-03-01,Germany,0.2315624470221431
2025-04-01,Germany,0.06089409817281055
2025-05-01,Germany,0.06852149091800674
2025-06-01,Germany,0.04230186332248231
2025-07-01,Germany,-0.01477578522113854
2025-08-01,Germany,0.03543949479496877
2025-09-01,Germany,
2025-10-01,Germany,
2025-11-01,Germany,
2025-12-01,Germany,
2026-01-01,Germany,
2026-02-01,Germany,
2026-03-01,Germany,
2026-04-01,Germany,
2026-05-01,Germany,
2026-06-01,Germany,
2026-07-01,Germany,
2026-08-01,Germany,
2000-02-01,Japan,-0.261645021949253
2000-03-01,Japan,-0.2758691756601163
2000-04-01,Japan,-0.352719185822211
2000-05-01,Japan,-0.2523713686034186
2000-06-01,Japan,-0.2138516506393263
2000-07-01,Japan,-0.3080427416470661
2000-08-01,Japan,-0.2759461332656439
2000-09-01,Japan,-0.3367267685599606
2000-10-01,Japan,-0.368892060926253
2000-11-01,Japan,-0.3310407942704741
2000-12-01,Japan,-0.294085449197916
2001-01-01,Japan,-0.2988529442732303
2001-02-01,Japan,-0.3459650276112417
2001-03-01,Japan,-0.2867868541960141
2001-04-01,Japan,-0.2231826531768076
2001-05-01,Japan,-0.2301228145368671
2001-06-01,Japan,-0.1801748920670915
2001-07-01,Japan,-0.1736939180428784
2001-08-01,Japan,-0.1691905477401898
2001-09-01,Japan,-0.156978272092162
2001-10-01,Japan,-0.1115475573281627
2001-11-01,Japan,-0.1718400005899489
2001-12-01,Japan,-0.1480331916158807
2002-01-01,Japan,-0.1095656719701055
2002-02-01,Japan,-0.07310445978644098
2002-03-01,Japan,-0.1048636862219519
2002-04-01,Japan,-0.1925096895202392
2002-05-01,Japan,-0.2429439840070863
2002-06-01,Japan,-0.2530952690614215
2002-07-01,Japan,-0.1540136462139826
2002-08-01,Japan,-0.05396401874635559
2002-09-01,Japan,0.0569234433596606
2002-10-01,Japan,0.1715376269671687
2002-11-01,Japan,0.3168699492728988
2002-12-01,Japan,0.2270543074590146
2003-01-01,Japan,0.3460191096294718
2003-02-01,Japan,0.4283276285288462
2003-03-01,Japan,0.4158425741052301
2003-04-01,Japan,0.6827739247774252
2003-05-01,Japan,0.6038578962914471
2003-06-01,Japan,0.4759098254000282
2003-07-01,Japan,0.4485007613528476
2003-08-01,Japan,0.3094923187208511
2003-09-01,Japan,0.1932365331006327
2003-10-01,Japan,0.1005202052658725
2003-11-01,Japan,0.07893675278239165
2003-12-01,Japan,0.1669540205679634
2004-01-01,Japan,0.147269403045623
2004-02-01,Japan,0.100716569279669
2004-03-01,Japan,0.1266896168252236
2004-04-01,Japan,-0.0285580814196944
2004-05-01,Japan,0.0008631806786221219
2004-06-01,Japan,0.02813415537294461
2004-07-01,Japan,-0.02540113212119754
2004-08-01,Japan,0.04632671699049729
2004-09-01,Japan,0.11111502398927
2004-10-01,Japan,0.2535653360909613
2004-11-01,Japan,0.2079190940935038
2004-12-01,Japan,0.2016034655617658
2005-01-01,Japan,0.2410387682515236
2005-02-01,Japan,0.3345987265980752
2005-03-01,Japan,0.2965667553997748
2005-04-01,Japan,0.3583957873205565
2005-05-01,Japan,0.434512097919459
2005-06-01,Japan,0.3575980709779563
2005-07-01,Japan,0.3438376066876012
2005-08-01,Japan,0.323218614028046
2005-09-01,Japan,0.2556842424152719
2005-10-01,Japan,0.1195353562807417
2005-11-01,Japan,0.1529732625818421
2005-12-01,Japan,0.1134814187731323
2006-01-01,Japan,0.05090595171270484
2006-02-01,Japan,0.008902177532786437
2006-03-01,Japan,0.05850889690650685
2006-04-01,Japan,0.01845044908409887
2006-05-01,Japan,-0.02967215450876692
2006-06-01,Japan,0.05157272592298212
2006-07-01,Japan,0.06056113196202229
2006-08-01,Japan,0.06429084612251112
2006-09-01,Japan,0.01771581378536191
2006-10-01,Japan,0.05777627672191543
2006-11-01,Japan,0.03549324531299058
2006-12-01,Japan,0.009395656149886689
2007-01-01,Japan,-0.05416362046474299
2007-02-01,Japan,-0.1049608571333654
2007-03-01,Japan,-0.1337322896917236
2007-04-01,Japan,-0.1605554329038357
2007-05-01,Japan,-0.08152823432149747
2007-06-01,Japan,-0.07347510498186627
2007-07-01,Japan,-0.1345634379088649
2007-08-01,Japan,-0.1623519026739912
2007-09-01,Japan,-0.1713490016333232
2007-10-01,Japan,-0.2829178026900507
2007-11-01,Japan,-0.3864639136408194
2007-12-01,Japan,-0.3825882209023729
2008-01-01,Japan,-0.305207103695434
2008-02-01,Japan,-0.32140025164873
2008-03-01,Japan,-0.4095833951168439
2008-04-01,Japan,-0.3717290624081451
2008-05-01,Japan,-0.3577787721863402
2008-06-01,Japan,-0.3092563325002776
2008-07-01,Japan,-0.2455004344437272
2008-08-01,Japan,-0.1856987446606344
2008-09-01,Japan,-0.1186317803785824
2008-10-01,Japan,-0.02292367240231619
2008-11-01,Japan,0.1179167931515996
2008-12-01,Japan,0.1203604960524196
2009-01-01,Japan,0.04441373250924507
2009-02-01,Japan,0.1418412904970177
2009-03-01,Japan,0.3179083298887737
2009-04-01,Japan,0.3565021434559328
2009-05-01,Japan,0.2349172240432376
2009-06-01,Japan,0.02951565801657208
2009-07-01,Japan,-0.008615630858546997
2009-08-01,Japan,-0.01547011375406315
2009-09-01,Japan,-0.07445432663457452
2009-10-01,Japan,-0.01648381880356931
2009-11-01,Japan,0.0293928058614088
2009-12-01,Japan,0.06161330919644259
2010-01-01,Japan,0.1336665653240403
2010-02-01,Japan,0.1139140652922972
2010-03-01,Japan,0.1518191444745756
2010-04-01,Japan,-0.005791140212515811
2010-05-01,Japan,-0.000272067409639476
2010-06-01,Japan,0.06973336435884092
2010-07-01,Japan,0.107548425412761
2010-08-01,Japan,0.1073387980436131
2010-09-01,Japan,0.04113742449072677
2010-10-01,Japan,-0.02186579196559968
2010-11-01,Japan,-0.04388786469719386
2010-12-01,Japan,-0.1053947939911752
2011-01-01,Japan,-0.1620877237164958
2011-02-01,Japan,-0.125285665670768
2011-03-01,Japan,-0.1212715851667787
2011-04-01,Japan,-0.01926491986156076
2011-05-01,Japan,-0.05401329346109118
2011-06-01,Japan,-0.1242622552168802
2011-07-01,Japan,-0.09304882147739257
2011-08-01,Japan,-0.144711980131105
2011-09-01,Japan,-0.07589872138587206
2011-10-01,Japan,-0.03949466735349638
2011-11-01,Japan,-0.0549906849499
2011-12-01,Japan,0.01278943654720166
2012-01-01,Japan,0.05764477394378753
2012-02-01,Japan,0.04905092206830286
2012-03-01,Japan,0.02536513777834126
2012-04-01,Japan,0.06315854650319985
2012-05-01,Japan,0.1942628415297851
2012-06-01,Japan,0.2368166795398428
2012-07-01,Japan,0.1970938263544653
2012-08-01,Japan,0.23377775084154
2012-09-01,Japan,0.2161922088362627
2012-10-01,Japan,0.2923365624711849
2012-11-01,Japan,0.3166183312402659
2012-12-01,Japan,0.3046441516563034
2013-01-01,Japan,0.2493623222569328
2013-02-01,Japan,0.1586147545318013
2013-03-01,Japan,0.1225125990483475
2013-04-01,Japan,0.0566481614484986
2013-05-01,Japan,-0.05345533719019557
2013-06-01,Japan,0.04362125085745183
2013-07-01,Japan,0.0794724376728917
2013-08-01,Japan,0.07920686482019423
2013-09-01,Japan,0.07903634631622602
2013-10-01,Japan,-0.01126470478471542
2013-11-01,Japan,-0.02402252874088262
2013-12-01,Japan,-0.03510143054312054
2014-01-01,Japan,-0.05667548506783093
2014-02-01,Japan,0.004094400197161008
2014-03-01,Japan,0.07076436821101506
2014-04-01,Japan,0.1026231961043924
2014-05-01,Japan,0.171749033781303
2014-06-01,Japan,0.1412583885775929
2014-07-01,Japan,0.06587986038203475
2014-08-01,Japan,0.06470722385927519
2014-09-01,Japan,0.02510690229891743
2014-10-01,Japan,-0.03801842009120948
2014-11-01,Japan,0.07292873053586368
2014-12-01,Japan,0.0588429975999889
2015-01-01,Japan,0.07762690169437447
2015-02-01,Japan,-0.03359008004656217
2015-03-01,Japan,-0.1139165588007753
2015-04-01,Japan,-0.08760184131343607
2015-05-01,Japan,-0.07767105446875155
2015-06-01,Japan,-0.0983900548150144
2015-07-01,Japan,-0.1057436573520835
2015-08-01,Japan,-0.05222054191226833
2015-09-01,Japan,0.009995210106872543
2015-10-01,Japan,0.09985665829930501
2015-11-01,Japan,0.01241647744145347
2015-12-01,Japan,-0.001729548349310162
2016-01-01,Japan,0.004624335008313718
2016-02-01,Japan,0.1353907693011611
2016-03-01,Japan,0.1804842575149364
2016-04-01,Japan,0.1237791758190687
2016-05-01,Japan,0.08517609488197442
2016-06-01,Japan,0.1287484827393341
2016-07-01,Japan,0.1698495538632454
2016-08-01,Japan,0.1208553731497348
2016-09-01,Japan,0.1160511217371243
2016-10-01,Japan,0.1208414802812983
2016-11-01,Japan,0.1570938134134101
2016-12-01,Japan,0.2209552695137869
2017-01-01,Japan,0.2177257215422268
2017-02-01,Japan,0.2278551775183648
2017-03-01,Japan,0.1959847675198083
2017-04-01,Japan,0.1747395188484986
2017-05-01,Japan,0.1703074885827891
2017-06-01,Japan,0.1248111662236748
2017-07-01,Japan,0.08493279456949798
2017-08-01,Japan,0.06765399865597188
2017-09-01,Japan,0.07054593047024338
2017-10-01,Japan,0.08172875027912618
2017-11-01,Japan,-0.05346258767930123
2017-12-01,Japan,-0.0774034734674095
2018-01-01,Japan,-0.1453268898413487
2018-02-01,Japan,-0.1329530994503705
2018-03-01,Japan,-0.1200295985272487
2018-04-01,Japan,-0.09711912862854288
2018-05-01,Japan,-0.09070747251220201
2018-06-01,Japan,-0.1177336852884265
2018-07-01,Japan,-0.06124711499492597
2018-08-01,Japan,-0.06368302910407098
2018-09-01,Japan,-0.0752377028974851
2018-10-01,Japan,-0.06753316458301117
2018-11-01,Japan,0.06818661138553272
2018-12-01,Japan,0.07013747644708812
2019-01-01,Japan,0.1708961284588093
2019-02-01,Japan,0.08858142470171337
2019-03-01,Japan,-0.01067007994173463
2019-04-01,Japan,-0.08744497143823082
2019-05-01,Japan,-0.05128268835152761
2019-06-01,Japan,0.04662025598043207
2019-07-01,Japan,0.008730641778861736
2019-08-01,Japan,-0.008564548398539262
2019-09-01,Japan,0.0779731809061277
2019-10-01,Japan,0.04740507916717407
2019-11-01,Japan,-0.01713008303464059
2019-12-01,Japan,0.09937134535720782
2020-01-01,Japan,0.1216262010818758
2020-02-01,Japan,0.1257242871451483
2020-03-01,Japan,0.2578422103352984
2020-04-01,Japan,0.3730572894491972
2020-05-01,Japan,0.2828833854657793
2020-06-01,Japan,0.2291613361726659
2020-07-01,Japan,0.2262066829341616
2020-08-01,Japan,0.2300768352624651
2020-09-01,Japan,0.1779683245184067
2020-10-01,Japan,0.1991744287371269
2020-11-01,Japan,0.1777322432286272
2020-12-01,Japan,0.02104754578773749
2021-01-01,Japan,-0.0008509421546952778
2021-02-01,Japan,-0.04197201992734578
2021-03-01,Japan,-0.06682829556067937
2021-04-01,Japan,-0.08306520750138613
2021-05-01,Japan,-0.1508702027537606
2021-06-01,Japan,-0.1500246554760895
2021-07-01,Japan,-0.2152140438042534
2021-08-01,Japan,-0.1598508540221357
2021-09-01,Japan,-0.2056403150119628
2021-10-01,Japan,-0.3085100712301094
2021-11-01,Japan,-0.2631893185906784
2021-12-01,Japan,-0.171503235445117
2022-01-01,Japan,-0.1849934465716303
2022-02-01,Japan,-0.08807623756540761
2022-03-01,Japan,-0.1131026459248176
2022-04-01,Japan,-0.07395762180895515
2022-05-01,Japan,0.01914478690873556
2022-06-01,Japan,0.02156819953064781
2022-07-01,Japan,0.1550063222094891
2022-08-01,Japan,0.1257107728127251
2022-09-01,Japan,0.1272496462268409
2022-10-01,Japan,0.2329203133507749
2022-11-01,Japan,0.1434533470760211
2022-12-01,Japan,0.131742069694055
2023-01-01,Japan,0.1783451115070849
2023-02-01,Japan,0.1606446436414308
2023-03-01,Japan,0.2431996404854904
2023-04-01,Japan,0.2348672978966571
2023-05-01,Japan,0.1704787224254809
2023-06-01,Japan,0.1642360713734357
2023-07-01,Japan,0.110544568276868
2023-08-01,Japan,0.1405383304080996
2023-09-01,Japan,0.1748594645534278
2023-10-01,Japan,0.1928533029315815
2023-11-01,Japan,0.2005052717412177
2023-12-01,Japan,0.1131771790927645
2024-01-01,Japan,0.06299915603837647
2024-02-01,Japan,0.03196954781558636
2024-03-01,Japan,-0.01159577520941857
2024-04-01,Japan,-0.04067818666851286
2024-05-01,Japan,0.06107290606768667
2024-06-01,Japan,0.08960639327673214
2024-07-01,Japan,0.1160382014551693
2024-08-01,Japan,0.04009195101280683
2024-09-01,Japan,0.1068048747675097
2024-10-01,Japan,0.1403084976223856
2024-11-01,Japan,0.2268157515120235
2024-12-01,Japan,0.2104980010513753
2025-01-01,Japan,0.2212129241251128
2025-02-01,Japan,0.2816624277417314
2025-03-01,Japan,0.4109529066976925
2025-04-01,Japan,0.2354208360074743
2025-05-01,Japan,0.2814600908086444
2025-06-01,Japan,0.2928335173776888
2025-07-01,Japan,0.2674261524893446
2025-08-01,Japan,0.2986366962633002
2025-09-01,Japan,
2025-10-01,Japan,
2025-11-01,Japan,
2025-12-01,Japan,
2026-01-01,Japan,
2026-02-01,Japan,
2026-03-01,Japan,
2026-04-01,Japan,
2026-05-01,Japan,
2026-06-01,Japan,
2026-07-01,Japan,
2026-08-01,Japan,
2000-02-01,Switzerland,0.1587354196762076
2000-03-01,Switzerland,0.1076950185339589
2000-04-01,Switzerland,-0.07702480391217315
2000-05-01,Switzerland,-0.02444890966046165
2000-06-01,Switzerland,-0.08780337809476668
2000-07-01,Switzerland,-0.1567031843917772
2000-08-01,Switzerland,-0.1669638261067058
2000-09-01,Switzerland,-0.1501497139752433
2000-10-01,Switzerland,-0.1412678881289477
2000-11-01,Switzerland,-0.1464776852371483
2000-12-01,Switzerland,-0.162303252897264
2001-01-01,Switzerland,-0.2170171408251959
2001-02-01,Switzerland,-0.2444758805071862
2001-03-01,Switzerland,-0.167693299230065
2001-04-01,Switzerland,-0.01775908478171517
2001-05-01,Switzerland,-0.01397850606736639
2001-06-01,Switzerland,0.03602937653420635
2001-07-01,Switzerland,0.03628941349422354
2001-08-01,Switzerland,-0.07874955724650357
2001-09-01,Switzerland,-0.07665303071743834
2001-10-01,Switzerland,-0.0957296627826264
2001-11-01,Switzerland,-0.0671239960873995
2001-12-01,Switzerland,-0.06416614353812533
2002-01-01,Switzerland,-0.106411281052164
2002-02-01,Switzerland,-0.08622334787135766
2002-03-01,Switzerland,-0.1588969045776852
2002-04-01,Switzerland,-0.2145441422374905
2002-05-01,Switzerland,-0.1509108734225559
2002-06-01,Switzerland,-0.1313832350167607
2002-07-01,Switzerland,-0.09655254664030688
2002-08-01,Switzerland,0.06658936010869665
2002-09-01,Switzerland,0.05827530161691974
2002-10-01,Switzerland,0.1816362193394141
2002-11-01,Switzerland,0.1682293557354835
2002-12-01,Switzerland,0.2005093979711654
2003-01-01,Switzerland,0.3300848045133296
2003-02-01,Switzerland,0.4131086175708383
2003-03-01,Switzerland,0.4980606959689722
2003-04-01,Switzerland,0.4725370415095771
2003-05-01,Switzerland,0.3397294279323522
2003-06-01,Switzerland,0.2729615301789676
2003-07-01,Switzerland,0.2749279196776688
2003-08-01,Switzerland,0.185164061441121
2003-09-01,Switzerland,0.1816726672952542
2003-10-01,Switzerland,0.160916153915305
2003-11-01,Switzerland,0.1569999442903525
2003-12-01,Switzerland,0.1791729211261144
2004-01-01,Switzerland,0.1424306928882462
2004-02-01,Switzerland,0.07890800902696138
2004-03-01,Switzerland,0.1353956284391871
2004-04-01,Switzerland,0.1317563159054245
2004-05-01,Switzerland,0.113668932342718
2004-06-01,Switzerland,0.1036700930714869
2004-07-01,Switzerland,0.09585085499375734
2004-08-01,Switzerland,0.1956301227204742
2004-09-01,Switzerland,0.2201826788853485
2004-10-01,Switzerland,0.2304668599434481
2004-11-01,Switzerland,0.2256874936861542
2004-12-01,Switzerland,0.1814907304810887
2005-01-01,Switzerland,0.1543632883858135
2005-02-01,Switzerland,0.263226079896987
2005-03-01,Switzerland,0.1797555111568927
2005-04-01,Switzerland,0.2396649280669898
2005-05-01,Switzerland,0.3214590136456121
2005-06-01,Switzerland,0.2802495225968924
2005-07-01,Switzerland,0.2869037412781041
2005-08-01,Switzerland,0.2589142642806479
2005-09-01,Switzerland,0.2819560599970037
2005-10-01,Switzerland,0.2580761796293813
2005-11-01,Switzerland,0.2728724220614798
2005-12-01,Switzerland,0.2693614538180418
2006-01-01,Switzerland,0.2646459509737991
2006-02-01,Switzerland,0.21486008178324
2006-03-01,Switzerland,0.2071094468063162
2006-04-01,Switzerland,0.2096451404345443
2006-05-01,Switzerland,0.2194509560611606
2006-06-01,Switzerland,0.2437842588307186
2006-07-01,Switzerland,0.214530947405525
2006-08-01,Switzerland,0.1583729941887264
2006-09-01,Switzerland,0.1221143426817397
2006-10-01,Switzerland,0.1480814838916813
2006-11-01,Switzerland,0.1396712748472653
2006-12-01,Switzerland,0.105827821602688
2007-01-01,Switzerland,0.04403426644629271
2007-02-01,Switzerland,-0.03268261014633589
2007-03-01,Switzerland,0.007503946161086184
2007-04-01,Switzerland,-0.003555471204286564
2007-05-01,Switzerland,-0.06877171404702631
2007-06-01,Switzerland,-0.06080747233453876
2007-07-01,Switzerland,-0.0885564741516347
2007-08-01,Switzerland,-0.07808154797322509
2007-09-01,Switzerland,-0.1001334840774023
2007-10-01,Switzerland,-0.2211096668391517
2007-11-01,Switzerland,-0.3295371884724905
2007-12-01,Switzerland,-0.3912804943263107
2008-01-01,Switzerland,-0.311646829523726
2008-02-01,Switzerland,-0.3593436931038381
2008-03-01,Switzerland,-0.4427037814117417
2008-04-01,Switzerland,-0.4066374811212593
2008-05-01,Switzerland,-0.3647584671152607
2008-06-01,Switzerland,-0.3017483618205328
2008-07-01,Switzerland,-0.2689816670686811
2008-08-01,Switzerland,-0.1832871488180478
2008-09-01,Switzerland,-0.1039888195286914
2008-10-01,Switzerland,0.0336839561914879
2008-11-01,Switzerland,0.1837884263177163
2008-12-01,Switzerland,0.3238978452048049
2009-01-01,Switzerland,0.2382608400056603
2009-02-01,Switzerland,0.3625004893704218
2009-03-01,Switzerland,0.5627115582687547
2009-04-01,Switzerland,0.5242567204993149
2009-05-01,Switzerland,0.3493929555573712
2009-06-01,Switzerland,0.0981250043042583
2009-07-01,Switzerland,0.1559739277426633
2009-08-01,Switzerland,0.09034742355362124
2009-09-01,Switzerland,0.0492163636871874
2009-10-01,Switzerland,0.06780258673144401
2009-11-01,Switzerland,0.08700696783812045
2009-12-01,Switzerland,0.03057847349154841
2010-01-01,Switzerland,0.1057094817752804
2010-02-01,Switzerland,0.1402542547417194
2010-03-01,Switzerland,0.1561618080491582
2010-04-01,Switzerland,0.0785773441455031
2010-05-01,Switzerland,0.239400754615517
2010-06-01,Switzerland,0.4164404904380685
2010-07-01,Switzerland,0.2990678507045617
2010-08-01,Switzerland,0.2356694767256537
2010-09-01,Switzerland,0.1255071068352258
2010-10-01,Switzerland,-0.05461406325943674
2010-11-01,Switzerland,0.002132694044023831
2010-12-01,Switzerland,-0.01849106375423748
2011-01-01,Switzerland,-0.08449795676773642
2011-02-01,Switzerland,-0.05818425478106082
2011-03-01,Switzerland,-0.04412517650232761
2011-04-01,Switzerland,-0.008125120968019317
2011-05-01,Switzerland,-0.1071181099733109
2011-06-01,Switzerland,-0.2161395198686514
2011-07-01,Switzerland,-0.1286285596521761
2011-08-01,Switzerland,-0.1071083501688299
2011-09-01,Switzerland,-0.02187202711447134
2011-10-01,Switzerland,0.1384291879182984
2011-11-01,Switzerland,0.07760137064534534
2011-12-01,Switzerland,0.1863851391143885
2012-01-01,Switzerland,0.1813764106057512
2012-02-01,Switzerland,0.251519067999765
2012-03-01,Switzerland,0.2005953988940015
2012-04-01,Switzerland,0.1950748406678866
2012-05-01,Switzerland,0.2642052121021219
2012-06-01,Switzerland,0.3780123657347079
2012-07-01,Switzerland,0.2714493325453877
2012-08-01,Switzerland,0.2920647672771659
2012-09-01,Switzerland,0.246610512605504
2012-10-01,Switzerland,0.2912415185826283
2012-11-01,Switzerland,0.290391451614423
2012-12-01,Switzerland,0.2489921336146748
2013-01-01,Switzerland,0.2460912207534178
2013-02-01,Switzerland,0.1245608205982136
2013-03-01,Switzerland,0.1921132105245194
2013-04-01,Switzerland,0.1733101238394705
2013-05-01,Switzerland,0.1448140497440125
2013-06-01,Switzerland,0.1844487930297969
2013-07-01,Switzerland,0.2009394005018186
2013-08-01,Switzerland,0.1103999374113311
2013-09-01,Switzerland,0.1499284273859598
2013-10-01,Switzerland,0.04843723966318936
2013-11-01,Switzerland,0.01469252196166093
2013-12-01,Switzerland,0.04205386330989835
2014-01-01,Switzerland,-0.01695666433711862
2014-02-01,Switzerland,0.009438863239724427
2014-03-01,Switzerland,-0.009995345593144411
2014-04-01,Switzerland,-0.01674532820191643
2014-05-01,Switzerland,0.006304112457479416
2014-06-01,Switzerland,0.008811032136804231
2014-07-01,Switzerland,-0.02740391683184706
2014-08-01,Switzerland,0.05765203673524666
2014-09-01,Switzerland,-0.03536095670721284
2014-10-01,Switzerland,-0.05324788948848791
2014-11-01,Switzerland,-0.003881811929348555
2014-12-01,Switzerland,-0.06691379047005885
2015-01-01,Switzerland,-0.01176755633247717
2015-02-01,Switzerland,-0.09209965174458912
2015-03-01,Switzerland,-0.1512175931013112
2015-04-01,Switzerland,-0.1088973641639206
2015-05-01,Switzerland,-0.1196120634025292
2015-06-01,Switzerland,-0.1328303328644556
2015-07-01,Switzerland,-0.1010722560435532
2015-08-01,Switzerland,-0.1188459914970411
2015-09-01,Switzerland,-0.0605704121603915
2015-10-01,Switzerland,-0.009414910236088092
2015-11-01,Switzerland,-0.1029237237959184
2015-12-01,Switzerland,-0.09583689476266721
2016-01-01,Switzerland,-0.0667160217042645
2016-02-01,Switzerland,0.0495547343769136
2016-03-01,Switzerland,0.09021126258436252
2016-04-01,Switzerland,0.06921821226626612
2016-05-01,Switzerland,0.07954328103226405
2016-06-01,Switzerland,0.1411375087781392
2016-07-01,Switzerland,0.1461029467070327
2016-08-01,Switzerland,0.1293746130916213
2016-09-01,Switzerland,0.1268380082085345
2016-10-01,Switzerland,0.1398155318274577
2016-11-01,Switzerland,0.1849043196167213
2016-12-01,Switzerland,0.2406536658266702
2017-01-01,Switzerland,0.206680519805819
2017-02-01,Switzerland,0.2097868722130285
2017-03-01,Switzerland,0.1156849024447222
2017-04-01,Switzerland,0.06678385319752422
2017-05-01,Switzerland,0.02593646878868561
2017-06-01,Switzerland,-0.05941505153187221
2017-07-01,Switzerland,-0.04887080522368137
2017-08-01,Switzerland,0.00453181618797438
2017-09-01,Switzerland,0.01962408545487082
2017-10-01,Switzerland,0.0005924407519994901
2017-11-01,Switzerland,-0.0224115785722826
2017-12-01,Switzerland,-0.04054508821641911
2018-01-01,Switzerland,-0.1047742134036571
2018-02-01,Switzerland,-0.08850336080673149
2018-03-01,Switzerland,0.01420778349337382
2018-04-01,Switzerland,0.05884907920160742
2018-05-01,Switzerland,0.08001341657405292
2018-06-01,Switzerland,0.1125945114416615
2018-07-01,Switzerland,0.1796302228709652
2018-08-01,Switzerland,0.099933249875795
2018-09-01,Switzerland,0.09605250794669318
2018-10-01,Switzerland,0.1026181722157302
2018-11-01,Switzerland,0.1689757381949635
2018-12-01,Switzerland,0.1805437059474297
2019-01-01,Switzerland,0.3032854208466838
2019-02-01,Switzerland,0.2371907040161678
2019-03-01,Switzerland,0.09306818726210286
2019-04-01,Switzerland,0.01836546142837592
2019-05-01,Switzerland,0.05006156311054943
2019-06-01,Switzerland,0.08519587967026321
2019-07-01,Switzerland,0.04501271673999185
2019-08-01,Switzerland,0.09491276714192542
2019-09-01,Switzerland,0.1192507360928026
2019-10-01,Switzerland,0.0952599745961813
2019-11-01,Switzerland,0.01569611054256059
2019-12-01,Switzerland,0.09575759357721192
2020-01-01,Switzerland,0.1006009696892867
2020-02-01,Switzerland,0.06959986317999722
2020-03-01,Switzerland,0.1348812297547703
2020-04-01,Switzerland,0.2199259090896881
2020-05-01,Switzerland,0.2138288164319242
2020-06-01,Switzerland,0.2401283867378514
2020-07-01,Switzerland,0.2276257345223183
2020-08-01,Switzerland,0.2193378318705994
2020-09-01,Switzerland,0.2041184723551737
2020-10-01,Switzerland,0.1300768297240833
2020-11-01,Switzerland,0.2713433562105558
2020-12-01,Switzerland,0.1470957060122877
2021-01-01,Switzerland,0.1788678722765515
2021-02-01,Switzerland,0.1096290631510057
2021-03-01,Switzerland,0.1305711909858704
2021-04-01,Switzerland,0.1258420168877814
2021-05-01,Switzerland,0.0285433090540923
2021-06-01,Switzerland,-0.05260350676209247
2021-07-01,Switzerland,-0.1370238548056389
2021-08-01,Switzerland,-0.125901380496745
2021-09-01,Switzerland,-0.1835632724171672
2021-10-01,Switzerland,-0.1753172530961271
2021-11-01,Switzerland,-0.1998420791930673
2021-12-01,Switzerland,-0.1240698497920723
2022-01-01,Switzerland,-0.1929621833285683
2022-02-01,Switzerland,-0.07116034951550387
2022-03-01,Switzerland,-0.09839549295785299
2022-04-01,Switzerland,-0.08032527809896617
2022-05-01,Switzerland,0.02678280158514035
2022-06-01,Switzerland,0.01282865380130316
2022-07-01,Switzerland,0.1181416797306689
2022-08-01,Switzerland,0.1063877950883849
2022-09-01,Switzerland,0.1287933001516959
2022-10-01,Switzerland,0.1445460123837787
2022-11-01,Switzerland,0.05919242716340789
2022-12-01,Switzerland,0.07245505635213778
2023-01-01,Switzerland,0.1415408914854872
2023-02-01,Switzerland,0.07245645875582918
2023-03-01,Switzerland,0.08570516093805369
2023-04-01,Switzerland,0.05643354366998921
2023-05-01,Switzerland,-0.05268101027842564
2023-06-01,Switzerland,0.07263754250512422
2023-07-01,Switzerland,0.04584645911853791
2023-08-01,Switzerland,0.05809288812421176
2023-09-01,Switzerland,0.1492217562185421
2023-10-01,Switzerland,0.1992351871701692
2023-11-01,Switzerland,0.1880744491287436
2023-12-01,Switzerland,0.06406110278701371
2024-01-01,Switzerland,-0.03350128413816356
2024-02-01,Switzerland,0.04850011894022677
2024-03-01,Switzerland,0.1092671205084952
2024-04-01,Switzerland,0.09091109510052608
2024-05-01,Switzerland,0.1983947240973853
2024-06-01,Switzerland,0.1284549314261036
2024-07-01,Switzerland,0.138158577420618
2024-08-01,Switzerland,0.05895913498495187
2024-09-01,Switzerland,0.05574498986423793
2024-10-01,Switzerland,0.063932338946874
2024-11-01,Switzerland,0.1325009449914902
2024-12-01,Switzerland,0.2082244730899654
2025-01-01,Switzerland,0.3165455879085286
2025-02-01,Switzerland,0.249553598228633
2025-03-01,Switzerland,0.2784805446182193
2025-04-01,Switzerland,0.1315974238230164
2025-05-01,Switzerland,0.1520677960728938
2025-06-01,Switzerland,0.1720631079567818
2025-07-01,Switzerland,0.1815681095764836
2025-08-01,Switzerland,0.2155729461453579
2025-09-01,Switzerland,
2025-10-01,Switzerland,
2025-11-01,Switzerland,
2025-12-01,Switzerland,
2026-01-01,Switzerland,
2026-02-01,Switzerland,
2026-03-01,Switzerland,
2026-04-01,Switzerland,
2026-05-01,Switzerland,
2026-06-01,Switzerland,
2026-07-01,Switzerland,
2026-08-01,Switzerland,
2000-02-01,U.K.,-0.007159654365526347
2000-03-01,U.K.,-0.04441048855971397
2000-04-01,U.K.,-0.1506037182620249
2000-05-01,U.K.,-0.05684985056909042
2000-06-01,U.K.,-0.05590715633811072
2000-07-01,U.K.,-0.0958689650797333
2000-08-01,U.K.,-0.1006063658862879
2000-09-01,U.K.,-0.1206772202578105
2000-10-01,U.K.,-0.1551217973103415
2000-11-01,U.K.,-0.1440795933166787
2000-12-01,U.K.,-0.07013128284092085
2001-01-01,U.K.,-0.111837434317441
2001-02-01,U.K.,-0.1348117816271192
2001-03-01,U.K.,-0.07685553554291347
2001-04-01,U.K.,0.01625973165664063
2001-05-01,U.K.,-0.04053066844319808
2001-06-01,U.K.,-0.02319566885164726
2001-07-01,U.K.,-0.03070390084137098
2001-08-01,U.K.,-0.09534185234739911
2001-09-01,U.K.,-0.09486415963161932
2001-10-01,U.K.,-0.1296443239207096
2001-11-01,U.K.,-0.07859352206672765
2001-12-01,U.K.,-0.07056116262316126
2002-01-01,U.K.,-0.1107376278303934
2002-02-01,U.K.,-0.136801126562334
2002-03-01,U.K.,-0.1452272002319849
2002-04-01,U.K.,-0.1845373813664578
2002-05-01,U.K.,-0.09850698425502269
2002-06-01,U.K.,-0.02628412206106934
2002-07-01,U.K.,0.02537126155726543
2002-08-01,U.K.,0.1062524942520022
2002-09-01,U.K.,0.1117127222408589
2002-10-01,U.K.,0.2822518171223787
2002-11-01,U.K.,0.2694371035521936
2002-12-01,U.K.,0.2697916629395773
2003-01-01,U.K.,0.3959483464501223
2003-02-01,U.K.,0.4965767649158848
2003-03-01,U.K.,0.5854013976170216
2003-04-01,U.K.,0.5512645264417786
2003-05-01,U.K.,0.3896924732617653
2003-06-01,U.K.,0.3376794804289596
2003-07-01,U.K.,0.3278852527520844
2003-08-01,U.K.,0.3056098395400648
2003-09-01,U.K.,0.3224223988524673
2003-10-01,U.K.,0.3182672220900931
2003-11-01,U.K.,0.2636753648570245
2003-12-01,U.K.,0.3081945431006297
2004-01-01,U.K.,0.2554259779672352
2004-02-01,U.K.,0.2504052751957346
2004-03-01,U.K.,0.255540544232234
2004-04-01,U.K.,0.2500936922276396
2004-05-01,U.K.,0.2455353714130182
2004-06-01,U.K.,0.2078171554521036
2004-07-01,U.K.,0.2276910044355687
2004-08-01,U.K.,0.256165789598142
2004-09-01,U.K.,0.2860237072438303
2004-10-01,U.K.,0.2671164045465968
2004-11-01,U.K.,0.1992478511231874
2004-12-01,U.K.,0.1327018517165743
2005-01-01,U.K.,0.1280554321518479
2005-02-01,U.K.,0.2037577758562084
2005-03-01,U.K.,0.1397423341609283
2005-04-01,U.K.,0.2046532557107181
2005-05-01,U.K.,0.2895061169841411
2005-06-01,U.K.,0.2782810924357946
2005-07-01,U.K.,0.2702455322254771
2005-08-01,U.K.,0.2818906130755532
2005-09-01,U.K.,0.2750156827400709
2005-10-01,U.K.,0.2464250621696449
2005-11-01,U.K.,0.3497862397558626
2005-12-01,U.K.,0.3762013194866685
2006-01-01,U.K.,0.3716910276481806
2006-02-01,U.K.,0.292361414034088
2006-03-01,U.K.,0.2981133237893547
2006-04-01,U.K.,0.303695507749612
2006-05-01,U.K.,0.2863156079032023
2006-06-01,U.K.,0.3332147632157041
2006-07-01,U.K.,0.3371412266786646
2006-08-01,U.K.,0.2739542646049984
2006-09-01,U.K.,0.2330940148318408
2006-10-01,U.K.,0.2844271383471539
2006-11-01,U.K.,0.2997261703681604
2006-12-01,U.K.,0.198538464450827
2007-01-01,U.K.,0.1374291103314136
2007-02-01,U.K.,0.03769839535421848
2007-03-01,U.K.,0.04479794321904063
2007-04-01,U.K.,-0.008009501384392381
2007-05-01,U.K.,0.01242109737268904
2007-06-01,U.K.,-0.009747467827841416
2007-07-01,U.K.,-0.08293608950383757
2007-08-01,U.K.,-0.09699703602080745
2007-09-01,U.K.,-0.118684169727607
2007-10-01,U.K.,-0.2752917910272332
2007-11-01,U.K.,-0.4461663050928372
2007-12-01,U.K.,-0.4494296882794854
2008-01-01,U.K.,-0.4501019714342007
2008-02-01,U.K.,-0.4335844585092751
2008-03-01,U.K.,-0.4792272608665291
2008-04-01,U.K.,-0.4514174700664904
2008-05-01,U.K.,-0.4187669921461221
2008-06-01,U.K.,-0.3327616526902603
2008-07-01,U.K.,-0.2963935551215057
2008-08-01,U.K.,-0.198253952877551
2008-09-01,U.K.,-0.1265972097199658
2008-10-01,U.K.,0.05377958337684707
2008-11-01,U.K.,0.3148872497194091
2008-12-01,U.K.,0.4429798171399266
2009-01-01,U.K.,0.5238980819174799
2009-02-01,U.K.,0.5466468613829529
2009-03-01,U.K.,0.6545914734366167
2009-04-01,U.K.,0.688707174831307
2009-05-01,U.K.,0.4785773702045473
2009-06-01,U.K.,0.1526575037881857
2009-07-01,U.K.,0.1425702634692343
2009-08-01,U.K.,0.1727381160371164
2009-09-01,U.K.,0.08775078718405971
2009-10-01,U.K.,0.1533629928281539
2009-11-01,U.K.,0.184673382767488
2009-12-01,U.K.,0.09137903126566216
2010-01-01,U.K.,0.141122127448005
2010-02-01,U.K.,0.2227649358551513
2010-03-01,U.K.,0.2914489524017585
2010-04-01,U.K.,0.1905024437752389
2010-05-01,U.K.,0.2895183888414081
2010-06-01,U.K.,0.4176998802407952
2010-07-01,U.K.,0.4054869157335268
2010-08-01,U.K.,0.2534957969872429
2010-09-01,U.K.,0.1879202792708952
2010-10-01,U.K.,-0.005180028169058826
2010-11-01,U.K.,0.0717351705372744
2010-12-01,U.K.,0.1023807459682857
2011-01-01,U.K.,0.02756628913934778
2011-02-01,U.K.,0.04337079305624991
2011-03-01,U.K.,0.05513229594408897
2011-04-01,U.K.,0.0677649681084338
2011-05-01,U.K.,0.01032506481500528
2011-06-01,U.K.,-0.0835989626344813
2011-07-01,U.K.,0.01042117834669942
2011-08-01,U.K.,0.02136104620561929
2011-09-01,U.K.,0.1400846851712236
2011-10-01,U.K.,0.2790829267699519
2011-11-01,U.K.,0.1500367672355645
2011-12-01,U.K.,0.1945949440562107
2012-01-01,U.K.,0.2190687364166293
2012-02-01,U.K.,0.2231320114948081
2012-03-01,U.K.,0.1312849158513896
2012-04-01,U.K.,0.1597280137386035
2012-05-01,U.K.,0.1809308263091616
2012-06-01,U.K.,0.3339543248813031
2012-07-01,U.K.,0.1813166954005825
2012-08-01,U.K.,0.244510275818234
2012-09-01,U.K.,0.1987609395316197
2012-10-01,U.K.,0.2351460630976612
2012-11-01,U.K.,0.2703186239746913
2012-12-01,U.K.,0.2640022127671506
2013-01-01,U.K.,0.2729048743294717
2013-02-01,U.K.,0.1727337549528274
2013-03-01,U.K.,0.2868875759277942
2013-04-01,U.K.,0.2312381936974772
2013-05-01,U.K.,0.2495056033283602
2013-06-01,U.K.,0.2576865652032863
2013-07-01,U.K.,0.3327451101972321
2013-08-01,U.K.,0.2350277189403238
2013-09-01,U.K.,0.2448185837930372
2013-10-01,U.K.,0.117755507566959
2013-11-01,U.K.,0.05446840179477275
2013-12-01,U.K.,0.05222246855684598
2014-01-01,U.K.,-0.004029298139251569
2014-02-01,U.K.,0.03040249505751347
2014-03-01,U.K.,0.02280758439208053
2014-04-01,U.K.,-0.004756436377106765
2014-05-01,U.K.,0.01901018297274359
2014-06-01,U.K.,0.008851488224706827
2014-07-01,U.K.,-0.03311491811160305
2014-08-01,U.K.,-0.003993107763893167
2014-09-01,U.K.,-0.08046259147184376
2014-10-01,U.K.,-0.07300984588878967
2014-11-01,U.K.,0.01944387995270058
2014-12-01,U.K.,-0.0111200344335266
2015-01-01,U.K.,-0.02360448310569185
2015-02-01,U.K.,-0.07357313858202652
2015-03-01,U.K.,-0.1323878110646366
2015-04-01,U.K.,-0.03403294070563101
2015-05-01,U.K.,-0.06568487314678761
2015-06-01,U.K.,-0.06752173762651437
2015-07-01,U.K.,-0.06654372715343959
2015-08-01,U.K.,-0.05745750730402532
2015-09-01,U.K.,0.02013640312545628
2015-10-01,U.K.,0.07777818117563395
2015-11-01,U.K.,-0.04711282122049765
2015-12-01,U.K.,-0.02096721371416477
2016-01-01,U.K.,0.06126679477455732
2016-02-01,U.K.,0.1435529045557629
2016-03-01,U.K.,0.1781206943487565
2016-04-01,U.K.,0.1386107191685204
2016-05-01,U.K.,0.1225053558925222
2016-06-01,U.K.,0.1806472192877735
2016-07-01,U.K.,0.2013130300359292
2016-08-01,U.K.,0.1991523917137412
2016-09-01,U.K.,0.1885879029978681
2016-10-01,U.K.,0.2161526324581606
2016-11-01,U.K.,0.2890971339207185
2016-12-01,U.K.,0.2859586758518022
2017-01-01,U.K.,0.296594784466224
2017-02-01,U.K.,0.3194702008212462
2017-03-01,U.K.,0.2088991781173386
2017-04-01,U.K.,0.1866872825909736
2017-05-01,U.K.,0.2198417350055599
2017-06-01,U.K.,0.1562714737591779
2017-07-01,U.K.,0.1667834211449828
2017-08-01,U.K.,0.1473503236339022
2017-09-01,U.K.,0.1077510108327344
2017-10-01,U.K.,0.09148320840987734
2017-11-01,U.K.,0.01252665800064068
2017-12-01,U.K.,-0.004836220683999914
2018-01-01,U.K.,-0.0871347705695672
2018-02-01,U.K.,-0.04982322703331499
2018-03-01,U.K.,0.05158868025627594
2018-04-01,U.K.,0.06815769393413729
2018-05-01,U.K.,0.04217400235554281
2018-06-01,U.K.,-0.0108298580928643
2018-07-01,U.K.,0.04791010959238284
2018-08-01,U.K.,0.02015832674367113
2018-09-01,U.K.,0.01771189035327558
2018-10-01,U.K.,0.04231343322814496
2018-11-01,U.K.,0.1499104016984021
2018-12-01,U.K.,0.188931206435454
2019-01-01,U.K.,0.2986508821385696
2019-02-01,U.K.,0.1646879840906634
2019-03-01,U.K.,-0.0138334756171925
2019-04-01,U.K.,-0.1821944453277549
2019-05-01,U.K.,-0.1579503399104216
2019-06-01,U.K.,-0.09793017078305599
2019-07-01,U.K.,-0.1299847888777801
2019-08-01,U.K.,-0.09949383014832314
2019-09-01,U.K.,-0.02673075813015091
2019-10-01,U.K.,-0.1132245049804693
2019-11-01,U.K.,-0.1822659110770288
2019-12-01,U.K.,-0.06307706216765685
2020-01-01,U.K.,-0.05929204665740273
2020-02-01,U.K.,-0.02478245979086469
2020-03-01,U.K.,0.1479181320399121
2020-04-01,U.K.,0.4101606789901644
2020-05-01,U.K.,0.3952743199749573
2020-06-01,U.K.,0.4349520528438704
2020-07-01,U.K.,0.3819371236073319
2020-08-01,U.K.,0.3735729925437019
2020-09-01,U.K.,0.3439900934797409
2020-10-01,U.K.,0.3911517976987997
2020-11-01,U.K.,0.521230412525659
2020-12-01,U.K.,0.2328322668967517
2021-01-01,U.K.,0.2535873801645327
2021-02-01,U.K.,0.2682118107226055
2021-03-01,U.K.,0.2341228189158959
2021-04-01,U.K.,0.2037949040132845
2021-05-01,U.K.,0.1116576478054119
2021-06-01,U.K.,0.0867425294926123
2021-07-01,U.K.,0.01824436788854911
2021-08-01,U.K.,0.04643514249781111
2021-09-01,U.K.,-0.02285654592891384
2021-10-01,U.K.,-0.09241348779795489
2021-11-01,U.K.,-0.07460563590307734
2021-12-01,U.K.,0.08371047069041859
2022-01-01,U.K.,0.005528543033549216
2022-02-01,U.K.,0.06149069272516083
2022-03-01,U.K.,0.05586203941879742
2022-04-01,U.K.,0.04688052289510214
2022-05-01,U.K.,0.1433869552093925
2022-06-01,U.K.,0.05298828735002803
2022-07-01,U.K.,0.1968634320559652
2022-08-01,U.K.,0.1935414557810999
2022-09-01,U.K.,0.2162393684801811
2022-10-01,U.K.,0.320656310035722
2022-11-01,U.K.,0.1935922433598312
2022-12-01,U.K.,0.1515650937467288
2023-01-01,U.K.,0.2087297303814051
2023-02-01,U.K.,0.1197076232361445
2023-03-01,U.K.,0.1177858812719532
2023-04-01,U.K.,0.1744789867023757
2023-05-01,U.K.,0.1364581840898587
2023-06-01,U.K.,0.2620948925559063
2023-07-01,U.K.,0.1947948749034512
2023-08-01,U.K.,0.2020751263727396
2023-09-01,U.K.,0.2899958184822915
2023-10-01,U.K.,0.3045184567370895
2023-11-01,U.K.,0.2866594309425616
2023-12-01,U.K.,0.2217190925131345
2024-01-01,U.K.,0.1359243524293445
2024-02-01,U.K.,0.2114162109972109
2024-03-01,U.K.,0.2533274325225499
2024-04-01,U.K.,0.2072413975710197
2024-05-01,U.K.,0.2175286876144378
2024-06-01,U.K.,0.2263725877347456
2024-07-01,U.K.,0.2633346817804318
2024-08-01,U.K.,0.2234402839876968
2024-09-01,U.K.,0.2253121844851762
2024-10-01,U.K.,0.2362869679806667
2024-11-01,U.K.,0.3313825970983177
2024-12-01,U.K.,0.3302390689292498
2025-01-01,U.K.,0.4198430491685068
2025-02-01,U.K.,0.4193116400182082
2025-03-01,U.K.,0.4399990963473528
2025-04-01,U.K.,0.3206095392456534
2025-05-01,U.K.,0.3521323642492962
2025-06-01,U.K.,0.2893650778882288
2025-07-01,U.K.,0.2604138462951604
2025-08-01,U.K.,0.3166587022809495
2025-09-01,U.K.,
2025-10-01,U.K.,
2025-11-01,U.K.,
2025-12-01,U.K.,
2026-01-01,U.K.,
2026-02-01,U.K.,
2026-03-01,U.K.,
2026-04-01,U.K.,
2026-05-01,U.K.,
2026-06-01,U.K.,
2026-07-01,U.K.,
2026-08-01,U.K.,
2000-02-01,NASDAQ,-0.2963239306153006
2000-03-01,NASDAQ,-0.5418411689934826
2000-04-01,NASDAQ,-0.5975664960210636
2000-05-01,NASDAQ,-0.4518450213175986
2000-06-01,NASDAQ,-0.3794337397931731
2000-07-01,NASDAQ,-0.455073106898195
2000-08-01,NASDAQ,-0.4618700872579964
2000-09-01,NASDAQ,-0.5707846470217648
2000-10-01,NASDAQ,-0.5919211940688627
2000-11-01,NASDAQ,-0.4984019016924707
2000-12-01,NASDAQ,-0.2568015689414265
2001-01-01,NASDAQ,-0.2101610592102068
2001-02-01,NASDAQ,-0.3019341226877482
2001-03-01,NASDAQ,-0.1944908287364708
2001-04-01,NASDAQ,0.004172182191646723
2001-05-01,NASDAQ,-0.2009944051714361
2001-06-01,NASDAQ,-0.2329924330368777
2001-07-01,NASDAQ,-0.3213836501267789
2001-08-01,NASDAQ,-0.3430491877679281
2001-09-01,NASDAQ,-0.2695680807342296
2001-10-01,NASDAQ,-0.2152346543901787
2001-11-01,NASDAQ,-0.2102374866879659
2001-12-01,NASDAQ,-0.2308786486273017
2002-01-01,NASDAQ,-0.3123454982540217
2002-02-01,NASDAQ,-0.314184839209894
2002-03-01,NASDAQ,-0.2238776848205881
2002-04-01,NASDAQ,-0.2696799497428999
2002-05-01,NASDAQ,-0.1283396956722611
2002-06-01,NASDAQ,-0.007370942407956549
2002-07-01,NASDAQ,0.1144816960087622
2002-08-01,NASDAQ,0.3126170897032998
2002-09-01,NASDAQ,0.3836204108501144
2002-10-01,NASDAQ,0.5317208384277485
2002-11-01,NASDAQ,0.4605667754873446
2002-12-01,NASDAQ,0.3324118981103195
2003-01-01,NASDAQ,0.5077452113685716
2003-02-01,NASDAQ,0.5721656680063245
2003-03-01,NASDAQ,0.5246110921888094
2003-04-01,NASDAQ,0.4936314919070373
2003-05-01,NASDAQ,0.3171783502533043
2003-06-01,NASDAQ,0.2506939128594812
2003-07-01,NASDAQ,0.2677203135747364
2003-08-01,NASDAQ,0.09282068661177179
2003-09-01,NASDAQ,0.02042670647432132
2003-10-01,NASDAQ,0.06692638851584487
2003-11-01,NASDAQ,0.02672745099728813
2003-12-01,NASDAQ,0.08607011117666685
2004-01-01,NASDAQ,0.1027390441890126
2004-02-01,NASDAQ,0.01364803885809329
2004-03-01,NASDAQ,0.02694672906455442
2004-04-01,NASDAQ,0.01876470612455905
2004-05-01,NASDAQ,0.01705312810493953
2004-06-01,NASDAQ,0.05841188961773258
2004-07-01,NASDAQ,0.02155309285663964
2004-08-01,NASDAQ,0.1772695514257896
2004-09-01,NASDAQ,0.1907800588438091
2004-10-01,NASDAQ,0.1538155118032734
2004-11-01,NASDAQ,0.09270743896247491
2004-12-01,NASDAQ,0.07278234776570103
2005-01-01,NASDAQ,0.02119653974477265
2005-02-01,NASDAQ,0.1273589762183374
2005-03-01,NASDAQ,0.1212282749434357
2005-04-01,NASDAQ,0.1855022222088041
2005-05-01,NASDAQ,0.2242946279317888
2005-06-01,NASDAQ,0.06716582353101841
2005-07-01,NASDAQ,0.0695006929014157
2005-08-01,NASDAQ,-0.03047132663375396
2005-09-01,NASDAQ,0.02784796618399699
2005-10-01,NASDAQ,0.06312195396001474
2005-11-01,NASDAQ,0.129898543158018
2005-12-01,NASDAQ,0.1027072139668741
2006-01-01,NASDAQ,0.1089224383579057
2006-02-01,NASDAQ,0.08094975024503781
2006-03-01,NASDAQ,0.071420907191595
2006-04-01,NASDAQ,0.04228966961615366
2006-05-01,NASDAQ,0.09497341138138582
2006-06-01,NASDAQ,0.2040021948059929
2006-07-01,NASDAQ,0.2071615987708531
2006-08-01,NASDAQ,0.2264640612626321
2006-09-01,NASDAQ,0.1980637511489796
2006-10-01,NASDAQ,0.2052798249188128
2006-11-01,NASDAQ,0.2175416974260818
2006-12-01,NASDAQ,0.1027490252606924
2007-01-01,NASDAQ,0.1066136349270099
2007-02-01,NASDAQ,-0.02246651766881402
2007-03-01,NASDAQ,-0.0523921615370968
2007-04-01,NASDAQ,-0.05125623257202983
2007-05-01,NASDAQ,-0.03681986585508001
2007-06-01,NASDAQ,-0.02342367461040551
2007-07-01,NASDAQ,-0.1119415619734964
2007-08-01,NASDAQ,-0.07922602007768031
2007-09-01,NASDAQ,-0.08086071369981429
2007-10-01,NASDAQ,-0.2193776523644762
2007-11-01,NASDAQ,-0.393041097203318
2007-12-01,NASDAQ,-0.4176047255473029
2008-01-01,NASDAQ,-0.3997902488574514
2008-02-01,NASDAQ,-0.3763836704142858
2008-03-01,NASDAQ,-0.3872392590343233
2008-04-01,NASDAQ,-0.3224370426778549
2008-05-01,NASDAQ,-0.2808537277288141
2008-06-01,NASDAQ,-0.2892092774329775
2008-07-01,NASDAQ,-0.1912426460111804
2008-08-01,NASDAQ,-0.1401720818882067
2008-09-01,NASDAQ,-0.1422220383847799
2008-10-01,NASDAQ,0.02553989849311966
2008-11-01,NASDAQ,0.2007188976173171
2008-12-01,NASDAQ,0.4110580075420285
2009-01-01,NASDAQ,0.4534057185082776
2009-02-01,NASDAQ,0.4691313025514214
2009-03-01,NASDAQ,0.6400231141718256
2009-04-01,NASDAQ,0.5834193895845421
2009-05-01,NASDAQ,0.4465575928231158
2009-06-01,NASDAQ,0.2838189846265888
2009-07-01,NASDAQ,0.1602154236414977
2009-08-01,NASDAQ,0.1502894347905828
2009-09-01,NASDAQ,0.06212516766064491
2009-10-01,NASDAQ,0.1273158320723573
2009-11-01,NASDAQ,0.2385841417381289
2009-12-01,NASDAQ,0.1767101979319339
2010-01-01,NASDAQ,0.1813393896105706
2010-02-01,NASDAQ,0.2705351117215851
2010-03-01,NASDAQ,0.2557997620072008
2010-04-01,NASDAQ,0.1717983974831143
2010-05-01,NASDAQ,0.1796104470347242
2010-06-01,NASDAQ,0.2690940317013644
2010-07-01,NASDAQ,0.3285631520301149
2010-08-01,NASDAQ,0.2352037942855114
2010-09-01,NASDAQ,0.2331369759759772
2010-10-01,NASDAQ,0.02990871253715244
2010-11-01,NASDAQ,0.08135195358987257
2010-12-01,NASDAQ,0.05982358986617431
2011-01-01,NASDAQ,-0.00790265485804209
2011-02-01,NASDAQ,0.0529727236482378
2011-03-01,NASDAQ,0.07776807425987031
2011-04-01,NASDAQ,0.1236787437501821
2011-05-01,NASDAQ,0.07182701414052328
2011-06-01,NASDAQ,0.008513434868578695
2011-07-01,NASDAQ,0.07057650714566965
2011-08-01,NASDAQ,0.07887269734579627
2011-09-01,NASDAQ,0.2035360359146083
2011-10-01,NASDAQ,0.3063986954147389
2011-11-01,NASDAQ,0.1232168355907595
2011-12-01,NASDAQ,0.1642246959926374
2012-01-01,NASDAQ,0.1774506113048266
2012-02-01,NASDAQ,0.1341288572797703
2012-03-01,NASDAQ,0.08224742790893202
2012-04-01,NASDAQ,0.0739772379674497
2012-05-01,NASDAQ,0.1103033596099763
2012-06-01,NASDAQ,0.2423067440891715
2012-07-01,NASDAQ,0.178567409645177
2012-08-01,NASDAQ,0.2543272893010255
2012-09-01,NASDAQ,0.1898803665878046
2012-10-01,NASDAQ,0.2301426273362728
2012-11-01,NASDAQ,0.3379281852191114
2012-12-01,NASDAQ,0.3697179967844146
2013-01-01,NASDAQ,0.4016704701676266
2013-02-01,NASDAQ,0.3238928270839341
2013-03-01,NASDAQ,0.3816007255445337
2013-04-01,NASDAQ,0.3023573185808808
2013-05-01,NASDAQ,0.2526070046602509
2013-06-01,NASDAQ,0.2440231823633316
2013-07-01,NASDAQ,0.3123530304547224
2013-08-01,NASDAQ,0.2206001771083361
2013-09-01,NASDAQ,0.2921203245181994
2013-10-01,NASDAQ,0.2066361929099987
2013-11-01,NASDAQ,0.1964206396067094
2013-12-01,NASDAQ,0.1953360438405096
2014-01-01,NASDAQ,0.1482739248946328
2014-02-01,NASDAQ,0.1439630757089205
2014-03-01,NASDAQ,0.1673214334565309
2014-04-01,NASDAQ,0.1827158108206457
2014-05-01,NASDAQ,0.2170166076477107
2014-06-01,NASDAQ,0.2106934125211628
2014-07-01,NASDAQ,0.1460497237944005
2014-08-01,NASDAQ,0.1888357677130663
2014-09-01,NASDAQ,0.05644495287412377
2014-10-01,NASDAQ,0.0415002188934317
2014-11-01,NASDAQ,0.105604896756895
2014-12-01,NASDAQ,0.07976478814752985
2015-01-01,NASDAQ,0.07108527409548504
2015-02-01,NASDAQ,0.008171203856684794
2015-03-01,NASDAQ,-0.06998591402642429
2015-04-01,NASDAQ,0.006629582780148136
2015-05-01,NASDAQ,-0.02102308028520572
2015-06-01,NASDAQ,-0.01079486813543817
2015-07-01,NASDAQ,-0.01582596024283822
2015-08-01,NASDAQ,0.02023774326473227
2015-09-01,NASDAQ,0.1063824004157268
2015-10-01,NASDAQ,0.165416117572647
2015-11-01,NASDAQ,0.04080570238050041
2015-12-01,NASDAQ,0.05648274728667002
2016-01-01,NASDAQ,0.08969148216982048
2016-02-01,NASDAQ,0.2334848218423153
2016-03-01,NASDAQ,0.2949658061787721
2016-04-01,NASDAQ,0.2294871812529178
2016-05-01,NASDAQ,0.2825663257385407
2016-06-01,NASDAQ,0.2685873972087989
2016-07-01,NASDAQ,0.2840510901111346
2016-08-01,NASDAQ,0.2451700123432017
2016-09-01,NASDAQ,0.2483496917960726
2016-10-01,NASDAQ,0.237884874228532
2016-11-01,NASDAQ,0.3122549055584694
2016-12-01,NASDAQ,0.3064138944957313
2017-01-01,NASDAQ,0.2972774029236696
2017-02-01,NASDAQ,0.335231311849695
2017-03-01,NASDAQ,0.2627368133365227
2017-04-01,NASDAQ,0.2084958699463331
2017-05-01,NASDAQ,0.1817358985225788
2017-06-01,NASDAQ,0.2138781022613463
2017-07-01,NASDAQ,0.2364238538101029
2017-08-01,NASDAQ,0.2217211013824376
2017-09-01,NASDAQ,0.2749526951684182
2017-10-01,NASDAQ,0.2521535015899536
2017-11-01,NASDAQ,0.09772923502159081
2017-12-01,NASDAQ,0.0778877792678696
2018-01-01,NASDAQ,-0.02809214655380943
2018-02-01,NASDAQ,-0.00651866225938702
2018-03-01,NASDAQ,0.04735513541553504
2018-04-01,NASDAQ,0.1065547033779368
2018-05-01,NASDAQ,0.1584716539674187
2018-06-01,NASDAQ,0.01261924408638571
2018-07-01,NASDAQ,0.07813197233984148
2018-08-01,NASDAQ,0.07773314656642594
2018-09-01,NASDAQ,-0.006894493891857256
2018-10-01,NASDAQ,0.005519946796753494
2018-11-01,NASDAQ,0.1480239814935895
2018-12-01,NASDAQ,0.1954840773543813
2019-01-01,NASDAQ,0.3673719281413395
2019-02-01,NASDAQ,0.2707544588192381
2019-03-01,NASDAQ,0.1503791819790039
2019-04-01,NASDAQ,0.007816780531546552
2019-05-01,NASDAQ,0.1108686100924059
2019-06-01,NASDAQ,0.2877018251839274
2019-07-01,NASDAQ,0.2704748676269093
2019-08-01,NASDAQ,0.3289114520700924
2019-09-01,NASDAQ,0.4945384193096916
2019-10-01,NASDAQ,0.4106320072903134
2019-11-01,NASDAQ,0.329445760077574
2019-12-01,NASDAQ,0.4216921764874144
2020-01-01,NASDAQ,0.4505515478222255
2020-02-01,NASDAQ,0.4422183145447312
2020-03-01,NASDAQ,0.5533516061152057
2020-04-01,NASDAQ,0.7346572860927043
2020-05-01,NASDAQ,0.5836301681452747
2020-06-01,NASDAQ,0.4601212318687564
2020-07-01,NASDAQ,0.4529303966333629
2020-08-01,NASDAQ,0.3759083024395213
2020-09-01,NASDAQ,0.3055594970787221
2020-10-01,NASDAQ,0.3033450189756191
2020-11-01,NASDAQ,0.4307042864011283
2020-12-01,NASDAQ,0.2827994784598777
2021-01-01,NASDAQ,0.2221498519501479
2021-02-01,NASDAQ,0.09684024834918081
2021-03-01,NASDAQ,0.04953843288360127
2021-04-01,NASDAQ,0.08094729140702506
2021-05-01,NASDAQ,-0.1104961308530892
2021-06-01,NASDAQ,-0.114875860113041
2021-07-01,NASDAQ,-0.2339537723036952
2021-08-01,NASDAQ,-0.1491840964398896
2021-09-01,NASDAQ,-0.2196376773805032
2021-10-01,NASDAQ,-0.2622763032704968
2021-11-01,NASDAQ,-0.2853446022445555
2021-12-01,NASDAQ,-0.2556413188409167
2022-01-01,NASDAQ,-0.3251330561836659
2022-02-01,NASDAQ,-0.1792219086628071
2022-03-01,NASDAQ,-0.1593449855315782
2022-04-01,NASDAQ,-0.1325341925178781
2022-05-01,NASDAQ,0.0004996567087229842
2022-06-01,NASDAQ,0.08061711777105529
2022-07-01,NASDAQ,0.2616739371327477
2022-08-01,NASDAQ,0.1683712868639164
2022-09-01,NASDAQ,0.198671400009184
2022-10-01,NASDAQ,0.2612815841900442
2022-11-01,NASDAQ,0.1800477984878661
2022-12-01,NASDAQ,0.2514342932630951
2023-01-01,NASDAQ,0.4470203222090927
2023-02-01,NASDAQ,0.3205074397829226
2023-03-01,NASDAQ,0.4168872680841347
2023-04-01,NASDAQ,0.351426855175683
2023-05-01,NASDAQ,0.291375535950223
2023-06-01,NASDAQ,0.3042525179736502
2023-07-01,NASDAQ,0.2966421394275258
2023-08-01,NASDAQ,0.2367976137009407
2023-09-01,NASDAQ,0.272007969473538
2023-10-01,NASDAQ,0.3870359029153201
2023-11-01,NASDAQ,0.4192870389782177
2023-12-01,NASDAQ,0.3611913200723491
2024-01-01,NASDAQ,0.2959554602973817
2024-02-01,NASDAQ,0.3039003129924696
2024-03-01,NASDAQ,0.1795532171183674
2024-04-01,NASDAQ,0.06386031563467309
2024-05-01,NASDAQ,0.1224350394813352
2024-06-01,NASDAQ,0.1504149526937164
2024-07-01,NASDAQ,0.1570031393580746
2024-08-01,NASDAQ,0.2090045393725544
2024-09-01,NASDAQ,0.2199881073490932
2024-10-01,NASDAQ,0.2546560868265664
2024-11-01,NASDAQ,0.3204337260175139
2024-12-01,NASDAQ,0.224212407151432
2025-01-01,NASDAQ,0.2117498687269814
2025-02-01,NASDAQ,0.2034426559618672
2025-03-01,NASDAQ,0.2107120315582349
2025-04-01,NASDAQ,0.2563332657263939
2025-05-01,NASDAQ,0.436048713302581
2025-06-01,NASDAQ,0.4200888558833382
2025-07-01,NASDAQ,0.2950552089257641
2025-08-01,NASDAQ,0.2086692925787912
2025-09-01,NASDAQ,
2025-10-01,NASDAQ,
2025-11-01,NASDAQ,
2025-12-01,NASDAQ,
2026-01-01,NASDAQ,
2026-02-01,NASDAQ,
2026-03-01,NASDAQ,
2026-04-01,NASDAQ,
2026-05-01,NASDAQ,
2026-06-01,NASDAQ,
2026-07-01,NASDAQ,
2026-08-01,NASDAQ,
2000-02-01,U.S.,-0.008972351415651891
2000-03-01,U.S.,-0.08195779021065441
2000-04-01,U.S.,-0.2167421833300354
2000-05-01,U.S.,-0.129692575921334
2000-06-01,U.S.,-0.1055050401549692
2000-07-01,U.S.,-0.1482789176866424
2000-08-01,U.S.,-0.1433306753854026
2000-09-01,U.S.,-0.2439210960397138
2000-10-01,U.S.,-0.2662470722762647
2000-11-01,U.S.,-0.2490877468742676
2000-12-01,U.S.,-0.1222865981938143
2001-01-01,U.S.,-0.1189044903731721
2001-02-01,U.S.,-0.1615034517767232
2001-03-01,U.S.,-0.09518221654432868
2001-04-01,U.S.,0.002345423947058833
2001-05-01,U.S.,-0.1263252416692509
2001-06-01,U.S.,-0.1385329412114749
2001-07-01,U.S.,-0.1798605734725893
2001-08-01,U.S.,-0.2362617825651145
2001-09-01,U.S.,-0.1799282019241552
2001-10-01,U.S.,-0.2048328728890711
2001-11-01,U.S.,-0.1510193035495958
2001-12-01,U.S.,-0.1650993274896339
2002-01-01,U.S.,-0.2209752993873946
2002-02-01,U.S.,-0.230156090282391
2002-03-01,U.S.,-0.2267786056844012
2002-04-01,U.S.,-0.2475764799246474
2002-05-01,U.S.,-0.1330387384537712
2002-06-01,U.S.,-0.08059179835853747
2002-07-01,U.S.,0.002453852657288591
2002-08-01,U.S.,0.1063288573438876
2002-09-01,U.S.,0.1205613391824352
2002-10-01,U.S.,0.2438441735662764
2002-11-01,U.S.,0.2078385244864331
2002-12-01,U.S.,0.1507167067846134
2003-01-01,U.S.,0.2866517632102363
2003-02-01,U.S.,0.3455157581359336
2003-03-01,U.S.,0.3849849918838009
2003-04-01,U.S.,0.3509844002127458
2003-05-01,U.S.,0.2286070695244031
2003-06-01,U.S.,0.1831185176039034
2003-07-01,U.S.,0.1909506324212258
2003-08-01,U.S.,0.13161671411605
2003-09-01,U.S.,0.1144606591587638
2003-10-01,U.S.,0.1386161127380783
2003-11-01,U.S.,0.09416858072075485
2003-12-01,U.S.,0.1285241739157437
2004-01-01,U.S.,0.1087567184620801
2004-02-01,U.S.,0.0622334990895177
2004-03-01,U.S.,0.06972719024651508
2004-04-01,U.S.,0.06688064595978749
2004-05-01,U.S.,0.06333552203387871
2004-06-01,U.S.,0.08233178756169535
2004-07-01,U.S.,0.06318933465697163
2004-08-01,U.S.,0.1404755668240814
2004-09-01,U.S.,0.1255275765801291
2004-10-01,U.S.,0.1224927441184742
2004-11-01,U.S.,0.08717184823262536
2004-12-01,U.S.,0.08441575949340563
2005-01-01,U.S.,0.04906941275833043
2005-02-01,U.S.,0.1037587167862346
2005-03-01,U.S.,0.08393430723499185
2005-04-01,U.S.,0.1172003050210473
2005-05-01,U.S.,0.1540829309795881
2005-06-01,U.S.,0.08630609274563139
2005-07-01,U.S.,0.08620240001498658
2005-08-01,U.S.,0.05372169939710303
2005-09-01,U.S.,0.08872721255445559
2005-10-01,U.S.,0.1077852442878222
2005-11-01,U.S.,0.1632662990974014
2005-12-01,U.S.,0.1421917334787695
2006-01-01,U.S.,0.1577670709662371
2006-02-01,U.S.,0.1449509406823086
2006-03-01,U.S.,0.1195350826054613
2006-04-01,U.S.,0.1181325420580659
2006-05-01,U.S.,0.1521979071337447
2006-06-01,U.S.,0.2277260322181431
2006-07-01,U.S.,0.2057193195275637
2006-08-01,U.S.,0.161172931919269
2006-09-01,U.S.,0.1511844167497809
2006-10-01,U.S.,0.1642509903226292
2006-11-01,U.S.,0.1454492184882772
2006-12-01,U.S.,0.07795049054751813
2007-01-01,U.S.,0.05571343290498043
2007-02-01,U.S.,-0.0223941321108605
2007-03-01,U.S.,-0.03529171760173699
2007-04-01,U.S.,-0.05007269582753282
2007-05-01,U.S.,-0.0460624835037996
2007-06-01,U.S.,-0.06627950747358369
2007-07-01,U.S.,-0.1305505034195658
2007-08-01,U.S.,-0.1102758002118246
2007-09-01,U.S.,-0.1107324007878403
2007-10-01,U.S.,-0.219173647744079
2007-11-01,U.S.,-0.3604864797147166
2007-12-01,U.S.,-0.3809709194370725
2008-01-01,U.S.,-0.3699986939852354
2008-02-01,U.S.,-0.3862848617147409
2008-03-01,U.S.,-0.4332178079375816
2008-04-01,U.S.,-0.3808916775471491
2008-05-01,U.S.,-0.3531562380175312
2008-06-01,U.S.,-0.3257307680004246
2008-07-01,U.S.,-0.2621902556489365
2008-08-01,U.S.,-0.1996611591486894
2008-09-01,U.S.,-0.1826068445412943
2008-10-01,U.S.,-0.06915669587072504
2008-11-01,U.S.,0.09794218386761577
2008-12-01,U.S.,0.253704839813373
2009-01-01,U.S.,0.2644814037873686
2009-02-01,U.S.,0.3311943330844833
2009-03-01,U.S.,0.535948116199666
2009-04-01,U.S.,0.4974620153275786
2009-05-01,U.S.,0.3882511767831935
2009-06-01,U.S.,0.2097754732450055
2009-07-01,U.S.,0.1441728653556029
2009-08-01,U.S.,0.138245701319714
2009-09-01,U.S.,0.04900524632758296
2009-10-01,U.S.,0.1015195648398359
2009-11-01,U.S.,0.1650856179742386
2009-12-01,U.S.,0.0993308287739354
2010-01-01,U.S.,0.1505865172120833
2010-02-01,U.S.,0.2218015052781335
2010-03-01,U.S.,0.225706485187656
2010-04-01,U.S.,0.156414683342349
2010-05-01,U.S.,0.1721553701628296
2010-06-01,U.S.,0.2594475895264097
2010-07-01,U.S.,0.3068738378220754
2010-08-01,U.S.,0.1964677985887922
2010-09-01,U.S.,0.184960580409834
2010-10-01,U.S.,0.01140448089694313
2010-11-01,U.S.,0.0808195497480142
2010-12-01,U.S.,0.07829026245941795
2011-01-01,U.S.,0.02105533338516641
2011-02-01,U.S.,0.04211577204049965
2011-03-01,U.S.,0.05117593534452647
2011-04-01,U.S.,0.08527275302733006
2011-05-01,U.S.,0.04744280199099005
2011-06-01,U.S.,-0.004233354797602007
2011-07-01,U.S.,0.05437339334183067
2011-08-01,U.S.,0.09121030257564389
2011-09-01,U.S.,0.1799135187396488
2011-10-01,U.S.,0.3019210870425928
2011-11-01,U.S.,0.1519804426606604
2011-12-01,U.S.,0.1612382211486778
2012-01-01,U.S.,0.159932499235987
2012-02-01,U.S.,0.1676797967397117
2012-03-01,U.S.,0.1344663444942036
2012-04-01,U.S.,0.1395754043276423
2012-05-01,U.S.,0.1688728016042629
2012-06-01,U.S.,0.2726892157493106
2012-07-01,U.S.,0.2059129843651692
2012-08-01,U.S.,0.2499182265992885
2012-09-01,U.S.,0.1869486612363327
2012-10-01,U.S.,0.1933399237368025
2012-11-01,U.S.,0.2716692828726175
2012-12-01,U.S.,0.302859596500884
2013-01-01,U.S.,0.3237417079113758
2013-02-01,U.S.,0.21504637992465
2013-03-01,U.S.,0.253606842705298
2013-04-01,U.S.,0.218449400224678
2013-05-01,U.S.,0.2042534160144425
2013-06-01,U.S.,0.204353915129553
2013-07-01,U.S.,0.2459622635899892
2013-08-01,U.S.,0.169280188087567
2013-09-01,U.S.,0.2523360967415325
2013-10-01,U.S.,0.1972276270948363
2013-11-01,U.S.,0.1725696081739005
2013-12-01,U.S.,0.1684895734277345
2014-01-01,U.S.,0.1367814125247178
2014-02-01,U.S.,0.1421459830821004
2014-03-01,U.S.,0.1549630192081268
2014-04-01,U.S.,0.1272235230680443
2014-05-01,U.S.,0.1296859918218531
2014-06-01,U.S.,0.1179810910388281
2014-07-01,U.S.,0.07414896993670261
2014-08-01,U.S.,0.1119940020916321
2014-09-01,U.S.,0.004708671265359676
2014-10-01,U.S.,-0.006212012828136992
2014-11-01,U.S.,0.05192780433056754
2014-12-01,U.S.,0.02743774540381438
2015-01-01,U.S.,0.01374873487194517
2015-02-01,U.S.,-0.006743191472193155
2015-03-01,U.S.,-0.06198916618025996
2015-04-01,U.S.,0.01773341471829903
2015-05-01,U.S.,0.01197637477952962
2015-06-01,U.S.,0.01706495407800901
2015-07-01,U.S.,0.03983389998008646
2015-08-01,U.S.,0.05603828750085937
2015-09-01,U.S.,0.1254307750127301
2015-10-01,U.S.,0.1541950317022875
2015-11-01,U.S.,0.04499300038502851
2015-12-01,U.S.,0.08048090703796484
2016-01-01,U.S.,0.1195237324254272
2016-02-01,U.S.,0.2003236704578524
2016-03-01,U.S.,0.249666805511932
2016-04-01,U.S.,0.1716452196574689
2016-05-01,U.S.,0.1791053524523094
2016-06-01,U.S.,0.1746085204797734
2016-07-01,U.S.,0.1788794933160354
2016-08-01,U.S.,0.1603443114523526
2016-09-01,U.S.,0.1622606754979881
2016-10-01,U.S.,0.1860147798232714
2016-11-01,U.S.,0.236240143845508
2016-12-01,U.S.,0.2286525885422734
2017-01-01,U.S.,0.2182276970893293
2017-02-01,U.S.,0.2639765274029533
2017-03-01,U.S.,0.1708958941224814
2017-04-01,U.S.,0.1398120105838589
2017-05-01,U.S.,0.1325516145347863
2017-06-01,U.S.,0.1437258532333645
2017-07-01,U.S.,0.1436287091674742
2017-08-01,U.S.,0.1622901125990959
2017-09-01,U.S.,0.1964985673935427
2017-10-01,U.S.,0.1789881512234694
2017-11-01,U.S.,0.07335623656120194
2017-12-01,U.S.,0.06263386594642006
2018-01-01,U.S.,-0.04393247758397523
2018-02-01,U.S.,-0.02322173813110762
2018-03-01,U.S.,0.04672252463488147
2018-04-01,U.S.,0.09488554787586878
2018-05-01,U.S.,0.1348635618644758
2018-06-01,U.S.,0.03775785325787617
2018-07-01,U.S.,0.1040998850429802
2018-08-01,U.S.,0.07978415953349871
2018-09-01,U.S.,0.0291474328748349
2018-10-01,U.S.,0.04247001811447748
2018-11-01,U.S.,0.1431864944321306
2018-12-01,U.S.,0.1610276481780641
2019-01-01,U.S.,0.3147766241025032
2019-02-01,U.S.,0.2166994863358482
2019-03-01,U.S.,0.08180460195989037
2019-04-01,U.S.,-0.06988553070102577
2019-05-01,U.S.,0.00851541235919373
2019-06-01,U.S.,0.1282499154581846
2019-07-01,U.S.,0.0749296335253844
2019-08-01,U.S.,0.1194467119264757
2019-09-01,U.S.,0.2192280865300393
2019-10-01,U.S.,0.151358595405181
2019-11-01,U.S.,0.09698190999990852
2019-12-01,U.S.,0.1744279777776272
2020-01-01,U.S.,0.1838858625711379
2020-02-01,U.S.,0.1723520448797027
2020-03-01,U.S.,0.3127477111355395
2020-04-01,U.S.,0.5633242134284524
2020-05-01,U.S.,0.4596390845416982
2020-06-01,U.S.,0.4030100230574909
2020-07-01,U.S.,0.4077624584542989
2020-08-01,U.S.,0.3642805494320926
2020-09-01,U.S.,0.3114903594276126
2020-10-01,U.S.,0.2998654540853485
2020-11-01,U.S.,0.4289378498406695
2020-12-01,U.S.,0.2790041788567645
2021-01-01,U.S.,0.2868105193831476
2021-02-01,U.S.,0.2327662867325198
2021-03-01,U.S.,0.1637634375176515
2021-04-01,U.S.,0.1563346680875179
2021-05-01,U.S.,0.002025645579929014
2021-06-01,U.S.,-0.003088118013753305
2021-07-01,U.S.,-0.1062704260161687
2021-08-01,U.S.,-0.04651072975799309
2021-09-01,U.S.,-0.1123858375270147
2021-10-01,U.S.,-0.1548359912685588
2021-11-01,U.S.,-0.1462259980164107
2021-12-01,U.S.,-0.09220413302853192
2022-01-01,U.S.,-0.1812359071254838
2022-02-01,U.S.,-0.08230456636215289
2022-03-01,U.S.,-0.07713008107353159
2022-04-01,U.S.,-0.07751511464514271
2022-05-01,U.S.,0.02638480311494296
2022-06-01,U.S.,0.02894839459127296
2022-07-01,U.S.,0.1956684508551585
2022-08-01,U.S.,0.1298951142346383
2022-09-01,U.S.,0.1591796733850974
2022-10-01,U.S.,0.215927754945902
2022-11-01,U.S.,0.1012046552369708
2022-12-01,U.S.,0.1381676941449685
2023-01-01,U.S.,0.2626107869677909
2023-02-01,U.S.,0.2079223728038555
2023-03-01,U.S.,0.3043393602749407
2023-04-01,U.S.,0.298649642706114
2023-05-01,U.S.,0.2264639901614927
2023-06-01,U.S.,0.2817051958942891
2023-07-01,U.S.,0.245402747018548
2023-08-01,U.S.,0.2213272936250565
2023-09-01,U.S.,0.2711932058590241
2023-10-01,U.S.,0.3633404337123876
2023-11-01,U.S.,0.3798745119051981
2023-12-01,U.S.,0.3386221517029708
2024-01-01,U.S.,0.2499746715747526
2024-02-01,U.S.,0.2634962670406233
2024-03-01,U.S.,0.183799104420858
2024-04-01,U.S.,0.08227836334640748
2024-05-01,U.S.,0.1207136033400753
2024-06-01,U.S.,0.1349796786082227
2024-07-01,U.S.,0.1513812847932579
2024-08-01,U.S.,0.1630641847001644
2024-09-01,U.S.,0.1585383324352914
2024-10-01,U.S.,0.175610050452597
2024-11-01,U.S.,0.2142496067178261
2024-12-01,U.S.,0.149736460662157
2025-01-01,U.S.,0.1785998378350393
2025-02-01,U.S.,0.16320043540819
2025-03-01,U.S.,0.1696235590839674
2025-04-01,U.S.,0.1776957041108471
2025-05-01,U.S.,0.3101518409245489
2025-06-01,U.S.,0.2974398665394848
2025-07-01,U.S.,0.2228985656507247
2025-08-01,U.S.,0.1952869340176717
2025-09-01,U.S.,
2025-10-01,U.S.,
2025-11-01,U.S.,
2025-12-01,U.S.,
2026-01-01,U.S.,
2026-02-01,U.S.,
2026-03-01,U.S.,
2026-04-01,U.S.,
2026-05-01,U.S.,
2026-06-01,U.S.,
2026-07-01,U.S.,
2026-08-01,U.S.,
2000-02-01,France,0.02065467797226872
2000-03-01,France,-0.1677810392369361
2000-04-01,France,-0.2336368727312426
2000-05-01,France,-0.1358910514892171
2000-06-01,France,-0.2170696582886773
2000-07-01,France,-0.2762453155911082
2000-08-01,France,-0.260601632275416
2000-09-01,France,-0.2675854233160901
2000-10-01,France,-0.3087553420397392
2000-11-01,France,-0.2558669120915341
2000-12-01,France,-0.196069268417257
2001-01-01,France,-0.2305895057735682
2001-02-01,France,-0.2809413799418421
2001-03-01,France,-0.1833066921565163
2001-04-01,France,-0.07572817970980561
2001-05-01,France,-0.1659407815648166
2001-06-01,France,-0.1060703517746421
2001-07-01,France,-0.09728082950238215
2001-08-01,France,-0.2228536686181968
2001-09-01,France,-0.2081116031624002
2001-10-01,France,-0.2408178112508761
2001-11-01,France,-0.1831276812199347
2001-12-01,France,-0.1729899197961723
2002-01-01,France,-0.2205962119752043
2002-02-01,France,-0.1954718043761005
2002-03-01,France,-0.2413655778227474
2002-04-01,France,-0.3062853563674479
2002-05-01,France,-0.1864074280405276
2002-06-01,France,-0.133491570731826
2002-07-01,France,-0.09611062319874308
2002-08-01,France,0.06350515837283188
2002-09-01,France,0.0885662025386329
2002-10-01,France,0.2912452373208554
2002-11-01,France,0.2208774039214212
2002-12-01,France,0.231860567168759
2003-01-01,France,0.3813070136711985
2003-02-01,France,0.4397629444064608
2003-03-01,France,0.5524754695445899
2003-04-01,France,0.5549986559937443
2003-05-01,France,0.3313985688363268
2003-06-01,France,0.2770261618266678
2003-07-01,France,0.2819349717809478
2003-08-01,France,0.2207611614786154
2003-09-01,France,0.2098385559415226
2003-10-01,France,0.2455360764404435
2003-11-01,France,0.2143490062249591
2003-12-01,France,0.2213428441802168
2004-01-01,France,0.1656937822014268
2004-02-01,France,0.1378082977086132
2004-03-01,France,0.1644502399271055
2004-04-01,France,0.1913893854771447
2004-05-01,France,0.1517448413661013
2004-06-01,France,0.1427763766124184
2004-07-01,France,0.1348184789826516
2004-08-01,France,0.2378126406183871
2004-09-01,France,0.2433393616288484
2004-10-01,France,0.232890478493939
2004-11-01,France,0.1327770139536932
2004-12-01,France,0.08715079113728841
2005-01-01,France,0.08050109121325777
2005-02-01,France,0.1878040851426204
2005-03-01,France,0.1194094608970042
2005-04-01,France,0.2013478607948989
2005-05-01,France,0.3010427605410546
2005-06-01,France,0.2482092519685726
2005-07-01,France,0.2474035379476365
2005-08-01,France,0.1869839232306603
2005-09-01,France,0.2227268575750159
2005-10-01,France,0.2029698575826202
2005-11-01,France,0.2907789820211357
2005-12-01,France,0.3194061534769976
2006-01-01,France,0.3204872423945355
2006-02-01,France,0.2177173309070934
2006-03-01,France,0.2316105125123225
2006-04-01,France,0.1988618087662606
2006-05-01,France,0.2525573009928195
2006-06-01,France,0.3048921248593663
2006-07-01,France,0.2849984280248532
2006-08-01,France,0.2317628727225083
2006-09-01,France,0.170214557601845
2006-10-01,France,0.2199618713114118
2006-11-01,France,0.2333922478035266
2006-12-01,France,0.1676071801285999
2007-01-01,France,0.1119098109908165
2007-02-01,France,-0.01935873410364064
2007-03-01,France,-0.003433174921466442
2007-04-01,France,-0.008955131543957884
2007-05-01,France,-0.04523873590524297
2007-06-01,France,-0.04794796520136435
2007-07-01,France,-0.1365727433780004
2007-08-01,France,-0.1224028745252144
2007-09-01,France,-0.1369496426896389
2007-10-01,France,-0.297363544578266
2007-11-01,France,-0.4750206727356323
2007-12-01,France,-0.4975002625050106
2008-01-01,France,-0.4471216806195772
2008-02-01,France,-0.4610308927648825
2008-03-01,France,-0.5203971148009774
2008-04-01,France,-0.4933132160260653
2008-05-01,France,-0.4519061771697997
2008-06-01,France,-0.3984324036188476
2008-07-01,France,-0.3611407131460835
2008-08-01,France,-0.2800826326951072
2008-09-01,France,-0.1959862698257933
2008-10-01,France,-0.003353906746412672
2008-11-01,France,0.2335029663402617
2008-12-01,France,0.3594188456565102
2009-01-01,France,0.2816555483815721
2009-02-01,France,0.3848418599652383
2009-03-01,France,0.4953974388585833
2009-04-01,France,0.4666749731520312
2009-05-01,France,0.2357170853747179
2009-06-01,France,-0.04352705341895047
2009-07-01,France,-0.01652151461822193
2009-08-01,France,0.0003465891816092359
2009-09-01,France,-0.1293967645429683
2009-10-01,France,-0.06076991445766955
2009-11-01,France,0.02808893769963916
2009-12-01,France,-0.1194594714542774
2010-01-01,France,-0.06403512728948557
2010-02-01,France,0.08083311611202837
2010-03-01,France,0.1448033408877671
2010-04-01,France,0.07680288860354367
2010-05-01,France,0.2212466355817013
2010-06-01,France,0.3564826580578366
2010-07-01,France,0.3851586839378287
2010-08-01,France,0.1329031217950545
2010-09-01,France,0.0778307603436994
2010-10-01,France,-0.1974500557521791
2010-11-01,France,-0.1380505014911897
2010-12-01,France,-0.08859680543206794
2011-01-01,France,-0.1900122223129702
2011-02-01,France,-0.2008874360706624
2011-03-01,France,-0.1729560598073782
2011-04-01,France,-0.1787243432039926
2011-05-01,France,-0.2842163031982338
2011-06-01,France,-0.3399836863237591
2011-07-01,France,-0.2848668173348291
2011-08-01,France,-0.2217407593962694
2011-09-01,France,-0.07708175879059398
2011-10-01,France,0.09312471142069478
2011-11-01,France,-0.005385280258255465
2011-12-01,France,0.1033899320065625
2012-01-01,France,0.1818436275274475
2012-02-01,France,0.1823765990937813
2012-03-01,France,0.06686452205809079
2012-04-01,France,0.05905101247709466
2012-05-01,France,0.1934307926572651
2012-06-01,France,0.3722430016950427
2012-07-01,France,0.199170987687963
2012-08-01,France,0.3081424810351157
2012-09-01,France,0.2084715203650644
2012-10-01,France,0.2944320516267651
2012-11-01,France,0.3115652210552542
2012-12-01,France,0.2612245791513139
2013-01-01,France,0.2372911707216876
2013-02-01,France,0.1139744506429299
2013-03-01,France,0.2505520887440877
2013-04-01,France,0.2664224510711319
2013-05-01,France,0.2297551727496314
2013-06-01,France,0.2131723792709319
2013-07-01,France,0.2551471360096613
2013-08-01,France,0.08136266994480357
2013-09-01,France,0.11834154757122
2013-10-01,France,-0.003687706976790661
2013-11-01,France,-0.08509612284826629
2013-12-01,France,-0.05475032213770736
2014-01-01,France,-0.1159450214716057
2014-02-01,France,-0.06328872662938978
2014-03-01,France,-0.07992377517014737
2014-04-01,France,-0.10071309800468
2014-05-01,France,-0.08177539858475391
2014-06-01,France,-0.1008861097156851
2014-07-01,France,-0.1117939451559843
2014-08-01,France,-0.008255511646693026
2014-09-01,France,-0.0880922513919693
2014-10-01,France,-0.09333191580165234
2014-11-01,France,0.02803091338710306
2014-12-01,France,-0.03581062282239833
2015-01-01,France,-0.01936181316169394
2015-02-01,France,-0.07055286954383932
2015-03-01,France,-0.1377040251184909
2015-04-01,France,-0.06315350569615774
2015-05-01,France,-0.09181465442961101
2015-06-01,France,-0.07829821380373181
2015-07-01,France,-0.1086638875020993
2015-08-01,France,-0.1036723533322091
2015-09-01,France,-0.04082475998762569
2015-10-01,France,0.01326904475208623
2015-11-01,France,-0.07130996920432486
2015-12-01,France,-0.0604696767025078
2016-01-01,France,0.02552590323832016
2016-02-01,France,0.08088568327167733
2016-03-01,France,0.09736517703923941
2016-04-01,France,0.09989320946816793
2016-05-01,France,0.1382304384159143
2016-06-01,France,0.1976326058139317
2016-07-01,France,0.2568612526783547
2016-08-01,France,0.2243110334467924
2016-09-01,France,0.243559515912253
2016-10-01,France,0.2807170502262131
2016-11-01,France,0.3085543143011806
2016-12-01,France,0.3361167149617892
2017-01-01,France,0.2635436146055252
2017-02-01,France,0.3441830368130845
2017-03-01,France,0.2743594537160283
2017-04-01,France,0.1817113242434234
2017-05-01,France,0.1746196060854239
2017-06-01,France,0.07499412889625146
2017-07-01,France,0.07813944536352069
2017-08-01,France,0.08705342208330902
2017-09-01,France,0.05443574521574002
2017-10-01,France,0.0234275794858636
2017-11-01,France,-0.08615592820934848
2017-12-01,France,-0.1045228579617173
2018-01-01,France,-0.1437469639206576
2018-02-01,France,-0.1532585918251954
2018-03-01,France,-0.07310078064318026
2018-04-01,France,-0.05544750697778345
2018-05-01,France,-0.05697448554097739
2018-06-01,France,-0.07836762539722619
2018-07-01,France,0.009579493547527074
2018-08-01,France,-0.04942948095119537
2018-09-01,France,-0.04675812249311095
2018-10-01,France,-0.03527992354935161
2018-11-01,France,0.1033723309981878
2018-12-01,France,0.142446065034767
2019-01-01,France,0.233659815086982
2019-02-01,France,0.1252172701069556
2019-03-01,France,-0.01538193784300645
2019-04-01,France,-0.1934820047173629
2019-05-01,France,-0.1930881040096387
2019-06-01,France,-0.09277295125376994
2019-07-01,France,-0.1125284517887645
2019-08-01,France,-0.06775336437923996
2019-09-01,France,-0.006326129849876461
2019-10-01,France,-0.07464239940640505
2019-11-01,France,-0.1496877339401838
2019-12-01,France,0.02813673686295082
2020-01-01,France,0.02657526964333812
2020-02-01,France,0.02990181640019718
2020-03-01,France,0.1864890189395667
2020-04-01,France,0.4809608398191847
2020-05-01,France,0.5043131296017258
2020-06-01,France,0.4963340483938419
2020-07-01,France,0.3844959942997641
2020-08-01,France,0.3732570445435248
2020-09-01,France,0.3191278204297701
2020-10-01,France,0.3264131738009122
2020-11-01,France,0.4552279451032313
2020-12-01,France,0.132903222514982
2021-01-01,France,0.1802208339077351
2021-02-01,France,0.1715758993886485
2021-03-01,France,0.06617491806841946
2021-04-01,France,0.03218645492425498
2021-05-01,France,-0.09141393218188221
2021-06-01,France,-0.1203359554831755
2021-07-01,France,-0.1963933716227263
2021-08-01,France,-0.1594972402859228
2021-09-01,France,-0.2178835625977061
2021-10-01,France,-0.2545954608007939
2021-11-01,France,-0.2188050903292856
2021-12-01,France,-0.08768905733332011
2022-01-01,France,-0.1507739558336283
2022-02-01,France,-0.0179512436654079
2022-03-01,France,0.02673178236524332
2022-04-01,France,0.06576137623720646
2022-05-01,France,0.1912972269959525
2022-06-01,France,0.084821180713051
2022-07-01,France,0.2905325262645515
2022-08-01,France,0.2394495701587129
2022-09-01,France,0.2721513098506683
2022-10-01,France,0.3178419284096079
2022-11-01,France,0.1582109699596592
2022-12-01,France,0.1348559264941449
2023-01-01,France,0.19080506929762
2023-02-01,France,0.07102896237916911
2023-03-01,France,0.1005756387369512
2023-04-01,France,0.1002643225764275
2023-05-01,France,0.02082737400220536
2023-06-01,France,0.1353478118443565
2023-07-01,France,-0.01470037602463348
2023-08-01,France,-0.01282518127181453
2023-09-01,France,0.06598789673450933
2023-10-01,France,0.1407430449904572
2023-11-01,France,0.1098263270380786
2023-12-01,France,-0.0296021043953274
2024-01-01,France,-0.0714989802565954
2024-02-01,France,0.002795662990451087
2024-03-01,France,-0.002252921987407119
2024-04-01,France,-0.03303117728177607
2024-05-01,France,0.03018098304176853
2024-06-01,France,0.02975908879069245
2024-07-01,France,0.1403119027628503
2024-08-01,France,0.1008803086253507
2024-09-01,France,0.07543170726727588
2024-10-01,France,0.09192101027716881
2024-11-01,France,0.1761883048724671
2024-12-01,France,0.2363172840547503
2025-01-01,France,0.2554861081918998
2025-02-01,France,0.17663902978943
2025-03-01,France,0.2111113286480797
2025-04-01,France,0.07784468176214387
2025-05-01,France,0.103472677887545
2025-06-01,France,0.08937580363995479
2025-07-01,France,0.07355948484337604
2025-08-01,France,0.107326597652653
2025-09-01,France,
2025-10-01,France,
2025-11-01,France,
2025-12-01,France,
2026-01-01,France,
2026-02-01,France,
2026-03-01,France,
2026-04-01,France,
2026-05-01,France,
2026-06-01,France,
2026-07-01,France,
2026-08-01,France,
2000-02-01,Netherlands,0.06937990545953876
2000-03-01,Netherlands,-0.0590305089630393
2000-04-01,Netherlands,-0.1681425226963922
2000-05-01,Netherlands,-0.08019160279360649
2000-06-01,Netherlands,-0.1451505743569232
2000-07-01,Netherlands,-0.208379216129583
2000-08-01,Netherlands,-0.1786260998042887
2000-09-01,Netherlands,-0.1856519297626419
2000-10-01,Netherlands,-0.2653776135868491
2000-11-01,Netherlands,-0.2561709350364766
2000-12-01,Netherlands,-0.2160884250078119
2001-01-01,Netherlands,-0.2343017465111297
2001-02-01,Netherlands,-0.2591548965291645
2001-03-01,Netherlands,-0.2055219857765042
2001-04-01,Netherlands,-0.049905051193879
2001-05-01,Netherlands,-0.1184531631312183
2001-06-01,Netherlands,-0.07625380769279622
2001-07-01,Netherlands,-0.08300054625508091
2001-08-01,Netherlands,-0.2394913190163889
2001-09-01,Netherlands,-0.2238291635607816
2001-10-01,Netherlands,-0.263653272198685
2001-11-01,Netherlands,-0.171006637285207
2001-12-01,Netherlands,-0.159128802554162
2002-01-01,Netherlands,-0.2240732579970527
2002-02-01,Netherlands,-0.2431936435871163
2002-03-01,Netherlands,-0.300994513379114
2002-04-01,Netherlands,-0.3765711653480944
2002-05-01,Netherlands,-0.2979896815307809
2002-06-01,Netherlands,-0.2568955203359423
2002-07-01,Netherlands,-0.2274235592447184
2002-08-01,Netherlands,-0.02366203501519248
2002-09-01,Netherlands,-0.0176952087698713
2002-10-01,Netherlands,0.1792791389293165
2002-11-01,Netherlands,0.1063741966191525
2002-12-01,Netherlands,0.08151677189859896
2003-01-01,Netherlands,0.2479754074435569
2003-02-01,Netherlands,0.3258139842378791
2003-03-01,Netherlands,0.4540909035920806
2003-04-01,Netherlands,0.4229608032453223
2003-05-01,Netherlands,0.2564436120713833
2003-06-01,Netherlands,0.2061174554683958
2003-07-01,Netherlands,0.2191850247896188
2003-08-01,Netherlands,0.1147419378432133
2003-09-01,Netherlands,0.08800580199231844
2003-10-01,Netherlands,0.1263620021785812
2003-11-01,Netherlands,0.1077106216719275
2003-12-01,Netherlands,0.1410748968272022
2004-01-01,Netherlands,0.09348910003127164
2004-02-01,Netherlands,0.09331744039324152
2004-03-01,Netherlands,0.1459980107644328
2004-04-01,Netherlands,0.1620110507084127
2004-05-01,Netherlands,0.1100186608224982
2004-06-01,Netherlands,0.09443774715091813
2004-07-01,Netherlands,0.1244105734337777
2004-08-01,Netherlands,0.2077594458547347
2004-09-01,Netherlands,0.2043031559715651
2004-10-01,Netherlands,0.1937488866851358
2004-11-01,Netherlands,0.1210019414273888
2004-12-01,Netherlands,0.1045548884079426
2005-01-01,Netherlands,0.1084931198345005
2005-02-01,Netherlands,0.1683930248517715
2005-03-01,Netherlands,0.1194322930817926
2005-04-01,Netherlands,0.2116943158494731
2005-05-01,Netherlands,0.326373871279793
2005-06-01,Netherlands,0.2621280128369614
2005-07-01,Netherlands,0.2046170665098341
2005-08-01,Netherlands,0.2094632746394243
2005-09-01,Netherlands,0.2734463638059688
2005-10-01,Netherlands,0.2969863100655914
2005-11-01,Netherlands,0.3307223065983591
2005-12-01,Netherlands,0.2986963639053446
2006-01-01,Netherlands,0.2844916579159791
2006-02-01,Netherlands,0.2272390823053805
2006-03-01,Netherlands,0.2046289811152615
2006-04-01,Netherlands,0.2378044636565184
2006-05-01,Netherlands,0.2987838138503509
2006-06-01,Netherlands,0.3524050843423316
2006-07-01,Netherlands,0.3506626846347727
2006-08-01,Netherlands,0.3135696207749721
2006-09-01,Netherlands,0.2245968317662617
2006-10-01,Netherlands,0.283135839384334
2006-11-01,Netherlands,0.3022716437990072
2006-12-01,Netherlands,0.2208424892595984
2007-01-01,Netherlands,0.1773353857078288
2007-02-01,Netherlands,0.03525203078538497
2007-03-01,Netherlands,0.05821171989041063
2007-04-01,Netherlands,0.02046869606493473
2007-05-01,Netherlands,-0.03038844902003301
2007-06-01,Netherlands,-0.02219455909472456
2007-07-01,Netherlands,-0.145651416835214
2007-08-01,Netherlands,-0.1774024094913297
2007-09-01,Netherlands,-0.1495471286474048
2007-10-01,Netherlands,-0.3613079652417147
2007-11-01,Netherlands,-0.530902683165204
2007-12-01,Netherlands,-0.5413742058251563
2008-01-01,Netherlands,-0.4997493025229611
2008-02-01,Netherlands,-0.4797414739193422
2008-03-01,Netherlands,-0.5550747030478799
2008-04-01,Netherlands,-0.553771173150703
2008-05-01,Netherlands,-0.5165457964927425
2008-06-01,Netherlands,-0.4592730664195492
2008-07-01,Netherlands,-0.3875076404813095
2008-08-01,Netherlands,-0.2700351859645072
2008-09-01,Netherlands,-0.2315805397117541
2008-10-01,Netherlands,0.02532660348857441
2008-11-01,Netherlands,0.3426826613884806
2008-12-01,Netherlands,0.4547565643675409
2009-01-01,Netherlands,0.3813592093603142
2009-02-01,Netherlands,0.4531286381095945
2009-03-01,Netherlands,0.5821048200375327
2009-04-01,Netherlands,0.6382218796087882
2009-05-01,Netherlands,0.4511869500889629
2009-06-01,Netherlands,0.137547951851887
2009-07-01,Netherlands,0.1443931435872192
2009-08-01,Netherlands,0.1087456869237513
2009-09-01,Netherlands,-0.03055620640951251
2009-10-01,Netherlands,0.01297381988132562
2009-11-01,Netherlands,0.0510390168680428
2009-12-01,Netherlands,-0.06887790894849155
2010-01-01,Netherlands,-0.00476775878408453
2010-02-01,Netherlands,0.07684990628856903
2010-03-01,Netherlands,0.1719055786870933
2010-04-01,Netherlands,0.1147516015276904
2010-05-01,Netherlands,0.1548420223697218
2010-06-01,Netherlands,0.2487235213686294
2010-07-01,Netherlands,0.2212023975494017
2010-08-01,Netherlands,0.05263432056207873
2010-09-01,Netherlands,0.02689079027957408
2010-10-01,Netherlands,-0.1798047650840021
2010-11-01,Netherlands,-0.08850209361612393
2010-12-01,Netherlands,-0.04929286858527404
2011-01-01,Netherlands,-0.1422584397837312
2011-02-01,Netherlands,-0.1521157011073538
2011-03-01,Netherlands,-0.1478397712235346
2011-04-01,Netherlands,-0.1561150941186003
2011-05-01,Netherlands,-0.2174971863096397
2011-06-01,Netherlands,-0.2670162715580112
2011-07-01,Netherlands,-0.1829836198074382
2011-08-01,Netherlands,-0.1148081530169058
2011-09-01,Netherlands,0.02024890682442027
2011-10-01,Netherlands,0.1426561983204517
2011-11-01,Netherlands,0.04413205331791503
2011-12-01,Netherlands,0.1438204805660701
2012-01-01,Netherlands,0.1748562374451852
2012-02-01,Netherlands,0.2301935792617356
2012-03-01,Netherlands,0.1007499109744789
2012-04-01,Netherlands,0.1068172036162778
2012-05-01,Netherlands,0.201950505268877
2012-06-01,Netherlands,0.3845467789378894
2012-07-01,Netherlands,0.2329082195780194
2012-08-01,Netherlands,0.3092734687052685
2012-09-01,Netherlands,0.2423264775151857
2012-10-01,Netherlands,0.2975135298881404
2012-11-01,Netherlands,0.3161871686571993
2012-12-01,Netherlands,0.2932323629082216
2013-01-01,Netherlands,0.2868715385418275
2013-02-01,Netherlands,0.1225097456375195
2013-03-01,Netherlands,0.2745232659113717
2013-04-01,Netherlands,0.2700589241121871
2013-05-01,Netherlands,0.2095503953635927
2013-06-01,Netherlands,0.1914994294879624
2013-07-01,Netherlands,0.2477909939748808
2013-08-01,Netherlands,0.07552858456179723
2013-09-01,Netherlands,0.1108846775456303
2013-10-01,Netherlands,0.03645897296803868
2013-11-01,Netherlands,-0.03232200308316402
2013-12-01,Netherlands,0.007176139678998217
2014-01-01,Netherlands,-0.04853220488154952
2014-02-01,Netherlands,0.01081476771632106
2014-03-01,Netherlands,0.01683342122332632
2014-04-01,Netherlands,-0.01231948728034427
2014-05-01,Netherlands,0.04347863393589435
2014-06-01,Netherlands,0.03922201387597402
2014-07-01,Netherlands,0.007683251493929122
2014-08-01,Netherlands,0.1097572815206029
2014-09-01,Netherlands,-0.004902116432802917
2014-10-01,Netherlands,-0.03949276049618267
2014-11-01,Netherlands,0.0597417883201703
2014-12-01,Netherlands,-0.01358464898088618
2015-01-01,Netherlands,-0.006373016688788757
2015-02-01,Netherlands,-0.03514643014725982
2015-03-01,Netherlands,-0.1090911362941189
2015-04-01,Netherlands,-0.0209936948477647
2015-05-01,Netherlands,-0.06214301530975896
2015-06-01,Netherlands,-0.05912939741053758
2015-07-01,Netherlands,-0.0995571104232631
2015-08-01,Netherlands,-0.09514022764510632
2015-09-01,Netherlands,0.01498543797062157
2015-10-01,Netherlands,0.07850329718474236
2015-11-01,Netherlands,-0.02509832101082066
2015-12-01,Netherlands,-0.03975179128425377
2016-01-01,Netherlands,0.02378204078864621
2016-02-01,Netherlands,0.07134858063586713
2016-03-01,Netherlands,0.1279789034035523
2016-04-01,Netherlands,0.1030944233187172
2016-05-01,Netherlands,0.1536028456722791
2016-06-01,Netherlands,0.1954705564487484
2016-07-01,Netherlands,0.2554669921302388
2016-08-01,Netherlands,0.2795527089537992
2016-09-01,Netherlands,0.2424426006548612
2016-10-01,Netherlands,0.2578801678209268
2016-11-01,Netherlands,0.3006623031060951
2016-12-01,Netherlands,0.3347248086870116
2017-01-01,Netherlands,0.2959701971351785
2017-02-01,Netherlands,0.3548042391488488
2017-03-01,Netherlands,0.240438922136929
2017-04-01,Netherlands,0.1745896581894877
2017-05-01,Netherlands,0.1403802020143208
2017-06-01,Netherlands,0.05199956667352801
2017-07-01,Netherlands,0.06955976784945994
2017-08-01,Netherlands,0.04215415373607678
2017-09-01,Netherlands,0.0222403669784732
2017-10-01,Netherlands,-0.0364291547146639
2017-11-01,Netherlands,-0.1189462537060431
2017-12-01,Netherlands,-0.08798209543247537
2018-01-01,Netherlands,-0.1500670252429915
2018-02-01,Netherlands,-0.142758138097975
2018-03-01,Netherlands,-0.05418960344944757
2018-04-01,Netherlands,-0.04384448684155295
2018-05-01,Netherlands,-0.003831342955493033
2018-06-01,Netherlands,-0.03300749945321546
2018-07-01,Netherlands,0.02979881158460862
2018-08-01,Netherlands,-0.002614145815649893
2018-09-01,Netherlands,0.006921674043873116
2018-10-01,Netherlands,0.06993346598397387
2018-11-01,Netherlands,0.1725898581307308
2018-12-01,Netherlands,0.1677027106773972
2019-01-01,Netherlands,0.290351435830507
2019-02-01,Netherlands,0.1672896965186665
2019-03-01,Netherlands,0.02643055802249528
2019-04-01,Netherlands,-0.09794475344993514
2019-05-01,Netherlands,-0.0693394188484403
2019-06-01,Netherlands,0.06642158087524397
2019-07-01,Netherlands,0.0721485222435545
2019-08-01,Netherlands,0.1093912733712428
2019-09-01,Netherlands,0.1545494446855313
2019-10-01,Netherlands,0.1118659819756249
2019-11-01,Netherlands,0.07255935347763409
2019-12-01,Netherlands,0.1955829167487795
2020-01-01,Netherlands,0.2259322286126533
2020-02-01,Netherlands,0.2945166391570926
2020-03-01,Netherlands,0.4599429281243725
2020-04-01,Netherlands,0.7180049262289081
2020-05-01,Netherlands,0.6679401856345519
2020-06-01,Netherlands,0.5882158954291588
2020-07-01,Netherlands,0.4778154802582015
2020-08-01,Netherlands,0.4813765734249043
2020-09-01,Netherlands,0.5433243632017573
2020-10-01,Netherlands,0.4452929436808633
2020-11-01,Netherlands,0.5774557672233358
2020-12-01,Netherlands,0.3020371204953229
2021-01-01,Netherlands,0.2607306090093058
2021-02-01,Netherlands,0.08740276998592256
2021-03-01,Netherlands,-0.00361448794937036
2021-04-01,Netherlands,-0.06269348337879277
2021-05-01,Netherlands,-0.2016620081808354
2021-06-01,Netherlands,-0.2166740728265091
2021-07-01,Netherlands,-0.297001003310719
2021-08-01,Netherlands,-0.2575770433521446
2021-09-01,Netherlands,-0.3772074438785972
2021-10-01,Netherlands,-0.3943189997602171
2021-11-01,Netherlands,-0.3981066423379876
2021-12-01,Netherlands,-0.249996182519105
2022-01-01,Netherlands,-0.2904130989525749
2022-02-01,Netherlands,-0.07947464803400428
2022-03-01,Netherlands,-0.06294702419250331
2022-04-01,Netherlands,0.0006246305662915841
2022-05-01,Netherlands,0.09766737417299431
2022-06-01,Netherlands,0.1046068217188154
2022-07-01,Netherlands,0.2918525561699412
2022-08-01,Netherlands,0.2014124175155749
2022-09-01,Netherlands,0.221381157925489
2022-10-01,Netherlands,0.2492525085814732
2022-11-01,Netherlands,0.1666194021317051
2022-12-01,Netherlands,0.1271940642082414
2023-01-01,Netherlands,0.2380538339683353
2023-02-01,Netherlands,0.1454551736909964
2023-03-01,Netherlands,0.2426355660078694
2023-04-01,Netherlands,0.2262789739009641
2023-05-01,Netherlands,0.1946306807627378
2023-06-01,Netherlands,0.2536754909495236
2023-07-01,Netherlands,0.2357330870039429
2023-08-01,Netherlands,0.1427020250291424
2023-09-01,Netherlands,0.2757989360384028
2023-10-01,Netherlands,0.3659306334033186
2023-11-01,Netherlands,0.2260350382632346
2023-12-01,Netherlands,0.07463628667368205
2024-01-01,Netherlands,-0.001384866597020085
2024-02-01,Netherlands,-0.009684476639788997
2024-03-01,Netherlands,-0.06007088389958981
2024-04-01,Netherlands,-0.118706031934842
2024-05-01,Netherlands,-0.04161844462609932
2024-06-01,Netherlands,-0.01646097576983185
2024-07-01,Netherlands,-0.00843372866028802
2024-08-01,Netherlands,-0.01998758446637883
2024-09-01,Netherlands,-0.008636726007182682
2024-10-01,Netherlands,0.1382975932575683
2024-11-01,Netherlands,0.3199222257256402
2024-12-01,Netherlands,0.304272343668363
2025-01-01,Netherlands,0.3457937817168759
2025-02-01,Netherlands,0.4693605581128939
2025-03-01,Netherlands,0.4804360240131691
2025-04-01,Netherlands,0.3562460115622788
2025-05-01,Netherlands,0.4458064639487462
2025-06-01,Netherlands,0.4521481569809729
2025-07-01,Netherlands,0.5621576234447183
2025-08-01,Netherlands,0.5061547724017637
2025-09-01,Netherlands,
2025-10-01,Netherlands,
2025-11-01,Netherlands,
2025-12-01,Netherlands,
2026-01-01,Netherlands,
2026-02-01,Netherlands,
2026-03-01,Netherlands,
2026-04-01,Netherlands,
2026-05-01,Netherlands,
2026-06-01,Netherlands,
2026-07-01,Netherlands,
2026-08-01,Netherlands,
2000-02-01,Sweden,-0.1624962237500337
2000-03-01,Sweden,-0.4290397040913766
2000-04-01,Sweden,-0.5340028708430209
2000-05-01,Sweden,-0.4635056142162185
2000-06-01,Sweden,-0.4695497979624113
2000-07-01,Sweden,-0.4904731191536007
2000-08-01,Sweden,-0.4667524936786396
2000-09-01,Sweden,-0.490381949988591
2000-10-01,Sweden,-0.5080612552278976
2000-11-01,Sweden,-0.4319498549324284
2000-12-01,Sweden,-0.2771995408151749
2001-01-01,Sweden,-0.2787680008419156
2001-02-01,Sweden,-0.3945481322354212
2001-03-01,Sweden,-0.2614475200950572
2001-04-01,Sweden,-0.01144537678615276
2001-05-01,Sweden,-0.2263463407010375
2001-06-01,Sweden,-0.1928797463912437
2001-07-01,Sweden,-0.1675063905340728
2001-08-01,Sweden,-0.2954650172990883
2001-09-01,Sweden,-0.2572594269244965
2001-10-01,Sweden,-0.264169328867258
2001-11-01,Sweden,-0.2060489546222861
2001-12-01,Sweden,-0.2076164056340976
2002-01-01,Sweden,-0.3119906697140711
2002-02-01,Sweden,-0.2500176172796915
2002-03-01,Sweden,-0.2702014823318775
2002-04-01,Sweden,-0.3143996288458493
2002-05-01,Sweden,-0.0865715116596667
2002-06-01,Sweden,-0.03526725899660954
2002-07-01,Sweden,-0.003011117627914395
2002-08-01,Sweden,0.2424778803832168
2002-09-01,Sweden,0.2704596819263563
2002-10-01,Sweden,0.5804285401476352
2002-11-01,Sweden,0.4775255017428777
2002-12-01,Sweden,0.3362644518368612
2003-01-01,Sweden,0.6195644884894267
2003-02-01,Sweden,0.7042093724927394
2003-03-01,Sweden,0.8042582722645475
2003-04-01,Sweden,0.8115946184205227
2003-05-01,Sweden,0.506028774302141
2003-06-01,Sweden,0.4668068406967028
2003-07-01,Sweden,0.502158539174927
2003-08-01,Sweden,0.349550420988717
2003-09-01,Sweden,0.3487965565699795
2003-10-01,Sweden,0.4069248307748941
2003-11-01,Sweden,0.3142199702918242
2003-12-01,Sweden,0.4298031232526589
2004-01-01,Sweden,0.3461101790793348
2004-02-01,Sweden,0.2349614456526576
2004-03-01,Sweden,0.2486354657190839
2004-04-01,Sweden,0.2314425498220736
2004-05-01,Sweden,0.1971929883831085
2004-06-01,Sweden,0.2137597729927769
2004-07-01,Sweden,0.1656073110505276
2004-08-01,Sweden,0.2879017922680496
2004-09-01,Sweden,0.2751760055866144
2004-10-01,Sweden,0.2340092106509652
2004-11-01,Sweden,0.1486437554481932
2004-12-01,Sweden,0.0363956807056296
2005-01-01,Sweden,0.08761670847829484
2005-02-01,Sweden,0.2065505930865816
2005-03-01,Sweden,0.1295276046557272
2005-04-01,Sweden,0.2686407714921182
2005-05-01,Sweden,0.3635902310721661
2005-06-01,Sweden,0.2366508670797007
2005-07-01,Sweden,0.2531809514285519
2005-08-01,Sweden,0.1672637347519537
2005-09-01,Sweden,0.2039485969848591
2005-10-01,Sweden,0.2077147971811584
2005-11-01,Sweden,0.360968134848207
2005-12-01,Sweden,0.3940228319921506
2006-01-01,Sweden,0.4128656624180238
2006-02-01,Sweden,0.3544160044926636
2006-03-01,Sweden,0.3183232403014962
2006-04-01,Sweden,0.2853368821965057
2006-05-01,Sweden,0.3706489196952871
2006-06-01,Sweden,0.448902600226263
2006-07-01,Sweden,0.4236729416512508
2006-08-01,Sweden,0.4518208382696935
2006-09-01,Sweden,0.3347216366416175
2006-10-01,Sweden,0.363851956395262
2006-11-01,Sweden,0.2510876226998051
2006-12-01,Sweden,0.1053342990423176
2007-01-01,Sweden,-0.007283565389261892
2007-02-01,Sweden,-0.1343750104423244
2007-03-01,Sweden,-0.04472345871283212
2007-04-01,Sweden,-0.07707471778998398
2007-05-01,Sweden,-0.1462747487879326
2007-06-01,Sweden,-0.1182250868061006
2007-07-01,Sweden,-0.2432819777857399
2007-08-01,Sweden,-0.2521325260053291
2007-09-01,Sweden,-0.2508455711402404
2007-10-01,Sweden,-0.4293531501978812
2007-11-01,Sweden,-0.5710411848767876
2007-12-01,Sweden,-0.5503050318564905
2008-01-01,Sweden,-0.5099565958377912
2008-02-01,Sweden,-0.5074469400614529
2008-03-01,Sweden,-0.5556308219156987
2008-04-01,Sweden,-0.5241515012154163
2008-05-01,Sweden,-0.4264787355456231
2008-06-01,Sweden,-0.3913445306787914
2008-07-01,Sweden,-0.2816772575358937
2008-08-01,Sweden,-0.1456030135651589
2008-09-01,Sweden,-0.05803669738359973
2008-10-01,Sweden,0.166525531441766
2008-11-01,Sweden,0.6637488406833538
2008-12-01,Sweden,0.7261586452213018
2009-01-01,Sweden,0.6131697784641743
2009-02-01,Sweden,0.7726088686650372
2009-03-01,Sweden,0.8893974796708466
2009-04-01,Sweden,0.8474286988186432
2009-05-01,Sweden,0.5609681447509247
2009-06-01,Sweden,0.2419115009063246
2009-07-01,Sweden,0.2795814228525746
2009-08-01,Sweden,0.2118614362968492
2009-09-01,Sweden,0.08314390605148447
2009-10-01,Sweden,0.272627208089911
2009-11-01,Sweden,0.2224320977646321
2009-12-01,Sweden,0.1888806968278995
2010-01-01,Sweden,0.3195189717519806
2010-02-01,Sweden,0.401130032549941
2010-03-01,Sweden,0.3579713648458174
2010-04-01,Sweden,0.2903248744836364
2010-05-01,Sweden,0.3433924669027424
2010-06-01,Sweden,0.5090381467914142
2010-07-01,Sweden,0.3895632304678591
2010-08-01,Sweden,0.1844811070838519
2010-09-01,Sweden,0.1171706895979976
2010-10-01,Sweden,-0.1826223007397423
2010-11-01,Sweden,-0.05746138035650239
2010-12-01,Sweden,-0.0805520368637902
2011-01-01,Sweden,-0.1725241595178226
2011-02-01,Sweden,-0.1544955968537177
2011-03-01,Sweden,-0.06099441338296385
2011-04-01,Sweden,-0.1027294169851823
2011-05-01,Sweden,-0.1901374423681337
2011-06-01,Sweden,-0.2866729106739602
2011-07-01,Sweden,-0.1784101353597649
2011-08-01,Sweden,-0.08193812187262162
2011-09-01,Sweden,0.03421299148420287
2011-10-01,Sweden,0.2389628653526541
2011-11-01,Sweden,0.04399717305825401
2011-12-01,Sweden,0.1356985540021178
2012-01-01,Sweden,0.1961315323924191
2012-02-01,Sweden,0.2220228923106597
2012-03-01,Sweden,0.1174489492654323
2012-04-01,Sweden,0.1436376255340384
2012-05-01,Sweden,0.1801907051768856
2012-06-01,Sweden,0.3718298409399228
2012-07-01,Sweden,0.1725401226466838
2012-08-01,Sweden,0.2238747792147886
2012-09-01,Sweden,0.1866946077408116
2012-10-01,Sweden,0.2208115552698504
2012-11-01,Sweden,0.2524503210684608
2012-12-01,Sweden,0.2271864266675092
2013-01-01,Sweden,0.2229564192647833
2013-02-01,Sweden,0.08661517689398801
2013-03-01,Sweden,0.150543834134927
2013-04-01,Sweden,0.1444303433045442
2013-05-01,Sweden,0.1308597992623572
2013-06-01,Sweden,0.1484392928946474
2013-07-01,Sweden,0.2093778482923547
2013-08-01,Sweden,0.05452374689450723
2013-09-01,Sweden,0.08401199885750565
2013-10-01,Sweden,-0.01103783703440719
2013-11-01,Sweden,-0.02816780538012043
2013-12-01,Sweden,-0.01346811722902552
2014-01-01,Sweden,-0.09214525760448466
2014-02-01,Sweden,-0.03421140957809388
2014-03-01,Sweden,-0.03769351865052295
2014-04-01,Sweden,-0.06867919500818409
2014-05-01,Sweden,-0.05219435301975195
2014-06-01,Sweden,-0.06768041140849401
2014-07-01,Sweden,-0.08550219876447074
2014-08-01,Sweden,-0.0441296292574539
2014-09-01,Sweden,-0.1005057034378178
2014-10-01,Sweden,-0.1179718875984416
2014-11-01,Sweden,-0.06070766682052986
2014-12-01,Sweden,-0.08490156885365563
2015-01-01,Sweden,-0.0649005783324178
2015-02-01,Sweden,-0.1570491124509361
2015-03-01,Sweden,-0.2008392278348868
2015-04-01,Sweden,-0.1123379830348952
2015-05-01,Sweden,-0.1173716027102722
2015-06-01,Sweden,-0.1329471850452331
2015-07-01,Sweden,-0.1396296550726522
2015-08-01,Sweden,-0.1182261210566679
2015-09-01,Sweden,-0.04611693144291407
2015-10-01,Sweden,0.01795795818043544
2015-11-01,Sweden,-0.08036693108747861
2015-12-01,Sweden,-0.07868211824828342
2016-01-01,Sweden,-0.01548549697166679
2016-02-01,Sweden,0.1300503715612435
2016-03-01,Sweden,0.1148495070899413
2016-04-01,Sweden,0.07805938882558672
2016-05-01,Sweden,0.1149489654222928
2016-06-01,Sweden,0.1807797012840346
2016-07-01,Sweden,0.2454652842455927
2016-08-01,Sweden,0.2104277922113893
2016-09-01,Sweden,0.2100382231293416
2016-10-01,Sweden,0.2221157114837211
2016-11-01,Sweden,0.2860433898204897
2016-12-01,Sweden,0.2406790718070764
2017-01-01,Sweden,0.1853713020733956
2017-02-01,Sweden,0.1899874586556956
2017-03-01,Sweden,0.1268786506475579
2017-04-01,Sweden,0.05623161739793203
2017-05-01,Sweden,-0.004806270181278993
2017-06-01,Sweden,-0.05396581345601248
2017-07-01,Sweden,-0.06616435088817874
2017-08-01,Sweden,-0.02327471774924184
2017-09-01,Sweden,-0.05166887390129504
2017-10-01,Sweden,-0.05239629136895663
2017-11-01,Sweden,-0.1447300544015682
2017-12-01,Sweden,-0.1284934932219255
2018-01-01,Sweden,-0.1544902684250109
2018-02-01,Sweden,-0.1575262836181617
2018-03-01,Sweden,-0.09460575136260807
2018-04-01,Sweden,-0.07045769627272946
2018-05-01,Sweden,-0.004586156567034538
2018-06-01,Sweden,-0.07918719969701093
2018-07-01,Sweden,0.01414057274586789
2018-08-01,Sweden,-0.08253735657010441
2018-09-01,Sweden,-0.1090566232283404
2018-10-01,Sweden,-0.09858115806438661
2018-11-01,Sweden,0.07044958826834069
2018-12-01,Sweden,0.0943232764932429
2019-01-01,Sweden,0.1878120109726173
2019-02-01,Sweden,0.09356693598322319
2019-03-01,Sweden,0.007980000028841472
2019-04-01,Sweden,-0.1221863314149764
2019-05-01,Sweden,-0.09913232844757791
2019-06-01,Sweden,0.07202203771356386
2019-07-01,Sweden,0.01051860040030217
2019-08-01,Sweden,0.1617860061804786
2019-09-01,Sweden,0.2772106056508743
2019-10-01,Sweden,0.2168269205323055
2019-11-01,Sweden,0.0845712921246693
2019-12-01,Sweden,0.2522408525877597
2020-01-01,Sweden,0.2290987432216931
2020-02-01,Sweden,0.2906025043413356
2020-03-01,Sweden,0.4145489199768373
2020-04-01,Sweden,0.7331838776439097
2020-05-01,Sweden,0.6639270862459548
2020-06-01,Sweden,0.6073832509213295
2020-07-01,Sweden,0.5189070918881635
2020-08-01,Sweden,0.4520024378603529
2020-09-01,Sweden,0.3631267019346007
2020-10-01,Sweden,0.2969609719551332
2020-11-01,Sweden,0.4315066723758432
2020-12-01,Sweden,0.1571670096705624
2021-01-01,Sweden,0.2008648103061617
2021-02-01,Sweden,0.05550489929687363
2021-03-01,Sweden,-0.05559807446575571
2021-04-01,Sweden,-0.08966450584328778
2021-05-01,Sweden,-0.1908213436523717
2021-06-01,Sweden,-0.2283675825149785
2021-07-01,Sweden,-0.3231753319656407
2021-08-01,Sweden,-0.2812201292647397
2021-09-01,Sweden,-0.345471136663287
2021-10-01,Sweden,-0.3693292826579572
2021-11-01,Sweden,-0.3592439973653144
2021-12-01,Sweden,-0.2435804801914827
2022-01-01,Sweden,-0.2958115270820876
2022-02-01,Sweden,-0.1581449148976299
2022-03-01,Sweden,-0.06398755015519852
2022-04-01,Sweden,-0.08788735274015602
2022-05-01,Sweden,0.02622117348973241
2022-06-01,Sweden,-0.05349701576239418
2022-07-01,Sweden,0.1462776361896789
2022-08-01,Sweden,0.04534630624875224
2022-09-01,Sweden,0.08184368746397497
2022-10-01,Sweden,0.1867101885658111
2022-11-01,Sweden,0.04358930287833829
2022-12-01,Sweden,0.08154815682403349
2023-01-01,Sweden,0.2177979595854345
2023-02-01,Sweden,0.08666225152904805
2023-03-01,Sweden,0.1149914051555179
2023-04-01,Sweden,0.1238816893385351
2023-05-01,Sweden,0.0558599833440292
2023-06-01,Sweden,0.2327815142621219
2023-07-01,Sweden,0.1653715333351451
2023-08-01,Sweden,0.1547745838202659
2023-09-01,Sweden,0.2971245059689858
2023-10-01,Sweden,0.338726446561094
2023-11-01,Sweden,0.3000689837641857
2023-12-01,Sweden,0.09732891130789967
2024-01-01,Sweden,-0.0507646065511016
2024-02-01,Sweden,0.08707995343973618
2024-03-01,Sweden,0.09421719984600685
2024-04-01,Sweden,0.05853605971287235
2024-05-01,Sweden,0.1234509790798839
2024-06-01,Sweden,0.08775570390696363
2024-07-01,Sweden,0.1395620872381154
2024-08-01,Sweden,0.09463087803298253
2024-09-01,Sweden,0.1034860307268186
2024-10-01,Sweden,0.09092369276496615
2024-11-01,Sweden,0.2163328205774175
2024-12-01,Sweden,0.2480701900961615
2025-01-01,Sweden,0.3465798195407979
2025-02-01,Sweden,0.3036466926845369
2025-03-01,Sweden,0.2896050685850351
2025-04-01,Sweden,0.1519570511381954
2025-05-01,Sweden,0.1806770073586208
2025-06-01,Sweden,0.1815189620270181
2025-07-01,Sweden,0.1138565759373549
2025-08-01,Sweden,0.2035137626586674
2025-09-01,Sweden,
2025-10-01,Sweden,
2025-11-01,Sweden,
2025-12-01,Sweden,
2026-01-01,Sweden,
2026-02-01,Sweden,
2026-03-01,Sweden,
2026-04-01,Sweden,
2026-05-01,Sweden,
2026-06-01,Sweden,
2026-07-01,Sweden,
2026-08-01,Sweden,
2000-02-01,Italy,0.05013842911648725
2000-03-01,Italy,-0.1575711358187963
2000-04-01,Italy,-0.15670575678974
2000-05-01,Italy,-0.05135802550033441
2000-06-01,Italy,-0.1728519628077643
2000-07-01,Italy,-0.2614702507500177
2000-08-01,Italy,-0.2123311740436555
2000-09-01,Italy,-0.2091107123782548
2000-10-01,Italy,-0.2750217150699278
2000-11-01,Italy,-0.2683309834368697
2000-12-01,Italy,-0.2682221401101793
2001-01-01,Italy,-0.2735894485643536
2001-02-01,Italy,-0.3113972382096631
2001-03-01,Italy,-0.2362797257925723
2001-04-01,Italy,-0.1331078564707763
2001-05-01,Italy,-0.1720355329736355
2001-06-01,Italy,-0.1160405034233797
2001-07-01,Italy,-0.07481485774415642
2001-08-01,Italy,-0.185899536226047
2001-09-01,Italy,-0.1659614361578806
2001-10-01,Italy,-0.1660293158558085
2001-11-01,Italy,-0.1247844701653646
2001-12-01,Italy,-0.06049576585157668
2002-01-01,Italy,-0.09086884006561158
2002-02-01,Italy,-0.07169104633358958
2002-03-01,Italy,-0.04063195361693883
2002-04-01,Italy,-0.1691498231758813
2002-05-01,Italy,-0.06058888763748327
2002-06-01,Italy,0.07023755006305188
2002-07-01,Italy,0.04244763327200229
2002-08-01,Italy,0.1569087547199721
2002-09-01,Italy,0.1039964256977777
2002-10-01,Italy,0.3295799571902518
2002-11-01,Italy,0.287806802183934
2002-12-01,Italy,0.2722201607344237
2003-01-01,Italy,0.3585764247675065
2003-02-01,Italy,0.4076286439383654
2003-03-01,Italy,0.3801725038598611
2003-04-01,Italy,0.4470563580656557
2003-05-01,Italy,0.291871928994353
2003-06-01,Italy,0.1633648648958277
2003-07-01,Italy,0.230241377837541
2003-08-01,Italy,0.2032975762687439
2003-09-01,Italy,0.2314052991944446
2003-10-01,Italy,0.2534752269200018
2003-11-01,Italy,0.2643153288598878
2003-12-01,Italy,0.2610535340662956
2004-01-01,Italy,0.2991766265363105
2004-02-01,Italy,0.2437470527312391
2004-03-01,Italy,0.2692102593778229
2004-04-01,Italy,0.3106406993818225
2004-05-01,Italy,0.231956302699263
2004-06-01,Italy,0.2120619775716959
2004-07-01,Italy,0.1799422869905336
2004-08-01,Italy,0.2605918096729802
2004-09-01,Italy,0.2800686148179157
2004-10-01,Italy,0.2341913548444892
2004-11-01,Italy,0.08533457160493962
2004-12-01,Italy,0.02931831290577414
2005-01-01,Italy,-0.001878417679261002
2005-02-01,Italy,0.07499571237644531
2005-03-01,Italy,0.0513835915441756
2005-04-01,Italy,0.07975700646423411
2005-05-01,Italy,0.1752585147240995
2005-06-01,Italy,0.185136392257226
2005-07-01,Italy,0.180370498585448
2005-08-01,Italy,0.1376631958120011
2005-09-01,Italy,0.1782120859552241
2005-10-01,Italy,0.1544952284902055
2005-11-01,Italy,0.2876587866111351
2005-12-01,Italy,0.327758087438434
2006-01-01,Italy,0.2955879831083075
2006-02-01,Italy,0.2306601217665414
2006-03-01,Italy,0.2065199637015422
2006-04-01,Italy,0.2022010023514096
2006-05-01,Italy,0.2432260389244276
2006-06-01,Italy,0.2279601877156678
2006-07-01,Italy,0.2038800819468798
2006-08-01,Italy,0.1640518163567857
2006-09-01,Italy,0.1129320985574762
2006-10-01,Italy,0.1562864534646426
2006-11-01,Italy,0.1527751146467975
2006-12-01,Italy,0.07493202390421816
2007-01-01,Italy,0.03810426036760273
2007-02-01,Italy,-0.06219102120656494
2007-03-01,Italy,-0.05392239688531952
2007-04-01,Italy,-0.09163369746928196
2007-05-01,Italy,-0.1041193948258714
2007-06-01,Italy,-0.09819089782382961
2007-07-01,Italy,-0.1785712398740121
2007-08-01,Italy,-0.192640761692279
2007-09-01,Italy,-0.2241797545354592
2007-10-01,Italy,-0.364959576559443
2007-11-01,Italy,-0.5311388098646794
2007-12-01,Italy,-0.5512721261482318
2008-01-01,Italy,-0.5136803869961911
2008-02-01,Italy,-0.5363248939780008
2008-03-01,Italy,-0.5992474719044398
2008-04-01,Italy,-0.5624791387342403
2008-05-01,Italy,-0.5091460773544589
2008-06-01,Italy,-0.4408370134185498
2008-07-01,Italy,-0.400561263240387
2008-08-01,Italy,-0.319743134795599
2008-09-01,Italy,-0.2225961532056271
2008-10-01,Italy,-0.02142360536780263
2008-11-01,Italy,0.2177391762614564
2008-12-01,Italy,0.3097822965491581
2009-01-01,Italy,0.2396221799187503
2009-02-01,Italy,0.3182342638702795
2009-03-01,Italy,0.4429673908721528
2009-04-01,Italy,0.4471024351755182
2009-05-01,Italy,0.13490584793925
2009-06-01,Italy,-0.148745208209358
2009-07-01,Italy,-0.1192889043558958
2009-08-01,Italy,-0.05842493793835968
2009-09-01,Italy,-0.2029523944993683
2009-10-01,Italy,-0.1693418058288717
2009-11-01,Italy,-0.07037746101473152
2009-12-01,Italy,-0.226451305394359
2010-01-01,Italy,-0.1673833383673654
2010-02-01,Italy,0.01080352888144742
2010-03-01,Italy,0.1006311614910189
2010-04-01,Italy,0.02166084720805861
2010-05-01,Italy,0.1867456017176081
2010-06-01,Italy,0.2970352207953006
2010-07-01,Italy,0.2695691745574718
2010-08-01,Italy,-0.005407759631878895
2010-09-01,Italy,-0.08335903279907109
2010-10-01,Italy,-0.2712842868014427
2010-11-01,Italy,-0.2225023400030224
2010-12-01,Italy,-0.143848034828484
2011-01-01,Italy,-0.2487756418570485
2011-02-01,Italy,-0.2809849772895923
2011-03-01,Italy,-0.2654653396626304
2011-04-01,Italy,-0.2809317503799112
2011-05-01,Italy,-0.3913531192312368
2011-06-01,Italy,-0.451196201635212
2011-07-01,Italy,-0.3531337196545
2011-08-01,Italy,-0.325941056150665
2011-09-01,Italy,-0.1233115228949286
2011-10-01,Italy,0.01012911308396114
2011-11-01,Italy,-0.08061452724429219
2011-12-01,Italy,0.01194808092294175
2012-01-01,Italy,0.09821197005977189
2012-02-01,Italy,0.1245937963951056
2012-03-01,Italy,-0.0640026079711179
2012-04-01,Italy,-0.09007800540990751
2012-05-01,Italy,0.1104844986244584
2012-06-01,Italy,0.3455428290833513
2012-07-01,Italy,0.04622209605284988
2012-08-01,Italy,0.2206194030546949
2012-09-01,Italy,0.1097670983849932
2012-10-01,Italy,0.1648704866223887
2012-11-01,Italy,0.261710008866068
2012-12-01,Italy,0.214096509316916
2013-01-01,Italy,0.1798259284024488
2013-02-01,Italy,0.08890010119438374
2013-03-01,Italy,0.3345620750736686
2013-04-01,Italy,0.4984130088006393
2013-05-01,Italy,0.3619460538711705
2013-06-01,Italy,0.3327739861818735
2013-07-01,Italy,0.4920046909492273
2013-08-01,Italy,0.2798575077332697
2013-09-01,Italy,0.2403128622925097
2013-10-01,Italy,0.1396912913496169
2013-11-01,Italy,-0.04077600200492959
2013-12-01,Italy,-0.0223747024570522
2014-01-01,Italy,-0.10785710794468
2014-02-01,Italy,-0.112386004821732
2014-03-01,Italy,-0.1020659192219371
2014-04-01,Italy,-0.1682345829185357
2014-05-01,Italy,-0.1471131253777584
2014-06-01,Italy,-0.129149221831064
2014-07-01,Italy,-0.1462752417251425
2014-08-01,Italy,-0.06052577147767901
2014-09-01,Italy,-0.09002870506208227
2014-10-01,Italy,-0.1047098304725123
2014-11-01,Italy,-0.006322008349245789
2014-12-01,Italy,-0.03902246405664067
2015-01-01,Italy,0.009936587807705788
2015-02-01,Italy,-0.1270961483594863
2015-03-01,Italy,-0.2364741976042986
2015-04-01,Italy,-0.164917047893391
2015-05-01,Italy,-0.1767369252854177
2015-06-01,Italy,-0.2214501446950697
2015-07-01,Italy,-0.2757503911421351
2015-08-01,Italy,-0.2747925126876054
2015-09-01,Italy,-0.2285095932013876
2015-10-01,Italy,-0.226499334560528
2015-11-01,Italy,-0.2473327630443062
2015-12-01,Italy,-0.251007382221625
2016-01-01,Italy,-0.1233091641197773
2016-02-01,Italy,-0.01311649565367146
2016-03-01,Italy,0.03778884539862926
2016-04-01,Italy,0.05216116407403981
2016-05-01,Italy,0.04564075705103532
2016-06-01,Italy,0.1521007440467803
2016-07-01,Italy,0.2876874234561193
2016-08-01,Italy,0.3263428477404031
2016-09-01,Italy,0.3409596139393218
2016-10-01,Italy,0.4314338238289954
2016-11-01,Italy,0.3877988014490936
2016-12-01,Italy,0.4490096971962336
2017-01-01,Italy,0.2625301238988642
2017-02-01,Italy,0.4462108431842415
2017-03-01,Italy,0.3650344334494851
2017-04-01,Italy,0.2526006853636236
2017-05-01,Italy,0.294406836085443
2017-06-01,Italy,0.08539464485093862
2017-07-01,Italy,0.06472775794913765
2017-08-01,Italy,0.02093990624487474
2017-09-01,Italy,-0.09254914338304687
2017-10-01,Italy,-0.1056230990062319
2017-11-01,Italy,-0.1779774649074518
2017-12-01,Italy,-0.1765576448601029
2018-01-01,Italy,-0.1924986638722732
2018-02-01,Italy,-0.2155970530117644
2018-03-01,Italy,-0.1377539397112154
2018-04-01,Italy,-0.1227324011475559
2018-05-01,Italy,-0.152722782311668
2018-06-01,Italy,-0.1216464195026516
2018-07-01,Italy,-0.02899118974233428
2018-08-01,Italy,-0.07211879220044426
2018-09-01,Italy,0.01083075910882147
2018-10-01,Italy,0.01547096326183284
2018-11-01,Italy,0.1718267145377519
2018-12-01,Italy,0.1698576193894945
2019-01-01,Italy,0.2446030767718965
2019-02-01,Italy,0.121879051852366
2019-03-01,Italy,0.01198539763569717
2019-04-01,Italy,-0.2317130116295797
2019-05-01,Italy,-0.2314213944731229
2019-06-01,Italy,-0.108797699296901
2019-07-01,Italy,-0.1252144596179325
2019-08-01,Italy,-0.08044700638077729
2019-09-01,Italy,-0.03391957294229253
2019-10-01,Italy,-0.1122992758605775
2019-11-01,Italy,-0.2097244489728644
2019-12-01,Italy,-0.003120670498347189
2020-01-01,Italy,0.005964263186937435
2020-02-01,Italy,-0.01276183927517749
2020-03-01,Italy,0.1185097248132245
2020-04-01,Italy,0.5121709337838984
2020-05-01,Italy,0.4894861050362724
2020-06-01,Italy,0.4992063077806401
2020-07-01,Italy,0.3484197954702086
2020-08-01,Italy,0.3098849442721447
2020-09-01,Italy,0.2810401668080258
2020-10-01,Italy,0.3153036457257647
2020-11-01,Italy,0.4815824899226806
2020-12-01,Italy,0.08980637341342956
2021-01-01,Italy,0.128216285593753
2021-02-01,Italy,0.1447718272079357
2021-03-01,Italy,0.03060866194694301
2021-04-01,Italy,-0.04519511110603147
2021-05-01,Italy,-0.119736680696033
2021-06-01,Italy,-0.1473956594665776
2021-07-01,Italy,-0.2467124651722893
2021-08-01,Italy,-0.2335623095374987
2021-09-01,Italy,-0.2786201771355592
2021-10-01,Italy,-0.303361533780815
2021-11-01,Italy,-0.260569230958236
2021-12-01,Italy,-0.1030124050217364
2022-01-01,Italy,-0.1644263752497501
2022-02-01,Italy,-0.03022377238868612
2022-03-01,Italy,0.02519969159940239
2022-04-01,Italy,0.06394797383415374
2022-05-01,Italy,0.1919133370988548
2022-06-01,Italy,0.07624747634277784
2022-07-01,Italy,0.3963186060248909
2022-08-01,Italy,0.4478285047160722
2022-09-01,Italy,0.459303977912294
2022-10-01,Italy,0.4970863723756354
2022-11-01,Italy,0.3283842622446935
2022-12-01,Italy,0.2938878003566197
2023-01-01,Italy,0.3344734154959756
2023-02-01,Italy,0.1828002011304224
2023-03-01,Italy,0.2440629046180405
2023-04-01,Italy,0.3234525470993044
2023-05-01,Italy,0.2281832460407953
2023-06-01,Italy,0.3786219547068219
2023-07-01,Italy,0.180115308204096
2023-08-01,Italy,0.1510943486822955
2023-09-01,Italy,0.2563819212815948
2023-10-01,Italy,0.3077354065334319
2023-11-01,Italy,0.2961783738233303
2023-12-01,Italy,0.1108727965461338
2024-01-01,Italy,0.08077374232352064
2024-02-01,Italy,0.1635790962739694
2024-03-01,Italy,0.1656454155364604
2024-04-01,Italy,0.1151317234286688
2024-05-01,Italy,0.2089616239700021
2024-06-01,Italy,0.2409235774805845
2024-07-01,Italy,0.3364516356594716
2024-08-01,Italy,0.305964143295741
2024-09-01,Italy,0.3112545466476124
2024-10-01,Italy,0.3333031569484275
2024-11-01,Italy,0.3537953273896937
2024-12-01,Italy,0.4543707629522755
2025-01-01,Italy,0.5176133868743791
2025-02-01,Italy,0.4473824355021154
2025-03-01,Italy,0.4036497769229408
2025-04-01,Italy,0.2515810383576733
2025-05-01,Italy,0.3131566807752719
2025-06-01,Italy,0.2596618095542038
2025-07-01,Italy,0.2451081546649503
2025-08-01,Italy,0.2729123696291305
2025-09-01,Italy,
2025-10-01,Italy,
2025-11-01,Italy,
2025-12-01,Italy,
2026-01-01,Italy,
2026-02-01,Italy,
2026-03-01,Italy,
2026-04-01,Italy,
2026-05-01,Italy,
2026-06-01,Italy,
2026-07-01,Italy,
2026-08-01,Italy,
2000-02-01,ChinaA,-0.1835876069045456
2000-03-01,ChinaA,-0.09123210928206904
2000-04-01,ChinaA,-0.254594586468426
2000-05-01,ChinaA,-0.2467125471978132
2000-06-01,ChinaA,-0.2399998634910125
2000-07-01,ChinaA,-0.3067225497143029
2000-08-01,ChinaA,-0.3890439336845406
2000-09-01,ChinaA,-0.501118238502009
2000-10-01,ChinaA,-0.4528355041709352
2000-11-01,ChinaA,-0.4115528732454927
2000-12-01,ChinaA,-0.2550739274102817
2001-01-01,ChinaA,-0.2586495498938989
2001-02-01,ChinaA,-0.4134731607362812
2001-03-01,ChinaA,-0.3494050685290119
2001-04-01,ChinaA,-0.1800456807490434
2001-05-01,ChinaA,-0.2255104097940034
2001-06-01,ChinaA,-0.234328411825987
2001-07-01,ChinaA,-0.2836701142126461
2001-08-01,ChinaA,-0.2098633141661259
2001-09-01,ChinaA,-0.01090558766859351
2001-10-01,ChinaA,-0.05729149253431942
2001-11-01,ChinaA,-0.07594895416052305
2001-12-01,ChinaA,-0.1231745314432499
2002-01-01,ChinaA,-0.159125523731636
2002-02-01,ChinaA,-0.02733999332692194
2002-03-01,ChinaA,-0.0561645346988312
2002-04-01,ChinaA,-0.1405020169224714
2002-05-01,ChinaA,-0.18310784029532
2002-06-01,ChinaA,-0.09282631134465613
2002-07-01,ChinaA,-0.002689738919247064
2002-08-01,ChinaA,0.1482608667969771
2002-09-01,ChinaA,0.2465422526980168
2002-10-01,ChinaA,0.3635119127838107
2002-11-01,ChinaA,0.5617334943127661
2002-12-01,ChinaA,0.5148615566149695
2003-01-01,ChinaA,0.8199661709775177
2003-02-01,ChinaA,0.725715323459381
2003-03-01,ChinaA,0.8740553809762841
2003-04-01,ChinaA,0.7855124306921841
2003-05-01,ChinaA,0.5597494296990984
2003-06-01,ChinaA,0.480211269426702
2003-07-01,ChinaA,0.3823216057763141
2003-08-01,ChinaA,0.2634255074938867
2003-09-01,ChinaA,0.1918112205032036
2003-10-01,ChinaA,0.2682435806733532
2003-11-01,ChinaA,0.07520129479685167
2003-12-01,ChinaA,0.171664808870863
2004-01-01,ChinaA,-0.004507522218134552
2004-02-01,ChinaA,-0.0198621033718025
2004-03-01,ChinaA,-0.008952748567193303
2004-04-01,ChinaA,0.02628521056216693
2004-05-01,ChinaA,0.1850838990054695
2004-06-01,ChinaA,0.1134714912759591
2004-07-01,ChinaA,0.1690375942498767
2004-08-01,ChinaA,0.2494481139321061
2004-09-01,ChinaA,0.248173013042414
2004-10-01,ChinaA,0.2329232927394513
2004-11-01,ChinaA,0.139323962376013
2004-12-01,ChinaA,0.1079165552286707
2005-01-01,ChinaA,0.1641608738441909
2005-02-01,ChinaA,0.3575055771394939
2005-03-01,ChinaA,0.303722297502425
2005-04-01,ChinaA,0.4187326748135713
2005-05-01,ChinaA,0.4923542847739979
2005-06-01,ChinaA,0.4051014724686797
2005-07-01,ChinaA,0.3751813047917207
2005-08-01,ChinaA,0.3160035547062976
2005-09-01,ChinaA,0.3404010197078144
2005-10-01,ChinaA,0.3113283186341211
2005-11-01,ChinaA,0.5541404329758417
2005-12-01,ChinaA,0.6107354082248468
2006-01-01,ChinaA,0.7873305888957205
2006-02-01,ChinaA,0.5004657620922384
2006-03-01,ChinaA,0.42905054268497
2006-04-01,ChinaA,0.4379740216852881
2006-05-01,ChinaA,0.4201779948019215
2006-06-01,ChinaA,0.613089538697746
2006-07-01,ChinaA,0.762878605242395
2006-08-01,ChinaA,0.8937881849264795
2006-09-01,ChinaA,0.9881707817263654
2006-10-01,ChinaA,1.305183388598118
2006-11-01,ChinaA,1.515123019237117
2006-12-01,ChinaA,0.9597343455948002
2007-01-01,ChinaA,0.634964049220599
2007-02-01,ChinaA,0.3392272506310727
2007-03-01,ChinaA,0.5100839985453764
2007-04-01,ChinaA,0.2771854684219692
2007-05-01,ChinaA,0.4236024844720498
2007-06-01,ChinaA,0.2599416110437156
2007-07-01,ChinaA,-0.01041813974666395
2007-08-01,ChinaA,-0.08204690206491416
2007-09-01,ChinaA,-0.2142637516852072
2007-10-01,ChinaA,-0.4789361425813708
2007-11-01,ChinaA,-0.6547961527676412
2007-12-01,ChinaA,-0.583160992812499
2008-01-01,ChinaA,-0.5179574610166042
2008-02-01,ChinaA,-0.4364933241785874
2008-03-01,ChinaA,-0.5074949763721709
2008-04-01,ChinaA,-0.3599672744763392
2008-05-01,ChinaA,-0.3849180378957866
2008-06-01,ChinaA,-0.2434881382750778
2008-07-01,ChinaA,-0.1034628424800051
2008-08-01,ChinaA,-0.02858713325666706
2008-09-01,ChinaA,-0.01643722448542728
2008-10-01,ChinaA,0.2949341849580103
2008-11-01,ChinaA,0.7844282225133539
2008-12-01,ChinaA,0.7518850789806815
2009-01-01,ChinaA,0.5929168692846891
2009-02-01,ChinaA,0.5871542544935275
2009-03-01,ChinaA,0.6752436147160121
2009-04-01,ChinaA,0.5472798018439005
2009-05-01,ChinaA,0.3875194750908837
2009-06-01,ChinaA,0.1175998532997569
2009-07-01,ChinaA,0.08844904143421406
2009-08-01,ChinaA,0.02480053359633816
2009-09-01,ChinaA,0.0720028972545792
2009-10-01,ChinaA,0.1167197317170241
2009-11-01,ChinaA,0.0901831313187047
2009-12-01,ChinaA,0.03867570276618348
2010-01-01,ChinaA,0.02642073630193087
2010-02-01,ChinaA,0.1175862720936751
2010-03-01,ChinaA,0.0738514294828343
2010-04-01,ChinaA,0.07289885641138949
2010-05-01,ChinaA,0.09289562612306268
2010-06-01,ChinaA,0.1647781270560713
2010-07-01,ChinaA,0.1029930753249513
2010-08-01,ChinaA,0.04816781542893889
2010-09-01,ChinaA,-0.022872650045758
2010-10-01,ChinaA,-0.2552439738666721
2010-11-01,ChinaA,-0.1746238397449055
2010-12-01,ChinaA,-0.22555964291167
2011-01-01,ChinaA,-0.2006557757595102
2011-02-01,ChinaA,-0.1094643747830576
2011-03-01,ChinaA,-0.03402606352799276
2011-04-01,ChinaA,-0.1459706295895674
2011-05-01,ChinaA,-0.1270266658127964
2011-06-01,ChinaA,-0.2238205820205443
2011-07-01,ChinaA,-0.1820540092588134
2011-08-01,ChinaA,-0.1642088845072909
2011-09-01,ChinaA,-0.107364422874024
2011-10-01,ChinaA,0.144252116134397
2011-11-01,ChinaA,0.05044441643301734
2011-12-01,ChinaA,0.1682989882457968
2012-01-01,ChinaA,0.1949720122841025
2012-02-01,ChinaA,0.1226494816658752
2012-03-01,ChinaA,0.0125759376600052
2012-04-01,ChinaA,0.03781193442276454
2012-05-01,ChinaA,0.01361124622242071
2012-06-01,ChinaA,0.1276852665455546
2012-07-01,ChinaA,0.02308868201512237
2012-08-01,ChinaA,0.04982641211805383
2012-09-01,ChinaA,0.1103439371842756
2012-10-01,ChinaA,0.09681975164754175
2012-11-01,ChinaA,0.06339958097931486
2012-12-01,ChinaA,0.09460640494387684
2013-01-01,ChinaA,0.008542218212361563
2013-02-01,ChinaA,-0.096263900417359
2013-03-01,ChinaA,-0.03457303036376991
2013-04-01,ChinaA,-0.005435387939676128
2013-05-01,ChinaA,-0.03925014553407058
2013-06-01,ChinaA,0.01314441326583449
2013-07-01,ChinaA,0.1311673480773758
2013-08-01,ChinaA,0.1690652911050217
2013-09-01,ChinaA,0.1438994312217188
2013-10-01,ChinaA,0.01834095391087209
2013-11-01,ChinaA,0.03641199012463181
2013-12-01,ChinaA,0.003515125072716563
2014-01-01,ChinaA,0.05111739289549289
2014-02-01,ChinaA,0.1520906778238356
2014-03-01,ChinaA,0.1589826669602692
2014-04-01,ChinaA,0.20723676842789
2014-05-01,ChinaA,0.44174255661655
2014-06-01,ChinaA,0.3310894975904979
2014-07-01,ChinaA,0.2147062722141559
2014-08-01,ChinaA,0.007146443274568703
2014-09-01,ChinaA,-0.1123364825841514
2014-10-01,ChinaA,-0.07022715449973993
2014-11-01,ChinaA,-0.02769215376715417
2014-12-01,ChinaA,-0.07484453281585812
2015-01-01,ChinaA,-0.09732170105581694
2015-02-01,ChinaA,-0.2295785264538329
2015-03-01,ChinaA,-0.2726726180620961
2015-04-01,ChinaA,-0.2052563434858261
2015-05-01,ChinaA,-0.3202160406183624
2015-06-01,ChinaA,-0.2996757758221399
2015-07-01,ChinaA,-0.2501576578577057
2015-08-01,ChinaA,-0.1293369149081629
2015-09-01,ChinaA,0.05849915081877843
2015-10-01,ChinaA,0.1079886979168385
2015-11-01,ChinaA,-0.003858783650863229
2015-12-01,ChinaA,0.01862234148374076
2016-01-01,ChinaA,-0.01013939284274423
2016-02-01,ChinaA,0.2110966836159425
2016-03-01,ChinaA,0.2865691303268854
2016-04-01,ChinaA,0.1742414641792338
2016-05-01,ChinaA,0.2079568904298426
2016-06-01,ChinaA,0.2820159809955729
2016-07-01,ChinaA,0.3068516794991114
2016-08-01,ChinaA,0.3695417820622506
2016-09-01,ChinaA,0.3267192764053095
2016-10-01,ChinaA,0.308223738599243
2016-11-01,ChinaA,0.3870875615239715
2016-12-01,ChinaA,0.4259535786399615
2017-01-01,ChinaA,0.5151580263938553
2017-02-01,ChinaA,0.5960150340939976
2017-03-01,ChinaA,0.4426949182039679
2017-04-01,ChinaA,0.3661208005657468
2017-05-01,ChinaA,0.3301251016693134
2017-06-01,ChinaA,0.2845697079446632
2017-07-01,ChinaA,0.193303240776709
2017-08-01,ChinaA,0.06735506835243443
2017-09-01,ChinaA,-0.01358335496348906
2017-10-01,ChinaA,-0.03799220958737692
2017-11-01,ChinaA,-0.1810452834982675
2017-12-01,ChinaA,-0.1345215164973114
2018-01-01,ChinaA,-0.2021921942897541
2018-02-01,ChinaA,-0.2123409143724873
2018-03-01,ChinaA,-0.129393114166433
2018-04-01,ChinaA,-0.07787219666848577
2018-05-01,ChinaA,-0.05709189987416685
2018-06-01,ChinaA,-0.1962220619452345
2018-07-01,ChinaA,-0.08598813545160477
2018-08-01,ChinaA,-0.06563599841091328
2018-09-01,ChinaA,-0.06939691758133648
2018-10-01,ChinaA,-0.05607462255530893
2018-11-01,ChinaA,0.1093983398882827
2018-12-01,ChinaA,0.05206427848694339
2019-01-01,ChinaA,0.2128920059375443
2019-02-01,ChinaA,0.03952077211591298
2019-03-01,ChinaA,0.01463886075993215
2019-04-01,ChinaA,-0.07480921193538559
2019-05-01,ChinaA,-0.0377515603441525
2019-06-01,ChinaA,0.1034722735603997
2019-07-01,ChinaA,0.1145911613688302
2019-08-01,ChinaA,0.2253782593542315
2019-09-01,ChinaA,0.351813159040522
2019-10-01,ChinaA,0.3162912296320448
2019-11-01,ChinaA,0.3321339413467184
2019-12-01,ChinaA,0.3450544244276255
2020-01-01,ChinaA,0.2761930802167696
2020-02-01,ChinaA,0.4395322809347948
2020-03-01,ChinaA,0.4108342845177524
2020-04-01,ChinaA,0.4155207579446014
2020-05-01,ChinaA,0.3494089140845102
2020-06-01,ChinaA,0.3677729289923741
2020-07-01,ChinaA,0.2575709806060194
2020-08-01,ChinaA,-0.008779020272284499
2020-09-01,ChinaA,-0.06189765294628868
2020-10-01,ChinaA,-0.08412478256976352
2020-11-01,ChinaA,-0.1027226882848123
2020-12-01,ChinaA,-0.1791573912308386
2021-01-01,ChinaA,-0.2264377804516021
2021-02-01,ChinaA,-0.3007608702593281
2021-03-01,ChinaA,-0.3209662340763112
2021-04-01,ChinaA,-0.3334159649435393
2021-05-01,ChinaA,-0.3692627587683087
2021-06-01,ChinaA,-0.3671445690644547
2021-07-01,ChinaA,-0.3282751798134614
2021-08-01,ChinaA,-0.2957129150934932
2021-09-01,ChinaA,-0.2942738779162634
2021-10-01,ChinaA,-0.3653758745895527
2021-11-01,ChinaA,-0.4882563533682936
2021-12-01,ChinaA,-0.2943833797129684
2022-01-01,ChinaA,-0.2336754759623109
2022-02-01,ChinaA,-0.1173712028676126
2022-03-01,ChinaA,-0.1768405822580913
2022-04-01,ChinaA,-0.06488676774798374
2022-05-01,ChinaA,-0.07549166949467534
2022-06-01,ChinaA,-0.1632885632885633
2022-07-01,ChinaA,-0.1827599598529287
2022-08-01,ChinaA,-0.002157522978809778
2022-09-01,ChinaA,-0.09334388350817535
2022-10-01,ChinaA,0.03193424675494949
2022-11-01,ChinaA,0.1877563085654603
2022-12-01,ChinaA,-0.06093965935334
2023-01-01,ChinaA,-0.1297766867759884
2023-02-01,ChinaA,-0.3041799129303365
2023-03-01,ChinaA,-0.1584658211115552
2023-04-01,ChinaA,-0.1873784825788205
2023-05-01,ChinaA,-0.0870164337508047
2023-06-01,ChinaA,0.02075854160719204
2023-07-01,ChinaA,-0.03753972907087966
2023-08-01,ChinaA,-0.1433189655172413
2023-09-01,ChinaA,-0.04973771937669424
2023-10-01,ChinaA,0.2100961652994942
2023-11-01,ChinaA,0.1887009080486659
2023-12-01,ChinaA,0.1079256426612443
2024-01-01,ChinaA,0.166995597641
2024-02-01,ChinaA,0.3145207159984387
2024-03-01,ChinaA,0.3553340752846195
2024-04-01,ChinaA,0.3692914469626039
2024-05-01,ChinaA,0.2276267757540174
2024-06-01,ChinaA,0.2313404735678517
2024-07-01,ChinaA,0.3036394152697379
2024-08-01,ChinaA,0.3924528301886794
2024-09-01,ChinaA,0.4470512830914266
2024-10-01,ChinaA,0.2824350236438733
2024-11-01,ChinaA,0.3110997899379584
2024-12-01,ChinaA,0.337903753755509
2025-01-01,ChinaA,0.2848080993860262
2025-02-01,ChinaA,0.3357188005073537
2025-03-01,ChinaA,0.1261553294135955
2025-04-01,ChinaA,0.0193906195318454
2025-05-01,ChinaA,0.1054653536890782
2025-06-01,ChinaA,0.04307569715049198
2025-07-01,ChinaA,-0.06521466463032233
2025-08-01,ChinaA,-0.02846939927732617
2025-09-01,ChinaA,
2025-10-01,ChinaA,
2025-11-01,ChinaA,
2025-12-01,ChinaA,
2026-01-01,ChinaA,
2026-02-01,ChinaA,
2026-03-01,ChinaA,
2026-04-01,ChinaA,
2026-05-01,ChinaA,
2026-06-01,ChinaA,
2026-07-01,ChinaA,
2026-08-01,ChinaA,
2000-02-01,Chile,-0.1218470759966535
2000-03-01,Chile,-0.1637052594613577
2000-04-01,Chile,-0.1841806936381586
2000-05-01,Chile,-0.07444676865024535
2000-06-01,Chile,-0.01938218035060801
2000-07-01,Chile,-0.04830340202287553
2000-08-01,Chile,-0.04982381678618464
2000-09-01,Chile,-0.03129010000979571
2000-10-01,Chile,-0.1769644073668927
2000-11-01,Chile,-0.137792574886035
2000-12-01,Chile,-0.05255345432883629
2001-01-01,Chile,-0.02886090096940963
2001-02-01,Chile,-0.1492672763099633
2001-03-01,Chile,-0.07487387671257872
2001-04-01,Chile,-0.01145954961914919
2001-05-01,Chile,-0.06983581143244288
2001-06-01,Chile,-0.1858203844819323
2001-07-01,Chile,-0.2129907252234426
2001-08-01,Chile,-0.1924668501078333
2001-09-01,Chile,-0.2345477440476126
2001-10-01,Chile,-0.2021843097946575
2001-11-01,Chile,-0.1621905734582982
2001-12-01,Chile,-0.1952363282793405
2002-01-01,Chile,-0.1983224215074508
2002-02-01,Chile,-0.1761363227843961
2002-03-01,Chile,-0.1776717751151417
2002-04-01,Chile,-0.1883897397731563
2002-05-01,Chile,-0.01692117964717865
2002-06-01,Chile,0.0762295042455059
2002-07-01,Chile,0.2198559655117662
2002-08-01,Chile,0.3422806870582633
2002-09-01,Chile,0.4294282034887829
2002-10-01,Chile,0.8175177963919176
2002-11-01,Chile,0.9113493638723116
2002-12-01,Chile,0.7560833890828798
2003-01-01,Chile,0.8453404385185532
2003-02-01,Chile,0.8511181126631171
2003-03-01,Chile,0.9967860656339786
2003-04-01,Chile,0.7928668819816149
2003-05-01,Chile,0.4439955222595369
2003-06-01,Chile,0.3789379947273324
2003-07-01,Chile,0.3934517508951829
2003-08-01,Chile,0.3289817259860326
2003-09-01,Chile,0.3727154697168897
2003-10-01,Chile,0.2907021697812004
2003-11-01,Chile,0.1939150301103036
2003-12-01,Chile,0.3180249438955625
2004-01-01,Chile,0.2901185188410764
2004-02-01,Chile,0.2507881273569654
2004-03-01,Chile,0.2394079002835832
2004-04-01,Chile,0.3623259704353137
2004-05-01,Chile,0.3947695526062189
2004-06-01,Chile,0.434563489523758
2004-07-01,Chile,0.4760292844026879
2004-08-01,Chile,0.5571838816760584
2004-09-01,Chile,0.4437728580461737
2004-10-01,Chile,0.5038757158770053
2004-11-01,Chile,0.3599651307464198
2004-12-01,Chile,0.3158878354697405
2005-01-01,Chile,0.2223040590554333
2005-02-01,Chile,0.3333248755534215
2005-03-01,Chile,0.2980456812622585
2005-04-01,Chile,0.2737877080207014
2005-05-01,Chile,0.3097546724626532
2005-06-01,Chile,0.1976762596347308
2005-07-01,Chile,0.1093153840843168
2005-08-01,Chile,0.0264067282287388
2005-09-01,Chile,0.0606735199183277
2005-10-01,Chile,0.02330497466003045
2005-11-01,Chile,0.180501139591515
2005-12-01,Chile,0.21388634493435
2006-01-01,Chile,0.2932503581262171
2006-02-01,Chile,0.300187750115146
2006-03-01,Chile,0.2291574133654755
2006-04-01,Chile,0.2859218772683505
2006-05-01,Chile,0.4088353932280575
2006-06-01,Chile,0.545002818977925
2006-07-01,Chile,0.6584731299615236
2006-08-01,Chile,0.6131008284388626
2006-09-01,Chile,0.5484195061508415
2006-10-01,Chile,0.495269123919525
2006-11-01,Chile,0.5362004732267431
2006-12-01,Chile,0.3123943115173369
2007-01-01,Chile,0.2381288474368934
2007-02-01,Chile,0.1665882962855409
2007-03-01,Chile,0.226366822845703
2007-04-01,Chile,0.2709938823512863
2007-05-01,Chile,0.1266890837473569
2007-06-01,Chile,0.09032671001602588
2007-07-01,Chile,-0.06865582462743669
2007-08-01,Chile,0.01177415420487438
2007-09-01,Chile,-0.03876853783739043
2007-10-01,Chile,-0.1432240654315846
2007-11-01,Chile,-0.4213164014930295
2007-12-01,Chile,-0.3794254513730863
2008-01-01,Chile,-0.3530358761089885
2008-02-01,Chile,-0.2705613921666397
2008-03-01,Chile,-0.3006616198869571
2008-04-01,Chile,-0.3304120982442195
2008-05-01,Chile,-0.2714305133711855
2008-06-01,Chile,-0.1216021583416502
2008-07-01,Chile,0.01983685390674417
2008-08-01,Chile,-0.01064036937000901
2008-09-01,Chile,0.001446278182280603
2008-10-01,Chile,0.2010400118874911
2008-11-01,Chile,0.6247159770626856
2008-12-01,Chile,0.7653514993670016
2009-01-01,Chile,0.8671496980696927
2009-02-01,Chile,0.7391195316755703
2009-03-01,Chile,0.7322270211065094
2009-04-01,Chile,0.6479891940952547
2009-05-01,Chile,0.5870865786652189
2009-06-01,Chile,0.3068415711249217
2009-07-01,Chile,0.2581125165339737
2009-08-01,Chile,0.370714511979779
2009-09-01,Chile,0.5383161593761696
2009-10-01,Chile,0.5790038024722644
2009-11-01,Chile,0.5922804625273628
2009-12-01,Chile,0.5230625664032071
2010-01-01,Chile,0.4480475270229036
2010-02-01,Chile,0.2758208121102734
2010-03-01,Chile,0.2543855300019877
2010-04-01,Chile,0.330270667509353
2010-05-01,Chile,0.4033660401578723
2010-06-01,Chile,0.4200332805114928
2010-07-01,Chile,0.4076246610792731
2010-08-01,Chile,0.1884841028206476
2010-09-01,Chile,0.05906588769802479
2010-10-01,Chile,-0.2169125102159933
2010-11-01,Chile,-0.08786007113106975
2010-12-01,Chile,-0.1784218454412154
2011-01-01,Chile,-0.1999594240006245
2011-02-01,Chile,-0.05458227112869152
2011-03-01,Chile,0.05926141000858109
2011-04-01,Chile,0.02348796381904128
2011-05-01,Chile,-0.07704818599162133
2011-06-01,Chile,-0.1867737057486674
2011-07-01,Chile,-0.1416005773683142
2011-08-01,Chile,-0.09544571909167365
2011-09-01,Chile,-0.06673821059080032
2011-10-01,Chile,0.1782522138048088
2011-11-01,Chile,-0.0189829611127964
2011-12-01,Chile,0.04361985520371237
2012-01-01,Chile,0.08336497452459746
2012-02-01,Chile,0.08433302881371896
2012-03-01,Chile,-0.01492331658249024
2012-04-01,Chile,-0.03928916086284406
2012-05-01,Chile,-0.05637255366401517
2012-06-01,Chile,-0.007940014230187198
2012-07-01,Chile,-0.1006191366288525
2012-08-01,Chile,-0.180451055338101
2012-09-01,Chile,-0.1838790511737114
2012-10-01,Chile,-0.16089491591142
2012-11-01,Chile,-0.1403998813325097
2012-12-01,Chile,-0.1677824673078253
2013-01-01,Chile,-0.2140479696745767
2013-02-01,Chile,-0.3597751939464823
2013-03-01,Chile,-0.2996301639418235
2013-04-01,Chile,-0.2645584997214226
2013-05-01,Chile,-0.2290121292553651
2013-06-01,Chile,-0.1450941045751778
2013-07-01,Chile,-0.1164252015039259
2013-08-01,Chile,-0.07476229821455593
2013-09-01,Chile,-0.06210567334280914
2013-10-01,Chile,-0.1369785214687357
2013-11-01,Chile,-0.1495936174867871
2013-12-01,Chile,-0.09956039757470425
2014-01-01,Chile,-0.1219679916065489
2014-02-01,Chile,-0.03693325226452604
2014-03-01,Chile,-0.0578404987870661
2014-04-01,Chile,-0.1011116671695725
2014-05-01,Chile,-0.06983588063361124
2014-06-01,Chile,-0.0977032089194263
2014-07-01,Chile,-0.1506087199483539
2014-08-01,Chile,-0.1544568005326303
2014-09-01,Chile,-0.1807082650738161
2014-10-01,Chile,-0.2043563159005595
2014-11-01,Chile,-0.15292817844295
2014-12-01,Chile,-0.2106720766715371
2015-01-01,Chile,-0.1684694862690089
2015-02-01,Chile,-0.126937840469714
2015-03-01,Chile,-0.162594282721812
2015-04-01,Chile,-0.05965426644260363
2015-05-01,Chile,-0.08016280533457176
2015-06-01,Chile,-0.1287970270344244
2015-07-01,Chile,-0.00640539925784378
2015-08-01,Chile,0.08000999945751963
2015-09-01,Chile,0.07358648636842369
2015-10-01,Chile,0.1301463336536686
2015-11-01,Chile,0.1527346767346023
2015-12-01,Chile,0.1859935373647807
2016-01-01,Chile,0.1681544057818407
2016-02-01,Chile,0.211992844073585
2016-03-01,Chile,0.2279270053072828
2016-04-01,Chile,0.1978826588650928
2016-05-01,Chile,0.1544206166691484
2016-06-01,Chile,0.2395331548449842
2016-07-01,Chile,0.1508656018187398
2016-08-01,Chile,0.2168718272143233
2016-09-01,Chile,0.3380342059780406
2016-10-01,Chile,0.3691083729652667
2016-11-01,Chile,0.332536448641173
2016-12-01,Chile,0.2361780574029759
2017-01-01,Chile,0.4357203760997512
2017-02-01,Chile,0.4716460921663259
2017-03-01,Chile,0.3743756046421687
2017-04-01,Chile,0.2565405773906679
2017-05-01,Chile,0.2909689515215825
2017-06-01,Chile,0.1804427011855403
2017-07-01,Chile,0.1357793565276493
2017-08-01,Chile,0.09016623738618956
2017-09-01,Chile,-0.05753608627214579
2017-10-01,Chile,-0.04753781634965271
2017-11-01,Chile,-0.1683523840260507
2017-12-01,Chile,-0.02657729248323049
2018-01-01,Chile,-0.1891126261961426
2018-02-01,Chile,-0.1513002349225322
2018-03-01,Chile,-0.1430618371646808
2018-04-01,Chile,-0.1671462223421446
2018-05-01,Chile,-0.1968032912918446
2018-06-01,Chile,-0.2028179144860117
2018-07-01,Chile,-0.1119743284663646
2018-08-01,Chile,-0.1924478653073921
2018-09-01,Chile,-0.1708825867425607
2018-10-01,Chile,-0.1604085538961849
2018-11-01,Chile,-0.1481133445910147
2018-12-01,Chile,-0.2705958922146872
2019-01-01,Chile,-0.1617947154029455
2019-02-01,Chile,-0.31068657857758
2019-03-01,Chile,-0.3776597303479591
2019-04-01,Chile,-0.4648358450707435
2019-05-01,Chile,-0.3666091585642824
2019-06-01,Chile,-0.3446608790302873
2019-07-01,Chile,-0.3426014355645367
2019-08-01,Chile,-0.2343567952476552
2019-09-01,Chile,-0.2616173053071936
2019-10-01,Chile,-0.3205985586600928
2019-11-01,Chile,-0.2706746065658917
2019-12-01,Chile,-0.05542012033147181
2020-01-01,Chile,-0.04185135605976587
2020-02-01,Chile,0.03774351241234886
2020-03-01,Chile,0.276981834965476
2020-04-01,Chile,0.6831407682913582
2020-05-01,Chile,0.317262060074069
2020-06-01,Chile,0.3512259537797233
2020-07-01,Chile,0.2497765065856137
2020-08-01,Chile,0.06352977821334171
2020-09-01,Chile,0.2340439512039221
2020-10-01,Chile,0.2047699077888812
2020-11-01,Chile,0.1320784645225663
2020-12-01,Chile,0.04904158148730464
2021-01-01,Chile,-0.1470155249650699
2021-02-01,Chile,-0.04009274621076986
2021-03-01,Chile,-0.07899750623875657
2021-04-01,Chile,-0.05324811779634486
2021-05-01,Chile,-0.0752327019703879
2021-06-01,Chile,0.1305612144469375
2021-07-01,Chile,-0.06199675201257449
2021-08-01,Chile,0.1190957243837889
2021-09-01,Chile,0.09826436578326492
2021-10-01,Chile,0.04855561329214608
2021-11-01,Chile,0.1502228064633837
2021-12-01,Chile,0.1494286173518213
2022-01-01,Chile,0.2328111091064926
2022-02-01,Chile,0.2094803070290485
2022-03-01,Chile,0.1201158072817605
2022-04-01,Chile,0.004356729566663331
2022-05-01,Chile,0.1094820245457209
2022-06-01,Chile,-0.08223708507928229
2022-07-01,Chile,0.2190182394745055
2022-08-01,Chile,0.1493438291907045
2022-09-01,Chile,0.01304956314870087
2022-10-01,Chile,0.06644440232243998
2022-11-01,Chile,-0.05785127504727061
2022-12-01,Chile,-0.01610287676936917
2023-01-01,Chile,0.06351128572942422
2023-02-01,Chile,-0.1427795283926521
2023-03-01,Chile,-0.0565134105680295
2023-04-01,Chile,-0.03557952115429519
2023-05-01,Chile,-0.02378934328628612
2023-06-01,Chile,0.05446818486251637
2023-07-01,Chile,-0.07814438434774074
2023-08-01,Chile,-0.1338452179202392
2023-09-01,Chile,-0.011547318530436
2023-10-01,Chile,0.07485615268546342
2023-11-01,Chile,0.1197002823434357
2023-12-01,Chile,-0.005636223752369496
2024-01-01,Chile,-0.06107595929233556
2024-02-01,Chile,0.1478919263042013
2024-03-01,Chile,0.1310301902852815
2024-04-01,Chile,0.1586945232737722
2024-05-01,Chile,0.2091659797793366
2024-06-01,Chile,0.1633300773629711
2024-07-01,Chile,0.2948191287425403
2024-08-01,Chile,0.2369622514828198
2024-09-01,Chile,0.3304353865942498
2024-10-01,Chile,0.2907567444647217
2024-11-01,Chile,0.4597173234025496
2024-12-01,Chile,0.614831733097486
2025-01-01,Chile,0.7362893986490293
2025-02-01,Chile,0.8068362510215776
2025-03-01,Chile,0.6267059720604569
2025-04-01,Chile,0.4421822445630272
2025-05-01,Chile,0.4619153684743751
2025-06-01,Chile,0.4362036161402854
2025-07-01,Chile,0.3351827772517582
2025-08-01,Chile,0.4013996300407907
2025-09-01,Chile,
2025-10-01,Chile,
2025-11-01,Chile,
2025-12-01,Chile,
2026-01-01,Chile,
2026-02-01,Chile,
2026-03-01,Chile,
2026-04-01,Chile,
2026-05-01,Chile,
2026-06-01,Chile,
2026-07-01,Chile,
2026-08-01,Chile,
2000-02-01,Indonesia,-0.5206093189964158
2000-03-01,Indonesia,-0.4777887462981244
2000-04-01,Indonesia,-0.5721393034825871
2000-05-01,Indonesia,-0.589041095890411
2000-06-01,Indonesia,-0.3131782945736434
2000-07-01,Indonesia,-0.3490959666203061
2000-08-01,Indonesia,-0.158284023668639
2000-09-01,Indonesia,-0.1286549707602339
2000-10-01,Indonesia,-0.1864406779661016
2000-11-01,Indonesia,-0.1669865642994242
2000-12-01,Indonesia,-0.2201492537313434
2001-01-01,Indonesia,-0.08659793814432992
2001-02-01,Indonesia,0.01308411214953265
2001-03-01,Indonesia,0.03591682419659725
2001-04-01,Indonesia,0.430232558139535
2001-05-01,Indonesia,1.027777777777778
2001-06-01,Indonesia,0.7629796839729122
2001-07-01,Indonesia,0.5662393162393162
2001-08-01,Indonesia,0.1968365553602811
2001-09-01,Indonesia,0.1057046979865772
2001-10-01,Indonesia,0.2833333333333334
2001-11-01,Indonesia,0.1728110599078341
2001-12-01,Indonesia,0.361244019138756
2002-01-01,Indonesia,0.4288939051918734
2002-02-01,Indonesia,0.02214022140221394
2002-03-01,Indonesia,0.0492700729927007
2002-04-01,Indonesia,-0.05365853658536579
2002-05-01,Indonesia,-0.0438356164383561
2002-06-01,Indonesia,0.04737516005121623
2002-07-01,Indonesia,0.1718963165075034
2002-08-01,Indonesia,0.2011747430249633
2002-09-01,Indonesia,0.2640364188163884
2002-10-01,Indonesia,0.599025974025974
2002-11-01,Indonesia,0.9882121807465618
2002-12-01,Indonesia,0.759226713532513
2003-01-01,Indonesia,0.7819905213270144
2003-02-01,Indonesia,1.243682310469314
2003-03-01,Indonesia,1.16695652173913
2003-04-01,Indonesia,1.049828178694158
2003-05-01,Indonesia,0.8553008595988538
2003-06-01,Indonesia,0.4034229828850857
2003-07-01,Indonesia,0.329452852153667
2003-08-01,Indonesia,0.5122249388753057
2003-09-01,Indonesia,0.4705882352941175
2003-10-01,Indonesia,0.3989847715736041
2003-11-01,Indonesia,0.4436758893280632
2003-12-01,Indonesia,0.7182817182817183
2004-01-01,Indonesia,0.5221631205673758
2004-02-01,Indonesia,0.4609814963797267
2004-03-01,Indonesia,0.4678972712680578
2004-04-01,Indonesia,0.5171835708298407
2004-05-01,Indonesia,0.3328185328185329
2004-06-01,Indonesia,0.6071428571428572
2004-07-01,Indonesia,0.6611208406304729
2004-08-01,Indonesia,0.6483427647534357
2004-09-01,Indonesia,0.4032653061224489
2004-10-01,Indonesia,0.283744557329463
2004-11-01,Indonesia,0.1752224503764543
2004-12-01,Indonesia,0.06104651162790709
2005-01-01,Indonesia,0.1578334304018638
2005-02-01,Indonesia,0.2312775330396475
2005-03-01,Indonesia,0.2329141607435756
2005-04-01,Indonesia,0.3790055248618784
2005-05-01,Indonesia,0.648899188876014
2005-06-01,Indonesia,0.3246612466124661
2005-07-01,Indonesia,0.2920400632577755
2005-08-01,Indonesia,0.2790583619421283
2005-09-01,Indonesia,0.6096567771960442
2005-10-01,Indonesia,0.6427360090446581
2005-11-01,Indonesia,0.7524752475247525
2005-12-01,Indonesia,0.8120547945205479
2006-01-01,Indonesia,0.7484909456740443
2006-02-01,Indonesia,0.4803220035778177
2006-03-01,Indonesia,0.4168514412416851
2006-04-01,Indonesia,0.3641826923076925
2006-05-01,Indonesia,0.2972593113141249
2006-06-01,Indonesia,0.578559738134206
2006-07-01,Indonesia,0.6201550387596899
2006-08-01,Indonesia,0.6637269938650308
2006-09-01,Indonesia,0.4741597397903867
2006-10-01,Indonesia,0.5781142463867859
2006-11-01,Indonesia,0.7703555998670653
2006-12-01,Indonesia,0.6238282431206532
2007-01-01,Indonesia,0.554085155350978
2007-02-01,Indonesia,0.6003021148036252
2007-03-01,Indonesia,0.7890453834115805
2007-04-01,Indonesia,0.483994126284875
2007-05-01,Indonesia,0.2873781148429038
2007-06-01,Indonesia,0.2864178330741318
2007-07-01,Indonesia,0.2143037018383278
2007-08-01,Indonesia,0.1122378428209263
2007-09-01,Indonesia,0.1037018877175779
2007-10-01,Indonesia,-0.2361535106846926
2007-11-01,Indonesia,-0.5933921531819035
2007-12-01,Indonesia,-0.6452513966480447
2008-01-01,Indonesia,-0.5784894483524621
2008-02-01,Indonesia,-0.5888238625637152
2008-03-01,Indonesia,-0.6539538138558432
2008-04-01,Indonesia,-0.5321591133979814
2008-05-01,Indonesia,-0.3477803492531033
2008-06-01,Indonesia,-0.3002216401370139
2008-07-01,Indonesia,-0.2310244711737868
2008-08-01,Indonesia,-0.04330708661417315
2008-09-01,Indonesia,0.01799200355397601
2008-10-01,Indonesia,0.4621752783328574
2008-11-01,Indonesia,1.27746999076639
2008-12-01,Indonesia,1.671916010498688
2009-01-01,Indonesia,1.358805445761968
2009-02-01,Indonesia,1.524793388429752
2009-03-01,Indonesia,1.674418604651163
2009-04-01,Indonesia,1.51015228426396
2009-05-01,Indonesia,1.030645161290322
2009-06-01,Indonesia,0.6737690757270374
2009-07-01,Indonesia,0.6728694714131604
2009-08-01,Indonesia,0.4294996751137103
2009-09-01,Indonesia,0.3962469997818023
2009-10-01,Indonesia,0.4279578289730575
2009-11-01,Indonesia,0.5248327589702007
2009-12-01,Indonesia,0.3726915520628684
2010-01-01,Indonesia,0.3556134797989201
2010-02-01,Indonesia,0.1883978905255499
2010-03-01,Indonesia,0.3111531190926276
2010-04-01,Indonesia,0.2800808897876643
2010-05-01,Indonesia,0.2673550436854646
2010-06-01,Indonesia,0.3817306038190262
2010-07-01,Indonesia,0.3216185716588749
2010-08-01,Indonesia,0.3328787878787878
2010-09-01,Indonesia,0.2614471011095483
2010-10-01,Indonesia,-0.004375170905113634
2010-11-01,Indonesia,0.05264557298590788
2010-12-01,Indonesia,0.07141834836124228
2011-01-01,Indonesia,0.05232797692624636
2011-02-01,Indonesia,0.2252486610558531
2011-03-01,Indonesia,0.142156862745098
2011-04-01,Indonesia,0.05621379673512372
2011-05-01,Indonesia,0.001880170468789188
2011-06-01,Indonesia,-0.1242529880478087
2011-07-01,Indonesia,-0.08770431812637225
2011-08-01,Indonesia,-0.09855632602023412
2011-09-01,Indonesia,-0.05376610505450941
2011-10-01,Indonesia,0.1017577588574567
2011-11-01,Indonesia,0.0442030815862593
2011-12-01,Indonesia,0.06745925728025637
2012-01-01,Indonesia,0.06108065779169913
2012-02-01,Indonesia,0.0424628450106157
2012-03-01,Indonesia,0.1543802070184297
2012-04-01,Indonesia,0.1493207029789356
2012-05-01,Indonesia,0.177405229575879
2012-06-01,Indonesia,0.285754904748365
2012-07-01,Indonesia,0.1525605027410082
2012-08-01,Indonesia,0.01475409836065555
2012-09-01,Indonesia,-0.1385179366326263
2012-10-01,Indonesia,-0.1769911504424779
2012-11-01,Indonesia,-0.132801161103048
2012-12-01,Indonesia,-0.1993492679264172
2013-01-01,Indonesia,-0.2345633456334564
2013-02-01,Indonesia,-0.2194800527135499
2013-03-01,Indonesia,-0.2148715144887917
2013-04-01,Indonesia,-0.1809998915518924
2013-05-01,Indonesia,-0.1838274359791734
2013-06-01,Indonesia,-0.1471693940734189
2013-07-01,Indonesia,-0.1141531322505801
2013-08-01,Indonesia,0.02646949173605062
2013-09-01,Indonesia,0.2376899696048631
2013-10-01,Indonesia,0.1971830985915493
2013-11-01,Indonesia,0.106694560669456
2013-12-01,Indonesia,0.2477336667708658
2014-01-01,Indonesia,0.2752691627832236
2014-02-01,Indonesia,0.1990790483499616
2014-03-01,Indonesia,0.1097493036211699
2014-04-01,Indonesia,0.07891949152542366
2014-05-01,Indonesia,-0.0429631558390835
2014-06-01,Indonesia,-0.01841047582004407
2014-07-01,Indonesia,-0.08184913567312735
2014-08-01,Indonesia,-0.187409200968523
2014-09-01,Indonesia,-0.2492632612966601
2014-10-01,Indonesia,-0.3259962049335863
2014-11-01,Indonesia,-0.2238185255198487
2014-12-01,Indonesia,-0.2339972441438055
2015-01-01,Indonesia,-0.1939264112903225
2015-02-01,Indonesia,-0.1577060931899641
2015-03-01,Indonesia,-0.1265060240963856
2015-04-01,Indonesia,-0.111561119293078
2015-05-01,Indonesia,-0.03836212760168689
2015-06-01,Indonesia,-0.09628846915863154
2015-07-01,Indonesia,0.06946227357010426
2015-08-01,Indonesia,0.1804231227651967
2015-09-01,Indonesia,0.3102715080143932
2015-10-01,Indonesia,0.5412912912912913
2015-11-01,Indonesia,0.3320344211722683
2015-12-01,Indonesia,0.1689288634505315
2016-01-01,Indonesia,0.1760200093793964
2016-02-01,Indonesia,0.1496960486322187
2016-03-01,Indonesia,0.1119252873563219
2016-04-01,Indonesia,0.1185246581019477
2016-05-01,Indonesia,0.1836186164945537
2016-06-01,Indonesia,0.2554808535515931
2016-07-01,Indonesia,0.1747132568684984
2016-08-01,Indonesia,0.1139719803104886
2016-09-01,Indonesia,0.09749094994382723
2016-10-01,Indonesia,0.0613735996103264
2016-11-01,Indonesia,0.06362749878108254
2016-12-01,Indonesia,0.2141857862339116
2017-01-01,Indonesia,0.2524258939252959
2017-02-01,Indonesia,0.2853932584269665
2017-03-01,Indonesia,0.2161778007494508
2017-04-01,Indonesia,0.08558725453871818
2017-05-01,Indonesia,0.0005975857535556184
2017-06-01,Indonesia,-0.03457508731082648
2017-07-01,Indonesia,-0.1227293369663942
2017-08-01,Indonesia,-0.1025379560389758
2017-09-01,Indonesia,-0.09974977252047312
2017-10-01,Indonesia,-0.1000458926112896
2017-11-01,Indonesia,-0.1289250515700207
2017-12-01,Indonesia,-0.01785920036870603
2018-01-01,Indonesia,-0.0945659095733391
2018-02-01,Indonesia,-0.03465651995063768
2018-03-01,Indonesia,-0.05737356566085849
2018-04-01,Indonesia,0.02093287827076229
2018-05-01,Indonesia,0.08647873865265154
2018-06-01,Indonesia,0.06282406849149869
2018-07-01,Indonesia,0.2051248867607092
2018-08-01,Indonesia,0.1916424693851786
2018-09-01,Indonesia,0.1495893872394189
2018-10-01,Indonesia,0.12697603263641
2018-11-01,Indonesia,0.1907643731088016
2018-12-01,Indonesia,0.03413890192397928
2019-01-01,Indonesia,0.1050287187902943
2019-02-01,Indonesia,-0.02993501651219777
2019-03-01,Indonesia,-0.08814247069431913
2019-04-01,Indonesia,-0.3597058168041007
2019-05-01,Indonesia,-0.3031002638522426
2019-06-01,Indonesia,-0.2510778307238484
2019-07-01,Indonesia,-0.2443084192439863
2019-08-01,Indonesia,-0.218879118550694
2019-09-01,Indonesia,-0.1649631827673371
2019-10-01,Indonesia,-0.2487556561085973
2019-11-01,Indonesia,-0.205944094575185
2019-12-01,Indonesia,-0.06398184912081684
2020-01-01,Indonesia,-0.07160284289805874
2020-02-01,Indonesia,-0.06665934548649244
2020-03-01,Indonesia,0.05723114956736697
2020-04-01,Indonesia,0.4039331709014966
2020-05-01,Indonesia,0.2766997949203345
2020-06-01,Indonesia,0.2419330404484168
2020-07-01,Indonesia,0.0896688929941738
2020-08-01,Indonesia,0.02468466024684668
2020-09-01,Indonesia,0.0754145827849435
2020-10-01,Indonesia,0.2687848215630175
2020-11-01,Indonesia,0.2650619173507722
2020-12-01,Indonesia,0.07477881468912861
2021-01-01,Indonesia,0.02593692870201103
2021-02-01,Indonesia,0.06494881750794224
2021-03-01,Indonesia,0.1153981059277447
2021-04-01,Indonesia,0.2233791992066443
2021-05-01,Indonesia,0.2628197207463239
2021-06-01,Indonesia,0.2112710417174921
2021-07-01,Indonesia,0.1707094418362025
2021-08-01,Indonesia,0.2259430840502978
2021-09-01,Indonesia,0.1945906253824501
2021-10-01,Indonesia,0.1492997863755043
2021-11-01,Indonesia,0.06709194896612392
2021-12-01,Indonesia,0.1070139828597203
2022-01-01,Indonesia,0.04588484241006796
2022-02-01,Indonesia,0.0652966523036127
2022-03-01,Indonesia,0.003039832285115285
2022-04-01,Indonesia,0.01084203060087141
2022-05-01,Indonesia,0.03982387475538163
2022-06-01,Indonesia,0.03635448136958708
2022-07-01,Indonesia,0.1489361702127661
2022-08-01,Indonesia,0.1244871518030664
2022-09-01,Indonesia,0.05296588464296703
2022-10-01,Indonesia,0.02395704254440312
2022-11-01,Indonesia,-0.06369820655534941
2022-12-01,Indonesia,-0.01263115004583881
2023-01-01,Indonesia,0.08114151847513584
2023-02-01,Indonesia,0.03526239369425443
2023-03-01,Indonesia,0.07555648448113694
2023-04-01,Indonesia,0.04220128307939053
2023-05-01,Indonesia,-0.1047332266867412
2023-06-01,Indonesia,-0.1328345155961519
2023-07-01,Indonesia,-0.1127593562148537
2023-08-01,Indonesia,-0.08987037926068187
2023-09-01,Indonesia,0.009632224168126147
2023-10-01,Indonesia,0.06111335215812819
2023-11-01,Indonesia,0.1039189784236019
2023-12-01,Indonesia,-0.0467347570411637
2024-01-01,Indonesia,-0.1293213828425097
2024-02-01,Indonesia,-0.1139050290522942
2024-03-01,Indonesia,-0.275456665371162
2024-04-01,Indonesia,-0.240934885062999
2024-05-01,Indonesia,-0.1271809964263191
2024-06-01,Indonesia,0.01434334379202151
2024-07-01,Indonesia,-0.05081411867555452
2024-08-01,Indonesia,-0.1002215423567887
2024-09-01,Indonesia,-0.1717259323503904
2024-10-01,Indonesia,-0.2058544003041247
2024-11-01,Indonesia,-0.1317311527722377
2024-12-01,Indonesia,-0.04491341991342002
2025-01-01,Indonesia,-0.00825791855203617
2025-02-01,Indonesia,-0.05404183154324471
2025-03-01,Indonesia,0.1060748290197129
2025-04-01,Indonesia,-0.1123922959959452
2025-05-01,Indonesia,-0.2191714836223507
2025-06-01,Indonesia,-0.3715201060539108
2025-07-01,Indonesia,-0.4044439327653696
2025-08-01,Indonesia,-0.3254777816860124
2025-09-01,Indonesia,
2025-10-01,Indonesia,
2025-11-01,Indonesia,
2025-12-01,Indonesia,
2026-01-01,Indonesia,
2026-02-01,Indonesia,
2026-03-01,Indonesia,
2026-04-01,Indonesia,
2026-05-01,Indonesia,
2026-06-01,Indonesia,
2026-07-01,Indonesia,
2026-08-01,Indonesia,
2000-02-01,Philippines,-0.2807829393400647
2000-03-01,Philippines,-0.1899848561332661
2000-04-01,Philippines,-0.2830475452143666
2000-05-01,Philippines,-0.2552683415315882
2000-06-01,Philippines,-0.1600476955273276
2000-07-01,Philippines,-0.1750138651105592
2000-08-01,Philippines,-0.07662657382007465
2000-09-01,Philippines,-0.1881462405868353
2000-10-01,Philippines,-0.1920745460696968
2000-11-01,Philippines,-0.140318679999314
2000-12-01,Philippines,-0.1461578640120442
2001-01-01,Philippines,-0.1903364412491575
2001-02-01,Philippines,-0.2032549172669104
2001-03-01,Philippines,-0.1382490776747431
2001-04-01,Philippines,-0.01050010670840151
2001-05-01,Philippines,-0.05883917489213308
2001-06-01,Philippines,-0.1189848480458905
2001-07-01,Philippines,-0.2276766141525152
2001-08-01,Philippines,-0.2186233584204271
2001-09-01,Philippines,-0.2073180500152192
2001-10-01,Philippines,-0.1240425049292456
2001-11-01,Philippines,-0.1133633933202984
2001-12-01,Philippines,-0.2254947822957898
2002-01-01,Philippines,-0.2885485856991727
2002-02-01,Philippines,-0.3655810225046019
2002-03-01,Philippines,-0.4213624529939253
2002-04-01,Philippines,-0.4104418594619466
2002-05-01,Philippines,-0.3121958112224071
2002-06-01,Philippines,-0.2841828345938836
2002-07-01,Philippines,-0.04244327965636652
2002-08-01,Philippines,-0.01220558415223827
2002-09-01,Philippines,-0.03088116410670982
2002-10-01,Philippines,0.05169116768256243
2002-11-01,Philippines,0.2682043204320432
2002-12-01,Philippines,0.2152763258763675
2003-01-01,Philippines,0.4252980035589793
2003-02-01,Philippines,0.4243863631045699
2003-03-01,Philippines,0.4724923138450772
2003-04-01,Philippines,0.378420564850495
2003-05-01,Philippines,0.4212376452327149
2003-06-01,Philippines,0.4000367511944138
2003-07-01,Philippines,0.2632400600743026
2003-08-01,Philippines,0.2554774781887805
2003-09-01,Philippines,0.3012595929262594
2003-10-01,Philippines,0.3359471182074738
2003-11-01,Philippines,0.3012296172749693
2003-12-01,Philippines,0.4112474672171884
2004-01-01,Philippines,0.2618436805199247
2004-02-01,Philippines,0.3756612018267242
2004-03-01,Philippines,0.4778305890341199
2004-04-01,Philippines,0.4366219611451221
2004-05-01,Philippines,0.2572474824534636
2004-06-01,Philippines,0.331703635647723
2004-07-01,Philippines,0.2333359405553384
2004-08-01,Philippines,0.2518827136231427
2004-09-01,Philippines,0.243517420430142
2004-10-01,Philippines,0.1152777383956674
2004-11-01,Philippines,0.1109005127086289
2004-12-01,Philippines,0.2239394267757491
2005-01-01,Philippines,0.243534833288154
2005-02-01,Philippines,0.1482052016909077
2005-03-01,Philippines,0.1048139767284255
2005-04-01,Philippines,0.2557423486667898
2005-05-01,Philippines,0.3027976494634643
2005-06-01,Philippines,0.2612787975853146
2005-07-01,Philippines,0.2096624852551339
2005-08-01,Philippines,0.3772762665461029
2005-09-01,Philippines,0.4030260461639581
2005-10-01,Philippines,0.5470412508739593
2005-11-01,Philippines,0.5958708220304656
2005-12-01,Philippines,0.4786024944389726
2006-01-01,Philippines,0.5959257967476133
2006-02-01,Philippines,0.6780547668819488
2006-03-01,Philippines,0.5754387424103802
2006-04-01,Philippines,0.5645743428795607
2006-05-01,Philippines,0.613651294823647
2006-06-01,Philippines,0.782980718513743
2006-07-01,Philippines,1.027775738956286
2006-08-01,Philippines,0.7330646411409085
2006-09-01,Philippines,0.6342626188398475
2006-10-01,Philippines,0.5853588390934938
2006-11-01,Philippines,0.6082344978233114
2006-12-01,Philippines,0.497926770852045
2007-01-01,Philippines,0.4168334209789444
2007-02-01,Philippines,0.1915525255655406
2007-03-01,Philippines,0.2140867935485575
2007-04-01,Philippines,0.08579273338181093
2007-05-01,Philippines,-0.05255674049767567
2007-06-01,Philippines,-0.146451697728692
2007-07-01,Philippines,-0.3290639171419558
2007-08-01,Philippines,-0.2616752604440703
2007-09-01,Philippines,-0.1961453286419281
2007-10-01,Philippines,-0.3037706999766762
2007-11-01,Philippines,-0.5141252935296734
2007-12-01,Philippines,-0.4950458440552628
2008-01-01,Philippines,-0.5187436432610131
2008-02-01,Philippines,-0.4918312467166345
2008-03-01,Philippines,-0.4668348072815033
2008-04-01,Philippines,-0.3837711448530686
2008-05-01,Philippines,-0.2645591215782858
2008-06-01,Philippines,-0.1422996694586182
2008-07-01,Philippines,0.02258907308501534
2008-08-01,Philippines,0.1004304262930604
2008-09-01,Philippines,0.06911765734143493
2008-10-01,Philippines,0.1321551140128194
2008-11-01,Philippines,0.5254102152707372
2008-12-01,Philippines,0.6171642307958718
2009-01-01,Philippines,0.6814503205128206
2009-02-01,Philippines,0.619658338365797
2009-03-01,Philippines,0.7029606068020553
2009-04-01,Philippines,0.6525291136157096
2009-05-01,Philippines,0.6152075139316457
2009-06-01,Philippines,0.3263840040708204
2009-07-01,Philippines,0.3637590063609779
2009-08-01,Philippines,0.2115542776471808
2009-09-01,Philippines,0.2928869471949354
2009-10-01,Philippines,0.5481164394821114
2009-11-01,Philippines,0.5499867717185796
2009-12-01,Philippines,0.2723139712046208
2010-01-01,Philippines,0.3538802449426957
2010-02-01,Philippines,0.2868066658661899
2010-03-01,Philippines,0.20259219348659
2010-04-01,Philippines,0.2539714036261382
2010-05-01,Philippines,0.2655349844231714
2010-06-01,Philippines,0.2668772919605078
2010-07-01,Philippines,0.2588243096121008
2010-08-01,Philippines,0.3028430623186005
2010-09-01,Philippines,0.1801300048056251
2010-10-01,Philippines,-0.09971712057629245
2010-11-01,Philippines,-0.02484148824119592
2010-12-01,Philippines,0.05584010234065784
2011-01-01,Philippines,0.001020749370831187
2011-02-01,Philippines,0.2337555187773483
2011-03-01,Philippines,0.314340330842638
2011-04-01,Philippines,0.2509460491990794
2011-05-01,Philippines,0.2131267838782205
2011-06-01,Philippines,0.2122340283406219
2011-07-01,Philippines,0.26838701746838
2011-08-01,Philippines,0.2049601017456768
2011-09-01,Philippines,0.2301730863202656
2011-10-01,Philippines,0.4197226822168438
2011-11-01,Philippines,0.3239595963045816
2011-12-01,Philippines,0.4878065444740005
2012-01-01,Philippines,0.4756984124193464
2012-02-01,Philippines,0.4386615768586226
2012-03-01,Philippines,0.4877322687917101
2012-04-01,Philippines,0.4415840224368239
2012-05-01,Philippines,0.4424328107305888
2012-06-01,Philippines,0.4600127841535273
2012-07-01,Philippines,0.2656922230259902
2012-08-01,Philippines,0.2708280133331971
2012-09-01,Philippines,0.1528648882198806
2012-10-01,Philippines,0.1501181365332658
2012-11-01,Philippines,0.2038894746855238
2012-12-01,Philippines,0.07710346896726983
2013-01-01,Philippines,-0.02033388434675121
2013-02-01,Philippines,-0.08780041060035093
2013-03-01,Philippines,-0.0783426680244399
2013-04-01,Philippines,-0.08978637096390041
2013-05-01,Philippines,-0.07772278434719015
2013-06-01,Philippines,-0.03128074417574778
2013-07-01,Philippines,0.08357306935025166
2013-08-01,Philippines,0.06547156566982659
2013-09-01,Philippines,0.240842886632836
2013-10-01,Philippines,0.1910042560322687
2013-11-01,Philippines,0.09797803127904459
2013-12-01,Philippines,0.1796608531538497
2014-01-01,Philippines,0.2641722252962744
2014-02-01,Philippines,0.3461079987503375
2014-03-01,Philippines,0.2471390255422938
2014-04-01,Philippines,0.2623534661319467
2014-05-01,Philippines,0.1766929616783692
2014-06-01,Philippines,0.1446255983750691
2014-07-01,Philippines,0.1003076410568315
2014-08-01,Philippines,0.08339053970121935
2014-09-01,Philippines,-0.02831574306599216
2014-10-01,Philippines,-0.05020584517822546
2014-11-01,Philippines,-0.02011323912189678
2014-12-01,Philippines,-0.06872224618283373
2015-01-01,Philippines,-0.06019831220584437
2015-02-01,Philippines,-0.1656095016415162
2015-03-01,Philippines,-0.1795489681017414
2015-04-01,Philippines,-0.08642716095176795
2015-05-01,Philippines,-0.0925928422187774
2015-06-01,Philippines,-0.03971344416154954
2015-07-01,Philippines,0.0133604901063562
2015-08-01,Philippines,0.05005500805392171
2015-09-01,Philippines,0.1126981580451414
2015-10-01,Philippines,0.07631006262962692
2015-11-01,Philippines,0.01458609255036314
2015-12-01,Philippines,-0.06156357775069787
2016-01-01,Philippines,-0.06029254461612488
2016-02-01,Philippines,0.04620037807183364
2016-03-01,Philippines,0.03413042069799577
2016-04-01,Philippines,-0.07098006902399134
2016-05-01,Philippines,0.01720492403985174
2016-06-01,Philippines,-0.002916009934283537
2016-07-01,Philippines,-0.05524295401664059
2016-08-01,Philippines,-0.05710723853478683
2016-09-01,Philippines,-0.06061295569543257
2016-10-01,Philippines,0.01907998405255062
2016-11-01,Philippines,0.06482260767575432
2016-12-01,Philippines,0.2012979852005425
2017-01-01,Philippines,0.245917264178946
2017-02-01,Philippines,0.1663853095444596
2017-03-01,Philippines,0.1257925993604387
2017-04-01,Philippines,0.04143957467812931
2017-05-01,Philippines,-0.02114909515754104
2017-06-01,Philippines,-0.09511858124361594
2017-07-01,Philippines,-0.1355709682442712
2017-08-01,Philippines,-0.0891751997299427
2017-09-01,Philippines,-0.04856382965966943
2017-10-01,Philippines,-0.1500288758895637
2017-11-01,Philippines,-0.1660679185456757
2017-12-01,Philippines,-0.1313037890436738
2018-01-01,Philippines,-0.1591770450382715
2018-02-01,Philippines,-0.07682570313831283
2018-03-01,Philippines,-0.06054774001015628
2018-04-01,Philippines,0.0214418840025179
2018-05-01,Philippines,0.05467530013228683
2018-06-01,Philippines,0.112683729165139
2018-07-01,Philippines,0.2031805596742948
2018-08-01,Philippines,0.1255379166924044
2018-09-01,Philippines,0.06315930098027112
2018-10-01,Philippines,0.1356281404281667
2018-11-01,Philippines,0.1972400758233073
2018-12-01,Philippines,0.1084548382239106
2019-01-01,Philippines,0.1050260596056616
2019-02-01,Philippines,-0.06277567888922997
2019-03-01,Philippines,-0.09074394485019155
2019-04-01,Philippines,-0.2989649113903249
2019-05-01,Philippines,-0.2557645516616999
2019-06-01,Philippines,-0.2423688199681759
2019-07-01,Philippines,-0.1980475804371061
2019-08-01,Philippines,-0.2262572259622421
2019-09-01,Philippines,-0.1888146539460956
2019-10-01,Philippines,-0.1826263805723496
2019-11-01,Philippines,-0.1587240406763387
2019-12-01,Philippines,-0.06279777581279833
2020-01-01,Philippines,-0.02548118316247072
2020-02-01,Philippines,-0.02449068330924753
2020-03-01,Philippines,0.05202694999267088
2020-04-01,Philippines,0.2799689735413255
2020-05-01,Philippines,0.1722501528528844
2020-06-01,Philippines,0.2171411350580517
2020-07-01,Philippines,0.1463823064770933
2020-08-01,Philippines,0.04326958598208464
2020-09-01,Philippines,0.1523359978956291
2020-10-01,Philippines,0.1366634888120826
2020-11-01,Philippines,0.09114053930969024
2020-12-01,Philippines,0.04016570834212829
2021-01-01,Philippines,-0.03580549695123425
2021-02-01,Philippines,0.08781562180445213
2021-03-01,Philippines,0.07499122698373362
2021-04-01,Philippines,0.1019157686641332
2021-05-01,Philippines,0.01468235523030192
2021-06-01,Philippines,-0.02700633040637124
2021-07-01,Philippines,-0.1724373798899058
2021-08-01,Philippines,-0.05383447400625496
2021-09-01,Philippines,-0.1223108256862118
2021-10-01,Philippines,-0.2599966242972696
2021-11-01,Philippines,-0.2180909374339993
2021-12-01,Philippines,-0.1405620820752296
2022-01-01,Philippines,-0.1333890790195102
2022-02-01,Philippines,-0.1205017330228837
2022-03-01,Philippines,-0.1687625265532925
2022-04-01,Philippines,-0.1304436030865722
2022-05-01,Philippines,-0.04399564278275958
2022-06-01,Philippines,-0.09976389107508277
2022-07-01,Philippines,0.06169710951857588
2022-08-01,Philippines,0.0893192895893462
2022-09-01,Philippines,-0.04894189450444031
2022-10-01,Philippines,0.1874418816825099
2022-11-01,Philippines,0.02582769531551454
2022-12-01,Philippines,-0.01796184033477177
2023-01-01,Philippines,0.04211432516835045
2023-02-01,Philippines,0.001197627765232134
2023-03-01,Philippines,0.1104774390279117
2023-04-01,Philippines,0.078142787673678
2023-05-01,Philippines,0.008444072990666962
2023-06-01,Philippines,-0.009153378094838294
2023-07-01,Philippines,-0.01806832083816912
2023-08-01,Philippines,-0.01463842324997167
2023-09-01,Philippines,0.2008222249906566
2023-10-01,Philippines,0.2340039480372109
2023-11-01,Philippines,0.232571407076761
2023-12-01,Philippines,0.05032313757752549
2024-01-01,Philippines,-0.006464650944886796
2024-02-01,Philippines,-0.1099048792171353
2024-03-01,Philippines,-0.1220261854302912
2024-04-01,Philippines,-0.06306722042762647
2024-05-01,Philippines,0.04979543125191666
2024-06-01,Philippines,0.1253077106328913
2024-07-01,Philippines,0.1018229446495107
2024-08-01,Philippines,0.01395494141044473
2024-09-01,Philippines,-0.06617425651380704
2024-10-01,Philippines,-0.1619131092815304
2024-11-01,Philippines,-0.1062740011698582
2024-12-01,Philippines,-0.01182632294576924
2025-01-01,Philippines,0.01066967262743468
2025-02-01,Philippines,0.169472344037346
2025-03-01,Philippines,0.2085458390347057
2025-04-01,Philippines,-0.01663471250998272
2025-05-01,Philippines,-0.0913117161307978
2025-06-01,Philippines,-0.1074939168933946
2025-07-01,Philippines,-0.0254695646214752
2025-08-01,Philippines,0.07900658571609354
2025-09-01,Philippines,
2025-10-01,Philippines,
2025-11-01,Philippines,
2025-12-01,Philippines,
2026-01-01,Philippines,
2026-02-01,Philippines,
2026-03-01,Philippines,
2026-04-01,Philippines,
2026-05-01,Philippines,
2026-06-01,Philippines,
2026-07-01,Philippines,
2026-08-01,Philippines,
2000-02-01,Poland,-0.0792961379888657
2000-03-01,Poland,-0.2973328717026803
2000-04-01,Poland,-0.3435242245894901
2000-05-01,Poland,-0.1845210635631338
2000-06-01,Poland,-0.1661691862064656
2000-07-01,Poland,-0.2887487203744834
2000-08-01,Poland,-0.3434462742980562
2000-09-01,Poland,-0.3407220685072743
2000-10-01,Poland,-0.3254444576116445
2000-11-01,Poland,-0.05108357978665667
2000-12-01,Poland,-0.1220922634728374
2001-01-01,Poland,-0.2768145293821194
2001-02-01,Poland,-0.17283079586318
2001-03-01,Poland,-0.1300651749826899
2001-04-01,Poland,-0.07379807145114181
2001-05-01,Poland,-0.08400092042107055
2001-06-01,Poland,-0.07801582959109832
2001-07-01,Poland,-0.0825377762850521
2001-08-01,Poland,-0.09169077546631965
2001-09-01,Poland,0.0292034095992999
2001-10-01,Poland,0.05673315991709726
2001-11-01,Poland,-0.0004466702761233288
2001-12-01,Poland,0.008087608537954427
2002-01-01,Poland,0.01640039648358882
2002-02-01,Poland,-0.145264762825238
2002-03-01,Poland,-0.113488337914997
2002-04-01,Poland,-0.1523114861993985
2002-05-01,Poland,-0.08880604501659328
2002-06-01,Poland,-0.03321487760225594
2002-07-01,Poland,0.1322016084748556
2002-08-01,Poland,0.4457084472908737
2002-09-01,Poland,0.5185371592412795
2002-10-01,Poland,0.4681676511989956
2002-11-01,Poland,0.2901718767268158
2002-12-01,Poland,0.2042256218217409
2003-01-01,Poland,0.3564364193850609
2003-02-01,Poland,0.444880854295767
2003-03-01,Poland,0.5633934517073897
2003-04-01,Poland,0.6972611006114069
2003-05-01,Poland,0.4692486968592502
2003-06-01,Poland,0.3557059374304177
2003-07-01,Poland,0.4212757388027759
2003-08-01,Poland,0.2551403043818634
2003-09-01,Poland,0.1303571400361137
2003-10-01,Poland,0.3769020066423621
2003-11-01,Poland,0.4105300935997034
2003-12-01,Poland,0.5964899447677807
2004-01-01,Poland,0.6056918532806896
2004-02-01,Poland,0.4895220865370118
2004-03-01,Poland,0.7087232573531295
2004-04-01,Poland,0.4778674126470193
2004-05-01,Poland,0.3584930771038459
2004-06-01,Poland,0.3913816410144824
2004-07-01,Poland,0.4204452696241416
2004-08-01,Poland,0.5467902707159857
2004-09-01,Poland,0.6080960737212187
2004-10-01,Poland,0.6409224013588537
2004-11-01,Poland,0.3853619135632071
2004-12-01,Poland,0.3449861981084403
2005-01-01,Poland,0.2581440256028831
2005-02-01,Poland,0.4389601293551362
2005-03-01,Poland,0.2027980049014593
2005-04-01,Poland,0.3450253605230007
2005-05-01,Poland,0.7475451064081418
2005-06-01,Poland,0.4942418615253175
2005-07-01,Poland,0.3901518139643572
2005-08-01,Poland,0.5078987327068114
2005-09-01,Poland,0.3076491604007716
2005-10-01,Poland,0.1435520022182684
2005-11-01,Poland,0.3850794431313802
2005-12-01,Poland,0.4515847883750699
2006-01-01,Poland,0.3951356104310981
2006-02-01,Poland,0.3479057195756627
2006-03-01,Poland,0.2762603474007841
2006-04-01,Poland,0.4301264839705112
2006-05-01,Poland,0.3185939704615113
2006-06-01,Poland,0.5063161088158852
2006-07-01,Poland,0.5921907330993328
2006-08-01,Poland,0.3753527476998795
2006-09-01,Poland,0.4118528429800776
2006-10-01,Poland,0.53513931292551
2006-11-01,Poland,0.5820618746534889
2006-12-01,Poland,0.3235713328527858
2007-01-01,Poland,0.2791960659685022
2007-02-01,Poland,0.05695008517621036
2007-03-01,Poland,0.1567401561391057
2007-04-01,Poland,0.1170663951271171
2007-05-01,Poland,0.03570672461661539
2007-06-01,Poland,0.06232802067321175
2007-07-01,Poland,-0.09536033884671458
2007-08-01,Poland,0.0144892390065765
2007-09-01,Poland,-0.0759358632138214
2007-10-01,Poland,-0.242102908695225
2007-11-01,Poland,-0.5505314640239009
2007-12-01,Poland,-0.5723912512967306
2008-01-01,Poland,-0.5478005807900403
2008-02-01,Poland,-0.6040196068492178
2008-03-01,Poland,-0.6933472916179708
2008-04-01,Poland,-0.6742767693094316
2008-05-01,Poland,-0.5862642073636712
2008-06-01,Poland,-0.5825929851566006
2008-07-01,Poland,-0.5129759659493218
2008-08-01,Poland,-0.4455056161500502
2008-09-01,Poland,-0.3201357490267071
2008-10-01,Poland,-0.2218050843310749
2008-11-01,Poland,0.2301439710421862
2008-12-01,Poland,0.515732428230693
2009-01-01,Poland,0.4264098266327845
2009-02-01,Poland,0.8715014243796135
2009-03-01,Poland,1.215529122065888
2009-04-01,Poland,1.164469487352819
2009-05-01,Poland,0.70979821596284
2009-06-01,Poland,0.408697681077729
2009-07-01,Poland,0.2364010883489889
2009-08-01,Poland,0.1512493069271454
2009-09-01,Poland,0.04875835932947914
2009-10-01,Poland,0.2380694741756342
2009-11-01,Poland,0.2339146922928526
2009-12-01,Poland,0.03209436019427114
2010-01-01,Poland,0.1578805259466616
2010-02-01,Poland,0.1918972278485203
2010-03-01,Poland,0.2676796349279995
2010-04-01,Poland,0.1879751851986442
2010-05-01,Poland,0.3254249356112622
2010-06-01,Poland,0.4969856537996153
2010-07-01,Poland,0.5779043185954409
2010-08-01,Poland,0.2826039681889327
2010-09-01,Poland,0.1683886485233643
2010-10-01,Poland,-0.2130464204337017
2010-11-01,Poland,-0.153746731692844
2010-12-01,Poland,-0.1555153913132555
2011-01-01,Poland,-0.2959345526876982
2011-02-01,Poland,-0.2027156769720789
2011-03-01,Poland,-0.1735995956801424
2011-04-01,Poland,-0.2220280055230743
2011-05-01,Poland,-0.319677608515357
2011-06-01,Poland,-0.4149597247341108
2011-07-01,Poland,-0.2957628279050102
2011-08-01,Poland,-0.2862408932220522
2011-09-01,Poland,-0.138861707481583
2011-10-01,Poland,0.185351802875984
2011-11-01,Poland,0.02314816843756784
2011-12-01,Poland,0.1948868908021988
2012-01-01,Poland,0.4194747833788217
2012-02-01,Poland,0.1937794069971595
2012-03-01,Poland,0.0994192037509487
2012-04-01,Poland,0.0550447996438026
2012-05-01,Poland,0.1045148477885356
2012-06-01,Poland,0.3735149839108578
2012-07-01,Poland,0.0708711060290228
2012-08-01,Poland,0.1838997476390525
2012-09-01,Poland,0.1478305489341492
2012-10-01,Poland,0.1119231872532016
2012-11-01,Poland,0.2216941341757994
2012-12-01,Poland,0.1731286410825463
2013-01-01,Poland,0.0357859388575068
2013-02-01,Poland,0.006415148036312157
2013-03-01,Poland,0.1744360515516816
2013-04-01,Poland,0.2122782819052569
2013-05-01,Poland,0.1950049936678637
2013-06-01,Poland,0.1538500708847574
2013-07-01,Poland,0.2565292979302105
2013-08-01,Poland,0.0861772978918498
2013-09-01,Poland,0.07542200716626812
2013-10-01,Poland,0.04077226558747893
2013-11-01,Poland,-0.06432985416551851
2013-12-01,Poland,-0.0946398169849263
2014-01-01,Poland,-0.1321138119809531
2014-02-01,Poland,-0.1184670104261351
2014-03-01,Poland,-0.2015936608212496
2014-04-01,Poland,-0.1905216029575451
2014-05-01,Poland,-0.09938785836738517
2014-06-01,Poland,-0.1594203757703583
2014-07-01,Poland,-0.1877827488236492
2014-08-01,Poland,-0.1690088002421198
2014-09-01,Poland,-0.2082096793752677
2014-10-01,Poland,-0.2558830551134054
2014-11-01,Poland,-0.2376626389236443
2014-12-01,Poland,-0.3057410308937409
2015-01-01,Poland,-0.2461171443674113
2015-02-01,Poland,-0.2740609327556207
2015-03-01,Poland,-0.2547132134809994
2015-04-01,Poland,-0.118828405852024
2015-05-01,Poland,-0.2658386106450445
2015-06-01,Poland,-0.274870567757038
2015-07-01,Poland,-0.264004886380923
2015-08-01,Poland,-0.2181340341655715
2015-09-01,Poland,-0.1769644227192411
2015-10-01,Poland,-0.1532358820589704
2015-11-01,Poland,-0.1113021944321946
2015-12-01,Poland,-0.08230434403255038
2016-01-01,Poland,-0.006013673088447247
2016-02-01,Poland,0.191678628095008
2016-03-01,Poland,0.2044394163356649
2016-04-01,Poland,0.04527275125539498
2016-05-01,Poland,0.2605217932570176
2016-06-01,Poland,0.3687128359789598
2016-07-01,Poland,0.4286970965893975
2016-08-01,Poland,0.4889857807275468
2016-09-01,Poland,0.5544809249187641
2016-10-01,Poland,0.514768669892169
2016-11-01,Poland,0.5130872207138912
2016-12-01,Poland,0.6192729737864378
2017-01-01,Poland,0.5548299652441742
2017-02-01,Poland,0.52751696875681
2017-03-01,Poland,0.3132867829115595
2017-04-01,Poland,0.2088729737439239
2017-05-01,Poland,0.09988293799930048
2017-06-01,Poland,-0.0175759257702125
2017-07-01,Poland,-0.06092780135102016
2017-08-01,Poland,-0.01652726761534207
2017-09-01,Poland,-0.07929100441004056
2017-10-01,Poland,-0.04402191721748938
2017-11-01,Poland,-0.1701533803721741
2017-12-01,Poland,-0.09293205692377149
2018-01-01,Poland,-0.1265914363132523
2018-02-01,Poland,-0.1514164767511758
2018-03-01,Poland,-0.09616223144733516
2018-04-01,Poland,-0.05329423725752291
2018-05-01,Poland,-0.05061998494029663
2018-06-01,Poland,0.01689624051449123
2018-07-01,Poland,0.1094518091942971
2018-08-01,Poland,-0.04773856432888546
2018-09-01,Poland,-0.130798444566239
2018-10-01,Poland,-0.1166503401851795
2018-11-01,Poland,0.04035085062831834
2018-12-01,Poland,-0.07698108062007103
2019-01-01,Poland,-0.05387524220144202
2019-02-01,Poland,-0.1512900225544397
2019-03-01,Poland,-0.2587880221619838
2019-04-01,Poland,-0.3949049951387554
2019-05-01,Poland,-0.3514473804574462
2019-06-01,Poland,-0.266879890916855
2019-07-01,Poland,-0.2930085596580992
2019-08-01,Poland,-0.216970787556808
2019-09-01,Poland,-0.1038588747875635
2019-10-01,Poland,-0.2072797778520312
2019-11-01,Poland,-0.3713432967740193
2019-12-01,Poland,-0.1573471881524533
2020-01-01,Poland,-0.110831261080174
2020-02-01,Poland,-0.0754745060558133
2020-03-01,Poland,0.06635214564122571
2020-04-01,Poland,0.2935190545246813
2020-05-01,Poland,0.2983303891737936
2020-06-01,Poland,0.3625688641076221
2020-07-01,Poland,0.2658406470607613
2020-08-01,Poland,0.2103096941777414
2020-09-01,Poland,0.2268933354364588
2020-10-01,Poland,0.2953048767243851
2020-11-01,Poland,0.6101915731875411
2020-12-01,Poland,0.117533523541784
2021-01-01,Poland,0.08200942417853763
2021-02-01,Poland,0.07747249759471742
2021-03-01,Poland,-0.02829195167871201
2021-04-01,Poland,0.05308307338075191
2021-05-01,Poland,-0.2128610546612655
2021-06-01,Poland,-0.2849042004742178
2021-07-01,Poland,-0.3444413747818978
2021-08-01,Poland,-0.358490208706796
2021-09-01,Poland,-0.4709805333859981
2021-10-01,Poland,-0.5166630062652168
2021-11-01,Poland,-0.4600288481459478
2021-12-01,Poland,-0.2785467272882439
2022-01-01,Poland,-0.2599718637314643
2022-02-01,Poland,-0.195067035368001
2022-03-01,Poland,-0.1236377488543342
2022-04-01,Poland,-0.1891224529033279
2022-05-01,Poland,0.1226560670698627
2022-06-01,Poland,0.04503276211303864
2022-07-01,Poland,0.3691780730811431
2022-08-01,Poland,0.4961550477754457
2022-09-01,Poland,0.5614002340441522
2022-10-01,Poland,0.6044867113837269
2022-11-01,Poland,0.6039717278972296
2022-12-01,Poland,0.4769746847968297
2023-01-01,Poland,0.4908595080314173
2023-02-01,Poland,0.3543538740199639
2023-03-01,Poland,0.5066854516989363
2023-04-01,Poland,0.5616647374715178
2023-05-01,Poland,0.3978772824250096
2023-06-01,Poland,0.5093024921807263
2023-07-01,Poland,0.3372476458148352
2023-08-01,Poland,0.1794368290124959
2023-09-01,Poland,0.3278900999953276
2023-10-01,Poland,0.4720364690346506
2023-11-01,Poland,0.1565563497999698
2023-12-01,Poland,0.03429193719587009
2024-01-01,Poland,-0.05885801133373558
2024-02-01,Poland,0.1106481739034142
2024-03-01,Poland,0.1257926916847856
2024-04-01,Poland,0.1978900286385545
2024-05-01,Poland,0.2388154879699398
2024-06-01,Poland,0.2418191617088485
2024-07-01,Poland,0.3060857173267599
2024-08-01,Poland,0.3688942836286433
2024-09-01,Poland,0.3126033473873817
2024-10-01,Poland,0.3614367316172098
2024-11-01,Poland,0.5565018783568068
2024-12-01,Poland,0.6148068309160095
2025-01-01,Poland,0.7638244656907562
2025-02-01,Poland,0.6567813900615163
2025-03-01,Poland,0.5572251520173792
2025-04-01,Poland,0.3535272431046237
2025-05-01,Poland,0.3894780957267585
2025-06-01,Poland,0.4334611774651653
2025-07-01,Poland,0.2721286982551532
2025-08-01,Poland,0.3998334720333689
2025-09-01,Poland,
2025-10-01,Poland,
2025-11-01,Poland,
2025-12-01,Poland,
2026-01-01,Poland,
2026-02-01,Poland,
2026-03-01,Poland,
2026-04-01,Poland,
2026-05-01,Poland,
2026-06-01,Poland,
2026-07-01,Poland,
2026-08-01,Poland,
2000-02-01,US SmallCap,0.03626207068248188
2000-03-01,US SmallCap,-0.1689708862470185
2000-04-01,US SmallCap,-0.1538351806573498
2000-05-01,US SmallCap,-0.0292885170186471
2000-06-01,US SmallCap,0.05612431196156065
2000-07-01,US SmallCap,0.005376941070155183
2000-08-01,US SmallCap,-0.01720935310347571
2000-09-01,US SmallCap,-0.1161976371040588
2000-10-01,US SmallCap,-0.2120213440632666
2000-11-01,US SmallCap,-0.1269272674791136
2000-12-01,US SmallCap,0.04825584282456097
2001-01-01,US SmallCap,0.02493863999859536
2001-02-01,US SmallCap,-0.03588641122109426
2001-03-01,US SmallCap,0.003543027355809913
2001-04-01,US SmallCap,0.1399518438318088
2001-05-01,US SmallCap,0.06690235124225552
2001-06-01,US SmallCap,-0.00488740814365074
2001-07-01,US SmallCap,-0.08582967173128575
2001-08-01,US SmallCap,-0.1796747900155942
2001-09-01,US SmallCap,-0.154456989185596
2001-10-01,US SmallCap,-0.09307340565855937
2001-11-01,US SmallCap,-0.1157485467633244
2001-12-01,US SmallCap,-0.1060584463676264
2002-01-01,US SmallCap,-0.2049200295998542
2002-02-01,US SmallCap,-0.2187995537919433
2002-03-01,US SmallCap,-0.221050740624537
2002-04-01,US SmallCap,-0.2697030446472273
2002-05-01,US SmallCap,-0.2076783606092435
2002-06-01,US SmallCap,-0.0819165314194108
2002-07-01,US SmallCap,-0.01650186332599457
2002-08-01,US SmallCap,0.2309452321070911
2002-09-01,US SmallCap,0.2906690929161053
2002-10-01,US SmallCap,0.3648478304807088
2002-11-01,US SmallCap,0.433482940736297
2002-12-01,US SmallCap,0.3626364085424014
2003-01-01,US SmallCap,0.472712259140341
2003-02-01,US SmallCap,0.5803689239387788
2003-03-01,US SmallCap,0.6442964254021222
2003-04-01,US SmallCap,0.6383228198735869
2003-05-01,US SmallCap,0.4201297019471584
2003-06-01,US SmallCap,0.3029005178483837
2003-07-01,US SmallCap,0.333672317176662
2003-08-01,US SmallCap,0.1706410171531689
2003-09-01,US SmallCap,0.1135269959673488
2003-10-01,US SmallCap,0.1877553724418914
2003-11-01,US SmallCap,0.1173064633985221
2003-12-01,US SmallCap,0.1725023546517939
2004-01-01,US SmallCap,0.1827653654473747
2004-02-01,US SmallCap,0.08623867779762517
2004-03-01,US SmallCap,0.09475291536121078
2004-04-01,US SmallCap,0.05364933924203275
2004-05-01,US SmallCap,0.04667375710871924
2004-06-01,US SmallCap,0.09771560811523328
2004-07-01,US SmallCap,0.09394960867675795
2004-08-01,US SmallCap,0.2472236071390859
2004-09-01,US SmallCap,0.2304201166866755
2004-10-01,US SmallCap,0.178961942711469
2004-11-01,US SmallCap,0.120316161605436
2004-12-01,US SmallCap,0.0810317130445739
2005-01-01,US SmallCap,0.04511740607923564
2005-02-01,US SmallCap,0.1884568052904094
2005-03-01,US SmallCap,0.1654316184351872
2005-04-01,US SmallCap,0.2580899175538962
2005-05-01,US SmallCap,0.3342508245654248
2005-06-01,US SmallCap,0.1819499536378026
2005-07-01,US SmallCap,0.1453419500396516
2005-08-01,US SmallCap,0.04202530716101949
2005-09-01,US SmallCap,0.09315741757263885
2005-10-01,US SmallCap,0.09887253281326336
2005-11-01,US SmallCap,0.1993871210990863
2005-12-01,US SmallCap,0.1738763287745086
2006-01-01,US SmallCap,0.1832984492128813
2006-02-01,US SmallCap,0.104083336585393
2006-03-01,US SmallCap,0.0983558514802807
2006-04-01,US SmallCap,0.05873791461947242
2006-05-01,US SmallCap,0.07804906394714184
2006-06-01,US SmallCap,0.1889889439908741
2006-07-01,US SmallCap,0.1643355309245806
2006-08-01,US SmallCap,0.1211056046688834
2006-09-01,US SmallCap,0.1135150747923301
2006-10-01,US SmallCap,0.123169342223125
2006-11-01,US SmallCap,0.09249677351455055
2006-12-01,US SmallCap,-0.01180401751058002
2007-01-01,US SmallCap,-0.01583172895873475
2007-02-01,US SmallCap,-0.09805704447062902
2007-03-01,US SmallCap,-0.124535492158079
2007-04-01,US SmallCap,-0.130215405311857
2007-05-01,US SmallCap,-0.109854602027864
2007-06-01,US SmallCap,-0.1056021072494185
2007-07-01,US SmallCap,-0.1623350946251978
2007-08-01,US SmallCap,-0.067477974822304
2007-09-01,US SmallCap,-0.05517681409641439
2007-10-01,US SmallCap,-0.1451320816915169
2007-11-01,US SmallCap,-0.3419049839130858
2007-12-01,US SmallCap,-0.3748630146448725
2008-01-01,US SmallCap,-0.3381478589768027
2008-02-01,US SmallCap,-0.3687061055327717
2008-03-01,US SmallCap,-0.4241089085633839
2008-04-01,US SmallCap,-0.3753576152304083
2008-05-01,US SmallCap,-0.307785284191759
2008-06-01,US SmallCap,-0.3182368354852416
2008-07-01,US SmallCap,-0.250550040659715
2008-08-01,US SmallCap,-0.2076847916299892
2008-09-01,US SmallCap,-0.2133601432559662
2008-10-01,US SmallCap,-0.09602368871906908
2008-11-01,US SmallCap,0.06395515177393496
2008-12-01,US SmallCap,0.2443308960428328
2009-01-01,US SmallCap,0.2708506412800711
2009-02-01,US SmallCap,0.3772143883284926
2009-03-01,US SmallCap,0.6383896696027485
2009-04-01,US SmallCap,0.6263589415804731
2009-05-01,US SmallCap,0.4883438187011044
2009-06-01,US SmallCap,0.3351853234812401
2009-07-01,US SmallCap,0.2139078764784437
2009-08-01,US SmallCap,0.1833195278772075
2009-09-01,US SmallCap,0.0651585566072801
2009-10-01,US SmallCap,0.1326451981482704
2009-11-01,US SmallCap,0.264937219265583
2009-12-01,US SmallCap,0.269274206034773
2010-01-01,US SmallCap,0.2681456331931105
2010-02-01,US SmallCap,0.3132785833065905
2010-03-01,US SmallCap,0.3256541281090652
2010-04-01,US SmallCap,0.2579104910807661
2010-05-01,US SmallCap,0.2219751153313709
2010-06-01,US SmallCap,0.2975023820775735
2010-07-01,US SmallCap,0.3740840912423506
2010-08-01,US SmallCap,0.2393028886294895
2010-09-01,US SmallCap,0.2219601699165046
2010-10-01,US SmallCap,-0.03523769128707643
2010-11-01,US SmallCap,0.06712252489030446
2010-12-01,US SmallCap,0.02759051633928311
2011-01-01,US SmallCap,-0.04178344112755805
2011-02-01,US SmallCap,0.02856576382448184
2011-03-01,US SmallCap,-0.001572953207537808
2011-04-01,US SmallCap,-0.001857049572846825
2011-05-01,US SmallCap,-0.04255767440218616
2011-06-01,US SmallCap,-0.08880593478523402
2011-07-01,US SmallCap,-0.02075450165933779
2011-08-01,US SmallCap,0.001929144497738955
2011-09-01,US SmallCap,0.1340221546911815
2011-10-01,US SmallCap,0.319150021274434
2011-11-01,US SmallCap,0.1208786086307971
2011-12-01,US SmallCap,0.1309722308699899
2012-01-01,US SmallCap,0.1638605537443956
2012-02-01,US SmallCap,0.1551001600500377
2012-03-01,US SmallCap,0.1405447545668312
2012-04-01,US SmallCap,0.1634083070868126
2012-05-01,US SmallCap,0.1773202414230037
2012-06-01,US SmallCap,0.3110972502338325
2012-07-01,US SmallCap,0.2423832428893471
2012-08-01,US SmallCap,0.3479496789257601
2012-09-01,US SmallCap,0.2629755875700788
2012-10-01,US SmallCap,0.3008115204653268
2012-11-01,US SmallCap,0.3630936752368061
2012-12-01,US SmallCap,0.4102016417660408
2013-01-01,US SmallCap,0.3882190151640981
2013-02-01,US SmallCap,0.270282911444238
2013-03-01,US SmallCap,0.3156167957159628
2013-04-01,US SmallCap,0.2489816279828043
2013-05-01,US SmallCap,0.2049713244682021
2013-06-01,US SmallCap,0.1679523350427619
2013-07-01,US SmallCap,0.2364332707036878
2013-08-01,US SmallCap,0.08562325645354596
2013-09-01,US SmallCap,0.1768518546873354
2013-10-01,US SmallCap,0.03936864581375299
2013-11-01,US SmallCap,0.08070736313941862
2013-12-01,US SmallCap,0.0400107354756758
2014-01-01,US SmallCap,0.04896117387398746
2014-02-01,US SmallCap,0.04412812267917499
2014-03-01,US SmallCap,0.05634824628378121
2014-04-01,US SmallCap,0.08211711658795706
2014-05-01,US SmallCap,0.0970655456829621
2014-06-01,US SmallCap,0.113189653119824
2014-07-01,US SmallCap,0.06486677959620679
2014-08-01,US SmallCap,0.1203019806518733
2014-09-01,US SmallCap,0.0003008625852691793
2014-10-01,US SmallCap,0.01247224051416618
2014-11-01,US SmallCap,0.003375315441673132
2014-12-01,US SmallCap,0.03508038781937772
2015-01-01,US SmallCap,-0.04413462667361867
2015-02-01,US SmallCap,-0.09923624628317218
2015-03-01,US SmallCap,-0.1498118322299742
2015-04-01,US SmallCap,-0.0976763406675174
2015-05-01,US SmallCap,-0.05952974302771918
2015-06-01,US SmallCap,-0.0598167721585221
2015-07-01,US SmallCap,-0.06741172418414576
2015-08-01,US SmallCap,-0.0001091774124386546
2015-09-01,US SmallCap,0.08579843882550109
2015-10-01,US SmallCap,0.1545364137522409
2015-11-01,US SmallCap,0.0409977980238978
2015-12-01,US SmallCap,0.1204900521868051
2016-01-01,US SmallCap,0.2127662520349167
2016-02-01,US SmallCap,0.3349466996742541
2016-03-01,US SmallCap,0.3608119034978099
2016-04-01,US SmallCap,0.2618806049007674
2016-05-01,US SmallCap,0.2560054670305931
2016-06-01,US SmallCap,0.2033557979941891
2016-07-01,US SmallCap,0.2457421368021639
2016-08-01,US SmallCap,0.1842764724003698
2016-09-01,US SmallCap,0.1488994342626484
2016-10-01,US SmallCap,0.2071432345089943
2016-11-01,US SmallCap,0.2781867634408905
2016-12-01,US SmallCap,0.1832091704827807
2017-01-01,US SmallCap,0.1462766771306865
2017-02-01,US SmallCap,0.1715985831607576
2017-03-01,US SmallCap,0.1050874974803337
2017-04-01,US SmallCap,0.1179088376935733
2017-05-01,US SmallCap,0.1153440952788158
2017-06-01,US SmallCap,0.2076126808888548
2017-07-01,US SmallCap,0.1756297778933509
2017-08-01,US SmallCap,0.1872709695849502
2017-09-01,US SmallCap,0.2543684228353649
2017-10-01,US SmallCap,0.15229474856652
2017-11-01,US SmallCap,0.0184648223971855
2017-12-01,US SmallCap,0.005602317661616896
2018-01-01,US SmallCap,-0.1102743246947261
2018-02-01,US SmallCap,-0.03539632133302928
2018-03-01,US SmallCap,0.05540438996666186
2018-04-01,US SmallCap,0.02012107044460576
2018-05-01,US SmallCap,0.04573283864195776
2018-06-01,US SmallCap,-0.09078546512074614
2018-07-01,US SmallCap,-0.03345317935253589
2018-08-01,US SmallCap,-0.04453821950976278
2018-09-01,US SmallCap,-0.1292325853872186
2018-10-01,US SmallCap,-0.08920750427299906
2018-11-01,US SmallCap,0.04868351885658062
2018-12-01,US SmallCap,0.07474095107023593
2019-01-01,US SmallCap,0.2548505496953062
2019-02-01,US SmallCap,0.09178500932176625
2019-03-01,US SmallCap,-0.04950818343203256
2019-04-01,US SmallCap,-0.2401267577678315
2019-05-01,US SmallCap,-0.1641428001391914
2019-06-01,US SmallCap,-0.03467381187617313
2019-07-01,US SmallCap,-0.06651209552102155
2019-08-01,US SmallCap,-0.04613781576972198
2019-09-01,US SmallCap,0.0599553486014397
2019-10-01,US SmallCap,0.003666273293247091
2019-11-01,US SmallCap,-0.001607615691495257
2019-12-01,US SmallCap,0.1356979859497895
2020-01-01,US SmallCap,0.1993403288699236
2020-02-01,US SmallCap,0.3014639947851667
2020-03-01,US SmallCap,0.5097408758726485
2020-04-01,US SmallCap,0.9481588608446498
2020-05-01,US SmallCap,0.7488424201296551
2020-06-01,US SmallCap,0.6453728041822531
2020-07-01,US SmallCap,0.6199882850714353
2020-08-01,US SmallCap,0.5194362023678869
2020-09-01,US SmallCap,0.4705343293393653
2020-10-01,US SmallCap,0.4764898802680828
2020-11-01,US SmallCap,0.5077216995572507
2020-12-01,US SmallCap,0.2198671805600827
2021-01-01,US SmallCap,0.1478431306694112
2021-02-01,US SmallCap,-0.0123695923004834
2021-03-01,US SmallCap,-0.0603978757264001
2021-04-01,US SmallCap,-0.05817220580911653
2021-05-01,US SmallCap,-0.1689669520310071
2021-06-01,US SmallCap,-0.1694828254655034
2021-07-01,US SmallCap,-0.252281223786747
2021-08-01,US SmallCap,-0.1432822491667176
2021-09-01,US SmallCap,-0.179155741781819
2021-10-01,US SmallCap,-0.2351914962010201
2021-11-01,US SmallCap,-0.1856366460973633
2021-12-01,US SmallCap,-0.1303753966223801
2022-01-01,US SmallCap,-0.2046052121320384
2022-02-01,US SmallCap,-0.03408221874883688
2022-03-01,US SmallCap,-0.06044424471902776
2022-04-01,US SmallCap,-0.1163416068135199
2022-05-01,US SmallCap,-0.03676753152812151
2022-06-01,US SmallCap,-0.04711977549519419
2022-07-01,US SmallCap,0.1226500831130748
2022-08-01,US SmallCap,0.07868192465631862
2022-09-01,US SmallCap,0.04608406438936408
2022-10-01,US SmallCap,0.08869834717931191
2022-11-01,US SmallCap,-0.08617244508868616
2022-12-01,US SmallCap,-0.02619854253194576
2023-01-01,US SmallCap,0.1688001171469182
2023-02-01,US SmallCap,0.0235730609419873
2023-03-01,US SmallCap,0.1000312244467099
2023-04-01,US SmallCap,0.196633545481752
2023-05-01,US SmallCap,0.1327825702645637
2023-06-01,US SmallCap,0.2007839432647072
2023-07-01,US SmallCap,0.1002665970477454
2023-08-01,US SmallCap,0.1422077666199468
2023-09-01,US SmallCap,0.18442547158002
2023-10-01,US SmallCap,0.2673581647458219
2023-11-01,US SmallCap,0.3404977475529778
2023-12-01,US SmallCap,0.3643205286212019
2024-01-01,US SmallCap,0.1151960004084442
2024-02-01,US SmallCap,0.1907529488510673
2024-03-01,US SmallCap,0.06675841505241542
2024-04-01,US SmallCap,-0.04022446536211133
2024-05-01,US SmallCap,0.008578459068552702
2024-06-01,US SmallCap,0.01169735854470622
2024-07-01,US SmallCap,0.07663630030119117
2024-08-01,US SmallCap,-0.005706832196253564
2024-09-01,US SmallCap,0.08149198667799973
2024-10-01,US SmallCap,0.1074010279844817
2024-11-01,US SmallCap,0.1439589730188373
2024-12-01,US SmallCap,0.04078485071542248
2025-01-01,US SmallCap,0.1279259830685815
2025-02-01,US SmallCap,0.1583803033193729
2025-03-01,US SmallCap,0.2336888368906576
2025-04-01,US SmallCap,0.2575533694703693
2025-05-01,US SmallCap,0.4454529171274517
2025-06-01,US SmallCap,0.4321296089982176
2025-07-01,US SmallCap,0.4090652996327779
2025-08-01,US SmallCap,0.3432459831500418
2025-09-01,US SmallCap,
2025-10-01,US SmallCap,
2025-11-01,US SmallCap,
2025-12-01,US SmallCap,
2026-01-01,US SmallCap,
2026-02-01,US SmallCap,
2026-03-01,US SmallCap,
2026-04-01,US SmallCap,
2026-05-01,US SmallCap,
2026-06-01,US SmallCap,
2026-07-01,US SmallCap,
2026-08-01,US SmallCap,
2000-02-01,Malaysia,-0.2066410002108502
2000-03-01,Malaysia,-0.2784386952986176
2000-04-01,Malaysia,-0.3353139351681137
2000-05-01,Malaysia,-0.3530971050244588
2000-06-01,Malaysia,-0.387445104226356
2000-07-01,Malaysia,-0.2901151497142744
2000-08-01,Malaysia,-0.1609576972051087
2000-09-01,Malaysia,-0.1102859158802381
2000-10-01,Malaysia,-0.09522680691669805
2000-11-01,Malaysia,-0.1759069820059074
2000-12-01,Malaysia,-0.1030760973956274
2001-01-01,Malaysia,0.05125863339690473
2001-02-01,Malaysia,0.02481916461363665
2001-03-01,Malaysia,0.03230797573915267
2001-04-01,Malaysia,0.2228181382623278
2001-05-01,Malaysia,0.438642210593186
2001-06-01,Malaysia,0.3741455680861263
2001-07-01,Malaysia,0.3057288594690242
2001-08-01,Malaysia,0.1553942916883191
2001-09-01,Malaysia,0.08730316079805722
2001-10-01,Malaysia,0.09076262870366314
2001-11-01,Malaysia,0.1718861692528415
2001-12-01,Malaysia,0.05888910934119407
2002-01-01,Malaysia,-0.001175218926084076
2002-02-01,Malaysia,-0.01475176798930844
2002-03-01,Malaysia,-0.02570448211101328
2002-04-01,Malaysia,-0.1186377327509432
2002-05-01,Malaysia,-0.1672995500083557
2002-06-01,Malaysia,-0.04628466973027279
2002-07-01,Malaysia,0.002673208830861862
2002-08-01,Malaysia,0.05277039953935025
2002-09-01,Malaysia,0.09390858520378687
2002-10-01,Malaysia,0.1986942497456232
2002-11-01,Malaysia,0.2990537386181498
2002-12-01,Malaysia,0.3011498150064837
2003-01-01,Malaysia,0.2753522930707857
2003-02-01,Malaysia,0.2790905280045903
2003-03-01,Malaysia,0.4195062057004006
2003-04-01,Malaysia,0.4798225885229457
2003-05-01,Malaysia,0.3821578514067403
2003-06-01,Malaysia,0.2394157603855838
2003-07-01,Malaysia,0.2098383440170377
2003-08-01,Malaysia,0.1713401017275538
2003-09-01,Malaysia,0.1306908364434149
2003-10-01,Malaysia,0.1863614638979194
2003-11-01,Malaysia,0.06333348362201607
2003-12-01,Malaysia,0.1758742625427732
2004-01-01,Malaysia,0.158325711445541
2004-02-01,Malaysia,0.130002765552969
2004-03-01,Malaysia,0.03820388511010231
2004-04-01,Malaysia,-0.02372639836039814
2004-05-01,Malaysia,0.05602112941021864
2004-06-01,Malaysia,0.07805610303131472
2004-07-01,Malaysia,0.100579199909145
2004-08-01,Malaysia,0.1661532800616279
2004-09-01,Malaysia,0.1377133411018672
2004-10-01,Malaysia,0.1279313872059171
2004-11-01,Malaysia,0.08874569007419164
2004-12-01,Malaysia,0.01340623025708321
2005-01-01,Malaysia,0.03443232270983465
2005-02-01,Malaysia,0.04832431140770943
2005-03-01,Malaysia,0.09389447067836953
2005-04-01,Malaysia,0.1608665682129433
2005-05-01,Malaysia,0.2002778067717408
2005-06-01,Malaysia,0.199655275302967
2005-07-01,Malaysia,0.1277222525948776
2005-08-01,Malaysia,0.07765343026903349
2005-09-01,Malaysia,0.1429510589584868
2005-10-01,Malaysia,0.1219487013494358
2005-11-01,Malaysia,0.1939080537288878
2005-12-01,Malaysia,0.340180675456508
2006-01-01,Malaysia,0.3836517180081882
2006-02-01,Malaysia,0.4826299753215779
2006-03-01,Malaysia,0.4393728368365597
2006-04-01,Malaysia,0.509501512813135
2006-05-01,Malaysia,0.5458714905914068
2006-06-01,Malaysia,0.6398265282835991
2006-07-01,Malaysia,0.6612826594965933
2006-08-01,Malaysia,0.6430802870089989
2006-09-01,Malaysia,0.4724951359029548
2006-10-01,Malaysia,0.5905730688718938
2006-11-01,Malaysia,0.6534898763392996
2006-12-01,Malaysia,0.4540008444676633
2007-01-01,Malaysia,0.4787536225138638
2007-02-01,Malaysia,0.3260051801072967
2007-03-01,Malaysia,0.3150741195965958
2007-04-01,Malaysia,0.1330832566043709
2007-05-01,Malaysia,0.08799237972014606
2007-06-01,Malaysia,0.01824318936045888
2007-07-01,Malaysia,-0.05580153100296892
2007-08-01,Malaysia,-0.08226834688502216
2007-09-01,Malaysia,-0.09021894074661996
2007-10-01,Malaysia,-0.2354464661269298
2007-11-01,Malaysia,-0.4156503228867291
2007-12-01,Malaysia,-0.4100581822584718
2008-01-01,Malaysia,-0.4089102238317546
2008-02-01,Malaysia,-0.4158967092120464
2008-03-01,Malaysia,-0.4209419084840794
2008-04-01,Malaysia,-0.3677836822668888
2008-05-01,Malaysia,-0.2829747239149121
2008-06-01,Malaysia,-0.210387084224859
2008-07-01,Malaysia,-0.1086935182697437
2008-08-01,Malaysia,-0.001794123224470812
2008-09-01,Malaysia,0.0912305155408979
2008-10-01,Malaysia,0.2422330904569205
2008-11-01,Malaysia,0.5752640714598614
2008-12-01,Malaysia,0.6131407079616484
2009-01-01,Malaysia,0.5193977887703238
2009-02-01,Malaysia,0.5458011173542077
2009-03-01,Malaysia,0.5785362574709665
2009-04-01,Malaysia,0.7151698217881182
2009-05-01,Malaysia,0.5385184476413145
2009-06-01,Malaysia,0.3385060794569068
2009-07-01,Malaysia,0.3472632063188197
2009-08-01,Malaysia,0.2770196559330111
2009-09-01,Malaysia,0.3672868545934167
2009-10-01,Malaysia,0.3930337555914953
2009-11-01,Malaysia,0.3609136100613153
2009-12-01,Malaysia,0.3086556841878785
2010-01-01,Malaysia,0.3821720424344126
2010-02-01,Malaysia,0.4011126224762374
2010-03-01,Malaysia,0.3619053482424346
2010-04-01,Malaysia,0.3143578053033442
2010-05-01,Malaysia,0.2836872368932801
2010-06-01,Malaysia,0.3741731412447655
2010-07-01,Malaysia,0.3530001966515057
2010-08-01,Malaysia,0.2876958578505935
2010-09-01,Malaysia,0.1161280178700195
2010-10-01,Malaysia,-0.05261451452271693
2010-11-01,Malaysia,0.03683585664501532
2010-12-01,Malaysia,0.02275192853312125
2011-01-01,Malaysia,0.003732505047830736
2011-02-01,Malaysia,0.03659663727351403
2011-03-01,Malaysia,0.1030339970865128
2011-04-01,Malaysia,0.04497493503497263
2011-05-01,Malaysia,0.0176165690328387
2011-06-01,Malaysia,-0.02207193919035366
2011-07-01,Malaysia,-0.02184763241651033
2011-08-01,Malaysia,0.008254246281196309
2011-09-01,Malaysia,0.09161028710046981
2011-10-01,Malaysia,0.2324243090834921
2011-11-01,Malaysia,0.127567119824733
2011-12-01,Malaysia,0.1443335419999536
2012-01-01,Malaysia,0.146544669010775
2012-02-01,Malaysia,0.04623656143983501
2012-03-01,Malaysia,0.01723974235500658
2012-04-01,Malaysia,0.04821506137486131
2012-05-01,Malaysia,0.1039013281344605
2012-06-01,Malaysia,0.1899186503131163
2012-07-01,Malaysia,0.1394363701691115
2012-08-01,Malaysia,0.081538410871834
2012-09-01,Malaysia,0.03291499137049891
2012-10-01,Malaysia,0.0633292281737663
2012-11-01,Malaysia,0.09332988148961952
2012-12-01,Malaysia,0.1048404879490104
2013-01-01,Malaysia,0.07470583203621661
2013-02-01,Malaysia,0.071673888916717
2013-03-01,Malaysia,0.0970086340987979
2013-04-01,Malaysia,0.08361536241008483
2013-05-01,Malaysia,0.04771695726813063
2013-06-01,Malaysia,0.0282519089680231
2013-07-01,Malaysia,0.06154277430506072
2013-08-01,Malaysia,0.0824312129579261
2013-09-01,Malaysia,0.1462967571832732
2013-10-01,Malaysia,0.0521684993726681
2013-11-01,Malaysia,-0.007980804480957615
2013-12-01,Malaysia,-0.03723615438007954
2014-01-01,Malaysia,-0.1062736610309811
2014-02-01,Malaysia,-0.08300993856638783
2014-03-01,Malaysia,-0.08811247066931938
2014-04-01,Malaysia,-0.1201275317247219
2014-05-01,Malaysia,-0.09910199333318426
2014-06-01,Malaysia,-0.1613570349441564
2014-07-01,Malaysia,-0.2088321022835867
2014-08-01,Malaysia,-0.213912908936239
2014-09-01,Malaysia,-0.3392167531178212
2014-10-01,Malaysia,-0.3350084201688376
2014-11-01,Malaysia,-0.2958997074183785
2014-12-01,Malaysia,-0.2497273029724294
2015-01-01,Malaysia,-0.201445486439077
2015-02-01,Malaysia,-0.1551339428901929
2015-03-01,Malaysia,-0.197916348528667
2015-04-01,Malaysia,-0.07288647012083183
2015-05-01,Malaysia,-0.1348927038768714
2015-06-01,Malaysia,-0.1441087268429492
2015-07-01,Malaysia,-0.05835987915978369
2015-08-01,Malaysia,-0.05922448590076035
2015-09-01,Malaysia,0.1186595439351781
2015-10-01,Malaysia,0.1309798454520181
2015-11-01,Malaysia,0.06849285012736361
2015-12-01,Malaysia,-0.03981135420549708
2016-01-01,Malaysia,-0.03671878795303385
2016-02-01,Malaysia,-0.03492227137178161
2016-03-01,Malaysia,0.001564938678672911
2016-04-01,Malaysia,-0.0875420999804577
2016-05-01,Malaysia,-0.01809788842659066
2016-06-01,Malaysia,0.06557062882308973
2016-07-01,Malaysia,0.0157372464616754
2016-08-01,Malaysia,0.0302763857425834
2016-09-01,Malaysia,0.0284392571649601
2016-10-01,Malaysia,0.06042449684680906
2016-11-01,Malaysia,0.06211692042574368
2016-12-01,Malaysia,0.1824462539252503
2017-01-01,Malaysia,0.2463854742748035
2017-02-01,Malaysia,0.3063619090064744
2017-03-01,Malaysia,0.2642924285911239
2017-04-01,Malaysia,0.2554525811373953
2017-05-01,Malaysia,0.1965870267257324
2017-06-01,Malaysia,0.08561119577235488
2017-07-01,Malaysia,0.05909665467933833
2017-08-01,Malaysia,0.1096400087535399
2017-09-01,Malaysia,0.0980427203251637
2017-10-01,Malaysia,0.07603333848866578
2017-11-01,Malaysia,0.009916859115397969
2017-12-01,Malaysia,-0.01604104492073954
2018-01-01,Malaysia,-0.0573502655912832
2018-02-01,Malaysia,-0.115548772845664
2018-03-01,Malaysia,-0.08549601268644114
2018-04-01,Malaysia,-0.1325930629399676
2018-05-01,Malaysia,-0.1333091193380784
2018-06-01,Malaysia,-0.06020774600796108
2018-07-01,Malaysia,-0.01081539051369562
2018-08-01,Malaysia,-0.07585146776700824
2018-09-01,Malaysia,-0.1149035560983009
2018-10-01,Malaysia,-0.1048516612770252
2018-11-01,Malaysia,-0.03267417191298194
2018-12-01,Malaysia,-0.04387407154065437
2019-01-01,Malaysia,-0.01959837276808962
2019-02-01,Malaysia,-0.0706905226630371
2019-03-01,Malaysia,-0.1461423750665314
2019-04-01,Malaysia,-0.2099866308569932
2019-05-01,Malaysia,-0.1579716087770817
2019-06-01,Malaysia,-0.1144899482938637
2019-07-01,Malaysia,-0.1124731489919921
2019-08-01,Malaysia,-0.02066330348071366
2019-09-01,Malaysia,-0.01554150714820113
2019-10-01,Malaysia,-0.02883145455159308
2019-11-01,Malaysia,-0.05447595986876441
2019-12-01,Malaysia,0.03607558482694251
2020-01-01,Malaysia,0.0371553967724596
2020-02-01,Malaysia,0.03466815691844238
2020-03-01,Malaysia,0.1064651752294179
2020-04-01,Malaysia,0.2071239962747515
2020-05-01,Malaysia,0.1862822555807009
2020-06-01,Malaysia,0.1096801007717738
2020-07-01,Malaysia,0.03803677063392263
2020-08-01,Malaysia,-0.08022170428756448
2020-09-01,Malaysia,0.03551586118630001
2020-10-01,Malaysia,0.01379226430180891
2020-11-01,Malaysia,0.05541606577533642
2020-12-01,Malaysia,-0.06326496123865033
2021-01-01,Malaysia,-0.06102697341421726
2021-02-01,Malaysia,-0.0569181035720232
2021-03-01,Malaysia,-0.005562552517051067
2021-04-01,Malaysia,0.01291183268884621
2021-05-01,Malaysia,-0.0430423232642495
2021-06-01,Malaysia,-0.04973968507137194
2021-07-01,Malaysia,-0.09261886488514337
2021-08-01,Malaysia,-0.03204373146402895
2021-09-01,Malaysia,-0.1049099431761479
2021-10-01,Malaysia,-0.1589092375005832
2021-11-01,Malaysia,-0.1557132902591605
2021-12-01,Malaysia,-0.03479191827995087
2022-01-01,Malaysia,-0.0596950100586946
2022-02-01,Malaysia,0.004955974628332305
2022-03-01,Malaysia,-0.1168670384753102
2022-04-01,Malaysia,-0.1076387619317769
2022-05-01,Malaysia,-0.1002210165029064
2022-06-01,Malaysia,-0.1239364663050778
2022-07-01,Malaysia,-0.06407152276474859
2022-08-01,Malaysia,0.0033697696306072
2022-09-01,Malaysia,-0.03096407779313948
2022-10-01,Malaysia,0.05242041577362699
2022-11-01,Malaysia,0.02120767744912833
2022-12-01,Malaysia,-0.03465731724953924
2023-01-01,Malaysia,-0.03395519952504622
2023-02-01,Malaysia,-0.06563181190862499
2023-03-01,Malaysia,0.03151310915901306
2023-04-01,Malaysia,0.03314584473597848
2023-05-01,Malaysia,0.06174897153509806
2023-06-01,Malaysia,0.1536360565688784
2023-07-01,Malaysia,0.1744724432267244
2023-08-01,Malaysia,0.1266197437904641
2023-09-01,Malaysia,0.2767207647666394
2023-10-01,Malaysia,0.3552275891768393
2023-11-01,Malaysia,0.2478896526343655
2023-12-01,Malaysia,0.1944397840395125
2024-01-01,Malaysia,0.205783230010135
2024-02-01,Malaysia,0.1544429099098514
2024-03-01,Malaysia,0.1319136360182049
2024-04-01,Malaysia,0.1003109721961886
2024-05-01,Malaysia,0.1305521005767871
2024-06-01,Malaysia,0.09380551079026755
2024-07-01,Malaysia,0.1259884278684484
2024-08-01,Malaysia,0.04426330814032675
2024-09-01,Malaysia,-0.004246050479821073
2024-10-01,Malaysia,-0.005618029813915681
2024-11-01,Malaysia,0.0844534668723338
2024-12-01,Malaysia,0.1133539956951579
2025-01-01,Malaysia,0.1548482105635853
2025-02-01,Malaysia,0.2953374665910808
2025-03-01,Malaysia,0.285966054811811
2025-04-01,Malaysia,0.2577169036394851
2025-05-01,Malaysia,0.2583102039270964
2025-06-01,Malaysia,0.2422498663423291
2025-07-01,Malaysia,0.1573893997503422
2025-08-01,Malaysia,0.2349060835527881
2025-09-01,Malaysia,
2025-10-01,Malaysia,
2025-11-01,Malaysia,
2025-12-01,Malaysia,
2026-01-01,Malaysia,
2026-02-01,Malaysia,
2026-03-01,Malaysia,
2026-04-01,Malaysia,
2026-05-01,Malaysia,
2026-06-01,Malaysia,
2026-07-01,Malaysia,
2026-08-01,Malaysia,
2000-02-01,Taiwan,-0.3927853767171112
2000-03-01,Taiwan,-0.4116792879207049
2000-04-01,Taiwan,-0.4423970240441467
2000-05-01,Taiwan,-0.4148496759806186
2000-06-01,Taiwan,-0.4666246249012431
2000-07-01,Taiwan,-0.4440164627667719
2000-08-01,Taiwan,-0.491807084896685
2000-09-01,Taiwan,-0.4377692992044745
2000-10-01,Taiwan,-0.4755003761358629
2000-11-01,Taiwan,-0.3335829836901977
2000-12-01,Taiwan,-0.1789505099711565
2001-01-01,Taiwan,0.08826972239703879
2001-02-01,Taiwan,-0.1185495591238802
2001-03-01,Taiwan,-0.09479768333520389
2001-04-01,Taiwan,0.001800813105112598
2001-05-01,Taiwan,0.05401651251939521
2001-06-01,Taiwan,0.0877750811128426
2001-07-01,Taiwan,0.02972828389830506
2001-08-01,Taiwan,0.07959076715691094
2001-09-01,Taiwan,-0.009873312591144434
2001-10-01,Taiwan,0.07316881708676104
2001-11-01,Taiwan,0.0772303462697419
2001-12-01,Taiwan,-0.03265268971601298
2002-01-01,Taiwan,-0.2534997082179061
2002-02-01,Taiwan,-0.2002080880616227
2002-03-01,Taiwan,-0.2614725654632925
2002-04-01,Taiwan,-0.3322269744008595
2002-05-01,Taiwan,-0.336038942002827
2002-06-01,Taiwan,-0.2364196437756084
2002-07-01,Taiwan,-0.1040693329190944
2002-08-01,Taiwan,0.0699474484940692
2002-09-01,Taiwan,0.2216197653299241
2002-10-01,Taiwan,0.4479754935907208
2002-11-01,Taiwan,0.3939656335124064
2002-12-01,Taiwan,0.285310259096609
2003-01-01,Taiwan,0.4008565692559285
2003-02-01,Taiwan,0.3585754209287992
2003-03-01,Taiwan,0.6056164721392032
2003-04-01,Taiwan,0.587866387878804
2003-05-01,Taiwan,0.5235337071591839
2003-06-01,Taiwan,0.3419079290558162
2003-07-01,Taiwan,0.211920636260243
2003-08-01,Taiwan,-0.008193204929004105
2003-09-01,Taiwan,-0.02524324401327693
2003-10-01,Taiwan,-0.03001463575846286
2003-11-01,Taiwan,-0.09473506557310418
2003-12-01,Taiwan,0.02293212900706898
2004-01-01,Taiwan,0.06649742215966792
2004-02-01,Taiwan,-0.04929155604909274
2004-03-01,Taiwan,-0.03112769821273476
2004-04-01,Taiwan,-0.06460991238220093
2004-05-01,Taiwan,-0.01074861796795479
2004-06-01,Taiwan,0.05841543173344799
2004-07-01,Taiwan,0.1191367584004563
2004-08-01,Taiwan,0.2276607079989739
2004-09-01,Taiwan,0.07241505297771278
2004-10-01,Taiwan,0.07810658030124706
2004-11-01,Taiwan,0.00619374700463915
2004-12-01,Taiwan,0.03055436791121613
2005-01-01,Taiwan,0.03421327006277664
2005-02-01,Taiwan,0.0994498370691772
2005-03-01,Taiwan,0.0321127031566002
2005-04-01,Taiwan,0.09850980273583754
2005-05-01,Taiwan,0.2250844493720663
2005-06-01,Taiwan,0.09834610733627391
2005-07-01,Taiwan,0.04776169819371345
2005-08-01,Taiwan,-0.01210232732834349
2005-09-01,Taiwan,0.08342827291723465
2005-10-01,Taiwan,0.1207797930291585
2005-11-01,Taiwan,0.2142588639530716
2005-12-01,Taiwan,0.2309967344118915
2006-01-01,Taiwan,0.1645851869759436
2006-02-01,Taiwan,0.09895442690963274
2006-03-01,Taiwan,0.1245786688183921
2006-04-01,Taiwan,0.09845380041117036
2006-05-01,Taiwan,-0.003896697776726521
2006-06-01,Taiwan,0.1094934664814349
2006-07-01,Taiwan,0.2429286912145001
2006-08-01,Taiwan,0.3427741311493238
2006-09-01,Taiwan,0.2683409508947159
2006-10-01,Taiwan,0.2909308063362908
2006-11-01,Taiwan,0.3495086139850583
2006-12-01,Taiwan,0.0846021161648669
2007-01-01,Taiwan,0.05556189650055932
2007-02-01,Taiwan,-0.02873493032550445
2007-03-01,Taiwan,0.09600298680443653
2007-04-01,Taiwan,0.1481792655154879
2007-05-01,Taiwan,0.1991958212547096
2007-06-01,Taiwan,0.1169100686311795
2007-07-01,Taiwan,-0.09609082617652587
2007-08-01,Taiwan,-0.1940211227389731
2007-09-01,Taiwan,-0.1816848414647209
2007-10-01,Taiwan,-0.3752390188618958
2007-11-01,Taiwan,-0.5191432391496682
2007-12-01,Taiwan,-0.5168858984502241
2008-01-01,Taiwan,-0.485985786423304
2008-02-01,Taiwan,-0.4832774379077465
2008-03-01,Taiwan,-0.5321924933942027
2008-04-01,Taiwan,-0.471218219047069
2008-05-01,Taiwan,-0.4042580254521858
2008-06-01,Taiwan,-0.2905865247935817
2008-07-01,Taiwan,-0.2598487771532462
2008-08-01,Taiwan,-0.1020605725896294
2008-09-01,Taiwan,-0.1154400052677099
2008-10-01,Taiwan,0.2323722639038586
2008-11-01,Taiwan,0.4563078707265997
2008-12-01,Taiwan,0.6958652111562145
2009-01-01,Taiwan,0.7532642293578826
2009-02-01,Taiwan,0.8225945880377379
2009-03-01,Taiwan,0.6887908300110774
2009-04-01,Taiwan,0.5567543289977603
2009-05-01,Taiwan,0.359741411175359
2009-06-01,Taiwan,0.06409084975851709
2009-07-01,Taiwan,0.1294441842523082
2009-08-01,Taiwan,0.09533382589620665
2009-09-01,Taiwan,0.1103908677567438
2009-10-01,Taiwan,0.09125895197232148
2009-11-01,Taiwan,0.1692993097501492
2009-12-01,Taiwan,0.1434771497379692
2010-01-01,Taiwan,0.184913542761435
2010-02-01,Taiwan,0.3076028076370874
2010-03-01,Taiwan,0.2382654441480174
2010-04-01,Taiwan,0.1797729679319935
2010-05-01,Taiwan,0.2268641009136536
2010-06-01,Taiwan,0.3542355890992113
2010-07-01,Taiwan,0.3151327630053029
2010-08-01,Taiwan,0.2147355786828287
2010-09-01,Taiwan,0.1206598300412844
2010-10-01,Taiwan,-0.09492834573498543
2010-11-01,Taiwan,-0.05878163927789071
2010-12-01,Taiwan,-0.1610167410519662
2011-01-01,Taiwan,-0.231822348683459
2011-02-01,Taiwan,-0.1887077373376436
2011-03-01,Taiwan,-0.04454706423301125
2011-04-01,Taiwan,-0.08158285382686481
2011-05-01,Taiwan,-0.1747285095427235
2011-06-01,Taiwan,-0.2126947939665581
2011-07-01,Taiwan,-0.1774178724233788
2011-08-01,Taiwan,-0.1772692805652961
2011-09-01,Taiwan,-0.07039446738608646
2011-10-01,Taiwan,0.1142745532187983
2011-11-01,Taiwan,-0.02080361635038963
2011-12-01,Taiwan,0.1592441065122643
2012-01-01,Taiwan,0.1359039052893694
2012-02-01,Taiwan,0.04465744809831107
2012-03-01,Taiwan,-0.02378006587554582
2012-04-01,Taiwan,-0.009844355624513246
2012-05-01,Taiwan,0.0750222674831662
2012-06-01,Taiwan,0.130994130312905
2012-07-01,Taiwan,0.1112532848970484
2012-08-01,Taiwan,0.1173853110391585
2012-09-01,Taiwan,0.08483532032256114
2012-10-01,Taiwan,0.03877357500455725
2012-11-01,Taiwan,0.1554415403737819
2012-12-01,Taiwan,0.06151841512772749
2013-01-01,Taiwan,0.06709855138265253
2013-02-01,Taiwan,0.02947875748066475
2013-03-01,Taiwan,0.04292810721306228
2013-04-01,Taiwan,0.08111136104879835
2013-05-01,Taiwan,0.05151900228651973
2013-06-01,Taiwan,0.09381123091954979
2013-07-01,Taiwan,0.1715722407174693
2013-08-01,Taiwan,0.1654151885393489
2013-09-01,Taiwan,0.2123795064093419
2013-10-01,Taiwan,0.0979727214652728
2013-11-01,Taiwan,0.07766904932361252
2013-12-01,Taiwan,0.1098647644339286
2014-01-01,Taiwan,0.07039841606877295
2014-02-01,Taiwan,0.1182530699052469
2014-03-01,Taiwan,0.1397734473744041
2014-04-01,Taiwan,0.100522050595647
2014-05-01,Taiwan,0.1367222768853404
2014-06-01,Taiwan,0.09162591804253184
2014-07-01,Taiwan,0.00233735985537864
2014-08-01,Taiwan,-0.07061277144434253
2014-09-01,Taiwan,-0.1744217389764349
2014-10-01,Taiwan,-0.1384458170147779
2014-11-01,Taiwan,-0.1126279422706079
2014-12-01,Taiwan,-0.154487129514857
2015-01-01,Taiwan,-0.1423969180586233
2015-02-01,Taiwan,-0.190086392335151
2015-03-01,Taiwan,-0.1867469167296462
2015-04-01,Taiwan,-0.1112993929235089
2015-05-01,Taiwan,-0.1948715655822236
2015-06-01,Taiwan,-0.1792549665771956
2015-07-01,Taiwan,-0.1172167612268652
2015-08-01,Taiwan,0.01736396316704858
2015-09-01,Taiwan,0.1258042536729524
2015-10-01,Taiwan,0.1897944721119085
2015-11-01,Taiwan,0.1432457366875426
2015-12-01,Taiwan,0.1557882162446498
2016-01-01,Taiwan,0.1499351213074211
2016-02-01,Taiwan,0.2649657481758549
2016-03-01,Taiwan,0.2720048578486574
2016-04-01,Taiwan,0.1932932185704683
2016-05-01,Taiwan,0.2861160857202383
2016-06-01,Taiwan,0.2945558602293032
2016-07-01,Taiwan,0.2933064703464172
2016-08-01,Taiwan,0.2406337387086284
2016-09-01,Taiwan,0.2377327108870506
2016-10-01,Taiwan,0.1658358646913045
2016-11-01,Taiwan,0.2221583981156641
2016-12-01,Taiwan,0.2094621523440854
2017-01-01,Taiwan,0.2396195478782912
2017-02-01,Taiwan,0.2708264189534477
2017-03-01,Taiwan,0.1774234197483975
2017-04-01,Taiwan,0.172097435879712
2017-05-01,Taiwan,0.09601169052946879
2017-06-01,Taiwan,0.06837544191275535
2017-07-01,Taiwan,0.007458639472848638
2017-08-01,Taiwan,0.0304370175342914
2017-09-01,Taiwan,0.0256848211492402
2017-10-01,Taiwan,0.06439682634457133
2017-11-01,Taiwan,-0.1170925012315325
2017-12-01,Taiwan,-0.09354490146861594
2018-01-01,Taiwan,-0.1166337921908944
2018-02-01,Taiwan,-0.1648874171833767
2018-03-01,Taiwan,-0.09794633981465484
2018-04-01,Taiwan,-0.08909421609287582
2018-05-01,Taiwan,-0.007612034956343217
2018-06-01,Taiwan,-0.08333840565431383
2018-07-01,Taiwan,-0.01862789171673684
2018-08-01,Taiwan,-0.03728458194835094
2018-09-01,Taiwan,-0.06819244484898501
2018-10-01,Taiwan,-0.03340379551549844
2018-11-01,Taiwan,0.184768387046836
2018-12-01,Taiwan,0.2119151043164467
2019-01-01,Taiwan,0.3174049202006464
2019-02-01,Taiwan,0.234316327851871
2019-03-01,Taiwan,0.1560652301854744
2019-04-01,Taiwan,-0.02455554644372415
2019-05-01,Taiwan,0.07051459188770193
2019-06-01,Taiwan,0.1315830493443118
2019-07-01,Taiwan,0.1796073432762173
2019-08-01,Taiwan,0.3347013954180147
2019-09-01,Taiwan,0.3429976024291308
2019-10-01,Taiwan,0.3150060883364176
2019-11-01,Taiwan,0.2320759065783871
2019-12-01,Taiwan,0.3351307234100371
2020-01-01,Taiwan,0.3738779641908143
2020-02-01,Taiwan,0.5355550580993469
2020-03-01,Taiwan,0.6371236899436168
2020-04-01,Taiwan,0.8854376498204091
2020-05-01,Taiwan,0.7793646792493074
2020-06-01,Taiwan,0.8035571714193999
2020-07-01,Taiwan,0.666830666430202
2020-08-01,Taiwan,0.40776090855418
2020-09-01,Taiwan,0.4944191480335038
2020-10-01,Taiwan,0.4037775207501444
2020-11-01,Taiwan,0.3945821352234737
2020-12-01,Taiwan,0.2954061634084755
2021-01-01,Taiwan,0.2362710466382312
2021-02-01,Taiwan,0.1376485528760862
2021-03-01,Taiwan,0.05993108996180108
2021-04-01,Taiwan,0.0408669448137835
2021-05-01,Taiwan,-0.128399319737621
2021-06-01,Taiwan,-0.08591830460479244
2021-07-01,Taiwan,-0.2281574837742014
2021-08-01,Taiwan,-0.1917915898243124
2021-09-01,Taiwan,-0.234708578360591
2021-10-01,Taiwan,-0.3280519990787609
2021-11-01,Taiwan,-0.3664738879414469
2021-12-01,Taiwan,-0.2424251812294252
2022-01-01,Taiwan,-0.3208216883986954
2022-02-01,Taiwan,-0.2193449093370318
2022-03-01,Taiwan,-0.2080076550780499
2022-04-01,Taiwan,-0.1659329331748481
2022-05-01,Taiwan,-0.1147626170380122
2022-06-01,Taiwan,-0.08298137691414231
2022-07-01,Taiwan,0.08795930589645073
2022-08-01,Taiwan,0.07178678177102382
2022-09-01,Taiwan,0.03745371010590537
2022-10-01,Taiwan,0.186397231922987
2022-11-01,Taiwan,0.2295997699214203
2022-12-01,Taiwan,0.1385489642944382
2023-01-01,Taiwan,0.2705982994277065
2023-02-01,Taiwan,0.1134955636351149
2023-03-01,Taiwan,0.187623987197288
2023-04-01,Taiwan,0.2441052598855586
2023-05-01,Taiwan,0.2694687696238627
2023-06-01,Taiwan,0.2453700795016418
2023-07-01,Taiwan,0.3810055465871796
2023-08-01,Taiwan,0.3104352917332853
2023-09-01,Taiwan,0.4203699334774909
2023-10-01,Taiwan,0.4990740588733675
2023-11-01,Taiwan,0.5812588311996316
2023-12-01,Taiwan,0.3346951708085415
2024-01-01,Taiwan,0.3197238175889139
2024-02-01,Taiwan,0.3797406517722519
2024-03-01,Taiwan,0.2510531879471636
2024-04-01,Taiwan,0.0256156759109436
2024-05-01,Taiwan,0.07589785367329815
2024-06-01,Taiwan,0.1496704902676398
2024-07-01,Taiwan,0.1208343322092651
2024-08-01,Taiwan,0.2344739131057403
2024-09-01,Taiwan,0.184017648722014
2024-10-01,Taiwan,0.2755735637797734
2024-11-01,Taiwan,0.3506967096338793
2024-12-01,Taiwan,0.3432644191083107
2025-01-01,Taiwan,0.3628278858692349
2025-02-01,Taiwan,0.4667059097278461
2025-03-01,Taiwan,0.7296130049994412
2025-04-01,Taiwan,0.7027818089371687
2025-05-01,Taiwan,1.098109950244705
2025-06-01,Taiwan,1.172801023926423
2025-07-01,Taiwan,1.017442601050606
2025-08-01,Taiwan,0.8153970087122409
2025-09-01,Taiwan,
2025-10-01,Taiwan,
2025-11-01,Taiwan,
2025-12-01,Taiwan,
2026-01-01,Taiwan,
2026-02-01,Taiwan,
2026-03-01,Taiwan,
2026-04-01,Taiwan,
2026-05-01,Taiwan,
2026-06-01,Taiwan,
2026-07-01,Taiwan,
2026-08-01,Taiwan,
2000-02-01,Mexico,0.0201493961532726
2000-03-01,Mexico,-0.1639047564085075
2000-04-01,Mexico,-0.2105820054908003
2000-05-01,Mexico,-0.02948683459910939
2000-06-01,Mexico,0.170243926538588
2000-07-01,Mexico,0.05786294969602546
2000-08-01,Mexico,0.04666695851428759
2000-09-01,Mexico,-0.01953834300581903
2000-10-01,Mexico,-0.1091226124869307
2000-11-01,Mexico,-0.07295927233679034
2000-12-01,Mexico,0.06825356525017923
2001-01-01,Mexico,0.1853892092776548
2001-02-01,Mexico,0.1199154884537619
2001-03-01,Mexico,0.1714132301637306
2001-04-01,Mexico,0.3398640954161543
2001-05-01,Mexico,0.202807524739963
2001-06-01,Mexico,0.02098733000586006
2001-07-01,Mexico,-0.09703671794900481
2001-08-01,Mexico,-0.1326058959746222
2001-09-01,Mexico,-0.0870771401287227
2001-10-01,Mexico,-0.03479345991399929
2001-11-01,Mexico,-0.03228736965435464
2001-12-01,Mexico,-0.02058626462365531
2002-01-01,Mexico,-0.1335919703892638
2002-02-01,Mexico,-0.2451601937551183
2002-03-01,Mexico,-0.2434478417844248
2002-04-01,Mexico,-0.3050585978433176
2002-05-01,Mexico,-0.1891084345883347
2002-06-01,Mexico,-0.09373637297699555
2002-07-01,Mexico,0.04944108316677487
2002-08-01,Mexico,0.1784401899026375
2002-09-01,Mexico,0.1301496888703417
2002-10-01,Mexico,0.291950116437822
2002-11-01,Mexico,0.2430256881763084
2002-12-01,Mexico,0.2311133245107091
2003-01-01,Mexico,0.3283120292895938
2003-02-01,Mexico,0.5216006386665457
2003-03-01,Mexico,0.6443261417327628
2003-04-01,Mexico,0.6949748238449023
2003-05-01,Mexico,0.3709036262098044
2003-06-01,Mexico,0.3504072689840469
2003-07-01,Mexico,0.3212992956497684
2003-08-01,Mexico,0.2457634722531843
2003-09-01,Mexico,0.2831156642591737
2003-10-01,Mexico,0.3311606697368707
2003-11-01,Mexico,0.3692582495084289
2003-12-01,Mexico,0.417814509519727
2004-01-01,Mexico,0.4833974722712562
2004-02-01,Mexico,0.3690485280335816
2004-03-01,Mexico,0.3982487028489055
2004-04-01,Mexico,0.2065981247303517
2004-05-01,Mexico,0.2719830738130389
2004-06-01,Mexico,0.367849536613913
2004-07-01,Mexico,0.4227614179608106
2004-08-01,Mexico,0.5816371505448226
2004-09-01,Mexico,0.5414156344911427
2004-10-01,Mexico,0.6477336529241788
2004-11-01,Mexico,0.5283371104660457
2004-12-01,Mexico,0.5417733706036794
2005-01-01,Mexico,0.4931825977865343
2005-02-01,Mexico,0.6150088911810074
2005-03-01,Mexico,0.4770706301536733
2005-04-01,Mexico,0.6375261764426894
2005-05-01,Mexico,0.7630324773111747
2005-06-01,Mexico,0.4370809834149572
2005-07-01,Mexico,0.3921174176040498
2005-08-01,Mexico,0.3610992525090229
2005-09-01,Mexico,0.4275129777748279
2005-10-01,Mexico,0.323309073600913
2005-11-01,Mexico,0.4452035055410857
2005-12-01,Mexico,0.3937437136314508
2006-01-01,Mexico,0.4100485381425765
2006-02-01,Mexico,0.3342467214291149
2006-03-01,Mexico,0.3007070747484053
2006-04-01,Mexico,0.3950172547058644
2006-05-01,Mexico,0.3489301310276307
2006-06-01,Mexico,0.6924450977546008
2006-07-01,Mexico,0.6391556180354874
2006-08-01,Mexico,0.4707964740382817
2006-09-01,Mexico,0.4043575163619055
2006-10-01,Mexico,0.3512693215006584
2006-11-01,Mexico,0.3254283358181567
2006-12-01,Mexico,0.1974843025439617
2007-01-01,Mexico,0.1181701343758836
2007-02-01,Mexico,0.07673150361172087
2007-03-01,Mexico,0.1272231435583278
2007-04-01,Mexico,0.1089803393759012
2007-05-01,Mexico,0.06915191975474899
2007-06-01,Mexico,0.01882819137420744
2007-07-01,Mexico,-0.06347965000090272
2007-08-01,Mexico,-0.06565224129714864
2007-09-01,Mexico,-0.09455109366189385
2007-10-01,Mexico,-0.2050077787324259
2007-11-01,Mexico,-0.4741472124707788
2007-12-01,Mexico,-0.4627684737737762
2008-01-01,Mexico,-0.4319188138887712
2008-02-01,Mexico,-0.4975912448404769
2008-03-01,Mexico,-0.5670032462541662
2008-04-01,Mexico,-0.5347865627309245
2008-05-01,Mexico,-0.4572923821241334
2008-06-01,Mexico,-0.4003119121745687
2008-07-01,Mexico,-0.3368824055976651
2008-08-01,Mexico,-0.2332795845437466
2008-09-01,Mexico,-0.1591852539195716
2008-10-01,Mexico,-0.0351687572414443
2008-11-01,Mexico,0.3985279345151744
2008-12-01,Mexico,0.5954462385672967
2009-01-01,Mexico,0.5669783380353086
2009-02-01,Mexico,0.6833933244917716
2009-03-01,Mexico,1.023629102282684
2009-04-01,Mexico,0.9637987517332947
2009-05-01,Mexico,0.7162168236222322
2009-06-01,Mexico,0.3685694916688769
2009-07-01,Mexico,0.317298267396724
2009-08-01,Mexico,0.2604486996666031
2009-09-01,Mexico,0.1396669691317658
2009-10-01,Mexico,0.2430830998104625
2009-11-01,Mexico,0.3386537361473752
2009-12-01,Mexico,0.2404303572041904
2010-01-01,Mexico,0.2761150434387412
2010-02-01,Mexico,0.3222524881993676
2010-03-01,Mexico,0.2791851359212774
2010-04-01,Mexico,0.190500356447552
2010-05-01,Mexico,0.2096935725703659
2010-06-01,Mexico,0.252320622041627
2010-07-01,Mexico,0.301408003229847
2010-08-01,Mexico,0.2198996672123958
2010-09-01,Mexico,0.2289491775665999
2010-10-01,Mexico,-0.06295264525368038
2010-11-01,Mexico,-0.01377672017352205
2010-12-01,Mexico,-0.05094560634556655
2011-01-01,Mexico,-0.1211510850857863
2011-02-01,Mexico,-0.02831058989518298
2011-03-01,Mexico,-0.007423334593159137
2011-04-01,Mexico,0.009753112654710572
2011-05-01,Mexico,-0.01294807464274206
2011-06-01,Mexico,-0.1007117009264201
2011-07-01,Mexico,0.004163389999892075
2011-08-01,Mexico,0.03515214926863086
2011-09-01,Mexico,0.05759317509402151
2011-10-01,Mexico,0.335941080663579
2011-11-01,Mexico,0.1706047516730043
2011-12-01,Mexico,0.2144574124800978
2012-01-01,Mexico,0.2909067299998989
2012-02-01,Mexico,0.2678941893073805
2012-03-01,Mexico,0.1933799711513355
2012-04-01,Mexico,0.1847785947514056
2012-05-01,Mexico,0.1667706586669591
2012-06-01,Mexico,0.2454005207286449
2012-07-01,Mexico,0.06397868205460155
2012-08-01,Mexico,0.06012090633098421
2012-09-01,Mexico,0.01336712045679689
2012-10-01,Mexico,-0.02061881173806934
2012-11-01,Mexico,0.02107889648856132
2012-12-01,Mexico,0.03104154071442755
2013-01-01,Mexico,0.0009913637126914843
2013-02-01,Mexico,-0.1130330505316102
2013-03-01,Mexico,-0.1190004299886214
2013-04-01,Mexico,-0.1032807184026368
2013-05-01,Mexico,-0.08182192745859096
2013-06-01,Mexico,0.005989786239371186
2013-07-01,Mexico,0.07654234103098578
2013-08-01,Mexico,0.07114400277975497
2013-09-01,Mexico,0.2043111083610214
2013-10-01,Mexico,0.1180866853322085
2013-11-01,Mexico,0.06971984890218286
2013-12-01,Mexico,-0.006021425750482257
2014-01-01,Mexico,-0.09201380568811435
2014-02-01,Mexico,-0.08707085624635968
2014-03-01,Mexico,0.01841475630392853
2014-04-01,Mexico,-0.06309447406205138
2014-05-01,Mexico,-0.05734708720525139
2014-06-01,Mexico,-0.08199614439340996
2014-07-01,Mexico,-0.1175087423414514
2014-08-01,Mexico,-0.1517040521835546
2014-09-01,Mexico,-0.2449524542494166
2014-10-01,Mexico,-0.2385360151743865
2014-11-01,Mexico,-0.1802822359545203
2014-12-01,Mexico,-0.1656212640522836
2015-01-01,Mexico,-0.1421239799901752
2015-02-01,Mexico,-0.1182099721216356
2015-03-01,Mexico,-0.1714869809667944
2015-04-01,Mexico,-0.05079586441341788
2015-05-01,Mexico,-0.06132410025851398
2015-06-01,Mexico,-0.1380797175322227
2015-07-01,Mexico,-0.120201914323805
2015-08-01,Mexico,-0.09944748744474041
2015-09-01,Mexico,-0.0232965948048468
2015-10-01,Mexico,-0.02320339016284301
2015-11-01,Mexico,-0.04307525373010723
2015-12-01,Mexico,-0.1408558504488598
2016-01-01,Mexico,-0.08948068869008696
2016-02-01,Mexico,-0.03681669384246744
2016-03-01,Mexico,-0.01338124209594316
2016-04-01,Mexico,-0.02607015372774146
2016-05-01,Mexico,-0.0154623246343133
2016-06-01,Mexico,0.07253304711351127
2016-07-01,Mexico,0.1231030697549857
2016-08-01,Mexico,0.1735912233591752
2016-09-01,Mexico,0.1686807955566956
2016-10-01,Mexico,0.1655960674579862
2016-11-01,Mexico,0.02655668685787616
2016-12-01,Mexico,0.1707369150347176
2017-01-01,Mexico,0.1631365753781122
2017-02-01,Mexico,0.2274573923632508
2017-03-01,Mexico,0.1024154535332247
2017-04-01,Mexico,0.01160769195363054
2017-05-01,Mexico,0.02514359855203985
2017-06-01,Mexico,-0.1182752531710149
2017-07-01,Mexico,-0.09025843484207707
2017-08-01,Mexico,-0.05162513887256093
2017-09-01,Mexico,-0.09013530508973733
2017-10-01,Mexico,-0.04123543171368538
2017-11-01,Mexico,-0.1430816532184208
2017-12-01,Mexico,-0.1800976070708951
2018-01-01,Mexico,-0.1526765462732346
2018-02-01,Mexico,-0.1375992480450328
2018-03-01,Mexico,-0.110027277849311
2018-04-01,Mexico,-0.1139175835769261
2018-05-01,Mexico,-0.08797321195714503
2018-06-01,Mexico,-0.01830980201559407
2018-07-01,Mexico,-0.07010105277996592
2018-08-01,Mexico,-0.1768761548499642
2018-09-01,Mexico,-0.1535292057113676
2018-10-01,Mexico,-0.1449435951427749
2018-11-01,Mexico,0.071356119356498
2018-12-01,Mexico,0.1026371611712409
2019-01-01,Mexico,0.1182584247272154
2019-02-01,Mexico,0.03260411734655966
2019-03-01,Mexico,-0.03020633911162074
2019-04-01,Mexico,-0.3159930498234756
2019-05-01,Mexico,-0.3219057135011628
2019-06-01,Mexico,-0.2235293668203829
2019-07-01,Mexico,-0.2505777017683073
2019-08-01,Mexico,-0.1984904084340645
2019-09-01,Mexico,-0.190591598755983
2019-10-01,Mexico,-0.2026370804425827
2019-11-01,Mexico,-0.2119003215668497
2019-12-01,Mexico,-0.03265867095829622
2020-01-01,Mexico,-0.01618118037345007
2020-02-01,Mexico,-0.07055747686035807
2020-03-01,Mexico,0.03695382782118029
2020-04-01,Mexico,0.5882255537092658
2020-05-01,Mexico,0.5662743526069534
2020-06-01,Mexico,0.5915548392079795
2020-07-01,Mexico,0.5637249053259199
2020-08-01,Mexico,0.5551190018380208
2020-09-01,Mexico,0.632051317869436
2020-10-01,Mexico,0.5176941266244466
2020-11-01,Mexico,0.4805187009417873
2020-12-01,Mexico,0.159160884089564
2021-01-01,Mexico,0.2307893639058185
2021-02-01,Mexico,0.2177863741094392
2021-03-01,Mexico,0.2725447859124301
2021-04-01,Mexico,0.2831906726987619
2021-05-01,Mexico,0.1095957156718477
2021-06-01,Mexico,0.08510680606773113
2021-07-01,Mexico,-0.002859781699893871
2021-08-01,Mexico,-0.02598090834376787
2021-09-01,Mexico,-0.1232122992697543
2021-10-01,Mexico,-0.07120262751726791
2021-11-01,Mexico,0.05933378838924219
2021-12-01,Mexico,0.1928949295772842
2022-01-01,Mexico,-0.01645124301602396
2022-02-01,Mexico,0.2146345967592811
2022-03-01,Mexico,0.1556425779282253
2022-04-01,Mexico,0.08969221207580302
2022-05-01,Mexico,0.2564573549339872
2022-06-01,Mexico,0.1576607892699664
2022-07-01,Mexico,0.3569041212392265
2022-08-01,Mexico,0.4207037746698084
2022-09-01,Mexico,0.4277544608491617
2022-10-01,Mexico,0.341945657121675
2022-11-01,Mexico,0.1061071572015684
2022-12-01,Mexico,0.2056774126015393
2023-01-01,Mexico,0.4153719248883263
2023-02-01,Mexico,0.18710453077647
2023-03-01,Mexico,0.1555412783316563
2023-04-01,Mexico,0.1819141535807225
2023-05-01,Mexico,0.1094273458121979
2023-06-01,Mexico,0.1102467288779951
2023-07-01,Mexico,-0.06050234798646104
2023-08-01,Mexico,-0.09439828159116614
2023-09-01,Mexico,-0.1013618263380878
2023-10-01,Mexico,-0.02832030028700949
2023-11-01,Mexico,-0.01616482075315973
2023-12-01,Mexico,-0.1739928140425979
2024-01-01,Mexico,-0.2669799022955539
2024-02-01,Mexico,-0.2251658067165121
2024-03-01,Mexico,-0.1768848591274721
2024-04-01,Mexico,-0.2081844826773503
2024-05-01,Mexico,-0.07051677695709646
2024-06-01,Mexico,-0.004155283196668247
2024-07-01,Mexico,0.137743793414445
2024-08-01,Mexico,0.1272700725576321
2024-09-01,Mexico,0.2274233964013532
2024-10-01,Mexico,0.332289480488686
2024-11-01,Mexico,0.3910930164098261
2024-12-01,Mexico,0.4743887270210561
2025-01-01,Mexico,0.5694047084048968
2025-02-01,Mexico,0.6587057570328765
2025-03-01,Mexico,0.7218813142064413
2025-04-01,Mexico,0.5568519959882754
2025-05-01,Mexico,0.4136364982325682
2025-06-01,Mexico,0.401892145973102
2025-07-01,Mexico,0.3289273757644384
2025-08-01,Mexico,0.35600605963317
2025-09-01,Mexico,
2025-10-01,Mexico,
2025-11-01,Mexico,
2025-12-01,Mexico,
2026-01-01,Mexico,
2026-02-01,Mexico,
2026-03-01,Mexico,
2026-04-01,Mexico,
2026-05-01,Mexico,
2026-06-01,Mexico,
2026-07-01,Mexico,
2026-08-01,Mexico,
2000-02-01,Korea,-0.3588235294117647
2000-03-01,Korea,-0.3072082379862701
2000-04-01,Korea,-0.4710997442455243
2000-05-01,Korea,-0.3196531791907514
2000-06-01,Korea,-0.255281690140845
2000-07-01,Korea,-0.3831101956745623
2000-08-01,Korea,-0.3186003683241252
2000-09-01,Korea,-0.2746835443037975
2000-10-01,Korea,-0.2997827661115134
2000-11-01,Korea,-0.003571428571428559
2000-12-01,Korea,0.3374760994263861
2001-01-01,Korea,0.5074478649453822
2001-02-01,Korea,0.2507645259938838
2001-03-01,Korea,0.4880264244426094
2001-04-01,Korea,0.8868471953578334
2001-05-01,Korea,0.659303313508921
2001-06-01,Korea,0.5563435776201733
2001-07-01,Korea,0.5726210350584309
2001-08-01,Korea,0.6495495495495496
2001-09-01,Korea,0.6038394415357766
2001-10-01,Korea,0.6380558428128233
2001-11-01,Korea,0.4838709677419355
2001-12-01,Korea,0.3380986418870622
2002-01-01,Korea,0.09025032938076438
2002-02-01,Korea,-0.03300733496332509
2002-03-01,Korea,-0.1714761376248614
2002-04-01,Korea,-0.3085597129677089
2002-05-01,Korea,-0.2109575012800819
2002-06-01,Korea,-0.1721518987341772
2002-07-01,Korea,-0.06104033970276013
2002-08-01,Korea,0.0693610049153468
2002-09-01,Korea,0.1262241566920566
2002-10-01,Korea,0.2241161616161615
2002-11-01,Korea,0.3031400966183575
2002-12-01,Korea,0.1506410256410255
2003-01-01,Korea,0.3643504531722053
2003-02-01,Korea,0.5606826801517066
2003-03-01,Korea,0.7073007367716011
2003-04-01,Korea,0.9532987398072648
2003-05-01,Korea,0.6015574302401039
2003-06-01,Korea,0.4146788990825687
2003-07-01,Korea,0.2781232334652346
2003-08-01,Korea,0.05822267620020427
2003-09-01,Korea,0.09613526570048303
2003-10-01,Korea,0.2124806601340898
2003-11-01,Korea,0.1098239110287302
2003-12-01,Korea,0.2321262766945218
2004-01-01,Korea,0.2280779450841453
2004-02-01,Korea,0.1988659376265693
2004-03-01,Korea,0.2805021577089055
2004-04-01,Korea,0.1624288425047438
2004-05-01,Korea,0.1807131280388978
2004-06-01,Korea,0.3220925205361003
2004-07-01,Korea,0.3578062804068995
2004-08-01,Korea,0.665057915057915
2004-09-01,Korea,0.4799471132657558
2004-10-01,Korea,0.5916631220757123
2004-11-01,Korea,0.4659707724425888
2004-12-01,Korea,0.4841748304446116
2005-01-01,Korea,0.582041110710422
2005-02-01,Korea,0.5986486486486489
2005-03-01,Korea,0.402879901960784
2005-04-01,Korea,0.4887365328109696
2005-05-01,Korea,0.6708991077556623
2005-06-01,Korea,0.4699149771092217
2005-07-01,Korea,0.4413680781758957
2005-08-01,Korea,0.2791304347826089
2005-09-01,Korea,0.3466349017272186
2005-10-01,Korea,0.2458578300374132
2005-11-01,Korea,0.3221304471660495
2005-12-01,Korea,0.2444782939832446
2006-01-01,Korea,0.1328926373375883
2006-02-01,Korea,-0.004649196956889368
2006-03-01,Korea,0.07184974885346151
2006-04-01,Korea,0.1057017543859649
2006-05-01,Korea,0.09755596631751895
2006-06-01,Korea,0.2863181312569523
2006-07-01,Korea,0.3489265536723163
2006-08-01,Korea,0.4985270790845229
2006-09-01,Korea,0.3971693940734189
2006-10-01,Korea,0.4586014586014586
2006-11-01,Korea,0.5620422231796638
2006-12-01,Korea,0.3368013055895551
2007-01-01,Korea,0.3221327967806842
2007-02-01,Korea,0.1963906581740977
2007-03-01,Korea,0.1996740016299918
2007-04-01,Korea,0.119595398651329
2007-05-01,Korea,0.1296781437125749
2007-06-01,Korea,0.0300933932895191
2007-07-01,Korea,-0.1266543809683364
2007-08-01,Korea,-0.2241040375018902
2007-09-01,Korea,-0.3002532446976892
2007-10-01,Korea,-0.4120588235294118
2007-11-01,Korea,-0.6138463660184801
2007-12-01,Korea,-0.6299404852739203
2008-01-01,Korea,-0.5639933039111247
2008-02-01,Korea,-0.5075421472937001
2008-03-01,Korea,-0.6095448369565217
2008-04-01,Korea,-0.479185119574845
2008-05-01,Korea,-0.4157694218982938
2008-06-01,Korea,-0.3834788448623236
2008-07-01,Korea,-0.3017456359102244
2008-08-01,Korea,-0.1563048138764374
2008-09-01,Korea,-0.01379778330694414
2008-10-01,Korea,0.2251125562781391
2008-11-01,Korea,0.6267857142857143
2008-12-01,Korea,0.8977319587628867
2009-01-01,Korea,0.7650959860383948
2009-02-01,Korea,0.7376576576576577
2009-03-01,Korea,1.077859939103958
2009-04-01,Korea,0.7707482993197279
2009-05-01,Korea,0.554295435214063
2009-06-01,Korea,0.2938453159041394
2009-07-01,Korea,0.323076923076923
2009-08-01,Korea,0.1958881958881959
2009-09-01,Korea,0.1566513761467889
2009-10-01,Korea,0.1549612086565944
2009-11-01,Korea,0.2568605927552141
2009-12-01,Korea,0.2444589308996088
2010-01-01,Korea,0.2748665216531541
2010-02-01,Korea,0.3629199502281211
2010-03-01,Korea,0.286790872932803
2010-04-01,Korea,0.3131002689204765
2010-05-01,Korea,0.3340021889821232
2010-06-01,Korea,0.4809513786571247
2010-07-01,Korea,0.4333471760797343
2010-08-01,Korea,0.356384006181186
2010-09-01,Korea,0.2082093991671623
2010-10-01,Korea,-0.06664309704790516
2010-11-01,Korea,0.06043668122270729
2010-12-01,Korea,-0.002444560852103983
2011-01-01,Korea,-0.124709167054444
2011-02-01,Korea,-0.0521911138161899
2011-03-01,Korea,0.06181877338539121
2011-04-01,Korea,-0.05090696313633691
2011-05-01,Korea,-0.112676056338028
2011-06-01,Korea,-0.1826321773735078
2011-07-01,Korea,-0.1397942923366653
2011-08-01,Korea,-0.1257476502420963
2011-09-01,Korea,-0.000820613819136673
2011-10-01,Korea,0.2304924242424242
2011-11-01,Korea,0.04117937736781419
2011-12-01,Korea,0.1347803255732538
2012-01-01,Korea,0.2225766436292751
2012-02-01,Korea,0.05972066142237931
2012-03-01,Korea,0.05255094223992662
2012-04-01,Korea,0.01695437731196048
2012-05-01,Korea,-0.008167668361843239
2012-06-01,Korea,0.1238045557294385
2012-07-01,Korea,0.0001684068710003928
2012-08-01,Korea,0.002117608731063703
2012-09-01,Korea,0.05026281208935601
2012-10-01,Korea,0.04971525319378167
2012-11-01,Korea,0.122765385223857
2012-12-01,Korea,0.1138361869504858
2013-01-01,Korea,0.03971590085519661
2013-02-01,Korea,0.0172701105893045
2013-03-01,Korea,0.00873362445414827
2013-04-01,Korea,0.05683540466808124
2013-05-01,Korea,0.09897451833436932
2013-06-01,Korea,0.1349218629119604
2013-07-01,Korea,0.2470112813604985
2013-08-01,Korea,0.2204161248374514
2013-09-01,Korea,0.1676571786049423
2013-10-01,Korea,0.003812316715542385
2013-11-01,Korea,-0.06805692546146258
2013-12-01,Korea,-0.1071873701703364
2014-01-01,Korea,-0.1115293461592083
2014-02-01,Korea,-0.04095309009679815
2014-03-01,Korea,-0.06060606060606055
2014-04-01,Korea,-0.05105406568191606
2014-05-01,Korea,-0.007917432489749854
2014-06-01,Korea,-0.0976141785957737
2014-07-01,Korea,-0.1413718606535241
2014-08-01,Korea,-0.2144379328716036
2014-09-01,Korea,-0.2605143316367533
2014-10-01,Korea,-0.179813029506281
2014-11-01,Korea,-0.05639552464469311
2014-12-01,Korea,-0.06545680161315337
2015-01-01,Korea,-0.0695120037658874
2015-02-01,Korea,-0.1372670807453417
2015-03-01,Korea,-0.159447004608295
2015-04-01,Korea,-0.05500982318271119
2015-05-01,Korea,-0.1191392332905801
2015-06-01,Korea,-0.1025834718235384
2015-07-01,Korea,-0.03019342663940872
2015-08-01,Korea,0.1166497117667005
2015-09-01,Korea,0.2216989675783372
2015-10-01,Korea,0.2217275155832592
2015-11-01,Korea,0.05592052555680183
2015-12-01,Korea,0.05875518672199176
2016-01-01,Korea,0.09578414839797644
2016-02-01,Korea,0.2678185745140389
2016-03-01,Korea,0.3174342105263157
2016-04-01,Korea,0.2134975211898289
2016-05-01,Korea,0.2404141724640028
2016-06-01,Korea,0.3927609427609429
2016-07-01,Korea,0.3559267066645047
2016-08-01,Korea,0.3054965077436989
2016-09-01,Korea,0.2501111934766493
2016-10-01,Korea,0.2527696793002916
2016-11-01,Korea,0.415174506828528
2016-12-01,Korea,0.4615143439410565
2017-01-01,Korea,0.479224376731302
2017-02-01,Korea,0.4121237932992619
2017-03-01,Korea,0.2918574004716328
2017-04-01,Korea,0.2644965735371638
2017-05-01,Korea,0.2776835789748271
2017-06-01,Korea,0.1197872597606673
2017-07-01,Korea,0.039344654388902
2017-08-01,Korea,0.0002326122354034954
2017-09-01,Korea,0.02905597722960152
2017-10-01,Korea,0.01722131719804509
2017-11-01,Korea,-0.1983701479734076
2017-12-01,Korea,-0.1692588222675105
2018-01-01,Korea,-0.2055763628797338
2018-02-01,Korea,-0.1547200160852519
2018-03-01,Korea,-0.1145710297433695
2018-04-01,Korea,-0.1676915059927045
2018-05-01,Korea,-0.1771131073907717
2018-06-01,Korea,-0.212759067357513
2018-07-01,Korea,-0.0899781383039926
2018-08-01,Korea,-0.1345348837209303
2018-09-01,Korea,-0.1841650339979256
2018-10-01,Korea,-0.134866163349348
2018-11-01,Korea,0.05444087747458526
2018-12-01,Korea,0.008779857972885718
2019-01-01,Korea,0.1280775275013097
2019-02-01,Korea,-0.03389628924833488
2019-03-01,Korea,-0.07591559544021342
2019-04-01,Korea,-0.1627848735286752
2019-05-01,Korea,-0.09775462101476251
2019-06-01,Korea,0.01576854518031001
2019-07-01,Korea,0.01352889113667954
2019-08-01,Korea,0.149670831653903
2019-09-01,Korea,0.237604181381551
2019-10-01,Korea,0.1952928731984662
2019-11-01,Korea,0.1499429151338323
2019-12-01,Korea,0.3701523102521438
2020-01-01,Korea,0.4618063617367076
2020-02-01,Korea,0.5658008125076941
2020-03-01,Korea,0.6624671916010498
2020-04-01,Korea,0.9151959317977865
2020-05-01,Korea,0.7995325175305927
2020-06-01,Korea,0.7845572354211663
2020-07-01,Korea,0.6636726546906186
2020-08-01,Korea,0.4742316232324413
2020-09-01,Korea,0.4204999429288894
2020-10-01,Korea,0.284070796460177
2020-11-01,Korea,0.2450082735797023
2020-12-01,Korea,0.01475945819710422
2021-01-01,Korea,-0.08298919949174077
2021-02-01,Korea,-0.1872002515921063
2021-03-01,Korea,-0.1757972844963688
2021-04-01,Korea,-0.1855525185474425
2021-05-01,Korea,-0.2555776283618582
2021-06-01,Korea,-0.2478819969742815
2021-07-01,Korea,-0.3751499700059987
2021-08-01,Korea,-0.3105033690051526
2021-09-01,Korea,-0.3230212936922459
2021-10-01,Korea,-0.4071330117160579
2021-11-01,Korea,-0.3381180223285487
2021-12-01,Korea,-0.2072171591641352
2022-01-01,Korea,-0.2892526197280679
2022-02-01,Korea,-0.1099825885084156
2022-03-01,Korea,-0.1767072119528781
2022-04-01,Korea,-0.1398024738709368
2022-05-01,Korea,-0.08611310684594076
2022-06-01,Korea,-0.06155083978678455
2022-07-01,Korea,0.126605064202568
2022-08-01,Korea,0.1476201425615082
2022-09-01,Korea,0.09341246290801175
2022-10-01,Korea,0.2673641383318801
2022-11-01,Korea,0.0907630522088354
2022-12-01,Korea,0.0917324663260568
2023-01-01,Korea,0.2332155477031803
2023-02-01,Korea,-0.006629714161504152
2023-03-01,Korea,0.1351791530944626
2023-04-01,Korea,0.150373425482109
2023-05-01,Korea,0.08894878706199472
2023-06-01,Korea,0.003858107383988729
2023-07-01,Korea,0.08372390285470832
2023-08-01,Korea,0.0204367862151873
2023-09-01,Korea,0.07522796352583594
2023-10-01,Korea,0.0979133226324238
2023-11-01,Korea,0.09548355424644073
2023-12-01,Korea,-0.1071048713039778
2024-01-01,Korea,-0.2336725619998025
2024-02-01,Korea,-0.0929978118161926
2024-03-01,Korea,-0.1514654642344743
2024-04-01,Korea,-0.2075581395348838
2024-05-01,Korea,-0.1179867986798681
2024-06-01,Korea,-0.01462581402797047
2024-07-01,Korea,0.06614900727344208
2024-08-01,Korea,0.1066169251914393
2024-09-01,Korea,0.1212518929833417
2024-10-01,Korea,0.2808061821219716
2024-11-01,Korea,0.6810441407125252
2024-12-01,Korea,0.6555092316855269
2025-01-01,Korea,1.012119649303765
2025-02-01,Korea,1.40518697225573
2025-03-01,Korea,1.951690821256039
2025-04-01,Korea,1.253851797505503
2025-05-01,Korea,1.960594013096352
2025-06-01,Korea,2.703466955579632
2025-07-01,Korea,2.157001936019176
2025-08-01,Korea,1.494765791341377
2025-09-01,Korea,
2025-10-01,Korea,
2025-11-01,Korea,
2025-12-01,Korea,
2026-01-01,Korea,
2026-02-01,Korea,
2026-03-01,Korea,
2026-04-01,Korea,
2026-05-01,Korea,
2026-06-01,Korea,
2026-07-01,Korea,
2026-08-01,Korea,
2000-02-01,Brazil,0.02683064021454706
2000-03-01,Brazil,-0.1158456075624944
2000-04-01,Brazil,-0.2445650978522134
2000-05-01,Brazil,-0.09377912860592241
2000-06-01,Brazil,-0.1287581259651214
2000-07-01,Brazil,-0.2376888055836662
2000-08-01,Brazil,-0.2853181467220038
2000-09-01,Brazil,-0.3628086894758891
2000-10-01,Brazil,-0.4325978091696108
2000-11-01,Brazil,-0.3504192355279264
2000-12-01,Brazil,-0.1917800385656059
2001-01-01,Brazil,-0.1912673602133809
2001-02-01,Brazil,-0.3302469493322262
2001-03-01,Brazil,-0.1468347213092265
2001-04-01,Brazil,-0.03874413659682185
2001-05-01,Brazil,-0.08959050459058437
2001-06-01,Brazil,-0.1110089460500434
2001-07-01,Brazil,-0.2615316343846726
2001-08-01,Brazil,-0.4354055164995519
2001-09-01,Brazil,-0.2412439654891724
2001-10-01,Brazil,-0.364873618798543
2001-11-01,Brazil,-0.2272349588382949
2001-12-01,Brazil,-0.292277193966489
2002-01-01,Brazil,-0.320629729566934
2002-02-01,Brazil,-0.3005190174072928
2002-03-01,Brazil,-0.4125821060574678
2002-04-01,Brazil,-0.3313015659354889
2002-05-01,Brazil,-0.1830850217964399
2002-06-01,Brazil,-0.09562255151877375
2002-07-01,Brazil,0.1108008729759564
2002-08-01,Brazil,0.6510336810699362
2002-09-01,Brazil,0.4845482399100667
2002-10-01,Brazil,1.167348588611573
2002-11-01,Brazil,0.8626577920106617
2002-12-01,Brazil,0.9514250571677876
2003-01-01,Brazil,1.096463876244796
2003-02-01,Brazil,1.090027989872216
2003-03-01,Brazil,1.258875669489822
2003-04-01,Brazil,0.9817585555959447
2003-05-01,Brazil,0.4003004998482256
2003-06-01,Brazil,0.3441762917854838
2003-07-01,Brazil,0.4082677300641002
2003-08-01,Brazil,0.4476789733015367
2003-09-01,Brazil,0.3935425447408116
2003-10-01,Brazil,0.4992939543845347
2003-11-01,Brazil,0.384987117479419
2003-12-01,Brazil,0.4429226362400587
2004-01-01,Brazil,0.3474698069845248
2004-02-01,Brazil,0.3724484906791192
2004-03-01,Brazil,0.55521700003115
2004-04-01,Brazil,0.4239531157305976
2004-05-01,Brazil,0.604844418073804
2004-06-01,Brazil,0.7557382955087362
2004-07-01,Brazil,0.7388640176478887
2004-08-01,Brazil,0.6676249863448478
2004-09-01,Brazil,0.7434576397368808
2004-10-01,Brazil,0.8943151969165768
2004-11-01,Brazil,0.7471763600832215
2004-12-01,Brazil,0.7236410513961096
2005-01-01,Brazil,0.5550181294253074
2005-02-01,Brazil,0.994899212159553
2005-03-01,Brazil,0.7315331581800988
2005-04-01,Brazil,0.8039139599128822
2005-05-01,Brazil,1.062037711541968
2005-06-01,Brazil,0.6079329408420688
2005-07-01,Brazil,0.6438085504257804
2005-08-01,Brazil,0.5987749384562218
2005-09-01,Brazil,0.4320246319417522
2005-10-01,Brazil,0.1808070520453715
2005-11-01,Brazil,0.3662408957536443
2005-12-01,Brazil,0.3282034259922124
2006-01-01,Brazil,0.4526248104088477
2006-02-01,Brazil,0.1751123851756138
2006-03-01,Brazil,0.1199430780680864
2006-04-01,Brazil,0.2708317103499278
2006-05-01,Brazil,0.2312401051465747
2006-06-01,Brazil,0.6412456984559436
2006-07-01,Brazil,0.6111434569897454
2006-08-01,Brazil,0.6618729878705518
2006-09-01,Brazil,0.6106770671359449
2006-10-01,Brazil,0.9710593238590262
2006-11-01,Brazil,1.098989683306497
2006-12-01,Brazil,0.8863184036125276
2007-01-01,Brazil,0.7953951282723335
2007-02-01,Brazil,0.630291266020087
2007-03-01,Brazil,0.8799826313241279
2007-04-01,Brazil,0.6069406269922377
2007-05-01,Brazil,0.7466780733313481
2007-06-01,Brazil,0.7442236024037383
2007-07-01,Brazil,0.5402504481902497
2007-08-01,Brazil,0.3242299996830476
2007-09-01,Brazil,0.2374976129226747
2007-10-01,Brazil,-0.2072240893016533
2007-11-01,Brazil,-0.5348922560942877
2007-12-01,Brazil,-0.5561383197217801
2008-01-01,Brazil,-0.5603150592430789
2008-02-01,Brazil,-0.498606897042643
2008-03-01,Brazil,-0.565620792475959
2008-04-01,Brazil,-0.478578139963028
2008-05-01,Brazil,-0.458339749860709
2008-06-01,Brazil,-0.4064829739752371
2008-07-01,Brazil,-0.3807583215442095
2008-08-01,Brazil,-0.2472578784061702
2008-09-01,Brazil,-0.1504795892008397
2008-10-01,Brazil,0.2721484760398178
2008-11-01,Brazil,0.923910397567627
2008-12-01,Brazil,1.293717931251619
2009-01-01,Brazil,1.286151968022387
2009-02-01,Brazil,0.9463517701201047
2009-03-01,Brazil,1.10128116187883
2009-04-01,Brazil,1.033336863935401
2009-05-01,Brazil,0.6815767120305243
2009-06-01,Brazil,0.2320887971194794
2009-07-01,Brazil,0.2258510025827294
2009-08-01,Brazil,0.2798477796324144
2009-09-01,Brazil,0.2180301115764718
2009-10-01,Brazil,0.1693851151380463
2009-11-01,Brazil,0.1544394324654086
2009-12-01,Brazil,0.01565845823011136
2010-01-01,Brazil,0.07102507385971579
2010-02-01,Brazil,0.1523286466359643
2010-03-01,Brazil,0.1321429251770154
2010-04-01,Brazil,0.09747354472647252
2010-05-01,Brazil,0.1012344152002254
2010-06-01,Brazil,0.1907586585102981
2010-07-01,Brazil,0.2420267022612808
2010-08-01,Brazil,0.04506821276165884
2010-09-01,Brazil,0.01001050726517505
2010-10-01,Brazil,-0.254818786580884
2010-11-01,Brazil,-0.1227156865056803
2010-12-01,Brazil,-0.1428863108410207
2011-01-01,Brazil,-0.2157946442005184
2011-02-01,Brazil,-0.05739797399613455
2011-03-01,Brazil,-0.0348156807450789
2011-04-01,Brazil,-0.130577056507567
2011-05-01,Brazil,-0.1794848131719313
2011-06-01,Brazil,-0.2744013848205442
2011-07-01,Brazil,-0.2638093919861035
2011-08-01,Brazil,-0.2195935801340676
2011-09-01,Brazil,-0.1625689765760243
2011-10-01,Brazil,0.05506032498276636
2011-11-01,Brazil,-0.1247022711047912
2011-12-01,Brazil,-0.08731630454254424
2012-01-01,Brazil,0.002170661269343288
2012-02-01,Brazil,-0.104705928113742
2012-03-01,Brazil,-0.1720940270454903
2012-04-01,Brazil,-0.1262284865252751
2012-05-01,Brazil,-0.05161049021188324
2012-06-01,Brazil,0.02928896493209465
2012-07-01,Brazil,-0.1097398936845483
2012-08-01,Brazil,-0.1357637423238145
2012-09-01,Brazil,-0.1569830713642295
2012-10-01,Brazil,-0.07796811596433506
2012-11-01,Brazil,-0.01286094808796501
2012-12-01,Brazil,-0.05008405844079322
2013-01-01,Brazil,-0.1580183576848503
2013-02-01,Brazil,-0.2682956618918459
2013-03-01,Brazil,-0.2225072067165755
2013-04-01,Brazil,-0.1271563381414051
2013-05-01,Brazil,-0.1097371853854748
2013-06-01,Brazil,-0.05849654781729841
2013-07-01,Brazil,0.1338321171859831
2013-08-01,Brazil,0.1729619931584783
2013-09-01,Brazil,0.330417918370254
2013-10-01,Brazil,-0.04410731622219266
2013-11-01,Brazil,-0.094284785216043
2013-12-01,Brazil,-0.07533036808374671
2014-01-01,Brazil,-0.1382989847511674
2014-02-01,Brazil,-0.09825399048054029
2014-03-01,Brazil,-0.1049155354854654
2014-04-01,Brazil,-0.2844539580313471
2014-05-01,Brazil,-0.1955045743287834
2014-06-01,Brazil,-0.2771263159271978
2014-07-01,Brazil,-0.2879695131989479
2014-08-01,Brazil,-0.3864204697669618
2014-09-01,Brazil,-0.5256389199841671
2014-10-01,Brazil,-0.4825379370578002
2014-11-01,Brazil,-0.4584033774921198
2014-12-01,Brazil,-0.4496608765523378
2015-01-01,Brazil,-0.411921109356943
2015-02-01,Brazil,-0.4175179351904635
2015-03-01,Brazil,-0.3981228973007985
2015-04-01,Brazil,-0.1146985065617615
2015-05-01,Brazil,-0.1633850559686746
2015-06-01,Brazil,-0.1815324133153887
2015-07-01,Brazil,-0.0574605730591784
2015-08-01,Brazil,0.1808292600724895
2015-09-01,Brazil,0.3876225500986663
2015-10-01,Brazil,0.5799770717159958
2015-11-01,Brazil,0.7121362280945225
2015-12-01,Brazil,0.5697553127228461
2016-01-01,Brazil,0.6673773071814413
2016-02-01,Brazil,0.9922484402451086
2016-03-01,Brazil,0.9570755180539419
2016-04-01,Brazil,0.431952568296073
2016-05-01,Brazil,0.2971080823471399
2016-06-01,Brazil,0.4268625899975815
2016-07-01,Brazil,0.1742972693272355
2016-08-01,Brazil,0.1846942303505954
2016-09-01,Brazil,0.248607909782655
2016-10-01,Brazil,0.2970298587974871
2016-11-01,Brazil,0.100323565360813
2016-12-01,Brazil,0.2007331351382433
2017-01-01,Brazil,0.2454747086512765
2017-02-01,Brazil,0.3140467126068065
2017-03-01,Brazil,0.2340444376024535
2017-04-01,Brazil,0.2684530962163332
2017-05-01,Brazil,0.2179494793799885
2017-06-01,Brazil,0.07225224646060058
2017-07-01,Brazil,-0.0003474238329551627
2017-08-01,Brazil,0.007521417963201937
2017-09-01,Brazil,-0.159517828922941
2017-10-01,Brazil,-0.1371419119367983
2017-11-01,Brazil,0.05120772954977149
2017-12-01,Brazil,0.06366766276703983
2018-01-01,Brazil,-0.0005295861367283772
2018-02-01,Brazil,0.00736751360057597
2018-03-01,Brazil,-0.01822246176057474
2018-04-01,Brazil,-0.03826930729924483
2018-05-01,Brazil,-0.005865743449476435
2018-06-01,Brazil,0.2091626122399388
2018-07-01,Brazil,0.4002297100355732
2018-08-01,Brazil,0.2841926590363615
2018-09-01,Brazil,0.3142341523906564
2018-10-01,Brazil,0.2589973444952676
2018-11-01,Brazil,0.1363649841201229
2018-12-01,Brazil,0.1081670952951184
2019-01-01,Brazil,0.2666612465811831
2019-02-01,Brazil,-0.004278075342815657
2019-03-01,Brazil,-0.09320669148586569
2019-04-01,Brazil,-0.4169151857379696
2019-05-01,Brazil,-0.3807459142703166
2019-06-01,Brazil,-0.3393589484419085
2019-07-01,Brazil,-0.3317627700941529
2019-08-01,Brazil,-0.2557073464415646
2019-09-01,Brazil,-0.253072237797602
2019-10-01,Brazil,-0.32293237490015
2019-11-01,Brazil,-0.3794918398000895
2019-12-01,Brazil,-0.1970190005553424
2020-01-01,Brazil,-0.1884753064285198
2020-02-01,Brazil,-0.1919912748794025
2020-03-01,Brazil,-0.1301118267687305
2020-04-01,Brazil,0.4672248188215522
2020-05-01,Brazil,0.4817463863687399
2020-06-01,Brazil,0.4969543340809353
2020-07-01,Brazil,0.4681473529249907
2020-08-01,Brazil,0.2066308346146863
2020-09-01,Brazil,0.2946615121591989
2020-10-01,Brazil,0.2119911636684468
2020-11-01,Brazil,0.1311325338694509
2020-12-01,Brazil,-0.09898243981041654
2021-01-01,Brazil,-0.1711180766579646
2021-02-01,Brazil,0.01645148235008298
2021-03-01,Brazil,0.1359612968037087
2021-04-01,Brazil,0.2511741248177497
2021-05-01,Brazil,0.0143143530059926
2021-06-01,Brazil,0.003144376924124392
2021-07-01,Brazil,-0.2299275397145777
2021-08-01,Brazil,-0.134470423256598
2021-09-01,Brazil,-0.05670304397907722
2021-10-01,Brazil,0.04842751643204712
2021-11-01,Brazil,0.2519497278131775
2021-12-01,Brazil,0.2341752185486603
2022-01-01,Brazil,0.1464875968836721
2022-02-01,Brazil,0.08512172285020059
2022-03-01,Brazil,-0.05898786293238933
2022-04-01,Brazil,-0.1827997177533447
2022-05-01,Brazil,-0.02052429857377236
2022-06-01,Brazil,-0.09070533125066682
2022-07-01,Brazil,0.3051766669565119
2022-08-01,Brazil,0.2974018898717135
2022-09-01,Brazil,0.1174791663899613
2022-10-01,Brazil,0.1586306147003553
2022-11-01,Brazil,0.02689639472149374
2022-12-01,Brazil,0.2080992939945423
2023-01-01,Brazil,0.3344490993277218
2023-02-01,Brazil,0.1738938903124354
2023-03-01,Brazil,0.2961855735748473
2023-04-01,Brazil,0.2761212926212435
2023-05-01,Brazil,0.1839178650915951
2023-06-01,Brazil,0.1172233829466447
2023-07-01,Brazil,-0.07196727736650321
2023-08-01,Brazil,-0.1039186931504327
2023-09-01,Brazil,0.04290134473544427
2023-10-01,Brazil,0.03166680636161545
2023-11-01,Brazil,0.01294743295921408
2023-12-01,Brazil,-0.176306109977416
2024-01-01,Brazil,-0.2944362568211697
2024-02-01,Brazil,-0.1570098792212479
2024-03-01,Brazil,-0.1988596327050333
2024-04-01,Brazil,-0.1309715502061526
2024-05-01,Brazil,-0.04841363573034885
2024-06-01,Brazil,0.00228113596498658
2024-07-01,Brazil,0.1215691964139987
2024-08-01,Brazil,0.03144564454423238
2024-09-01,Brazil,0.0659236178374516
2024-10-01,Brazil,0.1336868980463055
2024-11-01,Brazil,0.2074369229759079
2024-12-01,Brazil,0.3992740171895051
2025-01-01,Brazil,0.5051406715266504
2025-02-01,Brazil,0.5634036349071245
2025-03-01,Brazil,0.7055449527444453
2025-04-01,Brazil,0.5713872538834179
2025-05-01,Brazil,0.5565113458847628
2025-06-01,Brazil,0.4142801439453161
2025-07-01,Brazil,0.2740439506717973
2025-08-01,Brazil,0.4552790998220686
2025-09-01,Brazil,
2025-10-01,Brazil,
2025-11-01,Brazil,
2025-12-01,Brazil,
2026-01-01,Brazil,
2026-02-01,Brazil,
2026-03-01,Brazil,
2026-04-01,Brazil,
2026-05-01,Brazil,
2026-06-01,Brazil,
2026-07-01,Brazil,
2026-08-01,Brazil,
2000-02-01,South Africa,-0.09405069892528084
2000-03-01,South Africa,-0.06070682693038387
2000-04-01,South Africa,-0.1557713438083728
2000-05-01,South Africa,0.03731178669309632
2000-06-01,South Africa,0.133744369509494
2000-07-01,South Africa,0.02780595762595417
2000-08-01,South Africa,-0.07805663054503698
2000-09-01,South Africa,-0.1268327517212573
2000-10-01,South Africa,-0.2161913812242987
2000-11-01,South Africa,-0.129863471684512
2000-12-01,South Africa,-0.03584622431137607
2001-01-01,South Africa,-0.1702484035473404
2001-02-01,South Africa,-0.1830313052017316
2001-03-01,South Africa,-0.1442109726771077
2001-04-01,South Africa,0.01307376689128725
2001-05-01,South Africa,-0.01092082764085056
2001-06-01,South Africa,0.01950842072337555
2001-07-01,South Africa,-0.05180907953123215
2001-08-01,South Africa,-0.08302950912763196
2001-09-01,South Africa,-0.09873529448072393
2001-10-01,South Africa,0.06493411926615522
2001-11-01,South Africa,0.09519966576561467
2001-12-01,South Africa,0.1629916536345006
2002-01-01,South Africa,0.2784096029414418
2002-02-01,South Africa,0.1845854676204326
2002-03-01,South Africa,0.1229654356323
2002-04-01,South Africa,0.05092965816714878
2002-05-01,South Africa,0.01794486658420213
2002-06-01,South Africa,-0.03933062050553326
2002-07-01,South Africa,0.1224973451008862
2002-08-01,South Africa,0.410367201024616
2002-09-01,South Africa,0.4483709144451864
2002-10-01,South Africa,0.4731553720025437
2002-11-01,South Africa,0.5448984848534248
2002-12-01,South Africa,0.5193444128398244
2003-01-01,South Africa,0.4539799802622302
2003-02-01,South Africa,0.4996938418474459
2003-03-01,South Africa,0.5861496391683745
2003-04-01,South Africa,0.7229590963546126
2003-05-01,South Africa,0.4148128216923732
2003-06-01,South Africa,0.4723521798326955
2003-07-01,South Africa,0.4178363354535251
2003-08-01,South Africa,0.3369391665336101
2003-09-01,South Africa,0.3190732312784443
2003-10-01,South Africa,0.405806518989545
2003-11-01,South Africa,0.3384793964016251
2003-12-01,South Africa,0.4072086958057533
2004-01-01,South Africa,0.4485352581382089
2004-02-01,South Africa,0.380699349645659
2004-03-01,South Africa,0.4058601756954612
2004-04-01,South Africa,0.2341237321867582
2004-05-01,South Africa,0.4081279166308798
2004-06-01,South Africa,0.2541888492699245
2004-07-01,South Africa,0.3131609006910123
2004-08-01,South Africa,0.411237049532738
2004-09-01,South Africa,0.4419457463683045
2004-10-01,South Africa,0.4638013718417513
2004-11-01,South Africa,0.2648086975031734
2004-12-01,South Africa,0.2096686022836933
2005-01-01,South Africa,0.2960346371811504
2005-02-01,South Africa,0.5848675335355464
2005-03-01,South Africa,0.380641062692505
2005-04-01,South Africa,0.6455414749689907
2005-05-01,South Africa,0.7322457859110667
2005-06-01,South Africa,0.5230386222339543
2005-07-01,South Africa,0.3889625731699264
2005-08-01,South Africa,0.2881185827719119
2005-09-01,South Africa,0.2071193468835766
2005-10-01,South Africa,0.02732250297449546
2005-11-01,South Africa,0.2597538110174182
2005-12-01,South Africa,0.2600197824848922
2006-01-01,South Africa,0.2186787237207457
2006-02-01,South Africa,0.04653210494002114
2006-03-01,South Africa,0.1140854419757185
2006-04-01,South Africa,0.08821492239039852
2006-05-01,South Africa,0.1406754723150248
2006-06-01,South Africa,0.3051626777910923
2006-07-01,South Africa,0.3294810172759994
2006-08-01,South Africa,0.3240107621035171
2006-09-01,South Africa,0.3195989875836902
2006-10-01,South Africa,0.5061760921781211
2006-11-01,South Africa,0.5454765865519258
2006-12-01,South Africa,0.319431025522789
2007-01-01,South Africa,0.1713222785331581
2007-02-01,South Africa,0.02643880555451772
2007-03-01,South Africa,0.0810655494900765
2007-04-01,South Africa,-0.05280866590576716
2007-05-01,South Africa,-0.02443862671542973
2007-06-01,South Africa,0.04495773787945279
2007-07-01,South Africa,-0.03933653746745913
2007-08-01,South Africa,-0.02015821094327253
2007-09-01,South Africa,-0.05707684168306659
2007-10-01,South Africa,-0.2531544637703131
2007-11-01,South Africa,-0.5074911091503076
2007-12-01,South Africa,-0.4736384079793804
2008-01-01,South Africa,-0.3855542963995374
2008-02-01,South Africa,-0.374731698198418
2008-03-01,South Africa,-0.4494286141515172
2008-04-01,South Africa,-0.2966918057791713
2008-05-01,South Africa,-0.3021100079030182
2008-06-01,South Africa,-0.207520986983469
2008-07-01,South Africa,-0.1198527662563175
2008-08-01,South Africa,-0.0859520951545224
2008-09-01,South Africa,0.003225825138429839
2008-10-01,South Africa,0.2292000507470553
2008-11-01,South Africa,0.5978235997711792
2008-12-01,South Africa,0.7158041036788196
2009-01-01,South Africa,0.6044384039835635
2009-02-01,South Africa,0.7067709952443633
2009-03-01,South Africa,0.8320742026809314
2009-04-01,South Africa,0.741265389036283
2009-05-01,South Africa,0.5552519706629764
2009-06-01,South Africa,0.2403432843523974
2009-07-01,South Africa,0.1908062334921032
2009-08-01,South Africa,0.2618850369339256
2009-09-01,South Africa,0.1658375066301181
2009-10-01,South Africa,0.2866970637902932
2009-11-01,South Africa,0.339437843678752
2009-12-01,South Africa,0.22758871151023
2010-01-01,South Africa,0.3534361830742025
2010-02-01,South Africa,0.2494983433122129
2010-03-01,South Africa,0.3274062230776993
2010-04-01,South Africa,0.2449950007092421
2010-05-01,South Africa,0.3179562001236906
2010-06-01,South Africa,0.3381276414886849
2010-07-01,South Africa,0.3674831156719298
2010-08-01,South Africa,0.2052764196576371
2010-09-01,South Africa,0.2283262494949803
2010-10-01,South Africa,-0.09321028866053171
2010-11-01,South Africa,-0.02460475839005671
2010-12-01,South Africa,0.0005341369154281406
2011-01-01,South Africa,-0.1472848751031157
2011-02-01,South Africa,0.05006345626356112
2011-03-01,South Africa,0.06139439971466487
2011-04-01,South Africa,-0.02406638681289608
2011-05-01,South Africa,-0.0761747767627905
2011-06-01,South Africa,-0.1214795976445044
2011-07-01,South Africa,-0.06851659168318491
2011-08-01,South Africa,-0.03671987901575635
2011-09-01,South Africa,-0.02322686486863235
2011-10-01,South Africa,0.1927611397962434
2011-11-01,South Africa,0.07387823686724682
2011-12-01,South Africa,0.06241314750624327
2012-01-01,South Africa,0.1912745979136734
2012-02-01,South Africa,0.04365614531294404
2012-03-01,South Africa,-0.04973417192253937
2012-04-01,South Africa,-0.03389919309601364
2012-05-01,South Africa,-0.03120469612519505
2012-06-01,South Africa,0.01547667279977594
2012-07-01,South Africa,-0.04247062124943268
2012-08-01,South Africa,-0.04356511930626705
2012-09-01,South Africa,-0.0593565432258939
2012-10-01,South Africa,-0.01611465037193149
2012-11-01,South Africa,0.04765395554277085
2012-12-01,South Africa,0.02310805825351259
2013-01-01,South Africa,-0.06276889169370936
2013-02-01,South Africa,-0.09867971966541877
2013-03-01,South Africa,0.006544385764555294
2013-04-01,South Africa,0.08984494044899782
2013-05-01,South Africa,0.08624447595902063
2013-06-01,South Africa,0.1713017915373312
2013-07-01,South Africa,0.2263039895078247
2013-08-01,South Africa,0.2079547581700882
2013-09-01,South Africa,0.2468886262683891
2013-10-01,South Africa,0.04937348880629489
2013-11-01,South Africa,0.07065862429363512
2013-12-01,South Africa,0.1117545907833517
2014-01-01,South Africa,0.06412092500749123
2014-02-01,South Africa,0.2221094646835853
2014-03-01,South Africa,0.1275117651022675
2014-04-01,South Africa,0.04026855438642785
2014-05-01,South Africa,0.1042843452677289
2014-06-01,South Africa,-0.009317024333837742
2014-07-01,South Africa,-0.01243748609583406
2014-08-01,South Africa,-0.08117819802781279
2014-09-01,South Africa,-0.1598783405930418
2014-10-01,South Africa,-0.1399423466154193
2014-11-01,South Africa,-0.1357829491352958
2014-12-01,South Africa,-0.196786558586334
2015-01-01,South Africa,-0.2517580676245744
2015-02-01,South Africa,-0.3092197080096932
2015-03-01,South Africa,-0.3120742717764696
2015-04-01,South Africa,-0.1710844776695213
2015-05-01,South Africa,-0.189637554287385
2015-06-01,South Africa,-0.1908527155900017
2015-07-01,South Africa,-0.1558392346518245
2015-08-01,South Africa,-0.02080471388717564
2015-09-01,South Africa,-0.02529954634140508
2015-10-01,South Africa,0.1093095091858998
2015-11-01,South Africa,0.01991494850603481
2015-12-01,South Africa,0.00839303517191814
2016-01-01,South Africa,0.1798021873296292
2016-02-01,South Africa,0.2640706616420769
2016-03-01,South Africa,0.2839690065231839
2016-04-01,South Africa,0.08654526477421554
2016-05-01,South Africa,0.1066288352304543
2016-06-01,South Africa,0.238742686375611
2016-07-01,South Africa,0.1151438601705148
2016-08-01,South Africa,0.08634329380560457
2016-09-01,South Africa,0.22179397121924
2016-10-01,South Africa,0.07785270736880157
2016-11-01,South Africa,0.1216445861404492
2016-12-01,South Africa,0.324852402813224
2017-01-01,South Africa,0.3733915183387679
2017-02-01,South Africa,0.3694046670487807
2017-03-01,South Africa,0.3461743985250694
2017-04-01,South Africa,0.2552827552764052
2017-05-01,South Africa,0.1794584109214958
2017-06-01,South Africa,0.07225897531127168
2017-07-01,South Africa,0.06231760943433939
2017-08-01,South Africa,0.05590343894371808
2017-09-01,South Africa,-0.08971358413588493
2017-10-01,South Africa,-0.04373797407208602
2017-11-01,South Africa,-0.1698624248085108
2017-12-01,South Africa,-0.1704644991166057
2018-01-01,South Africa,-0.2420823300789107
2018-02-01,South Africa,-0.1747797859439446
2018-03-01,South Africa,-0.2169533014371333
2018-04-01,South Africa,-0.1748744855598033
2018-05-01,South Africa,-0.1004395470860816
2018-06-01,South Africa,-0.103941255238562
2018-07-01,South Africa,0.0009658608940799063
2018-08-01,South Africa,-0.07662802781283862
2018-09-01,South Africa,-0.06340408781159479
2018-10-01,South Africa,-0.0574416904583569
2018-11-01,South Africa,0.09047193352825289
2018-12-01,South Africa,0.00691897144079201
2019-01-01,South Africa,0.1077889104706997
2019-02-01,South Africa,-0.09633125938639775
2019-03-01,South Africa,-0.1726205106147655
2019-04-01,South Africa,-0.3653109054478471
2019-05-01,South Africa,-0.3413244569423369
2019-06-01,South Africa,-0.2679129703924888
2019-07-01,South Africa,-0.2447092081264975
2019-08-01,South Africa,-0.1770107465941927
2019-09-01,South Africa,-0.1067385660829357
2019-10-01,South Africa,-0.1055837563451776
2019-11-01,South Africa,-0.1296084357012909
2019-12-01,South Africa,-0.0340599140523189
2020-01-01,South Africa,-0.03434584182232592
2020-02-01,South Africa,0.07507214707861953
2020-03-01,South Africa,0.284080442888109
2020-04-01,South Africa,0.8090302048902487
2020-05-01,South Africa,0.613166614351724
2020-06-01,South Africa,0.6740960193429455
2020-07-01,South Africa,0.4008564072925969
2020-08-01,South Africa,0.3047951503326451
2020-09-01,South Africa,0.3251467630304983
2020-10-01,South Africa,0.2745198931177737
2020-11-01,South Africa,0.2660591562645611
2020-12-01,South Africa,0.09913202566579837
2021-01-01,South Africa,0.04344686287900812
2021-02-01,South Africa,0.1007268361188238
2021-03-01,South Africa,0.1050108880710428
2021-04-01,South Africa,0.1171994384585959
2021-05-01,South Africa,-0.0195385304420358
2021-06-01,South Africa,-0.0744269223777495
2021-07-01,South Africa,-0.1161719347595429
2021-08-01,South Africa,-0.1078036983115753
2021-09-01,South Africa,-0.150664439005321
2021-10-01,South Africa,-0.1860965570330145
2021-11-01,South Africa,-0.1533757255192466
2021-12-01,South Africa,0.05103172950796941
2022-01-01,South Africa,-0.03341110154231575
2022-02-01,South Africa,-0.0547460042132164
2022-03-01,South Africa,-0.1646611794405198
2022-04-01,South Africa,-0.1965052922467282
2022-05-01,South Africa,-0.07568105276442216
2022-06-01,South Africa,-0.2089455576390618
2022-07-01,South Africa,-0.01196072464536879
2022-08-01,South Africa,0.1088793771311127
2022-09-01,South Africa,0.02242459564078914
2022-10-01,South Africa,0.07860263692204894
2022-11-01,South Africa,0.02795697992536872
2022-12-01,South Africa,-0.07429279560249047
2023-01-01,South Africa,0.02647121714789269
2023-02-01,South Africa,-0.0810544455119866
2023-03-01,South Africa,-0.05624483923013057
2023-04-01,South Africa,-0.04226739064484775
2023-05-01,South Africa,-0.02169500418972359
2023-06-01,South Africa,0.1318129510156503
2023-07-01,South Africa,0.1277241789317354
2023-08-01,South Africa,0.05848016141237844
2023-09-01,South Africa,0.2399500167451931
2023-10-01,South Africa,0.3816079642865227
2023-11-01,South Africa,0.3634713054834848
2023-12-01,South Africa,0.2098103939175873
2024-01-01,South Africa,0.07101520863942867
2024-02-01,South Africa,0.2079029969519766
2024-03-01,South Africa,0.2736651481785553
2024-04-01,South Africa,0.3134114219410353
2024-05-01,South Africa,0.3215818549803902
2024-06-01,South Africa,0.3941560165137694
2024-07-01,South Africa,0.329914534197596
2024-08-01,South Africa,0.2640313579654165
2024-09-01,South Africa,0.3190525412715262
2024-10-01,South Africa,0.3749088624699641
2024-11-01,South Africa,0.4172831826228875
2024-12-01,South Africa,0.5435294628367486
2025-01-01,South Africa,0.789812255274672
2025-02-01,South Africa,0.8202551526200297
2025-03-01,South Africa,1.014941447064069
2025-04-01,South Africa,0.5260193187245636
2025-05-01,South Africa,0.5013639245578065
2025-06-01,South Africa,0.461267161021033
2025-07-01,South Africa,0.3052329579474065
2025-08-01,South Africa,0.3039417242367504
2025-09-01,South Africa,
2025-10-01,South Africa,
2025-11-01,South Africa,
2025-12-01,South Africa,
2026-01-01,South Africa,
2026-02-01,South Africa,
2026-03-01,South Africa,
2026-04-01,South Africa,
2026-05-01,South Africa,
2026-06-01,South Africa,
2026-07-01,South Africa,
2026-08-01,South Africa,
2000-02-01,Denmark,0.215150706552566
2000-03-01,Denmark,0.0670543418220606
2000-04-01,Denmark,-0.1205397818475283
2000-05-01,Denmark,-0.01358782846638384
2000-06-01,Denmark,-0.07722624670755085
2000-07-01,Denmark,-0.09140968369349267
2000-08-01,Denmark,-0.07896644679835807
2000-09-01,Denmark,-0.1766775519506893
2000-10-01,Denmark,-0.2343019613594666
2000-11-01,Denmark,-0.1810178583106913
2000-12-01,Denmark,-0.1283782253323489
2001-01-01,Denmark,-0.1579411774443256
2001-02-01,Denmark,-0.2864494181069746
2001-03-01,Denmark,-0.1966829830446997
2001-04-01,Denmark,-0.0797657079679358
2001-05-01,Denmark,-0.1330680650474666
2001-06-01,Denmark,-0.111857226259523
2001-07-01,Denmark,-0.0852517842962105
2001-08-01,Denmark,-0.2284033372365817
2001-09-01,Denmark,-0.1574892531326461
2001-10-01,Denmark,-0.2004965547027775
2001-11-01,Denmark,-0.1947121736847751
2001-12-01,Denmark,-0.1711269191946367
2002-01-01,Denmark,-0.1684758864056461
2002-02-01,Denmark,-0.1602928671053874
2002-03-01,Denmark,-0.2170173917448986
2002-04-01,Denmark,-0.1803937082269598
2002-05-01,Denmark,-0.04178817533868262
2002-06-01,Denmark,0.001375352181698819
2002-07-01,Denmark,-0.01484229180969565
2002-08-01,Denmark,0.1063360466431478
2002-09-01,Denmark,0.166602245445155
2002-10-01,Denmark,0.3989189049350415
2002-11-01,Denmark,0.4482138116627867
2002-12-01,Denmark,0.3851958151480961
2003-01-01,Denmark,0.4717974755891052
2003-02-01,Denmark,0.6095103492295066
2003-03-01,Denmark,0.7836233046183456
2003-04-01,Denmark,0.5711682528424122
2003-05-01,Denmark,0.3761719165742576
2003-06-01,Denmark,0.2931813161464574
2003-07-01,Denmark,0.3742943022826886
2003-08-01,Denmark,0.3761224117306339
2003-09-01,Denmark,0.2868025055844121
2003-10-01,Denmark,0.3173442337162142
2003-11-01,Denmark,0.2274463325850682
2003-12-01,Denmark,0.3274107572858134
2004-01-01,Denmark,0.291309330116283
2004-02-01,Denmark,0.2016049635928301
2004-03-01,Denmark,0.2234268788831848
2004-04-01,Denmark,0.2863278857163316
2004-05-01,Denmark,0.2631799148050613
2004-06-01,Denmark,0.2926871943012559
2004-07-01,Denmark,0.2423837413828416
2004-08-01,Denmark,0.305703222997461
2004-09-01,Denmark,0.3468820363358347
2004-10-01,Denmark,0.2770947466584288
2004-11-01,Denmark,0.2601779896624361
2004-12-01,Denmark,0.1965964685715333
2005-01-01,Denmark,0.2283588109032955
2005-02-01,Denmark,0.2931618050263698
2005-03-01,Denmark,0.2046966740297065
2005-04-01,Denmark,0.2715298872662069
2005-05-01,Denmark,0.3962517560421912
2005-06-01,Denmark,0.2984642900895402
2005-07-01,Denmark,0.263059074046982
2005-08-01,Denmark,0.2202493240126686
2005-09-01,Denmark,0.2376418739531949
2005-10-01,Denmark,0.2586022195486368
2005-11-01,Denmark,0.3435099857065609
2005-12-01,Denmark,0.4003107719187771
2006-01-01,Denmark,0.3719314366633122
2006-02-01,Denmark,0.3760104043898271
2006-03-01,Denmark,0.373511505468229
2006-04-01,Denmark,0.3567486629024752
2006-05-01,Denmark,0.3676504004433943
2006-06-01,Denmark,0.4607525903858096
2006-07-01,Denmark,0.4393102271790472
2006-08-01,Denmark,0.4993210675595201
2006-09-01,Denmark,0.4013825709192369
2006-10-01,Denmark,0.4434453620701178
2006-11-01,Denmark,0.438986918974632
2006-12-01,Denmark,0.2980948923389202
2007-01-01,Denmark,0.2447755917347814
2007-02-01,Denmark,0.07267059546596877
2007-03-01,Denmark,0.1660574248357702
2007-04-01,Denmark,0.1532444733044984
2007-05-01,Denmark,0.06966322813104786
2007-06-01,Denmark,0.1128100643792322
2007-07-01,Denmark,0.07110599963932929
2007-08-01,Denmark,0.004184749899749374
2007-09-01,Denmark,-0.03637050081831728
2007-10-01,Denmark,-0.276037030987682
2007-11-01,Denmark,-0.4829233950790905
2007-12-01,Denmark,-0.4986178829379758
2008-01-01,Denmark,-0.4804328921437885
2008-02-01,Denmark,-0.4261808990872608
2008-03-01,Denmark,-0.5271029063270546
2008-04-01,Denmark,-0.5391051743923133
2008-05-01,Denmark,-0.4500662447274566
2008-06-01,Denmark,-0.414730564796451
2008-07-01,Denmark,-0.3750972256633892
2008-08-01,Denmark,-0.3116252188773118
2008-09-01,Denmark,-0.2220529547837019
2008-10-01,Denmark,0.001641113631532853
2008-11-01,Denmark,0.3093831229637238
2008-12-01,Denmark,0.4505970152836456
2009-01-01,Denmark,0.3548431226198543
2009-02-01,Denmark,0.4290432299082658
2009-03-01,Denmark,0.5718501819989712
2009-04-01,Denmark,0.6789801138073381
2009-05-01,Denmark,0.4992281713890334
2009-06-01,Denmark,0.1753739004268422
2009-07-01,Denmark,0.1839691319047181
2009-08-01,Denmark,0.2185495984687154
2009-09-01,Denmark,0.0751522004686811
2009-10-01,Denmark,0.1802542033546091
2009-11-01,Denmark,0.2560684917431659
2009-12-01,Denmark,0.1394409281127065
2010-01-01,Denmark,0.2997790501916215
2010-02-01,Denmark,0.2856455614826154
2010-03-01,Denmark,0.3672689259936255
2010-04-01,Denmark,0.2955878255472104
2010-05-01,Denmark,0.2621182289060786
2010-06-01,Denmark,0.3567219061262403
2010-07-01,Denmark,0.2797062348765824
2010-08-01,Denmark,0.1196502807527065
2010-09-01,Denmark,0.01651062379824242
2010-10-01,Denmark,-0.1761182914405418
2010-11-01,Denmark,-0.143759219836708
2010-12-01,Denmark,-0.05838191907305068
2011-01-01,Denmark,-0.1667712189325156
2011-02-01,Denmark,-0.1471590250287572
2011-03-01,Denmark,-0.07095415257310478
2011-04-01,Denmark,-0.1051972524090006
2011-05-01,Denmark,-0.1046655886948394
2011-06-01,Denmark,-0.1720841924463498
2011-07-01,Denmark,-0.072376281192717
2011-08-01,Denmark,0.01311229305383654
2011-09-01,Denmark,0.209573305203663
2011-10-01,Denmark,0.3613595910050753
2011-11-01,Denmark,0.2560765173746633
2011-12-01,Denmark,0.2402492008792234
2012-01-01,Denmark,0.2989159291677084
2012-02-01,Denmark,0.384814095173807
2012-03-01,Denmark,0.1738552624393155
2012-04-01,Denmark,0.1457069953509749
2012-05-01,Denmark,0.1544232381775379
2012-06-01,Denmark,0.2583223895745101
2012-07-01,Denmark,0.1352981027857572
2012-08-01,Denmark,0.1670066072174212
2012-09-01,Denmark,0.1352022156815926
2012-10-01,Denmark,0.1599317286796527
2012-11-01,Denmark,0.1892229936386243
2012-12-01,Denmark,0.2245386012875061
2013-01-01,Denmark,0.2377105571939881
2013-02-01,Denmark,0.1487448416641342
2013-03-01,Denmark,0.360743278717417
2013-04-01,Denmark,0.3801060905241875
2013-05-01,Denmark,0.3353446772679547
2013-06-01,Denmark,0.3742774559783324
2013-07-01,Denmark,0.4823339144002423
2013-08-01,Denmark,0.3353818249933871
2013-09-01,Denmark,0.3116340181575792
2013-10-01,Denmark,0.2541729305817608
2013-11-01,Denmark,0.2041662009268068
2013-12-01,Denmark,0.154649712003363
2014-01-01,Denmark,0.04906928902792629
2014-02-01,Denmark,0.03471959676703529
2014-03-01,Denmark,-0.02304746099739863
2014-04-01,Denmark,0.05014548170376831
2014-05-01,Denmark,0.1048886393387447
2014-06-01,Denmark,0.1090876991421319
2014-07-01,Denmark,0.04374975324499575
2014-08-01,Denmark,0.134516397191299
2014-09-01,Denmark,0.09046369160505452
2014-10-01,Denmark,0.05937422000252757
2014-11-01,Denmark,0.09044534210821564
2014-12-01,Denmark,0.1200497021177063
2015-01-01,Denmark,0.2257001440952302
2015-02-01,Denmark,0.1484358360690312
2015-03-01,Denmark,0.03402237385013773
2015-04-01,Denmark,0.04462473792580135
2015-05-01,Denmark,0.009082331381768727
2015-06-01,Denmark,0.03313282558595465
2015-07-01,Denmark,0.01325299465613061
2015-08-01,Denmark,-0.003349375499139939
2015-09-01,Denmark,-0.01772781757054942
2015-10-01,Denmark,-0.02868087595609103
2015-11-01,Denmark,-0.0934496798359522
2015-12-01,Denmark,-0.1855065168941082
2016-01-01,Denmark,-0.1696746842717008
2016-02-01,Denmark,-0.09167205894488828
2016-03-01,Denmark,-0.07434439671849358
2016-04-01,Denmark,-0.1108056882681357
2016-05-01,Denmark,-0.06192805328730211
2016-06-01,Denmark,-0.01968810599765947
2016-07-01,Denmark,0.03160105739841357
2016-08-01,Denmark,0.03240850235797232
2016-09-01,Denmark,0.1409000325372562
2016-10-01,Denmark,0.1851460531616229
2016-11-01,Denmark,0.2819733244013265
2016-12-01,Denmark,0.3608891173641997
2017-01-01,Denmark,0.3271220668427905
2017-02-01,Denmark,0.3103274237255702
2017-03-01,Denmark,0.2809299193113834
2017-04-01,Denmark,0.2338630219748505
2017-05-01,Denmark,0.1196253613967859
2017-06-01,Denmark,0.02730230489874419
2017-07-01,Denmark,-0.006018306190061495
2017-08-01,Denmark,0.006536793067342783
2017-09-01,Denmark,-0.02372367692730148
2017-10-01,Denmark,-0.05575015540991546
2017-11-01,Denmark,-0.160183748563308
2017-12-01,Denmark,-0.1169738855544747
2018-01-01,Denmark,-0.1662097413657078
2018-02-01,Denmark,-0.1637052237965473
2018-03-01,Denmark,-0.09047661264388673
2018-04-01,Denmark,-0.04556935203582946
2018-05-01,Denmark,-0.02799542179478132
2018-06-01,Denmark,-0.03720286540220019
2018-07-01,Denmark,0.04327618948131851
2018-08-01,Denmark,-0.03937745998759867
2018-09-01,Denmark,-0.01969854294861706
2018-10-01,Denmark,0.009370272602161833
2018-11-01,Denmark,0.1614538255017512
2018-12-01,Denmark,0.1683674546349603
2019-01-01,Denmark,0.2647152122650573
2019-02-01,Denmark,0.2440060396532504
2019-03-01,Denmark,0.1033942935465786
2019-04-01,Denmark,0.03297635396055787
2019-05-01,Denmark,0.1244660584223893
2019-06-01,Denmark,0.2520571776991725
2019-07-01,Denmark,0.2101000483535069
2019-08-01,Denmark,0.3574483824708077
2019-09-01,Denmark,0.3829085851347578
2019-10-01,Denmark,0.4110492229407101
2019-11-01,Denmark,0.3219652181256396
2019-12-01,Denmark,0.3922194235404215
2020-01-01,Denmark,0.4235323732445342
2020-02-01,Denmark,0.346811301065977
2020-03-01,Denmark,0.4321805618161811
2020-04-01,Denmark,0.5031254462148627
2020-05-01,Denmark,0.4832073026222821
2020-06-01,Denmark,0.4359627475020476
2020-07-01,Denmark,0.4295595091713642
2020-08-01,Denmark,0.3720867123975287
2020-09-01,Denmark,0.3645690382543942
2020-10-01,Denmark,0.2726463354220041
2020-11-01,Denmark,0.3967642559988342
2020-12-01,Denmark,0.1977501223152993
2021-01-01,Denmark,0.1805796261453652
2021-02-01,Denmark,0.08768135831841417
2021-03-01,Denmark,0.1046617095291085
2021-04-01,Denmark,0.13545281871515
2021-05-01,Denmark,0.02778311611262496
2021-06-01,Denmark,-0.05036750757367059
2021-07-01,Denmark,-0.1157499934383767
2021-08-01,Denmark,-0.08905165278786564
2021-09-01,Denmark,-0.1897030381470288
2021-10-01,Denmark,-0.244335581512096
2021-11-01,Denmark,-0.2233737498873811
2021-12-01,Denmark,-0.07306391260612644
2022-01-01,Denmark,-0.05986084863887464
2022-02-01,Denmark,0.07760611610176626
2022-03-01,Denmark,0.09156781033534567
2022-04-01,Denmark,0.1319899161236153
2022-05-01,Denmark,0.2179940116779857
2022-06-01,Denmark,0.2151101917059774
2022-07-01,Denmark,0.3078392479861958
2022-08-01,Denmark,0.2190735965132036
2022-09-01,Denmark,0.3816350921560399
2022-10-01,Denmark,0.5240358234234483
2022-11-01,Denmark,0.3933935203263683
2022-12-01,Denmark,0.339641170633652
2023-01-01,Denmark,0.2997947041957654
2023-02-01,Denmark,0.3428667160438263
2023-03-01,Denmark,0.3552360445819585
2023-04-01,Denmark,0.3321479403496796
2023-05-01,Denmark,0.2739190142131154
2023-06-01,Denmark,0.3922409843306478
2023-07-01,Denmark,0.4082928649775868
2023-08-01,Denmark,0.3406713543080513
2023-09-01,Denmark,0.3325904762680245
2023-10-01,Denmark,0.2346375866460519
2023-11-01,Denmark,0.1580498298465765
2023-12-01,Denmark,0.03729991208019157
2024-01-01,Denmark,-0.1370758162259594
2024-02-01,Denmark,-0.1915809185108449
2024-03-01,Denmark,-0.1766514061010543
2024-04-01,Denmark,-0.3437854800627886
2024-05-01,Denmark,-0.3335998753561209
2024-06-01,Denmark,-0.3273086361354611
2024-07-01,Denmark,-0.3442974872020396
2024-08-01,Denmark,-0.4278756800705252
2024-09-01,Denmark,-0.4106325907642809
2024-10-01,Denmark,-0.365365984167095
2024-11-01,Denmark,-0.3475011272716708
2024-12-01,Denmark,-0.30088048566534
2025-01-01,Denmark,-0.1477109779573256
2025-02-01,Denmark,-0.05823494100938276
2025-03-01,Denmark,-0.2730258371680634
2025-04-01,Denmark,-0.1747293234747125
2025-05-01,Denmark,-0.1060464789950187
2025-06-01,Denmark,-0.1298488962211237
2025-07-01,Denmark,-0.1186651532903055
2025-08-01,Denmark,0.05708814639219684
2025-09-01,Denmark,
2025-10-01,Denmark,
2025-11-01,Denmark,
2025-12-01,Denmark,
2026-01-01,Denmark,
2026-02-01,Denmark,
2026-03-01,Denmark,
2026-04-01,Denmark,
2026-05-01,Denmark,
2026-06-01,Denmark,
2026-07-01,Denmark,
2026-08-01,Denmark,
2000-02-01,India,-0.2321421868548477
2000-03-01,India,-0.3748037987728505
2000-04-01,India,-0.4274940973323466
2000-05-01,India,-0.335700708123577
2000-06-01,India,-0.2153605535676201
2000-07-01,India,-0.3249316601734864
2000-08-01,India,-0.2667342799188642
2000-09-01,India,-0.3084501179408908
2000-10-01,India,-0.3333333333333334
2000-11-01,India,-0.2240872612184922
2000-12-01,India,-0.1993227154875918
2001-01-01,India,-0.1946290880085084
2001-02-01,India,-0.2464008994696063
2001-03-01,India,-0.1690969492556995
2001-04-01,India,-0.001908162009110037
2001-05-01,India,-0.02100496824099118
2001-06-01,India,-0.1192050980036846
2001-07-01,India,-0.04176896342824343
2001-08-01,India,-0.08018836857011136
2001-09-01,India,-0.008059122525414741
2001-10-01,India,0.09734100450940764
2001-11-01,India,0.02695025129288364
2001-12-01,India,0.02967221781654761
2002-01-01,India,0.08322878837900305
2002-02-01,India,0.02101712506486764
2002-03-01,India,-0.02609491835800404
2002-04-01,India,-0.08917668825161873
2002-05-01,India,-0.09237489561251355
2002-06-01,India,0.04639281305719378
2002-07-01,India,0.1614481083419292
2002-08-01,India,0.3357559700690989
2002-09-01,India,0.4201530526244817
2002-10-01,India,0.5783264843417883
2002-11-01,India,0.7474998226824598
2002-12-01,India,0.6181888197163212
2003-01-01,India,0.7845539605620067
2003-02-01,India,0.8172172808132148
2003-03-01,India,0.768285803823253
2003-04-01,India,0.9470512560092084
2003-05-01,India,1.008705499327624
2003-06-01,India,0.5655536258478879
2003-07-01,India,0.3734422002578426
2003-08-01,India,0.3750033503980272
2003-09-01,India,0.2195318805488298
2003-10-01,India,0.2527327003793234
2003-11-01,India,0.1730051140514652
2003-12-01,India,0.2829492722008489
2004-01-01,India,0.1897938619712056
2004-02-01,India,0.1943502429815054
2004-03-01,India,0.2439478254705278
2004-04-01,India,0.1801537070524413
2004-05-01,India,0.1340685669990487
2004-06-01,India,0.4697337575351641
2004-07-01,India,0.5864831038798499
2004-08-01,India,0.5660233918128654
2004-09-01,India,0.5688675205356795
2004-10-01,India,0.5856879221686704
2004-11-01,India,0.3776924274666527
2004-12-01,India,0.3498160571304911
2005-01-01,India,0.3741566904946458
2005-02-01,India,0.5088255956911187
2005-03-01,India,0.5045518656237982
2005-04-01,India,0.7095015691070086
2005-05-01,India,0.8696948984030326
2005-06-01,India,0.4677860377680936
2005-07-01,India,0.3852950457557589
2005-08-01,India,0.3126579284762938
2005-09-01,India,0.4315314085782702
2005-10-01,India,0.406431493073603
2005-11-01,India,0.6669806108097247
2005-12-01,India,0.6067563698826224
2006-01-01,India,0.5115739773534449
2006-02-01,India,0.439591032990911
2006-03-01,India,0.2839706077306212
2006-04-01,India,0.2051038964396832
2006-05-01,India,0.3027601449034532
2006-06-01,India,0.6283898510648622
2006-07-01,India,0.6051347760060743
2006-08-01,India,0.7001185339718361
2006-09-01,India,0.5063095857167619
2006-10-01,India,0.6352995051095829
2006-11-01,India,0.7893630645222043
2006-12-01,India,0.6608082103912765
2007-01-01,India,0.7312205437231354
2007-02-01,India,0.4458377693624247
2007-03-01,India,0.544275231387588
2007-04-01,India,0.3082523403920558
2007-05-01,India,0.2932045026946013
2007-06-01,India,0.09424417565393539
2007-07-01,India,-0.1321984188461243
2007-08-01,India,-0.12408107716163
2007-09-01,India,-0.1089253040886545
2007-10-01,India,-0.381736093029197
2007-11-01,India,-0.6193559523258213
2007-12-01,India,-0.6535051581784164
2008-01-01,India,-0.646001484923239
2008-02-01,India,-0.5961336806931039
2008-03-01,India,-0.6283692143116392
2008-04-01,India,-0.5228968616239087
2008-05-01,India,-0.4866694942002684
2008-06-01,India,-0.2234939857443899
2008-07-01,India,-0.04946170618697188
2008-08-01,India,-0.03480641874681611
2008-09-01,India,-0.0302001071887491
2008-10-01,India,0.3255619919425969
2008-11-01,India,0.7711305771230121
2008-12-01,India,1.148694004433821
2009-01-01,India,1.026431221316374
2009-02-01,India,0.963327101940963
2009-03-01,India,1.216261019301447
2009-04-01,India,1.156045189972043
2009-05-01,India,0.8441207835752784
2009-06-01,India,0.2383961066737725
2009-07-01,India,0.3200908954057677
2009-08-01,India,0.2219905788591712
2009-09-01,India,0.2166921898928023
2009-10-01,India,0.2737294536560804
2009-11-01,India,0.3490492397039997
2009-12-01,India,0.1640652018536877
2010-01-01,India,0.2095932335429302
2010-02-01,India,0.110592577789794
2010-03-01,India,0.07603861653089017
2010-04-01,India,0.09613064712415831
2010-05-01,India,0.0631574011846896
2010-06-01,India,0.1064275562149277
2010-07-01,India,0.08356049827861445
2010-08-01,India,0.0491626264698577
2010-09-01,India,-0.06857471201466603
2010-10-01,India,-0.2504318033141787
2010-11-01,India,-0.1997546637041152
2010-12-01,India,-0.2813434609518904
2011-01-01,India,-0.3717981745914912
2011-02-01,India,-0.1274754702202653
2011-03-01,India,-0.06881166511297077
2011-04-01,India,-0.2051973237661205
2011-05-01,India,-0.2344662668077933
2011-06-01,India,-0.2962322282158101
2011-07-01,India,-0.2526184963566568
2011-08-01,India,-0.2412930715079659
2011-09-01,India,-0.1192568917299239
2011-10-01,India,0.07259416458946832
2011-11-01,India,-0.04841592577381604
2011-12-01,India,0.1854248055285694
2012-01-01,India,0.259681009988576
2012-02-01,India,0.09246240909339054
2012-03-01,India,-0.03072177953694533
2012-04-01,India,0.01997120827640053
2012-05-01,India,0.1226508090946332
2012-06-01,India,0.2292890802257257
2012-07-01,India,0.05728405326753117
2012-08-01,India,0.04135297548800176
2012-09-01,India,-0.09162408442624048
2012-10-01,India,-0.123080705492563
2012-11-01,India,0.001325171573246076
2012-12-01,India,-0.06700416741742177
2013-01-01,India,-0.03831598039728623
2013-02-01,India,-0.115351089050641
2013-03-01,India,-0.01447164179104476
2013-04-01,India,0.06706536690389342
2013-05-01,India,0.009567522878239254
2013-06-01,India,0.1435146295003609
2013-07-01,India,0.2806433404998825
2013-08-01,India,0.3216856091444948
2013-09-01,India,0.5387196980267457
2013-10-01,India,0.3737191682520611
2013-11-01,India,0.3017089087873728
2013-12-01,India,0.3527825019779345
2014-01-01,India,0.236673799765454
2014-02-01,India,0.3849499482222989
2014-03-01,India,0.3675761467445298
2014-04-01,India,0.2157108909115364
2014-05-01,India,0.1381146823447024
2014-06-01,India,0.07672450362644989
2014-07-01,India,0.03198664870646972
2014-08-01,India,0.04633238881360113
2014-09-01,India,-0.07654310381856444
2014-10-01,India,-0.05501239127265667
2014-11-01,India,-0.08132951535275901
2014-12-01,India,-0.1342021644024868
2015-01-01,India,-0.06080810253301916
2015-02-01,India,-0.1882440375037953
2015-03-01,India,-0.2630518174650283
2015-04-01,India,-0.1343263627646234
2015-05-01,India,-0.06619756051568615
2015-06-01,India,-0.07534605276433826
2015-07-01,India,-0.06687557285243317
2015-08-01,India,-0.02905895152288696
2015-09-01,India,0.07511977301269845
2015-10-01,India,0.0588268567226653
2015-11-01,India,0.0411960301545804
2015-12-01,India,0.007675205310412325
2016-01-01,India,-0.01470817849670547
2016-02-01,India,0.1099251385857278
2016-03-01,India,0.2599823284385911
2016-04-01,India,0.1839275728930903
2016-05-01,India,0.2039026878806238
2016-06-01,India,0.1969384414734139
2016-07-01,India,0.1755660809149864
2016-08-01,India,0.1934836071537711
2016-09-01,India,0.1733244882851182
2016-10-01,India,0.1420967514775944
2016-11-01,India,0.2338127742564602
2016-12-01,India,0.3221994077624293
2017-01-01,India,0.3892093475321161
2017-02-01,India,0.3669714619106537
2017-03-01,India,0.2106601406340938
2017-04-01,India,0.1024955917809205
2017-05-01,India,0.1267236965234739
2017-06-01,India,0.0676746891713551
2017-07-01,India,0.06506846318736592
2017-08-01,India,0.05535979190798423
2017-09-01,India,0.07298776640637161
2017-10-01,India,0.01057116614505382
2017-11-01,India,-0.1270316729564718
2017-12-01,India,-0.02575331747121667
2018-01-01,India,-0.07103584112185057
2018-02-01,India,-0.1180422688605658
2018-03-01,India,-0.0533570283039313
2018-04-01,India,0.06548809047809456
2018-05-01,India,0.02895904911520542
2018-06-01,India,0.07242387401856543
2018-07-01,India,0.08035274208917964
2018-08-01,India,-0.04250845316676033
2018-09-01,India,-0.0786645131482987
2018-10-01,India,0.05114999116362462
2018-11-01,India,0.1741305243335489
2018-12-01,India,0.05843690199597606
2019-01-01,India,0.0761403451324536
2019-02-01,India,0.08268600178555041
2019-03-01,India,0.0004703629703628476
2019-04-01,India,-0.3055535345722173
2019-05-01,India,-0.2023460968821508
2019-06-01,India,-0.2258779994919489
2019-07-01,India,-0.1717656362274596
2019-08-01,India,-0.03265118972923409
2019-09-01,India,0.03674754967985261
2019-10-01,India,0.007361594812057115
2019-11-01,India,-0.02730784652396523
2019-12-01,India,0.06903934154594227
2020-01-01,India,0.1566443780095392
2020-02-01,India,0.1455560607578548
2020-03-01,India,0.2935224440718442
2020-04-01,India,0.7621943822579045
2020-05-01,India,0.51401173252889
2020-06-01,India,0.6898230456907486
2020-07-01,India,0.5702599977966287
2020-08-01,India,0.4374163236455866
2020-09-01,India,0.5327387852671468
2020-10-01,India,0.5321976244690025
2020-11-01,India,0.5150400526372114
2020-12-01,India,0.3443967624531481
2021-01-01,India,0.2636880216246078
2021-02-01,India,0.2781730054457325
2021-03-01,India,0.1702626551131867
2021-04-01,India,0.1811340473933056
2021-05-01,India,0.1708219048519815
2021-06-01,India,0.01599023833193747
2021-07-01,India,-0.0435807038160887
2021-08-01,India,0.03282491546456168
2021-09-01,India,-0.03075895919234917
2021-10-01,India,-0.09503962902255336
2021-11-01,India,-0.06348990409016464
2021-12-01,India,0.01457028566810781
2022-01-01,India,-0.07254511625486282
2022-02-01,India,-0.08829543391132022
2022-03-01,India,-0.09251120694156989
2022-04-01,India,-0.1148256276028696
2022-05-01,India,-0.06218007232620582
2022-06-01,India,0.02210874650539174
2022-07-01,India,0.1465507228657883
2022-08-01,India,0.08238648298189943
2022-09-01,India,0.02189221260416696
2022-10-01,India,0.1051927171847731
2022-11-01,India,0.04601554337562797
2022-12-01,India,0.06128067883731037
2023-01-01,India,0.2123751778163727
2023-02-01,India,0.2782432998022775
2023-03-01,India,0.3780324552211232
2023-04-01,India,0.3730879161990273
2023-05-01,India,0.3467631022077002
2023-06-01,India,0.3199977671718439
2023-07-01,India,0.3494936246557743
2023-08-01,India,0.3625846749362189
2023-09-01,India,0.4009057994865382
2023-10-01,India,0.4100239604186331
2023-11-01,India,0.340678563607326
2023-12-01,India,0.2502170242041404
2024-01-01,India,0.1247075323016253
2024-02-01,India,0.05933732423149607
2024-03-01,India,-0.05144001265945197
2024-04-01,India,0.02742255053042508
2024-05-01,India,0.05255494060360055
2024-06-01,India,0.05830101788379971
2024-07-01,India,0.02310862118691959
2024-08-01,India,-0.06581733316369454
2024-09-01,India,-0.09587259341126131
2024-10-01,India,-0.1117927894128985
2024-11-01,India,0.004982061788721515
2024-12-01,India,0.01979817626259894
2025-01-01,India,0.04193750835931143
2025-02-01,India,0.02816775310263075
2025-03-01,India,0.1295949174102331
2025-04-01,India,-0.1153121579076892
2025-05-01,India,-0.08248076272576832
2025-06-01,India,-0.0989580731846198
2025-07-01,India,-0.1158566253987133
2025-08-01,India,-0.05400153267920049
2025-09-01,India,
2025-10-01,India,
2025-11-01,India,
2025-12-01,India,
2026-01-01,India,
2026-02-01,India,
2026-03-01,India,
2026-04-01,India,
2026-05-01,India,
2026-06-01,India,
2026-07-01,India,
2026-08-01,India,
2000-02-01,ChinaH,-0.1819518132451158
2000-03-01,ChinaH,-0.08952417351423647
2000-04-01,ChinaH,-0.2535231295418997
2000-05-01,ChinaH,-0.2458447563883221
2000-06-01,ChinaH,-0.2392491560307293
2000-07-01,ChinaH,-0.3063114134542705
2000-08-01,ChinaH,-0.3889506916132345
2000-09-01,ChinaH,-0.501095855499984
2000-10-01,ChinaH,-0.4526546370182774
2000-11-01,ChinaH,-0.4115098631977525
2000-12-01,ChinaH,-0.2551787003928063
2001-01-01,ChinaH,-0.2588493255992732
2001-02-01,ChinaH,-0.413457246517803
2001-03-01,ChinaH,-0.3494664730130213
2001-04-01,ChinaH,-0.1800094243147319
2001-05-01,ChinaH,-0.2255395912863636
2001-06-01,ChinaH,-0.2343067094648589
2001-07-01,ChinaH,-0.2836993509834699
2001-08-01,ChinaH,-0.2098490039462036
2001-09-01,ChinaH,-0.01090600277119746
2001-10-01,ChinaH,-0.05729215141402177
2001-11-01,ChinaH,-0.07602399870277288
2001-12-01,ChinaH,-0.1231841643165008
2002-01-01,ChinaH,-0.1590681392251387
2002-02-01,ChinaH,-0.02731163492559063
2002-03-01,ChinaH,-0.0561707125066141
2002-04-01,ChinaH,-0.1405410362219166
2002-05-01,ChinaH,-0.1831207943155616
2002-06-01,ChinaH,-0.09298420527890006
2002-07-01,ChinaH,-0.002861264872239033
2002-08-01,ChinaH,0.1481561190515375
2002-09-01,ChinaH,0.2464639161281577
2002-10-01,ChinaH,0.3538546162308538
2002-11-01,ChinaH,0.5550282898339114
2002-12-01,ChinaH,0.5086108076762283
2003-01-01,ChinaH,0.811950298196803
2003-02-01,ChinaH,0.7202046206827375
2003-03-01,ChinaH,0.8702937738003269
2003-04-01,ChinaH,0.783513294353634
2003-05-01,ChinaH,0.5598807569342434
2003-06-01,ChinaH,0.4792787580754025
2003-07-01,ChinaH,0.3824816722865603
2003-08-01,ChinaH,0.2634628531104592
2003-09-01,ChinaH,0.191852124238014
2003-10-01,ChinaH,0.276989509433176
2003-11-01,ChinaH,0.07759570241964608
2003-12-01,ChinaH,0.1731015062798908
2004-01-01,ChinaH,-0.00341521336381112
2004-02-01,ChinaH,-0.01676592237840513
2004-03-01,ChinaH,-0.00702572688126446
2004-04-01,ChinaH,0.02737928586526928
2004-05-01,ChinaH,0.1844666020403452
2004-06-01,ChinaH,0.1113747370982601
2004-07-01,ChinaH,0.1650931829328102
2004-08-01,ChinaH,0.2453474825135158
2004-09-01,ChinaH,0.2437338130746902
2004-10-01,ChinaH,0.2265550112376051
2004-11-01,ChinaH,0.1347665986619693
2004-12-01,ChinaH,0.1048282010836019
2005-01-01,ChinaH,0.161294078380539
2005-02-01,ChinaH,0.3501057583964258
2005-03-01,ChinaH,0.2969548379496694
2005-04-01,ChinaH,0.411569009557379
2005-05-01,ChinaH,0.4843233005054737
2005-06-01,ChinaH,0.4011784761919659
2005-07-01,ChinaH,0.37409704213177
2005-08-01,ChinaH,0.3155095390760496
2005-09-01,ChinaH,0.3411794712329628
2005-10-01,ChinaH,0.3171389519822014
2005-11-01,ChinaH,0.5596927041225048
2005-12-01,ChinaH,0.6156581175358917
2006-01-01,ChinaH,0.7927720184743303
2006-02-01,ChinaH,0.510461537560507
2006-03-01,ChinaH,0.4389344611279837
2006-04-01,ChinaH,0.4480189646969528
2006-05-01,ChinaH,0.4325244706771971
2006-06-01,ChinaH,0.6240452956130338
2006-07-01,ChinaH,0.7743527185002432
2006-08-01,ChinaH,0.9071335160459499
2006-09-01,ChinaH,0.9932554062256587
2006-10-01,ChinaH,1.298183378990822
2006-11-01,ChinaH,1.505609626782299
2006-12-01,ChinaH,0.9614701575687199
2007-01-01,ChinaH,0.6391384748454638
2007-02-01,ChinaH,0.3370026715470544
2007-03-01,ChinaH,0.5039678391008204
2007-04-01,ChinaH,0.2720513244184124
2007-05-01,ChinaH,0.4187211439945602
2007-06-01,ChinaH,0.2588197694797829
2007-07-01,ChinaH,-0.01301498040739046
2007-08-01,ChinaH,-0.08486409259830818
2007-09-01,ChinaH,-0.2134872578374852
2007-10-01,ChinaH,-0.4792261296595366
2007-11-01,ChinaH,-0.65480403177812
2007-12-01,ChinaH,-0.585037929694854
2008-01-01,ChinaH,-0.5208698678275822
2008-02-01,ChinaH,-0.4394881922875031
2008-03-01,ChinaH,-0.5091377921876926
2008-04-01,ChinaH,-0.3626759354232826
2008-05-01,ChinaH,-0.3884103094115368
2008-06-01,ChinaH,-0.2484446191603263
2008-07-01,ChinaH,-0.1088976386561317
2008-08-01,ChinaH,-0.03505867020310616
2008-09-01,ChinaH,-0.02322404825603619
2008-10-01,ChinaH,0.2925484785580477
2008-11-01,ChinaH,0.7843446326292141
2008-12-01,ChinaH,0.7518566888000755
2009-01-01,ChinaH,0.5937356100849271
2009-02-01,ChinaH,0.5894326189761685
2009-03-01,ChinaH,0.6770625140279813
2009-04-01,ChinaH,0.5502137678188652
2009-05-01,ChinaH,0.3899653781888928
2009-06-01,ChinaH,0.1225347482669001
2009-07-01,ChinaH,0.09361191978925487
2009-08-01,ChinaH,0.0267879171279457
2009-09-01,ChinaH,0.07581820099555303
2009-10-01,ChinaH,0.11859167388881
2009-11-01,ChinaH,0.09044885489627119
2009-12-01,ChinaH,0.04072003293289939
2010-01-01,ChinaH,0.02897933409189735
2010-02-01,ChinaH,0.1218261305485748
2010-03-01,ChinaH,0.07739578487167886
2010-04-01,ChinaH,0.07471907056028737
2010-05-01,ChinaH,0.09337989790444223
2010-06-01,ChinaH,0.1633598728948615
2010-07-01,ChinaH,0.102157680737615
2010-08-01,ChinaH,0.05207027315098633
2010-09-01,ChinaH,-0.02149811585104555
2010-10-01,ChinaH,-0.2532056145675265
2010-11-01,ChinaH,-0.173293596600906
2010-12-01,ChinaH,-0.2245985843472708
2011-01-01,ChinaH,-0.2013816720750555
2011-02-01,ChinaH,-0.1141690642315242
2011-03-01,ChinaH,-0.03816503776132352
2011-04-01,ChinaH,-0.1475260694961584
2011-05-01,ChinaH,-0.1281426522261264
2011-06-01,ChinaH,-0.2254773385031965
2011-07-01,ChinaH,-0.1846185613182512
2011-08-01,ChinaH,-0.1685762557024144
2011-09-01,ChinaH,-0.1111725216795467
2011-10-01,ChinaH,0.1396381170834449
2011-11-01,ChinaH,0.04843322292144081
2011-12-01,ChinaH,0.1645006307041625
2012-01-01,ChinaH,0.192548666375481
2012-02-01,ChinaH,0.1228021901528291
2012-03-01,ChinaH,0.01245516310405836
2012-04-01,ChinaH,0.03762253426340889
2012-05-01,ChinaH,0.01397021663959142
2012-06-01,ChinaH,0.1279645617260896
2012-07-01,ChinaH,0.02301257095572429
2012-08-01,ChinaH,0.05004939258565333
2012-09-01,ChinaH,0.1100884736924403
2012-10-01,ChinaH,0.0971004280867418
2012-11-01,ChinaH,0.06379854219268233
2012-12-01,ChinaH,0.09496319447431256
2013-01-01,ChinaH,0.008910212474297685
2013-02-01,ChinaH,-0.09518210780595404
2013-03-01,ChinaH,-0.03380793726481135
2013-04-01,ChinaH,-0.006153547788156355
2013-05-01,ChinaH,-0.04019646995563075
2013-06-01,ChinaH,0.0118549389742062
2013-07-01,ChinaH,0.1303010070758541
2013-08-01,ChinaH,0.1682597656970561
2013-09-01,ChinaH,0.1432645092393316
2013-10-01,ChinaH,0.0196427427332011
2013-11-01,ChinaH,0.036698521168117
2013-12-01,ChinaH,0.003820342085010475
2014-01-01,ChinaH,0.05126741299527615
2014-02-01,ChinaH,0.1503890191172346
2014-03-01,ChinaH,0.1581592799068292
2014-04-01,ChinaH,0.2066324694456307
2014-05-01,ChinaH,0.4414146709039084
2014-06-01,ChinaH,0.3308528312335597
2014-07-01,ChinaH,0.2150536639383578
2014-08-01,ChinaH,0.007449842749465807
2014-09-01,ChinaH,-0.1123477996765094
2014-10-01,ChinaH,-0.07203820377286785
2014-11-01,ChinaH,-0.02832218043563972
2014-12-01,ChinaH,-0.07521170320536696
2015-01-01,ChinaH,-0.09783968351084027
2015-02-01,ChinaH,-0.2269897037534282
2015-03-01,ChinaH,-0.2709830637281512
2015-04-01,ChinaH,-0.2049489450319002
2015-05-01,ChinaH,-0.3197314319613239
2015-06-01,ChinaH,-0.2983360167958748
2015-07-01,ChinaH,-0.2496061942690319
2015-08-01,ChinaH,-0.1285005749099878
2015-09-01,ChinaH,0.05947794593530253
2015-10-01,ChinaH,0.1089354842971713
2015-11-01,ChinaH,-0.003139030428758627
2015-12-01,ChinaH,0.01930409353975771
2016-01-01,ChinaH,-0.009620027190831437
2016-02-01,ChinaH,0.2079606229264492
2016-03-01,ChinaH,0.2846101437458814
2016-04-01,ChinaH,0.1761449748488177
2016-05-01,ChinaH,0.2105478577848461
2016-06-01,ChinaH,0.2850158284095943
2016-07-01,ChinaH,0.3130439342398832
2016-08-01,ChinaH,0.3762296435443817
2016-09-01,ChinaH,0.3356848957182876
2016-10-01,ChinaH,0.3152283991802889
2016-11-01,ChinaH,0.3935095591519042
2016-12-01,ChinaH,0.4334531019139911
2017-01-01,ChinaH,0.5246910115512851
2017-02-01,ChinaH,0.6056860358487703
2017-03-01,ChinaH,0.4515338579025923
2017-04-01,ChinaH,0.3762481925661307
2017-05-01,ChinaH,0.339169519898098
2017-06-01,ChinaH,0.2909436559703695
2017-07-01,ChinaH,0.1982211778770593
2017-08-01,ChinaH,0.07186862219138823
2017-09-01,ChinaH,-0.01073105527936213
2017-10-01,ChinaH,-0.03584118996555385
2017-11-01,ChinaH,-0.177120009418146
2017-12-01,ChinaH,-0.1322585558182139
2018-01-01,ChinaH,-0.2005780717688302
2018-02-01,ChinaH,-0.2102093063904205
2018-03-01,ChinaH,-0.1271572314361042
2018-04-01,ChinaH,-0.07742423259201114
2018-05-01,ChinaH,-0.05694028658728245
2018-06-01,ChinaH,-0.1955120425335276
2018-07-01,ChinaH,-0.08837430330970897
2018-08-01,ChinaH,-0.06708641625031586
2018-09-01,ChinaH,-0.06845347893455322
2018-10-01,ChinaH,-0.05295572577178653
2018-11-01,ChinaH,0.1097693444890131
2018-12-01,ChinaH,0.05285172371597335
2019-01-01,ChinaH,0.2090065364292781
2019-02-01,ChinaH,0.03359760275796453
2019-03-01,ChinaH,0.01059455552162425
2019-04-01,ChinaH,-0.07986227024106052
2019-05-01,ChinaH,-0.04303536870677527
2019-06-01,ChinaH,0.09883894880492661
2019-07-01,ChinaH,0.1114700311588204
2019-08-01,ChinaH,0.2182219724788628
2019-09-01,ChinaH,0.3372680738995268
2019-10-01,ChinaH,0.300528537555681
2019-11-01,ChinaH,0.3162006598580016
2019-12-01,ChinaH,0.3273166344993403
2020-01-01,ChinaH,0.2624281344167994
2020-02-01,ChinaH,0.4246072639003389
2020-03-01,ChinaH,0.3947871160506122
2020-04-01,ChinaH,0.4052590770709239
2020-05-01,ChinaH,0.3370798448868852
2020-06-01,ChinaH,0.3499931067760391
2020-07-01,ChinaH,0.2458959860191356
2020-08-01,ChinaH,-0.01590533643053438
2020-09-01,ChinaH,-0.06631628435569825
2020-10-01,ChinaH,-0.0868262588024391
2020-11-01,ChinaH,-0.1057257256349448
2020-12-01,ChinaH,-0.1794024958362926
2021-01-01,ChinaH,-0.2258835618150613
2021-02-01,ChinaH,-0.2990841467776353
2021-03-01,ChinaH,-0.3201047382112713
2021-04-01,ChinaH,-0.3325268580448069
2021-05-01,ChinaH,-0.3612928019676415
2021-06-01,ChinaH,-0.3570776325654582
2021-07-01,ChinaH,-0.3186103216652431
2021-08-01,ChinaH,-0.2849359647697228
2021-09-01,ChinaH,-0.281245384719842
2021-10-01,ChinaH,-0.3504107411928463
2021-11-01,ChinaH,-0.4726998730320989
2021-12-01,ChinaH,-0.2809597206204123
2022-01-01,ChinaH,-0.2217863215788635
2022-02-01,ChinaH,-0.1045516675152166
2022-03-01,ChinaH,-0.1600201454338012
2022-04-01,ChinaH,-0.05037657596588951
2022-05-01,ChinaH,-0.06828401464919365
2022-06-01,ChinaH,-0.1553662407524823
2022-07-01,ChinaH,-0.1721466175375093
2022-08-01,ChinaH,0.002591484962457979
2022-09-01,ChinaH,-0.08557027312155663
2022-10-01,ChinaH,0.03400017682471046
2022-11-01,ChinaH,0.1848206970563007
2022-12-01,ChinaH,-0.05912121648198798
2023-01-01,ChinaH,-0.1252708035819051
2023-02-01,ChinaH,-0.2989426289443321
2023-03-01,ChinaH,-0.1553354882250559
2023-04-01,ChinaH,-0.1818585541551556
2023-05-01,ChinaH,-0.08268826185166367
2023-06-01,ChinaH,0.02342586875370234
2023-07-01,ChinaH,-0.03987233123823297
2023-08-01,ChinaH,-0.1406497075182732
2023-09-01,ChinaH,-0.0575718045197825
2023-10-01,ChinaH,0.1950124060220511
2023-11-01,ChinaH,0.1772043820620495
2023-12-01,ChinaH,0.1073185653470645
2024-01-01,ChinaH,0.167743877402458
2024-02-01,ChinaH,0.3144660291713475
2024-03-01,ChinaH,0.350732385079126
2024-04-01,ChinaH,0.3630369410800929
2024-05-01,ChinaH,0.2198143625733922
2024-06-01,ChinaH,0.2323925114004222
2024-07-01,ChinaH,0.3061248879593665
2024-08-01,ChinaH,0.3978871143895295
2024-09-01,ChinaH,0.4482645500952138
2024-10-01,ChinaH,0.2880450125215466
2024-11-01,ChinaH,0.3111572270674619
2024-12-01,ChinaH,0.334066161744055
2025-01-01,ChinaH,0.2778706242128872
2025-02-01,ChinaH,0.3296169736149113
2025-03-01,ChinaH,0.1220652424331106
2025-04-01,ChinaH,0.01874885476600574
2025-05-01,ChinaH,0.1049506931432111
2025-06-01,ChinaH,0.03310971920045613
2025-07-01,ChinaH,-0.07322623055029831
2025-08-01,ChinaH,-0.03849937692660854
2025-09-01,ChinaH,
2025-10-01,ChinaH,
2025-11-01,ChinaH,
2025-12-01,ChinaH,
2026-01-01,ChinaH,
2026-02-01,ChinaH,
2026-03-01,ChinaH,
2026-04-01,ChinaH,
2026-05-01,ChinaH,
2026-06-01,ChinaH,
2026-07-01,ChinaH,
2026-08-01,ChinaH,
2000-02-01,Hong Kong,-0.04438151126464174
2000-03-01,Hong Kong,-0.1162358098108149
2000-04-01,Hong Kong,-0.2306416150456525
2000-05-01,Hong Kong,-0.1522125391661256
2000-06-01,Hong Kong,-0.05718829888073451
2000-07-01,Hong Kong,-0.1737776068003299
2000-08-01,Hong Kong,-0.2261718870325307
2000-09-01,Hong Kong,-0.2870733243218989
2000-10-01,Hong Kong,-0.3427545389741707
2000-11-01,Hong Kong,-0.2711467483026491
2000-12-01,Hong Kong,-0.1461933950276888
2001-01-01,Hong Kong,-0.1836456984052419
2001-02-01,Hong Kong,-0.2209129009413326
2001-03-01,Hong Kong,-0.2336972373115181
2001-04-01,Hong Kong,-0.0913279320882755
2001-05-01,Hong Kong,-0.03926546341342407
2001-06-01,Hong Kong,-0.0682097544226119
2001-07-01,Hong Kong,-0.07517734198690507
2001-08-01,Hong Kong,-0.111441852608286
2001-09-01,Hong Kong,-0.09240162511897143
2001-10-01,Hong Kong,-0.002981040826509629
2001-11-01,Hong Kong,-0.002019544636410742
2001-12-01,Hong Kong,-0.06293846794584279
2002-01-01,Hong Kong,-0.1752910166780365
2002-02-01,Hong Kong,-0.1555317029502006
2002-03-01,Hong Kong,-0.1320430069790316
2002-04-01,Hong Kong,-0.2239382249516579
2002-05-01,Hong Kong,-0.2664469020891083
2002-06-01,Hong Kong,-0.1694323342921142
2002-07-01,Hong Kong,-0.1040612942213209
2002-08-01,Hong Kong,-0.006076988784069592
2002-09-01,Hong Kong,0.1734542459953541
2002-10-01,Hong Kong,0.3341487605668487
2002-11-01,Hong Kong,0.3427499315736984
2002-12-01,Hong Kong,0.256722609148299
2003-01-01,Hong Kong,0.3863719040858431
2003-02-01,Hong Kong,0.5125990600931412
2003-03-01,Hong Kong,0.5809315328206446
2003-04-01,Hong Kong,0.5669793395110292
2003-05-01,Hong Kong,0.4928541124750663
2003-06-01,Hong Kong,0.3804697911952617
2003-07-01,Hong Kong,0.361973168699264
2003-08-01,Hong Kong,0.2977749963667335
2003-09-01,Hong Kong,0.2376358752265337
2003-10-01,Hong Kong,0.1931394760462055
2003-11-01,Hong Kong,0.1397558901794171
2003-12-01,Hong Kong,0.2502331236599131
2004-01-01,Hong Kong,0.2536124139290241
2004-02-01,Hong Kong,0.09513384389247226
2004-03-01,Hong Kong,0.09611370395987806
2004-04-01,Hong Kong,0.1274835301882873
2004-05-01,Hong Kong,0.2348056096086211
2004-06-01,Hong Kong,0.2317814640934679
2004-07-01,Hong Kong,0.2760733808366951
2004-08-01,Hong Kong,0.3309853698849476
2004-09-01,Hong Kong,0.2296529416452882
2004-10-01,Hong Kong,0.246231451141445
2004-11-01,Hong Kong,0.169643109562353
2004-12-01,Hong Kong,0.1019892982199773
2005-01-01,Hong Kong,0.08737859268873227
2005-02-01,Hong Kong,0.1960973793100016
2005-03-01,Hong Kong,0.1595982910675866
2005-04-01,Hong Kong,0.215705628395132
2005-05-01,Hong Kong,0.231864068945979
2005-06-01,Hong Kong,0.1607703386979831
2005-07-01,Hong Kong,0.1236456271181108
2005-08-01,Hong Kong,0.08148897886868678
2005-09-01,Hong Kong,0.1314246016947855
2005-10-01,Hong Kong,0.1074047501917672
2005-11-01,Hong Kong,0.2069690514648264
2005-12-01,Hong Kong,0.2414604721950986
2006-01-01,Hong Kong,0.3070134564523168
2006-02-01,Hong Kong,0.2597968173003693
2006-03-01,Hong Kong,0.2251522603619052
2006-04-01,Hong Kong,0.2271101254907544
2006-05-01,Hong Kong,0.1887000401084642
2006-06-01,Hong Kong,0.2840205038707091
2006-07-01,Hong Kong,0.2985903045294094
2006-08-01,Hong Kong,0.3653457377414546
2006-09-01,Hong Kong,0.3252585707325886
2006-10-01,Hong Kong,0.5137221649144184
2006-11-01,Hong Kong,0.6481968154221263
2006-12-01,Hong Kong,0.5019957927273346
2007-01-01,Hong Kong,0.4154335882110314
2007-02-01,Hong Kong,0.2306907082309444
2007-03-01,Hong Kong,0.2352821753081829
2007-04-01,Hong Kong,0.1420745213982695
2007-05-01,Hong Kong,0.2075383241633113
2007-06-01,Hong Kong,0.1776862756688373
2007-07-01,Hong Kong,0.03729591173311597
2007-08-01,Hong Kong,-0.0445392846674606
2007-09-01,Hong Kong,-0.09979673689079183
2007-10-01,Hong Kong,-0.3550276437832823
2007-11-01,Hong Kong,-0.542250146286283
2007-12-01,Hong Kong,-0.5276833179806348
2008-01-01,Hong Kong,-0.510430995777008
2008-02-01,Hong Kong,-0.4434900311794761
2008-03-01,Hong Kong,-0.458151059018758
2008-04-01,Hong Kong,-0.3993934705384325
2008-05-01,Hong Kong,-0.3510891647357444
2008-06-01,Hong Kong,-0.2292475344632011
2008-07-01,Hong Kong,-0.1509215715676043
2008-08-01,Hong Kong,-0.01964187108177007
2008-09-01,Hong Kong,-0.03782735135668469
2008-10-01,Hong Kong,0.2601917218423928
2008-11-01,Hong Kong,0.6443292698114842
2008-12-01,Hong Kong,0.6320063847175252
2009-01-01,Hong Kong,0.6059963481538431
2009-02-01,Hong Kong,0.4936178841473542
2009-03-01,Hong Kong,0.6300941464486678
2009-04-01,Hong Kong,0.6520716287076822
2009-05-01,Hong Kong,0.378885294745946
2009-06-01,Hong Kong,0.09247429832885912
2009-07-01,Hong Kong,0.1443741061182191
2009-08-01,Hong Kong,0.06389040814259528
2009-09-01,Hong Kong,0.1571509625232124
2009-10-01,Hong Kong,0.2189981936468077
2009-11-01,Hong Kong,0.212143300554722
2009-12-01,Hong Kong,0.250938687765847
2010-01-01,Hong Kong,0.2323924781770252
2010-02-01,Hong Kong,0.3417121344004983
2010-03-01,Hong Kong,0.2482347941773952
2010-04-01,Hong Kong,0.1984107436735327
2010-05-01,Hong Kong,0.2585149453285496
2010-06-01,Hong Kong,0.3513940960524478
2010-07-01,Hong Kong,0.2600468697416274
2010-08-01,Hong Kong,0.2154092623150632
2010-09-01,Hong Kong,0.1294852237066211
2010-10-01,Hong Kong,-0.1724287142459497
2010-11-01,Hong Kong,-0.0887422726135989
2010-12-01,Hong Kong,-0.1703530709973092
2011-01-01,Hong Kong,-0.1602779661747525
2011-02-01,Hong Kong,-0.0964691127172348
2011-03-01,Hong Kong,0.01511718792433903
2011-04-01,Hong Kong,-0.04372001418889804
2011-05-01,Hong Kong,-0.05928483931247741
2011-06-01,Hong Kong,-0.1554445043162739
2011-07-01,Hong Kong,-0.08166617000290177
2011-08-01,Hong Kong,-0.06833295704495101
2011-09-01,Hong Kong,-0.0004805589677914224
2011-10-01,Hong Kong,0.2903850034102493
2011-11-01,Hong Kong,0.1639053552709067
2011-12-01,Hong Kong,0.2953633355729313
2012-01-01,Hong Kong,0.2827346787242835
2012-02-01,Hong Kong,0.2405499633209629
2012-03-01,Hong Kong,0.1351112734901208
2012-04-01,Hong Kong,0.1703887058370621
2012-05-01,Hong Kong,0.1911973058320184
2012-06-01,Hong Kong,0.296794022946596
2012-07-01,Hong Kong,0.1740238006336507
2012-08-01,Hong Kong,0.1813111493192185
2012-09-01,Hong Kong,0.1572290935287746
2012-10-01,Hong Kong,0.1359790233083431
2012-11-01,Hong Kong,0.1425897357241419
2012-12-01,Hong Kong,0.1192769364331503
2013-01-01,Hong Kong,0.1109518292512441
2013-02-01,Hong Kong,-0.009409435125965704
2013-03-01,Hong Kong,0.04384509506152523
2013-04-01,Hong Kong,0.03742069019492034
2013-05-01,Hong Kong,0.03746368585491933
2013-06-01,Hong Kong,0.1061086978564723
2013-07-01,Hong Kong,0.1772963695811154
2013-08-01,Hong Kong,0.199624547387848
2013-09-01,Hong Kong,0.2037071429306185
2013-10-01,Hong Kong,0.0533278831725692
2013-11-01,Hong Kong,0.102073619492181
2013-12-01,Hong Kong,0.09739921340596425
2014-01-01,Hong Kong,0.05086985214365702
2014-02-01,Hong Kong,0.175082096537728
2014-03-01,Hong Kong,0.1166148765228596
2014-04-01,Hong Kong,0.1525203282203127
2014-05-01,Hong Kong,0.2257876561912873
2014-06-01,Hong Kong,0.1636684012306278
2014-07-01,Hong Kong,0.1239320798057999
2014-08-01,Hong Kong,0.04133606124570344
2014-09-01,Hong Kong,-0.08385052780814584
2014-10-01,Hong Kong,-0.03280190729382781
2014-11-01,Hong Kong,-0.01671434703878194
2014-12-01,Hong Kong,-0.05400815711033291
2015-01-01,Hong Kong,-0.005549482681431961
2015-02-01,Hong Kong,-0.1454166245128553
2015-03-01,Hong Kong,-0.1422641448524448
2015-04-01,Hong Kong,-0.06689783709775243
2015-05-01,Hong Kong,-0.136924647199385
2015-06-01,Hong Kong,-0.1401123106852251
2015-07-01,Hong Kong,-0.1080239170024314
2015-08-01,Hong Kong,-0.0305092205538523
2015-09-01,Hong Kong,0.1241983214360802
2015-10-01,Hong Kong,0.191032862505067
2015-11-01,Hong Kong,0.08437465669194877
2015-12-01,Hong Kong,0.1013413567420227
2016-01-01,Hong Kong,0.02254724034788724
2016-02-01,Hong Kong,0.2149397259404291
2016-03-01,Hong Kong,0.2407433286048348
2016-04-01,Hong Kong,0.1661441315952181
2016-05-01,Hong Kong,0.190828987114906
2016-06-01,Hong Kong,0.2416967710784312
2016-07-01,Hong Kong,0.23858026025615
2016-08-01,Hong Kong,0.201872989510459
2016-09-01,Hong Kong,0.2099380323718392
2016-10-01,Hong Kong,0.162877093682861
2016-11-01,Hong Kong,0.1810992558961459
2016-12-01,Hong Kong,0.2408809200417654
2017-01-01,Hong Kong,0.3627496824316974
2017-02-01,Hong Kong,0.3227106141284233
2017-03-01,Hong Kong,0.2549137926762779
2017-04-01,Hong Kong,0.1842658283598124
2017-05-01,Hong Kong,0.1871082274343929
2017-06-01,Hong Kong,0.1555041546681337
2017-07-01,Hong Kong,0.09179147169176649
2017-08-01,Hong Kong,0.06977126309809711
2017-09-01,Hong Kong,0.02783362371434994
2017-10-01,Hong Kong,0.02899233415091618
2017-11-01,Hong Kong,-0.08910179433204513
2017-12-01,Hong Kong,-0.05348768652212288
2018-01-01,Hong Kong,-0.07920574311961925
2018-02-01,Hong Kong,-0.05087226543818146
2018-03-01,Hong Kong,0.03809810656033785
2018-04-01,Hong Kong,0.08020947014069923
2018-05-01,Hong Kong,0.05738784889099779
2018-06-01,Hong Kong,-0.01892111005757879
2018-07-01,Hong Kong,0.1044673163928089
2018-08-01,Hong Kong,0.0505039722686802
2018-09-01,Hong Kong,-0.01496907879808984
2018-10-01,Hong Kong,-0.01824998414339729
2018-11-01,Hong Kong,0.1566032725933604
2018-12-01,Hong Kong,0.06126676780261664
2019-01-01,Hong Kong,0.1042018071458828
2019-02-01,Hong Kong,-0.02174310649471223
2019-03-01,Hong Kong,-0.0888238900984496
2019-04-01,Hong Kong,-0.2107909359297453
2019-05-01,Hong Kong,-0.1627918640982934
2019-06-01,Hong Kong,-0.1780572040937879
2019-07-01,Hong Kong,-0.1472330442361319
2019-08-01,Hong Kong,-0.1241674289411914
2019-09-01,Hong Kong,0.03076993012615525
2019-10-01,Hong Kong,-0.01641386382988064
2019-11-01,Hong Kong,-0.07137888501700795
2019-12-01,Hong Kong,0.04744824542548653
2020-01-01,Hong Kong,0.05790410042873151
2020-02-01,Hong Kong,0.1298199631595118
2020-03-01,Hong Kong,0.1998668447560703
2020-04-01,Hong Kong,0.372975520538654
2020-05-01,Hong Kong,0.3193149979319443
2020-06-01,Hong Kong,0.4588314060793126
2020-07-01,Hong Kong,0.2893802023361103
2020-08-01,Hong Kong,0.2614512376092932
2020-09-01,Hong Kong,0.1616989523350889
2020-10-01,Hong Kong,0.1501075633861051
2020-11-01,Hong Kong,0.1789724334793643
2020-12-01,Hong Kong,0.004134616490538923
2021-01-01,Hong Kong,-0.03928342432332421
2021-02-01,Hong Kong,-0.04839907117876208
2021-03-01,Hong Kong,-0.1166297173080217
2021-04-01,Hong Kong,-0.1205706768209625
2021-05-01,Hong Kong,-0.1894936369700749
2021-06-01,Hong Kong,-0.1777647195473604
2021-07-01,Hong Kong,-0.1518009251075996
2021-08-01,Hong Kong,-0.1581910960492675
2021-09-01,Hong Kong,-0.1823740304575742
2021-10-01,Hong Kong,-0.2226045516059985
2021-11-01,Hong Kong,-0.3262091227666648
2021-12-01,Hong Kong,-0.1142620304146001
2022-01-01,Hong Kong,-0.0467977583260395
2022-02-01,Hong Kong,-0.02104979039421717
2022-03-01,Hong Kong,-0.06423965517869956
2022-04-01,Hong Kong,-0.05278154904328503
2022-05-01,Hong Kong,0.00261765592322627
2022-06-01,Hong Kong,-0.1097479568585156
2022-07-01,Hong Kong,-0.09057065895586802
2022-08-01,Hong Kong,-0.02955991141416126
2022-09-01,Hong Kong,-0.08094094345370462
2022-10-01,Hong Kong,-0.02597323020406084
2022-11-01,Hong Kong,0.08588001515338806
2022-12-01,Hong Kong,-0.1246668968499834
2023-01-01,Hong Kong,-0.148629882103731
2023-02-01,Hong Kong,-0.2590443738400462
2023-03-01,Hong Kong,-0.1658753072250505
2023-04-01,Hong Kong,-0.2289975857047556
2023-05-01,Hong Kong,-0.1937963110370549
2023-06-01,Hong Kong,-0.09444534997695275
2023-07-01,Hong Kong,-0.1810334294829752
2023-08-01,Hong Kong,-0.2001904377688644
2023-09-01,Hong Kong,-0.07324252552760879
2023-10-01,Hong Kong,0.1458794618651387
2023-11-01,Hong Kong,0.1008524029062385
2023-12-01,Hong Kong,0.05806391997992133
2024-01-01,Hong Kong,0.000154016456479722
2024-02-01,Hong Kong,0.08225604157522937
2024-03-01,Hong Kong,0.1057523220466556
2024-04-01,Hong Kong,0.1818062044598221
2024-05-01,Hong Kong,0.1240705911626929
2024-06-01,Hong Kong,0.1992908295116105
2024-07-01,Hong Kong,0.3570853163023873
2024-08-01,Hong Kong,0.4159653962778904
2024-09-01,Hong Kong,0.3717393436542407
2024-10-01,Hong Kong,0.1896499674277452
2024-11-01,Hong Kong,0.2670495035661336
2024-12-01,Hong Kong,0.3476828208928098
2025-01-01,Hong Kong,0.3482168941528669
2025-02-01,Hong Kong,0.5224266946200777
2025-03-01,Hong Kong,0.4623940013623176
2025-04-01,Hong Kong,0.3628465396434166
2025-05-01,Hong Kong,0.4136009072599045
2025-06-01,Hong Kong,0.2787121272452673
2025-07-01,Hong Kong,0.1044408397352636
2025-08-01,Hong Kong,0.1684467549074469
2025-09-01,Hong Kong,
2025-10-01,Hong Kong,
2025-11-01,Hong Kong,
2025-12-01,Hong Kong,
2026-01-01,Hong Kong,
2026-02-01,Hong Kong,
2026-03-01,Hong Kong,
2026-04-01,Hong Kong,
2026-05-01,Hong Kong,
2026-06-01,Hong Kong,
2026-07-01,Hong Kong,
2026-08-01,Hong Kong,
2000-02-01,Thailand,-0.409143310717593
2000-03-01,Thailand,-0.2643880494841329
2000-04-01,Thailand,-0.4457791345898593
2000-05-01,Thailand,-0.3930343578769137
2000-06-01,Thailand,-0.2252142347060223
2000-07-01,Thailand,-0.2386967705058588
2000-08-01,Thailand,-0.1203165255796835
2000-09-01,Thailand,-0.07537055575289808
2000-10-01,Thailand,-0.05885656970912745
2000-11-01,Thailand,-0.06742876076872117
2000-12-01,Thailand,0.02826502950087706
2001-01-01,Thailand,0.05894666331742449
2001-02-01,Thailand,-0.03851074718526104
2001-03-01,Thailand,0.08398697155011958
2001-04-01,Thailand,0.2996048377439826
2001-05-01,Thailand,0.2622239442076715
2001-06-01,Thailand,0.4115365413418335
2001-07-01,Thailand,0.3049403108341466
2001-08-01,Thailand,0.3736663737918915
2001-09-01,Thailand,0.1054727063178849
2001-10-01,Thailand,0.2265325262170688
2001-11-01,Thailand,0.3909220110143898
2001-12-01,Thailand,0.2599542511534139
2002-01-01,Thailand,0.2686407843757412
2002-02-01,Thailand,0.1508982035928144
2002-03-01,Thailand,0.03032347079564612
2002-04-01,Thailand,0.06406830676617825
2002-05-01,Thailand,0.1026459573945608
2002-06-01,Thailand,0.0977009930621684
2002-07-01,Thailand,0.2840252006559074
2002-08-01,Thailand,0.396107456140351
2002-09-01,Thailand,0.6035446877073265
2002-10-01,Thailand,0.9217989712220211
2002-11-01,Thailand,0.8771313621559487
2002-12-01,Thailand,0.8497753707920488
2003-01-01,Thailand,1.453644551092275
2003-02-01,Thailand,1.082350560758469
2003-03-01,Thailand,1.178282347339602
2003-04-01,Thailand,0.990907778900274
2003-05-01,Thailand,0.9042369578531262
2003-06-01,Thailand,0.6779606404600207
2003-07-01,Thailand,0.5259443473585159
2003-08-01,Thailand,0.450596679538364
2003-09-01,Thailand,0.3008649053332544
2003-10-01,Thailand,0.237837740080298
2003-11-01,Thailand,0.1560522555623596
2003-12-01,Thailand,0.2434041986891573
2004-01-01,Thailand,-0.01378040261637137
2004-02-01,Thailand,0.1295789897419526
2004-03-01,Thailand,0.2016420989357779
2004-04-01,Thailand,0.1504458137006162
2004-05-01,Thailand,0.1258844512016841
2004-06-01,Thailand,0.1236059616833336
2004-07-01,Thailand,0.1134211337708673
2004-08-01,Thailand,0.1580514656118874
2004-09-01,Thailand,0.2301296419700731
2004-10-01,Thailand,0.2339396595806853
2004-11-01,Thailand,0.156999499720432
2004-12-01,Thailand,0.04334680116661782
2005-01-01,Thailand,0.0966387636831938
2005-02-01,Thailand,0.1844032638615807
2005-03-01,Thailand,0.06015302584158522
2005-04-01,Thailand,0.1605252545619518
2005-05-01,Thailand,0.3018892423553854
2005-06-01,Thailand,0.2002050823616022
2005-07-01,Thailand,0.1520821794973233
2005-08-01,Thailand,0.1741818181818182
2005-09-01,Thailand,0.134826342292208
2005-10-01,Thailand,0.1044555217447931
2005-11-01,Thailand,0.2788432190456811
2005-12-01,Thailand,0.3510886569384248
2006-01-01,Thailand,0.1186790990440849
2006-02-01,Thailand,-0.04241455873503341
2006-03-01,Thailand,0.03986058981233254
2006-04-01,Thailand,0.068422195678141
2006-05-01,Thailand,0.04066224505061578
2006-06-01,Thailand,0.2153654048370137
2006-07-01,Thailand,0.3307427289480009
2006-08-01,Thailand,0.4700814051232136
2006-09-01,Thailand,0.3566623993750948
2006-10-01,Thailand,0.4150451870195866
2006-11-01,Thailand,0.4527834682471807
2006-12-01,Thailand,0.2947060721674923
2007-01-01,Thailand,0.4633004408985932
2007-02-01,Thailand,0.4095282466899257
2007-03-01,Thailand,0.5211979333175205
2007-04-01,Thailand,0.4672581841835128
2007-05-01,Thailand,0.4111383718924306
2007-06-01,Thailand,0.2863515924944573
2007-07-01,Thailand,0.09223914745017758
2007-08-01,Thailand,-0.1733991407913448
2007-09-01,Thailand,-0.1039832385704804
2007-10-01,Thailand,-0.2532766640907921
2007-11-01,Thailand,-0.5471938338957758
2007-12-01,Thailand,-0.535765074990104
2008-01-01,Thailand,-0.4822445729371422
2008-02-01,Thailand,-0.4678648023306762
2008-03-01,Thailand,-0.5509674182745109
2008-04-01,Thailand,-0.5255428947459564
2008-05-01,Thailand,-0.4464313608302035
2008-06-01,Thailand,-0.3319671269731173
2008-07-01,Thailand,-0.1705371415971715
2008-08-01,Thailand,-0.002794313072288057
2008-09-01,Thailand,0.002168752119665163
2008-10-01,Thailand,0.2820429572963488
2008-11-01,Thailand,0.7891609977324263
2008-12-01,Thailand,0.8817306174009159
2009-01-01,Thailand,0.7693981045280718
2009-02-01,Thailand,0.7492560598619018
2009-03-01,Thailand,0.9093228655544652
2009-04-01,Thailand,1.113687130447478
2009-05-01,Thailand,0.7328237718996908
2009-06-01,Thailand,0.4407072963533964
2009-07-01,Thailand,0.3506470080033419
2009-08-01,Thailand,0.3801056964740459
2009-09-01,Thailand,0.473278771740776
2009-10-01,Thailand,0.4945553251768728
2009-11-01,Thailand,0.6281885545782531
2009-12-01,Thailand,0.62095326004867
2010-01-01,Thailand,0.5644983202950644
2010-02-01,Thailand,0.5068046311130197
2010-03-01,Thailand,0.5223620951417005
2010-04-01,Thailand,0.437500431698405
2010-05-01,Thailand,0.5732411019619228
2010-06-01,Thailand,0.549952682536216
2010-07-01,Thailand,0.436727234386532
2010-08-01,Thailand,0.5092491551093563
2010-09-01,Thailand,0.276758566912285
2010-10-01,Thailand,-0.07584125387201834
2010-11-01,Thailand,0.02266205157212475
2010-12-01,Thailand,-0.004514181882185997
2011-01-01,Thailand,-0.02465113019800991
2011-02-01,Thailand,0.1577508015235798
2011-03-01,Thailand,0.2229540213168226
2011-04-01,Thailand,0.1365962415372122
2011-05-01,Thailand,0.1019293168859106
2011-06-01,Thailand,0.0169878403321484
2011-07-01,Thailand,0.09937082917473927
2011-08-01,Thailand,0.002651148319697816
2011-09-01,Thailand,0.09413496955751866
2011-10-01,Thailand,0.4225356954598585
2011-11-01,Thailand,0.2381614468102382
2011-12-01,Thailand,0.2888032574611148
2012-01-01,Thailand,0.3503641019588122
2012-02-01,Thailand,0.3173222121761523
2012-03-01,Thailand,0.2101313241140295
2012-04-01,Thailand,0.226024646473187
2012-05-01,Thailand,0.2257281949912602
2012-06-01,Thailand,0.2854517073531175
2012-07-01,Thailand,0.176216139239098
2012-08-01,Thailand,0.1230901017446941
2012-09-01,Thailand,-0.009255693398124598
2012-10-01,Thailand,0.01477778941348018
2012-11-01,Thailand,0.09624101441791444
2012-12-01,Thailand,-0.01260929738977457
2013-01-01,Thailand,-0.1434277331874012
2013-02-01,Thailand,-0.206933229841564
2013-03-01,Thailand,-0.18769983469218
2013-04-01,Thailand,-0.1641184786731493
2013-05-01,Thailand,-0.1582789665536015
2013-06-01,Thailand,-0.1221869341534216
2013-07-01,Thailand,-0.01144893758702092
2013-08-01,Thailand,0.03079323817380875
2013-09-01,Thailand,0.2233034302635373
2013-10-01,Thailand,0.1160124946913437
2013-11-01,Thailand,0.04532590612557708
2013-12-01,Thailand,0.1577226735537867
2014-01-01,Thailand,0.1694536258568291
2014-02-01,Thailand,0.2339995559522785
2014-03-01,Thailand,0.1838724869622326
2014-04-01,Thailand,0.1124852525019182
2014-05-01,Thailand,0.06824110617174473
2014-06-01,Thailand,0.06283611777321196
2014-07-01,Thailand,-0.001492662987316207
2014-08-01,Thailand,-0.08355324008531995
2014-09-01,Thailand,-0.1892641650897926
2014-10-01,Thailand,-0.2362719435513699
2014-11-01,Thailand,-0.1903372209049065
2014-12-01,Thailand,-0.227758873859882
2015-01-01,Thailand,-0.2355143803421235
2015-02-01,Thailand,-0.2263163692443271
2015-03-01,Thailand,-0.1980956134876404
2015-04-01,Thailand,-0.1218212561461276
2015-05-01,Thailand,-0.117458070540803
2015-06-01,Thailand,-0.08106297196240075
2015-07-01,Thailand,-0.06748873079635709
2015-08-01,Thailand,0.0763492109263324
2015-09-01,Thailand,0.1909379555132797
2015-10-01,Thailand,0.2172374291009675
2015-11-01,Thailand,0.1255670549364147
2015-12-01,Thailand,0.1476192870430892
2016-01-01,Thailand,0.2714356607612525
2016-02-01,Thailand,0.2658076457606606
2016-03-01,Thailand,0.2193099430641585
2016-04-01,Thailand,0.1779680697887505
2016-05-01,Thailand,0.1715772103744946
2016-06-01,Thailand,0.184511138302687
2016-07-01,Thailand,0.1763598472548207
2016-08-01,Thailand,0.1234772491551437
2016-09-01,Thailand,0.1358320052359698
2016-10-01,Thailand,0.2112076880700251
2016-11-01,Thailand,0.2711564422956172
2016-12-01,Thailand,0.3150413223140496
2017-01-01,Thailand,0.3516375430803997
2017-02-01,Thailand,0.4065583850745373
2017-03-01,Thailand,0.4303753527330278
2017-04-01,Thailand,0.3562874358818109
2017-05-01,Thailand,0.3490990022363667
2017-06-01,Thailand,0.2639006321926507
2017-07-01,Thailand,0.1250620226006862
2017-08-01,Thailand,0.182633282234713
2017-09-01,Thailand,0.1499718397895635
2017-10-01,Thailand,0.1544535691724573
2017-11-01,Thailand,0.04675975808169541
2017-12-01,Thailand,0.02100710534445471
2018-01-01,Thailand,-0.05263948206607572
2018-02-01,Thailand,-0.04081877455710581
2018-03-01,Thailand,-0.06723746049805712
2018-04-01,Thailand,-0.0690139095548572
2018-05-01,Thailand,-0.04344488100076771
2018-06-01,Thailand,-0.01212552097474406
2018-07-01,Thailand,0.1974613093481834
2018-08-01,Thailand,0.08301599829474426
2018-09-01,Thailand,0.03650513251688681
2018-10-01,Thailand,-0.006853625170998523
2018-11-01,Thailand,0.05488457692954274
2018-12-01,Thailand,0.05845273056272426
2019-01-01,Thailand,0.09746395586307788
2019-02-01,Thailand,-0.08618720350829423
2019-03-01,Thailand,-0.1903128610715555
2019-04-01,Thailand,-0.3204593198205871
2019-05-01,Thailand,-0.2328529731140839
2019-06-01,Thailand,-0.1798765197729868
2019-07-01,Thailand,-0.2326646003812686
2019-08-01,Thailand,-0.2380459702858115
2019-09-01,Thailand,-0.2314077124979175
2019-10-01,Thailand,-0.2977148445570876
2019-11-01,Thailand,-0.3060984270240951
2019-12-01,Thailand,-0.1321525160096969
2020-01-01,Thailand,-0.1143162660223027
2020-02-01,Thailand,-0.02881819840642286
2020-03-01,Thailand,0.1192604442724512
2020-04-01,Thailand,0.3912772845953003
2020-05-01,Thailand,0.192515711430971
2020-06-01,Thailand,0.1346533216789256
2020-07-01,Thailand,0.07191482170018593
2020-08-01,Thailand,0.02866158663227236
2020-09-01,Thailand,0.1694591818966835
2020-10-01,Thailand,0.205965652777669
2020-11-01,Thailand,0.263065858130024
2020-12-01,Thailand,-0.04432589186239155
2021-01-01,Thailand,-0.008968722364732229
2021-02-01,Thailand,-0.009300315647076562
2021-03-01,Thailand,0.02774956549656871
2021-04-01,Thailand,-0.01346697213823078
2021-05-01,Thailand,-0.04952475782533061
2021-06-01,Thailand,-0.02420666094232427
2021-07-01,Thailand,-0.07145424846906268
2021-08-01,Thailand,-0.02320728082201085
2021-09-01,Thailand,-0.07644624332257655
2021-10-01,Thailand,-0.07318366337921878
2021-11-01,Thailand,-0.07782144611674335
2021-12-01,Thailand,0.08003108790781766
2022-01-01,Thailand,0.04954022770278388
2022-02-01,Thailand,0.09426185464039394
2022-03-01,Thailand,-0.05674902830092343
2022-04-01,Thailand,-0.003981104969685179
2022-05-01,Thailand,0.00850854527510636
2022-06-01,Thailand,-0.04395079757357889
2022-07-01,Thailand,0.02286511855358508
2022-08-01,Thailand,0.129725936502312
2022-09-01,Thailand,0.03752105706464515
2022-10-01,Thailand,0.0015793186468398
2022-11-01,Thailand,-0.04440308704540974
2022-12-01,Thailand,-0.1220484389225922
2023-01-01,Thailand,-0.1035087825085473
2023-02-01,Thailand,-0.2066112837814417
2023-03-01,Thailand,-0.1204856876275758
2023-04-01,Thailand,-0.1604613071591839
2023-05-01,Thailand,-0.1462530204806801
2023-06-01,Thailand,-0.1320845858342554
2023-07-01,Thailand,-0.1357640629616965
2023-08-01,Thailand,-0.150045357400944
2023-09-01,Thailand,-0.05025052324475165
2023-10-01,Thailand,0.1729114908736682
2023-11-01,Thailand,0.1680911371509866
2023-12-01,Thailand,0.1001389829300452
2024-01-01,Thailand,0.01007566840423757
2024-02-01,Thailand,0.06836981373876827
2024-03-01,Thailand,-0.03379158776652558
2024-04-01,Thailand,-0.04937139196459128
2024-05-01,Thailand,0.04204317827732029
2024-06-01,Thailand,0.01943456253431508
2024-07-01,Thailand,0.01109075053686626
2024-08-01,Thailand,0.0853253063483852
2024-09-01,Thailand,0.004945007245554134
2024-10-01,Thailand,-0.07742681393007489
2024-11-01,Thailand,0.0007158861648024484
2024-12-01,Thailand,0.02575556347381047
2025-01-01,Thailand,0.08094997103340806
2025-02-01,Thailand,0.1758750302439622
2025-03-01,Thailand,0.5636438582028032
2025-04-01,Thailand,0.4529501857027989
2025-05-01,Thailand,0.4063307631517119
2025-06-01,Thailand,0.5330042864625986
2025-07-01,Thailand,0.5473377052668373
2025-08-01,Thailand,0.3590146173975366
2025-09-01,Thailand,
2025-10-01,Thailand,
2025-11-01,Thailand,
2025-12-01,Thailand,
2026-01-01,Thailand,
2026-02-01,Thailand,
2026-03-01,Thailand,
2026-04-01,Thailand,
2026-05-01,Thailand,
2026-06-01,Thailand,
2026-07-01,Thailand,
2026-08-01,Thailand,
2000-02-01,Turkey,-0.4049089574783402
2000-03-01,Turkey,-0.6316724756388632
2000-04-01,Turkey,-0.6761342442531272
2000-05-01,Turkey,-0.6274374785085716
2000-06-01,Turkey,-0.6233164577605146
2000-07-01,Turkey,-0.5971874106250714
2000-08-01,Turkey,-0.6339845508854886
2000-09-01,Turkey,-0.6137684338350928
2000-10-01,Turkey,-0.6856036436853865
2000-11-01,Turkey,-0.673385905995105
2000-12-01,Turkey,-0.3897608502488785
2001-01-01,Turkey,-0.3278761278971555
2001-02-01,Turkey,-0.3795888609531461
2001-03-01,Turkey,-0.1546394744549966
2001-04-01,Turkey,0.1186010356352705
2001-05-01,Turkey,-0.2307164126285771
2001-06-01,Turkey,-0.2525888082218946
2001-07-01,Turkey,-0.3765662967681732
2001-08-01,Turkey,-0.2415925770633524
2001-09-01,Turkey,-0.2568107638070966
2001-10-01,Turkey,-0.005727069021456033
2001-11-01,Turkey,-0.04999913498548425
2001-12-01,Turkey,0.08338550012864077
2002-01-01,Turkey,-0.3611943653965174
2002-02-01,Turkey,-0.3504276216874332
2002-03-01,Turkey,-0.1212840920879243
2002-04-01,Turkey,-0.3935227872500838
2002-05-01,Turkey,-0.1778060186190157
2002-06-01,Turkey,0.04665904311323121
2002-07-01,Turkey,0.3069503423887994
2002-08-01,Turkey,0.2391419201958609
2002-09-01,Turkey,0.4943635795391279
2002-10-01,Turkey,0.8907325039185185
2002-11-01,Turkey,0.8622211852759223
2002-12-01,Turkey,0.2334345059661351
2003-01-01,Turkey,1.26577326955017
2003-02-01,Turkey,1.033320503465958
2003-03-01,Turkey,1.050456868138749
2003-04-01,Turkey,1.906798873382156
2003-05-01,Turkey,0.8058123746263635
2003-06-01,Turkey,0.5059553917124449
2003-07-01,Turkey,0.6592175684735113
2003-08-01,Turkey,0.86316918553434
2003-09-01,Turkey,0.6691972519851528
2003-10-01,Turkey,0.55643575090637
2003-11-01,Turkey,0.4474455233124432
2003-12-01,Turkey,0.5706045067369188
2004-01-01,Turkey,0.4227634648633511
2004-02-01,Turkey,0.5948911180503442
2004-03-01,Turkey,0.5803244919752968
2004-04-01,Turkey,0.2663971292097282
2004-05-01,Turkey,0.3718324887244862
2004-06-01,Turkey,0.6817528114951563
2004-07-01,Turkey,0.675604181010645
2004-08-01,Turkey,0.6939524062418512
2004-09-01,Turkey,0.7146316650147422
2004-10-01,Turkey,0.7237985927592872
2004-11-01,Turkey,0.5338794477256954
2004-12-01,Turkey,0.8062204241613915
2005-01-01,Turkey,0.5691127714682531
2005-02-01,Turkey,0.6519315465169637
2005-03-01,Turkey,0.6188213588339049
2005-04-01,Turkey,0.6641966306270086
2005-05-01,Turkey,0.9418553106117724
2005-06-01,Turkey,0.2650143214844671
2005-07-01,Turkey,0.08914638277127374
2005-08-01,Turkey,0.05843010674183979
2005-09-01,Turkey,0.09423337450668212
2005-10-01,Turkey,-0.03626481670792814
2005-11-01,Turkey,0.1731990381150619
2005-12-01,Turkey,-0.08875246204588128
2006-01-01,Turkey,-0.07081576377216459
2006-02-01,Turkey,-0.1257071330882851
2006-03-01,Turkey,-0.1752557813936318
2006-04-01,Turkey,-0.005324507736493955
2006-05-01,Turkey,0.007512992925567508
2006-06-01,Turkey,0.5127036947573571
2006-07-01,Turkey,0.6335984547415341
2006-08-01,Turkey,0.7601228764243728
2006-09-01,Turkey,0.5304370017760855
2006-10-01,Turkey,0.871179532031815
2006-11-01,Turkey,0.8007168104699154
2006-12-01,Turkey,0.7906612799636279
2007-01-01,Turkey,0.7519156493804955
2007-02-01,Turkey,0.2458263757292696
2007-03-01,Turkey,0.2526592474105822
2007-04-01,Turkey,-0.05078010065156302
2007-05-01,Turkey,0.03813591921313697
2007-06-01,Turkey,-0.07230305915917223
2007-07-01,Turkey,-0.1892205243416918
2007-08-01,Turkey,-0.1115739916366945
2007-09-01,Turkey,-0.1262461487783589
2007-10-01,Turkey,-0.3520148194296091
2007-11-01,Turkey,-0.6202373733129104
2007-12-01,Turkey,-0.6296486169927922
2008-01-01,Turkey,-0.6177292822663325
2008-02-01,Turkey,-0.5489236848645818
2008-03-01,Turkey,-0.601656061175933
2008-04-01,Turkey,-0.4609535248554937
2008-05-01,Turkey,-0.4041770311847979
2008-06-01,Turkey,-0.2878548316039319
2008-07-01,Turkey,-0.1497789678019794
2008-08-01,Turkey,-0.1874525642100381
2008-09-01,Turkey,-0.05551934788843438
2008-10-01,Turkey,0.1301655874287373
2008-11-01,Turkey,0.68521449055241
2008-12-01,Turkey,0.7593685542822177
2009-01-01,Turkey,0.9833571452666994
2009-02-01,Turkey,1.237381905365976
2009-03-01,Turkey,1.197449994491333
2009-04-01,Turkey,1.35580389069212
2009-05-01,Turkey,0.9595201537609768
2009-06-01,Turkey,0.4997865306656244
2009-07-01,Turkey,0.4507306129495616
2009-08-01,Turkey,0.3799093662049324
2009-09-01,Turkey,0.2838183259320102
2009-10-01,Turkey,0.4320254748078205
2009-11-01,Turkey,0.5637756329954671
2009-12-01,Turkey,0.5000048453663044
2010-01-01,Turkey,0.2035842411860276
2010-02-01,Turkey,0.07174226230353775
2010-03-01,Turkey,0.1942616812646702
2010-04-01,Turkey,0.1035516685259581
2010-05-01,Turkey,0.1386221463237445
2010-06-01,Turkey,0.1246162720393178
2010-07-01,Turkey,0.1048980105541877
2010-08-01,Turkey,-0.09684984022409415
2010-09-01,Turkey,-0.2161013443259301
2010-10-01,Turkey,-0.288459228311135
2010-11-01,Turkey,-0.346278600486175
2010-12-01,Turkey,-0.3125943757702602
2011-01-01,Turkey,-0.3475783802006882
2011-02-01,Turkey,-0.1494015038360471
2011-03-01,Turkey,-0.0636755957787315
2011-04-01,Turkey,-0.1301880695705421
2011-05-01,Turkey,-0.2322375450288452
2011-06-01,Turkey,-0.2281223278503602
2011-07-01,Turkey,-0.08349576614678422
2011-08-01,Turkey,0.00507225034433878
2011-09-01,Turkey,0.2282742465742504
2011-10-01,Turkey,0.1708897004587477
2011-11-01,Turkey,0.3296697334590257
2011-12-01,Turkey,0.4068196437112424
2012-01-01,Turkey,0.6458008301488707
2012-02-01,Turkey,0.4184387044157487
2012-03-01,Turkey,0.3008195786999877
2012-04-01,Turkey,0.4037575295261568
2012-05-01,Turkey,0.4704379897946034
2012-06-01,Turkey,0.6087341531468282
2012-07-01,Turkey,0.1731650710949135
2012-08-01,Turkey,0.07777283053555206
2012-09-01,Turkey,-0.09720348062539397
2012-10-01,Turkey,0.01387249058220408
2012-11-01,Turkey,-0.03497095668800465
2012-12-01,Turkey,-0.07471867900632867
2013-01-01,Turkey,-0.2659711672511987
2013-02-01,Turkey,-0.3739014115061303
2013-03-01,Turkey,-0.3402958889845689
2013-04-01,Turkey,-0.287249093412047
2013-05-01,Turkey,-0.2502516895084009
2013-06-01,Turkey,-0.1475943504763639
2013-07-01,Turkey,-0.02977648555480483
2013-08-01,Turkey,0.05833440296187931
2013-09-01,Turkey,0.1686165283938326
2013-10-01,Turkey,-0.08378625012362617
2013-11-01,Turkey,-0.0378041891439016
2013-12-01,Turkey,0.07493838813683285
2014-01-01,Turkey,0.1919046265027375
2014-02-01,Turkey,0.3598004650548936
2014-03-01,Turkey,0.1976506814093655
2014-04-01,Turkey,-0.04524153481082072
2014-05-01,Turkey,-0.09293713534513326
2014-06-01,Turkey,-0.1702633687497268
2014-07-01,Turkey,-0.1611880007047318
2014-08-01,Turkey,-0.2406722892082401
2014-09-01,Turkey,-0.2913959966243104
2014-10-01,Turkey,-0.2353453601947316
2014-11-01,Turkey,-0.2228643140456601
2014-12-01,Turkey,-0.3190432830614008
2015-01-01,Turkey,-0.31531016280075
2015-02-01,Turkey,-0.2972340463777579
2015-03-01,Turkey,-0.2067614840643135
2015-04-01,Turkey,-0.0112373811413865
2015-05-01,Turkey,0.0130207892345906
2015-06-01,Turkey,-0.1235126788144532
2015-07-01,Turkey,-0.09716561325486783
2015-08-01,Turkey,-0.09502712710779382
2015-09-01,Turkey,0.0183242958355867
2015-10-01,Turkey,0.06290373405868066
2015-11-01,Turkey,-0.05996501346619554
2015-12-01,Turkey,-0.1523262803727127
2016-01-01,Turkey,-0.08371323701588285
2016-02-01,Turkey,-0.06659070873929995
2016-03-01,Turkey,-0.04373351178735019
2016-04-01,Turkey,-0.1600250837633254
2016-05-01,Turkey,-0.1051502040478438
2016-06-01,Turkey,0.06405880141236842
2016-07-01,Turkey,0.08698062856900202
2016-08-01,Turkey,0.2202470527634839
2016-09-01,Turkey,0.2573649261101882
2016-10-01,Turkey,0.148077756112815
2016-11-01,Turkey,0.1605393715054568
2016-12-01,Turkey,0.2532871106990333
2017-01-01,Turkey,0.3952903240889687
2017-02-01,Turkey,0.409448667178214
2017-03-01,Turkey,0.3134368797031564
2017-04-01,Turkey,0.1930783678477668
2017-05-01,Turkey,-0.04665111402967481
2017-06-01,Turkey,-0.1936477377945698
2017-07-01,Turkey,-0.2626300189680608
2017-08-01,Turkey,-0.3513953160656248
2017-09-01,Turkey,-0.5567193065958183
2017-10-01,Turkey,-0.4204929714402019
2017-11-01,Turkey,-0.4274865807514261
2017-12-01,Turkey,-0.2915455678162517
2018-01-01,Turkey,-0.4079950785154327
2018-02-01,Turkey,-0.3375940059647197
2018-03-01,Turkey,-0.3486887559962227
2018-04-01,Turkey,-0.3977436112532571
2018-05-01,Turkey,-0.3502520318738038
2018-06-01,Turkey,-0.2624986750841294
2018-07-01,Turkey,-0.1648303914761802
2018-08-01,Turkey,0.002494385347775463
2018-09-01,Turkey,0.2470042517517337
2018-10-01,Turkey,0.1857685533392086
2018-11-01,Turkey,0.09729702372343918
2018-12-01,Turkey,0.03709929738890527
2019-01-01,Turkey,0.1108291564735993
2019-02-01,Turkey,-0.03606920281627868
2019-03-01,Turkey,-0.1505392348463782
2019-04-01,Turkey,-0.1993010393697273
2019-05-01,Turkey,-0.1265170551390782
2019-06-01,Turkey,-0.06754378561718233
2019-07-01,Turkey,-0.07074915853533303
2019-08-01,Turkey,-0.2384719481707291
2019-09-01,Turkey,-0.2116700884531711
2019-10-01,Turkey,-0.2973611179317603
2019-11-01,Turkey,-0.3295723507869687
2019-12-01,Turkey,-0.2246885056819479
2020-01-01,Turkey,-0.0855622341804343
2020-02-01,Turkey,-0.1292764182025352
2020-03-01,Turkey,-0.002155547387547196
2020-04-01,Turkey,0.04820949170325517
2020-05-01,Turkey,0.01587368777235065
2020-06-01,Turkey,-0.02551201000753767
2020-07-01,Turkey,-0.126276856967766
2020-08-01,Turkey,0.02036151429293165
2020-09-01,Turkey,0.2133050467454034
2020-10-01,Turkey,0.05677132994424516
2020-11-01,Turkey,0.2159983063676605
2020-12-01,Turkey,-0.1670713430194871
2021-01-01,Turkey,-0.2758514793300963
2021-02-01,Turkey,-0.2139937009482364
2021-03-01,Turkey,-0.2031926116220035
2021-04-01,Turkey,0.01925591860893894
2021-05-01,Turkey,0.06785477409053575
2021-06-01,Turkey,-0.02003307975942525
2021-07-01,Turkey,-0.08367283651583557
2021-08-01,Turkey,-0.1535834834002524
2021-09-01,Turkey,-0.04994122531476963
2021-10-01,Turkey,0.04510031389737024
2021-11-01,Turkey,0.27494648847848
2021-12-01,Turkey,0.8395229683880991
2022-01-01,Turkey,0.9055454182368037
2022-02-01,Turkey,0.6668253868557437
2022-03-01,Turkey,0.7799180726705293
2022-04-01,Turkey,0.5447680957439776
2022-05-01,Turkey,0.3810299260088124
2022-06-01,Turkey,0.45700765558478
2022-07-01,Turkey,0.5531634065126412
2022-08-01,Turkey,0.8738664982893234
2022-09-01,Turkey,0.6419244353129958
2022-10-01,Turkey,0.7686638677267452
2022-11-01,Turkey,0.2526391054414485
2022-12-01,Turkey,0.1039807161092803
2023-01-01,Turkey,-0.04591366611152103
2023-02-01,Turkey,0.1466806725278185
2023-03-01,Turkey,0.1181428829685656
2023-04-01,Turkey,0.1965714163872203
2023-05-01,Turkey,0.4393587913670411
2023-06-01,Turkey,0.5589907988707508
2023-07-01,Turkey,0.6261473091508656
2023-08-01,Turkey,0.3430848664359312
2023-09-01,Turkey,0.1241737174020265
2023-10-01,Turkey,0.07194683260167944
2023-11-01,Turkey,0.1139755675544187
2023-12-01,Turkey,0.107912266776014
2024-01-01,Turkey,0.182506700969945
2024-02-01,Turkey,0.08932278988301201
2024-03-01,Turkey,0.008027814552100887
2024-04-01,Turkey,-0.0592295524948927
2024-05-01,Turkey,-0.2332239121536727
2024-06-01,Turkey,-0.2844038185748463
2024-07-01,Turkey,-0.2050100954750912
2024-08-01,Turkey,-0.1459159044862469
2024-09-01,Turkey,-0.02646282796127608
2024-10-01,Turkey,-0.01482288598252846
2024-11-01,Turkey,0.04779947316493049
2024-12-01,Turkey,-0.05525518415363295
2025-01-01,Turkey,-0.01831534180796834
2025-02-01,Turkey,0.1941939805735273
2025-03-01,Turkey,0.2408208819512179
2025-04-01,Turkey,0.2264847347271932
2025-05-01,Turkey,0.4643043594975829
2025-06-01,Turkey,0.3491329852610199
2025-07-01,Turkey,0.2308556719292914
2025-08-01,Turkey,0.1300591329036351
2025-09-01,Turkey,
2025-10-01,Turkey,
2025-11-01,Turkey,
2025-12-01,Turkey,
2026-01-01,Turkey,
2026-02-01,Turkey,
2026-03-01,Turkey,
2026-04-01,Turkey,
2026-05-01,Turkey,
2026-06-01,Turkey,
2026-07-01,Turkey,
2026-08-01,Turkey,
2000-02-01,Spain,-0.01069523577277587
2000-03-01,Spain,-0.1507326015549836
2000-04-01,Spain,-0.1959142017435753
2000-05-01,Spain,-0.09142426787139013
2000-06-01,Spain,-0.1261175273574597
2000-07-01,Spain,-0.2096613793829305
2000-08-01,Spain,-0.1959520431798919
2000-09-01,Spain,-0.1648774571432797
2000-10-01,Spain,-0.2666566817807989
2000-11-01,Spain,-0.1736064671846891
2000-12-01,Spain,-0.04846916273562929
2001-01-01,Spain,-0.1228254034793546
2001-02-01,Spain,-0.2601652224360202
2001-03-01,Spain,-0.2046029998221846
2001-04-01,Spain,-0.1402304365020661
2001-05-01,Spain,-0.1581863108405912
2001-06-01,Spain,-0.09320796695076405
2001-07-01,Spain,-0.1133156336357484
2001-08-01,Spain,-0.2028687356558303
2001-09-01,Spain,-0.1824200368455068
2001-10-01,Spain,-0.2266868525942745
2001-11-01,Spain,-0.1504861349771008
2001-12-01,Spain,-0.1239546275469453
2002-01-01,Spain,-0.1631649742500985
2002-02-01,Spain,-0.08442753768715838
2002-03-01,Spain,-0.08585480639348098
2002-04-01,Spain,-0.1115858277378468
2002-05-01,Spain,-0.01288852001539642
2002-06-01,Spain,0.02859044587936466
2002-07-01,Spain,0.16865349230869
2002-08-01,Spain,0.3267146115437565
2002-09-01,Spain,0.2510689618230171
2002-10-01,Spain,0.4869255429832993
2002-11-01,Spain,0.3818199554708839
2002-12-01,Spain,0.3173766548392229
2003-01-01,Spain,0.5568414987842154
2003-02-01,Spain,0.5559723747078442
2003-03-01,Spain,0.596011934421913
2003-04-01,Spain,0.5410453418725103
2003-05-01,Spain,0.3357497930151145
2003-06-01,Spain,0.2774064713710309
2003-07-01,Spain,0.2530553495495416
2003-08-01,Spain,0.2046174513940666
2003-09-01,Spain,0.2249818502597631
2003-10-01,Spain,0.2782223975207065
2003-11-01,Spain,0.3008419902364015
2003-12-01,Spain,0.3377400429734798
2004-01-01,Spain,0.2662286097232784
2004-02-01,Spain,0.2220009693615017
2004-03-01,Spain,0.217471050595246
2004-04-01,Spain,0.2278285008002552
2004-05-01,Spain,0.2016752676918634
2004-06-01,Spain,0.2014779087103147
2004-07-01,Spain,0.2074066384332718
2004-08-01,Spain,0.2932925167269231
2004-09-01,Spain,0.2911878664890248
2004-10-01,Spain,0.3185823662898712
2004-11-01,Spain,0.1710572460407258
2004-12-01,Spain,0.0761174982652566
2005-01-01,Spain,0.02520706518293059
2005-02-01,Spain,0.1204341067322741
2005-03-01,Spain,0.122383135150381
2005-04-01,Spain,0.1848477013802772
2005-05-01,Spain,0.2794169156952426
2005-06-01,Spain,0.2422322739669107
2005-07-01,Spain,0.2371598783035844
2005-08-01,Spain,0.2163260753425216
2005-09-01,Spain,0.2569121977173081
2005-10-01,Spain,0.2473006033620033
2005-11-01,Spain,0.3896579279716776
2005-12-01,Spain,0.4637491608260949
2006-01-01,Spain,0.4636637157844914
2006-02-01,Spain,0.4008734924033739
2006-03-01,Spain,0.3427744053953128
2006-04-01,Spain,0.3562706969490828
2006-05-01,Spain,0.3135522095019148
2006-06-01,Spain,0.4235517837860576
2006-07-01,Spain,0.3708720451211425
2006-08-01,Spain,0.3577846516182848
2006-09-01,Spain,0.2872428046101299
2006-10-01,Spain,0.2864584030200579
2006-11-01,Spain,0.3363920509119613
2006-12-01,Spain,0.280357653387882
2007-01-01,Spain,0.2182436631260583
2007-02-01,Spain,0.05156732773730788
2007-03-01,Spain,0.0773054856165174
2007-04-01,Spain,0.1004598406158244
2007-05-01,Spain,0.1199211340376294
2007-06-01,Spain,0.04674353095206807
2007-07-01,Spain,-0.03788540013083097
2007-08-01,Spain,-0.06496952623452612
2007-09-01,Spain,-0.1133479304319241
2007-10-01,Spain,-0.2420816021025434
2007-11-01,Spain,-0.4930083967180612
2007-12-01,Spain,-0.5049968240769249
2008-01-01,Spain,-0.4212905669907816
2008-02-01,Spain,-0.4427279425847601
2008-03-01,Spain,-0.5120179255349346
2008-04-01,Spain,-0.5017725217959186
2008-05-01,Spain,-0.436779811362887
2008-06-01,Spain,-0.3609843459833864
2008-07-01,Spain,-0.2585930675469782
2008-08-01,Spain,-0.146125616046111
2008-09-01,Spain,-0.02520645670906074
2008-10-01,Spain,0.138635592359253
2008-11-01,Spain,0.5110367859777383
2008-12-01,Spain,0.6089762093601718
2009-01-01,Spain,0.3891792074938911
2009-02-01,Spain,0.449762255191984
2009-03-01,Spain,0.505373449187339
2009-04-01,Spain,0.4504427572213026
2009-05-01,Spain,0.1855584849411391
2009-06-01,Spain,-0.1227650677838961
2009-07-01,Spain,-0.1598833152005174
2009-08-01,Spain,-0.1003669012047785
2009-09-01,Spain,-0.1991283792987665
2009-10-01,Spain,-0.1575505257385051
2009-11-01,Spain,-0.111134468876576
2009-12-01,Spain,-0.3233913206923313
2010-01-01,Spain,-0.2416264481530045
2010-02-01,Spain,-0.0273316745430926
2010-03-01,Spain,0.05959717543578336
2010-04-01,Spain,0.01529011343253495
2010-05-01,Spain,0.151231271018559
2010-06-01,Spain,0.3027993361341654
2010-07-01,Spain,0.3032691897260151
2010-08-01,Spain,-0.01111269597859521
2010-09-01,Spain,-0.04435826572233426
2010-10-01,Spain,-0.207457433363075
2010-11-01,Spain,-0.1764767924693315
2010-12-01,Spain,-0.05310082443144881
2011-01-01,Spain,-0.1518872342384979
2011-02-01,Spain,-0.2466382377173283
2011-03-01,Spain,-0.2397331249118482
2011-04-01,Spain,-0.2797762811854457
2011-05-01,Spain,-0.4189999145883904
2011-06-01,Spain,-0.4917974425234907
2011-07-01,Spain,-0.3842257919105485
2011-08-01,Spain,-0.3852535886935412
2011-09-01,Spain,-0.2365188844415232
2011-10-01,Spain,-0.120039061430488
2011-11-01,Spain,-0.1686085003422477
2011-12-01,Spain,-0.07030771051346985
2012-01-01,Spain,-0.01003465560728234
2012-02-01,Spain,0.04457185384995821
2012-03-01,Spain,-0.03364716913330035
2012-04-01,Spain,-0.03267902122437727
2012-05-01,Spain,0.2208949420246953
2012-06-01,Spain,0.4486919690164042
2012-07-01,Spain,0.1130012758675607
2012-08-01,Spain,0.3622164977304378
2012-09-01,Spain,0.1733474422271006
2012-10-01,Spain,0.2698432453623902
2012-11-01,Spain,0.3555276195445132
2012-12-01,Spain,0.32429074072519
2013-01-01,Spain,0.2978897401566416
2013-02-01,Spain,0.2014020376792134
2013-03-01,Spain,0.3331175269436257
2013-04-01,Spain,0.4522470243700858
2013-05-01,Spain,0.3637997931660977
2013-06-01,Spain,0.4348771617528686
2013-07-01,Spain,0.5709676396062173
2013-08-01,Spain,0.3489474436297497
2013-09-01,Spain,0.3650640253776334
2013-10-01,Spain,0.1567416627644012
2013-11-01,Spain,0.01737395945041986
2013-12-01,Spain,0.05460494511738379
2014-01-01,Spain,-0.04246451012296215
2014-02-01,Spain,-0.08625191682930411
2014-03-01,Spain,-0.06268279238985353
2014-04-01,Spain,-0.09213780947542272
2014-05-01,Spain,-0.08742357862802075
2014-06-01,Spain,-0.1377436941622586
2014-07-01,Spain,-0.1690478794981229
2014-08-01,Spain,-0.1116568419609039
2014-09-01,Spain,-0.1653849751227892
2014-10-01,Spain,-0.2041769551812769
2014-11-01,Spain,-0.1130762044366009
2014-12-01,Spain,-0.1696585246988496
2015-01-01,Spain,-0.1566737195361533
2015-02-01,Spain,-0.170882995156358
2015-03-01,Spain,-0.2551483950921183
2015-04-01,Spain,-0.1895860593136824
2015-05-01,Spain,-0.1781917181294593
2015-06-01,Spain,-0.1723065371252994
2015-07-01,Spain,-0.2395202033004861
2015-08-01,Spain,-0.2200198766794595
2015-09-01,Spain,-0.1474791539111927
2015-10-01,Spain,-0.06489305384817856
2015-11-01,Spain,-0.09940007968539166
2015-12-01,Spain,-0.1444941593459992
2016-01-01,Spain,-0.01916986548302879
2016-02-01,Spain,0.09202528957342593
2016-03-01,Spain,0.1403468026813037
2016-04-01,Spain,0.1739706214851473
2016-05-01,Spain,0.1660877471842215
2016-06-01,Spain,0.2555877589980644
2016-07-01,Spain,0.373828060972669
2016-08-01,Spain,0.3545371606909409
2016-09-01,Spain,0.3192400637982531
2016-10-01,Spain,0.3120339393663381
2016-11-01,Spain,0.2700316418289506
2016-12-01,Spain,0.3771144628793179
2017-01-01,Spain,0.2576995949825793
2017-02-01,Spain,0.3349090103289916
2017-03-01,Spain,0.2216114090005332
2017-04-01,Spain,0.07752289272061663
2017-05-01,Spain,0.05606856737646804
2017-06-01,Spain,-0.08423697199378777
2017-07-01,Spain,-0.04728081040387333
2017-08-01,Spain,-0.05647052654431939
2017-09-01,Spain,-0.1003113708190227
2017-10-01,Spain,-0.1079674207248942
2017-11-01,Spain,-0.1692699940153826
2017-12-01,Spain,-0.1491300402589902
2018-01-01,Spain,-0.1725821847224432
2018-02-01,Spain,-0.1908134871692918
2018-03-01,Spain,-0.1021367777967382
2018-04-01,Spain,-0.09929426348764803
2018-05-01,Spain,-0.08701177535389615
2018-06-01,Spain,-0.0545140151257707
2018-07-01,Spain,-0.03331730343646322
2018-08-01,Spain,-0.1067756967382135
2018-09-01,Spain,-0.08363956783927196
2018-10-01,Spain,-0.04602443902107722
2018-11-01,Spain,0.04317725727269073
2018-12-01,Spain,0.02033275303118831
2019-01-01,Spain,0.1049194839498393
2019-02-01,Spain,0.01004613615727434
2019-03-01,Spain,-0.08275721445398143
2019-04-01,Spain,-0.2738135537791574
2019-05-01,Spain,-0.2916488950443574
2019-06-01,Spain,-0.213638931798685
2019-07-01,Spain,-0.215935615802436
2019-08-01,Spain,-0.1788766509670632
2019-09-01,Spain,-0.135323472252765
2019-10-01,Spain,-0.2152809579482272
2019-11-01,Spain,-0.2609739891887801
2019-12-01,Spain,-0.03873207291821523
2020-01-01,Spain,-0.04955467223317422
2020-02-01,Spain,-0.066715414138375
2020-03-01,Spain,0.05951891159424916
2020-04-01,Spain,0.3673751822403843
2020-05-01,Spain,0.4223650537993804
2020-06-01,Spain,0.4403976456806444
2020-07-01,Spain,0.3047105444944238
2020-08-01,Spain,0.2775055894353549
2020-09-01,Spain,0.276838753270815
2020-10-01,Spain,0.3108568075964733
2020-11-01,Spain,0.4163297054469499
2020-12-01,Spain,-0.02378077451000538
2021-01-01,Spain,0.009757896943157762
2021-02-01,Spain,0.04043112644885571
2021-03-01,Spain,-0.02667835671342678
2021-04-01,Spain,-0.04188972886956399
2021-05-01,Spain,-0.1181151740351205
2021-06-01,Spain,-0.1245343638512388
2021-07-01,Spain,-0.1695796864712465
2021-08-01,Spain,-0.1672601931919346
2021-09-01,Spain,-0.2149326828479879
2021-10-01,Spain,-0.262167079697096
2021-11-01,Spain,-0.222462112693703
2021-12-01,Spain,-0.04585069869092728
2022-01-01,Spain,-0.08279254143043091
2022-02-01,Spain,0.03642602247768845
2022-03-01,Spain,0.08098472980688998
2022-04-01,Spain,0.1068461461457955
2022-05-01,Spain,0.1677428255182778
2022-06-01,Spain,0.04991715186523371
2022-07-01,Spain,0.2714472187330033
2022-08-01,Spain,0.3179006219758429
2022-09-01,Spain,0.3351810552874566
2022-10-01,Spain,0.421826205370039
2022-11-01,Spain,0.2433301910960421
2022-12-01,Spain,0.3054814857971599
2023-01-01,Spain,0.298975452541363
2023-02-01,Spain,0.1506675444303844
2023-03-01,Spain,0.1062115805940098
2023-04-01,Spain,0.2125642745046357
2023-05-01,Spain,0.1501281440586517
2023-06-01,Spain,0.2900715406987044
2023-07-01,Spain,0.1308283322130017
2023-08-01,Spain,0.14105786270573
2023-09-01,Spain,0.233914505948936
2023-10-01,Spain,0.3367855301028326
2023-11-01,Spain,0.3379820283618182
2023-12-01,Spain,0.12125527173965
2024-01-01,Spain,0.07955363193043596
2024-02-01,Spain,0.1830109830664144
2024-03-01,Spain,0.3135262315100316
2024-04-01,Spain,0.2225089769049213
2024-05-01,Spain,0.3451121224490163
2024-06-01,Spain,0.3510067346908434
2024-07-01,Spain,0.4519105456251555
2024-08-01,Spain,0.4295083643248829
2024-09-01,Spain,0.4537029799115255
2024-10-01,Spain,0.4421205697210853
2024-11-01,Spain,0.5336826373968437
2024-12-01,Spain,0.6441512440051413
2025-01-01,Spain,0.7966663986603946
2025-02-01,Spain,0.7503100220248033
2025-03-01,Spain,0.610568767768972
2025-04-01,Spain,0.4211445670869007
2025-05-01,Spain,0.4171880951993994
2025-06-01,Spain,0.3673490198585478
2025-07-01,Spain,0.4034316695699178
2025-08-01,Spain,0.4286475662957403
2025-09-01,Spain,
2025-10-01,Spain,
2025-11-01,Spain,
2025-12-01,Spain,
2026-01-01,Spain,
2026-02-01,Spain,
2026-03-01,Spain,
2026-04-01,Spain,
2026-05-01,Spain,
2026-06-01,Spain,
2026-07-01,Spain,
2026-08-01,Spain,
2000-02-01,Vietnam,
2000-03-01,Vietnam,
2000-04-01,Vietnam,
2000-05-01,Vietnam,
2000-06-01,Vietnam,
2000-07-01,Vietnam,
2000-08-01,Vietnam,
2000-09-01,Vietnam,
2000-10-01,Vietnam,
2000-11-01,Vietnam,
2000-12-01,Vietnam,
2001-01-01,Vietnam,
2001-02-01,Vietnam,
2001-03-01,Vietnam,
2001-04-01,Vietnam,
2001-05-01,Vietnam,
2001-06-01,Vietnam,
2001-07-01,Vietnam,
2001-08-01,Vietnam,
2001-09-01,Vietnam,
2001-10-01,Vietnam,
2001-11-01,Vietnam,
2001-12-01,Vietnam,
2002-01-01,Vietnam,
2002-02-01,Vietnam,
2002-03-01,Vietnam,
2002-04-01,Vietnam,
2002-05-01,Vietnam,
2002-06-01,Vietnam,
2002-07-01,Vietnam,
2002-08-01,Vietnam,
2002-09-01,Vietnam,
2002-10-01,Vietnam,
2002-11-01,Vietnam,
2002-12-01,Vietnam,
2003-01-01,Vietnam,
2003-02-01,Vietnam,
2003-03-01,Vietnam,
2003-04-01,Vietnam,
2003-05-01,Vietnam,
2003-06-01,Vietnam,
2003-07-01,Vietnam,
2003-08-01,Vietnam,
2003-09-01,Vietnam,
2003-10-01,Vietnam,
2003-11-01,Vietnam,
2003-12-01,Vietnam,
2004-01-01,Vietnam,
2004-02-01,Vietnam,
2004-03-01,Vietnam,
2004-04-01,Vietnam,
2004-05-01,Vietnam,
2004-06-01,Vietnam,
2004-07-01,Vietnam,
2004-08-01,Vietnam,
2004-09-01,Vietnam,
2004-10-01,Vietnam,
2004-11-01,Vietnam,
2004-12-01,Vietnam,
2005-01-01,Vietnam,
2005-02-01,Vietnam,
2005-03-01,Vietnam,
2005-04-01,Vietnam,
2005-05-01,Vietnam,
2005-06-01,Vietnam,
2005-07-01,Vietnam,
2005-08-01,Vietnam,
2005-09-01,Vietnam,
2005-10-01,Vietnam,
2005-11-01,Vietnam,
2005-12-01,Vietnam,
2006-01-01,Vietnam,
2006-02-01,Vietnam,
2006-03-01,Vietnam,
2006-04-01,Vietnam,
2006-05-01,Vietnam,
2006-06-01,Vietnam,
2006-07-01,Vietnam,
2006-08-01,Vietnam,
2006-09-01,Vietnam,
2006-10-01,Vietnam,
2006-11-01,Vietnam,
2006-12-01,Vietnam,0.7063978657740613
2007-01-01,Vietnam,0.135059688549872
2007-02-01,Vietnam,-0.2987276201072697
2007-03-01,Vietnam,-0.4681743176869402
2007-04-01,Vietnam,-0.4999381228601959
2007-05-01,Vietnam,-0.3890372998611766
2007-06-01,Vietnam,-0.6154083330455472
2007-07-01,Vietnam,-0.5684527184185539
2007-08-01,Vietnam,-0.3756553601722126
2007-09-01,Vietnam,-0.221637496890591
2007-10-01,Vietnam,-0.4379495295876198
2007-11-01,Vietnam,-0.586270493880986
2007-12-01,Vietnam,-0.5894961999999999
2008-01-01,Vietnam,-0.5503396771313614
2008-02-01,Vietnam,-0.541771520784964
2008-03-01,Vietnam,-0.5402484070182071
2008-04-01,Vietnam,-0.3359349405589621
2008-05-01,Vietnam,-0.2537975369521298
2008-06-01,Vietnam,0.1405884920828617
2008-07-01,Vietnam,0.170784363004935
2008-08-01,Vietnam,0.03148263346598323
2008-09-01,Vietnam,-0.01705240434695443
2008-10-01,Vietnam,0.1668436184377486
2008-11-01,Vietnam,0.5387964769828222
2008-12-01,Vietnam,0.5140157046049267
2009-01-01,Vietnam,0.3694962279324043
2009-02-01,Vietnam,0.4418679999990329
2009-03-01,Vietnam,0.9432976470316636
2009-04-01,Vietnam,0.6601052454157608
2009-05-01,Vietnam,0.5446740973029318
2009-06-01,Vietnam,0.2635393315697201
2009-07-01,Vietnam,0.2514130252997051
2009-08-01,Vietnam,0.1149235005301943
2009-09-01,Vietnam,-0.07861601219908121
2009-10-01,Vietnam,-0.1203349765553354
2009-11-01,Vietnam,-0.09622803009375491
2009-12-01,Vietnam,0.0236710896636767
2010-01-01,Vietnam,0.1392210932666129
2010-02-01,Vietnam,0.2349395852820644
2010-03-01,Vietnam,0.09040235747330616
2010-04-01,Vietnam,0.1439762789302446
2010-05-01,Vietnam,0.07433132138559984
2010-06-01,Vietnam,-0.01836204811404585
2010-07-01,Vietnam,0.008689140539206885
2010-08-01,Vietnam,-0.04572424277929532
2010-09-01,Vietnam,-0.002122214240107501
2010-10-01,Vietnam,-0.03763734030590826
2010-11-01,Vietnam,-0.1152735863957968
2010-12-01,Vietnam,-0.2563125077606681
2011-01-01,Vietnam,-0.349501583138309
2011-02-01,Vietnam,-0.3098975013623168
2011-03-01,Vietnam,-0.1859158772108394
2011-04-01,Vietnam,-0.2107104316417198
2011-05-01,Vietnam,-0.168390934225328
2011-06-01,Vietnam,-0.09449367501659633
2011-07-01,Vietnam,-0.1475436751602656
2011-08-01,Vietnam,-0.09514247350732463
2011-09-01,Vietnam,-0.1649378178206764
2011-10-01,Vietnam,-0.1135169520605196
2011-11-01,Vietnam,-0.1216138821123527
2011-12-01,Vietnam,-0.01549890351804162
2012-01-01,Vietnam,0.1521408369629529
2012-02-01,Vietnam,0.213019298847311
2012-03-01,Vietnam,0.08809783001257987
2012-04-01,Vietnam,0.09190450200155897
2012-05-01,Vietnam,-0.04380091840772937
2012-06-01,Vietnam,0.07149910349557631
2012-07-01,Vietnam,-0.03380509332490866
2012-08-01,Vietnam,-0.01434721052892696
2012-09-01,Vietnam,0.03206517863581171
2012-10-01,Vietnam,0.05456024846273988
2012-11-01,Vietnam,0.1324000864135333
2012-12-01,Vietnam,0.1736980865633084
2013-01-01,Vietnam,0.04931195210472783
2013-02-01,Vietnam,-0.00902411242320389
2013-03-01,Vietnam,0.09213675219435391
2013-04-01,Vietnam,0.05664489583570176
2013-05-01,Vietnam,0.08064800122022042
2013-06-01,Vietnam,0.02751138486869631
2013-07-01,Vietnam,0.1230095492084371
2013-08-01,Vietnam,0.1634274919883789
2013-09-01,Vietnam,0.269511814882275
2013-10-01,Vietnam,0.1430202604961268
2013-11-01,Vietnam,0.1001755386531817
2013-12-01,Vietnam,0.05654551616828618
2014-01-01,Vietnam,0.04334575888291692
2014-02-01,Vietnam,-0.05664245405400981
2014-03-01,Vietnam,-0.08357202967872224
2014-04-01,Vietnam,-0.1391951348437642
2014-05-01,Vietnam,-0.07613219777202973
2014-06-01,Vietnam,-0.0806322067815125
2014-07-01,Vietnam,-0.002870011430905595
2014-08-01,Vietnam,-0.0009897305966554137
2014-09-01,Vietnam,-0.1482467859253801
2014-10-01,Vietnam,-0.1027142997827203
2014-11-01,Vietnam,-0.03915876405745566
2014-12-01,Vietnam,-0.08275253889644918
2015-01-01,Vietnam,-0.01614241181075937
2015-02-01,Vietnam,-0.09386796070547465
2015-03-01,Vietnam,-0.1578130565736375
2015-04-01,Vietnam,-0.06663071573417556
2015-05-01,Vietnam,-0.02264689290926136
2015-06-01,Vietnam,-0.01746390850838164
2015-07-01,Vietnam,-0.05527653605626259
2015-08-01,Vietnam,-0.06493755174934612
2015-09-01,Vietnam,0.03898352410528094
2015-10-01,Vietnam,0.03745191460621378
2015-11-01,Vietnam,-0.05181972978893123
2015-12-01,Vietnam,0.01359350431912332
2016-01-01,Vietnam,-0.07336471707511893
2016-02-01,Vietnam,0.00787426152467674
2016-03-01,Vietnam,0.07244322639462686
2016-04-01,Vietnam,0.1126784776106942
2016-05-01,Vietnam,0.03235516250528581
2016-06-01,Vietnam,0.0115909326257726
2016-07-01,Vietnam,0.02201627511303728
2016-08-01,Vietnam,-0.007737333320199435
2016-09-01,Vietnam,0.01124699793221029
2016-10-01,Vietnam,0.0811664934751557
2016-11-01,Vietnam,0.1932444718564763
2016-12-01,Vietnam,0.4382451558411355
2017-01-01,Vietnam,0.6072050201051
2017-02-01,Vietnam,0.7392945770412924
2017-03-01,Vietnam,0.7056796021413809
2017-04-01,Vietnam,0.7335769723923911
2017-05-01,Vietnam,0.5782492767421237
2017-06-01,Vietnam,0.443602642172936
2017-07-01,Vietnam,0.4130045746130675
2017-08-01,Vietnam,0.4225964959701112
2017-09-01,Vietnam,0.3974950745608843
2017-10-01,Vietnam,0.3650968860079142
2017-11-01,Vietnam,0.1441493999882193
2017-12-01,Vietnam,-4.246501652960255e-05
2018-01-01,Vietnam,-0.1167821960588628
2018-02-01,Vietnam,-0.1679221126799028
2018-03-01,Vietnam,-0.09644778212848093
2018-04-01,Vietnam,-0.1556503091635066
2018-05-01,Vietnam,-0.07298917307460984
2018-06-01,Vietnam,0.002043044897981572
2018-07-01,Vietnam,-0.0227759582070326
2018-08-01,Vietnam,0.009640893548620078
2018-09-01,Vietnam,-0.007022623088508428
2018-10-01,Vietnam,-0.01506004095025104
2018-11-01,Vietnam,0.08977012717501198
2018-12-01,Vietnam,0.03928970618527927
2019-01-01,Vietnam,0.06396157810040148
2019-02-01,Vietnam,-0.009674218979029758
2019-03-01,Vietnam,-0.1494979125342035
2019-04-01,Vietnam,-0.337827539474128
2019-05-01,Vietnam,-0.2393395927342468
2019-06-01,Vietnam,-0.1191293914669398
2019-07-01,Vietnam,-0.1449976639520902
2019-08-01,Vietnam,-0.1944999927246978
2019-09-01,Vietnam,-0.1217666519022959
2019-10-01,Vietnam,-0.108888310965719
2019-11-01,Vietnam,-0.0469245680552538
2019-12-01,Vietnam,0.02334069751884171
2020-01-01,Vietnam,0.1323214201655203
2020-02-01,Vietnam,0.1310905219955034
2020-03-01,Vietnam,0.3090222273158894
2020-04-01,Vietnam,0.6829777234221961
2020-05-01,Vietnam,0.5833733018677267
2020-06-01,Vietnam,0.4398408803205276
2020-07-01,Vietnam,0.580266015719779
2020-08-01,Vietnam,0.5131626068433002
2020-09-01,Vietnam,0.4206385450533885
2020-10-01,Vietnam,0.3996099644789077
2020-11-01,Vietnam,0.3921726140883264
2020-12-01,Vietnam,0.303613964433854
2021-01-01,Vietnam,0.2199960897216318
2021-02-01,Vietnam,0.1989301029755082
2021-03-01,Vietnam,0.08621481870762371
2021-04-01,Vietnam,0.0727943788288663
2021-05-01,Vietnam,-0.07514905389819515
2021-06-01,Vietnam,-0.1654224022131221
2021-07-01,Vietnam,-0.2635919020781171
2021-08-01,Vietnam,-0.2262628216109592
2021-09-01,Vietnam,-0.1945592093708136
2021-10-01,Vietnam,-0.2903663729721702
2021-11-01,Vietnam,-0.4014979467861811
2021-12-01,Vietnam,-0.3688776978135101
2022-01-01,Vietnam,-0.4296165000564059
2022-02-01,Vietnam,-0.3376803197094218
2022-03-01,Vietnam,-0.3910544651171721
2022-04-01,Vietnam,-0.3524394093067927
2022-05-01,Vietnam,-0.3235998796829332
2022-06-01,Vietnam,-0.269428703704568
2022-07-01,Vietnam,-0.1627616283036978
2022-08-01,Vietnam,-0.06001450835773459
2022-09-01,Vietnam,-0.1046353709888586
2022-10-01,Vietnam,-0.07985597632128849
2022-11-01,Vietnam,-0.110247185242516
2022-12-01,Vietnam,-0.05094612714203983
2023-01-01,Vietnam,0.08085167894518652
2023-02-01,Vietnam,-0.02223616189868238
2023-03-01,Vietnam,0.1641174983877303
2023-04-01,Vietnam,0.1340274499227021
2023-05-01,Vietnam,0.07769783525413887
2023-06-01,Vietnam,0.1142919107869906
2023-07-01,Vietnam,0.01824572948204395
2023-08-01,Vietnam,-0.09131837230799622
2023-09-01,Vietnam,-0.07248635392553693
2023-10-01,Vietnam,0.01640977745566485
2023-11-01,Vietnam,0.1442651459736106
2023-12-01,Vietnam,0.0126816316603473
2024-01-01,Vietnam,-0.02476161158011847
2024-02-01,Vietnam,-0.0318724083223515
2024-03-01,Vietnam,-0.05809799745845157
2024-04-01,Vietnam,-0.05998238068436046
2024-05-01,Vietnam,-0.02171046943247712
2024-06-01,Vietnam,0.04521295502180811
2024-07-01,Vietnam,0.1218292312367062
2024-08-01,Vietnam,0.3171136044855449
2024-09-01,Vietnam,0.4559561079184802
2024-10-01,Vietnam,0.4602985295817039
2024-11-01,Vietnam,0.4801532594353946
2024-12-01,Vietnam,0.5918267653474654
2025-01-01,Vietnam,0.6992822971679511
2025-02-01,Vietnam,0.6613571304835528
2025-03-01,Vietnam,0.6784415911971662
2025-04-01,Vietnam,0.4566495980835055
2025-05-01,Vietnam,0.7732772324541513
2025-06-01,Vietnam,0.5781821846748327
2025-07-01,Vietnam,0.5199408018284262
2025-08-01,Vietnam,0.2349781259282295
2025-09-01,Vietnam,
2025-10-01,Vietnam,
2025-11-01,Vietnam,
2025-12-01,Vietnam,
2026-01-01,Vietnam,
2026-02-01,Vietnam,
2026-03-01,Vietnam,
2026-04-01,Vietnam,
2026-05-01,Vietnam,
2026-06-01,Vietnam,
2026-07-01,Vietnam,
2026-08-01,Vietnam,
2000-02-01,Saudi Arabia,
2000-03-01,Saudi Arabia,
2000-04-01,Saudi Arabia,
2000-05-01,Saudi Arabia,
2000-06-01,Saudi Arabia,
2000-07-01,Saudi Arabia,
2000-08-01,Saudi Arabia,
2000-09-01,Saudi Arabia,
2000-10-01,Saudi Arabia,
2000-11-01,Saudi Arabia,
2000-12-01,Saudi Arabia,
2001-01-01,Saudi Arabia,
2001-02-01,Saudi Arabia,
2001-03-01,Saudi Arabia,
2001-04-01,Saudi Arabia,
2001-05-01,Saudi Arabia,
2001-06-01,Saudi Arabia,
2001-07-01,Saudi Arabia,
2001-08-01,Saudi Arabia,
2001-09-01,Saudi Arabia,
2001-10-01,Saudi Arabia,
2001-11-01,Saudi Arabia,
2001-12-01,Saudi Arabia,
2002-01-01,Saudi Arabia,
2002-02-01,Saudi Arabia,
2002-03-01,Saudi Arabia,
2002-04-01,Saudi Arabia,
2002-05-01,Saudi Arabia,
2002-06-01,Saudi Arabia,
2002-07-01,Saudi Arabia,
2002-08-01,Saudi Arabia,
2002-09-01,Saudi Arabia,
2002-10-01,Saudi Arabia,
2002-11-01,Saudi Arabia,
2002-12-01,Saudi Arabia,
2003-01-01,Saudi Arabia,
2003-02-01,Saudi Arabia,
2003-03-01,Saudi Arabia,
2003-04-01,Saudi Arabia,
2003-05-01,Saudi Arabia,
2003-06-01,Saudi Arabia,
2003-07-01,Saudi Arabia,
2003-08-01,Saudi Arabia,
2003-09-01,Saudi Arabia,
2003-10-01,Saudi Arabia,
2003-11-01,Saudi Arabia,
2003-12-01,Saudi Arabia,
2004-01-01,Saudi Arabia,
2004-02-01,Saudi Arabia,
2004-03-01,Saudi Arabia,
2004-04-01,Saudi Arabia,
2004-05-01,Saudi Arabia,
2004-06-01,Saudi Arabia,
2004-07-01,Saudi Arabia,
2004-08-01,Saudi Arabia,
2004-09-01,Saudi Arabia,
2004-10-01,Saudi Arabia,
2004-11-01,Saudi Arabia,
2004-12-01,Saudi Arabia,
2005-01-01,Saudi Arabia,
2005-02-01,Saudi Arabia,
2005-03-01,Saudi Arabia,
2005-04-01,Saudi Arabia,
2005-05-01,Saudi Arabia,
2005-06-01,Saudi Arabia,
2005-07-01,Saudi Arabia,
2005-08-01,Saudi Arabia,
2005-09-01,Saudi Arabia,
2005-10-01,Saudi Arabia,
2005-11-01,Saudi Arabia,
2005-12-01,Saudi Arabia,
2006-01-01,Saudi Arabia,
2006-02-01,Saudi Arabia,
2006-03-01,Saudi Arabia,
2006-04-01,Saudi Arabia,
2006-05-01,Saudi Arabia,
2006-06-01,Saudi Arabia,
2006-07-01,Saudi Arabia,
2006-08-01,Saudi Arabia,
2006-09-01,Saudi Arabia,
2006-10-01,Saudi Arabia,
2006-11-01,Saudi Arabia,
2006-12-01,Saudi Arabia,
2007-01-01,Saudi Arabia,
2007-02-01,Saudi Arabia,
2007-03-01,Saudi Arabia,
2007-04-01,Saudi Arabia,
2007-05-01,Saudi Arabia,
2007-06-01,Saudi Arabia,
2007-07-01,Saudi Arabia,
2007-08-01,Saudi Arabia,
2007-09-01,Saudi Arabia,
2007-10-01,Saudi Arabia,
2007-11-01,Saudi Arabia,
2007-12-01,Saudi Arabia,
2008-01-01,Saudi Arabia,
2008-02-01,Saudi Arabia,
2008-03-01,Saudi Arabia,
2008-04-01,Saudi Arabia,
2008-05-01,Saudi Arabia,
2008-06-01,Saudi Arabia,
2008-07-01,Saudi Arabia,
2008-08-01,Saudi Arabia,
2008-09-01,Saudi Arabia,
2008-10-01,Saudi Arabia,
2008-11-01,Saudi Arabia,
2008-12-01,Saudi Arabia,
2009-01-01,Saudi Arabia,
2009-02-01,Saudi Arabia,
2009-03-01,Saudi Arabia,
2009-04-01,Saudi Arabia,
2009-05-01,Saudi Arabia,
2009-06-01,Saudi Arabia,
2009-07-01,Saudi Arabia,
2009-08-01,Saudi Arabia,
2009-09-01,Saudi Arabia,
2009-10-01,Saudi Arabia,
2009-11-01,Saudi Arabia,
2009-12-01,Saudi Arabia,
2010-01-01,Saudi Arabia,
2010-02-01,Saudi Arabia,
2010-03-01,Saudi Arabia,
2010-04-01,Saudi Arabia,
2010-05-01,Saudi Arabia,
2010-06-01,Saudi Arabia,
2010-07-01,Saudi Arabia,
2010-08-01,Saudi Arabia,
2010-09-01,Saudi Arabia,
2010-10-01,Saudi Arabia,
2010-11-01,Saudi Arabia,
2010-12-01,Saudi Arabia,
2011-01-01,Saudi Arabia,
2011-02-01,Saudi Arabia,
2011-03-01,Saudi Arabia,
2011-04-01,Saudi Arabia,
2011-05-01,Saudi Arabia,
2011-06-01,Saudi Arabia,
2011-07-01,Saudi Arabia,
2011-08-01,Saudi Arabia,
2011-09-01,Saudi Arabia,
2011-10-01,Saudi Arabia,
2011-11-01,Saudi Arabia,
2011-12-01,Saudi Arabia,
2012-01-01,Saudi Arabia,
2012-02-01,Saudi Arabia,
2012-03-01,Saudi Arabia,
2012-04-01,Saudi Arabia,
2012-05-01,Saudi Arabia,
2012-06-01,Saudi Arabia,
2012-07-01,Saudi Arabia,
2012-08-01,Saudi Arabia,
2012-09-01,Saudi Arabia,
2012-10-01,Saudi Arabia,
2012-11-01,Saudi Arabia,
2012-12-01,Saudi Arabia,
2013-01-01,Saudi Arabia,
2013-02-01,Saudi Arabia,
2013-03-01,Saudi Arabia,
2013-04-01,Saudi Arabia,
2013-05-01,Saudi Arabia,
2013-06-01,Saudi Arabia,
2013-07-01,Saudi Arabia,
2013-08-01,Saudi Arabia,
2013-09-01,Saudi Arabia,
2013-10-01,Saudi Arabia,
2013-11-01,Saudi Arabia,
2013-12-01,Saudi Arabia,
2014-01-01,Saudi Arabia,
2014-02-01,Saudi Arabia,
2014-03-01,Saudi Arabia,
2014-04-01,Saudi Arabia,
2014-05-01,Saudi Arabia,
2014-06-01,Saudi Arabia,
2014-07-01,Saudi Arabia,
2014-08-01,Saudi Arabia,
2014-09-01,Saudi Arabia,-0.30915884707271
2014-10-01,Saudi Arabia,-0.3019346507789704
2014-11-01,Saudi Arabia,-0.2482187665658944
2014-12-01,Saudi Arabia,-0.1324379214321192
2015-01-01,Saudi Arabia,-0.09891030977036375
2015-02-01,Saudi Arabia,-0.257593011940161
2015-03-01,Saudi Arabia,-0.2655014642963598
2015-04-01,Saudi Arabia,-0.2003841306302238
2015-05-01,Saudi Arabia,-0.2595271714403518
2015-06-01,Saudi Arabia,-0.2733564026817649
2015-07-01,Saudi Arabia,-0.2077472740209484
2015-08-01,Saudi Arabia,-0.2417831199132775
2015-09-01,Saudi Arabia,-0.1259210244687891
2015-10-01,Saudi Arabia,-0.1567712108932987
2015-11-01,Saudi Arabia,-0.07415153490690851
2015-12-01,Saudi Arabia,0.01237298986158608
2016-01-01,Saudi Arabia,0.08697421566531105
2016-02-01,Saudi Arabia,0.2513625932300632
2016-03-01,Saudi Arabia,0.1748381063426772
2016-04-01,Saudi Arabia,0.164741235500091
2016-05-01,Saudi Arabia,0.0667180271992267
2016-06-01,Saudi Arabia,0.1144051722758663
2016-07-01,Saudi Arabia,0.2246491655864742
2016-08-01,Saudi Arabia,0.1786006996553962
2016-09-01,Saudi Arabia,0.2360493819256944
2016-10-01,Saudi Arabia,0.3054275942377127
2016-11-01,Saudi Arabia,0.1481942663237776
2016-12-01,Saudi Arabia,0.0408927141805624
2017-01-01,Saudi Arabia,0.04359961780644839
2017-02-01,Saudi Arabia,0.1209820547318396
2017-03-01,Saudi Arabia,0.1061919517494203
2017-04-01,Saudi Arabia,0.1984086845713902
2017-05-01,Saudi Arabia,0.2538363716201397
2017-06-01,Saudi Arabia,0.2768193076414347
2017-07-01,Saudi Arabia,0.1681240389115464
2017-08-01,Saudi Arabia,0.2384585416963061
2017-09-01,Saudi Arabia,0.1492234929738436
2017-10-01,Saudi Arabia,0.1420863270543771
2017-11-01,Saudi Arabia,0.2076740417142771
2017-12-01,Saudi Arabia,0.148162662019079
2018-01-01,Saudi Arabia,0.1511495386122843
2018-02-01,Saudi Arabia,0.1869597924499362
2018-03-01,Saudi Arabia,0.2152302502117895
2018-04-01,Saudi Arabia,0.1655840139175637
2018-05-01,Saudi Arabia,0.1922890376059359
2018-06-01,Saudi Arabia,0.05549115252250325
2018-07-01,Saudi Arabia,0.07325088777843791
2018-08-01,Saudi Arabia,0.06192552861030354
2018-09-01,Saudi Arabia,0.02088857274626954
2018-10-01,Saudi Arabia,0.02512115263626247
2018-11-01,Saudi Arabia,-0.03055065177910021
2018-12-01,Saudi Arabia,0.01583620100864547
2019-01-01,Saudi Arabia,0.05326196824716489
2019-02-01,Saudi Arabia,-0.07910305004279838
2019-03-01,Saudi Arabia,-0.1528467395186255
2019-04-01,Saudi Arabia,-0.2996701108238501
2019-05-01,Saudi Arabia,-0.2685136472415368
2019-06-01,Saudi Arabia,-0.1632695631853687
2019-07-01,Saudi Arabia,-0.1943240370491472
2019-08-01,Saudi Arabia,-0.1720432426676084
2019-09-01,Saudi Arabia,-0.05031948617337989
2019-10-01,Saudi Arabia,-0.02558444962046669
2019-11-01,Saudi Arabia,-0.007406060806805614
2019-12-01,Saudi Arabia,0.07374548508264467
2020-01-01,Saudi Arabia,0.00877533292137933
2020-02-01,Saudi Arabia,0.04720458897827062
2020-03-01,Saudi Arabia,0.209164495365957
2020-04-01,Saudi Arabia,0.5490750419491208
2020-05-01,Saudi Arabia,0.4829514751627182
2020-06-01,Saudi Arabia,0.4296978799725812
2020-07-01,Saudi Arabia,0.4943203208321647
2020-08-01,Saudi Arabia,0.4790822338496479
2020-09-01,Saudi Arabia,0.4745784312851999
2020-10-01,Saudi Arabia,0.4788003002048777
2020-11-01,Saudi Arabia,0.5514764713688489
2020-12-01,Saudi Arabia,0.3057000772550247
2021-01-01,Saudi Arabia,0.3785663150658081
2021-02-01,Saudi Arabia,0.5042403687357304
2021-03-01,Saudi Arabia,0.4635657543913234
2021-04-01,Saudi Arabia,0.3888054456468535
2021-05-01,Saudi Arabia,0.3857637282662285
2021-06-01,Saudi Arabia,0.2869077211096482
2021-07-01,Saudi Arabia,0.1042235358346355
2021-08-01,Saudi Arabia,0.1675807082329237
2021-09-01,Saudi Arabia,0.1321743662599353
2021-10-01,Saudi Arabia,0.01953239112361693
2021-11-01,Saudi Arabia,0.02835934373749494
2021-12-01,Saudi Arabia,0.03388605989051974
2022-01-01,Saudi Arabia,-0.04984232931201382
2022-02-01,Saudi Arabia,-0.111457200011971
2022-03-01,Saudi Arabia,-0.2005906232551327
2022-04-01,Saudi Arabia,-0.1890051943531681
2022-05-01,Saudi Arabia,-0.1856473059663126
2022-06-01,Saudi Arabia,-0.1519985660112523
2022-07-01,Saudi Arabia,-0.01535166728217752
2022-08-01,Saudi Arabia,-0.05401682746358205
2022-09-01,Saudi Arabia,-0.08952643126830728
2022-10-01,Saudi Arabia,-0.05733104141978873
2022-11-01,Saudi Arabia,-0.1125657620813504
2022-12-01,Saudi Arabia,0.001320571821742167
2023-01-01,Saudi Arabia,0.1141383276849206
2023-02-01,Saudi Arabia,0.07629202547054481
2023-03-01,Saudi Arabia,0.2385315454600363
2023-04-01,Saudi Arabia,0.1453065302319638
2023-05-01,Saudi Arabia,0.06517399655831269
2023-06-01,Saudi Arabia,0.01902478278506314
2023-07-01,Saudi Arabia,0.006386279112047255
2023-08-01,Saudi Arabia,0.02555708755290076
2023-09-01,Saudi Arabia,0.05655739125382131
2023-10-01,Saudi Arabia,0.113780599333317
2023-11-01,Saudi Arabia,0.1283579226324321
2023-12-01,Saudi Arabia,0.04610360481129772
2024-01-01,Saudi Arabia,0.003302703895672332
2024-02-01,Saudi Arabia,0.04160905837642814
2024-03-01,Saudi Arabia,-0.03770497865564049
2024-04-01,Saudi Arabia,-0.009486309825477823
2024-05-01,Saudi Arabia,-0.01915227847018752
2024-06-01,Saudi Arabia,0.01046404695233472
2024-07-01,Saudi Arabia,0.007500492737716469
2024-08-01,Saudi Arabia,-0.04400057431346582
2024-09-01,Saudi Arabia,-0.06047637218470392
2024-10-01,Saudi Arabia,0.01357981204389236
2024-11-01,Saudi Arabia,0.03992722443455876
2024-12-01,Saudi Arabia,-0.0189951199484516
2025-01-01,Saudi Arabia,-0.04961515663910576
2025-02-01,Saudi Arabia,0.02413037970401422
2025-03-01,Saudi Arabia,-0.01808608218068641
2025-04-01,Saudi Arabia,0.02118425242679089
2025-05-01,Saudi Arabia,0.0366944949733452
2025-06-01,Saudi Arabia,0.081288851712364
2025-07-01,Saudi Arabia,0.03353195789507524
2025-08-01,Saudi Arabia,0.0411679186034013
2025-09-01,Saudi Arabia,
2025-10-01,Saudi Arabia,
2025-11-01,Saudi Arabia,
2025-12-01,Saudi Arabia,
2026-01-01,Saudi Arabia,
2026-02-01,Saudi Arabia,
2026-03-01,Saudi Arabia,
2026-04-01,Saudi Arabia,
2026-05-01,Saudi Arabia,
2026-06-01,Saudi Arabia,
2026-07-01,Saudi Arabia,
2026-08-01,Saudi Arabia,
