date,country,pnl_selection,pnl_benchmark,active_pnl
2006-03-01,Singapore,0.0005250170406775704,0.00011052990330054114,0.00041448713737702924
2006-03-01,Australia,0.0,4.611665347207036e-05,-4.611665347207036e-05
2006-03-01,Canada,0.0,0.0,0.0
2006-03-01,Germany,0.0,0.0,0.0
2006-03-01,Japan,0.0004227722041205001,8.900467455168422e-05,0.0003337675295688159
2006-03-01,Switzerland,0.0,9.359503156597977e-05,-9.359503156597977e-05
2006-03-01,U.K.,0.0,0.00017329908509568397,-0.00017329908509568397
2006-03-01,NASDAQ,0.0,0.00013546522141309771,-0.00013546522141309771
2006-03-01,U.S.,0.0,5.455225207659362e-05,-5.455225207659362e-05
2006-03-01,France,0.0,0.0,0.0
2006-03-01,Netherlands,0.0,0.00018096411960741152,-0.00018096411960741152
2006-03-01,Sweden,0.0,0.0003722148140950938,-0.0003722148140950938
2006-03-01,Italy,0.0,0.0,0.0
2006-03-01,ChinaA,0.0,0.0,0.0
2006-03-01,Chile,-0.00013066140399582935,-2.7507663999121968e-05,-0.00010315373999670738
2006-03-01,Indonesia,0.0,0.0,0.0
2006-03-01,Philippines,0.0,0.0,0.0
2006-03-01,Poland,-0.00010419018705489871,-2.193477622208394e-05,-8.225541083281478e-05
2006-03-01,US SmallCap,0.0,0.00021286366566580878,-0.00021286366566580878
2006-03-01,Malaysia,0.0,7.917865559291467e-05,-7.917865559291467e-05
2006-03-01,Taiwan,0.0,0.0,0.0
2006-03-01,Mexico,0.0,1.2035902747302746e-05,-1.2035902747302746e-05
2006-03-01,Korea,0.0,0.0,0.0
2006-03-01,Brazil,0.0,0.0,0.0
2006-03-01,South Africa,0.0,0.00034879503455420276,-0.00034879503455420276
2006-03-01,Denmark,0.0,0.0002425114869442557,-0.0002425114869442557
2006-03-01,India,0.0,0.000432881770739368,-0.000432881770739368
2006-03-01,ChinaH,0.0,0.0,0.0
2006-03-01,Hong Kong,0.0,0.0,0.0
2006-03-01,Thailand,0.0,-5.455999247448352e-05,5.455999247448352e-05
2006-03-01,Turkey,0.0,0.0,0.0
2006-03-01,Spain,0.0,8.648282437023172e-05,-8.648282437023172e-05
2006-03-01,Vietnam,0.0,0.0,0.0
2006-03-01,Saudi Arabia,0.0,0.0,0.0
2006-04-01,Singapore,0.0022722350509687145,0.0004964898852496353,0.001775745165719079
2006-04-01,Australia,0.0,0.0006803317472085552,-0.0006803317472085552
2006-04-01,Canada,0.0,0.0001563373264846648,-0.0001563373264846648
2006-04-01,Germany,0.0,0.00014564162644442174,-0.00014564162644442174
2006-04-01,Japan,0.001012651931894777,0.00022129085501690392,0.0007913610768778732
2006-04-01,Switzerland,0.0,0.0004424841510582702,-0.0004424841510582702
2006-04-01,U.K.,0.0,0.0004806626989888244,-0.0004806626989888244
2006-04-01,NASDAQ,0.0,-5.4675855578761424e-05,5.4675855578761424e-05
2006-04-01,U.S.,0.0,0.00010264005305744809,-0.00010264005305744809
2006-04-01,France,0.0,0.00010890049308666987,-0.00010890049308666987
2006-04-01,Netherlands,0.0,0.00023290543741594913,-0.00023290543741594913
2006-04-01,Sweden,0.0,0.00026471214379116984,-0.00026471214379116984
2006-04-01,Italy,0.0,0.0,0.0
2006-04-01,ChinaA,0.0,0.0,0.0
2006-04-01,Chile,0.000643843000225908,0.00014077889044609112,0.0005030641097798169
2006-04-01,Indonesia,0.0,0.00044943704799474047,-0.00044943704799474047
2006-04-01,Philippines,0.0,7.230085201840405e-07,-7.230085201840405e-07
2006-04-01,Poland,0.005317808625461747,0.0011627274327252052,0.004155081192736542
2006-04-01,US SmallCap,0.0,-1.5967574220808008e-06,1.5967574220808008e-06
2006-04-01,Malaysia,0.0,0.0003281001269890429,-0.0003281001269890429
2006-04-01,Taiwan,0.0,0.0,0.0
2006-04-01,Mexico,0.0,0.00040872412178153067,-0.00040872412178153067
2006-04-01,Korea,0.0,0.0,0.0
2006-04-01,Brazil,0.001326873744444839,0.0003062016333334244,0.0010206721111114146
2006-04-01,South Africa,0.0,0.000332173778691646,-0.000332173778691646
2006-04-01,Denmark,0.0,0.0004726978267787262,-0.0004726978267787262
2006-04-01,India,0.0,0.00029923328944503173,-0.00029923328944503173
2006-04-01,ChinaH,0.0,0.0,0.0
2006-04-01,Hong Kong,0.0,0.0,0.0
2006-04-01,Thailand,0.0,0.0006690320153799438,-0.0006690320153799438
2006-04-01,Turkey,0.0007035833768136774,0.00016236539464931017,0.0005412179821643673
2006-04-01,Spain,0.0,0.00033846285166780793,-0.00033846285166780793
2006-04-01,Vietnam,0.0,0.0,0.0
2006-04-01,Saudi Arabia,0.0,0.0,0.0
2006-05-01,Singapore,-0.003023446636404082,-0.0008704843667620239,-0.0021529622696420583
2006-05-01,Australia,0.0,-0.0006227959912791154,0.0006227959912791154
2006-05-01,Canada,0.0,-0.00015779710656650925,0.00015779710656650925
2006-05-01,Germany,-0.0006270154002054778,-0.0003136422988979042,-0.0003133731013075736
2006-05-01,Japan,-0.0029990157366470423,-0.0006555294844035058,-0.0023434862522435365
2006-05-01,Switzerland,0.0,-0.00034835926909790045,0.00034835926909790045
2006-05-01,U.K.,0.0,-0.00014811766548053794,0.00014811766548053794
2006-05-01,NASDAQ,0.0,-0.0006267097285398714,0.0006267097285398714
2006-05-01,U.S.,0.0,-0.00029794178203480846,0.00029794178203480846
2006-05-01,France,0.0,-0.0001802141156502243,0.0001802141156502243
2006-05-01,Netherlands,0.0,-0.0005000428543655823,0.0005000428543655823
2006-05-01,Sweden,0.0,-0.0007335810840862006,0.0007335810840862006
2006-05-01,Italy,0.0,-2.761801254523577e-05,2.761801254523577e-05
2006-05-01,ChinaA,-0.0007089851245951125,-0.00015509049600518086,-0.0005538946285899317
2006-05-01,Chile,-0.003185952675435257,-0.0006966986952404435,-0.0024892539801948136
2006-05-01,Indonesia,0.0,-0.0008840513815022576,0.0008840513815022576
2006-05-01,Philippines,0.0,2.2503329601251553e-05,-2.2503329601251553e-05
2006-05-01,Poland,-0.004766534763529838,-0.0013530124105409144,-0.0034135223529889232
2006-05-01,US SmallCap,0.0,-0.000584523889067181,0.000584523889067181
2006-05-01,Malaysia,0.0,-0.000229963047842787,0.000229963047842787
2006-05-01,Taiwan,0.0,-0.00017462926126208335,0.00017462926126208335
2006-05-01,Mexico,0.0,-0.0011956474423869845,0.0011956474423869845
2006-05-01,Korea,-0.0009144343709962928,-0.00020003251865543907,-0.0007144018523408537
2006-05-01,Brazil,-0.0044041933183466275,-0.0009931160737110675,-0.0034110772446355603
2006-05-01,South Africa,0.0,-0.0017222408754269387,0.0017222408754269387
2006-05-01,Denmark,0.0,-0.00048161737639489794,0.00048161737639489794
2006-05-01,India,0.0,-0.0015698863241724488,0.0015698863241724488
2006-05-01,ChinaH,0.0,-0.00015389214829090309,0.00015389214829090309
2006-05-01,Hong Kong,0.0,-0.00014437617215906176,0.00014437617215906176
2006-05-01,Thailand,0.0,-0.0009669623954202654,0.0009669623954202654
2006-05-01,Turkey,-0.007312109714898683,-0.0016479242613560503,-0.005664185453542633
2006-05-01,Spain,0.0,-0.0003004129576376348,0.0003004129576376348
2006-05-01,Vietnam,0.0,0.0,0.0
2006-05-01,Saudi Arabia,0.0,0.0,0.0
2006-06-01,Singapore,0.0011517838733934604,0.0003111739876035751,0.0008406098857898853
2006-06-01,Australia,0.0,0.00013118170594992375,-0.00013118170594992375
2006-06-01,Canada,0.0,-0.00013232633798324336,0.00013232633798324336
2006-06-01,Germany,-0.00026678212339928907,-9.488798707197587e-05,-0.0001718941363273132
2006-06-01,Japan,-0.0006521168457629983,-0.00014256366224355905,-0.0005095531835194393
2006-06-01,Switzerland,0.0,-2.125259419552758e-05,2.125259419552758e-05
2006-06-01,U.K.,0.0,0.00018430353894218092,-0.00018430353894218092
2006-06-01,NASDAQ,0.0,-3.21751740377301e-05,3.21751740377301e-05
2006-06-01,U.S.,0.0,1.6783234127685313e-05,-1.6783234127685313e-05
2006-06-01,France,0.0,5.583098050071777e-05,-5.583098050071777e-05
2006-06-01,Netherlands,0.0,-1.5679650750336006e-05,1.5679650750336006e-05
2006-06-01,Sweden,0.0,4.136338390454088e-05,-4.136338390454088e-05
2006-06-01,Italy,0.0,-1.5842837567679934e-05,1.5842837567679934e-05
2006-06-01,ChinaA,0.00021249238977836345,9.590899030216822e-05,0.00011658339947619522
2006-06-01,Chile,-0.0006346287040382931,-0.00017637953372114806,-0.00045824917031714503
2006-06-01,Indonesia,0.0,2.2852672027282605e-05,-2.2852672027282605e-05
2006-06-01,Philippines,0.0,-0.0005774274937117036,0.0005774274937117036
2006-06-01,Poland,0.0001426220211302926,3.813591948384299e-05,0.00010448610164644961
2006-06-01,US SmallCap,0.0,7.946937036389188e-05,-7.946937036389188e-05
2006-06-01,Malaysia,0.0,-0.0003705948403305428,0.0003705948403305428
2006-06-01,Taiwan,0.0,-0.0001204354236579151,0.0001204354236579151
2006-06-01,Mexico,0.0,0.0003063984489724778,-0.0003063984489724778
2006-06-01,Korea,-0.0003565419934809628,-7.799356107396062e-05,-0.0002785484324070022
2006-06-01,Brazil,0.0021493254080339696,0.00047967474436922357,0.001669650663664746
2006-06-01,South Africa,0.0,-0.0004248511503348049,0.0004248511503348049
2006-06-01,Denmark,0.0,-0.00013976208921306454,0.00013976208921306454
2006-06-01,India,0.0,0.00026635616992772275,-0.00026635616992772275
2006-06-01,ChinaH,0.0,0.00010224341690094652,-0.00010224341690094652
2006-06-01,Hong Kong,0.0,1.3706390565381911e-05,-1.3706390565381911e-05
2006-06-01,Thailand,0.0,-0.000535664342921436,0.000535664342921436
2006-06-01,Turkey,-0.0022808206265500703,-0.0005082457725748707,-0.0017725748539751997
2006-06-01,Spain,0.0,0.00016657466896352865,-0.00016657466896352865
2006-06-01,Vietnam,0.0,0.0,0.0
2006-06-01,Saudi Arabia,0.0,0.0,0.0
2006-07-01,Singapore,0.00011873495813238518,3.0855902766085765e-05,8.787905536629941e-05
2006-07-01,Australia,0.0,0.00021085023391879718,-0.00021085023391879718
2006-07-01,Canada,0.0,3.19908550205966e-05,-3.19908550205966e-05
2006-07-01,Germany,-0.0001262261491586685,-3.898651134963697e-05,-8.723963780903152e-05
2006-07-01,Japan,-0.0003796528213844194,-8.300729230993773e-05,-0.00029664552907448166
2006-07-01,Switzerland,0.0,0.000487803064851671,-0.000487803064851671
2006-07-01,U.K.,0.0,0.00038501758976075177,-0.00038501758976075177
2006-07-01,NASDAQ,0.0,-0.0005470317788533227,0.0005470317788533227
2006-07-01,U.S.,0.0,9.430086476134817e-05,-9.430086476134817e-05
2006-07-01,France,0.0,6.287428185935357e-05,-6.287428185935357e-05
2006-07-01,Netherlands,0.0,0.00037565641046635853,-0.00037565641046635853
2006-07-01,Sweden,0.0,-0.00024938957889175726,0.00024938957889175726
2006-07-01,Italy,0.0,3.545187171373246e-05,-3.545187171373246e-05
2006-07-01,ChinaA,0.0003010647434527075,0.00020461042850761178,9.645431494509574e-05
2006-07-01,Chile,0.00015251573696847663,5.155653880701552e-05,0.00010095919816146111
2006-07-01,Indonesia,0.0,0.0006793639524082943,-0.0006793639524082943
2006-07-01,Philippines,0.001784509716690358,0.0015684553281416183,0.00021605438854873965
2006-07-01,Poland,0.009769724074894542,0.002516651725243284,0.007253072349651259
2006-07-01,US SmallCap,0.0,-0.0004921663600084545,0.0004921663600084545
2006-07-01,Malaysia,0.0,0.00042116303024690785,-0.00042116303024690785
2006-07-01,Taiwan,0.0,-0.0004239892934395926,0.0004239892934395926
2006-07-01,Mexico,0.0,0.0010260282681020568,-0.0010260282681020568
2006-07-01,Korea,-9.340558467744519e-05,-2.0432471648191135e-05,-7.297311302925405e-05
2006-07-01,Brazil,0.0005128121562598099,0.00011389169164987946,0.00039892046460993037
2006-07-01,South Africa,0.0,9.385336730620671e-05,-9.385336730620671e-05
2006-07-01,Denmark,0.0,-6.000568456709873e-05,6.000568456709873e-05
2006-07-01,India,0.0,1.337373682819059e-05,-1.337373682819059e-05
2006-07-01,ChinaH,0.0,0.00020902584323562136,-0.00020902584323562136
2006-07-01,Hong Kong,0.0,0.00013425598240422582,-0.00013425598240422582
2006-07-01,Thailand,0.0,0.0005059062338641205,-0.0005059062338641205
2006-07-01,Turkey,0.0022321764725881862,0.0006991815299603038,0.0015329949426278824
2006-07-01,Spain,0.0,0.00038393074508090387,-0.00038393074508090387
2006-07-01,Vietnam,0.0,0.0,0.0
2006-07-01,Saudi Arabia,0.0,0.0,0.0
2006-08-01,Singapore,0.0023072864043610832,0.0007004545915212148,0.0016068318128398683
2006-08-01,Australia,0.0003807741939299426,0.000590234006468902,-0.00020945981253895946
2006-08-01,Canada,0.0,0.0005447417615302996,-0.0005447417615302996
2006-08-01,Germany,0.0016928957997744119,0.00048389932246247424,0.0012089964773119377
2006-08-01,Japan,0.0011868242931835655,0.00025950675106238205,0.0009273175421211834
2006-08-01,Switzerland,0.0,0.0004996760814314897,-0.0004996760814314897
2006-08-01,U.K.,0.0,0.0006557419029253834,-0.0006557419029253834
2006-08-01,NASDAQ,0.0,0.0007623726446589357,-0.0007623726446589357
2006-08-01,U.S.,0.0,0.0004277819887192123,-0.0004277819887192123
2006-08-01,France,0.0,0.0004505575433942261,-0.0004505575433942261
2006-08-01,Netherlands,0.0,0.000746660225887139,-0.000746660225887139
2006-08-01,Sweden,0.0,0.0006743912033564344,-0.0006743912033564344
2006-08-01,Italy,0.0,0.00043037658122876943,-0.00043037658122876943
2006-08-01,ChinaA,0.000512044121494411,0.00022902672195865894,0.0002830173995357521
2006-08-01,Chile,0.0015396684621822583,0.0006127035239233399,0.0009269649382589184
2006-08-01,Indonesia,0.0,0.0008467845662856404,-0.0008467845662856404
2006-08-01,Philippines,-0.00010011029608181681,-0.00010703412451845633,6.923828436639521e-06
2006-08-01,Poland,-0.006234413244317469,-0.0015702813282668197,-0.00466413191605065
2006-08-01,US SmallCap,0.0,0.000509365288314822,-0.000509365288314822
2006-08-01,Malaysia,0.0,0.000492701646255541,-0.000492701646255541
2006-08-01,Taiwan,0.0,0.00020517571760983146,-0.00020517571760983146
2006-08-01,Mexico,0.0,0.0006507139095487777,-0.0006507139095487777
2006-08-01,Korea,0.001142478712444665,0.0002499172183472705,0.0008925614940973946
2006-08-01,Brazil,-0.00030339425452019053,-6.718395799741115e-05,-0.00023621029652277938
2006-08-01,South Africa,0.0,-5.152061742031618e-05,5.152061742031618e-05
2006-08-01,Denmark,0.0,0.0011687431465025396,-0.0011687431465025396
2006-08-01,India,0.0,0.0016422972394520975,-0.0016422972394520975
2006-08-01,ChinaH,0.0,0.00023685443498197865,-0.00023685443498197865
2006-08-01,Hong Kong,0.0,0.0003690542251155452,-0.0003690542251155452
2006-08-01,Thailand,0.0,0.00034349589562238586,-0.00034349589562238586
2006-08-01,Turkey,0.00197665680919121,0.0007849746424569949,0.001191682166734215
2006-08-01,Spain,0.0,0.0006020767567920205,-0.0006020767567920205
2006-08-01,Vietnam,0.0,0.0,0.0
2006-08-01,Saudi Arabia,0.0,0.0,0.0
2006-09-01,Singapore,0.002329148956942656,0.0006752130467079789,0.001653935910234677
2006-09-01,Australia,-0.00022362709614511618,-0.00020012339952084872,-2.3503696624267462e-05
2006-09-01,Canada,0.0,-0.0004983520909825213,0.0004983520909825213
2006-09-01,Germany,0.0007274332070458507,0.0002471575724145624,0.00048027563463128834
2006-09-01,Japan,-0.0019020027086624355,-0.0004159079270157649,-0.0014860947816466704
2006-09-01,Switzerland,0.0,0.00031104501302443865,-0.00031104501302443865
2006-09-01,U.K.,0.0,-6.937789000033195e-05,6.937789000033195e-05
2006-09-01,NASDAQ,0.0,0.0007018252348651864,-0.0007018252348651864
2006-09-01,U.S.,0.0,0.0005409184101659527,-0.0005409184101659527
2006-09-01,France,0.0,0.0001446958032737421,-0.0001446958032737421
2006-09-01,Netherlands,0.0,0.0006749386114340024,-0.0006749386114340024
2006-09-01,Sweden,0.0,0.000977044320376702,-0.000977044320376702
2006-09-01,Italy,0.0,-1.9571303128094267e-05,1.9571303128094267e-05
2006-09-01,ChinaA,0.0007173912100996227,0.0003983091615014729,0.00031908204859814975
2006-09-01,Chile,0.001840428165941791,0.0008388677880794201,0.001001560377862371
2006-09-01,Indonesia,0.0,0.0008710908662807593,-0.0008710908662807593
2006-09-01,Philippines,0.0030052222184566977,0.002019658469659514,0.0009855637487971836
2006-09-01,Poland,-0.0022825349182227055,-0.0005644999334608548,-0.0017180349847618506
2006-09-01,US SmallCap,0.0,0.00017106634484261122,-0.00017106634484261122
2006-09-01,Malaysia,0.0,0.00011770522744244835,-0.00011770522744244835
2006-09-01,Taiwan,0.0,0.0005110996764039924,-0.0005110996764039924
2006-09-01,Mexico,0.0,0.0010663277010763727,-0.0010663277010763727
2006-09-01,Korea,0.0018359723308699614,0.000401618947377804,0.0014343533834921575
2006-09-01,Brazil,-0.0013596788765692892,-0.00030048956630906803,-0.001059189310260221
2006-09-01,South Africa,0.0,-0.0011896485455723661,0.0011896485455723661
2006-09-01,Denmark,0.0,0.0005302403468011018,-0.0005302403468011018
2006-09-01,India,0.0,0.0017096696981391275,-0.0017096696981391275
2006-09-01,ChinaH,0.0,0.0004264297983075325,-0.0004264297983075325
2006-09-01,Hong Kong,0.0,0.0001353943861066312,-0.0001353943861066312
2006-09-01,Thailand,0.0,0.00024663524552038314,-0.00024663524552038314
2006-09-01,Turkey,-0.001500222620052226,-0.0007140965681288027,-0.0007861260519234233
2006-09-01,Spain,0.0,0.001168475690035394,-0.001168475690035394
2006-09-01,Vietnam,0.0,0.0,0.0
2006-09-01,Saudi Arabia,0.0,0.0,0.0
2006-10-01,Singapore,0.007287320176320859,0.0020424496680348956,0.005244870508285963
2006-10-01,Australia,0.0020256985052059216,0.002032901186258163,-7.202681052241502e-06
2006-10-01,Canada,0.0,0.0009008750334994948,-0.0009008750334994948
2006-10-01,Germany,0.0030517747805244725,0.0009647259786891278,0.002087048801835345
2006-10-01,Japan,0.0015791336682126947,0.0003905291307870648,0.0011886045374256298
2006-10-01,Switzerland,0.0,0.0006598670207945899,-0.0006598670207945899
2006-10-01,U.K.,0.0006068987366316273,0.0012682485976766708,-0.0006613498610450435
2006-10-01,NASDAQ,0.0,0.0011349812988762948,-0.0011349812988762948
2006-10-01,U.S.,0.0,0.0007870189548453867,-0.0007870189548453867
2006-10-01,France,0.0,0.0005235145799316015,-0.0005235145799316015
2006-10-01,Netherlands,0.0,9.776765726568254e-05,-9.776765726568254e-05
2006-10-01,Sweden,0.0,0.0015634151971930235,-0.0015634151971930235
2006-10-01,Italy,0.0,0.0006040388815534167,-0.0006040388815534167
2006-10-01,ChinaA,0.0025125810840165032,0.0011211599301020996,0.0013914211539144037
2006-10-01,Chile,0.003371962414450471,0.001724364043519483,0.0016475983709309879
2006-10-01,Indonesia,0.0,0.0007377864455086478,-0.0007377864455086478
2006-10-01,Philippines,0.0027609237091034116,0.0014867234293659422,0.0012742002797374694
2006-10-01,Poland,0.007695172254401245,0.0021411589102506194,0.0055540133441506255
2006-10-01,US SmallCap,0.0,0.0013305386356215177,-0.0013305386356215177
2006-10-01,Malaysia,0.0,0.0010106939299207645,-0.0010106939299207645
2006-10-01,Taiwan,0.0,0.00013154627505174466,-0.00013154627505174466
2006-10-01,Mexico,0.0,0.001746066083788788,-0.001746066083788788
2006-10-01,Korea,-0.00031335324119575623,-6.854602151157169e-05,-0.00024480721968418457
2006-10-01,Brazil,0.007299732162327426,0.0016108942716915131,0.0056888378906359135
2006-10-01,South Africa,0.0,0.002252144494026405,-0.002252144494026405
2006-10-01,Denmark,0.0,0.0010950226909298528,-0.0010950226909298528
2006-10-01,India,0.0,0.0017287493145979342,-0.0017287493145979342
2006-10-01,ChinaH,0.0,0.0010971525121444901,-0.0010971525121444901
2006-10-01,Hong Kong,0.0,0.0003074518731704702,-0.0003074518731704702
2006-10-01,Thailand,0.0,0.0018278832286005879,-0.0018278832286005879
2006-10-01,Turkey,0.0048223007697386685,0.002693830409584563,0.0021284703601541057
2006-10-01,Spain,0.0,0.0018713551189658676,-0.0018713551189658676
2006-10-01,Vietnam,0.0,0.0,0.0
2006-10-01,Saudi Arabia,0.0,0.0,0.0
2006-11-01,Singapore,0.007793258029570922,0.002131011425960066,0.005662246603610856
2006-11-01,Australia,0.001059819073257258,0.0011697703352953085,-0.0001099512620380506
2006-11-01,Canada,0.0,0.000641931316965711,-0.000641931316965711
2006-11-01,Germany,0.0034875184336959565,0.0010491973338076768,0.0024383210998882797
2006-11-01,Japan,0.0006367396768801497,0.00017539289780840392,0.00046134677907174577
2006-11-01,Switzerland,0.0,0.0008931166953072461,-0.0008931166953072461
2006-11-01,U.K.,0.00038452689558766056,0.000883588760865661,-0.0004990618652780004
2006-11-01,NASDAQ,0.0,0.0007802438865859956,-0.0007802438865859956
2006-11-01,U.S.,0.0,0.000523860072877424,-0.000523860072877424
2006-11-01,France,0.0,0.0008497384193820121,-0.0008497384193820121
2006-11-01,Netherlands,0.0,0.0007000266707749356,-0.0007000266707749356
2006-11-01,Sweden,0.0,0.0011601836244066169,-0.0011601836244066169
2006-11-01,Italy,0.0,0.0010264045653668764,-0.0010264045653668764
2006-11-01,ChinaA,0.005584184369871734,0.0021962211588894636,0.00338796321098227
2006-11-01,Chile,0.003079924754410537,0.0017347177649068783,0.0013452069895036587
2006-11-01,Indonesia,0.0,0.002392473444386107,-0.002392473444386107
2006-11-01,Philippines,0.0015222984995783137,0.0007145179839629447,0.000807780515615369
2006-11-01,Poland,0.009499702687501301,0.002912518613914369,0.006587184073586933
2006-11-01,US SmallCap,0.0,0.0007064634836069071,-0.0007064634836069071
2006-11-01,Malaysia,0.0,0.0030912377146103116,-0.0030912377146103116
2006-11-01,Taiwan,0.0,0.001920916975415768,-0.001920916975415768
2006-11-01,Mexico,0.0,0.0013394981532616904,-0.0013394981532616904
2006-11-01,Korea,0.0047403819018607095,0.0010369585410320299,0.0037034233608286794
2006-11-01,Brazil,0.006008894394748089,0.0013246874057888476,0.0046842069889592415
2006-11-01,South Africa,0.0,0.002077891597833341,-0.002077891597833341
2006-11-01,Denmark,0.0,0.0018703029606253884,-0.0018703029606253884
2006-11-01,India,0.0,0.0017292124060935019,-0.0017292124060935019
2006-11-01,ChinaH,0.001296345638670154,0.0021938658281055907,-0.0008975201894354367
2006-11-01,Hong Kong,0.0,0.0010978548759102557,-0.0010978548759102557
2006-11-01,Thailand,0.0,0.001331885791604477,-0.001331885791604477
2006-11-01,Turkey,-0.0026541555153206083,-0.0016728625579349443,-0.000981292957385664
2006-11-01,Spain,0.0,0.0013232448076521052,-0.0013232448076521052
2006-11-01,Vietnam,0.0,0.0,0.0
2006-11-01,Saudi Arabia,0.0,0.0,0.0
2006-12-01,Singapore,0.007900524983908929,0.0021198101831322695,0.0057807148007766596
2006-12-01,Australia,0.0009337553574051665,0.0011205156360940315,-0.00018676027868886496
2006-12-01,Canada,0.0,-0.00016897766852885552,0.00016897766852885552
2006-12-01,Germany,0.0037723781027100625,0.0010945028259026063,0.002677875276807456
2006-12-01,Japan,0.0022719810407429352,0.0006893438801440677,0.0015826371605988676
2006-12-01,Switzerland,0.0,0.0005609744395571643,-0.0005609744395571643
2006-12-01,U.K.,0.00033989978722726667,0.0008496789437640527,-0.0005097791565367861
2006-12-01,NASDAQ,0.0,-0.0001892158710263416,0.0001892158710263416
2006-12-01,U.S.,0.0,0.0004276265473581617,-0.0004276265473581617
2006-12-01,France,0.0,0.0009149602769127253,-0.0009149602769127253
2006-12-01,Netherlands,0.0,0.0011921092965789721,-0.0011921092965789721
2006-12-01,Sweden,0.0,0.0027036841904093333,-0.0027036841904093333
2006-12-01,Italy,0.0,0.00046550330713684843,-0.00046550330713684843
2006-12-01,ChinaA,0.009969527345218962,0.0036192093712954796,0.006350317973923482
2006-12-01,Chile,0.0023318971714405314,0.0014273279826614944,0.0009045691887790369
2006-12-01,Indonesia,0.0,0.0014898880122959726,-0.0014898880122959726
2006-12-01,Philippines,0.006569850704722009,0.0027975101904932588,0.0037723405142287506
2006-12-01,Poland,0.001801726011393114,0.0005986739757503934,0.0012030520356427206
2006-12-01,US SmallCap,0.0,0.00010000291718538127,-0.00010000291718538127
2006-12-01,Malaysia,0.0,0.0015203237061789348,-0.0015203237061789348
2006-12-01,Taiwan,0.0,0.000316660760113669,-0.000316660760113669
2006-12-01,Mexico,0.0,0.0020310520100695747,-0.0020310520100695747
2006-12-01,Korea,0.0012397921897174015,0.00030732925250299324,0.0009324629372144083
2006-12-01,Brazil,0.009807920284007501,0.0021605460008905543,0.007647374283116947
2006-12-01,South Africa,0.0,0.0023929785954757998,-0.0023929785954757998
2006-12-01,Denmark,0.0,0.0014563477201786842,-0.0014563477201786842
2006-12-01,India,0.0,0.0010864305840843909,-0.0010864305840843909
2006-12-01,ChinaH,0.0036413354898990765,0.003618005000324287,2.3330489574789354e-05
2006-12-01,Hong Kong,0.0,0.0014324587193669052,-0.0014324587193669052
2006-12-01,Thailand,-0.001141824913250231,-0.003049282895687551,0.00190745798243732
2006-12-01,Turkey,0.0018692281442165034,0.0013226434698929094,0.0005465846743235941
2006-12-01,Spain,0.0,0.0005608737492448168,-0.0005608737492448168
2006-12-01,Vietnam,0.0,0.0,0.0
2006-12-01,Saudi Arabia,0.0,0.0,0.0
2007-01-01,Singapore,0.005795650059589568,0.0015317383126598229,0.004263911746929745
2007-01-01,Australia,3.410860711156433e-05,4.410456166139459e-05,-9.99595454983026e-06
2007-01-01,Canada,0.0,-7.620634964774539e-05,7.620634964774539e-05
2007-01-01,Germany,0.0013241105668930515,0.0003736507024491489,0.0009504598644439026
2007-01-01,Japan,0.0008025559381237143,0.000265406529403084,0.0005371494087206303
2007-01-01,Switzerland,0.0,0.0006474626233954172,-0.0006474626233954172
2007-01-01,U.K.,-1.4817831240471162e-05,-3.99568743920295e-05,2.513904315155834e-05
2007-01-01,NASDAQ,0.0,0.0006739777560691978,-0.0006739777560691978
2007-01-01,U.S.,0.0,0.0005096863841778805,-0.0005096863841778805
2007-01-01,France,0.0,-9.185517711894743e-05,9.185517711894743e-05
2007-01-01,Netherlands,0.0,9.221659034419466e-05,-9.221659034419466e-05
2007-01-01,Sweden,0.0,0.0004732030307569125,-0.0004732030307569125
2007-01-01,Italy,0.0,-1.5943972530422713e-05,1.5943972530422713e-05
2007-01-01,ChinaA,-0.0033329750468535212,-0.0013203544286369787,-0.0020126206182165427
2007-01-01,Chile,0.0029126634057812864,0.0015808733137059833,0.0013317900920753031
2007-01-01,Indonesia,0.0,-0.001587804987317324,0.001587804987317324
2007-01-01,Philippines,0.008866230628377988,0.0035240392017770188,0.0053421914266009694
2007-01-01,Poland,0.00455307263646278,0.0014594161359760887,0.0030936565004866913
2007-01-01,US SmallCap,0.0,0.00055301946495006,-0.00055301946495006
2007-01-01,Malaysia,0.0,0.003902662809028553,-0.003902662809028553
2007-01-01,Taiwan,0.0,-0.000707734459440426,0.000707734459440426
2007-01-01,Mexico,0.0,0.0009571839840219068,-0.0009571839840219068
2007-01-01,Korea,-0.0047403819018606965,-0.0013113165071340935,-0.003429065394726603
2007-01-01,Brazil,0.001468174062137593,0.0003232290146130614,0.0011449450475245317
2007-01-01,South Africa,0.0,-5.679845451062644e-05,5.679845451062644e-05
2007-01-01,Denmark,0.0,0.0010160039556666967,-0.0010160039556666967
2007-01-01,India,0.0,0.000981006804896913,-0.000981006804896913
2007-01-01,ChinaH,-0.0015639568933622902,-0.0011990596549568521,-0.00036489723840543806
2007-01-01,Hong Kong,0.0,0.0004372206311432008,-0.0004372206311432008
2007-01-01,Thailand,-0.0003351130707203817,-0.0009760139512895247,0.000640900880569143
2007-01-01,Turkey,0.002638328313891849,0.0020600892336180335,0.0005782390802738153
2007-01-01,Spain,0.0,0.0006294861291687798,-0.0006294861291687798
2007-01-01,Vietnam,0.0,0.0,0.0
2007-01-01,Saudi Arabia,0.0,0.0,0.0
2007-02-01,Singapore,0.0011438596263675025,0.0002985400478675949,0.0008453195784999076
2007-02-01,Australia,0.0011340467110070212,0.0015717909174089591,-0.00043774420640193797
2007-02-01,Canada,0.0,0.0002228965515790618,-0.0002228965515790618
2007-02-01,Germany,0.0009839957939520739,0.00030134039691838345,0.0006826553970336904
2007-02-01,Japan,0.0038537642720690413,0.0013787406199139492,0.002475023652155092
2007-02-01,Switzerland,0.0,-0.0007406300068407903,0.0007406300068407903
2007-02-01,U.K.,3.81163048315597e-05,0.00011028983130044554,-7.217352646888585e-05
2007-02-01,NASDAQ,0.0,-0.0006716319981311406,0.0006716319981311406
2007-02-01,U.S.,0.0,-0.0007200049322545544,0.0007200049322545544
2007-02-01,France,0.0,9.935365379804008e-06,-9.935365379804008e-06
2007-02-01,Netherlands,0.0,4.802711591479833e-05,-4.802711591479833e-05
2007-02-01,Sweden,0.0,-0.0012517441553346548,0.0012517441553346548
2007-02-01,Italy,0.0,-0.0003078144306183052,0.0003078144306183052
2007-02-01,ChinaA,-0.0013229007903718419,-0.00056982214297529,-0.0007530786473965519
2007-02-01,Chile,-0.0011243917260201166,-0.0005576124532231336,-0.000566779272796983
2007-02-01,Indonesia,0.0,-0.0011904624724074662,0.0011904624724074662
2007-02-01,Philippines,-0.006556017936735189,-0.0024763426431196707,-0.004079675293615519
2007-02-01,Poland,-0.006745281399529093,-0.0023089189938231137,-0.0044363624057059785
2007-02-01,US SmallCap,0.0,-0.0002882442976937007,0.0002882442976937007
2007-02-01,Malaysia,6.204432806354377e-05,0.0002292948267214473,-0.00016725049865790352
2007-02-01,Taiwan,0.0,0.0004888473718354967,-0.0004888473718354967
2007-02-01,Mexico,0.0,-0.0016309137028455401,0.0016309137028455401
2007-02-01,Korea,0.0036099831406477597,0.0011080924777258797,0.0025018906629218803
2007-02-01,Brazil,-0.004365842779690734,-0.000960700998204598,-0.0034051417814861358
2007-02-01,South Africa,0.0,0.00011831801946098792,-0.00011831801946098792
2007-02-01,Denmark,0.0,7.347889672906747e-05,-7.347889672906747e-05
2007-02-01,India,0.0,-0.0036214718690470073,0.0036214718690470073
2007-02-01,ChinaH,-0.0008754085737068288,-0.0005591785341400617,-0.0003162300395667671
2007-02-01,Hong Kong,-0.0003055854929202176,-0.0007655753158034779,0.0004599898228832603
2007-02-01,Thailand,0.00052797821290504,0.0016695853533778289,-0.001141607140472789
2007-02-01,Turkey,0.00010641787810454861,9.035037332329731e-05,1.6067504781251297e-05
2007-02-01,Spain,0.0,-0.00025767246794707944,0.00025767246794707944
2007-02-01,Vietnam,0.0,0.0,0.0
2007-02-01,Saudi Arabia,0.0,0.0,0.0
2007-03-01,Singapore,0.008367579390527019,0.0022309285771278256,0.006136650813399193
2007-03-01,Australia,0.0017218333477843975,0.0022345819243806448,-0.0005127485765962472
2007-03-01,Canada,0.0,0.0009415433943135476,-0.0009415433943135476
2007-03-01,Germany,0.005435290573916056,0.0016065411768970345,0.003828749397019021
2007-03-01,Japan,-0.0014293943241096957,-0.0006299302419413061,-0.0007994640821683897
2007-03-01,Switzerland,0.0,0.0008231133761668911,-0.0008231133761668911
2007-03-01,U.K.,0.0005831787002221222,0.0015788223052716262,-0.000995643605049504
2007-03-01,NASDAQ,0.0,9.777921926838435e-05,-9.777921926838435e-05
2007-03-01,U.S.,0.0,0.00038438665640561944,-0.00038438665640561944
2007-03-01,France,0.0,0.0010872593150859985,-0.0010872593150859985
2007-03-01,Netherlands,0.0,0.0024756636369951805,-0.0024756636369951805
2007-03-01,Sweden,0.0,0.0021396961032306783,-0.0021396961032306783
2007-03-01,Italy,0.0,0.0006455656964174505,-0.0006455656964174505
2007-03-01,ChinaA,0.002838063162277745,0.0013461621541596002,0.001491901008118145
2007-03-01,Chile,0.0022039274307814865,0.0015102748717578365,0.00069365255902365
2007-03-01,Indonesia,0.0,0.0023857994186633055,-0.0023857994186633055
2007-03-01,Philippines,0.006119920900351067,0.002185822576047575,0.0039340983243034925
2007-03-01,Poland,0.011628316521007459,0.004169439049563007,0.007458877471444452
2007-03-01,US SmallCap,0.0,0.0003678080785047619,-0.0003678080785047619
2007-03-01,Malaysia,0.001814282520794711,0.0027830349046876965,-0.0009687523838929856
2007-03-01,Taiwan,0.0,-0.0006920506992658188,0.0006920506992658188
2007-03-01,Mexico,0.0,0.002857250715775976,-0.002857250715775976
2007-03-01,Korea,0.00244311990326667,0.0008379462024826513,0.0016051737007840186
2007-03-01,Brazil,0.013387062912932495,0.0029422880886105754,0.01044477482432192
2007-03-01,South Africa,0.0,0.0019681730567740877,-0.0019681730567740877
2007-03-01,Denmark,0.0,0.0016149608239933331,-0.0016149608239933331
2007-03-01,India,0.0,0.0011211856387501695,-0.0011211856387501695
2007-03-01,ChinaH,0.0019358837594948834,0.0013611073567488508,0.0005747764027460326
2007-03-01,Hong Kong,0.00041719515659244667,0.0005092124704652535,-9.201731387280688e-05
2007-03-01,Thailand,0.00016089042909839024,0.0004891414210137248,-0.0003282509919153345
2007-03-01,Turkey,0.0023515661250825613,0.002194469972653303,0.00015709615242925825
2007-03-01,Spain,0.0,0.0011249839189619566,-0.0011249839189619566
2007-03-01,Vietnam,0.0,0.0,0.0
2007-03-01,Saudi Arabia,0.0,0.0,0.0
2007-04-01,Singapore,0.006490833951992746,0.0017324481607238135,0.004758385791268932
2007-04-01,Australia,0.0017366780010909212,0.002187788396965605,-0.00045111039587468374
2007-04-01,Canada,0.0,0.002095777313207389,-0.002095777313207389
2007-04-01,Germany,0.012628961040724588,0.00328436299533616,0.009344598045388428
2007-04-01,Japan,-0.0012364867695105301,-0.0006683386192570986,-0.0005681481502534315
2007-04-01,Switzerland,0.0,0.002332473063181975,-0.002332473063181975
2007-04-01,U.K.,0.0006609753690376221,0.0017457898279364295,-0.0010848144588988073
2007-04-01,NASDAQ,0.0,0.001476441294825042,-0.001476441294825042
2007-04-01,U.S.,0.0,0.0015274104504584677,-0.0015274104504584677
2007-04-01,France,0.0,0.0028766157131891804,-0.0028766157131891804
2007-04-01,Netherlands,0.0,0.003000029463328153,-0.003000029463328153
2007-04-01,Sweden,0.0,0.003905311212067581,-0.003905311212067581
2007-04-01,Italy,0.0010717037759206843,0.002556832390954358,-0.0014851286150336738
2007-04-01,ChinaA,0.0027088598517514056,0.0014000085615797737,0.001308851290171632
2007-04-01,Chile,0.006354030773970398,0.004496601448318349,0.0018574293256520494
2007-04-01,Indonesia,0.0,0.003167201995561177,-0.003167201995561177
2007-04-01,Philippines,0.0043284072044158396,0.0013234109691837488,0.003004996235232091
2007-04-01,Poland,0.005913973895584063,0.0024898250555610373,0.0034241488400230257
2007-04-01,US SmallCap,0.0,0.0006234289928961515,-0.0006234289928961515
2007-04-01,Malaysia,0.0029501769458913645,0.002875274240343165,7.490270554819968e-05
2007-04-01,Taiwan,0.0,-7.680666391180967e-05,7.680666391180967e-05
2007-04-01,Mexico,0.0,0.0007486812468525512,-0.0007486812468525512
2007-04-01,Korea,0.005506135901392047,0.0020840320288760335,0.003422103872516013
2007-04-01,Brazil,0.009926901691071664,0.002370337407055405,0.007556564284016258
2007-04-01,South Africa,0.0,0.0034878418175157385,-0.0034878418175157385
2007-04-01,Denmark,0.0,0.002658598636721335,-0.002658598636721335
2007-04-01,India,0.0,0.004422756981763099,-0.004422756981763099
2007-04-01,ChinaH,0.0018846740879894972,0.0014432946231674449,0.00044137946482205237
2007-04-01,Hong Kong,0.0009771728357799924,0.0008452577350264962,0.00013191510075349618
2007-04-01,Thailand,0.0006723728536267699,0.002034477661837699,-0.001362104808210929
2007-04-01,Turkey,0.0017233822308001662,0.002441053939404857,-0.000717671708604691
2007-04-01,Spain,0.0,0.00042089032883711963,-0.00042089032883711963
2007-04-01,Vietnam,0.0,0.0,0.0
2007-04-01,Saudi Arabia,0.0,0.0,0.0
2007-05-01,Singapore,0.008681272483838449,0.002103140301354264,0.0065781321824841844
2007-05-01,Australia,0.0005202338475550105,0.0006518327579657449,-0.00013159891041073445
2007-05-01,Canada,0.0,0.003167172930066248,-0.003167172930066248
2007-05-01,Germany,0.004973242477065733,0.001299267156229968,0.0036739753208357654
2007-05-01,Japan,0.0007999205188943752,0.0005450021605607661,0.0002549183583336091
2007-05-01,Switzerland,0.0,-0.0004958470713355001,0.0004958470713355001
2007-05-01,U.K.,0.0003235728832889978,0.0008529909486039875,-0.0005294180653149898
2007-05-01,NASDAQ,0.0,0.0011752361674329487,-0.0011752361674329487
2007-05-01,U.S.,0.0,0.001265695668810728,-0.001265695668810728
2007-05-01,France,0.0,0.00038949229097732087,-0.00038949229097732087
2007-05-01,Netherlands,0.0,-0.0003122494469239761,0.0003122494469239761
2007-05-01,Sweden,0.0,-0.0006083651960902725,0.0006083651960902725
2007-05-01,Italy,-0.00036154436750390425,-0.0008634398482736337,0.0005018954807697294
2007-05-01,ChinaA,0.004269366850597674,0.0027735866020019125,0.0014957802485957615
2007-05-01,Chile,0.0013232683304661695,0.0009662334964162416,0.00035703483404992786
2007-05-01,Indonesia,0.0,0.0018273135272621262,-0.0018273135272621262
2007-05-01,Philippines,0.01699951223828778,0.004617312614126179,0.0123821996241616
2007-05-01,Poland,0.0005948393283656048,0.00024948315147190256,0.0003453561768937022
2007-05-01,US SmallCap,0.0,0.001460869872531634,-0.001460869872531634
2007-05-01,Malaysia,0.002294482249000471,0.0016797010317741669,0.000614781217226304
2007-05-01,Taiwan,0.0,0.0013539832698146207,-0.0013539832698146207
2007-05-01,Mexico,0.0,0.00453760075225699,-0.00453760075225699
2007-05-01,Korea,0.006914805161852597,0.0030567991423199464,0.0038580060195326504
2007-05-01,Brazil,0.01828766417114661,0.004782711266127545,0.013504952905019064
2007-05-01,South Africa,0.0,-0.0015413923789497222,0.0015413923789497222
2007-05-01,Denmark,0.0,0.0008575977841487365,-0.0008575977841487365
2007-05-01,India,0.0,0.0028681152426419947,-0.0028681152426419947
2007-05-01,ChinaH,0.0045547195807567956,0.0027247845847177088,0.0018299349960390868
2007-05-01,Hong Kong,0.001157465451564606,0.0007528785476959997,0.00040458690386860623
2007-05-01,Thailand,0.0007475077801369008,0.0022977229702850505,-0.0015502151901481496
2007-05-01,Turkey,0.0014427726658031406,0.003580066359341627,-0.0021372936935384864
2007-05-01,Spain,0.0,0.0020098029393331588,-0.0020098029393331588
2007-05-01,Vietnam,0.0,0.0,0.0
2007-05-01,Saudi Arabia,0.0,0.0,0.0
2007-06-01,Singapore,0.001861474800066657,0.00045090912934732185,0.001410565670719335
2007-06-01,Australia,0.0010291200154917254,0.0012866673768816132,-0.00025754736138988775
2007-06-01,Canada,0.0,-5.4438952779808794e-05,5.4438952779808794e-05
2007-06-01,Germany,0.002998559047186698,0.0007820364822577301,0.002216522564928968
2007-06-01,Japan,-0.00011373578349337414,-0.00010587434816788414,-7.861435325489996e-06
2007-06-01,Switzerland,0.0,-0.0009453220656872002,0.0009453220656872002
2007-06-01,U.K.,0.00024965632345795834,0.0006616217866591194,-0.00041196546320116105
2007-06-01,NASDAQ,0.0,-3.2560337158136287e-07,3.2560337158136287e-07
2007-06-01,U.S.,0.0,-0.0006321530771343615,0.0006321530771343615
2007-06-01,France,0.0,-0.0003409177277437158,0.0003409177277437158
2007-06-01,Netherlands,0.0,-0.00010057912420297789,0.00010057912420297789
2007-06-01,Sweden,0.0,-0.0005865051272160804,0.0005865051272160804
2007-06-01,Italy,-0.0003510444366736112,-0.0008492426555065074,0.0004981982188328963
2007-06-01,ChinaA,0.007597341146158291,0.004876328102981083,0.002721013043177208
2007-06-01,Chile,0.004470231254780329,0.002520458508127739,0.0019497727466525898
2007-06-01,Indonesia,0.0,0.0012312459845122289,-0.0012312459845122289
2007-06-01,Philippines,0.01128211192792957,0.0027308391534024154,0.008551272774527153
2007-06-01,Poland,0.00490707125110902,0.0024962730661448654,0.0024107981849641543
2007-06-01,US SmallCap,0.0,-0.0005457463646175452,0.0005457463646175452
2007-06-01,Malaysia,-0.001270142217577955,-0.000722015312490662,-0.0005481269050872929
2007-06-01,Taiwan,0.0,0.0034333493406326658,-0.0034333493406326658
2007-06-01,Mexico,0.0,-0.00029846628075016655,0.00029846628075016655
2007-06-01,Korea,0.002456952053423731,0.0013157192468610205,0.0011412328065627103
2007-06-01,Brazil,0.006632324525304833,0.0019268675056580602,0.004705457019646773
2007-06-01,South Africa,0.0,-0.0007345391256423863,0.0007345391256423863
2007-06-01,Denmark,0.0,-0.001053061874431982,0.001053061874431982
2007-06-01,India,0.0,0.0003301985769658822,-0.0003301985769658822
2007-06-01,ChinaH,0.010312501384085557,0.004933034093791617,0.00537946729029394
2007-06-01,Hong Kong,0.0008192598810879519,0.0005376123280121211,0.0002816475530758308
2007-06-01,Thailand,0.0005993846393026384,0.0018669897326456944,-0.0012676050933430561
2007-06-01,Turkey,1.1877857163627401e-05,3.085063449690382e-05,-1.897277733327642e-05
2007-06-01,Spain,0.0,-0.000979843433869212,0.000979843433869212
2007-06-01,Vietnam,0.0,0.0,0.0
2007-06-01,Saudi Arabia,0.0,0.0,0.0
2007-07-01,Singapore,0.002258686567690506,0.0005446299895461978,0.001714056578144308
2007-07-01,Australia,-0.0004556862700959746,-0.0005686165933759503,0.00011293032327997572
2007-07-01,Canada,0.0,-9.848001229698054e-05,9.848001229698054e-05
2007-07-01,Germany,-0.006034143683400818,-0.0015642186217737126,-0.004469925061627106
2007-07-01,Japan,-5.212454170765594e-05,-7.489647610081887e-05,2.2771934393162924e-05
2007-07-01,Switzerland,0.0,-0.0006099864703813751,0.0006099864703813751
2007-07-01,U.K.,-0.00036881298879114146,-0.0009842794605805037,0.0006154664717893622
2007-07-01,NASDAQ,0.0,-0.0008273718929186886,0.0008273718929186886
2007-07-01,U.S.,0.0,-0.001178727021890637,0.001178727021890637
2007-07-01,France,0.0,-0.0014188337332133128,0.0014188337332133128
2007-07-01,Netherlands,0.0,-0.00014368686045965887,0.00014368686045965887
2007-07-01,Sweden,0.0,0.00013040388864204576,-0.00013040388864204576
2007-07-01,Italy,-0.0004351240685462537,-0.001070657092597539,0.0006355330240512854
2007-07-01,ChinaA,0.00764178357806562,0.004819937869212088,0.0028218457088535313
2007-07-01,Chile,-0.0023897022718987653,-0.0010880758655895215,-0.0013016264063092438
2007-07-01,Indonesia,0.0,0.003967473285526705,-0.003967473285526705
2007-07-01,Philippines,-0.0033609188664269927,-0.000812012465418441,-0.002548906401008552
2007-07-01,Poland,0.0004421274162387458,0.00028560944266243506,0.00015651797357631072
2007-07-01,US SmallCap,0.0,-0.0025955442424868856,0.0025955442424868856
2007-07-01,Malaysia,0.0015953909590942278,0.0007273937505270792,0.0008679972085671486
2007-07-01,Taiwan,0.0,0.000789443278134186,-0.000789443278134186
2007-07-01,Mexico,0.0,-0.001767454662415184,0.001767454662415184
2007-07-01,Korea,0.008695731556397414,0.004558159649572917,0.004137571906824497
2007-07-01,Brazil,0.006062282191910494,0.001978951780522202,0.004083330411388292
2007-07-01,South Africa,0.0,0.00010362561248541339,-0.00010362561248541339
2007-07-01,Denmark,0.0,0.001531860159302311,-0.001531860159302311
2007-07-01,India,0.0,0.0025839442844641358,-0.0025839442844641358
2007-07-01,ChinaH,0.010405076816886393,0.004888330299837238,0.005516746517049155
2007-07-01,Hong Kong,0.004116221813364059,0.002727758029143122,0.0013884637842209368
2007-07-01,Thailand,0.0018811977840506946,0.005902284083723812,-0.004021086299673117
2007-07-01,Turkey,0.005688531972731553,0.007075509126018146,-0.0013869771532865937
2007-07-01,Spain,0.0,0.0005733996511284541,-0.0005733996511284541
2007-07-01,Vietnam,0.0,0.0,0.0
2007-07-01,Saudi Arabia,0.0,0.0,0.0
2007-08-01,Singapore,-0.00724911876223743,-0.001577291854236745,-0.005671826908000685
2007-08-01,Australia,-0.00021882921491088968,-0.0005550675890151413,0.0003362383741042516
2007-08-01,Canada,0.0,1.6789296748462677e-05,-1.6789296748462677e-05
2007-08-01,Germany,0.00026444509035519986,6.835444867712597e-05,0.0001960906416780739
2007-08-01,Japan,-0.00036866571758233406,-0.001096548195452556,0.0007278824778702219
2007-08-01,Switzerland,0.0,-0.00020076548511891153,0.00020076548511891153
2007-08-01,U.K.,1.745921759545619e-05,4.7120844658896784e-05,-2.9661627063440594e-05
2007-08-01,NASDAQ,0.0,0.0008010231850010709,-0.0008010231850010709
2007-08-01,U.S.,0.0,0.0005632263158607774,-0.0005632263158607774
2007-08-01,France,0.0,-0.000720020507521538,0.000720020507521538
2007-08-01,Netherlands,0.0,-0.0011937898446158098,0.0011937898446158098
2007-08-01,Sweden,0.0,-0.0018639045845544539,0.0018639045845544539
2007-08-01,Italy,-6.461412542935703e-05,-0.0001621852331127546,9.757110768339756e-05
2007-08-01,ChinaA,0.0043250523114491445,0.003675351579251923,0.0006497007321972213
2007-08-01,Chile,-0.0007018404755580683,-0.0002680114998198567,-0.0004338289757382116
2007-08-01,Indonesia,0.0,-0.002768840400104251,0.002768840400104251
2007-08-01,Philippines,-0.013379388653982367,-0.0029128000869029142,-0.010466588567079453
2007-08-01,Poland,-0.00271351394456147,-0.002319438841130748,-0.00039407510343072213
2007-08-01,US SmallCap,0.0,0.0008170112682182186,-0.0008170112682182186
2007-08-01,Malaysia,-0.009257947230921873,-0.0035412323184805215,-0.005716714912441351
2007-08-01,Taiwan,0.0,-0.0014798727739889872,0.0014798727739889872
2007-08-01,Mexico,0.0,-0.00048226653601129857,0.00048226653601129857
2007-08-01,Korea,-0.003972287533091675,-0.0020816586865183423,-0.0018906288465733324
2007-08-01,Brazil,-0.00460958069436868,-0.0017145797334299584,-0.002895000960938722
2007-08-01,South Africa,0.0,-0.00025933150955878955,0.00025933150955878955
2007-08-01,Denmark,0.0,-0.00020076718360102078,0.00020076718360102078
2007-08-01,India,0.0,-0.0013740963510614967,0.0013740963510614967
2007-08-01,ChinaH,0.007588094490241183,0.0034822307472268835,0.004105863743014299
2007-08-01,Hong Kong,0.0003165711364677246,0.0002108162994637956,0.00010575483700392898
2007-08-01,Thailand,-0.0008885128753017827,-0.0027837243393048503,0.0018952114640030677
2007-08-01,Turkey,-0.004404485386772007,-0.003772642343284197,-0.0006318430434878101
2007-08-01,Spain,0.0,-0.000852909059731351,0.000852909059731351
2007-08-01,Vietnam,0.0,0.0,0.0
2007-08-01,Saudi Arabia,0.0,0.0,0.0
2007-09-01,Singapore,0.022896422315073307,0.004967716364994288,0.01792870595007902
2007-09-01,Australia,0.0,0.0061742323706227495,-0.0061742323706227495
2007-09-01,Canada,0.0,0.004081328232682019,-0.004081328232682019
2007-09-01,Germany,0.013143185094737568,0.0030741264678226703,0.010069058626914897
2007-09-01,Japan,0.0,0.00066810592994885,-0.00066810592994885
2007-09-01,Switzerland,0.0,0.0014308540263548745,-0.0014308540263548745
2007-09-01,U.K.,0.0005653839634269856,0.0015404124228223135,-0.000975028459395328
2007-09-01,NASDAQ,0.0,0.0016150047373234052,-0.0016150047373234052
2007-09-01,U.S.,0.0,0.0014481624343802187,-0.0014481624343802187
2007-09-01,France,0.0,0.0019799132388917864,-0.0019799132388917864
2007-09-01,Netherlands,0.0,0.0031761541774075796,-0.0031761541774075796
2007-09-01,Sweden,0.0,0.0027133535788536854,-0.0027133535788536854
2007-09-01,Italy,0.0005495332219813262,0.0014052099198536606,-0.0008556766978723344
2007-09-01,ChinaA,0.012391212321800547,0.010221702282893378,0.0021695100389071686
2007-09-01,Chile,0.0006773009709111673,0.00022297061999124794,0.0004543303509199193
2007-09-01,Indonesia,0.0,0.005368125048454994,-0.005368125048454994
2007-09-01,Philippines,0.016334403660579633,0.003545934522076267,0.012788469138503367
2007-09-01,Poland,0.0018756063507624214,0.002440230087189822,-0.0005646237364274006
2007-09-01,US SmallCap,0.0,0.0006458505021700141,-0.0006458505021700141
2007-09-01,Malaysia,0.01068104905802832,0.003505994643856667,0.007175054414171653
2007-09-01,Taiwan,0.0,0.0024090353989465263,-0.0024090353989465263
2007-09-01,Mexico,0.0,0.0003747505365957145,-0.0003747505365957145
2007-09-01,Korea,0.006514142077376199,0.003397417403854533,0.003116724673521666
2007-09-01,Brazil,0.021216126909069034,0.009202421778813728,0.012013705130255306
2007-09-01,South Africa,0.0,0.0028457587991484053,-0.0028457587991484053
2007-09-01,Denmark,0.0,0.0023012569429074134,-0.0023012569429074134
2007-09-01,India,0.0,0.0073919322304595815,-0.0073919322304595815
2007-09-01,ChinaH,0.02242411898392121,0.009986775709074159,0.012437343274847053
2007-09-01,Hong Kong,0.009751175175487643,0.006514796715825811,0.003236378459661832
2007-09-01,Thailand,0.0007846797964103375,0.0024615050572100563,-0.001676825260799719
2007-09-01,Turkey,0.011891739934282308,0.007694270749950261,0.004197469184332047
2007-09-01,Spain,0.0,0.002069303545055488,-0.002069303545055488
2007-09-01,Vietnam,0.0,0.0,0.0
2007-09-01,Saudi Arabia,0.0,0.0,0.0
2007-10-01,Singapore,0.009813932201110934,0.0021062110086036193,0.007707721192507315
2007-10-01,Australia,0.0,0.003505269926544466,-0.003505269926544466
2007-10-01,Canada,0.0,0.004303713347217214,-0.004303713347217214
2007-10-01,Germany,0.008966315234475254,0.002071619641337192,0.006894695593138062
2007-10-01,Japan,0.0,-0.0001574911700689117,0.0001574911700689117
2007-10-01,Switzerland,0.0,0.0007719287580492586,-0.0007719287580492586
2007-10-01,U.K.,0.0,0.002676943633970956,-0.002676943633970956
2007-10-01,NASDAQ,0.0,0.002460638994885175,-0.002460638994885175
2007-10-01,U.S.,0.0,0.0006520295303547505,-0.0006520295303547505
2007-10-01,France,0.0,0.0015683204518457134,-0.0015683204518457134
2007-10-01,Netherlands,0.0,0.0008150999424366662,-0.0008150999424366662
2007-10-01,Sweden,0.0,-0.0010226930687361596,0.0010226930687361596
2007-10-01,Italy,0.0005258504058588366,0.0013733590665566484,-0.0008475086606978119
2007-10-01,ChinaA,0.008092318038194431,0.010067989931989886,-0.0019756718937954543
2007-10-01,Chile,0.015385726235968945,0.004396445972887458,0.010989280263081488
2007-10-01,Indonesia,0.0,0.007802540286763043,-0.007802540286763043
2007-10-01,Philippines,0.017655953946276795,0.003790379323954918,0.013865574622321877
2007-10-01,Poland,0.004226168533873809,0.0054790141207646335,-0.0012528455868908248
2007-10-01,US SmallCap,0.0,0.001125014423054734,-0.001125014423054734
2007-10-01,Malaysia,0.012864336879134512,0.003654281968169966,0.009210054910964546
2007-10-01,Taiwan,0.0,0.002353715165798809,-0.002353715165798809
2007-10-01,Mexico,0.0,0.001987379095653247,-0.001987379095653247
2007-10-01,Korea,0.006262686438009617,0.003181828694864888,0.003080857743144729
2007-10-01,Brazil,0.016364120009341128,0.008504672792265062,0.007859447217076066
2007-10-01,South Africa,0.0,0.005953456125208312,-0.005953456125208312
2007-10-01,Denmark,0.0,0.0017969035503277244,-0.0017969035503277244
2007-10-01,India,0.0,0.008373195952963366,-0.008373195952963366
2007-10-01,ChinaH,0.022929033740115328,0.009862446388163165,0.013066587351952163
2007-10-01,Hong Kong,0.008018636945344614,0.0053463713177207125,0.0026722656276239017
2007-10-01,Thailand,0.0015925214874591316,0.005012477520776616,-0.0034199560333174842
2007-10-01,Turkey,0.011281821366194598,0.005776444313508032,0.005505377052686566
2007-10-01,Spain,0.0,0.004788729975630681,-0.004788729975630681
2007-10-01,Vietnam,0.0,0.0,0.0
2007-10-01,Saudi Arabia,0.0,0.0,0.0
2007-11-01,Singapore,-0.017491175569157903,-0.0036779631772423478,-0.013813212391915554
2007-11-01,Australia,0.0,-0.00369111450211834,0.00369111450211834
2007-11-01,Canada,0.0,-0.005584054456929612,0.005584054456929612
2007-11-01,Germany,-0.002572996538351498,-0.0005810649026256721,-0.001991931635725826
2007-11-01,Japan,0.0,-0.0007364206504473066,0.0007364206504473066
2007-11-01,Switzerland,0.0,5.511814509859696e-05,-5.511814509859696e-05
2007-11-01,U.K.,0.0,-0.002247522159449008,0.002247522159449008
2007-11-01,NASDAQ,0.0,-0.0030807946087740568,0.0030807946087740568
2007-11-01,U.S.,0.0,-0.001748066224649071,0.001748066224649071
2007-11-01,France,0.0,-0.0007694834636595706,0.0007694834636595706
2007-11-01,Netherlands,0.0,-0.001725013913872188,0.001725013913872188
2007-11-01,Sweden,0.0,-0.003375145396617635,0.003375145396617635
2007-11-01,Italy,-0.00027993530759133346,-0.0007478265374177395,0.000467891229826406
2007-11-01,ChinaA,-0.0036654818819491135,-0.009264517106468603,0.005599035224519489
2007-11-01,Chile,-0.017717270655658146,-0.0044534305519642525,-0.013263840103693893
2007-11-01,Indonesia,0.0,0.00044739220512912464,-0.00044739220512912464
2007-11-01,Philippines,-0.008968224776160478,-0.0020908848894389417,-0.006877339886721536
2007-11-01,Poland,-0.002929290434911481,-0.003784068980194566,0.0008547785452830848
2007-11-01,US SmallCap,0.0,-0.0029766911196242515,0.0029766911196242515
2007-11-01,Malaysia,-0.0042585190653437535,-0.0010573922611472962,-0.003201126804196457
2007-11-01,Taiwan,0.0,-0.005186598194583284,0.005186598194583284
2007-11-01,Mexico,0.0,-0.0024532116925155985,0.0024532116925155985
2007-11-01,Korea,-0.010082975492464109,-0.004912408064324362,-0.005170567428139747
2007-11-01,Brazil,-0.004605894553877482,-0.002950969505526358,-0.0016549250483511241
2007-11-01,South Africa,0.0,-0.0037473628026051557,0.0037473628026051557
2007-11-01,Denmark,0.0,-0.0018017807460078631,0.0018017807460078631
2007-11-01,India,0.0,-0.0010955323314220332,0.0010955323314220332
2007-11-01,ChinaH,-0.017648259600295514,-0.008943001398808464,-0.00870525820148705
2007-11-01,Hong Kong,-0.003756004009317657,-0.001945388694059712,-0.0018106153152579452
2007-11-01,Thailand,-0.001092676502675934,-0.003449780795426591,0.0023571042927506567
2007-11-01,Turkey,-0.010706114031885329,-0.004516200917624544,-0.006189913114260785
2007-11-01,Spain,0.0,6.432614637643856e-06,-6.432614637643856e-06
2007-11-01,Vietnam,0.0,0.0,0.0
2007-11-01,Saudi Arabia,0.0,0.0,0.0
2007-12-01,Singapore,0.0003056584726415805,6.331876178907417e-05,0.0002423397108525063
2007-12-01,Australia,0.0,-0.0016697989807489377,0.0016697989807489377
2007-12-01,Canada,0.0,0.001240125428605149,-0.001240125428605149
2007-12-01,Germany,0.003486173474936768,0.0007752281067408607,0.002710945368195907
2007-12-01,Japan,0.0,-0.0016034213927694867,0.0016034213927694867
2007-12-01,Switzerland,0.0,-0.001663484173038999,0.001663484173038999
2007-12-01,U.K.,0.0,-0.0011309588133473648,0.0011309588133473648
2007-12-01,NASDAQ,0.0,-0.00011440242343506969,0.00011440242343506969
2007-12-01,U.S.,0.0,-0.0002899552710325396,0.0002899552710325396
2007-12-01,France,0.0,-0.0006142350148907847,0.0006142350148907847
2007-12-01,Netherlands,0.0,6.668107340782487e-05,-6.668107340782487e-05
2007-12-01,Sweden,0.0,-0.0010598517693399681,0.0010598517693399681
2007-12-01,Italy,-0.00022590346539093977,-0.0006139755355403904,0.0003880720701494506
2007-12-01,ChinaA,0.0,-0.0025577003897999406,0.0025577003897999406
2007-12-01,Chile,-0.002932249021466064,-0.0006644154994418681,-0.002267833522024196
2007-12-01,Indonesia,0.0,0.00032870687234546963,-0.00032870687234546963
2007-12-01,Philippines,0.00667795138121495,0.0016950138324826295,0.004982937548732321
2007-12-01,Poland,-0.0005750289795321484,-0.0007439862164206984,0.00016895723688854997
2007-12-01,US SmallCap,0.0,-3.132018742213799e-05,3.132018742213799e-05
2007-12-01,Malaysia,0.012995017740647012,0.0029065212327998315,0.01008849650784718
2007-12-01,Taiwan,0.0,-0.0005553449408164673,0.0005553449408164673
2007-12-01,Mexico,0.0,-0.00042182551741165407,0.00042182551741165407
2007-12-01,Korea,0.00031293920869137395,0.00012678150235376483,0.00018615770633760912
2007-12-01,Brazil,0.00198751887399229,0.0016548766414960653,0.0003326422324962249
2007-12-01,South Africa,0.0,-0.001890838286391373,0.001890838286391373
2007-12-01,Denmark,0.0,4.840553018314052e-05,-4.840553018314052e-05
2007-12-01,India,0.0,0.004196439559933569,-0.004196439559933569
2007-12-01,ChinaH,-0.004001205867915765,-0.002469283621363301,-0.001531922246552464
2007-12-01,Hong Kong,0.00020452655532570576,8.815841122530952e-05,0.00011636814410039624
2007-12-01,Thailand,0.0,0.001064770337624996,-0.001064770337624996
2007-12-01,Turkey,0.0047489875575664415,0.0017005270325616637,0.0030484605250047777
2007-12-01,Spain,0.0,-0.0015516529130762439,0.0015516529130762439
2007-12-01,Vietnam,0.0,0.0,0.0
2007-12-01,Saudi Arabia,0.0,0.0,0.0
2008-01-01,Singapore,-0.02734647939202978,-0.0056232611821824255,-0.021723218209847354
2008-01-01,Australia,0.0,-0.003921661491009585,0.003921661491009585
2008-01-01,Canada,0.0,-0.0029400568152001937,0.0029400568152001937
2008-01-01,Germany,-0.02972094751906128,-0.00655951809235503,-0.02316142942670625
2008-01-01,Japan,0.0,-0.0017965467478903974,0.0017965467478903974
2008-01-01,Switzerland,0.0,-0.0023355825724122228,0.0023355825724122228
2008-01-01,U.K.,0.0,-0.0037977394991800147,0.0037977394991800147
2008-01-01,NASDAQ,0.0,-0.004240245450141742,0.004240245450141742
2008-01-01,U.S.,0.0,-0.0025128140787370108,0.0025128140787370108
2008-01-01,France,0.0,-0.005185714013987159,0.005185714013987159
2008-01-01,Netherlands,0.0,-0.005145847968047091,0.005145847968047091
2008-01-01,Sweden,0.0,-0.004537204206551984,0.004537204206551984
2008-01-01,Italy,-0.001481467640013666,-0.004090738874590424,0.0026092712345767584
2008-01-01,ChinaA,0.0,-0.011627904956493596,0.011627904956493596
2008-01-01,Chile,-0.0032712125259408017,-0.0007349177214115202,-0.0025362948045292814
2008-01-01,Indonesia,0.0,-0.0010653152666327474,0.0010653152666327474
2008-01-01,Philippines,-0.012627177205732856,-0.003494966229196308,-0.009132210976536548
2008-01-01,Poland,-0.0027314696458499454,-0.006317937350620142,0.003586467704770197
2008-01-01,US SmallCap,0.0,-0.002740467364708032,0.002740467364708032
2008-01-01,Malaysia,-0.0021692513477567428,-0.0004803523859416695,-0.0016888989618150732
2008-01-01,Taiwan,0.0,-0.004392356030694611,0.004392356030694611
2008-01-01,Mexico,0.0,-0.0005463310259681687,0.0005463310259681687
2008-01-01,Korea,-0.018692061791904073,-0.006581548526007802,-0.01211051326589627
2008-01-01,Brazil,-0.0039890002946288495,-0.004682741266819403,0.0006937409721905537
2008-01-01,South Africa,0.0,-0.005466071357213266,0.005466071357213266
2008-01-01,Denmark,0.0,-0.005126249369668403,0.005126249369668403
2008-01-01,India,0.0,-0.008460858565219066,0.008460858565219066
2008-01-01,ChinaH,-0.01494037295158108,-0.011623002293849041,-0.003317370657732039
2008-01-01,Hong Kong,-0.0158831207841505,-0.005957306011436193,-0.009925814772714306
2008-01-01,Thailand,-0.0011334710982272174,-0.003298750067329135,0.0021652789691019173
2008-01-01,Turkey,-0.0394718728672212,-0.012415615319365357,-0.027056257547855844
2008-01-01,Spain,0.0,-0.005607568387703266,0.005607568387703266
2008-01-01,Vietnam,0.0,0.0,0.0
2008-01-01,Saudi Arabia,0.0,0.0,0.0
2008-02-01,Singapore,0.007787195253812014,0.0015879789104091538,0.00619921634340286
2008-02-01,Australia,0.0,0.0013040130454406054,-0.0013040130454406054
2008-02-01,Canada,0.0,0.0026665008175949865,-0.0026665008175949865
2008-02-01,Germany,0.0026037989798172166,0.0005308826862581483,0.0020729162935590683
2008-02-01,Japan,0.0,0.0002522170246832516,-0.0002522170246832516
2008-02-01,Switzerland,0.0,0.0008408220432947411,-0.0008408220432947411
2008-02-01,U.K.,0.0,0.00038286715178773896,-0.00038286715178773896
2008-02-01,NASDAQ,0.0,-0.0019003834301998456,0.0019003834301998456
2008-02-01,U.S.,0.0,-0.0012934332256986096,0.0012934332256986096
2008-02-01,France,0.0,0.0006318392572050687,-0.0006318392572050687
2008-02-01,Netherlands,0.0,0.0009071049445201318,-0.0009071049445201318
2008-02-01,Sweden,0.0,0.002437253880555391,-0.002437253880555391
2008-02-01,Italy,-2.848526126592146e-05,-7.976220632100889e-05,5.1276945055087425e-05
2008-02-01,ChinaA,0.0,0.004503852589838688,-0.004503852589838688
2008-02-01,Chile,0.006966657101246403,0.001551609918522479,0.005415047182723924
2008-02-01,Indonesia,0.0,0.004156943800395356,-0.004156943800395356
2008-02-01,Philippines,-0.006270599630306623,-0.0018993247588904377,-0.004371274871416185
2008-02-01,Poland,0.0005440838199951863,0.001265817544406246,-0.0007217337244110597
2008-02-01,US SmallCap,0.0,-0.0014113472152262883,0.0014113472152262883
2008-02-01,Malaysia,-0.0006153282367702811,-0.00014554044142420932,-0.0004697877953460717
2008-02-01,Taiwan,0.0,0.005614567722574301,-0.005614567722574301
2008-02-01,Mexico,0.0,0.0002578228332544373,-0.0002578228332544373
2008-02-01,Korea,0.0057371087130267595,0.0017727612727502715,0.003964347440276488
2008-02-01,Brazil,0.003008354954334998,0.006129898660497886,-0.003121543706162888
2008-02-01,South Africa,0.0,0.0021778719802035685,-0.0021778719802035685
2008-02-01,Denmark,0.0,0.003537914446452628,-0.003537914446452628
2008-02-01,India,0.0,-0.001199030370118604,0.001199030370118604
2008-02-01,ChinaH,0.004054425753818587,0.004408096108086096,-0.00035367035426750893
2008-02-01,Hong Kong,-0.002671728904607492,-0.000992122373062957,-0.001679606531544535
2008-02-01,Thailand,0.004163216144942323,0.00608231829287418,-0.0019191021479318575
2008-02-01,Turkey,0.0011845389741676506,0.00033062802201329626,0.0008539109521543543
2008-02-01,Spain,0.0,0.000727258199118885,-0.000727258199118885
2008-02-01,Vietnam,0.0,0.0,0.0
2008-02-01,Saudi Arabia,0.0,0.0,0.0
2008-03-01,Singapore,0.003176311509057812,0.000643338833201715,0.0025329726758560973
2008-03-01,Australia,0.0,-0.0022492289019243354,0.0022492289019243354
2008-03-01,Canada,0.0,-0.002492093730811281,0.002492093730811281
2008-03-01,Germany,0.0021692790436952914,0.00043927889803710435,0.001730000145658187
2008-03-01,Japan,0.0,-0.0019212189286610252,0.0019212189286610252
2008-03-01,Switzerland,0.0,0.0005043393894012731,-0.0005043393894012731
2008-03-01,U.K.,0.0,-0.0003527873864316443,0.0003527873864316443
2008-03-01,NASDAQ,0.0,0.0001545452619253608,-0.0001545452619253608
2008-03-01,U.S.,0.0,-0.00016975017447173232,0.00016975017447173232
2008-03-01,France,0.0,0.000988904981458068,-0.000988904981458068
2008-03-01,Netherlands,0.0,0.0012700129783083025,-0.0012700129783083025
2008-03-01,Sweden,0.0,0.0008353265037676558,-0.0008353265037676558
2008-03-01,Italy,-0.00027673656705355995,-0.0007911552718395818,0.0005144187047860219
2008-03-01,ChinaA,0.0,-0.005514728018012188,0.005514728018012188
2008-03-01,Chile,0.0166539647691798,0.0033703294822870094,0.013283635286892791
2008-03-01,Indonesia,0.0,-0.006356066098180465,0.006356066098180465
2008-03-01,Philippines,-0.007092302347202189,-0.002464364079054421,-0.004627938268147768
2008-03-01,Poland,0.0,0.003075711534157091,-0.003075711534157091
2008-03-01,US SmallCap,0.0,0.00015656353130738532,-0.00015656353130738532
2008-03-01,Malaysia,-0.014415220124947075,-0.0037488902493000758,-0.010666329875646998
2008-03-01,Taiwan,0.0,0.0010739448982592821,-0.0010739448982592821
2008-03-01,Mexico,0.0,0.002432770096999933,-0.002432770096999933
2008-03-01,Korea,-0.00630309253604783,-0.0017022556470179064,-0.004600836889029923
2008-03-01,Brazil,0.0,-0.004170887901264529,0.004170887901264529
2008-03-01,South Africa,0.0,-0.0031269445922863163,0.0031269445922863163
2008-03-01,Denmark,0.0,0.0013429964521620636,-0.0013429964521620636
2008-03-01,India,0.0,-0.005990551200186579,0.005990551200186579
2008-03-01,ChinaH,-0.005160254172498543,-0.005489871096633168,0.0003296169241346252
2008-03-01,Hong Kong,-0.007270886186943643,-0.002672809013095378,-0.004598077173848265
2008-03-01,Thailand,-0.0011599142541338587,-0.0010747188289068424,-8.519542522701629e-05
2008-03-01,Turkey,-0.03196862024680326,-0.0078382664201932,-0.024130353826610062
2008-03-01,Spain,0.0,0.0021686986332089897,-0.0021686986332089897
2008-03-01,Vietnam,0.0,0.0,0.0
2008-03-01,Saudi Arabia,0.0,0.0,0.0
2008-04-01,Singapore,0.013655476783685148,0.002768125641740369,0.010887351141944779
2008-04-01,Australia,0.0,0.003423853427520965,-0.003423853427520965
2008-04-01,Canada,0.0,0.0030247280997957684,-0.0030247280997957684
2008-04-01,Germany,0.007175984947307055,0.0014541853914826924,0.005721799555824362
2008-04-01,Japan,0.0,0.0027833766058469028,-0.0027833766058469028
2008-04-01,Switzerland,0.0,-0.0001524438001205916,0.0001524438001205916
2008-04-01,U.K.,0.0,0.002786899285143417,-0.002786899285143417
2008-04-01,NASDAQ,0.0,0.0022861005865528958,-0.0022861005865528958
2008-04-01,U.S.,0.0,0.0019298255173564947,-0.0019298255173564947
2008-04-01,France,0.0,0.0016630007942234105,-0.0016630007942234105
2008-04-01,Netherlands,0.0,0.0011151217557076275,-0.0011151217557076275
2008-04-01,Sweden,0.0,0.0007604828602905308,-0.0007604828602905308
2008-04-01,Italy,0.0,0.0022540334480139826,-0.0022540334480139826
2008-04-01,ChinaA,0.0,0.006039201159981793,-0.006039201159981793
2008-04-01,Chile,-0.0022835628058000437,-0.0004974178908968567,-0.001786144914903187
2008-04-01,Indonesia,0.0,-0.002803744910803704,0.002803744910803704
2008-04-01,Philippines,-0.009789570713723862,-0.003967935799730192,-0.00582163491399367
2008-04-01,Poland,0.0,-0.0005964339260605456,0.0005964339260605456
2008-04-01,US SmallCap,0.0,0.0016170273566835955,-0.0016170273566835955
2008-04-01,Malaysia,0.004194070256715541,0.0010919166392373161,0.0031021536174782247
2008-04-01,Taiwan,0.0,0.0018822784124860048,-0.0018822784124860048
2008-04-01,Mexico,0.0,-0.0007828107117030144,0.0007828107117030144
2008-04-01,Korea,0.011302046987543515,0.002744061225228919,0.008557985762314596
2008-04-01,Brazil,0.0,0.00751498694256176,-0.00751498694256176
2008-04-01,South Africa,0.0,0.004801856774303296,-0.004801856774303296
2008-04-01,Denmark,0.0,-0.00038357388573056627,0.00038357388573056627
2008-04-01,India,0.0,0.004420509246907012,-0.004420509246907012
2008-04-01,ChinaH,0.005806921826107434,0.006095961878535926,-0.00028904005242849206
2008-04-01,Hong Kong,0.009161804319637333,0.0033774077315995026,0.005784396588037831
2008-04-01,Thailand,0.0013874072363103636,0.0009608741075741009,0.00042653312873626274
2008-04-01,Turkey,0.024210524751422317,0.005366286320493296,0.01884423843092902
2008-04-01,Spain,0.0,0.0012745145451487528,-0.0012745145451487528
2008-04-01,Vietnam,0.0,0.0,0.0
2008-04-01,Saudi Arabia,0.0,0.0,0.0
2008-05-01,Singapore,0.0014330033857374502,0.0003130939475555025,0.0011199094381819476
2008-05-01,Australia,0.0,0.0012329806263484415,-0.0012329806263484415
2008-05-01,Canada,0.0,0.0034560401851255577,-0.0034560401851255577
2008-05-01,Germany,0.0008444896874386429,0.00017089330206081154,0.0006735963853778314
2008-05-01,Japan,0.0,0.0010455717110542505,-0.0010455717110542505
2008-05-01,Switzerland,0.0,-0.00020023869739937977,0.00020023869739937977
2008-05-01,U.K.,0.0,-3.254110262508026e-06,3.254110262508026e-06
2008-05-01,NASDAQ,0.0,0.0019456122651711517,-0.0019456122651711517
2008-05-01,U.S.,0.0,0.0005445806502053903,-0.0005445806502053903
2008-05-01,France,0.0,0.00030914883800597725,-0.00030914883800597725
2008-05-01,Netherlands,0.0,2.548515836213406e-05,-2.548515836213406e-05
2008-05-01,Sweden,0.0,0.0007363601827704041,-0.0007363601827704041
2008-05-01,Italy,0.0,-0.0006853702956658033,0.0006853702956658033
2008-05-01,ChinaA,0.0,-0.00241504464892653,0.00241504464892653
2008-05-01,Chile,-0.0022046497671378415,-0.00047926014961647884,-0.0017253896175213625
2008-05-01,Indonesia,0.0,0.001936229357997876,-0.001936229357997876
2008-05-01,Philippines,-5.315478654276912e-05,-2.5835459437716705e-05,-2.7319327105052416e-05
2008-05-01,Poland,0.0,0.0013636545139478332,-0.0013636545139478332
2008-05-01,US SmallCap,0.0,0.001880822488926396,-0.001880822488926396
2008-05-01,Malaysia,-0.004419756726668441,-0.0012691739795979713,-0.0031505827470704696
2008-05-01,Taiwan,-0.0005231462180960901,-0.0014894592015628862,0.0009663129834667962
2008-05-01,Mexico,0.0,0.002662438819721557,-0.002662438819721557
2008-05-01,Korea,-0.0025536260198553745,-0.0005659302058917877,-0.001987695813963587
2008-05-01,Brazil,0.0,0.006243130417918591,-0.006243130417918591
2008-05-01,South Africa,0.0,0.0013779015394174367,-0.0013779015394174367
2008-05-01,Denmark,0.0,0.0027524278327357168,-0.0027524278327357168
2008-05-01,India,0.0,-0.004202395862479835,0.004202395862479835
2008-05-01,ChinaH,-0.0012176602192124318,-0.0023671727426634276,0.0011495125234509958
2008-05-01,Hong Kong,-0.0005889319440016016,-0.0002173757574759886,-0.000371556186525613
2008-05-01,Thailand,-0.0026739117722186113,-0.0014760787828329673,-0.001197832989385644
2008-05-01,Turkey,-0.004908802931052236,-0.0010943008545313876,-0.003814502076520848
2008-05-01,Spain,-0.00025577973414919514,-0.0007083891921230251,0.00045260945797382995
2008-05-01,Vietnam,0.0,0.0,0.0
2008-05-01,Saudi Arabia,0.0,0.0,0.0
2008-06-01,Singapore,-0.01579678724421393,-0.0034617067543893333,-0.012335080489824596
2008-06-01,Australia,0.0,-0.002966955907294894,0.002966955907294894
2008-06-01,Canada,0.0,-0.0017368466619623857,0.0017368466619623857
2008-06-01,Germany,-0.017213640786510415,-0.00349426848082483,-0.013719372305685585
2008-06-01,Japan,0.0,-0.0029803472858075815,0.0029803472858075815
2008-06-01,Switzerland,0.0,-0.0023044252614613705,0.0023044252614613705
2008-06-01,U.K.,0.0,-0.0025408331133870998,0.0025408331133870998
2008-06-01,NASDAQ,0.0,-0.003969444487104807,0.003969444487104807
2008-06-01,U.S.,0.0,-0.0036323210898156497,0.0036323210898156497
2008-06-01,France,0.0,-0.004412284391260381,0.004412284391260381
2008-06-01,Netherlands,0.0,-0.005581529539422307,0.005581529539422307
2008-06-01,Sweden,0.0,-0.006560822433955879,0.006560822433955879
2008-06-01,Italy,0.0,-0.004608954350210142,0.004608954350210142
2008-06-01,ChinaA,0.0,-0.005152273431217925,0.005152273431217925
2008-06-01,Chile,-0.01828151769335877,-0.004356581712202336,-0.013924935981156433
2008-06-01,Indonesia,0.0,-0.0012771725957162355,0.0012771725957162355
2008-06-01,Philippines,-0.010034435747110233,-0.006195352455784595,-0.0038390832913256373
2008-06-01,Poland,0.0,-0.004290885036341271,0.004290885036341271
2008-06-01,US SmallCap,0.0,-0.0033462812950273025,0.0033462812950273025
2008-06-01,Malaysia,-0.011525060687061418,-0.003762588986465174,-0.007762471700596244
2008-06-01,Taiwan,-0.0038421823499472764,-0.00513682092162761,0.0012946385716803331
2008-06-01,Mexico,0.0,-0.0040499874512296115,0.0040499874512296115
2008-06-01,Korea,-0.02562550725494415,-0.00520841824307507,-0.02041708901186908
2008-06-01,Brazil,0.0,-0.004605439802920968,0.004605439802920968
2008-06-01,South Africa,0.0,-0.004398731203257773,0.004398731203257773
2008-06-01,Denmark,0.0,-0.0028974666319044433,0.0028974666319044433
2008-06-01,India,0.0,-0.008087330595264995,0.008087330595264995
2008-06-01,ChinaH,0.0,-0.005187487899516358,0.005187487899516358
2008-06-01,Hong Kong,-0.014604761392550028,-0.00465171021398682,-0.009953051178563207
2008-06-01,Thailand,-0.011281008581461985,-0.005064100004540014,-0.00621690857692197
2008-06-01,Turkey,-0.018956886216135862,-0.0047342182960043,-0.014222667920131563
2008-06-01,Spain,-0.003482148497552032,-0.00459542922606129,0.001113280728509258
2008-06-01,Vietnam,0.0,0.0,0.0
2008-06-01,Saudi Arabia,0.0,0.0,0.0
2008-07-01,Singapore,-0.0007622740033473241,-0.00016826116614995846,-0.0005940128371973657
2008-07-01,Australia,0.0,-0.0027803495933851345,0.0027803495933851345
2008-07-01,Canada,0.0,-0.0032009112121670893,0.0032009112121670893
2008-07-01,Germany,-0.002060875622913125,-0.00042122323270975297,-0.001639652390203372
2008-07-01,Japan,0.0,-0.0013879195968965468,0.0013879195968965468
2008-07-01,Switzerland,0.0,-0.00020497565841413943,0.00020497565841413943
2008-07-01,U.K.,0.0,-0.0016218370263828448,0.0016218370263828448
2008-07-01,NASDAQ,0.0,0.0005825868616207645,-0.0005825868616207645
2008-07-01,U.S.,0.0,-0.00033407888551267135,0.00033407888551267135
2008-07-01,France,0.0,-0.0007974399532372726,0.0007974399532372726
2008-07-01,Netherlands,0.0,-0.0015522858414548247,0.0015522858414548247
2008-07-01,Sweden,0.0,-0.00031357337917027183,0.00031357337917027183
2008-07-01,Italy,0.0,-0.001715754381234262,0.001715754381234262
2008-07-01,ChinaA,0.0,0.0008159395609116501,-0.0008159395609116501
2008-07-01,Chile,0.00932822630297552,0.0024707777344654524,0.0068574485685100675
2008-07-01,Indonesia,0.0,3.5397826199159475e-05,-3.5397826199159475e-05
2008-07-01,Philippines,0.003075688857932588,0.0025990333244542184,0.0004766555334783694
2008-07-01,Poland,0.0,0.005155216433403973,-0.005155216433403973
2008-07-01,US SmallCap,0.0,0.0014993719911716402,-0.0014993719911716402
2008-07-01,Malaysia,-0.0012437185215211518,-0.00047395762732280324,-0.0007697608941983486
2008-07-01,Taiwan,-0.002690233182350012,-0.003611529286488034,0.0009212961041380218
2008-07-01,Mexico,0.0,-0.0018406966069387097,0.0018406966069387097
2008-07-01,Korea,-0.002828150709227527,-0.0005791869539771996,-0.0022489637552503276
2008-07-01,Brazil,-0.0016534817180563757,-0.0053187486251885085,0.003665266907132133
2008-07-01,South Africa,0.0,0.0009206350426408784,-0.0009206350426408784
2008-07-01,Denmark,0.0,-0.0011829977463663733,0.0011829977463663733
2008-07-01,India,0.0,0.002274763368958231,-0.002274763368958231
2008-07-01,ChinaH,0.0,0.0008392068523454459,-0.0008392068523454459
2008-07-01,Hong Kong,-0.0020180074004006146,-0.0005636563288368376,-0.001454351071563777
2008-07-01,Thailand,-0.014414602359058781,-0.005433394593946198,-0.008981207765112582
2008-07-01,Turkey,0.03194776093664858,0.009122625620114308,0.022825135316534267
2008-07-01,Spain,-0.0006399537716832588,-0.0005520467236226154,-8.790704806064338e-05
2008-07-01,Vietnam,0.0,0.0,0.0
2008-07-01,Saudi Arabia,0.0,0.0,0.0
2008-08-01,Singapore,-0.015301943979143615,-0.0033884129699521914,-0.011913531009191423
2008-08-01,Australia,-0.0006837455962083318,-0.0017013896779000104,0.0010176440816916787
2008-08-01,Canada,0.0,-0.0008226385186468181,0.0008226385186468181
2008-08-01,Germany,-0.011829002136995559,-0.0024246834274175436,-0.009404318709578016
2008-08-01,Japan,0.0,-0.001582871085386938,0.001582871085386938
2008-08-01,Switzerland,0.0,-0.00117677248805588,0.00117677248805588
2008-08-01,U.K.,0.0,-0.000904989748630111,0.000904989748630111
2008-08-01,NASDAQ,0.0,0.0007777437109094445,-0.0007777437109094445
2008-08-01,U.S.,0.0,0.000571860254628935,-0.000571860254628935
2008-08-01,France,0.0,-0.0013613311387158762,0.0013613311387158762
2008-08-01,Netherlands,0.0,0.00011854167746435709,-0.00011854167746435709
2008-08-01,Sweden,0.0,-0.00163182070530283,0.00163182070530283
2008-08-01,Italy,0.0,-0.0015831949482167282,0.0015831949482167282
2008-08-01,ChinaA,0.0,-0.002998720404797512,0.002998720404797512
2008-08-01,Chile,-0.008143675169240411,-0.0024010097165132246,-0.0057426654527271866
2008-08-01,Indonesia,0.0,-0.0028191461073487157,0.0028191461073487157
2008-08-01,Philippines,0.0005337204145473462,0.000674729703738652,-0.00014100928919130577
2008-08-01,Poland,0.0,-0.0061477362430872855,0.0061477362430872855
2008-08-01,US SmallCap,0.0,0.001515689018727029,-0.001515689018727029
2008-08-01,Malaysia,-0.0075071943086407345,-0.0034010584299508286,-0.004106135878689906
2008-08-01,Taiwan,-0.0005555575643864032,-0.0007548247644357408,0.0001992672000493376
2008-08-01,Mexico,0.0,-0.0017175358587328672,0.0017175358587328672
2008-08-01,Korea,-0.02259879783486838,-0.005090849444638192,-0.017507948390230187
2008-08-01,Brazil,-0.0014096710636393526,-0.004384988036016321,0.0029753169723769684
2008-08-01,South Africa,0.0,-0.0018167404419624025,0.0018167404419624025
2008-08-01,Denmark,-0.0007034888182595624,-0.0018906777395749574,0.0011871889213153951
2008-08-01,India,0.0,-0.00048323109502475714,0.00048323109502475714
2008-08-01,ChinaH,0.0,-0.002993872602176513,0.002993872602176513
2008-08-01,Hong Kong,-0.008055784562370804,-0.002011303798389333,-0.0060444807639814715
2008-08-01,Thailand,0.0021458257138549427,0.0006989342257825535,0.0014468914880723892
2008-08-01,Turkey,-0.012088546238825125,-0.0038666791149728403,-0.008221867123852285
2008-08-01,Spain,-0.0044016540911174,-0.0028212897705334463,-0.0015803643205839534
2008-08-01,Vietnam,0.0,0.0,0.0
2008-08-01,Saudi Arabia,0.0,0.0,0.0
2008-09-01,Singapore,-0.025387888093638657,-0.0056404377591745,-0.019747450334464157
2008-09-01,Australia,-0.0024729787395815633,-0.006141577997214608,0.003668599257633045
2008-09-01,Canada,0.0,-0.005804298060520819,0.005804298060520819
2008-09-01,Germany,-0.024186803875074415,-0.005408584054772685,-0.01877821982030173
2008-09-01,Japan,0.0,-0.004554538820353764,0.004554538820353764
2008-09-01,Switzerland,0.0,-0.003985364991185662,0.003985364991185662
2008-09-01,U.K.,0.0,-0.005660260599396847,0.005660260599396847
2008-09-01,NASDAQ,0.0,-0.0047920193783231695,0.0047920193783231695
2008-09-01,U.S.,0.0,-0.0035754065323426037,0.0035754065323426037
2008-09-01,France,0.0,-0.005431085927968714,0.005431085927968714
2008-09-01,Netherlands,0.0,-0.0070358154756054,0.0070358154756054
2008-09-01,Sweden,0.0,-0.0066719011442621535,0.0066719011442621535
2008-09-01,Italy,0.0,-0.0053429175663905456,0.0053429175663905456
2008-09-01,ChinaA,0.0,-0.007082924151956337,0.007082924151956337
2008-09-01,Chile,-0.014180101218833053,-0.0042074321592361335,-0.00997266905959692
2008-09-01,Indonesia,0.0,-0.008526174593188898,0.008526174593188898
2008-09-01,Philippines,-0.0008958605990446981,-0.002198767954450443,0.001302907355405745
2008-09-01,Poland,-0.0019250635988722618,-0.005083440517986149,0.0031583769191138866
2008-09-01,US SmallCap,0.0,-0.00345266743544617,0.00345266743544617
2008-09-01,Malaysia,-0.006752284859691685,-0.003086214570140325,-0.00366607028955136
2008-09-01,Taiwan,-0.005028494588467849,-0.0068847248413487945,0.0018562302528809457
2008-09-01,Mexico,0.0,-0.0044277125685766505,0.0044277125685766505
2008-09-01,Korea,-0.012329276007994605,-0.0031000418238574723,-0.009229234184137132
2008-09-01,Brazil,-0.0029669365252996474,-0.008945541846937239,0.005978605321637591
2008-09-01,South Africa,0.0,-0.0059947944618118,0.0059947944618118
2008-09-01,Denmark,-0.0030981115374960596,-0.008275335100471529,0.005177223562975469
2008-09-01,India,0.0,-0.006456099968613513,0.006456099968613513
2008-09-01,ChinaH,0.0,-0.0072347464119982,0.0072347464119982
2008-09-01,Hong Kong,-0.02743431140561732,-0.006213867246076486,-0.021220444159540833
2008-09-01,Thailand,-0.013271636743076248,-0.004322373803114763,-0.008949262939961485
2008-09-01,Turkey,-0.016330521541806524,-0.005242121528552065,-0.011088400013254458
2008-09-01,Spain,-0.0071392727679738775,-0.0036413988002026577,-0.00349787396777122
2008-09-01,Vietnam,0.0,0.0,0.0
2008-09-01,Saudi Arabia,0.0,0.0,0.0
2008-10-01,Singapore,-0.0414321924856638,-0.009202765146463635,-0.032229427339200166
2008-10-01,Australia,-0.0031343351306176827,-0.007824458631380687,0.004690123500763004
2008-10-01,Canada,0.0,-0.009342429166588426,0.009342429166588426
2008-10-01,Germany,-0.03278635527192211,-0.00733174850247629,-0.025454606769445824
2008-10-01,Japan,-0.002077328732056327,-0.004980447470857148,0.0029031187388008214
2008-10-01,Switzerland,0.0,-0.004281829479007385,0.004281829479007385
2008-10-01,U.K.,0.0,-0.006180904894814737,0.006180904894814737
2008-10-01,NASDAQ,0.0,-0.006404913265410056,0.006404913265410056
2008-10-01,U.S.,0.0,-0.006090252668066471,0.006090252668066471
2008-10-01,France,-0.003151009532723182,-0.007250553938317776,0.004099544405594594
2008-10-01,Netherlands,0.0,-0.007686280007221374,0.007686280007221374
2008-10-01,Sweden,0.0,-0.007953167294649828,0.007953167294649828
2008-10-01,Italy,0.0,-0.0071709213214515635,0.0071709213214515635
2008-10-01,ChinaA,0.0,-0.006295808746755977,0.006295808746755977
2008-10-01,Chile,-0.030502696174649326,-0.009130694393143225,-0.0213720017815061
2008-10-01,Indonesia,0.0,-0.011327559245075199,0.011327559245075199
2008-10-01,Philippines,0.0,-0.008292546401873595,0.008292546401873595
2008-10-01,Poland,-0.0042242962417785995,-0.01108983680530544,0.00686554056352684
2008-10-01,US SmallCap,-0.002923182380980281,-0.008179530802561799,0.005256348421581518
2008-10-01,Malaysia,-0.0095413987057628,-0.005519016460008609,-0.004022382245754191
2008-10-01,Taiwan,-0.00401314765951937,-0.005554189088112903,0.0015410414285935339
2008-10-01,Mexico,0.0,-0.010462976625331091,0.010462976625331091
2008-10-01,Korea,-0.031414250121307864,-0.008916886408472916,-0.02249736371283495
2008-10-01,Brazil,-0.0031704712067630275,-0.0094536158132653,0.006283144606502271
2008-10-01,South Africa,0.0,-0.008301472476090262,0.008301472476090262
2008-10-01,Denmark,-0.0030404223003501017,-0.00810452316319691,0.005064100862846808
2008-10-01,India,0.0,-0.007978820220550515,0.007978820220550515
2008-10-01,ChinaH,0.0,-0.006313595866259302,0.006313595866259302
2008-10-01,Hong Kong,-0.027798126896688286,-0.0063469305919235525,-0.021451196304764733
2008-10-01,Thailand,-0.03652450119037909,-0.01034076796114682,-0.026183733229232266
2008-10-01,Turkey,-0.03225097045244778,-0.01187873674059648,-0.020372233711851297
2008-10-01,Spain,-0.016328699277869455,-0.008278715973705884,-0.008049983304163571
2008-10-01,Vietnam,0.0,0.0,0.0
2008-10-01,Saudi Arabia,0.0,0.0,0.0
2008-11-01,Singapore,-0.003122886849653643,-0.000694905947762408,-0.002427980901891235
2008-11-01,Australia,-0.0006605562011654895,-0.0016579293803058116,0.0009973731791403221
2008-11-01,Canada,0.0,-0.0014229954241485562,0.0014229954241485562
2008-11-01,Germany,-0.009770437151965223,-0.0021934123443910452,-0.007577024807574178
2008-11-01,Japan,-0.00028134057844884485,-0.00034711854414635676,6.577796569751191e-05
2008-11-01,Switzerland,0.0,-0.0027210822230628894,0.0027210822230628894
2008-11-01,U.K.,0.0,-0.001465913444340823,0.001465913444340823
2008-11-01,NASDAQ,0.0,-0.0031193942713228493,0.0031193942713228493
2008-11-01,U.S.,0.0,-0.0021241580854835444,0.0021241580854835444
2008-11-01,France,-0.0013043904132193653,-0.0014926341308822188,0.00018824371766285345
2008-11-01,Netherlands,0.0,-0.0013828046559600335,0.0013828046559600335
2008-11-01,Sweden,0.0,-0.000805971274092983,0.000805971274092983
2008-11-01,Italy,0.0,-0.0013966597346926732,0.0013966597346926732
2008-11-01,ChinaA,0.0,0.0009557974798703924,-0.0009557974798703924
2008-11-01,Chile,-0.002389629445262819,-0.0007244518634776152,-0.0016651775817852039
2008-11-01,Indonesia,0.0,-0.002253741121888757,0.002253741121888757
2008-11-01,Philippines,0.0,-0.00013548789709541838,0.00013548789709541838
2008-11-01,Poland,-0.0010306315599551644,-0.0027279901465482965,0.001697358586593132
2008-11-01,US SmallCap,-0.00260776731526546,-0.0036075604942426196,0.0009997931789771596
2008-11-01,Malaysia,-0.0004263220017535134,-0.00034195921088939907,-8.436279086411431e-05
2008-11-01,Taiwan,-0.001864828818591767,-0.002587352647292444,0.0007225238287006767
2008-11-01,Mexico,0.0,-0.0008363804443468747,0.0008363804443468747
2008-11-01,Korea,-0.00866188820943618,-0.00284916424666849,-0.00581272396276769
2008-11-01,Brazil,-0.0006190012677972378,-0.0018569188128774762,0.0012379175450802384
2008-11-01,South Africa,0.0,-0.000327812472756833,0.000327812472756833
2008-11-01,Denmark,-0.0006002170057425073,-0.0015942555527264487,0.0009940385469839415
2008-11-01,India,0.0,-0.0022263547634803434,0.0022263547634803434
2008-11-01,ChinaH,0.0,0.0009503854432534335,-0.0009503854432534335
2008-11-01,Hong Kong,-0.00050946575661129,-0.0001301692218013451,-0.00037929653480994486
2008-11-01,Thailand,-0.0036430017114169825,-0.0009069223042408355,-0.0027360794071761467
2008-11-01,Turkey,-0.005191202799234055,-0.0022785151594841347,-0.00291268763974992
2008-11-01,Spain,-0.0011250266897124832,-0.0005693701608226458,-0.0005556565288898374
2008-11-01,Vietnam,0.0,0.0,0.0
2008-11-01,Saudi Arabia,0.0,0.0,0.0
2008-12-01,Singapore,0.0073278985743782075,0.0016296581492637938,0.0056982404251144135
2008-12-01,Australia,0.0005863018034120474,0.001474958057031411,-0.0008886562536193636
2008-12-01,Canada,0.0,-0.0006523816106222171,0.0006523816106222171
2008-12-01,Germany,0.011550642715424041,0.002858248225561129,0.008692394489862912
2008-12-01,Japan,0.00256132063201604,0.0021974028799209735,0.0003639177520950664
2008-12-01,Switzerland,0.0,0.0023194915407306754,-0.0023194915407306754
2008-12-01,U.K.,-0.0002536192839182769,-0.0006758622435523579,0.000422242959634081
2008-12-01,NASDAQ,0.0,0.0007211350632182412,-0.0007211350632182412
2008-12-01,U.S.,0.0,0.0002867822857669534,-0.0002867822857669534
2008-12-01,France,0.002523764896232659,0.0019775339216916827,0.0005462309745409761
2008-12-01,Netherlands,0.0,0.002001687584606443,-0.002001687584606443
2008-12-01,Sweden,0.0,0.0012894913868304982,-0.0012894913868304982
2008-12-01,Italy,0.0,0.0014954618283002403,-0.0014954618283002403
2008-12-01,ChinaA,0.0,0.0024245873135426517,-0.0024245873135426517
2008-12-01,Chile,0.002161107549628801,0.000663055590109186,0.001498051959519615
2008-12-01,Indonesia,0.0,0.0032977631188977337,-0.0032977631188977337
2008-12-01,Philippines,0.0,-0.0003081977284246508,0.0003081977284246508
2008-12-01,Poland,0.0002988978317547279,0.0007984637048008782,-0.0004995658730461502
2008-12-01,US SmallCap,0.001665377184787935,0.0015264225545418436,0.00013895463024609137
2008-12-01,Malaysia,0.0013661267230954846,0.0016668623262917522,-0.00030073560319626757
2008-12-01,Taiwan,0.001231777835621302,0.0010631967485509842,0.00016858108707031787
2008-12-01,Mexico,0.0,0.0010512067197438644,-0.0010512067197438644
2008-12-01,Korea,0.008869687460789782,0.003412722198164525,0.005456965262625258
2008-12-01,Brazil,0.00012009851516724526,0.00036272916829114816,-0.00024263065312390291
2008-12-01,South Africa,0.0,0.0029062531391890536,-0.0029062531391890536
2008-12-01,Denmark,0.00030674573453591775,0.0008118471591407017,-0.0005051014246047839
2008-12-01,India,0.0,0.001873790927954772,-0.001873790927954772
2008-12-01,ChinaH,0.0,0.0024128555512835316,-0.0024128555512835316
2008-12-01,Hong Kong,0.0031805821524009395,0.0009026320563848231,0.0022779500960161164
2008-12-01,Thailand,0.011422489763244302,0.002851000228100134,0.008571489535144168
2008-12-01,Turkey,0.0025723981194074384,0.001360654734224226,0.0012117433851832125
2008-12-01,Spain,0.006106695455213828,0.003083329382033215,0.003023366073180613
2008-12-01,Vietnam,0.0,0.00013065938671821543,-0.00013065938671821543
2008-12-01,Saudi Arabia,0.0,0.0,0.0
2009-01-01,Singapore,-0.006246577396346445,-0.0013915573671055687,-0.004855020029240876
2009-01-01,Australia,-0.001281673245472336,-0.0032237301442907484,0.0019420568988184124
2009-01-01,Canada,0.0,-0.0007928133862108982,0.0007928133862108982
2009-01-01,Germany,-0.015804255469689506,-0.0042806300672877705,-0.011523625402401736
2009-01-01,Japan,-0.002927858551004606,-0.0019709005384831073,-0.0009569580125214985
2009-01-01,Switzerland,0.0,-0.003462916432524497,0.003462916432524497
2009-01-01,U.K.,-0.0010822263239611515,-0.0014769807732256976,0.0003947544492645461
2009-01-01,NASDAQ,0.0,-0.0016732718556484619,0.0016732718556484619
2009-01-01,U.S.,0.0,-0.0022658991148404002,0.0022658991148404002
2009-01-01,France,-0.005849554609566273,-0.003605607569303443,-0.00224394704026283
2009-01-01,Netherlands,0.0,-0.0019689369153444046,0.0019689369153444046
2009-01-01,Sweden,0.0,-0.002568553304428682,0.002568553304428682
2009-01-01,Italy,0.0,-0.0032845689581999515,0.0032845689581999515
2009-01-01,ChinaA,0.0,-0.002129969480445756,0.002129969480445756
2009-01-01,Chile,0.008771925782253968,0.00272318411944092,0.006048741662813048
2009-01-01,Indonesia,0.0,-0.0008910726495652762,0.0008910726495652762
2009-01-01,Philippines,0.0,-0.0005436238438996446,0.0005436238438996446
2009-01-01,Poland,-0.0019160549929761346,-0.005169501118096754,0.003253446125120619
2009-01-01,US SmallCap,-0.004337917657770828,-0.0030473401648646514,-0.001290577492906177
2009-01-01,Malaysia,-0.0004815609327105444,-0.0005819091862172398,0.0001003482535066954
2009-01-01,Taiwan,-0.002606441490515172,-0.0022495107330717024,-0.0003569307574434696
2009-01-01,Mexico,0.0,-0.002969871690986436,0.002969871690986436
2009-01-01,Korea,-0.0015816366629632312,-0.0007062365038234495,-0.0008754001591397817
2009-01-01,Brazil,0.00028745213702407134,0.0008796345848864388,-0.0005921824478623674
2009-01-01,South Africa,0.0,-0.002970002288551141,0.002970002288551141
2009-01-01,Denmark,-0.0001895526312621235,-0.0005012149988624473,0.00031166236760032386
2009-01-01,India,0.0,-0.0004901348244436072,0.0004901348244436072
2009-01-01,ChinaH,0.0,-0.0021070718603910473,0.0021070718603910473
2009-01-01,Hong Kong,0.0003892672951007442,0.00011051556714455614,0.00027875172795618805
2009-01-01,Thailand,-0.0034468355219059743,-0.0009493028716859599,-0.0024975326502200143
2009-01-01,Turkey,-0.0034636628298380734,-0.0022142498292923975,-0.001249413000545676
2009-01-01,Spain,-0.008174689957774005,-0.00409346265536014,-0.0040812273024138646
2009-01-01,Vietnam,0.0,-0.00023026647479036942,0.00023026647479036942
2009-01-01,Saudi Arabia,0.0,0.0,0.0
2009-02-01,Singapore,-0.011152608037633089,-0.0024779803095950274,-0.008674627728038061
2009-02-01,Australia,-0.00021506525929682404,-0.0005441843343928177,0.0003291190750959936
2009-02-01,Canada,0.0,-0.0018562734065065878,0.0018562734065065878
2009-02-01,Germany,-0.009755686759613703,-0.0026283900577381922,-0.007127296701875511
2009-02-01,Japan,-0.006023697155960289,-0.0032991018903656727,-0.002724595265594616
2009-02-01,Switzerland,0.0,-0.0027575313110680616,0.0027575313110680616
2009-02-01,U.K.,-0.0011863573579111216,-0.001610517390440103,0.0004241600325289815
2009-02-01,NASDAQ,0.0,-0.0015869484723216012,0.0015869484723216012
2009-02-01,U.S.,0.0,-0.0025935932319729156,0.0025935932319729156
2009-02-01,France,-0.004145568269599021,-0.002059602414947186,-0.0020859658546518345
2009-02-01,Netherlands,0.0,-0.0027120694875531655,0.0027120694875531655
2009-02-01,Sweden,0.0,-0.0007095148649266768,0.0007095148649266768
2009-02-01,Italy,0.0,-0.0028180835736222225,0.0028180835736222225
2009-02-01,ChinaA,0.0,-0.0007446229452397774,0.0007446229452397774
2009-02-01,Chile,-0.00046446018571999595,-0.00016098396005758555,-0.0003034762256624104
2009-02-01,Indonesia,0.0,-0.0018315866175851196,0.0018315866175851196
2009-02-01,Philippines,0.0,9.89850202054746e-05,-9.89850202054746e-05
2009-02-01,Poland,-0.0011644936968820227,-0.0032194170971930544,0.002054923400311032
2009-02-01,US SmallCap,-0.005231318554506342,-0.002922295267346847,-0.0023090232871594953
2009-02-01,Malaysia,-0.00025430569745628817,-0.0003052834399232355,5.097774246694731e-05
2009-02-01,Taiwan,0.0009258475359172837,0.0008001770485718922,0.0001256704873453915
2009-02-01,Mexico,0.0,-0.0027164523761335864,0.0027164523761335864
2009-02-01,Korea,-0.007076964825515326,-0.0037524297665178915,-0.0033245350589974345
2009-02-01,Brazil,-0.00018902335609042784,-0.000580574392699498,0.0003915510366090701
2009-02-01,South Africa,0.0,-0.0016592696601784036,0.0016592696601784036
2009-02-01,Denmark,-0.0008529048896932768,-0.0022407141931696578,0.001387809303476381
2009-02-01,India,0.0,-0.0021767963767410567,0.0021767963767410567
2009-02-01,ChinaH,0.0,-0.0007422337150701114,0.0007422337150701114
2009-02-01,Hong Kong,-0.004145774635570283,-0.001174327449856022,-0.0029714471857142607
2009-02-01,Thailand,-0.003148881036753748,-0.000963038342317651,-0.002185842694436097
2009-02-01,Turkey,-0.0027156139742169545,-0.0022424268663127907,-0.0004731871079041638
2009-02-01,Spain,-0.0057590118508509085,-0.002418719659878939,-0.0033402921909719695
2009-02-01,Vietnam,0.0,-0.0011490215092899725,0.0011490215092899725
2009-02-01,Saudi Arabia,0.0,0.0,0.0
2009-03-01,Singapore,0.007315804577154654,0.0016202540078311604,0.0056955505693234935
2009-03-01,Australia,0.001290136998734846,0.0032720439431082314,-0.0019819069443733853
2009-03-01,Canada,0.0,0.0018589445763937675,-0.0018589445763937675
2009-03-01,Germany,0.006289645679389062,0.001948253802502401,0.004341391876886661
2009-03-01,Japan,0.0006361407807800608,0.0002798858970591965,0.0003562548837208643
2009-03-01,Switzerland,0.0,0.0016789903527855388,-0.0016789903527855388
2009-03-01,U.K.,0.0006788919310237757,0.000912965270057567,-0.00023407333903379128
2009-03-01,NASDAQ,0.0,0.002452686593604008,-0.002452686593604008
2009-03-01,U.S.,0.0008184887703594523,0.0018738145636817286,-0.0010553257933222763
2009-03-01,France,0.0032604144660121383,0.0016167564597351928,0.0016436580062769454
2009-03-01,Netherlands,0.0,0.0006657298753329277,-0.0006657298753329277
2009-03-01,Sweden,0.0,0.0018608103590737168,-0.0018608103590737168
2009-03-01,Italy,0.0,0.0012517364717053293,-0.0012517364717053293
2009-03-01,ChinaA,0.0,0.003189710373349564,-0.003189710373349564
2009-03-01,Chile,0.0023461253709432515,0.0008300214190515622,0.0015161039518916892
2009-03-01,Indonesia,0.0,0.0036282414263187,-0.0036282414263187
2009-03-01,Philippines,0.0,0.002179331246403269,-0.002179331246403269
2009-03-01,Poland,0.0006681702793927723,0.001937764831442615,-0.0012695945520498427
2009-03-01,US SmallCap,0.004202741610628294,0.0018459185110147273,0.0023568230996135666
2009-03-01,Malaysia,9.35879803036053e-05,0.0001105174403848055,-1.6929460081200202e-05
2009-03-01,Taiwan,0.0038385436399061795,0.003318832917651597,0.0005197107222545826
2009-03-01,Mexico,0.0,0.00244569688299996,-0.00244569688299996
2009-03-01,Korea,0.007438958695742361,0.0051386795105418685,0.0023002791852004927
2009-03-01,Brazil,0.0006880910301178304,0.002128370715123817,-0.0014402796850059867
2009-03-01,South Africa,0.0,0.003934863916325102,-0.003934863916325102
2009-03-01,Denmark,3.5788900361557916e-05,9.396884378216098e-05,-5.8179943420603066e-05
2009-03-01,India,0.0,0.0023750763165952204,-0.0023750763165952204
2009-03-01,ChinaH,0.0,0.0031645915079396435,-0.0031645915079396435
2009-03-01,Hong Kong,0.0033397983785077223,0.0009470222615238521,0.00239277611698387
2009-03-01,Thailand,0.002084991792865503,0.0007304271061018751,0.0013545646867636277
2009-03-01,Turkey,0.0012738575617291413,0.0016347250441543753,-0.00036086748242523405
2009-03-01,Spain,0.00419976399423874,0.0014675466629459322,0.002732217331292808
2009-03-01,Vietnam,0.0,0.0008637000483149941,-0.0008637000483149941
2009-03-01,Saudi Arabia,0.0,0.0,0.0
2009-04-01,Singapore,0.0170455593954887,0.0037694895187362705,0.013276069876752429
2009-04-01,Australia,0.0009709138702909832,0.002448935225101821,-0.0014780213548108378
2009-04-01,Canada,0.0,0.002994882035049723,-0.002994882035049723
2009-04-01,Germany,0.008970685236337043,0.0031839976759443682,0.0057866875603926745
2009-04-01,Japan,0.005897599080448215,0.0021878988331107975,0.0037097002473374173
2009-04-01,Switzerland,0.0,0.0015365947227891856,-0.0015365947227891856
2009-04-01,U.K.,0.0021350768745518212,0.0028618539707917917,-0.0007267770962399705
2009-04-01,NASDAQ,0.0,0.002995576692521782,-0.002995576692521782
2009-04-01,U.S.,0.0009724057703075624,0.00219496894828676,-0.0012225631779791976
2009-04-01,France,0.005353723843263821,0.0026650226694709344,0.0026887011737928867
2009-04-01,Netherlands,0.0,0.002261208944387397,-0.002261208944387397
2009-04-01,Sweden,0.0,0.004976790494599669,-0.004976790494599669
2009-04-01,Italy,0.0,0.00364231969403795,-0.00364231969403795
2009-04-01,ChinaA,0.0,0.002763760223251045,-0.002763760223251045
2009-04-01,Chile,0.006521086920450039,0.002030590731313489,0.00449049618913655
2009-04-01,Indonesia,0.0,0.006987320679006029,-0.006987320679006029
2009-04-01,Philippines,0.0,0.00197469987553425,-0.00197469987553425
2009-04-01,Poland,0.0013437665918726212,0.004083452762341609,-0.0027396861704689877
2009-04-01,US SmallCap,0.00929374691449914,0.0034318957561551935,0.005861851158343947
2009-04-01,Malaysia,0.0032694501546381544,0.004095909743917329,-0.0008264595892791744
2009-04-01,Taiwan,0.00489432151345372,0.0042318992344137244,0.0006624222790399953
2009-04-01,Mexico,0.0,0.003001446737212797,-0.003001446737212797
2009-04-01,Korea,0.005114025984778416,0.004711815763759921,0.00040221022101849524
2009-04-01,Brazil,0.0013915499223155945,0.0043098400124948,-0.0029182900901792057
2009-04-01,South Africa,0.0,0.002919143187761696,-0.002919143187761696
2009-04-01,Denmark,0.001372386338070681,0.0036486742145518934,-0.0022762878764812124
2009-04-01,India,0.0,0.004257905887466999,-0.004257905887466999
2009-04-01,ChinaH,0.0,0.002756302574505152,-0.002756302574505152
2009-04-01,Hong Kong,0.014180768947768034,0.004026222112981792,0.010154546834786242
2009-04-01,Thailand,0.010533189923705017,0.00424345643451914,0.006289733489185877
2009-04-01,Turkey,0.004489703241448574,0.005757287595213013,-0.0012675843537644392
2009-04-01,Spain,0.009930906977608225,0.0034885273044629518,0.006442379673145274
2009-04-01,Vietnam,0.0,0.0013515770043716184,-0.0013515770043716184
2009-04-01,Saudi Arabia,0.0,0.0,0.0
2009-05-01,Singapore,0.02834162827985138,0.0062764532593760185,0.02206517502047536
2009-05-01,Australia,0.0010941914439844633,0.0027618518339242587,-0.0016676603899397954
2009-05-01,Canada,0.0,0.005188794773677869,-0.005188794773677869
2009-05-01,Germany,0.004655698149849672,0.0019142409667195664,0.002741457183130106
2009-05-01,Japan,0.007882426486464379,0.002529273284116263,0.005353153202348116
2009-05-01,Switzerland,0.0,0.002291575936911288,-0.002291575936911288
2009-05-01,U.K.,0.0026902484966206145,0.003605597949163249,-0.0009153494525426346
2009-05-01,NASDAQ,0.0,0.0009252086469628312,-0.0009252086469628312
2009-05-01,U.S.,0.0006224229270176994,0.0013915354835053928,-0.0007691125564876933
2009-05-01,France,0.00608532598876034,0.002527731311402188,0.003557594677358152
2009-05-01,Netherlands,0.0,0.0027054118600985297,-0.0027054118600985297
2009-05-01,Sweden,0.0,0.0021496640771939335,-0.0021496640771939335
2009-05-01,Italy,0.0,0.0028338412918832013,-0.0028338412918832013
2009-05-01,ChinaA,0.0,0.004557824773402952,-0.004557824773402952
2009-05-01,Chile,0.017333746309898205,0.005418045196169818,0.011915701113728387
2009-05-01,Indonesia,0.0,0.0035098739652101663,-0.0035098739652101663
2009-05-01,Philippines,0.0016190521405769142,0.0046302900605780795,-0.0030112379200011655
2009-05-01,Poland,0.00027338163667065414,0.0008555250765495034,-0.0005821434398788493
2009-05-01,US SmallCap,0.002387318730894258,0.0007604321392401499,0.0016268865916541082
2009-05-01,Malaysia,0.0016231172843646532,0.001999021782652192,-0.00037590449828753866
2009-05-01,Taiwan,0.0035575712714426403,0.0043455391265929955,-0.0007879678551503551
2009-05-01,Mexico,0.0,0.004084017731520901,-0.004084017731520901
2009-05-01,Korea,0.0012749633581467233,0.0011633474090585142,0.00011161594908820909
2009-05-01,Brazil,0.0018628777001250978,0.005800766540519766,-0.0039378888403946676
2009-05-01,South Africa,0.0,0.004734949983450294,-0.004734949983450294
2009-05-01,Denmark,0.00115687919087505,0.0030901316110752957,-0.0019332524202002458
2009-05-01,India,0.0,0.009845318222857913,-0.009845318222857913
2009-05-01,ChinaH,0.0,0.004554261198212878,-0.004554261198212878
2009-05-01,Hong Kong,0.017692676011390067,0.005017891927467179,0.012674784083922887
2009-05-01,Thailand,0.00967429823047795,0.004530002142966612,0.005144296087511339
2009-05-01,Turkey,0.0032479342051239396,0.004155974708068848,-0.0009080405029449085
2009-05-01,Spain,0.007187883727631506,0.002907940880000553,0.004279942847630953
2009-05-01,Vietnam,0.0,0.001957652148269975,-0.001957652148269975
2009-05-01,Saudi Arabia,0.0,0.0,0.0
2009-06-01,Singapore,-0.000673743693120621,-0.00016249893817772002,-0.0005112447549429009
2009-06-01,Australia,0.000565559163436717,0.0014344506666747264,-0.0008688915032380093
2009-06-01,Canada,0.0,-0.0015992528098377828,0.0015992528098377828
2009-06-01,Germany,-0.0018007791477708316,-0.0008950338274702489,-0.0009057453203005826
2009-06-01,Japan,0.001664492319825102,0.00046635523389228575,0.0011981370859328161
2009-06-01,Switzerland,0.0,-0.0002523997574898428,0.0002523997574898428
2009-06-01,U.K.,-0.00014593906782998098,-0.00019526969398176163,4.933062615178064e-05
2009-06-01,NASDAQ,0.0,0.0009491068112135217,-0.0009491068112135217
2009-06-01,U.S.,2.3268773155815413e-05,5.187480143510915e-05,-2.860602827929374e-05
2009-06-01,France,-0.0028835036038408835,-0.0012073135002649928,-0.0016761901035758906
2009-06-01,Netherlands,0.0,-0.00033083233192608864,0.00033083233192608864
2009-06-01,Sweden,0.0,-4.641328937871462e-05,4.641328937871462e-05
2009-06-01,Italy,0.0,-0.0012178736064999162,0.0012178736064999162
2009-06-01,ChinaA,0.0,0.001175003762019516,-0.001175003762019516
2009-06-01,Chile,0.005270288522856276,0.0016042574183569162,0.00366603110449936
2009-06-01,Indonesia,0.0,0.0021995223102302037,-0.0021995223102302037
2009-06-01,Philippines,-8.10934535534387e-05,-0.0002262687352921949,0.0001451752817387562
2009-06-01,Poland,0.0003704947357624413,0.0012093687274388632,-0.0008388739916764219
2009-06-01,US SmallCap,0.0013688994647831345,0.0003793301786646068,0.0009895692861185278
2009-06-01,Malaysia,0.0011077337063093962,0.0009098131472108748,0.00019792055909852147
2009-06-01,Taiwan,-0.0011021297187913063,-0.002503247143539026,0.0014011174247477195
2009-06-01,Mexico,0.0,0.00026654886557643515,-0.00026654886557643515
2009-06-01,Korea,-0.0002895970912533257,-0.00025806985061222626,-3.152724064109944e-05
2009-06-01,Brazil,-0.0004046371384814499,-0.0012695715959901359,0.000864934457508686
2009-06-01,South Africa,2.930270088969652e-05,7.888929969812382e-05,-4.95865988084273e-05
2009-06-01,Denmark,1.7648730259258504e-05,4.762606885559705e-05,-2.9977338596338543e-05
2009-06-01,India,0.0,-0.0007825751382598233,0.0007825751382598233
2009-06-01,ChinaH,0.0,0.0011628470971088043,-0.0011628470971088043
2009-06-01,Hong Kong,-0.0018145946968466753,-0.0005154652868899193,-0.001299129409956756
2009-06-01,Thailand,0.0057428153177536845,0.0032618042497518274,0.002481011068001857
2009-06-01,Turkey,0.0015553974135037382,0.001312484754924332,0.00024291265857940615
2009-06-01,Spain,0.0023109384264625703,0.0011209114397500457,0.0011900269867125247
2009-06-01,Vietnam,0.0,0.0005612373121070927,-0.0005612373121070927
2009-06-01,Saudi Arabia,0.0,0.0,0.0
2009-07-01,Singapore,0.020494755387330893,0.004946757191991618,0.015547998195339275
2009-07-01,Australia,0.0012204367017216403,0.003108549592808692,-0.0018881128910870515
2009-07-01,Canada,0.0,0.0033864151831572865,-0.0033864151831572865
2009-07-01,Germany,0.00481984168179501,0.0030146334646191583,0.001805208217175852
2009-07-01,Japan,0.004665738071237488,0.0011658923456601407,0.0034998457255773475
2009-07-01,Switzerland,0.0,0.002929729504411528,-0.002929729504411528
2009-07-01,U.K.,0.0019608418255307306,0.002633750818294694,-0.0006729089927639633
2009-07-01,NASDAQ,0.0,0.0022047450886616147,-0.0022047450886616147
2009-07-01,U.S.,0.0008909466879199491,0.001985112088322264,-0.0010941654004023148
2009-07-01,France,0.0063461241749961424,0.002692278010678597,0.0036538461643175453
2009-07-01,Netherlands,0.0,0.0037232923338428926,-0.0037232923338428926
2009-07-01,Sweden,0.0,0.00522293479382308,-0.00522293479382308
2009-07-01,Italy,0.0,0.0021659039220163832,-0.0021659039220163832
2009-07-01,ChinaA,0.0,0.0035448963688100776,-0.0035448963688100776
2009-07-01,Chile,0.0032226292546732576,0.0009517037155686184,0.0022709255391046394
2009-07-01,Indonesia,0.0,0.008477007667613641,-0.008477007667613641
2009-07-01,Philippines,0.0018553328557726174,0.00500804288171607,-0.0031527100259434527
2009-07-01,Poland,0.0020834578475089844,0.007051415465479818,-0.004967957617970834
2009-07-01,US SmallCap,0.01024752508610424,0.002524122668636792,0.0077234024174674485
2009-07-01,Malaysia,0.005268861521161862,0.0032519693083608403,0.0020168922128010213
2009-07-01,Taiwan,0.001362514896415394,0.0030922474435549603,-0.0017297325471395664
2009-07-01,Mexico,0.0,0.0030280727508027712,-0.0030280727508027712
2009-07-01,Korea,0.006330116177162283,0.005580396880638816,0.0007497192965234675
2009-07-01,Brazil,0.0,0.0028012349175825786,-0.0028012349175825786
2009-07-01,South Africa,0.0007348450471534806,0.0019459761394889764,-0.0012111310923354959
2009-07-01,Denmark,0.0007199497913670432,0.0019705736987017265,-0.0012506239073346833
2009-07-01,India,0.0,0.0029788594672714827,-0.0029788594672714827
2009-07-01,ChinaH,0.0,0.0035397749363219495,-0.0035397749363219495
2009-07-01,Hong Kong,0.015076087139681758,0.004300293278261213,0.010775793861420545
2009-07-01,Thailand,0.0019022588829856408,0.0013678588093181047,0.000534400073667536
2009-07-01,Turkey,0.010443730816008832,0.006607656102335792,0.00383607471367304
2009-07-01,Spain,0.006512587155696798,0.003932241638881382,0.0025803455168154155
2009-07-01,Vietnam,0.0,0.0018515585196044867,-0.0018515585196044867
2009-07-01,Saudi Arabia,0.0,0.0,0.0
2009-08-01,Singapore,-0.003869747923344146,-0.000932082262442223,-0.0029376656609019234
2009-08-01,Australia,0.0,0.002781426765737851,-0.002781426765737851
2009-08-01,Canada,0.0,-0.0004543685193524265,0.0004543685193524265
2009-08-01,Germany,0.0014603316139525876,0.0012128254300235563,0.0002475061839290313
2009-08-01,Japan,0.004999873528372034,0.0011208877217641915,0.0038789858066078423
2009-08-01,Switzerland,0.0,0.0019010939844754406,-0.0019010939844754406
2009-08-01,U.K.,0.0014633669180437602,0.0019697331154278526,-0.0005063661973840924
2009-08-01,NASDAQ,0.0,0.0005032772371015168,-0.0005032772371015168
2009-08-01,U.S.,0.00045722609580130995,0.0010212562480142026,-0.0005640301522128927
2009-08-01,France,0.005233205594563166,0.0022472501434086,0.002985955451154566
2009-08-01,Netherlands,0.0,0.001681694295693776,-0.001681694295693776
2009-08-01,Sweden,0.0,0.0018483913950895058,-0.0018483913950895058
2009-08-01,Italy,0.0,0.0026717473862433007,-0.0026717473862433007
2009-08-01,ChinaA,0.0,-0.002518988469822825,0.002518988469822825
2009-08-01,Chile,-0.005697316523007681,-0.00148386636286664,-0.004213450160141041
2009-08-01,Indonesia,0.0,-0.00031359320407977866,0.00031359320407977866
2009-08-01,Philippines,-0.00012949344109533254,-0.00034000182148115625,0.0002105083803858237
2009-08-01,Poland,0.0005444869291973349,0.0018962648514997396,-0.0013517779223024048
2009-08-01,US SmallCap,0.003344978936961694,0.0008267149393516993,0.002518263997609995
2009-08-01,Malaysia,-0.00017344664648027825,-8.465255835796804e-05,-8.879408812231021e-05
2009-08-01,Taiwan,-0.0005159312246271481,-0.0011614351054207487,0.0006455038807936006
2009-08-01,Mexico,0.0,0.0015955224728705873,-0.0015955224728705873
2009-08-01,Korea,0.00037955905034276583,0.00025049992798788494,0.0001290591223548809
2009-08-01,Brazil,0.0,0.000587401875392048,-0.000587401875392048
2009-08-01,South Africa,0.0006222328824104112,0.0016317212238833832,-0.001009488341472972
2009-08-01,Denmark,0.0,0.00237394980028252,-0.00237394980028252
2009-08-01,India,0.0,-0.0003369021841379485,0.0003369021841379485
2009-08-01,ChinaH,0.0,-0.002514758520242686,0.002514758520242686
2009-08-01,Hong Kong,-0.008651941522185874,-0.002471148539188191,-0.006180792982997683
2009-08-01,Thailand,0.0011692316711309355,0.0008679497913388304,0.0003012818797921051
2009-08-01,Turkey,0.0033717080488190063,0.002134816551092747,0.0012368914977262595
2009-08-01,Spain,0.0024430130078096184,0.001947112359648809,0.0004959006481608094
2009-08-01,Vietnam,0.0,0.003919211226696816,-0.003919211226696816
2009-08-01,Saudi Arabia,0.0,0.0,0.0
2009-09-01,Singapore,0.008533799587773536,0.0020426326791181623,0.0064911669086553745
2009-09-01,Australia,0.0,0.004240236145194234,-0.004240236145194234
2009-09-01,Canada,0.0,0.0022841253846882185,-0.0022841253846882185
2009-09-01,Germany,0.002129440548529296,0.0017897311634282125,0.0003397093851010835
2009-09-01,Japan,-0.0034206358237261077,-0.0006943059843360763,-0.0027263298393900314
2009-09-01,Switzerland,0.0,0.0011253305718705966,-0.0011253305718705966
2009-09-01,U.K.,0.0007300881881639039,0.0009828335206503573,-0.0002527453324864534
2009-09-01,NASDAQ,0.0,0.001745795230539478,-0.001745795230539478
2009-09-01,U.S.,0.0004898322127516034,0.0011009380672174064,-0.000611105854465803
2009-09-01,France,0.004435534214522297,0.0019185821216138699,0.0025169520929084273
2009-09-01,Netherlands,0.0,0.0026501523462000446,-0.0026501523462000446
2009-09-01,Sweden,0.00012100530073655573,0.0003152056443680694,-0.00019420034363151368
2009-09-01,Italy,0.0,0.0021786903414675973,-0.0021786903414675973
2009-09-01,ChinaA,0.0,0.001395552312092333,-0.001395552312092333
2009-09-01,Chile,0.008084437109673371,0.002359150512500043,0.005725286597173328
2009-09-01,Indonesia,0.0,0.004917202184657677,-0.004917202184657677
2009-09-01,Philippines,-7.025253923629447e-05,-0.0001810940177630956,0.00011084147852680113
2009-09-01,Poland,0.0,-0.00021716333819469171,0.00021716333819469171
2009-09-01,US SmallCap,0.006910711227471392,0.0017242551855348432,0.005186456041936549
2009-09-01,Malaysia,0.0025656295572659663,0.001266479596611115,0.0012991499606548513
2009-09-01,Taiwan,0.0017899048509180037,0.00402526586536177,-0.0022353610144437664
2009-09-01,Mexico,0.0,0.0005617253914392461,-0.0005617253914392461
2009-09-01,Korea,0.008286320339074327,0.004303147337091195,0.003983173001983133
2009-09-01,Brazil,0.0,0.005328405910233761,-0.005328405910233761
2009-09-01,South Africa,0.0005152001088371187,0.0013349281006233493,-0.0008197279917862305
2009-09-01,Denmark,0.0,0.0006709204178069729,-0.0006709204178069729
2009-09-01,India,0.0,0.004013835214214265,-0.004013835214214265
2009-09-01,ChinaH,0.0,0.0013928335748083158,-0.0013928335748083158
2009-09-01,Hong Kong,0.009382184749256173,0.0026632962478557957,0.006718888501400377
2009-09-01,Thailand,0.007753088915362584,0.004422874568638518,0.0033302143467240667
2009-09-01,Turkey,0.0017281747228564842,0.0013980544786287583,0.00033012024422772587
2009-09-01,Spain,0.0015007379443987656,0.0017602648743006947,-0.00025952692990192905
2009-09-01,Vietnam,0.0,0.0009118204109378313,-0.0009118204109378313
2009-09-01,Saudi Arabia,0.0,0.0,0.0
2009-10-01,Singapore,-0.0015222048628899879,-0.00036560064357394684,-0.001156604219316041
2009-10-01,Australia,0.0,-0.00022667098388503862,0.00022667098388503862
2009-10-01,Canada,0.0,-0.00174591434290412,0.00174591434290412
2009-10-01,Germany,-0.0010097230316147045,-0.0013073786615880253,0.0002976556299733209
2009-10-01,Japan,-0.0036183659121368983,-0.0007355345301589016,-0.0028828313819779967
2009-10-01,Switzerland,0.0,0.00015287635540324143,-0.00015287635540324143
2009-10-01,U.K.,0.0003515781631695529,0.0004746333407823197,-0.00012305517761276679
2009-10-01,NASDAQ,0.0,-0.0011758033842081373,0.0011758033842081373
2009-10-01,U.S.,-0.0002531189812755921,-0.0005768820133754628,0.00032376303209987064
2009-10-01,France,-0.0025145687128883395,-0.0013396978699327935,-0.001174870842955546
2009-10-01,Netherlands,0.0,-0.0006980381441873048,0.0006980381441873048
2009-10-01,Sweden,0.0013312733163947288,0.0016572895809956584,-0.00032601626460092964
2009-10-01,Italy,0.0,-0.001687366597413207,0.001687366597413207
2009-10-01,ChinaA,0.0,0.0021655244463378706,-0.0021655244463378706
2009-10-01,Chile,0.0006231900105407497,0.00021071293784000316,0.00041247707270074653
2009-10-01,Indonesia,0.0,-0.0016867862560914805,0.0016867862560914805
2009-10-01,Philippines,0.00024686554492267835,0.000634120259658308,-0.0003872547147356297
2009-10-01,Poland,0.0,0.0019514976018255147,-0.0019514976018255147
2009-10-01,US SmallCap,-0.0077603317535299525,-0.0021856358602819555,-0.0055746958932479974
2009-10-01,Malaysia,0.00415115584455613,0.0016589121806539612,0.002492243663902169
2009-10-01,Taiwan,-0.0006550739498341403,-0.0014571081782564087,0.0008020342284222684
2009-10-01,Mexico,0.0,0.0001671607230742158,-0.0001671607230742158
2009-10-01,Korea,-0.006333748192427973,-0.0027175256473043236,-0.0036162225451236494
2009-10-01,Brazil,0.0,0.001104861343888288,-0.001104861343888288
2009-10-01,South Africa,-0.000333096191184572,-0.0008538253716077822,0.0005207291804232102
2009-10-01,Denmark,0.0,-0.0009508805404703043,0.0009508805404703043
2009-10-01,India,0.0,-0.0015874436909277102,0.0015874436909277102
2009-10-01,ChinaH,0.0,0.00216624328822421,-0.00216624328822421
2009-10-01,Hong Kong,0.003797642986794165,0.0009478710867401141,0.002849771900054051
2009-10-01,Thailand,-0.004221929998951832,-0.002483803481272708,-0.001738126517679124
2009-10-01,Turkey,-0.00152142127017599,-0.0012273871849744894,-0.0002940340852015007
2009-10-01,Spain,-0.00032667593885385145,-0.00038173531229691995,5.5059373443068504e-05
2009-10-01,Vietnam,0.0,0.0010058095149085332,-0.0010058095149085332
2009-10-01,Saudi Arabia,0.0,0.0,0.0
2009-11-01,Singapore,0.007387132800079667,0.001789558035613262,0.005597574764466404
2009-11-01,Australia,0.0005284164908025748,0.0013579515184587055,-0.0008295350276561307
2009-11-01,Canada,0.0,0.00241692490524552,-0.00241692490524552
2009-11-01,Germany,0.0005928229109577825,0.0016481182321238267,-0.0010552953211660442
2009-11-01,Japan,-0.0013036163644620992,-0.00029663998324358097,-0.0010069763812185183
2009-11-01,Switzerland,0.0,0.000550696358575538,-0.000550696358575538
2009-11-01,U.K.,0.0009323121016054773,0.001268112836987025,-0.0003358007353815478
2009-11-01,NASDAQ,0.0,0.0016105232504421009,-0.0016105232504421009
2009-11-01,U.S.,0.0008011166411488643,0.0018666414437184917,-0.0010655248025696275
2009-11-01,France,0.0016979590545723824,0.0011791232713193815,0.0005188357832530009
2009-11-01,Netherlands,0.0,0.0006260365864969767,-0.0006260365864969767
2009-11-01,Sweden,-7.377206445543439e-06,-9.07998478390315e-06,1.7027783383597112e-06
2009-11-01,Italy,0.0,0.00036470026839551624,-0.00036470026839551624
2009-11-01,ChinaA,0.0,0.0008645396315701897,-0.0008645396315701897
2009-11-01,Chile,0.004668771047140663,0.0018976658596975896,0.0027711051874430735
2009-11-01,Indonesia,0.0,0.0013494556288581878,-0.0013494556288581878
2009-11-01,Philippines,0.0007219878212157726,0.0018461056952018724,-0.0011241178739860999
2009-11-01,Poland,0.0,0.0031382659165139467,-0.0031382659165139467
2009-11-01,US SmallCap,0.0029540483817887954,0.0009571382746587109,0.0019969101071300845
2009-11-01,Malaysia,0.0009333397723189229,0.0003702913676295012,0.0005630484046894218
2009-11-01,Taiwan,0.0005898197876515322,0.0013111952958663289,-0.0007213755082147966
2009-11-01,Mexico,0.0,0.0034682297337256538,-0.0034682297337256538
2009-11-01,Korea,0.0010228919023469534,0.0003687283150880963,0.0006541635872588571
2009-11-01,Brazil,0.0,0.003302278459977632,-0.003302278459977632
2009-11-01,South Africa,0.0008003157154113051,0.002033729395583848,-0.001233413680172543
2009-11-01,Denmark,0.0,0.001061132291492374,-0.001061132291492374
2009-11-01,India,0.0,0.003119747677248469,-0.003119747677248469
2009-11-01,ChinaH,0.0,0.000864203918802188,-0.000864203918802188
2009-11-01,Hong Kong,-0.002029466861337774,-0.00045296291519188463,-0.0015765039461458892
2009-11-01,Thailand,0.00039957549526997596,0.00024874355440740047,0.0001508319408625755
2009-11-01,Turkey,-0.003914570454612222,-0.0023839657208780687,-0.0015306047337341534
2009-11-01,Spain,0.0018115189985620584,0.0014135137503067032,0.0003980052482553552
2009-11-01,Vietnam,0.0,-0.003868054237014789,0.003868054237014789
2009-11-01,Saudi Arabia,0.0,0.0,0.0
2009-12-01,Singapore,0.008216727950372928,0.0020130316566578975,0.0062036962937150305
2009-12-01,Australia,0.00029454836636029155,0.000749861678764026,-0.00045531331240373444
2009-12-01,Canada,0.0,0.001109334246877758,-0.001109334246877758
2009-12-01,Germany,0.00014676968959194945,0.0004137338118120872,-0.0002669641222201377
2009-12-01,Japan,0.0008141975808503622,0.00020791220697873795,0.0006062853738716242
2009-12-01,Switzerland,0.0,0.0005579651027295172,-0.0005579651027295172
2009-12-01,U.K.,0.0003478946675040192,0.0009840660913030866,-0.0006361714237990675
2009-12-01,NASDAQ,0.0,0.0019877705854811495,-0.0019877705854811495
2009-12-01,U.S.,0.00027358590271627507,0.0006499151579704694,-0.00037632925525419436
2009-12-01,France,0.0008097361248936375,0.0007713585343640101,3.83775905296274e-05
2009-12-01,Netherlands,0.0,0.0013171684530610805,-0.0013171684530610805
2009-12-01,Sweden,-0.0004084321507563266,-0.00034320707460358866,-6.522507615273795e-05
2009-12-01,Italy,0.0,0.0003626793100719021,-0.0003626793100719021
2009-12-01,ChinaA,0.0,0.00016593239307831882,-0.00016593239307831882
2009-12-01,Chile,0.006072536117085112,0.0030240446028042376,0.003048491514280875
2009-12-01,Indonesia,0.0,0.0023188452843433175,-0.0023188452843433175
2009-12-01,Philippines,0.0003796027241601504,0.0009714975111619227,-0.0005918947870017723
2009-12-01,Poland,0.0,-0.0008763407212733967,0.0008763407212733967
2009-12-01,US SmallCap,0.0069316500025003395,0.0026018201309158696,0.00432982987158447
2009-12-01,Malaysia,0.0003109610046954667,0.00012350552788830711,0.00018745547680715956
2009-12-01,Taiwan,0.0,0.0029951299391807935,-0.0029951299391807935
2009-12-01,Mexico,0.0,0.0010702967600470694,-0.0010702967600470694
2009-12-01,Korea,0.011273138293399999,0.003525969034368633,0.007747169259031366
2009-12-01,Brazil,0.00022612396709015858,0.0006890405958866314,-0.00046291662879647285
2009-12-01,South Africa,0.0006526035136411978,0.0016521796405992253,-0.0009995761269580275
2009-12-01,Denmark,0.0,-0.001063538705679714,0.001063538705679714
2009-12-01,India,0.0,0.0014213343738030124,-0.0014213343738030124
2009-12-01,ChinaH,0.0,0.0001838081373295716,-0.0001838081373295716
2009-12-01,Hong Kong,0.0036663209434129765,0.0007511267682653881,0.0029151941751475886
2009-12-01,Thailand,0.00516474740099502,0.002567682935691586,0.0025970644653034343
2009-12-01,Turkey,0.014836678015017223,0.007291615535705474,0.007545062479311748
2009-12-01,Spain,-0.0011250622872890769,-0.0008789581034447444,-0.00024610418384433247
2009-12-01,Vietnam,0.0,-0.0008861944267283182,0.0008861944267283182
2009-12-01,Saudi Arabia,0.0,0.0,0.0
2010-01-01,Singapore,-0.009530949950799164,-0.0023516069824855565,-0.007179342968313607
2010-01-01,Australia,-0.001954631127258066,-0.00274563027327475,0.0007909991460166837
2010-01-01,Canada,0.0,-0.002682102503898587,0.002682102503898587
2010-01-01,Germany,-0.001086014973544321,-0.0031167492010151657,0.0020307342274708444
2010-01-01,Japan,0.002061045058062195,0.0005871112919379142,0.0014739337661242805
2010-01-01,Switzerland,0.0,-0.0011758974644221665,0.0011758974644221665
2010-01-01,U.K.,0.0,-0.0017510363302158073,0.0017510363302158073
2010-01-01,NASDAQ,0.0,-0.0019260241859217976,0.0019260241859217976
2010-01-01,U.S.,-0.0005194105570730031,-0.001253452099875683,0.0007340415428026799
2010-01-01,France,-0.0019056100933478926,-0.0026260188037479796,0.0007204087104000869
2010-01-01,Netherlands,0.0,-0.001309491992310064,0.001309491992310064
2010-01-01,Sweden,-0.001086603402389643,-0.0009116249923582994,-0.00017497841003134373
2010-01-01,Italy,0.0,-0.002936778124274553,0.002936778124274553
2010-01-01,ChinaA,0.0,-0.003114265091903689,0.003114265091903689
2010-01-01,Chile,0.0019584664131656066,0.0012153547698073837,0.0007431116433582229
2010-01-01,Indonesia,0.0,0.0010241806452853325,-0.0010241806452853325
2010-01-01,Philippines,-0.0008226290651520927,-0.0020951898182213205,0.001272560753069228
2010-01-01,Poland,0.0,-0.0005379331572455955,0.0005379331572455955
2010-01-01,US SmallCap,-0.003030353417065589,-0.0013076366478891005,-0.0017227167691764886
2010-01-01,Malaysia,-0.00041195024990430256,-0.00016409755822260915,-0.0002478526916816934
2010-01-01,Taiwan,0.0,-0.002449309561635223,0.002449309561635223
2010-01-01,Mexico,0.0,-0.0024442918424566426,0.0024442918424566426
2010-01-01,Korea,-0.006409469441904288,-0.0018061956763913976,-0.00460327376551289
2010-01-01,Brazil,-0.0029212720705736436,-0.004559856772150626,0.001638584701576982
2010-01-01,South Africa,-0.0007855390466101043,-0.0019864392337133083,0.001200900187103204
2010-01-01,Denmark,0.0,0.0010488643904008514,-0.0010488643904008514
2010-01-01,India,0.0,-0.002146867746366231,0.002146867746366231
2010-01-01,ChinaH,0.0,-0.0030650545778177023,0.0030650545778177023
2010-01-01,Hong Kong,-0.011254415738545163,-0.0023177676925643636,-0.0089366480459808
2010-01-01,Thailand,-0.004653569632097183,-0.0019716084878227745,-0.002681961144274409
2010-01-01,Turkey,0.0017012268213544876,0.0007198272800974814,0.0009813995412570062
2010-01-01,Spain,-0.005448873239247036,-0.004295683256068051,-0.001153189983178985
2010-01-01,Vietnam,0.0,-0.0005356053475290061,0.0005356053475290061
2010-01-01,Saudi Arabia,0.0,0.0,0.0
2010-02-01,Singapore,0.001326083991859737,0.00033164873958485227,0.0009944352522748847
2010-02-01,Australia,0.0013364330335126247,0.0012819241084752074,5.450892503741731e-05
2010-02-01,Canada,0.0,0.0019530998402619566,-0.0019530998402619566
2010-02-01,Germany,0.0,-0.0007248169193522089,0.0007248169193522089
2010-02-01,Japan,0.0010988626379944528,0.0003508565552840961,0.0007480060827103566
2010-02-01,Switzerland,0.0,0.0006484154281081403,-0.0006484154281081403
2010-02-01,U.K.,0.0,-0.00024164544216682222,0.00024164544216682222
2010-02-01,NASDAQ,0.0,0.0015029920856324981,-0.0015029920856324981
2010-02-01,U.S.,0.0004309144165582715,0.0010543757019236802,-0.0006234612853654087
2010-02-01,France,-0.0002851647744741753,-0.0007723091360901361,0.0004871443616159608
2010-02-01,Netherlands,0.0,-0.0016886518968697918,0.0016886518968697918
2010-02-01,Sweden,0.0012229068636013358,0.0010195604182728893,0.0002033464453284465
2010-02-01,Italy,0.0,-0.0018025573985011839,0.0018025573985011839
2010-02-01,ChinaA,0.0,0.0007237838214820263,-0.0007237838214820263
2010-02-01,Chile,-0.0006183198726128016,-0.00038202446682747215,-0.0002362954057853294
2010-02-01,Indonesia,0.0,-0.001619017596651597,0.001619017596651597
2010-02-01,Philippines,0.0007512668260250656,0.0019143266738386759,-0.0011630598478136103
2010-02-01,Poland,-0.0006309343787188912,-0.0021316548711961363,0.001500720492477245
2010-02-01,US SmallCap,0.0030448440292226908,0.001555405615723847,0.0014894384134988437
2010-02-01,Malaysia,0.0008154047966838283,0.0003260286365747417,0.0004893761601090866
2010-02-01,Taiwan,-0.00043475673132499325,-0.001285638627041435,0.0008508818957164417
2010-02-01,Mexico,0.0,0.0015587698951661046,-0.0015587698951661046
2010-02-01,Korea,-0.001337933225976354,-0.0003442920594272004,-0.0009936411665491538
2010-02-01,Brazil,0.001148713150833505,0.001769120191847083,-0.0006204070410135781
2010-02-01,South Africa,-1.956056083934833e-05,-4.929643436453454e-05,2.9735873525186208e-05
2010-02-01,Denmark,0.0,-0.0004477993511905215,0.0004477993511905215
2010-02-01,India,0.0,0.0005147706756726401,-0.0005147706756726401
2010-02-01,ChinaH,0.0,0.0007133161336758708,-0.0007133161336758708
2010-02-01,Hong Kong,0.005776094910525411,0.0012988147918942645,0.004477280118631147
2010-02-01,Thailand,0.004307803986083692,0.0015941819276089723,0.0027136220584747196
2010-02-01,Turkey,-0.014382382506237584,-0.005336956248701141,-0.009045426257536442
2010-02-01,Spain,-0.0021321144573612956,-0.0024135463094247436,0.00028143185206344797
2010-02-01,Vietnam,0.0,0.0010411556358909115,-0.0010411556358909115
2010-02-01,Saudi Arabia,0.0,0.0,0.0
2010-03-01,Singapore,0.005946999988017615,0.0015074551535330864,0.0044395448344845285
2010-03-01,Australia,0.003473694284999683,0.0032921490248093623,0.00018154526019032065
2010-03-01,Canada,0.0,0.002980219029883993,-0.002980219029883993
2010-03-01,Germany,0.0,0.0029285095927506326,-0.0029285095927506326
2010-03-01,Japan,0.00377389353649283,0.001405390259722015,0.002368503276770815
2010-03-01,Switzerland,0.0,0.0018186386759387896,-0.0018186386759387896
2010-03-01,U.K.,0.0,0.0023238937039154694,-0.0023238937039154694
2010-03-01,NASDAQ,0.0,0.0026023242048171095,-0.0026023242048171095
2010-03-01,U.S.,0.0,0.002146506055859087,-0.002146506055859087
2010-03-01,France,0.000746257924726665,0.0020538830454829753,-0.0013076251207563103
2010-03-01,Netherlands,0.0,0.0024735081105247934,-0.0024735081105247934
2010-03-01,Sweden,0.004123971644225225,0.0025432368361271358,0.0015807348080980892
2010-03-01,Italy,0.0,0.002263014068937433,-0.002263014068937433
2010-03-01,ChinaA,0.0,0.0018364872269137724,-0.0018364872269137724
2010-03-01,Chile,-0.0008543583054417976,-0.0007151959703565161,-0.00013916233508528143
2010-03-01,Indonesia,0.0,0.0047927864968170635,-0.0047927864968170635
2010-03-01,Philippines,0.000797788859905723,0.0020413423162819445,-0.0012435534563762214
2010-03-01,Poland,0.00308952716955174,0.0043556738883518565,-0.0012661467188001163
2010-03-01,US SmallCap,0.004497146975292576,0.0029537721272420428,0.0015433748480505336
2010-03-01,Malaysia,0.008127007879473448,0.003283885937376447,0.004843121942097
2010-03-01,Taiwan,0.000770786098875263,0.00229128391075215,-0.0015204978118768873
2010-03-01,Mexico,0.0,0.00390192650317043,-0.00390192650317043
2010-03-01,Korea,0.014112407641093377,0.003234815174620865,0.010877592466472512
2010-03-01,Brazil,0.0018206923692549609,0.0027623850058478604,-0.0009416926365928995
2010-03-01,South Africa,0.001708416114534021,0.004295485778820485,-0.0025870696642864635
2010-03-01,Denmark,0.0,0.0025533720241037497,-0.0025533720241037497
2010-03-01,India,0.0,0.003403474700397255,-0.003403474700397255
2010-03-01,ChinaH,0.0,0.0018456295707249197,-0.0018456295707249197
2010-03-01,Hong Kong,0.00758290937421462,0.001909059476949774,0.005673849897264846
2010-03-01,Thailand,0.01687948692190861,0.005404299865439868,0.011475187056468744
2010-03-01,Turkey,0.01924236803828165,0.006080466425339267,0.013161901612942385
2010-03-01,Spain,0.0009646935512220901,0.0010682741181040267,-0.00010358056688193661
2010-03-01,Vietnam,0.0,-0.0004418957285756542,0.0004418957285756542
2010-03-01,Saudi Arabia,0.0,0.0,0.0
2010-04-01,Singapore,0.008675064527784146,0.0022010549350371025,0.0064740095927470435
2010-04-01,Australia,-0.0004389687596166689,-0.00041298615164912523,-2.5982607967543682e-05
2010-04-01,Canada,0.0,0.0005678088442402005,-0.0005678088442402005
2010-04-01,Germany,0.0,-0.0009187839085169462,0.0009187839085169462
2010-04-01,Japan,-0.00016121346565594707,-7.024331203850289e-05,-9.097015361744418e-05
2010-04-01,Switzerland,0.0,-0.0021009417318861067,0.0021009417318861067
2010-04-01,U.K.,0.0,-0.0003027451442492797,0.0003027451442492797
2010-04-01,NASDAQ,0.0,0.001048747321322764,-0.001048747321322764
2010-04-01,U.S.,0.0,0.0006026679021313612,-0.0006026679021313612
2010-04-01,France,-0.0006566173963365564,-0.0018346834769404376,0.0011780660806038812
2010-04-01,Netherlands,0.0,-0.0005406189366307031,0.0005406189366307031
2010-04-01,Sweden,0.002391803710469065,0.001467568074451564,0.0009242356360175011
2010-04-01,Italy,0.0,-0.0023558531852140314,0.0023558531852140314
2010-04-01,ChinaA,0.0,-0.00020016553829765431,0.00020016553829765431
2010-04-01,Chile,0.0011252966087753648,0.0013929100167094258,-0.000267613407934061
2010-04-01,Indonesia,0.0,0.002597327895653019,-0.002597327895653019
2010-04-01,Philippines,0.0007533155027464143,0.0019364355409612563,-0.001183120038214842
2010-04-01,Poland,-0.0004696413706069679,-0.00042648338918259166,-4.315798142437622e-05
2010-04-01,US SmallCap,0.0025813902972962655,0.0022395683742775668,0.00034182192301869876
2010-04-01,Malaysia,0.0035443618455710544,0.0016976153725458303,0.001846746473025224
2010-04-01,Taiwan,0.00031017401078116755,0.0009312417379692196,-0.0006210677271880521
2010-04-01,Mexico,0.0,6.233742858788341e-05,-6.233742858788341e-05
2010-04-01,Korea,0.009894176318053196,0.002078532253925796,0.0078156440641274
2010-04-01,Brazil,-0.0003729830839385405,-0.0003546011961582705,-1.8381887780269965e-05
2010-04-01,South Africa,-4.921197367715133e-05,-0.00012375719950102462,7.454522582387329e-05
2010-04-01,Denmark,0.0,0.0021119238468612403,-0.0021119238468612403
2010-04-01,India,0.0,0.0008028566283505123,-0.0008028566283505123
2010-04-01,ChinaH,0.0,-0.00020356955334623454,0.00020356955334623454
2010-04-01,Hong Kong,-0.0035394548311833487,-0.000890209717376469,-0.00264924511380688
2010-04-01,Thailand,-0.003636662532744721,-0.0010268055505024951,-0.0026098569822422257
2010-04-01,Turkey,0.00906002366070764,0.002898833893101691,0.0061611897676059485
2010-04-01,Spain,-0.0014015767107291748,-0.0015798455812138866,0.00017826887048471175
2010-04-01,Vietnam,0.0,0.0028252165507506024,-0.0028252165507506024
2010-04-01,Saudi Arabia,0.0,0.0,0.0
2010-05-01,Singapore,-0.015038424776424046,-0.0034684663659066478,-0.0115699584105174
2010-05-01,Australia,-0.006731066766073599,-0.0062737705362973,-0.00045729622977629895
2010-05-01,Canada,0.0,-0.0027019450227455835,0.0027019450227455835
2010-05-01,Germany,0.0,-0.0042123930777350676,0.0042123930777350676
2010-05-01,Japan,-0.005634101505243505,-0.0029297934774227046,-0.0027043080278208002
2010-05-01,Switzerland,0.0,-0.003949136517058486,0.003949136517058486
2010-05-01,U.K.,0.0,-0.003953739428058594,0.003953739428058594
2010-05-01,NASDAQ,0.0,-0.003292454521234971,0.003292454521234971
2010-05-01,U.S.,0.0,-0.003120010010986788,0.003120010010986788
2010-05-01,France,0.0,-0.004965307318029591,0.004965307318029591
2010-05-01,Netherlands,0.0,-0.004526854475456101,0.004526854475456101
2010-05-01,Sweden,-0.011182561051328985,-0.0056325180728985,-0.005550042978430485
2010-05-01,Italy,0.0,-0.0051619023475523475,0.0051619023475523475
2010-05-01,ChinaA,0.0,-0.0022984476593990518,0.0022984476593990518
2010-05-01,Chile,-0.0002875787851622587,-0.0006926249464002125,0.0004050461612379538
2010-05-01,Indonesia,0.0,-0.003386028275622455,0.003386028275622455
2010-05-01,Philippines,0.0,-0.0017384182409207055,0.0017384182409207055
2010-05-01,Poland,-0.00831576068444586,-0.005671420228137399,-0.002644340456308461
2010-05-01,US SmallCap,-0.002551308151377567,-0.0031777027178736977,0.0006263945664961306
2010-05-01,Malaysia,-0.0059497319019294215,-0.0028472628724210713,-0.0031024690295083503
2010-05-01,Taiwan,-0.0012256683890525064,-0.0037132641237036354,0.002487595734651129
2010-05-01,Mexico,0.0,-0.0026681287770588687,0.0026681287770588687
2010-05-01,Korea,-0.02605874366246699,-0.005496006026522652,-0.020562737635944336
2010-05-01,Brazil,-0.005859849564915346,-0.0041287114128344665,-0.0017311381520808793
2010-05-01,South Africa,-0.001033680289436157,-0.002594854964804732,0.001561174675368575
2010-05-01,Denmark,0.0,-0.004517042262157392,0.004517042262157392
2010-05-01,India,0.0,-0.003207842733300919,0.003207842733300919
2010-05-01,ChinaH,0.0,-0.0022018725914154484,0.0022018725914154484
2010-05-01,Hong Kong,-0.0082188100065927,-0.002302045501313639,-0.005916764505279061
2010-05-01,Thailand,-0.004363553185593405,-0.001110723600240418,-0.003252829585352987
2010-05-01,Turkey,-0.016968233857848555,-0.004824046726703807,-0.012144187131144749
2010-05-01,Spain,-0.004711942490073203,-0.005434015864770335,0.000722073374697132
2010-05-01,Vietnam,0.0,-0.001724826333005577,0.001724826333005577
2010-05-01,Saudi Arabia,0.0,0.0,0.0
2010-06-01,Singapore,0.0055686594379918825,0.0012818416112436138,0.004286817826748269
2010-06-01,Australia,-0.0011952345097097474,-0.0007831885332701273,-0.0004120459764396201
2010-06-01,Canada,0.0,-0.0019051952503514526,0.0019051952503514526
2010-06-01,Germany,0.0,-9.095548161512111e-05,9.095548161512111e-05
2010-06-01,Japan,-0.0010599644257972534,-0.000690441460619249,-0.0003695229651780044
2010-06-01,Switzerland,0.0,0.0013798481705591583,-0.0013798481705591583
2010-06-01,U.K.,0.0,-0.0005301298306900965,0.0005301298306900965
2010-06-01,NASDAQ,0.0,-0.0023916254979875597,0.0023916254979875597
2010-06-01,U.S.,0.0,-0.0018831588070777193,0.0018831588070777193
2010-06-01,France,0.0,-0.0005491662039511709,0.0005491662039511709
2010-06-01,Netherlands,0.0,-0.0002229797523139428,0.0002229797523139428
2010-06-01,Sweden,0.002389616710045451,0.0009861292455949962,0.0014034874644504548
2010-06-01,Italy,0.0,-0.0003539042228265133,0.0003539042228265133
2010-06-01,ChinaA,0.0,0.0003247063177663762,-0.0003247063177663762
2010-06-01,Chile,0.00016137058402346957,0.00038628397263266713,-0.00022491338860919756
2010-06-01,Indonesia,0.0,0.002660556817778017,-0.002660556817778017
2010-06-01,Philippines,0.0,0.0008017738547147113,-0.0008017738547147113
2010-06-01,Poland,-0.004905565561788828,-0.0025408782534186427,-0.002364687308370185
2010-06-01,US SmallCap,-0.002341149131164506,-0.002976283298006517,0.000635134166842011
2010-06-01,Malaysia,0.0023534328850827735,0.0013937095294085122,0.0009597233556742613
2010-06-01,Taiwan,-0.0002256191073596685,-0.0006913269297942641,0.00046570782243459557
2010-06-01,Mexico,0.0,-0.0010725438830586564,0.0010725438830586564
2010-06-01,Korea,0.002311873000865486,0.00048593639445283315,0.0018259366064126527
2010-06-01,Brazil,-0.002215092143082978,-0.0015587936994797486,-0.0006562984436032293
2010-06-01,South Africa,0.0,-0.001380346433261131,0.001380346433261131
2010-06-01,Denmark,0.0,0.00032044283192653986,-0.00032044283192653986
2010-06-01,India,0.0,0.0015763059398598356,-0.0015763059398598356
2010-06-01,ChinaH,0.0,0.00032676780725907675,-0.00032676780725907675
2010-06-01,Hong Kong,0.003320790671652201,0.0010509659051636704,0.0022698247664885308
2010-06-01,Thailand,0.006052163356652251,0.0013845980551793556,0.0046675653014728955
2010-06-01,Turkey,0.0013257275662626438,0.00037759407141896154,0.0009481334948436823
2010-06-01,Spain,-8.547842635294584e-05,-0.00010189653716195519,1.6418110809009352e-05
2010-06-01,Vietnam,0.0,0.0008713344960867315,-0.0008713344960867315
2010-06-01,Saudi Arabia,0.0,0.0,0.0
2010-07-01,Singapore,0.01291409732631586,0.002962055820673313,0.009952041505642547
2010-07-01,Australia,0.005842950386431585,0.0038286867495742763,0.0020142636368573087
2010-07-01,Canada,0.0,0.0025090626522255707,-0.0025090626522255707
2010-07-01,Germany,0.0,0.0030461339426578844,-0.0030461339426578844
2010-07-01,Japan,0.0013830100878382229,0.0011845250419783224,0.0001984850458599005
2010-07-01,Switzerland,0.0,0.0016406820462730339,-0.0016406820462730339
2010-07-01,U.K.,0.0,0.004127666234109741,-0.004127666234109741
2010-07-01,NASDAQ,0.0,0.002397026378698073,-0.002397026378698073
2010-07-01,U.S.,0.0,0.0023982897103397545,-0.0023982897103397545
2010-07-01,France,0.0,0.003708382812929744,-0.003708382812929744
2010-07-01,Netherlands,0.0,0.003500019672966768,-0.003500019672966768
2010-07-01,Sweden,0.011713973274313155,0.004108140658861829,0.007605832615451325
2010-07-01,Italy,0.0,0.004530969513153812,-0.004530969513153812
2010-07-01,ChinaA,0.0,0.0015111454337687915,-0.0015111454337687915
2010-07-01,Chile,0.0019538376326380747,0.004658787052757597,-0.0027049494201195224
2010-07-01,Indonesia,0.0,0.002629229057286273,-0.002629229057286273
2010-07-01,Philippines,0.0,0.0013159399153414538,-0.0013159399153414538
2010-07-01,Poland,0.014685887661981053,0.0061063011810794125,0.008579586480901642
2010-07-01,US SmallCap,0.0019440790557393422,0.002430332346424389,-0.00048625329068504686
2010-07-01,Malaysia,0.002463862635534589,0.0018922217760012222,0.000571640859533367
2010-07-01,Taiwan,0.0007668332034633027,0.0023625422612640083,-0.0015957090578007055
2010-07-01,Mexico,0.0,0.002134255854966827,-0.002134255854966827
2010-07-01,Korea,0.012777942723014019,0.0026747531297217266,0.010103189593292292
2010-07-01,Brazil,0.00856467448677818,0.0046117537241189875,0.003952920762659192
2010-07-01,South Africa,0.0,0.004438119763397053,-0.004438119763397053
2010-07-01,Denmark,0.0,0.0036682863215440793,-0.0036682863215440793
2010-07-01,India,0.0,0.00022101541702074945,-0.00022101541702074945
2010-07-01,ChinaH,0.0,0.0014148057265763994,-0.0014148057265763994
2010-07-01,Hong Kong,0.005665595022621771,0.002044394398252461,0.0036212006243693095
2010-07-01,Thailand,0.011050916462054715,0.002503502398100191,0.008547414063954524
2010-07-01,Turkey,0.020592922736323,0.005865697446757058,0.01472722528956594
2010-07-01,Spain,0.004827168574122204,0.005957917912801667,-0.0011307493386794624
2010-07-01,Vietnam,0.0,-0.0008872635639055498,0.0008872635639055498
2010-07-01,Saudi Arabia,0.0,0.0,0.0
2010-08-01,Singapore,-0.001145713359518287,-0.0002619092865537167,-0.0008838040729645702
2010-08-01,Australia,-0.0014827929741077891,-0.0009678184444412158,-0.0005149745296665734
2010-08-01,Canada,0.0,-0.0007215852633925482,0.0007215852633925482
2010-08-01,Germany,0.0,-0.0021066964954301773,0.0021066964954301773
2010-08-01,Japan,-0.0006386922242868404,-0.0008170170874427924,0.0001783248631559521
2010-08-01,Switzerland,0.0,0.0008898956506679173,-0.0008898956506679173
2010-08-01,U.K.,0.0,-0.0004754655735341848,0.0004754655735341848
2010-08-01,NASDAQ,0.0,-0.0022638382085295714,0.0022638382085295714
2010-08-01,U.S.,0.0,-0.0016571138719203304,0.0016571138719203304
2010-08-01,France,0.0,-0.0021252355160860147,0.0021252355160860147
2010-08-01,Netherlands,0.0,-0.0027690939251410465,0.0027690939251410465
2010-08-01,Sweden,-0.0064883047769085074,-0.0022676491393714927,-0.004220655637537015
2010-08-01,Italy,0.0,-0.002516505463278235,0.002516505463278235
2010-08-01,ChinaA,0.0,-0.0010129312095033159,0.0010129312095033159
2010-08-01,Chile,0.0,0.003099215389745306,-0.003099215389745306
2010-08-01,Indonesia,0.0,-0.00130820684535994,0.00130820684535994
2010-08-01,Philippines,0.0,0.0022645292951291216,-0.0022645292951291216
2010-08-01,Poland,-0.00323520746788111,-0.0013465315278223917,-0.0018886759400587184
2010-08-01,US SmallCap,-0.003426392941931251,-0.0027961895255264983,-0.0006302034164047529
2010-08-01,Malaysia,0.0035433344064954575,0.002745039722095461,0.0007982946843999965
2010-08-01,Taiwan,-0.0002600359034705487,-0.000805470138837459,0.0005454342353669102
2010-08-01,Mexico,0.0,-0.0019329475629767821,0.0019329475629767821
2010-08-01,Korea,-0.004748246102556569,-0.0009905252252289981,-0.0037577208773275713
2010-08-01,Brazil,-0.0027858471557278336,-0.001213093700117892,-0.0015727534556099416
2010-08-01,South Africa,0.0,-0.0012043749219956994,0.0012043749219956994
2010-08-01,Denmark,0.0,-0.0018677130021976962,0.0018677130021976962
2010-08-01,India,0.0,-0.0005124678709465095,0.0005124678709465095
2010-08-01,ChinaH,0.0,-0.0009535329447344644,0.0009535329447344644
2010-08-01,Hong Kong,0.0009686428527894789,0.00040743880214127017,0.0005612040506482088
2010-08-01,Thailand,0.017383396623843552,0.003928028716253599,0.013455367907589954
2010-08-01,Turkey,-0.0027486824760459853,-0.0006983758377263576,-0.0020503066383196276
2010-08-01,Spain,-0.0015458721967746606,-0.0019508503244042425,0.0004049781276295819
2010-08-01,Vietnam,0.0,-0.0014114252650778633,0.0014114252650778633
2010-08-01,Saudi Arabia,0.0,0.0,0.0
2010-09-01,Singapore,0.013774994942130584,0.0031313248390364328,0.010643670103094152
2010-09-01,Australia,0.007373626670842168,0.00482289605230013,0.002550730618542038
2010-09-01,Canada,0.0,0.0028710248848991256,-0.0028710248848991256
2010-09-01,Germany,0.0,0.004500792241181494,-0.004500792241181494
2010-09-01,Japan,0.0005380629711829494,0.0013254476209178657,-0.0007873846497349163
2010-09-01,Switzerland,0.0,0.0020087437233617953,-0.0020087437233617953
2010-09-01,U.K.,0.0,0.003430408200270404,-0.003430408200270404
2010-09-01,NASDAQ,0.0,0.004247095444225691,-0.004247095444225691
2010-09-01,U.S.,0.0,0.003144582299629357,-0.003144582299629357
2010-09-01,France,0.0,0.004759064377455647,-0.004759064377455647
2010-09-01,Netherlands,0.0,0.004437402914680144,-0.004437402914680144
2010-09-01,Sweden,0.019832008850428608,0.006845365736330159,0.012986643114098449
2010-09-01,Italy,0.0,0.003668037790847099,-0.003668037790847099
2010-09-01,ChinaA,0.0,0.0030771471718522023,-0.0030771471718522023
2010-09-01,Chile,0.0,0.004587066627289512,-0.004587066627289512
2010-09-01,Indonesia,0.0,0.005842880052675846,-0.005842880052675846
2010-09-01,Philippines,0.0,0.007971798154460702,-0.007971798154460702
2010-09-01,Poland,0.014920795500585211,0.006243143496280684,0.008677652004304526
2010-09-01,US SmallCap,0.0073956225201647985,0.004374720300221922,0.003020902219942876
2010-09-01,Malaysia,0.002161429099208625,0.0024884826544575665,-0.00032705355524894134
2010-09-01,Taiwan,0.0012411616485938613,0.0038463651624246406,-0.0026052035138307795
2010-09-01,Mexico,0.0,0.0039681228507415815,-0.0039681228507415815
2010-09-01,Korea,0.021827717216995387,0.004524921288451828,0.017302795928543557
2010-09-01,Brazil,0.010672265120098738,0.0038548625653659187,0.00681740255473282
2010-09-01,South Africa,0.0,0.0056063258328800025,-0.0056063258328800025
2010-09-01,Denmark,0.0,0.004500225096650123,-0.004500225096650123
2010-09-01,India,0.0,0.006083577732288002,-0.006083577732288002
2010-09-01,ChinaH,0.0,0.00300636824768469,-0.00300636824768469
2010-09-01,Hong Kong,0.010509464329584054,0.005346448577723849,0.005163015751860205
2010-09-01,Thailand,0.02807744480320609,0.006323458899670575,0.021753985903535514
2010-09-01,Turkey,0.028263380711096946,0.006456861867811591,0.021806518843285355
2010-09-01,Spain,0.0027076195129553575,0.0035106535039341026,-0.0008030339909787451
2010-09-01,Vietnam,0.0,-0.0005943422184231128,0.0005943422184231128
2010-09-01,Saudi Arabia,0.0,0.0,0.0
2010-10-01,Singapore,0.006372919390291288,0.0014408785245590963,0.004932040865732192
2010-10-01,Australia,0.0020406063478345267,0.001341507314652695,0.0006990990331818317
2010-10-01,Canada,0.0,0.001253420256044486,-0.001253420256044486
2010-10-01,Germany,0.0,0.003045637796040725,-0.003045637796040725
2010-10-01,Japan,0.0,0.0007542605493406036,-0.0007542605493406036
2010-10-01,Switzerland,0.0,0.0008916439401307958,-0.0008916439401307958
2010-10-01,U.K.,0.0,0.00169278479096172,-0.00169278479096172
2010-10-01,NASDAQ,0.0,0.002318766844020418,-0.002318766844020418
2010-10-01,U.S.,0.0,0.0014686985245572787,-0.0014686985245572787
2010-10-01,France,0.0,0.0019487991582673439,-0.0019487991582673439
2010-10-01,Netherlands,0.0,0.000649907361117463,-0.000649907361117463
2010-10-01,Sweden,0.0006089773801818154,0.00020930793661970093,0.0003996694435621145
2010-10-01,Italy,0.0,0.00234918135973563,-0.00234918135973563
2010-10-01,ChinaA,0.0,0.0015196025525390593,-0.0015196025525390593
2010-10-01,Chile,0.0,0.0007055335791797322,-0.0007055335791797322
2010-10-01,Indonesia,0.0,0.0013069878767944067,-0.0013069878767944067
2010-10-01,Philippines,0.0,0.0009843258965076254,-0.0009843258965076254
2010-10-01,Poland,0.006100211817078124,0.002142629226747529,0.0039575825903305955
2010-10-01,US SmallCap,0.0027313134854710817,0.001620845858900974,0.0011104676265701076
2010-10-01,Malaysia,0.00046500275093609256,0.0011365961863825792,-0.0006715934354464867
2010-10-01,Taiwan,0.00035009730422674,0.0010917786942068368,-0.0007416813899800968
2010-10-01,Mexico,0.0,0.0032973937712249815,-0.0032973937712249815
2010-10-01,Korea,0.0024350814496917044,0.0005018645127166258,0.0019332169369750787
2010-10-01,Brazil,0.0016221803804319689,0.0005862047277041644,0.0010359756527278045
2010-10-01,South Africa,0.0,0.0006839582639544671,-0.0006839582639544671
2010-10-01,Denmark,0.0,0.0014262372547911306,-0.0014262372547911306
2010-10-01,India,0.0,0.0007209836135091364,-0.0007209836135091364
2010-10-01,ChinaH,0.0,0.001462025351916402,-0.001462025351916402
2010-10-01,Hong Kong,0.0018675239019173026,0.00094161879579991,0.0009259051061173926
2010-10-01,Thailand,0.004536620987266972,0.0010191268167075958,0.003517494170559376
2010-10-01,Turkey,0.013488852646849599,0.0027840286598410464,0.010704823987008553
2010-10-01,Spain,0.0012438617763458238,0.0016560495094032157,-0.00041218773305739197
2010-10-01,Vietnam,0.0,0.001999226436418032,-0.001999226436418032
2010-10-01,Saudi Arabia,0.0,0.0,0.0
2010-11-01,Singapore,-0.0029097416738045837,-0.0006555279202586994,-0.0022542137535458842
2010-11-01,Australia,-0.0014793585355640836,-0.0013428508393440398,-0.00013650769622004376
2010-11-01,Canada,0.0,0.00043241543055312073,-0.00043241543055312073
2010-11-01,Germany,0.0,-0.002152664167395477,0.002152664167395477
2010-11-01,Japan,0.0,0.0007972104113240965,-0.0007972104113240965
2010-11-01,Switzerland,0.0,-0.0014572476185499461,0.0014572476185499461
2010-11-01,U.K.,0.0,-0.0018986235442868666,0.0018986235442868666
2010-11-01,NASDAQ,0.0,-8.222673034705445e-05,8.222673034705445e-05
2010-11-01,U.S.,0.0,4.8473765194526176e-06,-4.8473765194526176e-06
2010-11-01,France,0.0,-0.004594633066350608,0.004594633066350608
2010-11-01,Netherlands,0.0,-0.0039029160320502806,0.0039029160320502806
2010-11-01,Sweden,-0.004056402770999104,-0.00121065082732614,-0.0028457519436729637
2010-11-01,Italy,0.0,-0.006354193376616626,0.006354193376616626
2010-11-01,ChinaA,0.0,-0.0009786963598707003,0.0009786963598707003
2010-11-01,Chile,0.0,0.0005038377428807782,-0.0005038377428807782
2010-11-01,Indonesia,0.0,-0.0033019186279983387,0.0033019186279983387
2010-11-01,Philippines,0.0,-0.006540831151208872,0.006540831151208872
2010-11-01,Poland,-0.01378596723419029,-0.004196130056617327,-0.009589837177572964
2010-11-01,US SmallCap,0.00308042308793458,0.001426446840243599,0.001653976247690981
2010-11-01,Malaysia,-0.0005226472482012447,-0.0012668835878990765,0.0007442363396978318
2010-11-01,Taiwan,0.00020704715043014964,0.0006482702555062095,-0.0004412231050760598
2010-11-01,Mexico,0.0,0.0008419815495025457,-0.0008419815495025457
2010-11-01,Korea,7.17778961524958e-05,1.473172691582043e-05,5.704616923667537e-05
2010-11-01,Brazil,-0.005385488709364864,-0.001955998033920589,-0.0034294906754442746
2010-11-01,South Africa,0.0,-0.0012603340355852686,0.0012603340355852686
2010-11-01,Denmark,0.0,-0.00274691382609683,0.00274691382609683
2010-11-01,India,0.0,-0.0028367576035252156,0.0028367576035252156
2010-11-01,ChinaH,0.0,-0.0009082878878330929,0.0009082878878330929
2010-11-01,Hong Kong,0.0012946039020604594,0.0008246842867660407,0.00046991961529441867
2010-11-01,Thailand,0.0005395883646160806,0.00012126031234107954,0.0004183280522750011
2010-11-01,Turkey,-0.02379015924189069,-0.004900919324345945,-0.018889239917544744
2010-11-01,Spain,-0.0033802932430190315,-0.00840698038869234,0.005026687145673309
2010-11-01,Vietnam,0.0,0.0007283467961683053,-0.0007283467961683053
2010-11-01,Saudi Arabia,0.0,0.0,0.0
2010-12-01,Singapore,0.009056654776697025,0.0020199689867247926,0.007036685789972233
2010-12-01,Australia,0.0045836574532883015,0.004180619353781945,0.0004030380995063568
2010-12-01,Canada,0.0,0.0031982730292430847,-0.0031982730292430847
2010-12-01,Germany,0.0,0.002842388208472354,-0.002842388208472354
2010-12-01,Japan,0.0,0.0029572535808254858,-0.0029572535808254858
2010-12-01,Switzerland,0.0,0.003551707259687007,-0.003551707259687007
2010-12-01,U.K.,0.0,0.003020833758759744,-0.003020833758759744
2010-12-01,NASDAQ,0.0,0.0026000605220082265,-0.0026000605220082265
2010-12-01,U.S.,0.0,0.0026988173888500087,-0.0026988173888500087
2010-12-01,France,0.0,0.0032117026439584914,-0.0032117026439584914
2010-12-01,Netherlands,0.0,0.00397324892786802,-0.00397324892786802
2010-12-01,Sweden,0.01433336980305318,0.004223201562272549,0.01011016824078063
2010-12-01,Italy,0.0,0.003053076993481894,-0.003053076993481894
2010-12-01,ChinaA,0.0,-0.000291524252081529,0.000291524252081529
2010-12-01,Chile,0.0,0.0015203094148612088,-0.0015203094148612088
2010-12-01,Indonesia,0.0,0.0017881575893350834,-0.0017881575893350834
2010-12-01,Philippines,0.0,0.003889746297688597,-0.003889746297688597
2010-12-01,Poland,0.012916261831066,0.003962164951442804,0.008954096879623197
2010-12-01,US SmallCap,0.008727770990734327,0.0033549234254079603,0.005372847565326367
2010-12-01,Malaysia,0.001081621163615513,0.002594886597797911,-0.001513265434182398
2010-12-01,Taiwan,0.0016642734921127047,0.0052116193726246575,-0.0035473458805119528
2010-12-01,Mexico,0.0,0.0025198647174809407,-0.0025198647174809407
2010-12-01,Korea,0.025924050048418454,0.005269145415046398,0.020654904633372058
2010-12-01,Brazil,0.006704920965781142,0.0028276576509229756,0.0038772633148581666
2010-12-01,South Africa,0.0,0.0064918972687413486,-0.0064918972687413486
2010-12-01,Denmark,0.0,0.004263024755323125,-0.004263024755323125
2010-12-01,India,0.0,0.0031041712665869103,-0.0031041712665869103
2010-12-01,ChinaH,0.0,-0.00025064972554915367,0.00025064972554915367
2010-12-01,Hong Kong,0.0004712731533795297,0.000295855204613519,0.00017541794876601072
2010-12-01,Thailand,0.0074755347949818345,0.0016700797803643676,0.005805455014617467
2010-12-01,Turkey,-0.007594952691744052,-0.0015507887480889116,-0.00604416394365514
2010-12-01,Spain,0.001208853119775446,0.003128360153113035,-0.001919507033337589
2010-12-01,Vietnam,0.0,0.0033003982821342547,-0.0033003982821342547
2010-12-01,Saudi Arabia,0.0,0.0,0.0
2011-01-01,Singapore,8.367762620708845e-05,1.858915389405114e-05,6.508847231303731e-05
2011-01-01,Australia,-0.0006850987096619829,-0.000890955114142893,0.00020585640448091006
2011-01-01,Canada,0.0,0.0001931694134523024,-0.0001931694134523024
2011-01-01,Germany,0.0,0.0017746032330419868,-0.0017746032330419868
2011-01-01,Japan,1.8919335552922037e-05,5.086672590039847e-05,-3.194739034747643e-05
2011-01-01,Switzerland,0.0,-0.00013812106460496848,0.00013812106460496848
2011-01-01,U.K.,0.0,0.0009137582103241559,-0.0009137582103241559
2011-01-01,NASDAQ,0.0,0.0007962651096997822,-0.0007962651096997822
2011-01-01,U.S.,0.0,0.0010229204207743592,-0.0010229204207743592
2011-01-01,France,0.0,0.002836169459323294,-0.002836169459323294
2011-01-01,Netherlands,0.0,0.0017908314910289062,-0.0017908314910289062
2011-01-01,Sweden,0.006164954269061875,0.0016387809378440089,0.004526173331217865
2011-01-01,Italy,0.0,0.004310206543941428,-0.004310206543941428
2011-01-01,ChinaA,0.0,-0.0002108581316288789,0.0002108581316288789
2011-01-01,Chile,0.0,-0.004339866280285747,0.004339866280285747
2011-01-01,Indonesia,0.0,-0.004489054059564509,0.004489054059564509
2011-01-01,Philippines,0.0,-0.004707573899406995,0.004707573899406995
2011-01-01,Poland,0.002290044618205388,0.0007035781885549156,0.0015864664296504727
2011-01-01,US SmallCap,-0.0003459755506930157,-0.00011679206865263746,-0.00022918348204037825
2011-01-01,Malaysia,0.00017209847803043292,0.0004079911797413257,-0.00023589270171089276
2011-01-01,Taiwan,0.0004808374195468917,0.0015055641090587256,-0.001024726689511834
2011-01-01,Mexico,0.0,-0.0013065310790574601,0.0013065310790574601
2011-01-01,Korea,0.004493898260959815,0.0009099246084463556,0.0035839736525134593
2011-01-01,Brazil,-0.0036144686164127785,-0.001775045186164022,-0.0018394234302487565
2011-01-01,South Africa,0.0,-0.006081192322309268,0.006081192322309268
2011-01-01,Denmark,0.0,0.0008914050963168285,-0.0008914050963168285
2011-01-01,India,0.0,-0.005712109351304524,0.005712109351304524
2011-01-01,ChinaH,0.0,-9.727176129957541e-05,9.727176129957541e-05
2011-01-01,Hong Kong,0.001229687970387143,0.0007676812433587313,0.0004620067270284117
2011-01-01,Thailand,-0.017850928206324678,-0.004280623592595749,-0.013570304613728929
2011-01-01,Turkey,-0.019358089000853916,-0.003936757036985916,-0.015421331963868
2011-01-01,Spain,0.001844662010367338,0.004926002561181176,-0.003081340550813838
2011-01-01,Vietnam,0.0,0.002847676476322877,-0.002847676476322877
2011-01-01,Saudi Arabia,0.0,0.0,0.0
2011-02-01,Singapore,-0.010208851745162877,-0.0022606608787628622,-0.007948190866400015
2011-02-01,Australia,0.0009117018149782648,0.002069764741640683,-0.001158062926662418
2011-02-01,Canada,0.0,0.0032465255319522883,-0.0032465255319522883
2011-02-01,Germany,0.0,0.0015859847818086039,-0.0015859847818086039
2011-02-01,Japan,0.0007137965010223851,0.0019318765941832156,-0.0012180800931608305
2011-02-01,Switzerland,0.0,0.0014238041400420267,-0.0014238041400420267
2011-02-01,U.K.,0.0,0.0021911669542142983,-0.0021911669542142983
2011-02-01,NASDAQ,0.0,0.001410069065708014,-0.001410069065708014
2011-02-01,U.S.,0.0,0.001513729663771181,-0.001513729663771181
2011-02-01,France,0.0,0.0015247291332176045,-0.0015247291332176045
2011-02-01,Netherlands,0.0,0.0016022282289673059,-0.0016022282289673059
2011-02-01,Sweden,-0.0005356337175179401,-0.00014104118645424842,-0.0003945925310636917
2011-02-01,Italy,0.0,0.0012213747457673419,-0.0012213747457673419
2011-02-01,ChinaA,0.0,-0.0007317210387804314,0.0007317210387804314
2011-02-01,Chile,0.0,-0.0011496766050603934,0.0011496766050603934
2011-02-01,Indonesia,0.0,0.002418645012287952,-0.002418645012287952
2011-02-01,Philippines,0.0,-0.0005433979025933727,0.0005433979025933727
2011-02-01,Poland,0.0009218815484603332,0.0003139811806953281,0.0006079003677650051
2011-02-01,US SmallCap,0.008178386900170117,0.0024674160443820836,0.005710970855788033
2011-02-01,Malaysia,-0.0006551883215514536,-0.0008612105052643247,0.00020602218371287113
2011-02-01,Taiwan,0.0,-0.004239674827885117,0.004239674827885117
2011-02-01,Mexico,0.0,0.00037864442617194314,-0.00037864442617194314
2011-02-01,Korea,-0.015216154389932493,-0.0030708603132564203,-0.012145294076676073
2011-02-01,Brazil,0.0024833053704490177,0.0012250329633562576,0.00125827240709276
2011-02-01,South Africa,0.0009237543904931366,0.002572129019859198,-0.0016483746293660612
2011-02-01,Denmark,0.0,0.0022519336397178037,-0.0022519336397178037
2011-02-01,India,0.0,-0.0006834767237890098,0.0006834767237890098
2011-02-01,ChinaH,0.0,-0.0007674227337403337,0.0007674227337403337
2011-02-01,Hong Kong,-0.0029341038827154628,-0.0015073093431189153,-0.0014267945395965475
2011-02-01,Thailand,0.010217765830043921,0.0024458836721933117,0.007771882157850609
2011-02-01,Turkey,-0.004403914034726985,-0.0009714087350089533,-0.003432505299718032
2011-02-01,Spain,0.0001317546187225304,0.0003571680191064859,-0.00022541340038395553
2011-02-01,Vietnam,0.0,-0.0040769443033293225,0.0040769443033293225
2011-02-01,Saudi Arabia,0.0,0.0,0.0
2011-03-01,Singapore,0.009339022702235033,0.002061147606633746,0.007277875095601287
2011-03-01,Australia,0.0005300264826456552,0.0012026632899395262,-0.0006726368072938711
2011-03-01,Canada,0.0,6.757679447214409e-07,-6.757679447214409e-07
2011-03-01,Germany,0.0,-0.00019671466216737292,0.00019671466216737292
2011-03-01,Japan,-0.0016595386419256718,-0.004517365475838968,0.002857826833913296
2011-03-01,Switzerland,0.0,-0.0008640693771306461,0.0008640693771306461
2011-03-01,U.K.,0.0,-0.0008238439969506852,0.0008238439969506852
2011-03-01,NASDAQ,0.0,1.0220436001957637e-05,-1.0220436001957637e-05
2011-03-01,U.S.,0.0,1.844758804488291e-05,-1.844758804488291e-05
2011-03-01,France,0.0,-4.278452022849986e-05,4.278452022849986e-05
2011-03-01,Netherlands,0.0,0.0008656634957566277,-0.0008656634957566277
2011-03-01,Sweden,0.0029753342428921574,0.0007822519984479086,0.0021930822444442485
2011-03-01,Italy,0.0,-0.00018797617073358248,0.00018797617073358248
2011-03-01,ChinaA,0.0,0.002141860464013143,-0.002141860464013143
2011-03-01,Chile,0.0,0.0017228456460225941,-0.0017228456460225941
2011-03-01,Indonesia,0.0,0.003956154916223419,-0.003956154916223419
2011-03-01,Philippines,0.0,0.004032707596901718,-0.004032707596901718
2011-03-01,Poland,0.006287487758763705,0.0021346083557063334,0.004152879403057372
2011-03-01,US SmallCap,0.004076273302917077,0.001221878434282953,0.002854394868634124
2011-03-01,Malaysia,0.001799371848543439,0.0023426559271792114,-0.0005432840786357724
2011-03-01,Taiwan,0.0003289068382049591,0.0007528949541659069,-0.0004239881159609478
2011-03-01,Mexico,0.0,0.0011910630537029572,-0.0011910630537029572
2011-03-01,Korea,0.024644506219080327,0.004958205194338395,0.019686301024741934
2011-03-01,Brazil,0.0034314229016793175,0.0017056073682308246,0.001725815533448493
2011-03-01,South Africa,0.0008377854407868763,0.0023165303355461592,-0.0014787448947592829
2011-03-01,Denmark,0.0,0.0007991610603287774,-0.0007991610603287774
2011-03-01,India,0.0,0.004244119126142693,-0.004244119126142693
2011-03-01,ChinaH,0.0,0.00208604937693379,-0.00208604937693379
2011-03-01,Hong Kong,0.0013495936577843316,0.000565190433234687,0.0007844032245496446
2011-03-01,Thailand,0.01553368910612202,0.003715110018227039,0.011818579087894982
2011-03-01,Turkey,0.011745093826432523,0.0029113776036578465,0.008833716222774676
2011-03-01,Spain,0.0,-0.000364177826142329,0.000364177826142329
2011-03-01,Vietnam,0.0,0.0014920980581613814,-0.0014920980581613814
2011-03-01,Saudi Arabia,0.0,0.0,0.0
2011-04-01,Singapore,0.011161272741562017,0.002455342879244175,0.008705929862317842
2011-04-01,Australia,0.0011741696631144005,0.002666688905592944,-0.0014925192424785434
2011-04-01,Canada,0.0,0.000569614889925339,-0.000569614889925339
2011-04-01,Germany,0.0020017375957785476,0.00498229297341312,-0.0029805553776345727
2011-04-01,Japan,5.2958112095184416e-05,0.00014639319024692214,-9.343507815173773e-05
2011-04-01,Switzerland,0.0,0.0037660656767404483,-0.0037660656767404483
2011-04-01,U.K.,0.0014016703760878827,0.003419301658059749,-0.0020176312819718666
2011-04-01,NASDAQ,0.0,0.0015501166216497332,-0.0015501166216497332
2011-04-01,U.S.,0.0,0.0013568405974776242,-0.0013568405974776242
2011-04-01,France,0.0,0.003496607282574272,-0.003496607282574272
2011-04-01,Netherlands,0.0,0.0009645949053555252,-0.0009645949053555252
2011-04-01,Sweden,0.014617963234664997,0.0038138146581700705,0.010804148576494926
2011-04-01,Italy,0.0,0.003686917269988225,-0.003686917269988225
2011-04-01,ChinaA,0.0,0.0005561130144507649,-0.0005561130144507649
2011-04-01,Chile,0.0,0.004064556750295108,-0.004064556750295108
2011-04-01,Indonesia,0.0,0.002273143440475934,-0.002273143440475934
2011-04-01,Philippines,0.0,0.0026090570627577614,-0.0026090570627577614
2011-04-01,Poland,0.012648084266437716,0.004936450569025335,0.007711633697412381
2011-04-01,US SmallCap,0.004758362850213726,0.00127064211962673,0.003487720730586996
2011-04-01,Malaysia,0.000671183134490047,0.0008654416469583707,-0.00019425851246832363
2011-04-01,Taiwan,0.0012990785404138807,0.002974043926877102,-0.0016749653864632213
2011-04-01,Mexico,0.0,0.0008087483263965339,-0.0008087483263965339
2011-04-01,Korea,0.016966105660228815,0.0034018119843141816,0.013564293675914633
2011-04-01,Brazil,-0.00039326527085171086,-0.00024273769771285464,-0.00015052757313885622
2011-04-01,South Africa,0.0009365184215674483,0.0025777437892538493,-0.001641225367686401
2011-04-01,Denmark,0.000545439243444459,0.0013743428309628974,-0.0008289035875184384
2011-04-01,India,0.0,-0.00045204415511292253,0.00045204415511292253
2011-04-01,ChinaH,0.0,0.0004982916077651691,-0.0004982916077651691
2011-04-01,Hong Kong,0.0026341422592192246,0.0010976364343142377,0.0015365058249049868
2011-04-01,Thailand,0.012536981531737877,0.0032979960562196523,0.009238985475518224
2011-04-01,Turkey,0.015094081490207934,0.004206308408680145,0.010887773081527788
2011-04-01,Spain,0.0,0.0034532674061107547,-0.0034532674061107547
2011-04-01,Vietnam,0.0,0.0006766229647270571,-0.0006766229647270571
2011-04-01,Saudi Arabia,0.0,0.0,0.0
2011-05-01,Singapore,-0.003967867946222007,-0.0008690905352346474,-0.0030987774109873596
2011-05-01,Australia,-0.0010741937910587421,-0.002436514369014031,0.0013623205779552889
2011-05-01,Canada,0.0,-0.0014501638267102827,0.0014501638267102827
2011-05-01,Germany,-0.002957760783267831,-0.003898736467929112,0.0009409756846612809
2011-05-01,Japan,-0.0002463078783667081,-0.0006928917563201211,0.00044658387795341295
2011-05-01,Switzerland,0.0,0.000837782475746393,-0.000837782475746393
2011-05-01,U.K.,-0.00032730546367399103,-0.0007951944172603192,0.0004678889535863282
2011-05-01,NASDAQ,0.0,-0.0005745148764668537,0.0005745148764668537
2011-05-01,U.S.,0.0,-0.0005362380993901158,0.0005362380993901158
2011-05-01,France,0.0,-0.002464011578231284,0.002464011578231284
2011-05-01,Netherlands,0.0,-0.0024308396664887285,0.0024308396664887285
2011-05-01,Sweden,-0.006120656260679966,-0.001755074528989076,-0.00436558173169089
2011-05-01,Italy,0.0,-0.004018404347603323,0.004018404347603323
2011-05-01,ChinaA,0.0,-8.000316011179473e-05,8.000316011179473e-05
2011-05-01,Chile,0.0,-0.0002799779313113669,0.0002799779313113669
2011-05-01,Indonesia,0.0,0.00032045542458728176,-0.00032045542458728176
2011-05-01,Philippines,0.0,-0.0019379569949554622,0.0019379569949554622
2011-05-01,Poland,-0.004184378455026254,-0.0016290305286160496,-0.002555347926410205
2011-05-01,US SmallCap,-0.003467736480362388,-0.0009262880719229251,-0.0025414484084394628
2011-05-01,Malaysia,-0.00014127689356517077,-0.00018145757897979889,4.0180685414628115e-05
2011-05-01,Taiwan,-9.27871670185752e-05,-0.00021242058377864262,0.00011963341676006741
2011-05-01,Mexico,0.0,-0.0015026113263605237,0.0015026113263605237
2011-05-01,Korea,-0.009829944644848298,-0.001962482982591488,-0.007867461662256811
2011-05-01,Brazil,-0.001802242600083967,-0.00143315821614647,-0.000369084383937497
2011-05-01,South Africa,-0.0009212505318900648,-0.002520683990930077,0.001599433459040012
2011-05-01,Denmark,-0.0017818216129323753,-0.002306576531536601,0.0005247549186042258
2011-05-01,India,0.0,-0.0018151374526237207,0.0018151374526237207
2011-05-01,ChinaH,0.0,-2.5342354881101504e-05,2.5342354881101504e-05
2011-05-01,Hong Kong,0.0007038277978878241,0.00025071126066318264,0.0004531165372246415
2011-05-01,Thailand,-0.008098895530359862,-0.00212784712861697,-0.005971048401742892
2011-05-01,Turkey,-0.01760582904263125,-0.00548821226155053,-0.012117616781080719
2011-05-01,Spain,0.0,-0.003106118308545307,0.003106118308545307
2011-05-01,Vietnam,0.0,-0.00569753426431349,0.00569753426431349
2011-05-01,Saudi Arabia,0.0,0.0,0.0
2011-06-01,Singapore,-0.00333651955100978,-0.0007302340331538884,-0.0026062855178558917
2011-06-01,Australia,0.0,-0.00042329385133292894,0.00042329385133292894
2011-06-01,Canada,0.0,-0.001307864615728865,0.001307864615728865
2011-06-01,Germany,0.0011076452097960284,0.000917342783819196,0.00019030242597683242
2011-06-01,Japan,0.00020744698388109546,0.0005941866588921517,-0.00038673967501105626
2011-06-01,Switzerland,0.0,-0.002120172392408896,0.002120172392408896
2011-06-01,U.K.,-0.0009883619281493342,-0.001159130662835834,0.00017076873468649975
2011-06-01,NASDAQ,0.0,-0.0009985126345030337,0.0009985126345030337
2011-06-01,U.S.,0.0,-0.0007831619870226732,0.0007831619870226732
2011-06-01,France,5.274143723647787e-05,0.00011807804600092718,-6.533660876444932e-05
2011-06-01,Netherlands,0.0,-0.0012938807213501578,0.0012938807213501578
2011-06-01,Sweden,-0.007825755608401552,-0.0025514614494739117,-0.00527429415892764
2011-06-01,Italy,-0.0007039302011214194,-0.0015206291740016663,0.0008166989728802469
2011-06-01,ChinaA,0.0,-0.0019443514260945904,0.0019443514260945904
2011-06-01,Chile,0.0,5.76923903698803e-05,-5.76923903698803e-05
2011-06-01,Indonesia,0.0,0.0009804060195763998,-0.0009804060195763998
2011-06-01,Philippines,0.0,0.0006380340819678754,-0.0006380340819678754
2011-06-01,Poland,-0.0032649534481154776,-0.0012690463211140466,-0.001995907127001431
2011-06-01,US SmallCap,-0.0037392312367962167,-0.0011188560787208433,-0.0026203751580753734
2011-06-01,Malaysia,0.0007551081091518985,0.000965616399166776,-0.00021050829001487755
2011-06-01,Taiwan,-0.001003754344969412,-0.0022911007365989033,0.0012873463916294914
2011-06-01,Mexico,0.0,0.0004438062844699358,-0.0004438062844699358
2011-06-01,Korea,-0.004699661677785625,-0.0009321105107923583,-0.003767551166993267
2011-06-01,Brazil,-0.00017028996498614262,-0.00013657562857822427,-3.371433640791835e-05
2011-06-01,South Africa,-0.0002787754751451505,-0.0007612783258607467,0.0004825028507155962
2011-06-01,Denmark,-0.001726115581436761,-0.002227280844575189,0.0005011652631384282
2011-06-01,India,0.0,0.0008810783292674653,-0.0008810783292674653
2011-06-01,ChinaH,0.0,-0.001924498757327448,0.001924498757327448
2011-06-01,Hong Kong,-0.004987457757213374,-0.001771429994435018,-0.0032160277627783563
2011-06-01,Thailand,-0.006506545751063638,-0.0019223904380951044,-0.004584155312968534
2011-06-01,Turkey,-0.0008458792678462525,-0.00030847319748097545,-0.000537406070365277
2011-06-01,Spain,-7.261095832029166e-05,-0.00015464378793418967,8.203282961389801e-05
2011-06-01,Vietnam,0.0,0.002093184418077364,-0.002093184418077364
2011-06-01,Saudi Arabia,0.0,0.0,0.0
2011-07-01,Singapore,0.009088399225708164,0.0021902480504785698,0.006898151175229595
2011-07-01,Australia,-0.00042590943244873945,-0.001015763032484227,0.0005898536000354874
2011-07-01,Canada,0.0,-0.0009575905728227166,0.0009575905728227166
2011-07-01,Germany,-0.0030351376919341404,-0.0018672015415385028,-0.0011679361503956376
2011-07-01,Japan,0.0005201072556284442,0.001510453473813972,-0.0009903462181855278
2011-07-01,Switzerland,0.0,-0.0001248206208519405,0.0001248206208519405
2011-07-01,U.K.,0.00011705422295959757,9.15725016861248e-05,2.5481721273472774e-05
2011-07-01,NASDAQ,-0.00011223991979992058,-0.0002660194631412033,0.0001537795433412827
2011-07-01,U.S.,0.0,-0.0009389652186459626,0.0009389652186459626
2011-07-01,France,-0.0033019320890337782,-0.0038181336512546783,0.0005162015622209
2011-07-01,Netherlands,0.0,-0.001984553707312433,0.001984553707312433
2011-07-01,Sweden,-0.0057701097806888615,-0.0021832868308406333,-0.003586822949848228
2011-07-01,Italy,-0.0018814089431084895,-0.004071882429470791,0.0021904734863623016
2011-07-01,ChinaA,0.0,-0.00036161787934928333,0.00036161787934928333
2011-07-01,Chile,0.0,-0.002472458413401468,0.002472458413401468
2011-07-01,Indonesia,0.0,0.0035318429953618818,-0.0035318429953618818
2011-07-01,Philippines,0.0,0.0031621745914371226,-0.0031621745914371226
2011-07-01,Poland,-0.00331898770665463,-0.0013026965871406216,-0.0020162911195140084
2011-07-01,US SmallCap,-0.005002850542834227,-0.001704303112546936,-0.003298547430287291
2011-07-01,Malaysia,-6.937033213126842e-05,-8.837284468917616e-05,1.9002512557907743e-05
2011-07-01,Taiwan,-0.00024145486862089095,-0.0005503929162332153,0.0003089380476123244
2011-07-01,Mexico,0.0,-0.0003593122788031058,0.0003593122788031058
2011-07-01,Korea,0.004181421549646465,0.0008265597521326556,0.003354861797513809
2011-07-01,Brazil,-0.001553646369007869,-0.0018766230042002636,0.00032297663519239455
2011-07-01,South Africa,-0.00013513306054780717,-0.00036720084412675795,0.00023206778357895077
2011-07-01,Denmark,-0.0011933235295868666,-0.001541580668071349,0.0003482571384844824
2011-07-01,India,0.0,-0.0011249249040719115,0.0011249249040719115
2011-07-01,ChinaH,0.0,-0.0002899669163195141,0.0002899669163195141
2011-07-01,Hong Kong,0.0024914103538907517,0.0008871731054351742,0.0016042372484555774
2011-07-01,Thailand,0.018178774169178773,0.005319544188358107,0.012859229980820668
2011-07-01,Turkey,-0.005077149577208284,-0.002205322813481965,-0.0028718267637263192
2011-07-01,Spain,-0.0016174788108377634,-0.0034430643503694917,0.0018255855395317283
2011-07-01,Vietnam,0.0,-0.0032903568108971605,0.0032903568108971605
2011-07-01,Saudi Arabia,0.0,0.0,0.0
2011-08-01,Singapore,-0.01676719326333,-0.00447600597588552,-0.01229118728744448
2011-08-01,Australia,-0.001583251842595516,-0.0018519644462832148,0.00026871260368769873
2011-08-01,Canada,0.0,-0.0015610526666864392,0.0015610526666864392
2011-08-01,Germany,-0.017514537751284916,-0.008488389805161976,-0.00902614794612294
2011-08-01,Japan,-0.0012526293745632642,-0.003656458596488966,0.0024038292219257015
2011-08-01,Switzerland,0.0,-0.0030575023013584388,0.0030575023013584388
2011-08-01,U.K.,-0.003828708564485902,-0.0029788278995776744,-0.0008498806649082278
2011-08-01,NASDAQ,-0.002446565809696556,-0.002870885870792878,0.0004243200610963222
2011-08-01,U.S.,0.0,-0.0024533684117519243,0.0024533684117519243
2011-08-01,France,-0.0061160243002934805,-0.004650493560959039,-0.0014655307393344414
2011-08-01,Netherlands,0.0,-0.004205637680643846,0.004205637680643846
2011-08-01,Sweden,-0.012769706250937195,-0.004828834541426251,-0.007940871709510945
2011-08-01,Italy,-0.0027104983355695895,-0.005954818404684864,0.003244320069115275
2011-08-01,ChinaA,0.0,-0.004007476183353214,0.004007476183353214
2011-08-01,Chile,0.0,-0.0019204231584032322,0.0019204231584032322
2011-08-01,Indonesia,0.0,-0.004232083429437235,0.004232083429437235
2011-08-01,Philippines,0.0,-0.0020524680825684946,0.0020524680825684946
2011-08-01,Poland,-0.016820150792895998,-0.005620587123101967,-0.011199563669794032
2011-08-01,US SmallCap,-0.01158345959809754,-0.003935858809465585,-0.007647600788631954
2011-08-01,Malaysia,-0.0012052267283099716,-0.0034619458802016435,0.002256719151891672
2011-08-01,Taiwan,-0.0019091729175883569,-0.004339550445320733,0.002430377527732376
2011-08-01,Mexico,0.0,-0.001960959019914774,0.001960959019914774
2011-08-01,Korea,-0.032359905310107705,-0.006373902885443791,-0.025986002424663913
2011-08-01,Brazil,-0.0011498616692844242,-0.0027218648689059195,0.0015720031996214953
2011-08-01,South Africa,-0.00019688235542058457,-0.000533858973079145,0.0003369766176585605
2011-08-01,Denmark,-0.004454908159191256,-0.005780513184369183,0.0013256050251779271
2011-08-01,India,0.0,-0.005257121273735452,0.005257121273735452
2011-08-01,ChinaH,0.0,-0.004041491224020182,0.004041491224020182
2011-08-01,Hong Kong,-0.00761463974453401,-0.0027036984997663273,-0.004910941244767683
2011-08-01,Thailand,-0.011169596205488073,-0.0037131820290754233,-0.00745641417641265
2011-08-01,Turkey,-0.0106995931725671,-0.005698972805817025,-0.005000620366750075
2011-08-01,Spain,-0.0017133912053517322,-0.0037022931630022165,0.0019889019576504845
2011-08-01,Vietnam,0.0,0.00016930796358120178,-0.00016930796358120178
2011-08-01,Saudi Arabia,0.0,0.0,0.0
2011-09-01,Singapore,-0.019282554213368785,-0.005813700646847621,-0.013468853566521163
2011-09-01,Australia,-0.005347396058071527,-0.006196014044254254,0.0008486179861827269
2011-09-01,Canada,0.0,-0.00596742938652212,0.00596742938652212
2011-09-01,Germany,-0.0112261776477836,-0.004403252096301886,-0.006822925551481714
2011-09-01,Japan,-0.00035226448669059844,-0.0010330265165464007,0.0006807620298558023
2011-09-01,Switzerland,0.0,-0.00489541816482225,0.00489541816482225
2011-09-01,U.K.,-0.006298729444639739,-0.003669423408178994,-0.0026293060364607455
2011-09-01,NASDAQ,-0.003453666241886983,-0.002677582848823731,-0.000776083393063252
2011-09-01,U.S.,0.0,-0.002983574833296174,0.002983574833296174
2011-09-01,France,-0.010175599935533559,-0.00570371237817189,-0.004471887557361669
2011-09-01,Netherlands,0.0,-0.003702003368899473,0.003702003368899473
2011-09-01,Sweden,-0.01106502688476287,-0.005104044720134567,-0.005960982164628302
2011-09-01,Italy,-0.0017987898584046233,-0.00401829347049768,0.0022195036120930566
2011-09-01,ChinaA,0.0,-0.006764096893455139,0.006764096893455139
2011-09-01,Chile,0.0,-0.007694982233263743,0.007694982233263743
2011-09-01,Indonesia,0.0,-0.004562541167184716,0.004562541167184716
2011-09-01,Philippines,0.0,-0.004167535376869904,0.004167535376869904
2011-09-01,Poland,-0.029211230239175205,-0.008439852061988678,-0.02077137817718653
2011-09-01,US SmallCap,-0.013409032310074424,-0.004588164910198613,-0.008820867399875811
2011-09-01,Malaysia,-0.0015219722373633335,-0.004367253142108696,0.0028452809047453623
2011-09-01,Taiwan,-0.0018608198615667603,-0.004223429575561304,0.002362609713994544
2011-09-01,Mexico,0.0,-0.006623580800160489,0.006623580800160489
2011-09-01,Korea,-0.02808957923658239,-0.00553353532300632,-0.02255604391357607
2011-09-01,Brazil,0.0,-0.0073149045888814814,0.0073149045888814814
2011-09-01,South Africa,-0.002507727347004841,-0.006739014332265232,0.0042312869852603905
2011-09-01,Denmark,-0.0026155607375415828,-0.003418475362113919,0.0008029146245723362
2011-09-01,India,0.0,-0.002417310513719188,0.002417310513719188
2011-09-01,ChinaH,0.0,-0.006794303454403553,0.006794303454403553
2011-09-01,Hong Kong,-0.019375012989780976,-0.0068651870927994565,-0.012509825896981519
2011-09-01,Thailand,-0.02046433661303204,-0.007924875733607664,-0.012539460879424378
2011-09-01,Turkey,0.0024082684953454013,0.0016663221080549663,0.000741946387290435
2011-09-01,Spain,-0.0014623478036262815,-0.003197906493153873,0.0017355586895275916
2011-09-01,Vietnam,0.0,-0.0021176134277630172,0.0021176134277630172
2011-09-01,Saudi Arabia,0.0,0.0,0.0
2011-10-01,Singapore,0.012626352312349808,0.0038289980692114986,0.008797354243138308
2011-10-01,Australia,0.005345805519786925,0.006162023210976529,-0.000816217691189604
2011-10-01,Canada,0.0016546481488593906,0.0037857013337434715,-0.002131053184884081
2011-10-01,Germany,0.013487810853464052,0.005306431250348753,0.0081813796031153
2011-10-01,Japan,-7.531115783136093e-05,-0.00010181343375181819,2.6502275920457257e-05
2011-10-01,Switzerland,0.0,0.003177289056266674,-0.003177289056266674
2011-10-01,U.K.,0.010195656611575855,0.004762143112007146,0.005433513499568709
2011-10-01,NASDAQ,0.005742636108302397,0.004391148912464307,0.0013514871958380898
2011-10-01,U.S.,0.0,0.004260014816489572,-0.004260014816489572
2011-10-01,France,0.007562370109539896,0.004270486859252251,0.0032918832502876446
2011-10-01,Netherlands,0.0,0.004536535652944023,-0.004536535652944023
2011-10-01,Sweden,0.009026270230501145,0.0053191960259862765,0.003707074204514869
2011-10-01,Italy,0.0018794800928819408,0.00426630102104535,-0.0023868209281634085
2011-10-01,ChinaA,0.0,0.00498368493394331,-0.00498368493394331
2011-10-01,Chile,0.0,0.006245244374817859,-0.006245244374817859
2011-10-01,Indonesia,0.0,0.0036359273519112685,-0.0036359273519112685
2011-10-01,Philippines,0.0,0.004341613925693084,-0.004341613925693084
2011-10-01,Poland,0.012388878926391771,0.004174543256934341,0.00821433566945743
2011-10-01,US SmallCap,0.018467569520241686,0.005451754526187407,0.01301581499405428
2011-10-01,Malaysia,0.001652190022463083,0.004709268809949885,-0.003057078787486802
2011-10-01,Taiwan,0.0010779491572919728,0.002438977705183313,-0.0013610285478913402
2011-10-01,Mexico,0.0,0.005009789435662997,-0.005009789435662997
2011-10-01,Korea,0.027069704878966837,0.005352413051704106,0.02171729182726273
2011-10-01,Brazil,0.0,0.006394291829465486,-0.006394291829465486
2011-10-01,South Africa,0.0012806013064423799,0.0034305183262922038,-0.002149917019849824
2011-10-01,Denmark,0.0019281692288779483,0.0025328530218516093,-0.0006046837929736611
2011-10-01,India,0.0,0.003044913544454155,-0.003044913544454155
2011-10-01,ChinaH,0.0,0.004891207200096112,-0.004891207200096112
2011-10-01,Hong Kong,0.010378710360896614,0.004386989067572409,0.005991721293324205
2011-10-01,Thailand,0.012369565023772667,0.004845286340781628,0.007524278682991039
2011-10-01,Turkey,-0.0010478031538502066,-0.0009917545372221204,-5.6048616628086214e-05
2011-10-01,Spain,0.001368961833990019,0.0030174251267356114,-0.0016484632927455923
2011-10-01,Vietnam,0.0,-0.0010764328237831773,0.0010764328237831773
2011-10-01,Saudi Arabia,0.0,0.0,0.0
2011-11-01,Singapore,-0.010792829988533467,-0.0032763529594317313,-0.0075164770291017355
2011-11-01,Australia,-0.002403593113655144,-0.0027453164913236266,0.00034172337766848236
2011-11-01,Canada,-0.0004678190391811713,-0.0010642638989501905,0.0005964448597690192
2011-11-01,Germany,-0.004083573110264511,-0.0016106466576683088,-0.002472926452596202
2011-11-01,Japan,-0.0021317593940558687,-0.0017844790261439558,-0.0003472803679119129
2011-11-01,Switzerland,0.0,-0.0022751066991465504,0.0022751066991465504
2011-11-01,U.K.,-0.0019445519729162652,-0.0007532533003740287,-0.0011912986725422367
2011-11-01,NASDAQ,-0.0012461208071387956,-0.0009419266007955956,-0.00030419420634319994
2011-11-01,U.S.,-4.009875585692952e-05,-9.488260862483044e-05,5.4783852767900925e-05
2011-11-01,France,-0.004088409090838654,-0.0023248439549081053,-0.0017635651359305484
2011-11-01,Netherlands,-0.001068338675117551,-0.002337896894823374,0.0012695582197058233
2011-11-01,Sweden,-0.0024562688327828272,-0.0019995894555911186,-0.0004566793771917086
2011-11-01,Italy,-0.001162416845955708,-0.002679397275682322,0.0015169804297266141
2011-11-01,ChinaA,0.0,-0.003221791600768252,0.003221791600768252
2011-11-01,Chile,0.0,-0.0036495757836674664,0.0036495757836674664
2011-11-01,Indonesia,0.0,-0.002447832401649508,0.002447832401649508
2011-11-01,Philippines,0.0,-0.002855104691810149,0.002855104691810149
2011-11-01,Poland,-0.008832577144839378,-0.003540306432012458,-0.00529227071282692
2011-11-01,US SmallCap,-0.0005029951968253766,-0.0001496078804953647,-0.0003533873163300119
2011-11-01,Malaysia,-0.0006256622485977082,-0.0017690505492789141,0.001143388300681206
2011-11-01,Taiwan,-0.001592507932405854,-0.0036019241609092914,0.0020094162285034375
2011-11-01,Mexico,0.0,-0.000773231510305291,0.000773231510305291
2011-11-01,Korea,-0.012107738963764797,-0.002397242138809095,-0.009710496824955702
2011-11-01,Brazil,0.0,-0.0027473630273349317,0.0027473630273349317
2011-11-01,South Africa,-5.59791244829888e-05,-0.0001494684693415314,9.348934485854259e-05
2011-11-01,Denmark,0.0008279396643700975,0.001095976961672747,-0.00026803729730264956
2011-11-01,India,0.0,-0.0062834012959759105,0.0062834012959759105
2011-11-01,ChinaH,0.0,-0.0031682579085642103,0.0031682579085642103
2011-11-01,Hong Kong,-0.006776024997733276,-0.002870718755536711,-0.0039053062421965648
2011-11-01,Thailand,-0.002140064067642989,-0.001018597328785569,-0.00112146673885742
2011-11-01,Turkey,-0.0013282616753198953,-0.0019483750929920112,0.0006201134176721159
2011-11-01,Spain,-0.0015762630234036473,-0.0035098644255294412,0.0019336014021257939
2011-11-01,Vietnam,0.0,-0.005347442799490222,0.005347442799490222
2011-11-01,Saudi Arabia,0.0,0.0,0.0
2011-12-01,Singapore,-0.0026644924375742954,-0.0009322794381658356,-0.00173221299940846
2011-12-01,Australia,-0.0006602558413954717,-0.000509852537115414,-0.00015040330428005776
2011-12-01,Canada,-0.00037136798573704667,-0.0008418593941508215,0.0004704914084137748
2011-12-01,Germany,-0.006101386200908848,-0.002407447839279278,-0.00369393836162957
2011-12-01,Japan,0.0004419106036009845,0.00027315760061409654,0.00016875300298688797
2011-12-01,Switzerland,0.0,0.00065550957617658,-0.00065550957617658
2011-12-01,U.K.,0.00016558974008741407,5.513082901577544e-05,0.00011045891107163863
2011-12-01,NASDAQ,-0.00028374274549456476,-0.00021226721250899863,-7.147553298556613e-05
2011-12-01,U.S.,0.00018401760376444986,0.0004303937200229651,-0.0002463761162585152
2011-12-01,France,-0.002673149624634743,-0.0012068679727975718,-0.001466281651837171
2011-12-01,Netherlands,1.103345374821209e-05,1.231900411805649e-05,-1.2855503698444002e-06
2011-12-01,Sweden,-0.00029885477207038146,-0.00038278100198319313,8.392622991281167e-05
2011-12-01,Italy,-0.0006650211813875002,-0.0015423787323223257,0.0008773575509348255
2011-12-01,ChinaA,0.0,0.000877691016727224,-0.000877691016727224
2011-12-01,Chile,0.0,0.00019468454392077507,-0.00019468454392077507
2011-12-01,Indonesia,0.0,0.0009861865812503257,-0.0009861865812503257
2011-12-01,Philippines,0.0,0.0015338801893369615,-0.0015338801893369615
2011-12-01,Poland,-0.006956374606011615,-0.002809027095399527,-0.004147347510612088
2011-12-01,US SmallCap,0.0007851989962314428,0.00026749156032954217,0.0005177074359019006
2011-12-01,Malaysia,0.0005832040724138056,0.0016362442838369217,-0.001053040211423116
2011-12-01,Taiwan,0.0004535241164631085,0.0010336086358550991,-0.0005800845193919906
2011-12-01,Mexico,0.0,-0.0008247332560495143,0.0008247332560495143
2011-12-01,Korea,-0.002347302475005609,-0.00046582053742967654,-0.0018814819375759324
2011-12-01,Brazil,0.0,-0.0007186388705027159,0.0007186388705027159
2011-12-01,South Africa,-0.0002584622162525536,-0.0006858699091543558,0.0004274076929018022
2011-12-01,Denmark,-0.0006277725093875509,-0.0008296662439210507,0.00020189373453349986
2011-12-01,India,0.0,-0.0019817292412891204,0.0019817292412891204
2011-12-01,ChinaH,0.0,0.0008359749427188293,-0.0008359749427188293
2011-12-01,Hong Kong,0.0013502710454489448,0.0006961802870072344,0.0006540907584417104
2011-12-01,Thailand,0.0009129441804655148,0.0005447487902875427,0.00036819539017797205
2011-12-01,Turkey,-0.0009540151879529601,-0.0029971232620189187,0.0020431080740659587
2011-12-01,Spain,-0.0006417858972908011,-0.0007066753790854924,6.488948179469132e-05
2011-12-01,Vietnam,0.0,-0.0016678474564193872,0.0016678474564193872
2011-12-01,Saudi Arabia,0.0,0.0,0.0
2012-01-01,Singapore,0.013012164542666136,0.0052168430440169295,0.007795321498649206
2012-01-01,Australia,0.004279301320112762,0.003289471225339341,0.000989830094773421
2012-01-01,Canada,0.0009918886153519595,0.002243980349050342,-0.0012520917336983825
2012-01-01,Germany,0.01027103523766777,0.003540207283147439,0.006730827954520331
2012-01-01,Japan,0.002800262542166047,0.0017363854654492933,0.0010638770767167536
2012-01-01,Switzerland,0.0,0.000984009441993893,-0.000984009441993893
2012-01-01,U.K.,0.005088476280882122,0.0015143504101741104,0.003574125870708012
2012-01-01,NASDAQ,0.004472261958811141,0.00330954429055265,0.0011627176682584908
2012-01-01,U.S.,0.0008158711620886633,0.0018839281373752065,-0.0010680569752865433
2012-01-01,France,0.004896093268771501,0.0018928124748238584,0.003003280793947643
2012-01-01,Netherlands,0.0010524461754149242,0.0011746001951285156,-0.0001221540197135914
2012-01-01,Sweden,0.0008943221721613405,0.0021186031707137445,-0.0012242809985524039
2012-01-01,Italy,0.0008895952106332721,0.0020841657286905088,-0.0011945705180572367
2012-01-01,ChinaA,0.0,0.003962593517940295,-0.003962593517940295
2012-01-01,Chile,0.0,0.0028137342720789115,-0.0028137342720789115
2012-01-01,Indonesia,0.0,0.0019041971102693584,-0.0019041971102693584
2012-01-01,Philippines,0.0,0.00451130411596396,-0.00451130411596396
2012-01-01,Poland,0.011348421172235355,0.0046549173369270095,0.006693503835308346
2012-01-01,US SmallCap,0.008320549509012903,0.002858987858328972,0.0054615616506839305
2012-01-01,Malaysia,0.000634449986291562,0.0017595893230750235,-0.0011251393367834616
2012-01-01,Taiwan,0.001412107123153684,0.0032429458193195732,-0.0018308386961658893
2012-01-01,Mexico,0.0,0.002904919599671748,-0.002904919599671748
2012-01-01,Korea,0.019577061344301854,0.003892157178280345,0.01568490416602151
2012-01-01,Brazil,0.0,0.00553556404702754,-0.00553556404702754
2012-01-01,South Africa,0.0011352645514369375,0.0030127066843674494,-0.0018774421329305119
2012-01-01,Denmark,0.0012317586541214206,0.001630728406202962,-0.00039896975208154146
2012-01-01,India,0.0,0.006688790148858909,-0.006688790148858909
2012-01-01,ChinaH,0.0,0.0038921597972162375,-0.0038921597972162375
2012-01-01,Hong Kong,0.005645576036101964,0.003558560346312472,0.002087015689789492
2012-01-01,Thailand,0.005829892182816825,0.0034454906600919653,0.0023844015227248595
2012-01-01,Turkey,0.0,0.005945081338048736,-0.005945081338048736
2012-01-01,Spain,0.00022265831784267246,0.00017336434101438146,4.9293976828291e-05
2012-01-01,Vietnam,0.0,0.004165711511881593,-0.004165711511881593
2012-01-01,Saudi Arabia,0.0,0.0,0.0
2012-02-01,Singapore,0.0051208648580187265,0.0020312042410082646,0.003089660617010462
2012-02-01,Australia,0.0023949176098216883,0.0014293260042981466,0.0009655916055235417
2012-02-01,Canada,0.0006294661484488662,0.0014247627497045267,-0.0007952966012556605
2012-02-01,Germany,0.009274817487828362,0.0032183557060841235,0.006056461781744239
2012-02-01,Japan,0.004009009496883918,0.0020194739294466845,0.0019895355674372332
2012-02-01,Switzerland,0.0,0.0019206546305710174,-0.0019206546305710174
2012-02-01,U.K.,0.00970350220113947,0.002589472281201158,0.007114029919938312
2012-02-01,NASDAQ,0.003350458463981967,0.0024581493385590868,0.0008923091254228804
2012-02-01,U.S.,0.0008225732368654659,0.0018844275806065953,-0.0010618543437411294
2012-02-01,France,0.006638812457719061,0.0025957895442467304,0.00404302291347233
2012-02-01,Netherlands,0.0014515239721574885,0.0016310372442760758,-0.00017951327211858728
2012-02-01,Sweden,0.0017504661311491716,0.004175542400322251,-0.0024250762691730796
2012-02-01,Italy,0.0007466125999870564,0.0017825032731626535,-0.0010358906731755971
2012-02-01,ChinaA,0.0,0.002649343439969926,-0.002649343439969926
2012-02-01,Chile,0.0,0.003672349189816293,-0.003672349189816293
2012-02-01,Indonesia,0.0,-0.0004593965349975429,0.0004593965349975429
2012-02-01,Philippines,0.0,0.0023887361150160507,-0.0023887361150160507
2012-02-01,Poland,0.0037965144047323422,0.0015755816362689463,0.002220932768463396
2012-02-01,US SmallCap,0.003010590850367017,0.0010295945340567047,0.001980996316310312
2012-02-01,Malaysia,0.0,0.0018997345726933326,-0.0018997345726933326
2012-02-01,Taiwan,0.0012718399324209725,0.002948704751960354,-0.0016768648195393816
2012-02-01,Mexico,0.0,0.0012659940273747974,-0.0012659940273747974
2012-02-01,Korea,0.010000158191590072,0.001976822180863925,0.008023336010726148
2012-02-01,Brazil,0.0,0.0022894827003779213,-0.0022894827003779213
2012-02-01,South Africa,0.0,0.0030313759479536954,-0.0030313759479536954
2012-02-01,Denmark,0.004192371192752661,0.005585530272884099,-0.0013931590801314377
2012-02-01,India,0.0,0.0018852394447477145,-0.0018852394447477145
2012-02-01,ChinaH,0.0,0.002648594554911874,-0.002648594554911874
2012-02-01,Hong Kong,0.005782228226933151,0.003565029773953405,0.0022171984529797454
2012-02-01,Thailand,0.006597087815692778,0.005007254468606042,0.0015898333470867358
2012-02-01,Turkey,0.0,0.0028456247935389,-0.0028456247935389
2012-02-01,Spain,0.0007864934287496128,0.0006221277301510797,0.00016436569859853316
2012-02-01,Vietnam,0.0,0.0026719502765100932,-0.0026719502765100932
2012-02-01,Saudi Arabia,0.0,0.0,0.0
2012-03-01,Singapore,-0.0005460688782532042,-0.00021650618333310086,-0.0003295626949201034
2012-03-01,Australia,-0.0016490609403373888,-0.000982633699099857,-0.0006664272412375319
2012-03-01,Canada,-0.0005387131259594214,-0.001229101983979708,0.0006903888580202867
2012-03-01,Germany,0.0010466433576529416,0.00036618706020505163,0.00068045629744789
2012-03-01,Japan,0.00038788337635205835,0.00016021368749389545,0.0002276696888581629
2012-03-01,Switzerland,0.0,0.0007339663789754138,-0.0007339663789754138
2012-03-01,U.K.,-0.0011061166555910648,-0.00026297877607738034,-0.0008431378795136844
2012-03-01,NASDAQ,0.003543409052430834,0.001972546048511586,0.0015708630039192478
2012-03-01,U.S.,0.0006519713839611492,0.0014837302634956868,-0.0008317588795345376
2012-03-01,France,-0.0007935943536897386,-0.00031498480819684954,-0.0004786095454928891
2012-03-01,Netherlands,0.00033408103498809956,0.0003800071083813937,-4.592607339329416e-05
2012-03-01,Sweden,0.0,-0.0012325909903473727,0.0012325909903473727
2012-03-01,Italy,-0.00039235237846005713,-0.0009608965969017302,0.0005685442184416731
2012-03-01,ChinaA,0.0,-0.00298749672846482,0.00298749672846482
2012-03-01,Chile,0.0,0.0002484334038481699,-0.0002484334038481699
2012-03-01,Indonesia,0.0,0.0005374174677742048,-0.0005374174677742048
2012-03-01,Philippines,0.0,0.0022973375101517845,-0.0022973375101517845
2012-03-01,Poland,-0.001067934179980178,-0.0005460264282000345,-0.0005219077517801436
2012-03-01,US SmallCap,0.0037973033036798718,0.0011263086755018074,0.0026709946281780646
2012-03-01,Malaysia,0.0,-0.00010053592635179212,0.00010053592635179212
2012-03-01,Taiwan,0.0,-0.000953541782900152,0.000953541782900152
2012-03-01,Mexico,0.0,0.0019162529969729322,-0.0019162529969729322
2012-03-01,Korea,-0.0013026235583158876,-0.00025666358583251517,-0.0010459599724833724
2012-03-01,Brazil,0.0,-0.002793515434986311,0.002793515434986311
2012-03-01,South Africa,0.0,-0.0014571547061114707,0.0014571547061114707
2012-03-01,Denmark,-0.0006834892629748073,-0.0009144398943886827,0.00023095063141387534
2012-03-01,India,0.0,-0.002115379803395162,0.002115379803395162
2012-03-01,ChinaH,0.0,-0.0029375664087253036,0.0029375664087253036
2012-03-01,Hong Kong,-0.003332348356903941,-0.0020509446273900035,-0.0012814037295139375
2012-03-01,Thailand,0.00018943206958923245,0.0002224007985970128,-3.296872900778036e-05
2012-03-01,Turkey,0.0,6.728241489078042e-05,-6.728241489078042e-05
2012-03-01,Spain,-0.0027616797341296,-0.0022365449602117942,-0.0005251347739178057
2012-03-01,Vietnam,0.0,0.00017163423898699723,-0.00017163423898699723
2012-03-01,Saudi Arabia,0.0,0.0,0.0
2012-04-01,Singapore,0.0009238051851563525,0.00036601686224626965,0.0005577883229100828
2012-04-01,Australia,0.0013221614033563087,0.0007873191034094212,0.0005348422999468875
2012-04-01,Canada,9.393748455697223e-05,0.00021583317102006575,-0.00012189568646309352
2012-04-01,Germany,-0.004949217740089616,-0.001720608517902497,-0.003228609222187119
2012-04-01,Japan,-0.0039040656783236676,-0.001367420041480595,-0.0025366456368430728
2012-04-01,Switzerland,0.0,-0.0009767159941411372,0.0009767159941411372
2012-04-01,U.K.,0.003100848080098503,0.0007363867538366952,0.002364461326261808
2012-04-01,NASDAQ,-0.0012101670535462645,-0.0006634043193096722,-0.0005467627342365923
2012-04-01,U.S.,-0.0001287779827678157,-0.0002894213865514539,0.00016064340378363823
2012-04-01,France,-0.00622151951461866,-0.00249834850366175,-0.0037231710109569102
2012-04-01,Netherlands,-0.0019237390550541655,-0.0022081685733777758,0.00028442951832361027
2012-04-01,Sweden,0.0,-0.0010394741492115798,0.0010394741492115798
2012-04-01,Italy,-0.0012954653509269335,-0.003246570297362036,0.0019511049464351023
2012-04-01,ChinaA,0.0,0.001444417303293879,-0.001444417303293879
2012-04-01,Chile,0.0,-0.0006045500589874634,0.0006045500589874634
2012-04-01,Indonesia,0.0,-0.00015788865460054528,0.00015788865460054528
2012-04-01,Philippines,0.0,0.001355230480198091,-0.001355230480198091
2012-04-01,Poland,-0.0025461215484963067,-0.001323774788135354,-0.0012223467603609526
2012-04-01,US SmallCap,-0.002057969882310815,-0.0006928095609868403,-0.0013651603213239746
2012-04-01,Malaysia,0.0,-0.00034615753393847366,0.00034615753393847366
2012-04-01,Taiwan,0.0,-0.0017470656884866673,0.0017470656884866673
2012-04-01,Mexico,0.0,-0.00023375228808096722,0.00023375228808096722
2012-04-01,Korea,3.344594846923384e-05,6.5747000197542745e-06,2.6871248449479564e-05
2012-04-01,Brazil,0.0,-0.0025643860535876284,0.0025643860535876284
2012-04-01,South Africa,0.0,-4.515662918903386e-05,4.515662918903386e-05
2012-04-01,Denmark,0.0004694213483201513,0.0012999105845701365,-0.0008304892362499852
2012-04-01,India,0.0,-0.001865345306842133,0.001865345306842133
2012-04-01,ChinaH,0.0,0.0014091964530000285,-0.0014091964530000285
2012-04-01,Hong Kong,0.0005611976193158932,0.00034404288412453543,0.00021715473519135777
2012-04-01,Thailand,0.0020718895570768924,0.0016566115917591906,0.0004152779653177018
2012-04-01,Turkey,0.0,-0.0010807356133536012,0.0010807356133536012
2012-04-01,Spain,-0.005583549528214659,-0.004634326024945497,-0.0009492235032691615
2012-04-01,Vietnam,0.0,0.0028413963008764075,-0.0028413963008764075
2012-04-01,Saudi Arabia,0.0,0.0,0.0
2012-05-01,Singapore,-0.011007662145415695,-0.004377228569694884,-0.006630433575720811
2012-05-01,Australia,-0.008923926150381591,-0.005301439458133401,-0.0036224866922481905
2012-05-01,Canada,-0.0019078502011423918,-0.004394226016261012,0.00248637581511862
2012-05-01,Germany,-0.0151565797848171,-0.00606090724643039,-0.00909567253838671
2012-05-01,Japan,-0.012037912634223925,-0.003686220492124086,-0.00835169214209984
2012-05-01,Switzerland,0.0,-0.0043937534829768315,0.0043937534829768315
2012-05-01,U.K.,-0.022071631302670754,-0.004774336463658987,-0.017297294839011768
2012-05-01,NASDAQ,-0.007130469638018529,-0.0032314398921376637,-0.0038990297458808654
2012-05-01,U.S.,-0.0012241118574944805,-0.0027131221998337113,0.0014890103423392308
2012-05-01,France,-0.01155176987458851,-0.004721506594260641,-0.006830263280327868
2012-05-01,Netherlands,-0.0038066575646257973,-0.004414864363998198,0.0006082067993724008
2012-05-01,Sweden,0.0,-0.006201113413522814,0.006201113413522814
2012-05-01,Italy,-0.0023912156521672034,-0.006179640667533353,0.00378842501536615
2012-05-01,ChinaA,0.0,-0.004749943964555853,0.004749943964555853
2012-05-01,Chile,0.0,-0.005334142486403501,0.005334142486403501
2012-05-01,Indonesia,0.0,-0.004992757694119651,0.004992757694119651
2012-05-01,Philippines,0.0,-0.0020926219569867006,0.0020926219569867006
2012-05-01,Poland,-0.009800118513048326,-0.006307039646707282,-0.003493078866341044
2012-05-01,US SmallCap,-0.009749967635404581,-0.0029024915811012683,-0.0068474760543033135
2012-05-01,Malaysia,0.0,-0.0018510154162238385,0.0018510154162238385
2012-05-01,Taiwan,0.0,-0.002025939352917379,0.002025939352917379
2012-05-01,Mexico,0.0,-0.005217319649077901,0.005217319649077901
2012-05-01,Korea,-0.02468828166431499,-0.004851663891607305,-0.019836617772707687
2012-05-01,Brazil,0.0,-0.0056842183911701505,0.0056842183911701505
2012-05-01,South Africa,0.0,-0.004197661010348131,0.004197661010348131
2012-05-01,Denmark,0.0,-0.005381779707304792,0.005381779707304792
2012-05-01,India,0.0,-0.00458272268302436,0.00458272268302436
2012-05-01,ChinaH,0.0,-0.00472632380631523,0.00472632380631523
2012-05-01,Hong Kong,-0.006729200660484021,-0.00415991410158838,-0.002569286558895641
2012-05-01,Thailand,-0.004738912702435668,-0.00554942388681499,0.0008105111843793216
2012-05-01,Turkey,0.0,-0.00492058643854684,0.00492058643854684
2012-05-01,Spain,-0.006789343341991223,-0.005853202571145601,-0.0009361407708456219
2012-05-01,Vietnam,0.0,-0.0022190573909669727,0.0022190573909669727
2012-05-01,Saudi Arabia,0.0,0.0,0.0
2012-06-01,Singapore,0.00677072746426081,0.0023376583921536714,0.004433069072107139
2012-06-01,Australia,0.004065017899511608,0.002409710890537266,0.001655307008974342
2012-06-01,Canada,0.0004633259622327747,0.0010704307653955172,-0.0006071048031627425
2012-06-01,Germany,0.0033922069829218984,0.001659409925346275,0.0017327970575756234
2012-06-01,Japan,0.006875343175367383,0.001873751295218237,0.005001591880149146
2012-06-01,Switzerland,0.0,0.0023256115324020803,-0.0023256115324020803
2012-06-01,U.K.,0.013519454307887358,0.002976272977067757,0.010543181330819601
2012-06-01,NASDAQ,0.00424290426534483,0.0016393520892881786,0.0026035521760566513
2012-06-01,U.S.,0.0007888157551525614,0.0017186874967877496,-0.0009298717416351882
2012-06-01,France,0.005863329992791606,0.002942045578602653,0.0029212844141889532
2012-06-01,Netherlands,0.0025069905103636773,0.002937024239527109,-0.0004300337291634317
2012-06-01,Sweden,0.0,0.0032463701422232507,-0.0032463701422232507
2012-06-01,Italy,0.0,0.0043056172711332585,-0.0043056172711332585
2012-06-01,ChinaA,0.0,0.0002781952645419218,-0.0002781952645419218
2012-06-01,Chile,0.0,0.0021415868785581225,-0.0021415868785581225
2012-06-01,Indonesia,0.0,0.002302348550182696,-0.002302348550182696
2012-06-01,Philippines,0.0,0.002782374665268167,-0.002782374665268167
2012-06-01,Poland,0.0063360364321138245,0.005614553761677157,0.0007214826704366678
2012-06-01,US SmallCap,0.007581369657562905,0.002026095451391734,0.005555274206171171
2012-06-01,Malaysia,0.0,0.0008617395153296388,-0.0008617395153296388
2012-06-01,Taiwan,0.0,-0.0002179817676726794,0.0002179817676726794
2012-06-01,Mexico,0.0,0.004920845051601186,-0.004920845051601186
2012-06-01,Korea,0.00616147550652662,0.0012297165758653147,0.004931758930661305
2012-06-01,Brazil,0.0,0.0003901027690236764,-0.0003901027690236764
2012-06-01,South Africa,0.0,0.0016442235390739988,-0.0016442235390739988
2012-06-01,Denmark,0.0,0.0026415478677333966,-0.0026415478677333966
2012-06-01,India,0.0,0.0028865969175782087,-0.0028865969175782087
2012-06-01,ChinaH,0.0,0.00025825376122037537,-0.00025825376122037537
2012-06-01,Hong Kong,0.0034531540629635523,0.0017328452317670754,0.001720308831196477
2012-06-01,Thailand,0.0013677213615723828,0.0015712112939959052,-0.00020348993242352235
2012-06-01,Turkey,0.0,0.006618910468468053,-0.006618910468468053
2012-06-01,Spain,0.0041118541774152655,0.005721053509019193,-0.0016091993316039279
2012-06-01,Vietnam,0.0,-0.00036761492931999725,0.00036761492931999725
2012-06-01,Saudi Arabia,0.0,0.0,0.0
2012-07-01,Singapore,0.010682820961841609,0.0032170745034497106,0.007465746458391898
2012-07-01,Australia,0.0037145120440924243,0.0029781832704739416,0.0007363287736184827
2012-07-01,Canada,0.0003624995905937916,0.0008412966903912039,-0.0004787970997974123
2012-07-01,Germany,0.0015435499919045773,0.0009469807158750578,0.0005965692760295195
2012-07-01,Japan,-0.003831854009221101,-0.0009329035975194248,-0.002898950411701676
2012-07-01,Switzerland,0.0,0.0008615531360465146,-0.0008615531360465146
2012-07-01,U.K.,0.0024165877473796807,0.0005336936000732142,0.0018828941473064665
2012-07-01,NASDAQ,0.00021110802176098077,8.319121819612589e-05,0.00012791680356485487
2012-07-01,U.S.,0.0002767839709624551,0.000593302037306912,-0.0003165180663444569
2012-07-01,France,-1.897937502628996e-05,-1.1952323376216984e-05,-7.027051650072976e-06
2012-07-01,Netherlands,0.0011346711778263924,0.0013383713310176834,-0.00020370015319129105
2012-07-01,Sweden,0.0,0.0024994451145710964,-0.0024994451145710964
2012-07-01,Italy,0.0,-0.0019703780008789367,0.0019703780008789367
2012-07-01,ChinaA,0.0,0.0005034450422906927,-0.0005034450422906927
2012-07-01,Chile,0.0,-0.00011416328734925883,0.00011416328734925883
2012-07-01,Indonesia,0.0,0.0023258515112192903,-0.0023258515112192903
2012-07-01,Philippines,0.0,0.0007710902278770674,-0.0007710902278770674
2012-07-01,Poland,-0.00041338388327499646,-0.0005485977227586772,0.00013521383948368073
2012-07-01,US SmallCap,-0.0024352247829832452,-0.0005835996722513417,-0.0018516251107319037
2012-07-01,Malaysia,0.0,0.0011903694307820792,-0.0011903694307820792
2012-07-01,Taiwan,0.0,-0.000462703724424588,0.000462703724424588
2012-07-01,Mexico,0.0,0.0009790773322160295,-0.0009790773322160295
2012-07-01,Korea,0.006621011405023196,0.0013247199996221021,0.005296291405401094
2012-07-01,Brazil,0.0,0.0005084295167507848,-0.0005084295167507848
2012-07-01,South Africa,0.0,0.0010253382318957496,-0.0010253382318957496
2012-07-01,Denmark,0.0,0.0022766010717043777,-0.0022766010717043777
2012-07-01,India,0.0,-0.00042744748202556005,0.00042744748202556005
2012-07-01,ChinaH,0.0,0.0004869966384070916,-0.0004869966384070916
2012-07-01,Hong Kong,0.0033980651576147702,0.0014059105641777718,0.0019921545934369986
2012-07-01,Thailand,0.0006862872022278653,0.0007722247991088109,-8.593759688094562e-05
2012-07-01,Turkey,0.0,0.0015960144791140297,-0.0015960144791140297
2012-07-01,Spain,-0.0018843460671845217,-0.0027069204153731753,0.0008225743481886537
2012-07-01,Vietnam,0.0,-0.0008280522200679831,0.0008280522200679831
2012-07-01,Saudi Arabia,0.0,0.0,0.0
2012-08-01,Singapore,-0.0006739598400014144,-0.00020206876790993306,-0.00047189107209148133
2012-08-01,Australia,0.00020310654386423023,0.0002545723792563694,-5.1465835392139195e-05
2012-08-01,Canada,0.0007165172337848168,0.0016679357159384803,-0.0009514184821536636
2012-08-01,Germany,0.0024681301549648255,0.0020316287724209377,0.0004365013825438878
2012-08-01,Japan,-0.0013284277672727669,-0.0002925095541896687,-0.0010359182130830983
2012-08-01,Switzerland,0.0,0.0009112015461611921,-0.0009112015461611921
2012-08-01,U.K.,0.009261236916752668,0.0018543182048782875,0.00740691871187438
2012-08-01,NASDAQ,0.004780673766457296,0.0019198250789549864,0.0028608486875023095
2012-08-01,U.S.,0.0008485406308820014,0.000960323662683888,-0.0001117830318018866
2012-08-01,France,0.0026038465349262005,0.0022288188621949175,0.000375027672731283
2012-08-01,Netherlands,0.0012991097706992493,0.0015355180248094401,-0.0002364082541101908
2012-08-01,Sweden,0.0,3.817411920945429e-05,-3.817411920945429e-05
2012-08-01,Italy,0.0,0.003842752097387175,-0.003842752097387175
2012-08-01,ChinaA,0.0,-0.0012407292741738773,0.0012407292741738773
2012-08-01,Chile,0.0,-0.0005498021912297794,0.0005498021912297794
2012-08-01,Indonesia,0.0,-0.0015066119124532706,0.0015066119124532706
2012-08-01,Philippines,0.0,-0.0010546710289276034,0.0010546710289276034
2012-08-01,Poland,0.0008779839293276445,0.0023094722989179216,-0.001431488369590277
2012-08-01,US SmallCap,0.0057253253934913635,0.0013772512475667953,0.004348074145924568
2012-08-01,Malaysia,0.0,9.225835598878716e-05,-9.225835598878716e-05
2012-08-01,Taiwan,0.0,0.0007451612780143061,-0.0007451612780143061
2012-08-01,Mexico,0.0,-0.000981695532270527,0.000981695532270527
2012-08-01,Korea,-0.001537657467753223,-0.00033716988025906004,-0.001200487587494163
2012-08-01,Brazil,0.0,0.00013893329475488746,-0.00013893329475488746
2012-08-01,South Africa,0.0,7.862284193157073e-05,-7.862284193157073e-05
2012-08-01,Denmark,0.0,0.001420482315231664,-0.001420482315231664
2012-08-01,India,0.0,0.00063166216793257,-0.00063166216793257
2012-08-01,ChinaH,0.0,-0.001226725990618772,0.001226725990618772
2012-08-01,Hong Kong,0.0009119866328740591,0.00032070140611995695,0.0005912852267541021
2012-08-01,Thailand,0.00038372508039709774,0.00042802486137971614,-4.4299780982618396e-05
2012-08-01,Turkey,0.000756375730981114,0.0019451134905826167,-0.0011887377596015028
2012-08-01,Spain,0.0029072008989169166,0.004326242136993838,-0.0014190412380769217
2012-08-01,Vietnam,0.0,-0.0029255297765550317,0.0029255297765550317
2012-08-01,Saudi Arabia,0.0,0.0,0.0
2012-09-01,Singapore,0.005118823829268405,0.0013523336998779848,0.0037664901293904198
2012-09-01,Australia,0.0009394550872703083,0.0011740551116010889,-0.0002346000243307805
2012-09-01,Canada,0.0006507763364043787,0.0015221715919623985,-0.0008713952555580198
2012-09-01,Germany,0.0017665412942012824,0.002314095440217669,-0.0005475541460163867
2012-09-01,Japan,0.0023189597908937726,0.0005143247234742232,0.0018046350674195493
2012-09-01,Switzerland,0.0,0.0012777684355924873,-0.0012777684355924873
2012-09-01,U.K.,0.0056811974339861055,0.0011347189914973246,0.004546478442488781
2012-09-01,NASDAQ,0.0018153507841989986,0.0007376017253126742,0.0010777490588863244
2012-09-01,U.S.,0.0009945450754981658,0.0011098466808809621,-0.00011530160538279636
2012-09-01,France,0.00029398990487232944,0.00039338468630167916,-9.939478142934971e-05
2012-09-01,Netherlands,0.0004255192851079589,0.0005022730480492904,-7.675376294133146e-05
2012-09-01,Sweden,0.0,0.0016155061014676523,-0.0016155061014676523
2012-09-01,Italy,0.0,0.0008048420943152934,-0.0008048420943152934
2012-09-01,ChinaA,0.0,0.002322894953621794,-0.002322894953621794
2012-09-01,Chile,0.0,0.0011682991628800341,-0.0011682991628800341
2012-09-01,Indonesia,0.0,0.001996503054442223,-0.001996503054442223
2012-09-01,Philippines,0.0,0.002151379966470406,-0.002151379966470406
2012-09-01,Poland,0.0,0.0036647940407418854,-0.0036647940407418854
2012-09-01,US SmallCap,0.005766693549794258,0.0013859478199466579,0.0043807457298476
2012-09-01,Malaysia,0.0,0.0006072339492689188,-0.0006072339492689188
2012-09-01,Taiwan,0.0,0.0028336117028978708,-0.0028336117028978708
2012-09-01,Mexico,0.0,0.002885900542818105,-0.002885900542818105
2012-09-01,Korea,0.012381603732289486,0.002705067535623354,0.00967653619666613
2012-09-01,Brazil,0.0,0.0010347832312754923,-0.0010347832312754923
2012-09-01,South Africa,0.0,0.0013757501622762513,-0.0013757501622762513
2012-09-01,Denmark,0.0,0.0009843481777583921,-0.0009843481777583921
2012-09-01,India,0.0,0.00541497274365276,-0.00541497274365276
2012-09-01,ChinaH,0.0,0.00230549231646609,-0.00230549231646609
2012-09-01,Hong Kong,0.01085155474350427,0.003291484926536645,0.007560069816967625
2012-09-01,Thailand,0.0028745075036986237,0.0031831848980771417,-0.00030867739437851795
2012-09-01,Turkey,-1.3902566520149341e-05,-1.721641860718151e-05,3.3138520870321687e-06
2012-09-01,Spain,0.0014199060432515992,0.002160257750371068,-0.0007403517071194687
2012-09-01,Vietnam,0.0,0.0002357917358867179,-0.0002357917358867179
2012-09-01,Saudi Arabia,0.0,0.0,0.0
2012-10-01,Singapore,-0.0026018954995613275,-0.0006856930394456757,-0.0019162024601156518
2012-10-01,Australia,0.0010051006632109387,0.001250427230477529,-0.0002453265672665902
2012-10-01,Canada,0.0,-0.0001413354683150144,0.0001413354683150144
2012-10-01,Germany,0.000864109377312208,0.0007109089963676675,0.0001532003809445405
2012-10-01,Japan,-0.0029749939830629128,-0.0007352778463390039,-0.0022397161367239088
2012-10-01,Switzerland,0.0,0.0011190901159877672,-0.0011190901159877672
2012-10-01,U.K.,0.001980868621913317,0.000394437690273992,0.001586430931639325
2012-10-01,NASDAQ,-0.005632062120083604,-0.001924524792961875,-0.003707537327121729
2012-10-01,U.S.,-0.0007290541614068653,-0.0008069737961635577,7.791963475669238e-05
2012-10-01,France,0.0008277543317301221,0.0011150505064012447,-0.00028729617467112265
2012-10-01,Netherlands,0.0011624935121530354,0.0013762798874133913,-0.00021378637526035587
2012-10-01,Sweden,0.0,-0.0010172646748321673,0.0010172646748321673
2012-10-01,Italy,0.0,0.0013437624220125567,-0.0013437624220125567
2012-10-01,ChinaA,0.0,0.0023098337112040504,-0.0023098337112040504
2012-10-01,Chile,0.0,-0.0006474450614190574,0.0006474450614190574
2012-10-01,Indonesia,0.0,0.0012781397374066336,-0.0012781397374066336
2012-10-01,Philippines,0.0,0.001398291270460782,-0.001398291270460782
2012-10-01,Poland,0.0,-0.0011157104264626762,0.0011157104264626762
2012-10-01,US SmallCap,-0.003904387672698381,-0.0009367959493465194,-0.0029675917233518614
2012-10-01,Malaysia,0.0,0.0011429018156485877,-0.0011429018156485877
2012-10-01,Taiwan,0.0,-0.002589147004186538,0.002589147004186538
2012-10-01,Mexico,0.0,-9.117594241581437e-05,9.117594241581437e-05
2012-10-01,Korea,-0.005327970731870299,-0.001160226534332931,-0.004167744197537368
2012-10-01,Brazil,0.0,-0.00034759735966293154,0.00034759735966293154
2012-10-01,South Africa,0.0,-0.0006878567257746959,0.0006878567257746959
2012-10-01,Denmark,0.0,-0.0003820273882889523,0.0003820273882889523
2012-10-01,India,0.0,-0.0016490618343505776,0.0016490618343505776
2012-10-01,ChinaH,0.0,0.002290697800034301,-0.002290697800034301
2012-10-01,Hong Kong,0.002487335795652088,0.0006622542730354802,0.0018250815226166076
2012-10-01,Thailand,-0.0003281102005594968,-0.0007799487423737341,0.00045183854181423734
2012-10-01,Turkey,0.003889670092736098,0.0048210358416194326,-0.0009313657488833347
2012-10-01,Spain,0.0006555380903428782,0.0010202971718278654,-0.00036475908148498714
2012-10-01,Vietnam,0.0,-0.0014350136221544223,0.0014350136221544223
2012-10-01,Saudi Arabia,0.0,0.0,0.0
2012-11-01,Singapore,0.002646992488763402,0.0006978347141204338,0.0019491577746429682
2012-11-01,Australia,0.0004701541402153754,0.0005836110192266435,-0.00011345687901126813
2012-11-01,Canada,0.0,-0.0001895223750847229,0.0001895223750847229
2012-11-01,Germany,0.0019038400553200896,0.001146668655755255,0.0007571713995648346
2012-11-01,Japan,0.0033059020691527615,0.0009265549288791123,0.002379347140273649
2012-11-01,Switzerland,0.0,0.001721298750375317,-0.001721298750375317
2012-11-01,U.K.,0.004172170917719842,0.0009108004316308723,0.00326137048608897
2012-11-01,NASDAQ,0.001969023827564466,0.0005778173807416186,0.0013912064468228475
2012-11-01,U.S.,0.00010407601579983603,0.00024718623970766966,-0.00014311022390783363
2012-11-01,France,0.0012943341512526366,0.001753511643492217,-0.0004591774922395803
2012-11-01,Netherlands,0.0005527444996365213,0.001341942629068162,-0.0007891981294316407
2012-11-01,Sweden,0.0,0.001337952270992406,-0.001337952270992406
2012-11-01,Italy,0.0,0.0008403399719107013,-0.0008403399719107013
2012-11-01,ChinaA,0.0,0.0008001320691963906,-0.0008001320691963906
2012-11-01,Chile,0.0,-0.0012767692710586702,0.0012767692710586702
2012-11-01,Indonesia,0.0,-0.0014477971465971236,0.0014477971465971236
2012-11-01,Philippines,0.0,0.0024677674599583323,-0.0024677674599583323
2012-11-01,Poland,0.0,0.0024382615446802824,-0.0024382615446802824
2012-11-01,US SmallCap,0.0009338173889985199,0.00022405704327837174,0.0007097603457201482
2012-11-01,Malaysia,0.0,-0.0011716689434990493,0.0011716689434990493
2012-11-01,Taiwan,0.0,0.0028809073489409866,-0.0028809073489409866
2012-11-01,Mexico,0.0,0.0007910428652611071,-0.0007910428652611071
2012-11-01,Korea,0.004923015064245819,0.0010702661594828287,0.0038527489047629902
2012-11-01,Brazil,0.0,-0.0011504563103512586,0.0011504563103512586
2012-11-01,South Africa,0.0,-0.0005942154703342271,0.0005942154703342271
2012-11-01,Denmark,0.0,0.0007458335649482379,-0.0007458335649482379
2012-11-01,India,0.0,0.0019842042055848944,-0.0019842042055848944
2012-11-01,ChinaH,0.0,0.0007995088377997951,-0.0007995088377997951
2012-11-01,Hong Kong,0.006108477073841988,0.001449143299042455,0.0046593337747995334
2012-11-01,Thailand,0.00029396402674074473,0.0006901447113541803,-0.00039618068461343554
2012-11-01,Turkey,9.310751179179526e-05,7.686157899757242e-05,1.624593279422285e-05
2012-11-01,Spain,0.00047740478778955555,0.0007567088318735941,-0.0002793040440840386
2012-11-01,Vietnam,0.0,-0.0015083278355749155,0.0015083278355749155
2012-11-01,Saudi Arabia,0.0,0.0,0.0
2012-12-01,Singapore,0.005712620940674771,0.0013534289911572,0.004359191949517571
2012-12-01,Australia,0.0005180024557383189,0.0013694219269513876,-0.0008514194712130687
2012-12-01,Canada,0.0,0.0006738420905706659,-0.0006738420905706659
2012-12-01,Germany,0.0030120043963546713,0.0018145981179675873,0.001197406278387084
2012-12-01,Japan,0.006545842151208713,0.0020939544037087343,0.0044518877474999784
2012-12-01,Switzerland,0.0,0.0005824558663235323,-0.0005824558663235323
2012-12-01,U.K.,0.004075567986520078,0.0009793090149960984,0.0030962589715239795
2012-12-01,NASDAQ,0.0010063366013946082,0.00026244282228907244,0.0007438937791055358
2012-12-01,U.S.,0.0001638200780614082,0.0003887943237941963,-0.00022497424573278809
2012-12-01,France,0.0005175533773379315,0.0015461507288729137,-0.0010285973515349821
2012-12-01,Netherlands,0.0,0.001239078489007432,-0.001239078489007432
2012-12-01,Sweden,0.0,0.0018361981801433044,-0.0018361981801433044
2012-12-01,Italy,0.0,0.0015757863175266103,-0.0015757863175266103
2012-12-01,ChinaA,0.0008598205909652978,0.0021000359668699184,-0.0012402153759046206
2012-12-01,Chile,0.0,0.001711455812209874,-0.001711455812209874
2012-12-01,Indonesia,0.0,0.0007307150070267903,-0.0007307150070267903
2012-12-01,Philippines,0.0,0.0013328455259995818,-0.0013328455259995818
2012-12-01,Poland,0.0015682987764601625,0.0041028272859084825,-0.0025345285094483198
2012-12-01,US SmallCap,0.006323776381417897,0.0015193339612895953,0.004804442420128302
2012-12-01,Malaysia,0.0,0.0017773476021206783,-0.0017773476021206783
2012-12-01,Taiwan,0.0,0.00038692923055116615,-0.00038692923055116615
2012-12-01,Mexico,0.0,0.0018443857344379755,-0.0018443857344379755
2012-12-01,Korea,0.01260712244301479,0.0027512536465636246,0.009855868796451166
2012-12-01,Brazil,0.0,0.002922637225787287,-0.002922637225787287
2012-12-01,South Africa,0.0,0.004193836765011224,-0.004193836765011224
2012-12-01,Denmark,0.0,0.0010868269472589182,-0.0010868269472589182
2012-12-01,India,0.0,-8.399793491326404e-06,8.399793491326404e-06
2012-12-01,ChinaH,0.0,0.0021027190729874805,-0.0021027190729874805
2012-12-01,Hong Kong,0.0019037082382624489,0.0004101190900012759,0.001493589148261173
2012-12-01,Thailand,0.001174244714490641,0.0027318856203241517,-0.0015576409058335107
2012-12-01,Turkey,0.0055381524890712585,0.0034782399525131176,0.002059912536558141
2012-12-01,Spain,0.0005411550297533955,0.0019287217086706048,-0.0013875666789172094
2012-12-01,Vietnam,0.0,0.004070135811061745,-0.004070135811061745
2012-12-01,Saudi Arabia,0.0,0.0,0.0
2013-01-01,Singapore,0.0030658925082492064,0.0006691029609832702,0.0023967895472659364
2013-01-01,Australia,0.0009764030309971848,0.0025761356976946046,-0.00159973266669742
2013-01-01,Canada,0.0,0.0008043185075950306,-0.0008043185075950306
2013-01-01,Germany,0.003919375157019629,0.0023993703079003017,0.0015200048491193275
2013-01-01,Japan,0.004370310982951245,0.0015758157702387096,0.0027944952127125357
2013-01-01,Switzerland,0.0,0.0039687758198118156,-0.0039687758198118156
2013-01-01,U.K.,0.00699336401358875,0.001832747793987939,0.005160616219600811
2013-01-01,NASDAQ,0.0072673931459312086,0.0017375417310361995,0.0055298514148950095
2013-01-01,U.S.,0.0009434420131295251,0.0022462212771190678,-0.0013027792639895427
2013-01-01,France,0.0,0.002570506141087928,-0.002570506141087928
2013-01-01,Netherlands,0.0,0.003726699768690177,-0.003726699768690177
2013-01-01,Sweden,0.0,0.0036658159281238636,-0.0036658159281238636
2013-01-01,Italy,0.0,0.004075444228290155,-0.004075444228290155
2013-01-01,ChinaA,0.0007720907670443872,0.001887475362807294,-0.0011153845957629068
2013-01-01,Chile,0.0,0.003130547257846393,-0.003130547257846393
2013-01-01,Indonesia,0.0,0.00115170756869996,-0.00115170756869996
2013-01-01,Philippines,0.0,0.0037023945007679856,-0.0037023945007679856
2013-01-01,Poland,-0.0011265352856203142,-0.0016373406630422545,0.0005108053774219403
2013-01-01,US SmallCap,0.010477446464376223,0.002754271612487855,0.007723174851888368
2013-01-01,Malaysia,0.0,-0.0021656291764768285,0.0021656291764768285
2013-01-01,Taiwan,0.0,0.00010414317509289517,-0.00010414317509289517
2013-01-01,Mexico,0.0,0.0025632288680609793,-0.0025632288680609793
2013-01-01,Korea,-0.008994954376702833,-0.001969360877097373,-0.00702559349960546
2013-01-01,Brazil,0.0,0.0012072240799208278,-0.0012072240799208278
2013-01-01,South Africa,0.0,-0.0025715315872037077,0.0025715315872037077
2013-01-01,Denmark,0.0,0.005154615568698761,-0.005154615568698761
2013-01-01,India,0.0,0.0021181924681236385,-0.0021181924681236385
2013-01-01,ChinaH,0.0,0.0019149002758384861,-0.0019149002758384861
2013-01-01,Hong Kong,0.013485669741667714,0.002702875012678811,0.010782794728988902
2013-01-01,Thailand,0.0011622743704103593,0.0026817940421895842,-0.001519519671779225
2013-01-01,Turkey,0.0017269679720801846,0.0008980299152439189,0.0008289380568362657
2013-01-01,Spain,0.0,0.002826347983318461,-0.002826347983318461
2013-01-01,Vietnam,0.0,0.007895043121290794,-0.007895043121290794
2013-01-01,Saudi Arabia,0.0,0.0,0.0
2013-02-01,Singapore,0.0003462636740309661,7.561213517658571e-05,0.0002706515388543804
2013-02-01,Australia,0.0,0.002017836474722307,-0.002017836474722307
2013-02-01,Canada,0.0,-0.000626548665907287,0.000626548665907287
2013-02-01,Germany,-0.003839911355744593,-0.0019197200898220309,-0.0019201912659225623
2013-02-01,Japan,0.0028300820425315007,0.001181956230590539,0.0016481258119409618
2013-02-01,Switzerland,0.0,0.0002882543369298858,-0.0002882543369298858
2013-02-01,U.K.,-0.0030780628552857935,-0.0008961405057823798,-0.002181922349503414
2013-02-01,NASDAQ,0.0015351777080737084,0.0003356936529157665,0.0011994840551579418
2013-02-01,U.S.,0.0002599723826170894,0.0006188697305377568,-0.0003588973479206674
2013-02-01,France,-0.0005995761486061199,-0.0016510678981787447,0.0010514917495726248
2013-02-01,Netherlands,0.0,-0.003365543328319824,0.003365543328319824
2013-02-01,Sweden,0.0,0.0006116512991807626,-0.0006116512991807626
2013-02-01,Italy,0.0,-0.006281919032508118,0.006281919032508118
2013-02-01,ChinaA,-0.0007672232135432597,-0.001880460642643386,0.0011132374291001263
2013-02-01,Chile,0.0,-0.0004069150544807765,0.0004069150544807765
2013-02-01,Indonesia,0.0,0.00426950589894124,-0.00426950589894124
2013-02-01,Philippines,0.0,0.004455344189916595,-0.004455344189916595
2013-02-01,Poland,-0.0019853935955936545,-0.0018837813717743964,-0.0001016122238192581
2013-02-01,US SmallCap,0.0017667270147542693,0.0005160515249223919,0.0012506754898318775
2013-02-01,Malaysia,0.0,0.0006314886045216834,-0.0006314886045216834
2013-02-01,Taiwan,0.0,0.00017352241553218674,-0.00017352241553218674
2013-02-01,Mexico,0.0,-0.0014809482027118622,0.0014809482027118622
2013-02-01,Korea,0.007458225622620226,0.0017902397720303974,0.005667985850589828
2013-02-01,Brazil,0.0,-0.0010813965367076506,0.0010813965367076506
2013-02-01,South Africa,0.0,-0.0010192624567699465,0.0010192624567699465
2013-02-01,Denmark,0.0,-0.0015310696500212154,0.0015310696500212154
2013-02-01,India,0.0,-0.0033151388733314554,0.0033151388733314554
2013-02-01,ChinaH,0.0,-0.00188463800754834,0.00188463800754834
2013-02-01,Hong Kong,-0.0014870684060662865,-0.0002982743149927908,-0.0011887940910734957
2013-02-01,Thailand,0.0005095069531606794,0.0011650616638463702,-0.0006555547106856909
2013-02-01,Turkey,-0.001927696469757879,-0.0008407735154531093,-0.00108692295430477
2013-02-01,Spain,0.0,-0.002930137555203629,0.002930137555203629
2013-02-01,Vietnam,0.0,-0.001819760258099594,0.001819760258099594
2013-02-01,Saudi Arabia,0.0,0.0,0.0
2013-03-01,Singapore,0.002765706510819297,0.0006036330908261536,0.0021620734199931436
2013-03-01,Australia,0.0,-0.00022949695118661123,0.00022949695118661123
2013-03-01,Canada,0.0,0.00025864726947328703,-0.00025864726947328703
2013-03-01,Germany,-0.00099746354244216,-0.0004991366017814481,-0.000498326940660712
2013-03-01,Japan,0.0036822824164266274,0.0018866326459365357,0.0017956497704900917
2013-03-01,Switzerland,0.0,0.0006416951715576567,-0.0006416951715576567
2013-03-01,U.K.,0.002641816049353491,0.0008883262203742367,0.0017534898289792542
2013-03-01,NASDAQ,0.0063994447980566796,0.001560441995860737,0.004839002802195943
2013-03-01,U.S.,0.000728338971388167,0.0017272849052119448,-0.0009989459338237779
2013-03-01,France,-0.0005824590624590297,-0.0007164214143707811,0.00013396235191175142
2013-03-01,Netherlands,0.00031731840296863126,0.0006942865751999372,-0.0003769681722313059
2013-03-01,Sweden,0.0,-0.00028290332750745273,0.00028290332750745273
2013-03-01,Italy,-0.0011126769899659768,-0.002311274345902251,0.0011985973559362744
2013-03-01,ChinaA,-0.0008560631812451271,-0.002111899677253757,0.0012558364960086298
2013-03-01,Chile,0.0,-0.0008597955937287745,0.0008597955937287745
2013-03-01,Indonesia,0.0,0.0004045262275769727,-0.0004045262275769727
2013-03-01,Philippines,0.0,0.0008378024021050627,-0.0008378024021050627
2013-03-01,Poland,-0.003812523372976104,-0.0025233798541551117,-0.0012891435188209922
2013-03-01,US SmallCap,0.006456619986740552,0.002175341660596677,0.004281278326143875
2013-03-01,Malaysia,0.0,0.001214416556016238,-0.001214416556016238
2013-03-01,Taiwan,0.0,-0.00037332719468270384,0.00037332719468270384
2013-03-01,Mexico,0.0,0.001732208305995014,-0.001732208305995014
2013-03-01,Korea,-0.006732738762330212,-0.0018159185409408643,-0.004916820221389348
2013-03-01,Brazil,0.0,-0.00048653239980995936,0.00048653239980995936
2013-03-01,South Africa,0.0,-0.0007057559001556037,0.0007057559001556037
2013-03-01,Denmark,0.0,-0.002120420274085544,0.002120420274085544
2013-03-01,India,0.0,-7.704504780093571e-05,7.704504780093571e-05
2013-03-01,ChinaH,0.0,-0.002067735504749979,0.002067735504749979
2013-03-01,Hong Kong,-0.003895018077430001,-0.0007808131833296787,-0.003114204894100322
2013-03-01,Thailand,0.00039034064318198617,0.0008842004684065639,-0.0004938598252245777
2013-03-01,Turkey,0.011161349169271162,0.004051114740277669,0.0071102344289934935
2013-03-01,Spain,0.0,-0.002829908705454946,0.002829908705454946
2013-03-01,Vietnam,0.0,0.0003685762785407241,-0.0003685762785407241
2013-03-01,Saudi Arabia,0.0,0.0,0.0
2013-04-01,Singapore,0.007224936083544082,0.0015746415153359043,0.005650294568208178
2013-04-01,Australia,0.0009489810252107544,0.002316151182012817,-0.0013671701568020627
2013-04-01,Canada,0.0,-0.0006359216094259863,0.0006359216094259863
2013-04-01,Germany,0.0022390212748697527,0.0014159577140609129,0.0008230635608088399
2013-04-01,Japan,0.006533101965575993,0.004222900148314372,0.002310201817261621
2013-04-01,Switzerland,0.0,0.001661339220190424,-0.001661339220190424
2013-04-01,U.K.,0.004222120630990608,0.001661526420910479,0.002560594210080129
2013-04-01,NASDAQ,0.0036707890797953798,0.0008968879601836774,0.002773901119611702
2013-04-01,U.S.,0.00038814977017799724,0.0009176169289801409,-0.0005294671588021436
2013-04-01,France,0.003284842935830969,0.002638111963120294,0.0006467309727106753
2013-04-01,Netherlands,0.0006057660154989259,0.001324600058307006,-0.00071883404280808
2013-04-01,Sweden,0.0,0.00031898580112389567,-0.00031898580112389567
2013-04-01,Italy,0.00235108548229443,0.004965597768778225,-0.002614512286483795
2013-04-01,ChinaA,0.0004322700020696868,0.0005022863279385726,-7.001632586888575e-05
2013-04-01,Chile,0.0,-0.0013934315553338424,0.0013934315553338424
2013-04-01,Indonesia,0.0,0.001007472772702745,-0.001007472772702745
2013-04-01,Philippines,0.0,0.001521332966932453,-0.001521332966932453
2013-04-01,Poland,0.0009305744256307512,0.00047400035904665333,0.0004565740665840979
2013-04-01,US SmallCap,-0.0005373373790522612,-0.0001801605378309496,-0.0003571768412213116
2013-04-01,Malaysia,0.0,0.001999981889660233,-0.001999981889660233
2013-04-01,Taiwan,0.0,0.0018006912656311758,-0.0018006912656311758
2013-04-01,Mexico,0.0,-0.0009833411741265118,0.0009833411741265118
2013-04-01,Korea,-0.0035567294787754366,-0.001089027942000818,-0.0024677015367746188
2013-04-01,Brazil,0.0,0.0008229926863041725,-0.0008229926863041725
2013-04-01,South Africa,0.0,7.367037731229803e-05,-7.367037731229803e-05
2013-04-01,Denmark,0.0,0.001719556913050358,-0.001719556913050358
2013-04-01,India,0.0,0.0021862364991119556,-0.0021862364991119556
2013-04-01,ChinaH,0.0,0.0004911241323702504,-0.0004911241323702504
2013-04-01,Hong Kong,0.0061371916408370945,0.0012283888194188932,0.004908802821418201
2013-04-01,Thailand,0.0,0.0017411911487509662,-0.0017411911487509662
2013-04-01,Turkey,0.0035341484421863973,0.0011056185957034146,0.0024285298464829827
2013-04-01,Spain,0.0,0.004415488458438851,-0.004415488458438851
2013-04-01,Vietnam,0.0,-0.002985050918759844,0.002985050918759844
2013-04-01,Saudi Arabia,0.0,0.0,0.0
2013-05-01,Singapore,-0.009852265753037895,-0.0023451473197932033,-0.007507118433244692
2013-05-01,Australia,-0.0024732190989346543,-0.005982182335197136,0.0035089632362624813
2013-05-01,Canada,0.0,-0.0002201299037307069,0.0002201299037307069
2013-05-01,Germany,0.0015736516866365115,0.0009955738465751624,0.000578077840061349
2013-05-01,Japan,-0.003538055402214438,-0.0029922033364311856,-0.0005458520657832524
2013-05-01,Switzerland,0.0,-0.0013459432740521658,0.0013459432740521658
2013-05-01,U.K.,0.0008356532118110784,0.0003879329388504347,0.00044772027296064376
2013-05-01,NASDAQ,0.007791628042152839,0.0019027788875886314,0.005888849154564207
2013-05-01,U.S.,0.00048014407773703215,0.0011328573444325612,-0.000652713266695529
2013-05-01,France,0.0006122937132879357,0.00037622555358233725,0.0002360681597055985
2013-05-01,Netherlands,0.0009589361613507912,0.0011373428768119552,-0.00017840671546116404
2013-05-01,Sweden,0.0,-0.0005683380227331129,0.0005683380227331129
2013-05-01,Italy,8.23400922648392e-05,0.00017429778233479294,-9.195769006995374e-05
2013-05-01,ChinaA,-0.00048736681093382674,-0.0005719122285472091,8.454541761338235e-05
2013-05-01,Chile,0.0,-0.0034621216782240306,0.0034621216782240306
2013-05-01,Indonesia,0.0,-0.0019411175502812628,0.0019411175502812628
2013-05-01,Philippines,0.0,-0.001682522257919053,0.001682522257919053
2013-05-01,Poland,0.003159011270249019,0.0016136810564836984,0.0015453302137653207
2013-05-01,US SmallCap,0.00580223422914645,0.0019477401557338621,0.0038544940734125876
2013-05-01,Malaysia,0.0,0.0014874161549110433,-0.0014874161549110433
2013-05-01,Taiwan,0.0,-3.716404066793568e-05,3.716404066793568e-05
2013-05-01,Mexico,0.0,-0.002780424429963055,0.002780424429963055
2013-05-01,Korea,0.0005252711349544062,0.0001836851077023191,0.00034158602725208704
2013-05-01,Brazil,0.0,-0.003223761498917899,0.003223761498917899
2013-05-01,South Africa,0.0,-0.002353705031720052,0.002353705031720052
2013-05-01,Denmark,0.0,-0.0018970047794712903,0.0018970047794712903
2013-05-01,India,0.0,-0.0016986512676164351,0.0016986512676164351
2013-05-01,ChinaH,0.0,-0.0005594787050922799,0.0005594787050922799
2013-05-01,Hong Kong,-0.004161031801486775,-0.000832529688648579,-0.0033285021128381964
2013-05-01,Thailand,0.0,-0.0037286636658807617,0.0037286636658807617
2013-05-01,Turkey,-0.006617187332960581,-0.0018300795163818063,-0.004787107816578775
2013-05-01,Spain,-0.0005465188604764342,-0.0014520612150893434,0.0009055423546129092
2013-05-01,Vietnam,0.0,0.0028667278863380155,-0.0028667278863380155
2013-05-01,Saudi Arabia,0.0,0.0,0.0
2013-06-01,Singapore,-0.008207936228765294,-0.0021561193995756557,-0.006051816829189639
2013-06-01,Australia,-0.0012774509227724128,-0.003083756531417281,0.001806305608644868
2013-06-01,Canada,0.0,-0.0024769870740305394,0.0024769870740305394
2013-06-01,Germany,-0.003268034892361358,-0.0020533350395985956,-0.0012146998527627624
2013-06-01,Japan,0.0009722984930570629,0.0008202971095965793,0.00015200138346048355
2013-06-01,Switzerland,0.0,-0.0009466494551184846,0.0009466494551184846
2013-06-01,U.K.,-0.0040788021892386355,-0.0022988403711982795,-0.001779961818040356
2013-06-01,NASDAQ,-0.0026142776897081087,-0.0007007417149636236,-0.001913535974744485
2013-06-01,U.S.,-0.00028217138318908377,-0.0006651568530287156,0.0003829854698396318
2013-06-01,France,-0.004999067983350627,-0.002494004385310183,-0.002505063598040444
2013-06-01,Netherlands,-0.0021438051342771267,-0.0017641221230641757,-0.00037968301121295094
2013-06-01,Sweden,0.0,-0.00324669492654095,0.00324669492654095
2013-06-01,Italy,-0.004625669121248677,-0.005431157432791013,0.0008054883115423362
2013-06-01,ChinaA,-0.0032804166177301105,-0.0038875402630355865,0.0006071236453054759
2013-06-01,Chile,0.0,-0.001723190072444759,0.001723190072444759
2013-06-01,Indonesia,0.0,-0.0022384412032015817,0.0022384412032015817
2013-06-01,Philippines,0.0,-0.004147228805209099,0.004147228805209099
2013-06-01,Poland,-0.009303277733237199,-0.003938875552161544,-0.005364402181075655
2013-06-01,US SmallCap,-0.0006778723754501835,-0.0002588882378948696,-0.0004189841375553139
2013-06-01,Malaysia,0.0,-0.0010752105671957557,0.0010752105671957557
2013-06-01,Taiwan,0.0,-0.0010831888528213913,0.0010831888528213913
2013-06-01,Mexico,0.0,-0.001634543567967599,0.001634543567967599
2013-06-01,Korea,-0.008892533556691238,-0.003601766244681597,-0.00529076731200964
2013-06-01,Brazil,0.0,-0.005374325040191544,0.005374325040191544
2013-06-01,South Africa,0.0,-0.0006926319759625462,0.0006926319759625462
2013-06-01,Denmark,0.0,-0.0017295000359972333,0.0017295000359972333
2013-06-01,India,0.0,-0.003050328738105772,0.003050328738105772
2013-06-01,ChinaH,0.0,-0.0039256544390105265,0.0039256544390105265
2013-06-01,Hong Kong,-0.011801883710256747,-0.002554430282964366,-0.009247453427292381
2013-06-01,Thailand,0.0,-0.0023993999985067608,0.0023993999985067608
2013-06-01,Turkey,-0.02856161355971418,-0.007036888911499785,-0.021524724648214394
2013-06-01,Spain,-0.002596681565065999,-0.003414042715162839,0.0008173611500968399
2013-06-01,Vietnam,0.0,-0.005171724732494645,0.005171724732494645
2013-06-01,Saudi Arabia,0.0,0.0,0.0
2013-07-01,Singapore,0.005397004004380038,0.0015971870638260563,0.003799816940553982
2013-07-01,Australia,0.0005351321581951141,0.0012907441574470078,-0.0007556119992518937
2013-07-01,Canada,0.0,0.0024630577854638535,-0.0024630577854638535
2013-07-01,Germany,0.006103593616571691,0.003016563705595366,0.0030870299109763254
2013-07-01,Japan,0.00023721892749222894,0.0002995578227533899,-6.233889526116094e-05
2013-07-01,Switzerland,0.0,0.0018414415542327553,-0.0018414415542327553
2013-07-01,U.K.,0.004199110664989666,0.0030964603422819316,0.001102650322707734
2013-07-01,NASDAQ,0.012022518792693096,0.0032151498192746725,0.008807368973418423
2013-07-01,U.S.,0.0010550424523752774,0.0024706658542990164,-0.001415623401923739
2013-07-01,France,0.01020603396020137,0.004194127364818976,0.006011906595382394
2013-07-01,Netherlands,0.00756914642737672,0.004622896193705887,0.0029462502336708328
2013-07-01,Sweden,0.0,0.004930760150261449,-0.004930760150261449
2013-07-01,Italy,0.005690245249383776,0.004371773757217426,0.00131847149216635
2013-07-01,ChinaA,0.0013819154408492697,0.0016509176381295666,-0.00026900219728029687
2013-07-01,Chile,0.0,-0.0036740302138099745,0.0036740302138099745
2013-07-01,Indonesia,0.0,-0.003016401457614967,0.003016401457614967
2013-07-01,Philippines,0.0,0.000977099300416468,-0.000977099300416468
2013-07-01,Poland,0.008960193909178937,0.003808236584728448,0.0051519573244504895
2013-07-01,US SmallCap,0.0077546699051798465,0.0034848253278328364,0.0042698445773470105
2013-07-01,Malaysia,0.0,-0.0011079003266776938,0.0011079003266776938
2013-07-01,Taiwan,0.0,-0.00030259708565951154,0.00030259708565951154
2013-07-01,Mexico,0.0,0.0008211732680661793,-0.0008211732680661793
2013-07-01,Korea,0.0030152659440955457,0.001478999923486737,0.0015362660206088086
2013-07-01,Brazil,0.0,-0.0005826256917023691,0.0005826256917023691
2013-07-01,South Africa,0.0,0.0010189691358724674,-0.0010189691358724674
2013-07-01,Denmark,0.0,0.0036609671762089908,-0.0036609671762089908
2013-07-01,India,0.0,-0.0011172500837719822,0.0011172500837719822
2013-07-01,ChinaH,0.0,0.0016458554994795572,-0.0016458554994795572
2013-07-01,Hong Kong,0.0077743317518779815,0.0018502786437450324,0.005924053108132949
2013-07-01,Thailand,0.0,-0.0012470523511583756,0.0012470523511583756
2013-07-01,Turkey,-0.00923296365571004,-0.00203849512733578,-0.00719446852837426
2013-07-01,Spain,0.00670713519771743,0.005587249592287594,0.0011198856054298358
2013-07-01,Vietnam,0.0,-2.567177640350192e-05,2.567177640350192e-05
2013-07-01,Saudi Arabia,0.0,0.0,0.0
2013-08-01,Singapore,-0.008061338760142516,-0.002400802343890387,-0.005660536416252129
2013-08-01,Australia,0.0003572351920193612,0.0008658717866644522,-0.000508636594645091
2013-08-01,Canada,0.0,-0.00041545557444610306,0.00041545557444610306
2013-08-01,Germany,-0.0031545206998623157,-0.0012699296333334258,-0.00188459106652889
2013-08-01,Japan,-0.0008649036225438264,-0.0010881494171401402,0.00022324579459631383
2013-08-01,Switzerland,0.0,-0.0006535792950966763,0.0006535792950966763
2013-08-01,U.K.,0.00027338345756388585,0.0002961585793926108,-2.277512182872495e-05
2013-08-01,NASDAQ,-0.001581874330064599,-0.00042075035100895905,-0.00116112397905564
2013-08-01,U.S.,0.0,-0.0014670366247557926,0.0014670366247557926
2013-08-01,France,-0.003223090758761247,-0.0011149174362926444,-0.0021081733224686027
2013-08-01,Netherlands,-0.0012534692455192951,-0.0007566491105922638,-0.0004968201349270313
2013-08-01,Sweden,0.0,-0.0014536934357668894,0.0014536934357668894
2013-08-01,Italy,0.0007117857861326925,0.0004021325308829962,0.00030965325524969634
2013-08-01,ChinaA,0.0008682455227068731,0.001044850858914576,-0.00017660533620770277
2013-08-01,Chile,0.0,-0.0006758122110533818,0.0006758122110533818
2013-08-01,Indonesia,0.0,-0.00780296038819374,0.00780296038819374
2013-08-01,Philippines,0.0,-0.005420815442985685,0.005420815442985685
2013-08-01,Poland,0.0029314922676605053,0.0012417033646946432,0.001689788902965862
2013-08-01,US SmallCap,-0.003700876221601192,-0.0016698074793531094,-0.0020310687422480825
2013-08-01,Malaysia,0.0,-0.0019871725375979967,0.0019871725375979967
2013-08-01,Taiwan,0.0,-0.00046885191330444656,0.00046885191330444656
2013-08-01,Mexico,0.0,-0.0029023290438301335,0.0029023290438301335
2013-08-01,Korea,0.003425795110193062,0.0016994576151999731,0.0017263374949930887
2013-08-01,Brazil,0.0,-0.0008061808071659207,0.0008061808071659207
2013-08-01,South Africa,0.0,-0.0006298276264542949,0.0006298276264542949
2013-08-01,Denmark,0.0,0.00019440141601653873,-0.00019440141601653873
2013-08-01,India,0.0,-0.0047229254391892815,0.0047229254391892815
2013-08-01,ChinaH,0.0,0.0010394156905551882,-0.0010394156905551882
2013-08-01,Hong Kong,-0.0022341163738148857,-0.0005925526953697849,-0.0016415636784451008
2013-08-01,Thailand,0.0,-0.004770363027365453,0.004770363027365453
2013-08-01,Turkey,-0.0208610660243131,-0.005155976460871464,-0.01570508956344164
2013-08-01,Spain,-0.00202183687257353,-0.0012180335238556699,-0.00080380334871786
2013-08-01,Vietnam,0.0,-0.0013176128428240069,0.0013176128428240069
2013-08-01,Saudi Arabia,0.0,0.0,0.0
2013-09-01,Singapore,0.008280180108513963,0.00285994887959328,0.005420231228920684
2013-09-01,Australia,0.0013440843013291174,0.00325574152264,-0.0019116572213108824
2013-09-01,Canada,0.0,0.0017847858403321512,-0.0017847858403321512
2013-09-01,Germany,0.010236255187693393,0.0040874533914286625,0.006148801796264731
2013-09-01,Japan,0.0046038745449199035,0.0037220370270493446,0.0008818375178705588
2013-09-01,Switzerland,0.0,0.003254939369826807,-0.003254939369826807
2013-09-01,U.K.,0.0013062813324523997,0.002807548750170224,-0.0015012674177178244
2013-09-01,NASDAQ,0.009748087306149957,0.0025950208481004843,0.007153066458049473
2013-09-01,U.S.,0.0,0.0015310535381834495,-0.0015310535381834495
2013-09-01,France,0.013211602899341118,0.003942495925794418,0.0092691069735467
2013-09-01,Netherlands,0.005935972215501853,0.0028281464490316067,0.003107825766470246
2013-09-01,Sweden,0.0,0.0032650539521914693,-0.0032650539521914693
2013-09-01,Italy,0.007392730138022537,0.0033257047059265118,0.004067025432096026
2013-09-01,ChinaA,0.0017815039840778277,0.0021398054776227944,-0.0003583014935449667
2013-09-01,Chile,0.0,0.002221883347952285,-0.002221883347952285
2013-09-01,Indonesia,0.0,0.00012505869036888984,-0.00012505869036888984
2013-09-01,Philippines,0.0,0.0019377504922238394,-0.0019377504922238394
2013-09-01,Poland,0.005990481529319486,0.0025258827340938843,0.0034645987952256012
2013-09-01,US SmallCap,0.007006881915760792,0.0032058052076687138,0.0038010767080920785
2013-09-01,Malaysia,0.0,0.0019773524271159554,-0.0019773524271159554
2013-09-01,Taiwan,0.0,0.001202378889817792,-0.001202378889817792
2013-09-01,Mexico,0.0,0.0013448426661860303,-0.0013448426661860303
2013-09-01,Korea,0.004704054360592668,0.002999854876667539,0.0017041994839251287
2013-09-01,Brazil,0.0,0.004826811328577196,-0.004826811328577196
2013-09-01,South Africa,0.0,0.003493100441275755,-0.003493100441275755
2013-09-01,Denmark,0.0,0.002101614833023693,-0.002101614833023693
2013-09-01,India,0.0,0.0037700612274965575,-0.0037700612274965575
2013-09-01,ChinaH,0.0,0.002144167459842353,-0.002144167459842353
2013-09-01,Hong Kong,0.008880199903413918,0.002684241236717987,0.006195958666695931
2013-09-01,Thailand,0.0,0.003947713937368261,-0.003947713937368261
2013-09-01,Turkey,0.015643422304712197,0.0044629496736732985,0.011180472631038899
2013-09-01,Spain,0.014340311677721727,0.006772570359293803,0.007567741318427924
2013-09-01,Vietnam,0.0,0.001223425556957658,-0.001223425556957658
2013-09-01,Saudi Arabia,0.0,0.0,0.0
2013-10-01,Singapore,0.0039877142018629975,0.001632477436964794,0.0023552367648982035
2013-10-01,Australia,0.0011138891454668786,0.0026916364467951728,-0.0015777473013282941
2013-10-01,Canada,0.0,0.0015674038539572768,-0.0015674038539572768
2013-10-01,Germany,0.007260432291934559,0.0028993906812430693,0.00436104161069149
2013-10-01,Japan,-1.746210250547979e-05,-1.0291235598019658e-05,-7.17086690746013e-06
2013-10-01,Switzerland,0.0,0.0012927692275781944,-0.0012927692275781944
2013-10-01,U.K.,0.0,0.001930816311462398,-0.001930816311462398
2013-10-01,NASDAQ,0.007895019187785152,0.002095976293168274,0.005799042894616878
2013-10-01,U.S.,0.0,0.0023005059263753722,-0.0023005059263753722
2013-10-01,France,0.008032701269280906,0.0020937946694907393,0.005938906599790167
2013-10-01,Netherlands,0.00630131391195355,0.0024539067009298997,0.0038474072110236505
2013-10-01,Sweden,0.0,8.281419363854186e-05,-8.281419363854186e-05
2013-10-01,Italy,0.015956161742210154,0.005932375449650851,0.010023786292559303
2013-10-01,ChinaA,0.0009621591572206007,0.00115688458288097,-0.00019472542566036934
2013-10-01,Chile,0.0,0.0003338200593455842,-0.0003338200593455842
2013-10-01,Indonesia,0.0,0.003171705789747343,-0.003171705789747343
2013-10-01,Philippines,0.0,0.0034552001088147227,-0.0034552001088147227
2013-10-01,Poland,0.008432952361408657,0.0035553696264907387,0.004877582734917918
2013-10-01,US SmallCap,0.002302273238517563,0.001327337872845441,0.000974935365672122
2013-10-01,Malaysia,0.0,0.002614501675579301,-0.002614501675579301
2013-10-01,Taiwan,0.0,0.0020721051400973056,-0.0020721051400973056
2013-10-01,Mexico,0.0,0.0017536021872262169,-0.0017536021872262169
2013-10-01,Korea,0.002229140542916445,0.001959478569291693,0.00026966197362475203
2013-10-01,Brazil,0.0,0.00269713818512878,-0.00269713818512878
2013-10-01,South Africa,0.0,0.0022264714972609284,-0.0022264714972609284
2013-10-01,Denmark,0.0,0.0008202123945304098,-0.0008202123945304098
2013-10-01,India,0.0,0.004209283265606878,-0.004209283265606878
2013-10-01,ChinaH,0.0,0.00114326129390483,-0.00114326129390483
2013-10-01,Hong Kong,0.0028419282339209625,0.0009955632472412868,0.0018463649866796758
2013-10-01,Thailand,0.0,0.0026898912520480715,-0.0026898912520480715
2013-10-01,Turkey,0.007380538789413863,0.0021235040530163205,0.005257034736397543
2013-10-01,Spain,0.012870932494405591,0.005009710192903951,0.00786122230150164
2013-10-01,Vietnam,0.0,0.0015249300078534285,-0.0015249300078534285
2013-10-01,Saudi Arabia,0.0,0.0,0.0
2013-11-01,Singapore,-0.0014651417060520943,-0.0007369922856563325,-0.0007281494203957618
2013-11-01,Australia,-0.0009169157621657389,-0.00221324521090341,0.0012963294487376713
2013-11-01,Canada,0.0,-0.0004290814326801511,0.0004290814326801511
2013-11-01,Germany,0.004655991856746424,0.002266113088595805,0.002389878768150619
2013-11-01,Japan,0.0015887540712219963,0.0007318807525568325,0.0008568733186651639
2013-11-01,Switzerland,0.0,0.0003103656851339679,-0.0003103656851339679
2013-11-01,U.K.,0.0,0.000822099388545564,-0.000822099388545564
2013-11-01,NASDAQ,0.00771422270029515,0.0020539306222484084,0.005660292078046742
2013-11-01,U.S.,0.0,0.0015829431625313565,-0.0015829431625313565
2013-11-01,France,0.0002408186930479298,5.586454972581262e-05,0.00018495414332211717
2013-11-01,Netherlands,0.0020634017300434383,0.0006817839062178319,0.0013816178238256064
2013-11-01,Sweden,0.0,0.000551022730139912,-0.000551022730139912
2013-11-01,Italy,-0.00324964908334326,-0.0010398031605694685,-0.0022098459227737916
2013-11-01,ChinaA,0.0019333694991388551,0.0023405298925894876,-0.0004071603934506325
2013-11-01,Chile,0.0,-0.0026566736812640443,0.0026566736812640443
2013-11-01,Indonesia,0.0,-0.004427153692163074,0.004427153692163074
2013-11-01,Philippines,0.0,-0.0027197759329338155,0.0027197759329338155
2013-11-01,Poland,0.0019238521396195813,0.0006821242227322812,0.0012417279168873002
2013-11-01,US SmallCap,0.0026934212406930394,0.002139544233308506,0.0005538770073845335
2013-11-01,Malaysia,0.0,-0.0008338624854835099,0.0008338624854835099
2013-11-01,Taiwan,0.0,-0.0007434590146696365,0.0007434590146696365
2013-11-01,Mexico,0.0,0.0012662341829892641,-0.0012662341829892641
2013-11-01,Korea,0.0006145194431687565,0.000879275087811328,-0.0002647556446425715
2013-11-01,Brazil,0.0,-0.0031601736451303108,0.0031601736451303108
2013-11-01,South Africa,0.0,-0.001854819824852426,0.001854819824852426
2013-11-01,Denmark,0.0,0.002359177129448493,-0.002359177129448493
2013-11-01,India,0.0,-0.001199907609941668,0.001199907609941668
2013-11-01,ChinaH,0.0,0.0023373740375690222,-0.0023373740375690222
2013-11-01,Hong Kong,0.0013061434950774264,0.0005449469910449813,0.0007611965040324451
2013-11-01,Thailand,0.0,-0.003961214330526315,0.003961214330526315
2013-11-01,Turkey,-0.005232197279673078,-0.001747461412659312,-0.0034847358670137664
2013-11-01,Spain,-0.0010010764652344764,-0.0003334172050704464,-0.00066765926016403
2013-11-01,Vietnam,0.0,-0.00022052361088801848,0.00022052361088801848
2013-11-01,Saudi Arabia,0.0,0.0,0.0
2013-12-01,Singapore,-0.0008796400618041715,-0.0005566953632972395,-0.000322944698506932
2013-12-01,Australia,-0.000301630583094873,-0.0007295141167746826,0.0004278835336798096
2013-12-01,Canada,0.0,0.0008094940393607873,-0.0008094940393607873
2013-12-01,Germany,0.0037380322067155107,0.0015318023670487621,0.0022062298396667485
2013-12-01,Japan,0.000952431674156912,0.00036803906075519955,0.0005843926134017124
2013-12-01,Switzerland,0.0,0.0005384864596728062,-0.0005384864596728062
2013-12-01,U.K.,0.0,0.0015422873797611963,-0.0015422873797611963
2013-12-01,NASDAQ,0.006132289563112108,0.0016443774570246055,0.004487912106087503
2013-12-01,U.S.,0.0,0.001337543225452603,-0.001337543225452603
2013-12-01,France,0.003744508941931756,0.0007925209895308012,0.0029519879524009546
2013-12-01,Netherlands,0.004137362730052886,0.0012065159285432243,0.0029308468015096616
2013-12-01,Sweden,0.0,0.001947489504175026,-0.001947489504175026
2013-12-01,Italy,0.00127885145040913,0.00036425046243920855,0.0009146009879699215
2013-12-01,ChinaA,-0.0007617988675892314,-0.0017401536275558752,0.0009783547599666437
2013-12-01,Chile,0.0,-0.0005929237693083222,0.0005929237693083222
2013-12-01,Indonesia,0.0,-0.0010342684459477276,0.0010342684459477276
2013-12-01,Philippines,0.0,-0.002907014415138692,0.002907014415138692
2013-12-01,Poland,-0.0051571123072434895,-0.0021182977579432987,-0.0030388145493001908
2013-12-01,US SmallCap,0.0013788841763288633,0.001077165332877627,0.00030171884345123624
2013-12-01,Malaysia,0.0,0.0006721013796237228,-0.0006721013796237228
2013-12-01,Taiwan,0.0,0.0006920032549722,-0.0006920032549722
2013-12-01,Mexico,0.0,0.0005057565061088587,-0.0005057565061088587
2013-12-01,Korea,-0.00010548771986269777,-0.00034084703186729355,0.00023535931200459578
2013-12-01,Brazil,0.0,-0.002056212365983308,0.002056212365983308
2013-12-01,South Africa,0.0,0.00045870087592217283,-0.00045870087592217283
2013-12-01,Denmark,0.0,0.0018434435942962775,-0.0018434435942962775
2013-12-01,India,0.0,0.0014207307119827944,-0.0014207307119827944
2013-12-01,ChinaH,0.0,-0.0017326751182702973,0.0017326751182702973
2013-12-01,Hong Kong,0.0001379961019560306,6.929232817167152e-05,6.870377378435908e-05
2013-12-01,Thailand,0.0,-0.003397964260653914,0.003397964260653914
2013-12-01,Turkey,-0.016578590288009048,-0.006476234497656462,-0.010102355790352586
2013-12-01,Spain,0.00437691175996164,0.0012909902389701626,0.0030859215209914775
2013-12-01,Vietnam,0.0,-0.00033944817924236363,0.00033944817924236363
2013-12-01,Saudi Arabia,0.0,0.0,0.0
2014-01-01,Singapore,-0.0038257166347345963,-0.003069016629157614,-0.0007567000055769824
2014-01-01,Australia,-0.0009743099658951837,-0.002361985348026165,0.001387675382130981
2014-01-01,Canada,0.0,-0.002034335228753647,0.002034335228753647
2014-01-01,Germany,-0.0068884082312968085,-0.002852047524048337,-0.004036360707248471
2014-01-01,Japan,-0.005778620468160255,-0.0019662290621862218,-0.0038123914059740335
2014-01-01,Switzerland,0.0,-0.0010068178219027203,0.0010068178219027203
2014-01-01,U.K.,0.0,-0.002262608633284082,0.002262608633284082
2014-01-01,NASDAQ,-0.003522087858973578,-0.0009484633664882633,-0.0025736244924853147
2014-01-01,U.S.,0.0,-0.001851127192137926,0.001851127192137926
2014-01-01,France,-0.012588304206832717,-0.002640208520624561,-0.009948095686208157
2014-01-01,Netherlands,-0.011842623255729738,-0.0031379658313050347,-0.008704657424424703
2014-01-01,Sweden,0.0,-0.0020544854248169004,0.0020544854248169004
2014-01-01,Italy,0.0010906252377305228,0.00028443378081542935,0.0008061914569150934
2014-01-01,ChinaA,-0.001436148557997253,-0.0032991189434701793,0.0018629703854729264
2014-01-01,Chile,0.0,-0.005111591245134614,0.005111591245134614
2014-01-01,Indonesia,0.0,0.0017767696008690228,-0.0017767696008690228
2014-01-01,Philippines,0.0,9.872328959472047e-05,-9.872328959472047e-05
2014-01-01,Poland,-0.007543922817348924,-0.0030898670918767255,-0.004454055725472198
2014-01-01,US SmallCap,-0.001973359048983705,-0.0015142097474674097,-0.0004591493015162955
2014-01-01,Malaysia,0.0,-0.0025670715007709856,0.0025670715007709856
2014-01-01,Taiwan,0.0,-0.001617648078011242,0.001617648078011242
2014-01-01,Mexico,0.0,-0.0031256535809418115,0.0031256535809418115
2014-01-01,Korea,0.0,-0.0032633114620891214,0.0032633114620891214
2014-01-01,Brazil,0.0,-0.004634408998701726,0.004634408998701726
2014-01-01,South Africa,0.0,-0.004554028279040946,0.004554028279040946
2014-01-01,Denmark,0.0,0.0017727697236557603,-0.0017727697236557603
2014-01-01,India,0.0,-0.0017802091628495438,0.0017802091628495438
2014-01-01,ChinaH,0.0,-0.0032322047590570683,0.0032322047590570683
2014-01-01,Hong Kong,-0.004630752249871099,-0.0027977094403824035,-0.0018330428094886953
2014-01-01,Thailand,0.0,-0.0008429072364468712,0.0008429072364468712
2014-01-01,Turkey,-0.01087456516274914,-0.004980303965903515,-0.0058942611968456245
2014-01-01,Spain,-0.003919975028690416,-0.0010538846370925252,-0.0028660903915978912
2014-01-01,Vietnam,0.0,0.005764834170001202,-0.005764834170001202
2014-01-01,Saudi Arabia,0.0,0.0,0.0
2014-02-01,Singapore,0.0012481500724007206,0.0014388510393863727,-0.00019070096698565217
2014-02-01,Australia,0.0014017568045596434,0.0034114722507881524,-0.002009715446228509
2014-02-01,Canada,0.0,0.0021258049349062854,-0.0021258049349062854
2014-02-01,Germany,0.008404062101772412,0.0035117727808477374,0.004892289320924675
2014-02-01,Japan,-0.0009136519341429759,-0.00027314751131672215,-0.0006405044228262537
2014-02-01,Switzerland,0.0,0.003303569094917088,-0.003303569094917088
2014-02-01,U.K.,0.0,0.003926606229661826,-0.003926606229661826
2014-02-01,NASDAQ,0.010249015508346839,0.0027781694992582047,0.007470846009088634
2014-02-01,U.S.,0.0,0.0023313575497846033,-0.0023313575497846033
2014-02-01,France,0.02024985583630946,0.0042443847609746534,0.016005471075334808
2014-02-01,Netherlands,0.0113986347702464,0.0029967267790164576,0.008401907991229942
2014-02-01,Sweden,0.0,0.0035713073259434893,-0.0035713073259434893
2014-02-01,Italy,0.016197749149803223,0.0038670074272914774,0.012330741722511746
2014-02-01,ChinaA,0.0005251469968194234,0.0012153470077040202,-0.0006902000108845968
2014-02-01,Chile,0.0,0.0031420109050572733,-0.0031420109050572733
2014-02-01,Indonesia,0.0,0.004123982189483377,-0.004123982189483377
2014-02-01,Philippines,0.0,0.004171470370221346,-0.004171470370221346
2014-02-01,Poland,0.012218088067535385,0.005892557445996045,0.00632553062153934
2014-02-01,US SmallCap,0.0032657192406205108,0.002463399482516475,0.0008023197581040358
2014-02-01,Malaysia,0.0,0.0018201541679138285,-0.0018201541679138285
2014-02-01,Taiwan,0.0,0.0008087404168501392,-0.0008087404168501392
2014-02-01,Mexico,0.0,-0.0016691991770226052,0.0016691991770226052
2014-02-01,Korea,0.0005802774394261281,0.0015305210442115706,-0.0009502436047854425
2014-02-01,Brazil,0.0,0.0014529336157929468,-0.0014529336157929468
2014-02-01,South Africa,0.0,0.004051385213335857,-0.004051385213335857
2014-02-01,Denmark,0.0,0.00813471754940503,-0.00813471754940503
2014-02-01,India,0.0,0.0016925696462147298,-0.0016925696462147298
2014-02-01,ChinaH,0.0,0.0011930032190841547,-0.0011930032190841547
2014-02-01,Hong Kong,0.0028430903342538364,0.0022217359093018828,0.0006213544249519536
2014-02-01,Thailand,0.0,0.001962960629731356,-0.001962960629731356
2014-02-01,Turkey,0.0022043252941668662,0.0012422414098980058,0.0009620838842688605
2014-02-01,Spain,0.01011789412350602,0.002473395760989349,0.007644498362516671
2014-02-01,Vietnam,0.0,0.0031554089201514817,-0.0031554089201514817
2014-02-01,Saudi Arabia,0.0,0.0,0.0
2014-03-01,Singapore,0.0004976390302940343,0.0011952118317590046,-0.0006975728014649703
2014-03-01,Australia,0.0008878869125513839,0.002178034766056153,-0.0012901478535047692
2014-03-01,Canada,0.0,0.0007540145843292891,-0.0007540145843292891
2014-03-01,Germany,-0.002744922455281973,-0.0009606224319625226,-0.0017843000233194505
2014-03-01,Japan,-0.0037494091068857125,-0.0009745280014235777,-0.0027748811054621346
2014-03-01,Switzerland,0.0,-0.00015949640223565336,0.00015949640223565336
2014-03-01,U.K.,0.0,-0.001353267828271875,0.001353267828271875
2014-03-01,NASDAQ,-0.005127695220435401,-0.0013581080140669128,-0.003769587206368488
2014-03-01,U.S.,0.0,0.0004418331495058319,-0.0004418331495058319
2014-03-01,France,-0.0006841733649388923,-0.00014320222635490272,-0.0005409711385839896
2014-03-01,Netherlands,0.0022828626435591184,0.0006016151740470188,0.0016812474695120996
2014-03-01,Sweden,0.0,-0.000581628760381673,0.000581628760381673
2014-03-01,Italy,0.015277434719740404,0.0036529545133740576,0.011624480206366347
2014-03-01,ChinaA,-0.0003461166769054507,-0.0008088510161943108,0.00046273433928886016
2014-03-01,Chile,0.0,0.001260266627806796,-0.001260266627806796
2014-03-01,Indonesia,0.0,0.002370619247923132,-0.002370619247923132
2014-03-01,Philippines,0.0,0.00013458453527579974,-0.00013458453527579974
2014-03-01,Poland,-0.002067559515001424,-0.0012716518596214263,-0.0007959076553799977
2014-03-01,US SmallCap,-0.000494140721302327,-0.0003657956646431548,-0.00012834505665917223
2014-03-01,Malaysia,0.0,0.0007551771468594698,-0.0007551771468594698
2014-03-01,Taiwan,0.0,0.0013502873379719006,-0.0013502873379719006
2014-03-01,Mexico,0.0,0.0024622283774289543,-0.0024622283774289543
2014-03-01,Korea,0.00026138958718822003,0.00030784722080384497,-4.645763361562494e-05
2014-03-01,Brazil,0.0,0.004714892296640372,-0.004714892296640372
2014-03-01,South Africa,0.0,0.0031890481795480217,-0.0031890481795480217
2014-03-01,Denmark,0.0,-0.0018752558935728955,0.0018752558935728955
2014-03-01,India,0.0,0.0039659452066469715,-0.0039659452066469715
2014-03-01,ChinaH,0.0,-0.0008336231894473895,0.0008336231894473895
2014-03-01,Hong Kong,-0.0009045882279916922,-0.0010955338109621712,0.00019094558297047906
2014-03-01,Thailand,0.0,0.0020568534168481055,-0.0020568534168481055
2014-03-01,Turkey,0.008129500163469552,0.006204124409937809,0.001925375753531743
2014-03-01,Spain,0.006377105689235957,0.001392086037366216,0.004985019651869741
2014-03-01,Vietnam,0.0,-0.0013647739044606794,0.0013647739044606794
2014-03-01,Saudi Arabia,0.0,0.0,0.0
2014-04-01,Singapore,0.0,0.00194580078618129,-0.00194580078618129
2014-04-01,Australia,0.0,0.0010193441559156473,-0.0010193441559156473
2014-04-01,Canada,0.0,0.001495220116677178,-0.001495220116677178
2014-04-01,Germany,0.0008127430357695494,0.00024696029971393,0.0005657827360556194
2014-04-01,Japan,-0.005228438980991061,-0.0012215135689244896,-0.0040069254120665716
2014-04-01,Switzerland,0.0,0.00043018081620924717,-0.00043018081620924717
2014-04-01,U.K.,0.0,0.00265133178747787,-0.00265133178747787
2014-04-01,NASDAQ,-0.004416886137662887,-0.0010441389377849669,-0.0033727471998779204
2014-04-01,U.S.,0.0,0.0003877808440906278,-0.0003877808440906278
2014-04-01,France,0.0065094402861984625,0.0013697460170304222,0.0051396942691680405
2014-04-01,Netherlands,-0.004256094764724199,-0.0011064773443185546,-0.0031496174204056447
2014-04-01,Sweden,0.0,-0.00028119611535578075,0.00028119611535578075
2014-04-01,Italy,0.004086509187333323,0.0008779028893798393,0.0032086062979534836
2014-04-01,ChinaA,0.0,-0.0010966774470611215,0.0010966774470611215
2014-04-01,Chile,0.0,0.000693078983537419,-0.000693078983537419
2014-04-01,Indonesia,0.0,0.000841146244274261,-0.000841146244274261
2014-04-01,Philippines,0.0,0.002021329804180651,-0.002021329804180651
2014-04-01,Poland,-0.00030326203321461953,-0.0001929778910513236,-0.00011028414216329594
2014-04-01,US SmallCap,-0.0027957552388615577,-0.002044862951008876,-0.0007508922878526818
2014-04-01,Malaysia,0.0,0.0005052689635394998,-0.0005052689635394998
2014-04-01,Taiwan,0.0,0.0005911908229771594,-0.0005911908229771594
2014-04-01,Mexico,0.0,0.00014784943889276949,-0.00014784943889276949
2014-04-01,Korea,0.0006078827609028247,0.0007180204347658885,-0.00011013767386306383
2014-04-01,Brazil,0.0,0.0018932047891611421,-0.0018932047891611421
2014-04-01,South Africa,0.0,-8.241898345281878e-05,8.241898345281878e-05
2014-04-01,Denmark,0.0,0.0002223744609231033,-0.0002223744609231033
2014-04-01,India,0.0,-0.000405175791855513,0.000405175791855513
2014-04-01,ChinaH,0.0,-0.0011208773607403848,0.0011208773607403848
2014-04-01,Hong Kong,0.0004884398467328511,0.0012609915701258642,-0.0007725517233930131
2014-04-01,Thailand,0.0,0.001957357130656255,-0.001957357130656255
2014-04-01,Turkey,0.00311069108305192,0.0033033231458022743,-0.00019263206275035426
2014-04-01,Spain,0.008903380381060795,0.0017567220629417495,0.007146658318119045
2014-04-01,Vietnam,0.0,-0.0022272549153466758,0.0022272549153466758
2014-04-01,Saudi Arabia,0.0,0.0,0.0
2014-05-01,Singapore,0.0,0.0009222121172618276,-0.0009222121172618276
2014-05-01,Australia,0.0,0.0006408052112147318,-0.0006408052112147318
2014-05-01,Canada,0.0,0.0004208231448133651,-0.0004208231448133651
2014-05-01,Germany,0.00047864586468019174,0.00012808501312751863,0.0003505608515526731
2014-05-01,Japan,0.007771870814533432,0.001835659721007332,0.0059362110935261
2014-05-01,Switzerland,0.0,0.00038498590248369077,-0.00038498590248369077
2014-05-01,U.K.,0.0,0.0007917342607676038,-0.0007917342607676038
2014-05-01,NASDAQ,0.007221447391706253,0.0016985667406773303,0.005522880651028923
2014-05-01,U.S.,0.0,0.001228347918172296,-0.001228347918172296
2014-05-01,France,-0.0015177307332757096,-0.00031754389726716887,-0.0012001868360085408
2014-05-01,Netherlands,0.001457386561021498,0.0004225731842293774,0.0010348133767921208
2014-05-01,Sweden,0.0,0.00019459959302051884,-0.00019459959302051884
2014-05-01,Italy,-0.005354205825675466,-0.0010480494699947782,-0.004306156355680688
2014-05-01,ChinaA,0.0,0.0019335780213424287,-0.0019335780213424287
2014-05-01,Chile,0.0,0.0009834216699596472,-0.0009834216699596472
2014-05-01,Indonesia,0.0,0.00021291080681649712,-0.00021291080681649712
2014-05-01,Philippines,0.0,0.0009045713016502488,-0.0009045713016502488
2014-05-01,Poland,2.6656583743070083e-05,1.332278310162785e-05,1.3333800641442233e-05
2014-05-01,US SmallCap,0.0003762056948492103,0.0004020585909999451,-2.585289615073482e-05
2014-05-01,Malaysia,0.0,0.0006323223746267138,-0.0006323223746267138
2014-05-01,Taiwan,0.0,0.001986085781007706,-0.001986085781007706
2014-05-01,Mexico,0.0,0.0015111053150063047,-0.0015111053150063047
2014-05-01,Korea,0.002382879819116707,0.0018774662487312762,0.0005054135703854306
2014-05-01,Brazil,0.0,-0.0008973109051388003,0.0008973109051388003
2014-05-01,South Africa,0.0,0.0010153278392195356,-0.0010153278392195356
2014-05-01,Denmark,0.0,-0.0006861961303569954,0.0006861961303569954
2014-05-01,India,0.0,0.004857687264031955,-0.004857687264031955
2014-05-01,ChinaH,0.0,0.0019325390734396487,-0.0019325390734396487
2014-05-01,Hong Kong,0.0,0.002382208140640964,-0.002382208140640964
2014-05-01,Thailand,0.0,-0.0016192597639548942,0.0016192597639548942
2014-05-01,Turkey,0.003058977830403059,0.004816530510376773,-0.0017575526799737144
2014-05-01,Spain,0.006189642953480426,0.0012134938025004935,0.004976149150979933
2014-05-01,Vietnam,0.0,0.0005760124264713011,-0.0005760124264713011
2014-05-01,Saudi Arabia,0.0,0.0,0.0
2014-06-01,Singapore,0.0,-9.23719518511109e-05,9.23719518511109e-05
2014-06-01,Australia,0.0,-0.00012219769000155938,0.00012219769000155938
2014-06-01,Canada,0.0,0.0031482068880837144,-0.0031482068880837144
2014-06-01,Germany,-0.0015369423576066321,-0.0003684079768506383,-0.0011685343807559937
2014-06-01,Japan,0.00955904958900895,0.0024993177706775917,0.007059731818331357
2014-06-01,Switzerland,0.0,-0.00029023396608390595,0.00029023396608390595
2014-06-01,U.K.,0.0,0.0005288105189168312,-0.0005288105189168312
2014-06-01,NASDAQ,0.00987299244847578,0.0021018192461717124,0.007771173202304067
2014-06-01,U.S.,0.0,0.0010984383924183437,-0.0010984383924183437
2014-06-01,France,-0.004549847735256462,-0.000946622982619662,-0.0036032247526367996
2014-06-01,Netherlands,0.0015028441360221349,0.0004916986992024943,0.0010111454368196405
2014-06-01,Sweden,0.0,-0.0009273015172050033,0.0009273015172050033
2014-06-01,Italy,-0.0024454603074919746,-0.0004753960361356175,-0.001970064271356357
2014-06-01,ChinaA,0.0,0.0010054492199031962,-0.0010054492199031962
2014-06-01,Chile,0.0,-0.00047532339905931916,0.00047532339905931916
2014-06-01,Indonesia,0.0,-0.0005231357548310555,0.0005231357548310555
2014-06-01,Philippines,0.0,0.0015283069968888676,-0.0015283069968888676
2014-06-01,Poland,-0.0004119898152523447,-0.00020441382133650602,-0.0002075759939158387
2014-06-01,US SmallCap,0.0025173644942771923,0.002677094878044673,-0.00015973038376748076
2014-06-01,Malaysia,0.0,0.00048060287048100255,-0.00048060287048100255
2014-06-01,Taiwan,0.0,0.0024360107003682987,-0.0024360107003682987
2014-06-01,Mexico,0.0,0.0015550934493049925,-0.0015550934493049925
2014-06-01,Korea,0.0008492622229887319,0.0005077186236391881,0.00034154359934954377
2014-06-01,Brazil,0.0,0.002721951151518558,-0.002721951151518558
2014-06-01,South Africa,0.0,0.0015644240509664596,-0.0015644240509664596
2014-06-01,Denmark,0.0,0.002121331704385205,-0.002121331704385205
2014-06-01,India,0.0,0.002573845936500656,-0.002573845936500656
2014-06-01,ChinaH,0.0,0.0009884234464853786,-0.0009884234464853786
2014-06-01,Hong Kong,0.0,0.00036302759149384385,-0.00036302759149384385
2014-06-01,Thailand,0.0,0.003379442045381009,-0.003379442045381009
2014-06-01,Turkey,-0.00042145504593713614,-0.0012169385639802606,0.0007954835180431245
2014-06-01,Spain,0.004615552769397073,0.0008976016641826528,0.0037179511052144202
2014-06-01,Vietnam,0.0,-0.0012166599425544383,0.0012166599425544383
2014-06-01,Saudi Arabia,0.0,0.0,0.0
2014-07-01,Singapore,0.0,0.0022415791030985007,-0.0022415791030985007
2014-07-01,Australia,0.0,0.001596555416169723,-0.001596555416169723
2014-07-01,Canada,0.0,-2.2603170768569736e-05,2.2603170768569736e-05
2014-07-01,Germany,-0.014068402413998825,-0.0033426652385050567,-0.010725737175493768
2014-07-01,Japan,0.001121278516406835,0.00029578201218560265,0.0008254965042212323
2014-07-01,Switzerland,0.0,-0.0020728306801796165,0.0020728306801796165
2014-07-01,U.K.,0.0,-0.0006115435375001028,0.0006115435375001028
2014-07-01,NASDAQ,-0.0021062014484526563,-0.00044478882289230063,-0.0016614126255603558
2014-07-01,U.S.,0.0,-0.0007455896161623261,0.0007455896161623261
2014-07-01,France,-0.015123993100815386,-0.0031200776004202905,-0.012003915500395096
2014-07-01,Netherlands,-0.0071196436907145335,-0.0027353143500121607,-0.004384329340702373
2014-07-01,Sweden,0.0,-0.001605437889009117,0.001605437889009117
2014-07-01,Italy,-0.0153459993099541,-0.002957104251743596,-0.012388895058210503
2014-07-01,ChinaA,0.0,0.0037617312695302474,-0.0037617312695302474
2014-07-01,Chile,0.0,-0.0024053409599175198,0.0024053409599175198
2014-07-01,Indonesia,0.0,0.004339901619609491,-0.004339901619609491
2014-07-01,Philippines,0.0,0.00019766344142585206,-0.00019766344142585206
2014-07-01,Poland,-0.007408585083600602,-0.0029402298855608034,-0.004468355198039798
2014-07-01,US SmallCap,-0.0030161523588616945,-0.003197016149631474,0.00018086379076977938
2014-07-01,Malaysia,0.0,-0.00021905603187565622,0.00021905603187565622
2014-07-01,Taiwan,0.0,-0.0006490589784780265,0.0006490589784780265
2014-07-01,Mexico,0.0,0.0007313018544038905,-0.0007313018544038905
2014-07-01,Korea,0.0015659450799510042,0.0007264228775776616,0.0008395222023733426
2014-07-01,Brazil,0.0,0.0010119853295551793,-0.0010119853295551793
2014-07-01,South Africa,0.0,0.0005035407950405697,-0.0005035407950405697
2014-07-01,Denmark,0.0,-0.001371467318121877,0.001371467318121877
2014-07-01,India,0.0,0.00029575581777960307,-0.00029575581777960307
2014-07-01,ChinaH,0.0,0.003757087886670061,-0.003757087886670061
2014-07-01,Hong Kong,0.0,0.003225078950351338,-0.003225078950351338
2014-07-01,Thailand,0.0,0.0007307054096819001,-0.0007307054096819001
2014-07-01,Turkey,0.0,0.002129412566543394,-0.002129412566543394
2014-07-01,Spain,-0.00935165998117446,-0.0018025252742196252,-0.007549134706954834
2014-07-01,Vietnam,0.0,0.0018143271714544484,-0.0018143271714544484
2014-07-01,Saudi Arabia,0.0,0.0,0.0
2014-08-01,Singapore,0.0,-0.0006995723760271806,0.0006995723760271806
2014-08-01,Australia,0.0,0.0006610769945587199,-0.0006610769945587199
2014-08-01,Canada,0.0,0.0012476006931282208,-0.0012476006931282208
2014-08-01,Germany,-0.0018403308477983327,-0.00043580349719320687,-0.0014045273506051257
2014-08-01,Japan,-0.0037995549479092456,-0.0011419418735400682,-0.002657613074369177
2014-08-01,Switzerland,0.0,0.0010948222441489286,-0.0010948222441489286
2014-08-01,U.K.,0.0003519765966347877,0.0007500433671008663,-0.00039806677046607867
2014-08-01,NASDAQ,0.01140673473039044,0.0026693886608790242,0.008737346069511417
2014-08-01,U.S.,0.0,0.0021290893077415777,-0.0021290893077415777
2014-08-01,France,0.002352375513807756,0.0005412360392881201,0.001811139474519636
2014-08-01,Netherlands,0.002226379710726914,0.0008604379823824409,0.0013659417283444731
2014-08-01,Sweden,0.0,-0.0001158572320922164,0.0001158572320922164
2014-08-01,Italy,-0.006036858740726813,-0.0011611975975792353,-0.004875661143147578
2014-08-01,ChinaA,4.834125296949437e-05,0.0001043603442626728,-5.601909129317843e-05
2014-08-01,Chile,0.0,-0.00021664978601228945,0.00021664978601228945
2014-08-01,Indonesia,0.0,-0.0008136214184772455,0.0008136214184772455
2014-08-01,Philippines,0.0,0.0017743080014980244,-0.0017743080014980244
2014-08-01,Poland,0.0024510021092840123,0.0008093902209809086,0.0016416118883031037
2014-08-01,US SmallCap,0.0011697660645832175,0.0024728511744331904,-0.001303085109849973
2014-08-01,Malaysia,0.0,0.0007062627163213679,-0.0007062627163213679
2014-08-01,Taiwan,0.0,0.0016084159911511134,-0.0016084159911511134
2014-08-01,Mexico,0.0,0.00269840310997585,-0.00269840310997585
2014-08-01,Korea,-0.000785172980322658,-0.0002974747375758734,-0.0004876982427467846
2014-08-01,Brazil,0.0,0.0060564298064770036,-0.0060564298064770036
2014-08-01,South Africa,0.0,0.0009381776565961343,-0.0009381776565961343
2014-08-01,Denmark,0.0,-0.0007558767979525817,0.0007558767979525817
2014-08-01,India,0.0,0.0019362384996305328,-0.0019362384996305328
2014-08-01,ChinaH,0.0,0.00010506662685232814,-0.00010506662685232814
2014-08-01,Hong Kong,0.0,-0.0005255097482239591,0.0005255097482239591
2014-08-01,Thailand,0.0,0.0031072049740107494,-0.0031072049740107494
2014-08-01,Turkey,0.0,-0.0020047114720308863,0.0020047114720308863
2014-08-01,Spain,-0.003765344729086973,-0.000724622094354875,-0.003040722634732098
2014-08-01,Vietnam,0.0,0.003121966398668533,-0.003121966398668533
2014-08-01,Saudi Arabia,0.0,0.0,0.0
2014-09-01,Singapore,0.0,-0.0021616774447975736,0.0021616774447975736
2014-09-01,Australia,0.0,-0.006168904058405658,0.006168904058405658
2014-09-01,Canada,0.0,-0.0036174076248056746,0.0036174076248056746
2014-09-01,Germany,-0.008560073119242012,-0.0020376595388577885,-0.006522413580384223
2014-09-01,Japan,-0.0019398799181024051,-0.0006794065172027297,-0.0012604734008996755
2014-09-01,Switzerland,0.0,-0.0013546208308599782,0.0013546208308599782
2014-09-01,U.K.,-0.002555527235260229,-0.002728171245210299,0.00017264400995006986
2014-09-01,NASDAQ,-0.003863443276623947,-0.0010134745663300246,-0.0028499687102939222
2014-09-01,U.S.,0.0,-0.0007735486860968547,0.0007735486860968547
2014-09-01,France,-0.006966338061267585,-0.0018121192662168743,-0.0051542187950507105
2014-09-01,Netherlands,-0.001461889203309516,-0.0006943806284525542,-0.0007675085748569618
2014-09-01,Sweden,0.0,-0.0012385040485319698,0.0012385040485319698
2014-09-01,Italy,-0.004128154579083037,-0.00079452051097091,-0.003333634068112127
2014-09-01,ChinaA,-0.0016846368737736903,-0.003651540214779886,0.001966903341006196
2014-09-01,Chile,0.0,-0.0012660228078867433,0.0012660228078867433
2014-09-01,Indonesia,0.0,-0.0016724107599360716,0.0016724107599360716
2014-09-01,Philippines,0.0,0.00022751037641552047,-0.00022751037641552047
2014-09-01,Poland,0.0029266221024859007,0.0009758819241495501,0.0019507401783363505
2014-09-01,US SmallCap,0.0,-0.00317218684365442,0.00317218684365442
2014-09-01,Malaysia,0.0,-0.0021854182393201476,0.0021854182393201476
2014-09-01,Taiwan,0.0,-0.003926646047194662,0.003926646047194662
2014-09-01,Mexico,0.0,-0.002332426114260355,0.002332426114260355
2014-09-01,Korea,-0.013682939251465168,-0.004402082732212052,-0.009280856519253117
2014-09-01,Brazil,0.0,-0.011586151670441308,0.011586151670441308
2014-09-01,South Africa,0.0,-0.004993193658074906,0.004993193658074906
2014-09-01,Denmark,0.0,-8.098670050542319e-05,8.098670050542319e-05
2014-09-01,India,-0.0004496034167078833,-0.0010736172523220587,0.0006240138356141754
2014-09-01,ChinaH,0.0,-0.003551135417936605,0.003551135417936605
2014-09-01,Hong Kong,-0.0018458195346405107,-0.004040044500375933,0.002194224965735422
2014-09-01,Thailand,0.0,0.00022161953440209305,-0.00022161953440209305
2014-09-01,Turkey,-0.0030197002123482967,-0.006652995454138905,0.0036332952417906087
2014-09-01,Spain,-0.008406427345972755,-0.0016197619511053867,-0.006786665394867369
2014-09-01,Vietnam,0.0,-0.00414957946549143,0.00414957946549143
2014-09-01,Saudi Arabia,0.0,0.0,0.0
2014-10-01,Singapore,0.0,-0.0005474970685093043,0.0005474970685093043
2014-10-01,Australia,0.0,0.0026803523114800483,-0.0026803523114800483
2014-10-01,Canada,0.0,-0.0014807511587359816,0.0014807511587359816
2014-10-01,Germany,-0.0034872731532231962,-0.0009465304536524045,-0.002540742699570792
2014-10-01,Japan,-0.0015998143233201295,-0.0006686474318103172,-0.0009311668915098124
2014-10-01,Switzerland,0.0,-0.00037264460584148694,0.00037264460584148694
2014-10-01,U.K.,-0.0010121018883181188,-0.0010770731658733715,6.497127755525269e-05
2014-10-01,NASDAQ,0.0056226449168256,0.0016833188459433623,0.0039393260708822375
2014-10-01,U.S.,0.0,0.001316570199003198,-0.001316570199003198
2014-10-01,France,-0.007162107385401428,-0.0021410736956310487,-0.005021033689770379
2014-10-01,Netherlands,-0.001784871585820135,-0.0011000864402931575,-0.0006847851455269774
2014-10-01,Sweden,0.0,-0.0007653114297052166,0.0007653114297052166
2014-10-01,Italy,-0.014906245642651306,-0.002870958950943714,-0.012035286691707591
2014-10-01,ChinaA,0.002062411996814961,0.0021931263509066077,-0.00013071435409164672
2014-10-01,Chile,0.0,-0.00032050943652036246,0.00032050943652036246
2014-10-01,Indonesia,0.0,0.00020810901580005522,-0.00020810901580005522
2014-10-01,Philippines,0.0,-0.0003102871477421988,0.0003102871477421988
2014-10-01,Poland,-0.005513676387478796,-0.0018438489398148283,-0.0036698274476639676
2014-10-01,US SmallCap,0.0,0.0032575438387903283,-0.0032575438387903283
2014-10-01,Malaysia,0.0,-0.00022254163167689542,0.00022254163167689542
2014-10-01,Taiwan,0.0006148787949065608,0.0012966885919128523,-0.0006818097970062915
2014-10-01,Mexico,0.0,-0.0002445535209844133,0.0002445535209844133
2014-10-01,Korea,-0.005952974418111704,-0.0016571666458197367,-0.004295807772291967
2014-10-01,Brazil,0.00012787627595850723,0.0002560361925625225,-0.0001281599166040153
2014-10-01,South Africa,0.0,0.003473765133112821,-0.003473765133112821
2014-10-01,Denmark,0.0,-0.0012680755716777084,0.0012680755716777084
2014-10-01,India,0.0010382123294613206,0.0024295122399376964,-0.0013912999104763759
2014-10-01,ChinaH,0.0,0.0021275296267950893,-0.0021275296267950893
2014-10-01,Hong Kong,0.0032568940809091407,0.0034793970704244132,-0.00022250298951527253
2014-10-01,Thailand,0.0,-0.0003189146404343345,0.0003189146404343345
2014-10-01,Turkey,0.002313003800633702,0.0051630609460635345,-0.0028500571454298327
2014-10-01,Spain,-0.009950344716519241,-0.0019188503417429219,-0.00803149437477632
2014-10-01,Vietnam,0.0,-0.00024312755751689508,0.00024312755751689508
2014-10-01,Saudi Arabia,0.0,0.0,0.0
2014-11-01,Singapore,0.00026233469668346507,0.0005829121580945269,-0.00032057746141106187
2014-11-01,Australia,0.0,-0.0032380205935743653,0.0032380205935743653
2014-11-01,Canada,7.491160813671941e-06,1.649823045978217e-05,-9.007069646110228e-06
2014-11-01,Germany,0.01074854113793242,0.0029447647652962464,0.007803776372636173
2014-11-01,Japan,0.00028011434989545585,0.00014481817407489817,0.00013529617582055768
2014-11-01,Switzerland,0.0,0.001656410450437122,-0.001656410450437122
2014-11-01,U.K.,0.000941706937423936,0.0006713489270209421,0.00027035801040299384
2014-11-01,NASDAQ,0.005892805620573321,0.002047496266959998,0.003845309353613323
2014-11-01,U.S.,0.0,0.0014697383950670842,-0.0014697383950670842
2014-11-01,France,0.004540997179836279,0.0015912407856608413,0.002949756394175438
2014-11-01,Netherlands,0.0030561146570422587,0.0026455832086353603,0.0004105314484068984
2014-11-01,Sweden,0.0,0.0012675015638387334,-0.0012675015638387334
2014-11-01,Italy,1.9832444567290332e-05,3.831360936604912e-06,1.600108363068542e-05
2014-11-01,ChinaA,0.001116124626027908,0.0008123830951249941,0.0003037415309029138
2014-11-01,Chile,0.0,-0.00035963194156582743,0.00035963194156582743
2014-11-01,Indonesia,0.0,0.00033121345764202694,-0.00033121345764202694
2014-11-01,Philippines,0.0,0.0006932528412297397,-0.0006932528412297397
2014-11-01,Poland,-0.0024673797898319325,-0.0009775473752359778,-0.0014898324145959548
2014-11-01,US SmallCap,0.0,4.7366260037152964e-05,-4.7366260037152964e-05
2014-11-01,Malaysia,0.0,-0.002322193292100575,0.002322193292100575
2014-11-01,Taiwan,0.0003575524477583116,0.0007515523472732607,-0.00039399989951494904
2014-11-01,Mexico,0.0,-0.002396737885236224,0.002396737885236224
2014-11-01,Korea,-0.004285115206140728,-0.001203289654430192,-0.0030818255517105356
2014-11-01,Brazil,-0.0011581039051837751,-0.002343062998407507,0.001184959093223732
2014-11-01,South Africa,0.0,-2.6256505992800042e-05,2.6256505992800042e-05
2014-11-01,Denmark,0.0,0.00020396341934387433,-0.00020396341934387433
2014-11-01,India,0.00032779323721468344,0.0007533830954729104,-0.000425589858258227
2014-11-01,ChinaH,0.0,0.0008115068612700608,-0.0008115068612700608
2014-11-01,Hong Kong,0.0005057685104555016,0.0003705335845553047,0.00013523492590019693
2014-11-01,Thailand,0.0,0.0007514218683790867,-0.0007514218683790867
2014-11-01,Turkey,0.0017828802681569829,0.0040008888888424495,-0.0022180086206854666
2014-11-01,Spain,0.0077340976753571405,0.001496577525208523,0.006237520150148617
2014-11-01,Vietnam,0.0,-0.002253929043764148,0.002253929043764148
2014-11-01,Saudi Arabia,0.0,0.0,0.0
2014-12-01,Singapore,-0.00020511859945324937,-0.00024403878192652298,3.892018247327362e-05
2014-12-01,Australia,-0.0004415583194918489,-0.0010589908749763892,0.0006174325554845403
2014-12-01,Canada,-0.00044418971136350114,-0.0009775808206240767,0.0005333911092605757
2014-12-01,Germany,-0.007095542447397886,-0.0021910109944909342,-0.004904531452906952
2014-12-01,Japan,-0.0012067273350730551,-0.0007820373731171216,-0.00042468996195593354
2014-12-01,Switzerland,0.0,-0.002411451647219322,0.002411451647219322
2014-12-01,U.K.,-0.0018475325102788993,-0.0013166950758281835,-0.0005308374344507158
2014-12-01,NASDAQ,-0.0015312505469639737,-0.0006164067455440619,-0.0009148438014199118
2014-12-01,U.S.,0.0,-0.00014328779708662213,0.00014328779708662213
2014-12-01,France,-0.005991928639768541,-0.002456660896613178,-0.0035352677431553627
2014-12-01,Netherlands,-0.0013445088461628146,-0.001766442333179917,0.0004219334870171024
2014-12-01,Sweden,0.0,-0.0021955938253817114,0.0021955938253817114
2014-12-01,Italy,-0.01970033559293569,-0.003816434406435626,-0.015883901186500064
2014-12-01,ChinaA,0.0008534057289115748,0.0006231033076212959,0.00023030242129027886
2014-12-01,Chile,0.0,-0.001914681724476402,0.001914681724476402
2014-12-01,Indonesia,0.0,-0.000319835612831249,0.000319835612831249
2014-12-01,Philippines,0.0,0.00010446305255892399,-0.00010446305255892399
2014-12-01,Poland,-0.009639867582635905,-0.0038622940599500246,-0.00577757352268588
2014-12-01,US SmallCap,0.0,0.0014980515496974191,-0.0014980515496974191
2014-12-01,Malaysia,0.0,-0.0028682750278535645,0.0028682750278535645
2014-12-01,Taiwan,-0.0009979294736813613,-0.0011629432485243184,0.00016501377484295704
2014-12-01,Mexico,0.0,-0.003919094371231227,0.003919094371231227
2014-12-01,Korea,-0.001898793564397715,-0.0005399727634009244,-0.0013588208009967905
2014-12-01,Brazil,-0.002605262578830019,-0.005322859312553962,0.002717596733723943
2014-12-01,South Africa,0.0,-0.0018083048175381053,0.0018083048175381053
2014-12-01,Denmark,0.0,-0.003016018398929545,0.003016018398929545
2014-12-01,India,-0.001511744892979816,-0.003407334238066169,0.001895589345086353
2014-12-01,ChinaH,0.00023302508701529616,0.0006216641532450094,-0.00038863906622971326
2014-12-01,Hong Kong,-0.0039054085499565868,-0.0022417464948782046,-0.0016636620550783822
2014-12-01,Thailand,0.0,-0.003980198279400422,0.003980198279400422
2014-12-01,Turkey,-0.001532894108833028,-0.0034339104467704475,0.0019010163379374195
2014-12-01,Spain,-0.01852826071909998,-0.0035949939448551714,-0.014933266774244808
2014-12-01,Vietnam,0.0,-0.0009624840931017845,0.0009624840931017845
2014-12-01,Saudi Arabia,0.0,0.0,0.0
2015-01-01,Singapore,-0.0013035521669072779,-0.0011389354469555685,-0.00016461671995170938
2015-01-01,Australia,-0.00037061513163164095,-0.0008911479420417399,0.0005205328104100989
2015-01-01,Canada,-0.0018775320701865342,-0.004131357625298969,0.0022538255551124353
2015-01-01,Germany,0.0022265911382916203,0.000767491504697604,0.0014590996335940164
2015-01-01,Japan,0.0014458882831914913,0.0011787412284786057,0.0002671470547128856
2015-01-01,Switzerland,0.0,0.00033042414581968505,-0.00033042414581968505
2015-01-01,U.K.,-0.0006037130572079177,-0.00043093765076840916,-0.00017277540643950858
2015-01-01,NASDAQ,-0.002488145498226864,-0.0011492779115214377,-0.0013388675867054263
2015-01-01,U.S.,0.0,-0.0016542192758237477,0.0016542192758237477
2015-01-01,France,0.0007792017140174531,0.00032284348646588885,0.00045635822755156426
2015-01-01,Netherlands,2.3617546987292816e-05,5.3115797097891505e-05,-2.949825011059869e-05
2015-01-01,Sweden,0.0,0.001038692811888065,-0.001038692811888065
2015-01-01,Italy,3.134648030148201e-05,6.111191882112675e-06,2.523528841936934e-05
2015-01-01,ChinaA,0.0017002434853952138,0.0012386491963569852,0.00046159428903822853
2015-01-01,Chile,0.0,-0.00185667546196736,0.00185667546196736
2015-01-01,Indonesia,0.0,-0.0008291722110155147,0.0008291722110155147
2015-01-01,Philippines,0.0,0.0037072803545741286,-0.0037072803545741286
2015-01-01,Poland,-0.004405129828568324,-0.002049153084242688,-0.002355976744325636
2015-01-01,US SmallCap,0.0,-0.0017350079316880915,0.0017350079316880915
2015-01-01,Malaysia,0.0,-0.001255352699972162,0.001255352699972162
2015-01-01,Taiwan,0.0006230439846251529,0.0005362164344910178,8.682755013413512e-05
2015-01-01,Mexico,0.0,-0.002854687146908456,0.002854687146908456
2015-01-01,Korea,0.001719177956954674,0.0004938317865082998,0.0012253461704463742
2015-01-01,Brazil,-0.0013445003114482728,-0.0027833772274898313,0.0014388769160415585
2015-01-01,South Africa,0.0,0.002160883192728624,-0.002160883192728624
2015-01-01,Denmark,0.0,0.000904592888546959,-0.000904592888546959
2015-01-01,India,0.0019351344704680363,0.004298908364033066,-0.0023637738935650293
2015-01-01,ChinaH,0.0008127179609831174,0.0012278428340191496,-0.00041512487303603214
2015-01-01,Hong Kong,0.005905400742668879,0.0028860745613281977,0.0030193261813406817
2015-01-01,Thailand,0.0,0.0017483656282278057,-0.0017483656282278057
2015-01-01,Turkey,-0.0004021519957220909,-0.0005452372239139717,0.00014308522819188085
2015-01-01,Spain,-0.015255103807610328,-0.002975529317093127,-0.012279574490517201
2015-01-01,Vietnam,0.0,0.0008480044867313368,-0.0008480044867313368
2015-01-01,Saudi Arabia,0.0,0.0,0.0
2015-02-01,Singapore,-2.2968990403601166e-05,-1.5372292320860637e-05,-7.596698082740529e-06
2015-02-01,Australia,0.001568067104995428,0.0037823447753834068,-0.002214277670387979
2015-02-01,Canada,0.0012383335632812735,0.002741899069277001,-0.0015035655059957276
2015-02-01,Germany,0.007488960919110191,0.0029607539726051713,0.00452820694650502
2015-02-01,Japan,0.0027330120461728194,0.0031352162693723163,-0.00040220422319949684
2015-02-01,Switzerland,0.0,0.002276660495885598,-0.002276660495885598
2015-02-01,U.K.,0.004715532694357732,0.0033727589847585503,0.0013427737095991813
2015-02-01,NASDAQ,0.00710520065760124,0.003959447534132471,0.0031457531234687685
2015-02-01,U.S.,0.0,0.003055702844009592,-0.003055702844009592
2015-02-01,France,0.00627147146543761,0.003085452469616252,0.003186018995821358
2015-02-01,Netherlands,0.0014590782647193512,0.003292236539873944,-0.001833158275154593
2015-02-01,Sweden,0.0,0.003362451719771732,-0.003362451719771732
2015-02-01,Italy,0.017375307859452998,0.003699042434728465,0.013676265424724533
2015-02-01,ChinaA,0.003059157761507821,0.0018036015486380796,0.0012555562128697415
2015-02-01,Chile,0.0,0.0027883084830854724,-0.0027883084830854724
2015-02-01,Indonesia,0.0,0.0010336369965058558,-0.0010336369965058558
2015-02-01,Philippines,0.0,0.0010031088854336875,-0.0010031088854336875
2015-02-01,Poland,0.0014822472762889565,0.0006991509263983625,0.000783096349890594
2015-02-01,US SmallCap,0.0,0.003102863483385514,-0.003102863483385514
2015-02-01,Malaysia,0.0,0.0015082609628942912,-0.0015082609628942912
2015-02-01,Taiwan,0.0022412127141332966,0.001921511361056668,0.0003197013530766286
2015-02-01,Mexico,0.0,0.003364076884055195,-0.003364076884055195
2015-02-01,Korea,0.001607228536012452,0.0005196556346380407,0.001087572901374411
2015-02-01,Brazil,0.0010618606986888064,0.0011743233791143884,-0.000112462680425582
2015-02-01,South Africa,0.0,0.0003170458662502066,-0.0003170458662502066
2015-02-01,Denmark,0.0,0.004099617884261154,-0.004099617884261154
2015-02-01,India,0.0006112153429061677,0.0013322512184324716,-0.0007210358755263039
2015-02-01,ChinaH,0.001784964626580007,0.0018189084968706815,-3.3943870290674416e-05
2015-02-01,Hong Kong,-0.0006247209035417127,-0.0002622576625979536,-0.00036246324094375913
2015-02-01,Thailand,0.0,0.00032782471155580174,-0.00032782471155580174
2015-02-01,Turkey,-0.005011864138152634,-0.004631997221605716,-0.00037986691654691776
2015-02-01,Spain,0.016211203175597277,0.0031833395917291564,0.013027863583868121
2015-02-01,Vietnam,0.0,0.0015036951661968221,-0.0015036951661968221
2015-02-01,Saudi Arabia,0.0,0.0,0.0
2015-03-01,Singapore,0.00020048666259287625,0.00010333984322119212,9.714681937168413e-05
2015-03-01,Australia,-0.00048644233406982255,-0.0011756219201956612,0.0006891795861258387
2015-03-01,Canada,-0.0007035226711356427,-0.001565416635903218,0.0008618939647675753
2015-03-01,Germany,0.0003348849315141152,0.00016035935889928518,0.00017452557261483004
2015-03-01,Japan,0.00040065634206484606,0.00048477383283325026,-8.41174907684042e-05
2015-03-01,Switzerland,0.0,-0.0005142124388465462,0.0005142124388465462
2015-03-01,U.K.,-0.0037570555214306136,-0.002691742416518686,-0.0010653131049119277
2015-03-01,NASDAQ,-0.0012154082978443111,-0.0006706675380830339,-0.0005447407597612773
2015-03-01,U.S.,0.0,-0.0008809010432599749,0.0008809010432599749
2015-03-01,France,-0.0020333130427332277,-0.001281603829180939,-0.0007517092135522886
2015-03-01,Netherlands,0.0,-0.0009500379202825051,0.0009500379202825051
2015-03-01,Sweden,0.0,-0.0022719853145818586,0.0022719853145818586
2015-03-01,Italy,-0.002922535334089321,-0.000695807870000581,-0.00222672746408874
2015-03-01,ChinaA,0.0028873325846053154,0.0013704671545867264,0.001516865430018589
2015-03-01,Chile,0.0,-0.0008583420407536848,0.0008583420407536848
2015-03-01,Indonesia,0.0,0.0011857046959864524,-0.0011857046959864524
2015-03-01,Philippines,0.0,0.0008725783956898387,-0.0008725783956898387
2015-03-01,Poland,-0.0009507772907126321,-0.0004596407948876142,-0.0004911364958250179
2015-03-01,US SmallCap,0.0,0.0009634324988280811,-0.0009634324988280811
2015-03-01,Malaysia,0.0,-0.0009554072543237719,0.0009554072543237719
2015-03-01,Taiwan,-0.00047364646535454785,-0.0004027615353480175,-7.088493000653034e-05
2015-03-01,Mexico,0.0,-0.0014141953416635824,0.0014141953416635824
2015-03-01,Korea,0.002464637560306854,0.0008020326321471256,0.0016626049281597281
2015-03-01,Brazil,-0.004304031662421791,-0.004835359308712365,0.0005313276462905739
2015-03-01,South Africa,0.0,-0.0009337211621599491,0.0009337211621599491
2015-03-01,Denmark,0.0,0.002243921253497155,-0.002243921253497155
2015-03-01,India,-0.0010632236989920056,-0.002259404865478399,0.0011961811664863934
2015-03-01,ChinaH,0.0018737867348910479,0.0013527021457993447,0.0005210845890917032
2015-03-01,Hong Kong,0.0014037507531602926,0.000499122077488884,0.0009046286756714087
2015-03-01,Thailand,0.0,-0.0008428835559838922,0.0008428835559838922
2015-03-01,Turkey,-0.005183143526176102,-0.0033063584962766796,-0.0018767850298994225
2015-03-01,Spain,-0.0017084841743003885,-0.00037250874837358453,-0.001335975425926804
2015-03-01,Vietnam,0.0,-0.004284962114291079,0.004284962114291079
2015-03-01,Saudi Arabia,0.0,0.0,0.0
2015-04-01,Singapore,0.008360901504082693,0.003575457071803386,0.004785444432279307
2015-04-01,Australia,0.0003250130032167769,0.0007893841489551234,-0.00046437114573834646
2015-04-01,Canada,0.0014874213149202987,0.0033304340574864923,-0.0018430127425661936
2015-04-01,Germany,-0.0004729449943946436,-0.0002782222130918066,-0.00019472278130283703
2015-04-01,Japan,0.0015013241049992593,0.0019330365519243773,-0.0004317124469251179
2015-04-01,Switzerland,0.0,0.0016558199375884704,-0.0016558199375884704
2015-04-01,U.K.,0.005271453279040204,0.0037817914183154513,0.0014896618607247525
2015-04-01,NASDAQ,0.0006920906043264555,0.0004957580042500071,0.0001963326000764484
2015-04-01,U.S.,0.0,0.000520833110641744,-0.000520833110641744
2015-04-01,France,0.002842591707523311,0.0023802040534223667,0.0004623876541009443
2015-04-01,Netherlands,0.0,0.001822275162473383,-0.001822275162473383
2015-04-01,Sweden,0.0,0.0006230444231084202,-0.0006230444231084202
2015-04-01,Italy,0.0074577236454500175,0.0019766694618380196,0.005481054183611998
2015-04-01,ChinaA,0.023820473950088582,0.009574473551403277,0.014246000398685305
2015-04-01,Chile,0.0,0.0024881066576775976,-0.0024881066576775976
2015-04-01,Indonesia,0.0,-0.0052200735687881715,0.0052200735687881715
2015-04-01,Philippines,0.0,-0.0016590769233855347,0.0016590769233855347
2015-04-01,Poland,0.00830980077766285,0.00500422689488627,0.00330557388277658
2015-04-01,US SmallCap,0.0,-0.0014268186514253506,0.0014268186514253506
2015-04-01,Malaysia,0.0,0.001624126450458194,-0.001624126450458194
2015-04-01,Taiwan,0.003748199813954388,0.002399476650381018,0.0013487231635733701
2015-04-01,Mexico,0.0,0.00044036660929637586,-0.00044036660929637586
2015-04-01,Korea,0.009213598356287331,0.003014770353859173,0.006198828002428158
2015-04-01,Brazil,0.005708705964748252,0.006634522983373192,-0.0009258170186249399
2015-04-01,South Africa,0.0,0.0031207955683057124,-0.0031207955683057124
2015-04-01,Denmark,0.0,0.0030938875528572526,-0.0030938875528572526
2015-04-01,India,-0.0018510818392086551,-0.0038686155060622556,0.0020175336668536003
2015-04-01,ChinaH,0.016774404866132683,0.009556716411002987,0.007217688455129696
2015-04-01,Hong Kong,0.015846628122212734,0.004926426837435914,0.010920201284776821
2015-04-01,Thailand,0.0,3.406596990783344e-05,-3.406596990783344e-05
2015-04-01,Turkey,0.00181579163242977,0.0009051508110883404,0.0009106408213414295
2015-04-01,Spain,0.00726336999737317,0.0017507194286771298,0.00551265056869604
2015-04-01,Vietnam,0.0,0.0013543627995311399,-0.0013543627995311399
2015-04-01,Saudi Arabia,0.0,0.0,0.0
2015-05-01,Singapore,-0.007754813126078538,-0.0028508808473518815,-0.004903932278726657
2015-05-01,Australia,-0.0005464390353475213,-0.0013371430849376897,0.0007907040495901685
2015-05-01,Canada,-0.0010267054183302955,-0.002310388446201236,0.0012836830278709407
2015-05-01,Germany,-0.0027503078107732376,-0.0021056794423284014,-0.0006446283684448362
2015-05-01,Japan,0.0008098094759116596,0.0007049585562796882,0.00010485091963197135
2015-05-01,Switzerland,0.0,0.0005301311340044732,-0.0005301311340044732
2015-05-01,U.K.,0.00033434066753491946,0.00024027032044752775,9.40703470873917e-05
2015-05-01,NASDAQ,0.001470546921650764,0.0015464817151056897,-7.593479345492562e-05
2015-05-01,U.S.,0.0,0.0007003069136150501,-0.0007003069136150501
2015-05-01,France,-0.0011457237178766966,-0.0014098396052263974,0.00026411588734970076
2015-05-01,Netherlands,0.0,0.00022685443776724858,-0.00022685443776724858
2015-05-01,Sweden,0.0,-0.0006575808192721238,0.0006575808192721238
2015-05-01,Italy,0.0004914588637686246,0.00014625793643046754,0.00034520092733815704
2015-05-01,ChinaA,-0.0064498595649174146,-0.002526359363425278,-0.003923500201492137
2015-05-01,Chile,0.0,-0.0004962732469103106,0.0004962732469103106
2015-05-01,Indonesia,0.0,0.0014515807289201155,-0.0014515807289201155
2015-05-01,Philippines,0.0,-0.000550988775663715,0.000550988775663715
2015-05-01,Poland,-0.0043641813236661026,-0.003436199099805191,-0.0009279822238609115
2015-05-01,US SmallCap,0.0004689654390674995,0.0012392483182031393,-0.0007702828791356398
2015-05-01,Malaysia,0.0,-0.0028326714601346744,0.0028326714601346744
2015-05-01,Taiwan,-0.000197771089851893,-0.00010160772158486085,-9.616336826703215e-05
2015-05-01,Mexico,0.0,0.00020448411610436584,-0.00020448411610436584
2015-05-01,Korea,-0.009132189690390249,-0.0030114252285251522,-0.006120764461865097
2015-05-01,Brazil,-0.0046474785836443065,-0.005519136712754947,0.0008716581291106406
2015-05-01,South Africa,0.0,-0.0046973195845122825,0.0046973195845122825
2015-05-01,Denmark,0.0,-0.00046924606480550454,0.00046924606480550454
2015-05-01,India,0.0007954336992571965,0.001648759515052323,-0.0008533258157951264
2015-05-01,ChinaH,-0.005337232890149863,-0.00252250329051055,-0.002814729599639313
2015-05-01,Hong Kong,-0.0011138998287644952,-0.0003082398871050621,-0.0008056599416594331
2015-05-01,Thailand,0.0,-0.001964229549284491,0.001964229549284491
2015-05-01,Turkey,0.00037409941261234547,0.0001888049991859147,0.00018529441342643078
2015-05-01,Spain,-0.006615992585790056,-0.0017789359278533787,-0.004837056657936677
2015-05-01,Vietnam,0.0,0.00031010620431377097,-0.00031010620431377097
2015-05-01,Saudi Arabia,0.0,0.0,0.0
2015-06-01,Singapore,-0.002249069627604919,-0.0007269988100969164,-0.0015220708175080024
2015-06-01,Australia,-0.0008738011067106431,-0.0021558131046288194,0.0012820119979181763
2015-06-01,Canada,-0.0006310618513971097,-0.0014301140670727644,0.0007990522156756546
2015-06-01,Germany,-0.0012469042250742458,-0.0013502411221374443,0.00010333689706319856
2015-06-01,Japan,-0.0015260874733284656,-0.0010122807206987793,-0.0005138067526296863
2015-06-01,Switzerland,0.0,-0.0022371089777265428,0.0022371089777265428
2015-06-01,U.K.,-0.002428746465326701,-0.001744457851456053,-0.000684288613870648
2015-06-01,NASDAQ,-0.0004552388711981419,-0.0008803845669353564,0.0004251456957372145
2015-06-01,U.S.,0.0,-0.0010571566343488244,0.0010571566343488244
2015-06-01,France,-0.0006861711850735394,-0.0015530856667611839,0.0008669144816876445
2015-06-01,Netherlands,0.0,-0.0011551508736104322,0.0011551508736104322
2015-06-01,Sweden,0.0,-0.0019039880241053055,0.0019039880241053055
2015-06-01,Italy,-0.0043187067319119385,-0.0014543994945444693,-0.0028643072373674694
2015-06-01,ChinaA,-0.012367826813989121,-0.0042128109993223965,-0.008155015814666725
2015-06-01,Chile,0.0,-0.0035208088342208043,0.0035208088342208043
2015-06-01,Indonesia,0.0,-0.0037022519464747143,0.0037022519464747143
2015-06-01,Philippines,0.0,-0.0005771178385153631,0.0005771178385153631
2015-06-01,Poland,-0.0016417831186682271,-0.001844406127514551,0.00020262300884632393
2015-06-01,US SmallCap,0.0001573290246194987,0.00041186221831018355,-0.00025453319369068484
2015-06-01,Malaysia,0.0,-0.0022592930076324653,0.0022592930076324653
2015-06-01,Taiwan,-0.0049572087826281076,-0.0021380830698788447,-0.002819125712749263
2015-06-01,Mexico,0.0,-0.0004426701695683824,0.0004426701695683824
2015-06-01,Korea,-0.005986531227186974,-0.0019857453133199617,-0.004000785913867012
2015-06-01,Brazil,0.0013193156779035256,0.0016162544377214825,-0.0002969387598179569
2015-06-01,South Africa,0.0,0.0013225411461674922,-0.0013225411461674922
2015-06-01,Denmark,0.0,-0.0013288650066435998,0.0013288650066435998
2015-06-01,India,3.054273009997087e-05,6.288447096060682e-05,-3.234174086063595e-05
2015-06-01,ChinaH,-0.01045823602457482,-0.0042040480087322035,-0.006254188015842617
2015-06-01,Hong Kong,-0.006266689443686102,-0.0015653487859272695,-0.004701340657758833
2015-06-01,Thailand,0.0,0.00023063270080642947,-0.00023063270080642947
2015-06-01,Turkey,-0.0010442527578858514,-0.0005362261835241616,-0.0005080265743616898
2015-06-01,Spain,-0.0034626960769708302,-0.0010483770259336995,-0.002414319051037131
2015-06-01,Vietnam,0.0,0.0029583541497801005,-0.0029583541497801005
2015-06-01,Saudi Arabia,0.0,0.0,0.0
2015-07-01,Singapore,-0.008676336164369549,-0.0024511645498733036,-0.006225171614496245
2015-07-01,Australia,-0.0001775185003891876,-0.00044162199399228475,0.00026410349360309716
2015-07-01,Canada,-0.000766022528563814,-0.0017552025524652042,0.00098918002390139
2015-07-01,Germany,0.0006410804342742411,0.001353558775383335,-0.0007124783411090939
2015-07-01,Japan,0.0004921608950340597,0.00025482555683210465,0.00023733533820195508
2015-07-01,Switzerland,0.0,0.0022960237234201423,-0.0022960237234201423
2015-07-01,U.K.,0.0013498366411728168,0.0009690934143462723,0.00038074322682654443
2015-07-01,NASDAQ,0.0,0.0015790642165686133,-0.0015790642165686133
2015-07-01,U.S.,0.0,0.0011109513859486667,-0.0011109513859486667
2015-07-01,France,0.0,0.0024940576637792838,-0.0024940576637792838
2015-07-01,Netherlands,0.0,0.002293412073148316,-0.002293412073148316
2015-07-01,Sweden,0.0,0.000602349271353641,-0.000602349271353641
2015-07-01,Italy,0.005341429015865486,0.002118811288146656,0.00322261772771883
2015-07-01,ChinaA,-0.020721487310482508,-0.00608942558062046,-0.014632061729862048
2015-07-01,Chile,0.0,-0.002586061336743349,0.002586061336743349
2015-07-01,Indonesia,0.0,-0.001985666828594707,0.001985666828594707
2015-07-01,Philippines,0.0,-0.0006241539101372915,0.0006241539101372915
2015-07-01,Poland,-0.0007805193433164336,-0.00172943588767886,0.0009489165443624264
2015-07-01,US SmallCap,-0.00024600545914047275,-0.0006382946506293392,0.00039228919148886647
2015-07-01,Malaysia,0.0,-0.0004877380521738555,0.0004877380521738555
2015-07-01,Taiwan,-0.012068253322176866,-0.004375533890983762,-0.007692719431193104
2015-07-01,Mexico,0.0,-0.0012412702595219836,0.0012412702595219836
2015-07-01,Korea,-0.010684468050075668,-0.0035566607038673174,-0.007127807346208351
2015-07-01,Brazil,-0.0044322456693784255,-0.005575503818702652,0.0011432581493242269
2015-07-01,South Africa,0.0,-0.003143762082145602,0.003143762082145602
2015-07-01,Denmark,0.0,0.00336212190026346,-0.00336212190026346
2015-07-01,India,0.00047377305745629187,0.0009691337763124678,-0.000495360718856176
2015-07-01,ChinaH,-0.01793523610076408,-0.0060895845620857455,-0.011845651538678337
2015-07-01,Hong Kong,-0.004097874027160413,-0.0009164127091320531,-0.00318146131802836
2015-07-01,Thailand,0.0,-0.0034704172633475477,0.0034704172633475477
2015-07-01,Turkey,-0.005430627736938393,-0.0028237228593807834,-0.002606904877557609
2015-07-01,Spain,0.004872314729170888,0.0017185547893174865,0.003153759939853401
2015-07-01,Vietnam,0.0,0.0019667109631375146,-0.0019667109631375146
2015-07-01,Saudi Arabia,0.0,0.0,0.0
2015-08-01,Singapore,-0.022220848780386243,-0.0055669299837058425,-0.0166539187966804
2015-08-01,Australia,-0.0019987235825480666,-0.005022151775646712,0.003023428193098645
2015-08-01,Canada,-0.0013088702574503962,-0.0030371827238963914,0.0017283124664459952
2015-08-01,Germany,0.0,-0.003872063968829498,0.003872063968829498
2015-08-01,Japan,-0.007557686353043271,-0.003186591915477674,-0.004371094437565597
2015-08-01,Switzerland,0.0,-0.0036576574902721687,0.0036576574902721687
2015-08-01,U.K.,-0.0031362619612614437,-0.0033829686719943283,0.0002467067107328846
2015-08-01,NASDAQ,0.0,-0.0037025876561148814,0.0037025876561148814
2015-08-01,U.S.,0.0,-0.003220541233398826,0.003220541233398826
2015-08-01,France,0.0,-0.0037350242380247934,0.0037350242380247934
2015-08-01,Netherlands,0.0,-0.004822752961525343,0.004822752961525343
2015-08-01,Sweden,0.0,-0.0031004454455386206,0.0031004454455386206
2015-08-01,Italy,-0.007126886506437999,-0.0028409065219199485,-0.004285979984518051
2015-08-01,ChinaA,-0.01952292363263437,-0.005782861590792578,-0.013740062041841791
2015-08-01,Chile,0.0,-0.0016586723209597338,0.0016586723209597338
2015-08-01,Indonesia,0.0,-0.004027395410811341,0.004027395410811341
2015-08-01,Philippines,0.0,-0.0038295010942620065,0.0038295010942620065
2015-08-01,Poland,0.0,-0.001456120788618451,0.001456120788618451
2015-08-01,US SmallCap,-0.0027617395179643043,-0.0033614214921766634,0.0005996819742123591
2015-08-01,Malaysia,0.0,-0.006834763027389387,0.006834763027389387
2015-08-01,Taiwan,-0.0112752104791255,-0.004095665261949287,-0.0071795452171762135
2015-08-01,Mexico,0.0,-0.0031335833759524334,0.0031335833759524334
2015-08-01,Korea,-0.007477617152960766,-0.0029567938312027547,-0.004520823321758011
2015-08-01,Brazil,-0.004506136291445602,-0.005887345861188122,0.00138120956974252
2015-08-01,South Africa,0.0,-0.0033957522672894576,0.0033957522672894576
2015-08-01,Denmark,0.0,-0.0030074766739120683,0.0030074766739120683
2015-08-01,India,-0.002264971906153977,-0.004593188675883186,0.002328216769729209
2015-08-01,ChinaH,-0.019858441475546922,-0.005794500233097917,-0.014063941242449005
2015-08-01,Hong Kong,-0.03387929507928113,-0.006859717588368815,-0.027019577490912314
2015-08-01,Thailand,0.0,-0.0030091202755423633,0.0030091202755423633
2015-08-01,Turkey,-0.008510238486694105,-0.004512006551184911,-0.003998231935509194
2015-08-01,Spain,-0.008885104454809018,-0.0037289431839591667,-0.0051561612708498515
2015-08-01,Vietnam,0.0,-0.005288497697315716,0.005288497697315716
2015-08-01,Saudi Arabia,0.0,0.0,0.0
2015-09-01,Singapore,-0.008593541707097457,-0.001928139415946019,-0.006665402291151437
2015-09-01,Australia,-0.0007797994355295163,-0.0019824748144299845,0.0012026753789004681
2015-09-01,Canada,-0.0008895658400741403,-0.0020876235754301612,0.001198057735356021
2015-09-01,Germany,0.0,-0.0029369799416132125,0.0029369799416132125
2015-09-01,Japan,-0.010614542708593789,-0.003752278817599718,-0.006862263890994071
2015-09-01,Switzerland,0.0,-0.0022023751874797187,0.0022023751874797187
2015-09-01,U.K.,-0.0009765431590279109,-0.002110893766119572,0.001134350607091661
2015-09-01,NASDAQ,0.0,-0.001623628486049487,0.001623628486049487
2015-09-01,U.S.,0.0,-0.001224731331740713,0.001224731331740713
2015-09-01,France,0.0,-0.002068502631008263,0.002068502631008263
2015-09-01,Netherlands,-0.0010300227273786714,-0.0023857811726119204,0.001355758445233249
2015-09-01,Sweden,0.0,-0.002080418488522435,0.002080418488522435
2015-09-01,Italy,-0.0039700389923769275,-0.0015945562617164356,-0.002375482730660492
2015-09-01,ChinaA,-0.003840778004101555,-0.0009906260723093275,-0.0028501519317922276
2015-09-01,Chile,0.0,-0.00245162448203648,0.00245162448203648
2015-09-01,Indonesia,0.0,-0.005357949436584758,0.005357949436584758
2015-09-01,Philippines,0.0,-0.0008803685748399193,0.0008803685748399193
2015-09-01,Poland,0.0,-0.001899460484023484,0.001899460484023484
2015-09-01,US SmallCap,-0.002020709513053432,-0.002428616822104582,0.00040790730905115
2015-09-01,Malaysia,0.0,-0.0014204517885605067,0.0014204517885605067
2015-09-01,Taiwan,-0.0036006235728017495,-0.0013127413963411909,-0.0022878821764605586
2015-09-01,Mexico,0.0,-0.001521191966391753,0.001521191966391753
2015-09-01,Korea,0.0015472274199401128,0.0007466364365328339,0.0008005909834072789
2015-09-01,Brazil,-0.003248911176676237,-0.004452802722408825,0.001203891545732588
2015-09-01,South Africa,0.0,-0.003095462280974383,0.003095462280974383
2015-09-01,Denmark,0.0,-0.001610426988290271,0.001610426988290271
2015-09-01,India,0.0,0.00023706580044496173,-0.00023706580044496173
2015-09-01,ChinaH,-0.003890103762059064,-0.0009901870765125142,-0.00289991668554655
2015-09-01,Hong Kong,-0.004931315543457107,-0.0010003735476166596,-0.003930941995840447
2015-09-01,Thailand,0.0,-0.0023809376707678216,0.0023809376707678216
2015-09-01,Turkey,-0.002976401147749396,-0.0020882808141672394,-0.0008881203335821567
2015-09-01,Spain,-0.0069470728203413976,-0.003593587080032497,-0.0033534857403089004
2015-09-01,Vietnam,0.0,-0.0012170570021872353,0.0012170570021872353
2015-09-01,Saudi Arabia,0.0,0.0,0.0
2015-10-01,Singapore,0.017666273406388888,0.003995945107238563,0.013670328299150325
2015-10-01,Australia,0.0010072078498623261,0.002575802091273635,-0.0015685942414113087
2015-10-01,Canada,0.0007701055914692336,0.001825146765704771,-0.0010550411742355375
2015-10-01,Germany,0.002156764014956176,0.004715710084273944,-0.0025589460693177684
2015-10-01,Japan,0.015426488944292535,0.004686897985605364,0.010739590958687172
2015-10-01,Switzerland,0.0,0.002086816616995265,-0.002086816616995265
2015-10-01,U.K.,0.0016739643948139294,0.003597320203240421,-0.0019233558084264914
2015-10-01,NASDAQ,0.0,0.004560213488708399,-0.004560213488708399
2015-10-01,U.S.,0.0,0.004025076727096514,-0.004025076727096514
2015-10-01,France,0.0,0.003912759506947393,-0.003912759506947393
2015-10-01,Netherlands,0.001609689339283985,0.0036952856290788936,-0.0020855962897949084
2015-10-01,Sweden,0.0,0.0021801444702840974,-0.0021801444702840974
2015-10-01,Italy,0.005406149931317688,0.0021956342338720967,0.003210515697445591
2015-10-01,ChinaA,0.014728357417678544,0.003831904344525688,0.010896453073152856
2015-10-01,Chile,0.0,0.0024881876201986192,-0.0024881876201986192
2015-10-01,Indonesia,0.0,0.005791389026070001,-0.005791389026070001
2015-10-01,Philippines,0.0,0.0011982979572999187,-0.0011982979572999187
2015-10-01,Poland,0.0,-0.000570193344899081,0.000570193344899081
2015-10-01,US SmallCap,0.003351558603817542,0.0026158937992737134,0.0007356648045438287
2015-10-01,Malaysia,0.0,0.002150215785997791,-0.002150215785997791
2015-10-01,Taiwan,0.005351798280670481,0.0023817910648739407,0.0029700072157965406
2015-10-01,Mexico,0.0,0.0031839790001945453,-0.0031839790001945453
2015-10-01,Korea,0.008056463834857863,0.0049927481153244635,0.0030637157195333997
2015-10-01,Brazil,0.0005940069219484974,0.0017993918020996098,-0.0012053848801511125
2015-10-01,South Africa,0.0,0.003112545700130124,-0.003112545700130124
2015-10-01,Denmark,0.0,0.0002403451647811963,-0.0002403451647811963
2015-10-01,India,0.0,0.000605306018333572,-0.000605306018333572
2015-10-01,ChinaH,0.01699403549976322,0.003831327533948707,0.013162707965814514
2015-10-01,Hong Kong,0.01883114134255253,0.0038416768164322335,0.014989464526120298
2015-10-01,Thailand,0.0,0.0022708996695255754,-0.0022708996695255754
2015-10-01,Turkey,0.006884245326123123,0.0048817464732115136,0.0020024988529116095
2015-10-01,Spain,0.004714299808494079,0.003191482922177849,0.0015228168863162298
2015-10-01,Vietnam,0.0,0.0031437911787759285,-0.0031437911787759285
2015-10-01,Saudi Arabia,0.0,0.0,0.0
2015-11-01,Singapore,-0.009932770883857153,-0.002505932486161172,-0.007426838397695981
2015-11-01,Australia,0.00015521612634626254,0.0004009160453876206,-0.00024569991904135804
2015-11-01,Canada,0.0,-0.000894235164286561,0.000894235164286561
2015-11-01,Germany,2.309843762403332e-06,5.011973187922053e-06,-2.7021294255187207e-06
2015-11-01,Japan,-0.001959570173743709,-0.0005211131154079444,-0.0014384570583357646
2015-11-01,Switzerland,0.0,-0.0015724273163987823,0.0015724273163987823
2015-11-01,U.K.,0.0,-0.0008504164836262401,0.0008504164836262401
2015-11-01,NASDAQ,0.0,0.0006649512563198504,-0.0006649512563198504
2015-11-01,U.S.,0.0,0.00015228251616127413,-0.00015228251616127413
2015-11-01,France,-0.0006469839140336624,-0.001509758647372586,0.0008627747333389236
2015-11-01,Netherlands,-0.0008233505528883892,-0.0009429321369334712,0.00011958158404508205
2015-11-01,Sweden,0.0,-6.95236504015847e-06,6.95236504015847e-06
2015-11-01,Italy,-0.004061474436305442,-0.0016571098982044695,-0.0024043645381009726
2015-11-01,ChinaA,-0.005259371142167448,-0.001558994178187482,-0.0037003769639799653
2015-11-01,Chile,0.0,-0.0034502887648511136,0.0034502887648511136
2015-11-01,Indonesia,0.0,-0.0003108455056777936,0.0003108455056777936
2015-11-01,Philippines,0.0,-0.001776899617643898,0.001776899617643898
2015-11-01,Poland,0.0,-0.004758809087705143,0.004758809087705143
2015-11-01,US SmallCap,0.0020440620498970836,0.0015837431307614898,0.00046031891913559373
2015-11-01,Malaysia,0.0,0.0007156273535200495,-0.0007156273535200495
2015-11-01,Taiwan,-0.003411195632192026,-0.0015223428333241656,-0.0018888527988678602
2015-11-01,Mexico,0.0,-0.001341428745065247,0.001341428745065247
2015-11-01,Korea,-0.0035268824142346885,-0.0017189592354637235,-0.001807923178770965
2015-11-01,Brazil,-0.0003778338954121813,-0.0011938374081452946,0.0008160035127331133
2015-11-01,South Africa,0.0,-0.0032311804361426335,0.0032311804361426335
2015-11-01,Denmark,0.0,0.0015875118988842073,-0.0015875118988842073
2015-11-01,India,0.0,-0.0021594683516720776,0.0021594683516720776
2015-11-01,ChinaH,-0.007629086442553011,-0.0015480971721622933,-0.006080989270390718
2015-11-01,Hong Kong,-0.007448788783348508,-0.001518110647696882,-0.005930678135651626
2015-11-01,Thailand,0.0,-0.001498858868972777,0.001498858868972777
2015-11-01,Turkey,-0.003787519692804436,-0.00272083008030818,-0.001066689612496256
2015-11-01,Spain,-0.0017366604102389228,-0.0016673206670903633,-6.933974314855948e-05
2015-11-01,Vietnam,0.0,-0.004445782924409625,0.004445782924409625
2015-11-01,Saudi Arabia,0.0,0.0,0.0
2015-12-01,Singapore,0.0013774676399360443,0.0003871659930980182,0.0009903016468380261
2015-12-01,Australia,0.0,0.0016001412489787855,-0.0016001412489787855
2015-12-01,Canada,0.0,-0.003130822112663845,0.003130822112663845
2015-12-01,Germany,-0.0005951540752339482,-0.0012850309677030994,0.0006898768924691513
2015-12-01,Japan,0.0004442464143221581,0.0001063574607014368,0.0003378889536207213
2015-12-01,Switzerland,0.0,0.00045267321678312504,-0.00045267321678312504
2015-12-01,U.K.,0.0,-0.0018714578462839338,0.0018714578462839338
2015-12-01,NASDAQ,0.0,-0.0009766904673008277,0.0009766904673008277
2015-12-01,U.S.,0.0,-0.0008053932279142802,0.0008053932279142802
2015-12-01,France,-0.0013436681039882535,-0.0016760403896637906,0.0003323722856755371
2015-12-01,Netherlands,-0.001157558663505095,-0.0013149295736794558,0.00015737091017436079
2015-12-01,Sweden,0.0,-0.001098379457416925,0.001098379457416925
2015-12-01,Italy,-0.0040742394867008805,-0.001674001896939374,-0.0024002375897615065
2015-12-01,ChinaA,-0.001956719325502464,-0.0005780156566542955,-0.0013787036688481685
2015-12-01,Chile,0.0,0.0005297770836680237,-0.0005297770836680237
2015-12-01,Indonesia,0.0,0.0020144713250451964,-0.0020144713250451964
2015-12-01,Philippines,0.0,0.000497749372989058,-0.000497749372989058
2015-12-01,Poland,0.0,-1.2970077385794034e-05,1.2970077385794034e-05
2015-12-01,US SmallCap,-0.0032578804346213457,-0.0024945223282519763,-0.0007633581063693695
2015-12-01,Malaysia,0.0,7.193145790021132e-05,-7.193145790021132e-05
2015-12-01,Taiwan,-0.0006269155278800216,-0.0003406046958906744,-0.0002863108319893472
2015-12-01,Mexico,0.0,-0.0023804622530396546,0.0023804622530396546
2015-12-01,Korea,-0.0018347413455750208,-0.0007530245740727738,-0.001081716771502247
2015-12-01,Brazil,-0.0005769517746605896,-0.0018896402663639861,0.0013126884917033965
2015-12-01,South Africa,0.0,-0.004251958745113111,0.004251958745113111
2015-12-01,Denmark,0.0,0.0015113364968813781,-0.0015113364968813781
2015-12-01,India,0.0,0.000995340877223442,-0.000995340877223442
2015-12-01,ChinaH,-0.00289092277781354,-0.0005868248842513282,-0.002304097893562212
2015-12-01,Hong Kong,0.0018427267145540629,0.0003757115993079153,0.0014670151152461476
2015-12-01,Thailand,0.0,-0.003437379277679099,0.003437379277679099
2015-12-01,Turkey,-0.003157820382810926,-0.002312161953613708,-0.0008456584291972181
2015-12-01,Spain,-0.0017494122439138096,-0.00261346845865492,0.0008640562147411103
2015-12-01,Vietnam,0.000924630790059069,0.0023749662788502242,-0.0014503354887911552
2015-12-01,Saudi Arabia,0.0,0.0,0.0
2016-01-01,Singapore,-0.013139410554020896,-0.004052199507135807,-0.009087211046885089
2016-01-01,Australia,0.0,-0.004084400158843943,0.004084400158843943
2016-01-01,Canada,0.0,-0.0010386194960193046,0.0010386194960193046
2016-01-01,Germany,-0.003236626029770124,-0.004278593122439822,0.0010419670926696979
2016-01-01,Japan,-0.018132293120329518,-0.004018405194701618,-0.0141138879256279
2016-01-01,Switzerland,0.0,-0.003547112304108177,0.003547112304108177
2016-01-01,U.K.,0.0,-0.002778906352012713,0.002778906352012713
2016-01-01,NASDAQ,0.0,-0.0039350918336671925,0.0039350918336671925
2016-01-01,U.S.,0.0,-0.002459518370075781,0.002459518370075781
2016-01-01,France,-0.0023386394541602715,-0.0021252049793073257,-0.00021343447485294579
2016-01-01,Netherlands,-0.0011620791083138708,-0.00131078253113864,0.00014870342282476915
2016-01-01,Sweden,0.0,-0.003633277945256277,0.003633277945256277
2016-01-01,Italy,-0.015168303537628238,-0.0062979147600776934,-0.008870388777550545
2016-01-01,ChinaA,-0.01876904849604059,-0.005544940677247413,-0.013224107818793178
2016-01-01,Chile,0.0,0.00039467411446783286,-0.00039467411446783286
2016-01-01,Indonesia,0.0,0.0013176192594135968,-0.0013176192594135968
2016-01-01,Philippines,0.0,-0.0023818044245681813,0.0023818044245681813
2016-01-01,Poland,0.0,-0.0032917803799372355,0.0032917803799372355
2016-01-01,US SmallCap,-0.005419902211091718,-0.004133025119967533,-0.001286877091124185
2016-01-01,Malaysia,0.0,0.001301844361716501,-0.001301844361716501
2016-01-01,Taiwan,-0.003061351613741751,-0.0020061242726043876,-0.0010552273411373633
2016-01-01,Mexico,0.0,-0.0015124485208628977,0.0015124485208628977
2016-01-01,Korea,-0.00808649316432697,-0.002958321625253283,-0.0051281715390736875
2016-01-01,Brazil,-0.0008073535656528901,-0.0027297179469883697,0.0019223643813354794
2016-01-01,South Africa,0.0,-0.0014855931451950874,0.0014855931451950874
2016-01-01,Denmark,0.0,-0.002343182827241842,0.002343182827241842
2016-01-01,India,0.0,-0.0031258666120487664,0.0031258666120487664
2016-01-01,ChinaH,-0.02655053806506289,-0.005401451175171266,-0.021149086889891623
2016-01-01,Hong Kong,-0.0213018514920509,-0.0043478993205284915,-0.01695395217152241
2016-01-01,Thailand,0.0,0.00185380039598186,-0.00185380039598186
2016-01-01,Turkey,0.0007362174601295694,0.0006793273287065935,5.689013142297589e-05
2016-01-01,Spain,-0.001251170188952024,-0.0034478850397125383,0.0021967148507605143
2016-01-01,Vietnam,-0.0011837332377851236,-0.0030219455889092263,0.0018382123511241028
2016-01-01,Saudi Arabia,0.0,0.0,0.0
2016-02-01,Singapore,0.004052610318538624,0.0014043768483710543,0.0026482334701675696
2016-02-01,Australia,0.0,-0.0002554478757283613,0.0002554478757283613
2016-02-01,Canada,0.0,0.001581319885687293,-0.001581319885687293
2016-02-01,Germany,-0.0008462088550481671,-0.0011176276058763909,0.00027141875082822375
2016-02-01,Japan,-0.005979588495155174,-0.0012322511658448738,-0.0047473373293103
2016-02-01,Switzerland,0.0,-0.0009734985513675787,0.0009734985513675787
2016-02-01,U.K.,0.0,3.704480777270775e-05,-3.704480777270775e-05
2016-02-01,NASDAQ,0.0,-0.0004690177533746814,0.0004690177533746814
2016-02-01,U.S.,0.0,-6.278487050464467e-05,6.278487050464467e-05
2016-02-01,France,-0.0007219833895322352,-0.0005130527748534725,-0.00020893061467876272
2016-02-01,Netherlands,-0.0006624150559253793,-0.0007405298242112634,7.811476828588414e-05
2016-02-01,Sweden,0.0,0.0005400522401276861,-0.0005400522401276861
2016-02-01,Italy,-0.005724542255812626,-0.002086617411600816,-0.00363792484421181
2016-02-01,ChinaA,-0.0029212723501199998,-0.0009719242683683336,-0.0019493480817516663
2016-02-01,Chile,0.0,0.0007556914237405038,-0.0007556914237405038
2016-02-01,Indonesia,0.0,0.0027381422962656546,-0.0027381422962656546
2016-02-01,Philippines,0.0,1.5376119525070925e-05,-1.5376119525070925e-05
2016-02-01,Poland,0.0,0.001634640175375633,-0.001634640175375633
2016-02-01,US SmallCap,-7.934887688772097e-06,-4.876573512512329e-06,-3.058314176259768e-06
2016-02-01,Malaysia,0.0,-0.0008772676889816742,0.0008772676889816742
2016-02-01,Taiwan,0.002603828219129143,0.0017125771227653808,0.0008912510963637623
2016-02-01,Mexico,0.0,0.0004096646307388442,-0.0004096646307388442
2016-02-01,Korea,-0.002016538631148735,-0.0006638707739959812,-0.0013526678571527536
2016-02-01,Brazil,0.0,0.0022351932401790567,-0.0022351932401790567
2016-02-01,South Africa,0.0,6.822223802920987e-05,-6.822223802920987e-05
2016-02-01,Denmark,0.0,-0.0011503494105631381,0.0011503494105631381
2016-02-01,India,0.0,-0.0030774348438159732,0.0030774348438159732
2016-02-01,ChinaH,-0.004542335227252667,-0.0010036781035024183,-0.0035386571237502485
2016-02-01,Hong Kong,-0.00023057836534921076,-4.7458975415465126e-05,-0.00018311938993374565
2016-02-01,Thailand,0.0,0.0018298675828191135,-0.0018298675828191135
2016-02-01,Turkey,0.0010327185391509485,0.0013168109502046943,-0.00028409241105374584
2016-02-01,Spain,-0.0004956722494121927,-0.0015052324833394284,0.0010095602339272357
2016-02-01,Vietnam,-0.0007439487855349551,-0.0018910783128172042,0.001147129527282249
2016-02-01,Saudi Arabia,0.0,0.0,0.0
2016-03-01,Singapore,0.01199793951284328,0.0048879423001452985,0.007109997212697982
2016-03-01,Australia,0.0,0.005352504386128741,-0.005352504386128741
2016-03-01,Canada,0.0,0.00430103314147859,-0.00430103314147859
2016-03-01,Germany,0.003110789035118018,0.0041194981761663385,-0.0010087091410483206
2016-03-01,Japan,0.008052553423776325,0.0016613028063873195,0.006391250617389006
2016-03-01,Switzerland,0.0,0.0016740859110171826,-0.0016740859110171826
2016-03-01,U.K.,0.0,0.0024503688031674406,-0.0024503688031674406
2016-03-01,NASDAQ,0.0,0.0031295729749948806,-0.0031295729749948806
2016-03-01,U.S.,0.0,0.0031170820728060804,-0.0031170820728060804
2016-03-01,France,0.004697827809598054,0.002566803254268074,0.0021310245553299804
2016-03-01,Netherlands,0.004599071635943232,0.003507166559443753,0.0010919050764994788
2016-03-01,Sweden,0.0,0.002715199980407647,-0.002715199980407647
2016-03-01,Italy,0.009545311703505498,0.002984721948428376,0.006560589755077122
2016-03-01,ChinaA,0.011419146427259733,0.004496597612800523,0.00692254881445921
2016-03-01,Chile,0.0018683416805065063,0.004621447553194753,-0.002753105872688247
2016-03-01,Indonesia,0.0,0.0019993996202857813,-0.0019993996202857813
2016-03-01,Philippines,0.0,0.005619112350342131,-0.005619112350342131
2016-03-01,Poland,0.0,0.006813913388183962,-0.006813913388183962
2016-03-01,US SmallCap,0.005542524485465455,0.0033932773680016796,0.0021492471174637756
2016-03-01,Malaysia,0.0,0.005967109449336442,-0.005967109449336442
2016-03-01,Taiwan,0.005605637087301888,0.003687960849548044,0.001917676237753844
2016-03-01,Mexico,0.0,0.004883299880299085,-0.004883299880299085
2016-03-01,Korea,0.018630833937867068,0.00615567908251357,0.012475154855353499
2016-03-01,Brazil,0.0,0.01185711032239979,-0.01185711032239979
2016-03-01,South Africa,0.0,0.007110026868568984,-0.007110026868568984
2016-03-01,Denmark,0.0,0.0024456218042655554,-0.0024456218042655554
2016-03-01,India,0.0,0.005210081402130687,-0.005210081402130687
2016-03-01,ChinaH,0.01784048401993402,0.004411943979814733,0.013428540040119287
2016-03-01,Hong Kong,0.019985527111242626,0.004118533539018329,0.0158669935722243
2016-03-01,Thailand,0.0,0.0034773643925655323,-0.0034773643925655323
2016-03-01,Turkey,0.0027384508017318184,0.007156438493280577,-0.004417987691548759
2016-03-01,Spain,0.0010153611313281454,0.0031102495005538833,-0.002094888369225738
2016-03-01,Vietnam,0.00025569123990844636,0.0006480708067339302,-0.0003923795668254839
2016-03-01,Saudi Arabia,0.0,0.0,0.0
2016-04-01,Singapore,0.0004162282189663309,0.00020080316674796512,0.00021542505221836577
2016-04-01,Australia,0.0,0.0013448553687391697,-0.0013448553687391697
2016-04-01,Canada,0.0,0.003189302748291151,-0.003189302748291151
2016-04-01,Germany,0.00024205411380950754,0.0003218206204334824,-7.976650662397484e-05
2016-04-01,Japan,0.009984401236066484,0.0020643473266442353,0.007920053909422249
2016-04-01,Switzerland,0.0,0.0008582605105971125,-0.0008582605105971125
2016-04-01,U.K.,0.0007179210177601224,0.001849525004369808,-0.0011316039866096856
2016-04-01,NASDAQ,0.0,-0.0008980951538657678,0.0008980951538657678
2016-04-01,U.S.,0.0,0.00018843412949855323,-0.00018843412949855323
2016-04-01,France,0.001579964555539055,0.0007111608417707237,0.0008688037137683312
2016-04-01,Netherlands,-0.0005681558063761209,-0.00043038554947401596,-0.00013777025690210495
2016-04-01,Sweden,0.0,0.0002958228119911072,-0.0002958228119911072
2016-04-01,Italy,0.003417770870155594,0.0010773029409497552,0.0023404679292058387
2016-04-01,ChinaA,-0.00018804807292147535,-8.799669685653464e-05,-0.00010005137606494071
2016-04-01,Chile,0.0010497377701682849,0.0013703326200639387,-0.00032059484989565385
2016-04-01,Indonesia,0.0,-0.0012204203898248558,0.0012204203898248558
2016-04-01,Philippines,0.0,-0.001722233387687428,0.001722233387687428
2016-04-01,Poland,0.0,-0.003587621167031375,0.003587621167031375
2016-04-01,US SmallCap,0.001176939499010579,0.0007210069629190127,0.00045593253609156636
2016-04-01,Malaysia,0.0,-0.0017690812705674977,0.0017690812705674977
2016-04-01,Taiwan,-0.002871014886272863,-0.002515884529885111,-0.00035513035638775215
2016-04-01,Mexico,0.0,-9.345099550962753e-05,9.345099550962753e-05
2016-04-01,Korea,-0.0019217454921108493,-0.0005656090112523095,-0.0013561364808585398
2016-04-01,Brazil,0.0,0.005283293110378926,-0.005283293110378926
2016-04-01,South Africa,0.0,0.0016682196102061416,-0.0016682196102061416
2016-04-01,Denmark,0.0,0.0009687512996687522,-0.0009687512996687522
2016-04-01,India,0.0,9.850400056272034e-05,-9.850400056272034e-05
2016-04-01,ChinaH,-0.0003068940744645527,-8.470481726313147e-05,-0.0002221892572014212
2016-04-01,Hong Kong,0.002089623834094659,0.00043145264640705487,0.0016581711876876041
2016-04-01,Thailand,0.0,0.0002715161612595313,-0.0002715161612595313
2016-04-01,Turkey,0.0008019788851511826,0.002325206305100579,-0.0015232274199493967
2016-04-01,Spain,0.0006999793177847683,0.002166691245029318,-0.0014667119272445497
2016-04-01,Vietnam,0.0013287452095179946,0.0033592649983054763,-0.0020305197887874817
2016-04-01,Saudi Arabia,0.0,0.0,0.0
2016-05-01,Singapore,-0.0034171201466943126,-0.002005659908892231,-0.0014114602378020816
2016-05-01,Australia,0.0,-0.0009264810070120155,0.0009264810070120155
2016-05-01,Canada,0.0,-0.00172237671887868,0.00172237671887868
2016-05-01,Germany,-0.0007722897171932629,-0.001027576614521293,0.0002552868973280302
2016-05-01,Japan,-0.002288888446110961,-0.0004749698968580887,-0.0018139185492528722
2016-05-01,Switzerland,0.0,-0.0002383223803268227,0.0002383223803268227
2016-05-01,U.K.,4.5950911337642096e-05,0.00011785630274859771,-7.19053914109556e-05
2016-05-01,NASDAQ,0.0,0.0017734630339807018,-0.0017734630339807018
2016-05-01,U.S.,0.0,0.0008655861577985187,-0.0008655861577985187
2016-05-01,France,-0.0014668196950804874,-0.0005642309983888774,-0.00090258869669161
2016-05-01,Netherlands,0.0005836965294566929,0.00034357892335464766,0.0002401176061020452
2016-05-01,Sweden,0.0,-0.0013860568287332221,0.0013860568287332221
2016-05-01,Italy,-0.006983369283482933,-0.00221576605176169,-0.004767603231721243
2016-05-01,ChinaA,-0.0008801503883453584,-0.00042071879287015944,-0.00045943159547519893
2016-05-01,Chile,-0.0034731322210603197,-0.003120696453425253,-0.0003524357676350665
2016-05-01,Indonesia,0.0,-0.0016189803758060155,0.0016189803758060155
2016-05-01,Philippines,0.0,0.002239950860878391,-0.002239950860878391
2016-05-01,Poland,0.0,-0.0034282224716910142,0.0034282224716910142
2016-05-01,US SmallCap,0.0012800975666114093,0.0010453517683328738,0.00023474579827853547
2016-05-01,Malaysia,0.0,-0.0033123878455388464,0.0033123878455388464
2016-05-01,Taiwan,0.0006068259619223021,0.0007919802961347061,-0.00018515433421240405
2016-05-01,Mexico,0.0,-0.003725607547772683,0.003725607547772683
2016-05-01,Korea,-0.006404322252661746,-0.0018942632063853315,-0.004510059046276414
2016-05-01,Brazil,0.0,-0.007679694522395285,0.007679694522395285
2016-05-01,South Africa,0.0,-0.004180913965592155,0.004180913965592155
2016-05-01,Denmark,0.0,0.0007528331691086524,-0.0007528331691086524
2016-05-01,India,0.0,0.0010397142229578108,-0.0010397142229578108
2016-05-01,ChinaH,-0.0011837707640158332,-0.00036685948465717787,-0.0008169112793586554
2016-05-01,Hong Kong,-0.0020189639576842044,-0.000418474305616269,-0.0016004896520679353
2016-05-01,Thailand,0.0,9.686300277110807e-05,-9.686300277110807e-05
2016-05-01,Turkey,-0.004712543662340083,-0.006979583516933902,0.0022670398545938187
2016-05-01,Spain,-0.0004090181928959656,-0.0012742179496536379,0.0008651997567576722
2016-05-01,Vietnam,0.0002161382004074023,0.0005417609551419255,-0.00032562275473452316
2016-05-01,Saudi Arabia,0.0,0.0,0.0
2016-06-01,Singapore,0.002515653294581646,0.0018784906564669223,0.0006371626381147237
2016-06-01,Australia,4.672635631820092e-05,0.00014232754905751935,-9.560119273931844e-05
2016-06-01,Canada,6.84757810549848e-05,0.0002084488405602097,-0.0001399730595052249
2016-06-01,Germany,-0.001974550393691014,-0.00262346187349391,0.000648911479802896
2016-06-01,Japan,-0.005284673688684855,-0.0011887991753919776,-0.004095874513292877
2016-06-01,Switzerland,0.0,-0.0002743629886411636,0.0002743629886411636
2016-06-01,U.K.,-0.0005785264597127623,-0.0014762550874042634,0.0008977286276915011
2016-06-01,NASDAQ,0.0,-0.0009771957516715479,0.0009771957516715479
2016-06-01,U.S.,0.0,0.00012570995064463132,-0.00012570995064463132
2016-06-01,France,-0.008366745565394539,-0.002827790641986452,-0.0055389549234080866
2016-06-01,Netherlands,-0.005038889136079436,-0.002948259365843986,-0.00209062977023545
2016-06-01,Sweden,0.0,-0.001980604963430249,0.001980604963430249
2016-06-01,Italy,-0.012275373611817329,-0.003941006017375922,-0.008334367594441406
2016-06-01,ChinaA,-0.00022708916015043586,-0.00013038623673015362,-9.670292342028224e-05
2016-06-01,Chile,0.0043294266216350585,0.0029889168368867347,0.0013405097847483238
2016-06-01,Indonesia,0.0,0.0046684169485635705,-0.0046684169485635705
2016-06-01,Philippines,0.0,0.0021475784215264576,-0.0021475784215264576
2016-06-01,Poland,0.0,-0.0009573046516476307,0.0009573046516476307
2016-06-01,US SmallCap,-3.7805382904390955e-05,-3.069166171219859e-05,-7.113721192192362e-06
2016-06-01,Malaysia,0.0,0.002194608540915855,-0.002194608540915855
2016-06-01,Taiwan,0.0006439116065772825,0.001548914566576136,-0.0009050029599988535
2016-06-01,Mexico,0.0,0.0005095257770999899,-0.0005095257770999899
2016-06-01,Korea,0.005972290498971987,0.0017812801634894163,0.004191010335482571
2016-06-01,Brazil,0.0031068493799235697,0.009539742756325955,-0.006432893376402385
2016-06-01,South Africa,0.0,0.0031325276200199746,-0.0031325276200199746
2016-06-01,Denmark,0.0,-0.0020411103838090553,0.0020411103838090553
2016-06-01,India,0.0,0.000484511920216643,-0.000484511920216643
2016-06-01,ChinaH,-0.0005036380120554578,-0.00017641769280211125,-0.00032722031925334655
2016-06-01,Hong Kong,0.0018257339970816863,0.0004100947009219881,0.0014156392961596981
2016-06-01,Thailand,0.0,0.000943748845940572,-0.000943748845940572
2016-06-01,Turkey,0.0008661295513122838,0.0008495052168808943,1.6624334431389505e-05
2016-06-01,Spain,-0.0014156732222695312,-0.004435527530132316,0.0030198543078627854
2016-06-01,Vietnam,0.0003482147363264494,0.0008639660897400753,-0.0005157513534136259
2016-06-01,Saudi Arabia,0.0,0.0,0.0
2016-07-01,Singapore,0.0002035392481218175,0.00022142713635178073,-1.7887888229963227e-05
2016-07-01,Australia,0.002813387114947488,0.0038484300031447418,-0.001035042888197254
2016-07-01,Canada,0.0005469250153618762,0.00165905399477037,-0.0011121289794084937
2016-07-01,Germany,0.0023733859201112333,0.0031667650035365753,-0.000793379083425342
2016-07-01,Japan,0.012799162782324527,0.002893600696322846,0.009905562086001681
2016-07-01,Switzerland,0.0,0.0010488347696123142,-0.0010488347696123142
2016-07-01,U.K.,0.000509956570882546,0.0012976000546306907,-0.0007876434837481447
2016-07-01,NASDAQ,0.0,0.0030700250038036355,-0.0030700250038036355
2016-07-01,U.S.,0.0,0.0017674356097948413,-0.0017674356097948413
2016-07-01,France,0.008041320845150225,0.0023614799344863317,0.0056798409106638935
2016-07-01,Netherlands,0.004519131447177386,0.002101049689167223,0.002418081758010163
2016-07-01,Sweden,0.0,0.0016010097348643114,-0.0016010097348643114
2016-07-01,Italy,0.004958127122090216,0.0016273429967777998,0.0033307841253124165
2016-07-01,ChinaA,0.002053315056549595,0.0015375629614960784,0.0005157520950535165
2016-07-01,Chile,0.0027254054349323013,0.0014742897582567399,0.0012511156766755614
2016-07-01,Indonesia,0.0,0.002981765502986449,-0.002981765502986449
2016-07-01,Philippines,0.0,0.0012099430272118677,-0.0012099430272118677
2016-07-01,Poland,0.0,0.0009870139775569964,-0.0009870139775569964
2016-07-01,US SmallCap,0.0034683153153816054,0.0028082074522273563,0.0006601078631542491
2016-07-01,Malaysia,0.0,-0.0005535740529016726,0.0005535740529016726
2016-07-01,Taiwan,0.0,0.0026828682634948233,-0.0026828682634948233
2016-07-01,Mexico,0.0,-0.0001052070313923426,0.0001052070313923426
2016-07-01,Korea,0.01085627037801445,0.0032677802926726275,0.007588490085341824
2016-07-01,Brazil,0.0019017331023723021,0.00582228113441942,-0.003920548032047118
2016-07-01,South Africa,0.0,0.004257915476707732,-0.004257915476707732
2016-07-01,Denmark,0.0,0.0019957602826380966,-0.0019957602826380966
2016-07-01,India,0.0,0.0028281523864662032,-0.0028281523864662032
2016-07-01,ChinaH,0.0037595390991240936,0.0015467175690222937,0.0022128215301018
2016-07-01,Hong Kong,0.014235930531492016,0.003212845086526332,0.011023085444965684
2016-07-01,Thailand,0.0,0.0036491195659008584,-0.0036491195659008584
2016-07-01,Turkey,-0.00275556765337187,-0.00270332620859702,-5.224144477484994e-05
2016-07-01,Spain,0.0007788342185266592,0.002481180432544353,-0.001702346214017694
2016-07-01,Vietnam,0.0005113485374505456,0.0012638809786348515,-0.000752532441184306
2016-07-01,Saudi Arabia,0.0,0.0,0.0
2016-08-01,Singapore,-0.0008199334034020643,-0.0009088795443694999,8.894614096743565e-05
2016-08-01,Australia,-0.0012188008924490866,-0.001070912146732152,-0.00014788874571693448
2016-08-01,Canada,5.725495016404124e-05,0.00017293778484699213,-0.00011568283468295088
2016-08-01,Germany,0.0006909573810325845,0.0009269465870074598,-0.00023598920597487532
2016-08-01,Japan,0.0006592892077580961,0.00016652707797487357,0.0004927621297832225
2016-08-01,Switzerland,0.0,-0.0002944317987834102,0.0002944317987834102
2016-08-01,U.K.,0.00024404459342614496,0.0006221445552385105,-0.00037809996181236555
2016-08-01,NASDAQ,0.0,0.0005760534634554536,-0.0005760534634554536
2016-08-01,U.S.,0.0,6.938031183209605e-05,-6.938031183209605e-05
2016-08-01,France,-0.0007882451265388414,-0.00023296561204097627,-0.0005552795144978651
2016-08-01,Netherlands,0.002312708011808002,0.0010811642324841935,0.0012315437793238087
2016-08-01,Sweden,0.0,0.0007011196386130548,-0.0007011196386130548
2016-08-01,Italy,0.0007526928395336101,0.00029411918564664223,0.00045857365388696784
2016-08-01,ChinaA,0.003062341915673168,0.003427355582290342,-0.00036501366661717376
2016-08-01,Chile,-0.004764088196550429,-0.0020933071442799226,-0.0026707810522705066
2016-08-01,Indonesia,0.0,0.0006067988448708055,-0.0006067988448708055
2016-08-01,Philippines,0.0,-0.0009664370656340205,0.0009664370656340205
2016-08-01,Poland,0.0,0.0008525274330345772,-0.0008525274330345772
2016-08-01,US SmallCap,0.0006811636545308679,0.0008781835061149771,-0.0001970198515841092
2016-08-01,Malaysia,0.0,0.0006251391459394328,-0.0006251391459394328
2016-08-01,Taiwan,0.0,0.0006106634894201773,-0.0006106634894201773
2016-08-01,Mexico,0.0,0.0006326540600928668,-0.0006326540600928668
2016-08-01,Korea,0.004621400307253376,0.0012237437655675868,0.003397656541685789
2016-08-01,Brazil,0.00037602724701775924,0.0005691823632840608,-0.00019315511626630158
2016-08-01,South Africa,0.0,-0.003854208106627709,0.003854208106627709
2016-08-01,Denmark,0.0,-0.003140593079108673,0.003140593079108673
2016-08-01,India,0.0,0.0004512172383455854,-0.0004512172383455854
2016-08-01,ChinaH,0.006750629284464075,0.0034109949021680656,0.0033396343822960093
2016-08-01,Hong Kong,0.002319257319216524,0.0005267773691878647,0.001792479950028659
2016-08-01,Thailand,0.0,0.0018368969163410802,-0.0018368969163410802
2016-08-01,Turkey,0.0008848978257451896,0.000598226776736462,0.0002866710490087276
2016-08-01,Spain,0.00017621789869407104,0.0005718965300769148,-0.00039567863138284374
2016-08-01,Vietnam,6.15375101822679e-05,0.00015247842857055028,-9.094091838828238e-05
2016-08-01,Saudi Arabia,0.0,0.0,0.0
2016-09-01,Singapore,0.0006547110036550733,0.0007357283010612027,-8.101729740612941e-05
2016-09-01,Australia,0.0020921832031631418,0.0013266727914495306,0.0007655104117136112
2016-09-01,Canada,0.00019254331847514528,0.0005801902955536181,-0.0003876469770784728
2016-09-01,Germany,0.00013695952089543163,0.0001845787928193189,-4.761927192388726e-05
2016-09-01,Japan,0.0014074626985210313,0.00040284139442929996,0.0010046213040917314
2016-09-01,Switzerland,0.0,0.000353337985093419,-0.000353337985093419
2016-09-01,U.K.,0.0002113458040451248,0.0005402837965074764,-0.0003289379924623516
2016-09-01,NASDAQ,0.0,0.0009671034894143003,-0.0009671034894143003
2016-09-01,U.S.,0.0,9.166192626764249e-06,-9.166192626764249e-06
2016-09-01,France,0.0018370430789117244,0.0005473639085809959,0.0012896791703307284
2016-09-01,Netherlands,0.0009107600598529531,0.0005443134442457171,0.00036644661560723607
2016-09-01,Sweden,0.0,0.0009368878567648068,-0.0009368878567648068
2016-09-01,Italy,-0.0025805686576368773,-0.0012288139576390974,-0.00135175469999778
2016-09-01,ChinaA,0.0005049918619347283,0.0011470851332282472,-0.0006420932712935188
2016-09-01,Chile,-0.0005575933702556967,-0.0002047038792661182,-0.0003528894909895784
2016-09-01,Indonesia,0.0,0.0013609073483825218,-0.0013609073483825218
2016-09-01,Philippines,0.0,-0.0025374003876605456,0.0025374003876605456
2016-09-01,Poland,0.0,-0.0006261751759203157,0.0006261751759203157
2016-09-01,US SmallCap,0.00043677514387983744,0.0005617295363578482,-0.00012495439247801074
2016-09-01,Malaysia,-0.0005335861300024749,-0.0011816852683657196,0.0006480991383632448
2016-09-01,Taiwan,0.0,0.0012850359024110458,-0.0012850359024110458
2016-09-01,Mexico,0.0,-0.0015291355307363635,0.0015291355307363635
2016-09-01,Korea,0.003711566848703861,0.0008739486818268276,0.0028376181668770335
2016-09-01,Brazil,0.00022122674639623953,0.0002166393849256525,4.587361470587039e-06
2016-09-01,South Africa,0.0,0.002912865039402339,-0.002912865039402339
2016-09-01,Denmark,0.0,-0.0018322076650287961,0.0018322076650287961
2016-09-01,India,0.0,-0.0005102542791907067,0.0005102542791907067
2016-09-01,ChinaH,0.001744045793317969,0.0011430411941904233,0.0006010045991275458
2016-09-01,Hong Kong,0.008032128065878575,0.001834590482057888,0.006197537583820687
2016-09-01,Thailand,0.0,-0.0017979605441600407,0.0017979605441600407
2016-09-01,Turkey,-0.0005789722711117039,-0.00039261556632931663,-0.00018635670478238728
2016-09-01,Spain,0.0001869500951602845,0.0006175350397273408,-0.00043058494456705627
2016-09-01,Vietnam,-0.0005160834975555845,-0.0012803001175033279,0.0007642166199477434
2016-09-01,Saudi Arabia,0.0,0.0,0.0
2016-10-01,Singapore,-0.002592222971549558,-0.0019301162330688975,-0.0006621067384806607
2016-10-01,Australia,-0.0023420928392527416,-0.0011606350728148656,-0.001181457766437876
2016-10-01,Canada,-0.0001429468488477396,-0.00042939935495810665,0.000286452506110367
2016-10-01,Germany,-0.00020587235453609705,-0.0007232133787244461,0.0005173410241883491
2016-10-01,Japan,0.001937693845311918,0.0006395364480325716,0.0012981573972793464
2016-10-01,Switzerland,0.0,-0.0025444171533842725,0.0025444171533842725
2016-10-01,U.K.,-0.0009095033300804583,-0.002330539041384946,0.001421035711304488
2016-10-01,NASDAQ,0.0,-0.0011300422343139922,0.0011300422343139922
2016-10-01,U.S.,0.0,-0.0008926178413935329,0.0008926178413935329
2016-10-01,France,-0.001093275114683156,-0.00032823580778223446,-0.0007650393069009217
2016-10-01,Netherlands,-0.001981005965937799,-0.0011866916213753415,-0.0007943143445624575
2016-10-01,Sweden,0.0,-0.002512248260643297,0.002512248260643297
2016-10-01,Italy,0.0011954874955254595,0.000717875870714333,0.0004776116248111265
2016-10-01,ChinaA,0.0,-0.0009946887926865994,0.0009946887926865994
2016-10-01,Chile,0.012114473280025878,0.0038115072548277123,0.008302966025198165
2016-10-01,Indonesia,0.0,-5.2600816643407396e-05,5.2600816643407396e-05
2016-10-01,Philippines,0.0,-0.0015649558047226846,0.0015649558047226846
2016-10-01,Poland,0.0,0.0016198796880857085,-0.0016198796880857085
2016-10-01,US SmallCap,-0.0007697060371806645,-0.0024161425836945537,0.001646436546513889
2016-10-01,Malaysia,-0.00017489887643742247,-0.00019028903654668225,1.539016010925978e-05
2016-10-01,Taiwan,0.0,0.0007459911393269521,-0.0007459911393269521
2016-10-01,Mexico,0.0,0.0022348648498821933,-0.0022348648498821933
2016-10-01,Korea,-0.009571514923184395,-0.002035339049821272,-0.007536175873363123
2016-10-01,Brazil,0.012012470949589361,0.00852980779399482,0.003482663155594541
2016-10-01,South Africa,0.0,-0.0006508185737522311,0.0006508185737522311
2016-10-01,Denmark,0.0,-0.0027162003417205674,0.0027162003417205674
2016-10-01,India,0.0,-0.00019571481018683767,0.00019571481018683767
2016-10-01,ChinaH,-0.0010849981809978454,-0.0009999471120927675,-8.505106890507787e-05
2016-10-01,Hong Kong,-0.0025942372618496033,-0.0005953695583720557,-0.0019988677034775476
2016-10-01,Thailand,0.0,-0.00129702065174711,0.00129702065174711
2016-10-01,Turkey,-0.0004913762238905443,-0.0003344675280821697,-0.0001569086958083746
2016-10-01,Spain,0.0004518801205488278,0.0015137411327181434,-0.0010618610121693156
2016-10-01,Vietnam,-0.0004976086675543694,-0.00124130360873222,0.0007436949411778506
2016-10-01,Saudi Arabia,0.0,0.0,0.0
2016-11-01,Singapore,0.0013183584911240801,0.0009871320943831197,0.0003312263967409604
2016-11-01,Australia,0.0009175946449528734,0.0003731806698174404,0.000544413975135433
2016-11-01,Canada,0.0009075633093383306,0.0012003237606989664,-0.0002927604513606358
2016-11-01,Germany,-0.0004947755282400504,-0.0017492591432484662,0.001254483615008416
2016-11-01,Japan,-0.003058875293966315,-0.0011852882145638923,-0.0018735870794024225
2016-11-01,Switzerland,0.0,-0.0011019427630739999,0.0011019427630739999
2016-11-01,U.K.,0.0001799655568744983,0.00046411300781603216,-0.00028414745094153384
2016-11-01,NASDAQ,0.0,0.001371341109453849,-0.001371341109453849
2016-11-01,U.S.,0.0,0.0017771529132505903,-0.0017771529132505903
2016-11-01,France,-0.002505754609249107,-0.0008718045296381258,-0.0016339500796109813
2016-11-01,Netherlands,-0.0019225090180163959,-0.0015827720180393572,-0.00033973699997703866
2016-11-01,Sweden,0.0,7.627276308176972e-05,-7.627276308176972e-05
2016-11-01,Italy,-0.002071223440021784,-0.0016499047101723504,-0.00042131872984943345
2016-11-01,ChinaA,0.0,-0.0006124840049584082,0.0006124840049584082
2016-11-01,Chile,-0.009038804360101918,-0.0025020462594899924,-0.006536758100611925
2016-11-01,Indonesia,0.0,-0.00679494267921165,0.00679494267921165
2016-11-01,Philippines,0.0,-0.005075067955304903,0.005075067955304903
2016-11-01,Poland,0.0,-0.0036942499738261405,0.0036942499738261405
2016-11-01,US SmallCap,0.001717512603667682,0.005386823206374243,-0.003669310602706561
2016-11-01,Malaysia,-0.003687411176093635,-0.003999307183429782,0.0003118960073361472
2016-11-01,Taiwan,-0.00048364989702729403,-0.0011987268101015366,0.0007150769130742426
2016-11-01,Mexico,0.0,-0.006030713086321999,0.006030713086321999
2016-11-01,Korea,-0.007422146792199648,-0.001587452582705717,-0.0058346942094939305
2016-11-01,Brazil,-0.013303357401334835,-0.00748520600390772,-0.005818151397427115
2016-11-01,South Africa,0.0,-0.004131479866135156,0.004131479866135156
2016-11-01,Denmark,0.0,-0.003037860301984723,0.003037860301984723
2016-11-01,India,0.0,-0.0037826761106575647,0.0037826761106575647
2016-11-01,ChinaH,-0.0003944694240632312,-0.0006030726656234654,0.00020860324156023419
2016-11-01,Hong Kong,-0.003574897646671982,-0.0008260883344935723,-0.00274880931217841
2016-11-01,Thailand,0.0,-0.0007325173862335577,0.0007325173862335577
2016-11-01,Turkey,-0.010027927923394875,-0.006878329045752595,-0.00314959887764228
2016-11-01,Spain,-0.0011884047183913626,-0.004022384321769181,0.0028339796033778186
2016-11-01,Vietnam,-0.000460465536063771,-0.0011563846679009794,0.0006959191318372084
2016-11-01,Saudi Arabia,0.0,0.0,0.0
2016-12-01,Singapore,-0.001154236337579369,-0.0008628295589217039,-0.00029140677865766517
2016-12-01,Australia,0.003048927339123049,0.001074464155183565,0.001974463183939484
2016-12-01,Canada,0.000698862304158723,0.0009162457764071494,-0.00021738347224842637
2016-12-01,Germany,0.0008981563885019537,0.0032005602921584644,-0.0023024039036565105
2016-12-01,Japan,0.0009022895959748813,0.00040959219128965693,0.0004926974046852244
2016-12-01,Switzerland,0.0,0.0018611204812059958,-0.0018611204812059958
2016-12-01,U.K.,0.0007714586306377567,0.0019954002857030706,-0.001223941655065314
2016-12-01,NASDAQ,0.0,0.0006039278842152394,-0.0006039278842152394
2016-12-01,U.S.,0.0,0.0009759103166875568,-0.0009759103166875568
2016-12-01,France,0.006189054145054168,0.0024848378341091343,0.0037042163109450334
2016-12-01,Netherlands,0.002060357090376455,0.0017039063831571786,0.00035645070721927654
2016-12-01,Sweden,0.0,0.0019978523406860085,-0.0019978523406860085
2016-12-01,Italy,0.005154629529357142,0.005626121337367131,-0.0004714918080099889
2016-12-01,ChinaA,0.0,-0.0020339883350111833,0.0020339883350111833
2016-12-01,Chile,-0.0005643585982401739,-0.00014039226088482886,-0.00042396633735534506
2016-12-01,Indonesia,0.0,0.002384997725398214,-0.002384997725398214
2016-12-01,Philippines,0.0,0.0005130797301117332,-0.0005130797301117332
2016-12-01,Poland,0.0,0.0036287116746921222,-0.0036287116746921222
2016-12-01,US SmallCap,0.0004799723001509651,0.001495253275239301,-0.001015280975088336
2016-12-01,Malaysia,0.0002756626817981701,0.0002067899008576108,6.887278094055928e-05
2016-12-01,Taiwan,-0.0004881376192250895,-0.0006434846795207855,0.00015534706029569602
2016-12-01,Mexico,0.0,0.00025330373100208083,-0.00025330373100208083
2016-12-01,Korea,0.004160476710385168,0.0008926155072559556,0.0032678612031292126
2016-12-01,Brazil,0.001163772358226137,0.000542352050812942,0.0006214203074131951
2016-12-01,South Africa,0.0,0.002476175960846293,-0.002476175960846293
2016-12-01,Denmark,0.0,0.0019276566345187108,-0.0019276566345187108
2016-12-01,India,0.0,-3.3626357190532224e-05,3.3626357190532224e-05
2016-12-01,ChinaH,-0.0005838831682787196,-0.0020495659909432053,0.0014656828226644856
2016-12-01,Hong Kong,-0.013753777832119885,-0.0031909315878419814,-0.010562846244277904
2016-12-01,Thailand,0.0,0.0009955260991518743,-0.0009955260991518743
2016-12-01,Turkey,0.001308681127906043,0.0009117941536977065,0.00039688697420833655
2016-12-01,Spain,0.0010614991113692587,0.0036396618317257622,-0.0025781627203565038
2016-12-01,Vietnam,0.0,-0.0017763143451347183,0.0017763143451347183
2016-12-01,Saudi Arabia,0.0,0.0,0.0
2017-01-01,Singapore,0.006347638751963834,0.0038977682927811754,0.0024498704591826587
2017-01-01,Australia,0.006197422205261635,0.0021738533292627454,0.00402356887599889
2017-01-01,Canada,0.0019947189063636407,0.001912710756255428,8.20081501082127e-05
2017-01-01,Germany,0.0,0.0015369185689123146,-0.0015369185689123146
2017-01-01,Japan,0.003451448991275987,0.0018052927306934784,0.0016461562605825084
2017-01-01,Switzerland,0.0,0.0018619421980432434,-0.0018619421980432434
2017-01-01,U.K.,0.0002550671507938246,0.0006595562302190333,-0.00040448907942520877
2017-01-01,NASDAQ,0.0,0.002202967079419332,-0.002202967079419332
2017-01-01,U.S.,0.0,0.0009541632364264638,-0.0009541632364264638
2017-01-01,France,0.0006320959942576298,0.0002876768105601298,0.0003444191836975
2017-01-01,Netherlands,0.0009873062936569677,0.0008184262642555453,0.00016888002940142243
2017-01-01,Sweden,0.0,0.0027387447638644318,-0.0027387447638644318
2017-01-01,Italy,-0.0008818525340083851,-0.0013312916427119044,0.0004494391087035193
2017-01-01,ChinaA,0.0,0.003247788554549805,-0.003247788554549805
2017-01-01,Chile,0.009790488109347658,0.0022579119109967355,0.007532576198350922
2017-01-01,Indonesia,0.0,0.0002649004979143441,-0.0002649004979143441
2017-01-01,Philippines,0.0,0.0023232407809800704,-0.0023232407809800704
2017-01-01,Poland,0.0,0.004875487327103733,-0.004875487327103733
2017-01-01,US SmallCap,6.929161509217013e-05,0.00021381659120190454,-0.00014452497610973442
2017-01-01,Malaysia,0.0017780505369070978,0.001343622537615872,0.00043442799929122576
2017-01-01,Taiwan,0.002548006237101327,0.0024464595102620243,0.00010154672683930282
2017-01-01,Mexico,0.0,0.0009414747469788043,-0.0009414747469788043
2017-01-01,Korea,0.018982719328165212,0.0040846879233856275,0.014898031404779584
2017-01-01,Brazil,0.014835263165492472,0.006006264046213526,0.008828999119278945
2017-01-01,South Africa,0.0,0.001484431756752057,-0.001484431756752057
2017-01-01,Denmark,0.0,0.0018535668454551276,-0.0018535668454551276
2017-01-01,India,0.0,0.0023127141776462757,-0.0023127141776462757
2017-01-01,ChinaH,0.0,0.0032767426564440237,-0.0032767426564440237
2017-01-01,Hong Kong,0.015544393345730647,0.0036201148216738464,0.011924278524056801
2017-01-01,Thailand,0.0,0.002008412949405251,-0.002008412949405251
2017-01-01,Turkey,0.0020088861306261016,0.0014162339504256271,0.0005926521802004745
2017-01-01,Spain,0.0003573629569250403,0.0012317971231534449,-0.0008744341662284046
2017-01-01,Vietnam,0.0,0.0008704237008531429,-0.0008704237008531429
2017-01-01,Saudi Arabia,0.0,0.0,0.0
2017-02-01,Singapore,0.0024930382514626614,0.0012867423459069468,0.0012062959055557146
2017-02-01,Australia,0.006904251182685641,0.002181407662731172,0.004722843519954469
2017-02-01,Canada,-0.0010942540113003194,-0.0008123905553596348,-0.00028186345594068466
2017-02-01,Germany,0.0,0.00022362613148806468,-0.00022362613148806468
2017-02-01,Japan,0.0008828663061378616,0.0005483880274946136,0.00033447827864324805
2017-02-01,Switzerland,0.0,0.0007531000213784197,-0.0007531000213784197
2017-02-01,U.K.,0.0005965317595882215,0.0015450322828393101,-0.0009485005232510886
2017-02-01,NASDAQ,0.0,0.0020593308914902122,-0.0020593308914902122
2017-02-01,U.S.,0.0,0.0020316624807013373,-0.0020316624807013373
2017-02-01,France,0.00032294440716702474,0.00017046058418933492,0.00015248382297768982
2017-02-01,Netherlands,0.0020755869164109713,0.0017313438316144112,0.0003442430847965601
2017-02-01,Sweden,0.0,-4.481704853556687e-05,4.481704853556687e-05
2017-02-01,Italy,-5.9397176847025346e-05,-0.00015377583837811344,9.43786615310881e-05
2017-02-01,ChinaA,0.0,0.0018039915694882214,-0.0018039915694882214
2017-02-01,Chile,0.006673215478306462,0.0015350337406654412,0.005138181737641021
2017-02-01,Indonesia,0.0,0.0010988679055579688,-0.0010988679055579688
2017-02-01,Philippines,0.0,-0.0005028224262428738,0.0005028224262428738
2017-02-01,Poland,0.0,0.002843175140688411,-0.002843175140688411
2017-02-01,US SmallCap,0.0,0.0010413708502799255,-0.0010413708502799255
2017-02-01,Malaysia,0.0010532208672890985,0.0008071794690832274,0.00024604139820587107
2017-02-01,Taiwan,0.0032376800122466552,0.0024063834874557075,0.0008312965247909477
2017-02-01,Mexico,0.0,0.0015074586127325799,-0.0015074586127325799
2017-02-01,Korea,0.00570275763176391,0.001227319356585503,0.004475438275178408
2017-02-01,Brazil,0.00740971038866799,0.002614574990192931,0.004795135398475059
2017-02-01,South Africa,0.0,0.0008753289559403194,-0.0008753289559403194
2017-02-01,Denmark,0.0,-0.00022926390491522126,0.00022926390491522126
2017-02-01,India,0.0,0.0026364340040323413,-0.0026364340040323413
2017-02-01,ChinaH,0.0,0.0018201311735155912,-0.0018201311735155912
2017-02-01,Hong Kong,0.004329590506414565,0.001008991850170526,0.0033205986562440393
2017-02-01,Thailand,0.0,0.0002273342860359444,-0.0002273342860359444
2017-02-01,Turkey,0.0032943407573055726,0.0023629897331679537,0.000931351024137619
2017-02-01,Spain,0.0,0.00025980013646592957,-0.00025980013646592957
2017-02-01,Vietnam,0.0,0.0008891509734989271,-0.0008891509734989271
2017-02-01,Saudi Arabia,0.0,0.0,0.0
2017-03-01,Singapore,0.002294819609076641,0.0011844572936531089,0.0011103623154235323
2017-03-01,Australia,0.0060936997112811375,0.0016950775628503838,0.004398622148430753
2017-03-01,Canada,0.0004250560193268584,0.00024027516378737692,0.0001847808555394815
2017-03-01,Germany,0.0,0.0021650786198736584,-0.0021650786198736584
2017-03-01,Japan,-0.0006762106608732207,-0.0005679757051165704,-0.00010823495575665038
2017-03-01,Switzerland,0.0,0.0009734110581574547,-0.0009734110581574547
2017-03-01,U.K.,0.000413676146900324,0.0010729643090511272,-0.0006592881621508032
2017-03-01,NASDAQ,0.0,0.000853145122593392,-0.000853145122593392
2017-03-01,U.S.,0.0,6.181794790177016e-05,-6.181794790177016e-05
2017-03-01,France,0.004545267935947922,0.003066704422492638,0.001478563513455284
2017-03-01,Netherlands,0.0022259253360942936,0.002818371458280384,-0.0005924461221860906
2017-03-01,Sweden,0.0,0.0014322961651175323,-0.0014322961651175323
2017-03-01,Italy,0.0,0.004570750941856613,-0.004570750941856613
2017-03-01,ChinaA,0.00045234209771280237,0.001116479769992599,-0.0006641376722797967
2017-03-01,Chile,0.015513782054541294,0.003949412287251218,0.011564369767290077
2017-03-01,Indonesia,0.0,0.0022761452079599945,-0.0022761452079599945
2017-03-01,Philippines,0.0,0.0006945050432591021,-0.0006945050432591021
2017-03-01,Poland,0.0,0.0008715490467281445,-0.0008715490467281445
2017-03-01,US SmallCap,0.0,7.128685933761486e-05,-7.128685933761486e-05
2017-03-01,Malaysia,0.0019083974273303894,0.001486746151893988,0.00042165127543640143
2017-03-01,Taiwan,0.001269519991140613,0.0009384787744256582,0.0003310412167149547
2017-03-01,Mexico,0.0,0.004567834375387795,-0.004567834375387795
2017-03-01,Korea,0.012964395318277684,0.002794584629084084,0.0101698106891936
2017-03-01,Brazil,-0.008844094338970232,-0.002651623895809309,-0.006192470443160923
2017-03-01,South Africa,0.0,8.95498465564716e-05,-8.95498465564716e-05
2017-03-01,Denmark,0.0,0.0005195128213281145,-0.0005195128213281145
2017-03-01,India,0.0,0.0030830411055934263,-0.0030830411055934263
2017-03-01,ChinaH,0.0004719164067588786,0.0011652824999118258,-0.0006933660931529472
2017-03-01,Hong Kong,0.006971871868556272,0.001628099286384136,0.005343772582172136
2017-03-01,Thailand,0.0,0.002100415093503074,-0.002100415093503074
2017-03-01,Turkey,0.0012036519414783888,0.0008813573126754994,0.0003222946288028894
2017-03-01,Spain,0.0,0.005638195742515891,-0.005638195742515891
2017-03-01,Vietnam,0.0,0.0025079581424444766,-0.0025079581424444766
2017-03-01,Saudi Arabia,0.0,0.0,0.0
2017-04-01,Singapore,0.0003160819894892609,0.00016342578500254322,0.00015265620448671766
2017-04-01,Australia,-0.0017899713812897884,-0.0004935448250738452,-0.0012964265562159431
2017-04-01,Canada,-0.0018926997759531829,-0.0010669860595282016,-0.0008257137164249812
2017-04-01,Germany,0.0,0.0015147050635283081,-0.0015147050635283081
2017-04-01,Japan,0.000627567302386726,0.0005288474171007788,9.871988528594724e-05
2017-04-01,Switzerland,0.0,0.0014956179629760633,-0.0014956179629760633
2017-04-01,U.K.,0.0,0.0013474187241184256,-0.0013474187241184256
2017-04-01,NASDAQ,0.0,0.0012843049723286885,-0.0012843049723286885
2017-04-01,U.S.,0.0,0.0005427511597456895,-0.0005427511597456895
2017-04-01,France,0.0029992193032437435,0.002697276960111504,0.00030194234313223956
2017-04-01,Netherlands,0.0015307205807955965,0.0019405072000686595,-0.00040978661927306304
2017-04-01,Sweden,0.0,0.002153760299356286,-0.002153760299356286
2017-04-01,Italy,0.0,0.0010565116538045827,-0.0010565116538045827
2017-04-01,ChinaA,0.0011012318767711035,0.001418300804197596,-0.0003170689274264926
2017-04-01,Chile,-0.0018601750368255807,-0.0005214871015130069,-0.0013386879353125738
2017-04-01,Indonesia,0.0,0.0017167221607707448,-0.0017167221607707448
2017-04-01,Philippines,0.0,0.0026175667286331005,-0.0026175667286331005
2017-04-01,Poland,0.0,0.0064214139008892685,-0.0064214139008892685
2017-04-01,US SmallCap,0.0,0.0005917877560837848,-0.0005917877560837848
2017-04-01,Malaysia,0.002387227329055958,0.0018924946422617126,0.0004947326867942453
2017-04-01,Taiwan,0.0019212467762125189,0.0011147946578061799,0.000806452118406339
2017-04-01,Mexico,0.0,0.0004619827824721972,-0.0004619827824721972
2017-04-01,Korea,0.00268349185843142,0.0005784885070589415,0.0021050033513724782
2017-04-01,Brazil,9.026887924758823e-06,2.394001482516406e-06,6.632886442242417e-06
2017-04-01,South Africa,0.0,0.002797801768683354,-0.002797801768683354
2017-04-01,Denmark,0.0,0.003558364369179643,-0.003558364369179643
2017-04-01,India,0.0,0.0010240801882619266,-0.0010240801882619266
2017-04-01,ChinaH,0.0011272730371004124,0.0014528688515422208,-0.0003255958144418084
2017-04-01,Hong Kong,0.006902827189920497,0.0016130221835735218,0.005289805006346975
2017-04-01,Thailand,0.0,8.8779468805343e-06,-8.8779468805343e-06
2017-04-01,Turkey,0.005530729004345678,0.00541749078734027,0.00011323821700540831
2017-04-01,Spain,0.0,0.002451912948378698,-0.002451912948378698
2017-04-01,Vietnam,0.0,-3.311830173445623e-05,3.311830173445623e-05
2017-04-01,Saudi Arabia,0.0,0.0,0.0
2017-05-01,Singapore,0.003809670000427817,0.001975586825846449,0.0018340831745813678
2017-05-01,Australia,-0.007474233841068896,-0.0020522053761437052,-0.005422028464925191
2017-05-01,Canada,-0.00017852321650405948,-0.00010125304957316431,-7.727016693089517e-05
2017-05-01,Germany,0.0,0.0018106825749032098,-0.0018106825749032098
2017-05-01,Japan,0.0012311150905962144,0.0015119388128579747,-0.0002808237222617603
2017-05-01,Switzerland,0.0,0.002713668978325594,-0.002713668978325594
2017-05-01,U.K.,0.0,0.0029214240396835903,-0.0029214240396835903
2017-05-01,NASDAQ,0.0,0.0014998992738678185,-0.0014998992738678185
2017-05-01,U.S.,0.0,0.000748836164321961,-0.000748836164321961
2017-05-01,France,0.001662080777904611,0.0021953501372769784,-0.0005332693593723674
2017-05-01,Netherlands,0.0010406363848997383,0.002431983674754701,-0.0013913472898549625
2017-05-01,Sweden,0.0,0.0014946332142316261,-0.0014946332142316261
2017-05-01,Italy,0.0,0.0024903535099119072,-0.0024903535099119072
2017-05-01,ChinaA,0.00316686539808608,0.002781478207425221,0.0003853871906608591
2017-05-01,Chile,0.0012704155730100496,0.00039633057801978353,0.000874084994990266
2017-05-01,Indonesia,0.0,0.0014128508519935215,-0.0014128508519935215
2017-05-01,Philippines,0.0,0.0013414090798153147,-0.0013414090798153147
2017-05-01,Poland,2.423626624187924e-05,7.756035214427046e-05,-5.332408590239122e-05
2017-05-01,US SmallCap,0.0,-0.0011002703151692839,0.0011002703151692839
2017-05-01,Malaysia,0.0007776331549447656,0.000623804353585924,0.00015382880135884154
2017-05-01,Taiwan,0.00278138902205128,0.0013258308777977317,0.0014555581442535484
2017-05-01,Mexico,0.0,0.00023866097664348906,-0.00023866097664348906
2017-05-01,Korea,0.020422868548669343,0.0044049381930610755,0.016017930355608268
2017-05-01,Brazil,-0.011363132414453051,-0.0027232325087701193,-0.008639899905682933
2017-05-01,South Africa,0.0,0.0011883252347896175,-0.0011883252347896175
2017-05-01,Denmark,0.0,0.0031247239141602864,-0.0031247239141602864
2017-05-01,India,0.0,0.0009151304625350859,-0.0009151304625350859
2017-05-01,ChinaH,0.0032632123594538427,0.0028685900330298825,0.0003946223264239602
2017-05-01,Hong Kong,0.007683314941164523,0.0017974077775886794,0.005885907163575844
2017-05-01,Thailand,0.0,0.000686287236991397,-0.000686287236991397
2017-05-01,Turkey,0.0012783935952191705,0.0017863117019701264,-0.000507918106750956
2017-05-01,Spain,0.0,0.002701926570127282,-0.002701926570127282
2017-05-01,Vietnam,0.0,-0.0004361746882986107,0.0004361746882986107
2017-05-01,Saudi Arabia,0.0,0.0,0.0
2017-06-01,Singapore,0.0012281385665940403,0.0006371468172540662,0.0005909917493399741
2017-06-01,Australia,0.0053970726725132406,0.0016458641768267916,0.003751208495686449
2017-06-01,Canada,0.0022247028170128613,0.0015822223542000884,0.0006424804628127729
2017-06-01,Germany,0.0,-0.0006861177001006258,0.0006861177001006258
2017-06-01,Japan,0.0004089668893407266,0.0005047446526337215,-9.57777632929949e-05
2017-06-01,Switzerland,0.0,-0.0001001636930735996,0.0001001636930735996
2017-06-01,U.K.,0.0,-0.0008114004422654243,0.0008114004422654243
2017-06-01,NASDAQ,0.0,-0.0004892296092012865,0.0004892296092012865
2017-06-01,U.S.,0.0,0.0003372252457375314,-0.0003372252457375314
2017-06-01,France,-0.00038121139831914466,-0.0008914565902051116,0.0005102451918859669
2017-06-01,Netherlands,-0.0003981038744737319,-0.0009301349310158104,0.0005320310565420786
2017-06-01,Sweden,0.0,0.00046074963294969997,-0.00046074963294969997
2017-06-01,Italy,0.0,0.0006241283934002356,-0.0006241283934002356
2017-06-01,ChinaA,0.0013854653623056688,0.0009300885898868431,0.0004553767724188257
2017-06-01,Chile,-0.0022752943346744333,-0.0007081206995299007,-0.0015671736351445327
2017-06-01,Indonesia,0.0,0.0013744822962639437,-0.0013744822962639437
2017-06-01,Philippines,0.0,-0.0005574809901710573,0.0005574809901710573
2017-06-01,Poland,0.0007670571229112608,0.001212514808583032,-0.0004454576856717711
2017-06-01,US SmallCap,0.0,0.0018289367323496017,-0.0018289367323496017
2017-06-01,Malaysia,-8.319110395305283e-05,-6.740558907348247e-05,-1.578551487957036e-05
2017-06-01,Taiwan,0.0038225484325966922,0.001808314111264443,0.002014234321332249
2017-06-01,Mexico,0.0,0.003169834930651395,-0.003169834930651395
2017-06-01,Korea,0.0029708747063186105,0.0006379732620030446,0.0023329014443155657
2017-06-01,Brazil,-0.00351227223176831,-0.0008382944401672313,-0.002673977791601079
2017-06-01,South Africa,0.0,-0.001970085919225444,0.001970085919225444
2017-06-01,Denmark,0.0,0.000440196752211542,-0.000440196752211542
2017-06-01,India,0.0,-0.0004237247168969924,0.0004237247168969924
2017-06-01,ChinaH,0.0015039366252178566,0.0010108042364082666,0.0004931323888095901
2017-06-01,Hong Kong,0.001629376067410504,0.00035095078740872887,0.001278425280001775
2017-06-01,Thailand,0.0,0.0006633072161746845,-0.0006633072161746845
2017-06-01,Turkey,0.0009287837098059841,0.0022741747394386604,-0.0013453910296326761
2017-06-01,Spain,0.0,-0.0009721165920838692,0.0009721165920838692
2017-06-01,Vietnam,0.0,0.0014638629867737782,-0.0014638629867737782
2017-06-01,Saudi Arabia,0.0,0.0,0.0
2017-07-01,Singapore,0.005698508173869638,0.0029662043596536047,0.0027323038142160333
2017-07-01,Australia,0.006598736409089307,0.0023170554175461944,0.004281680991543113
2017-07-01,Canada,0.002933737982721076,0.0020989295212465063,0.0008348084614745697
2017-07-01,Germany,0.0,0.001015509646812292,-0.001015509646812292
2017-07-01,Japan,0.0004175809081221645,0.00108230953057564,-0.0006647286224534753
2017-07-01,Switzerland,0.0,0.00047971433599933904,-0.00047971433599933904
2017-07-01,U.K.,0.0,0.001485639148510084,-0.001485639148510084
2017-07-01,NASDAQ,0.0,0.0019094419309098071,-0.0019094419309098071
2017-07-01,U.S.,0.0,0.0011195969812268685,-0.0011195969812268685
2017-07-01,France,0.0,0.0015661054298006887,-0.0015661054298006887
2017-07-01,Netherlands,0.0,0.003854695107932545,-0.003854695107932545
2017-07-01,Sweden,0.0,0.0004547944378625895,-0.0004547944378625895
2017-07-01,Italy,0.0017693847505720107,0.0043181238939007955,-0.002548739143328785
2017-07-01,ChinaA,0.009246367892139772,0.004820321338763243,0.004426046553376529
2017-07-01,Chile,0.013456046411405664,0.004819960039178346,0.008636086372227318
2017-07-01,Indonesia,0.0,0.00011368247631304558,-0.00011368247631304558
2017-07-01,Philippines,0.0,0.0011487260664869864,-0.0011487260664869864
2017-07-01,Poland,0.004282853891383707,0.0041665228624231465,0.00011633102896056041
2017-07-01,US SmallCap,0.0,0.0004048795632189881,-0.0004048795632189881
2017-07-01,Malaysia,0.00016985579260104502,0.0001396059703171256,3.0249822283919437e-05
2017-07-01,Taiwan,0.0015750573651100962,0.000739939558573714,0.0008351178065363822
2017-07-01,Mexico,0.0,0.0024226804500075147,-0.0024226804500075147
2017-07-01,Korea,0.007810601312712251,0.001673104399148234,0.006137496913564017
2017-07-01,Brazil,0.022929785353528524,0.005483334200989666,0.017446451152538858
2017-07-01,South Africa,0.0,0.003229253136708119,-0.003229253136708119
2017-07-01,Denmark,0.0,0.0024846572289210717,-0.0024846572289210717
2017-07-01,India,0.0,0.004204512960667633,-0.004204512960667633
2017-07-01,ChinaH,0.00930918198173877,0.004859930599530398,0.004449251382208372
2017-07-01,Hong Kong,0.00959310890382551,0.0020607792657301397,0.007532329638095371
2017-07-01,Thailand,0.0,0.0013903185338688024,-0.0013903185338688024
2017-07-01,Turkey,0.0013934437375382905,0.0034386248386738013,-0.0020451811011355106
2017-07-01,Spain,0.001115756258854113,0.0027577970238986467,-0.0016420407650445338
2017-07-01,Vietnam,0.0,-0.00016625771785233872,0.00016625771785233872
2017-07-01,Saudi Arabia,0.0,0.0,0.0
2017-08-01,Singapore,-0.0006223896423205909,-0.00041576673759354226,-0.00020662290472704865
2017-08-01,Australia,0.00014363845276415174,5.9545991426018986e-05,8.409246133813276e-05
2017-08-01,Canada,0.00012564331863431472,9.034929285256936e-05,3.529402578174537e-05
2017-08-01,Germany,0.0,0.00013765269215247167,-0.00013765269215247167
2017-08-01,Japan,-1.7002044633470064e-05,-4.4317759918240194e-05,2.731571528477013e-05
2017-08-01,Switzerland,0.0,-0.000488308191671429,0.000488308191671429
2017-08-01,U.K.,0.0,0.0002473263008406872,-0.0002473263008406872
2017-08-01,NASDAQ,0.0,0.0008247018602022333,-0.0008247018602022333
2017-08-01,U.S.,0.0,0.00017054680715971002,-0.00017054680715971002
2017-08-01,France,0.00026591519603726507,0.0006128622051878117,-0.0003469470091505466
2017-08-01,Netherlands,0.0,-0.0003756668409708031,0.0003756668409708031
2017-08-01,Sweden,0.0,0.0008709403161477158,-0.0008709403161477158
2017-08-01,Italy,0.0009324461541390611,0.001137300410474048,-0.00020485425633498685
2017-08-01,ChinaA,0.005779801231277311,0.0024573151168100402,0.0033224861144672707
2017-08-01,Chile,0.007608045142772633,0.0032121749222269198,0.004395870220545713
2017-08-01,Indonesia,0.0,-0.00021604578424176015,0.00021604578424176015
2017-08-01,Philippines,0.0,-0.0012262424193588916,0.0012262424193588916
2017-08-01,Poland,0.006035474753735619,0.004202127511115886,0.0018333472426197333
2017-08-01,US SmallCap,0.0,-0.0006999198464937053,0.0006999198464937053
2017-08-01,Malaysia,0.0007366248636900482,0.0006133033176368082,0.00012332154605323997
2017-08-01,Taiwan,0.0012010757339562888,0.0005623586541599447,0.000638717079796344
2017-08-01,Mexico,0.0,0.0005844404028317037,-0.0005844404028317037
2017-08-01,Korea,-0.0054573081785201615,-0.0011678208878336171,-0.004289487290686544
2017-08-01,Brazil,0.013163743641629436,0.0035241611405762573,0.009639582501053179
2017-08-01,South Africa,0.0,0.0023297234096852277,-0.0023297234096852277
2017-08-01,Denmark,0.0,0.0019239298308955635,-0.0019239298308955635
2017-08-01,India,0.0,-0.00047288347201054513,0.00047288347201054513
2017-08-01,ChinaH,0.006023011703800284,0.0025645032552774425,0.003458508448522841
2017-08-01,Hong Kong,0.0042227479090978,0.0009995723852795403,0.00322317552381826
2017-08-01,Thailand,0.0,0.0025855812602133183,-0.0025855812602133183
2017-08-01,Turkey,0.0,0.0027631075904398605,-0.0027631075904398605
2017-08-01,Spain,-0.0006669701092877839,-0.0008116955795196568,0.00014472547023187292
2017-08-01,Vietnam,0.0,0.0011898227271459909,-0.0011898227271459909
2017-08-01,Saudi Arabia,0.0,0.0,0.0
2017-09-01,Singapore,-0.0011188324417550895,-0.0007483298683375471,-0.0003705025734175424
2017-09-01,Australia,-0.0009719992898155859,-0.0004974706907652877,-0.0004745285990502982
2017-09-01,Canada,0.0028679382366679188,0.0020742691619925462,0.0007936690746753725
2017-09-01,Germany,0.0,0.003158835435420861,-0.003158835435420861
2017-09-01,Japan,0.00026847502350335124,0.0007044231402508139,-0.0004359481167474627
2017-09-01,Switzerland,0.0,0.0010859382411055746,-0.0010859382411055746
2017-09-01,U.K.,0.0,0.0020031061628934654,-0.0020031061628934654
2017-09-01,NASDAQ,0.0,0.0006424960801256689,-0.0006424960801256689
2017-09-01,U.S.,0.0,0.0011563614427515425,-0.0011563614427515425
2017-09-01,France,0.001076006955090579,0.0024730741991562033,-0.0013970672440656244
2017-09-01,Netherlands,0.0,0.0014332550314861113,-0.0014332550314861113
2017-09-01,Sweden,0.0,0.0017678247492997688,-0.0017678247492997688
2017-09-01,Italy,0.002837772508810935,0.002277473906315264,0.0005602986024956708
2017-09-01,ChinaA,0.001532661192810958,0.0005503606736629965,0.0009823005191479614
2017-09-01,Chile,0.00224625902648789,0.0011693601788805024,0.0010768988476073877
2017-09-01,Indonesia,0.0,-0.0004867187502148969,0.0004867187502148969
2017-09-01,Philippines,0.0,0.0016225696510345732,-0.0016225696510345732
2017-09-01,Poland,-0.004921457782088836,-0.0026536863051467123,-0.002267771476942124
2017-09-01,US SmallCap,0.0,0.0034032080324224033,-0.0034032080324224033
2017-09-01,Malaysia,0.00024692154007055646,0.0003150134743051376,-6.809193423458113e-05
2017-09-01,Taiwan,-0.00425502653993427,-0.0019875378055588377,-0.0022674887343754327
2017-09-01,Mexico,0.0,-0.0021598169244375414,0.0021598169244375414
2017-09-01,Korea,0.005310104798275004,0.0011360534521766728,0.004174051346098331
2017-09-01,Brazil,0.008206291811559461,0.00249590682393609,0.005710384987623371
2017-09-01,South Africa,0.0,-0.003804774640568573,0.003804774640568573
2017-09-01,Denmark,0.0,-0.00022076055370837518,0.00022076055370837518
2017-09-01,India,0.0,-0.0021520042853378028,0.0021520042853378028
2017-09-01,ChinaH,0.0012756629256886096,0.00045876262483038815,0.0008169003008582215
2017-09-01,Hong Kong,-0.000836681597478124,-0.00022135483838398522,-0.0006153267590941387
2017-09-01,Thailand,0.0,0.0017984718867251105,-0.0017984718867251105
2017-09-01,Turkey,0.0,-0.006164743156729906,0.006164743156729906
2017-09-01,Spain,0.0006224519390863922,0.0004914696221129396,0.00013098231697345256
2017-09-01,Vietnam,0.0,0.002273976187235359,-0.002273976187235359
2017-09-01,Saudi Arabia,0.0,0.0,0.0
2017-10-01,Singapore,0.004249827513097092,0.0028302655378422883,0.0014195619752548037
2017-10-01,Australia,0.001199754534822584,0.0007996046934324702,0.00040014984139011376
2017-10-01,Canada,-0.00013887404046347723,-0.00010082492211832856,-3.8049118345148664e-05
2017-10-01,Germany,0.0,0.0009179568278113488,-0.0009179568278113488
2017-10-01,Japan,0.0009824511510286254,0.0025943258774172276,-0.0016118747263886022
2017-10-01,Switzerland,0.0,-0.0009718456818694821,0.0009718456818694821
2017-10-01,U.K.,0.0,0.0005317627300722574,-0.0005317627300722574
2017-10-01,NASDAQ,0.0,0.002120809055224996,-0.002120809055224996
2017-10-01,U.S.,0.0,0.001337154136809881,-0.001337154136809881
2017-10-01,France,0.0003867302617831513,0.0008845298093382023,-0.0004977995475550509
2017-10-01,Netherlands,0.0,0.00051461736721741,-0.00051461736721741
2017-10-01,Sweden,0.0,-0.0002095529716652094,0.0002095529716652094
2017-10-01,Italy,-0.0014995000735927616,-0.0008946872608598463,-0.0006048128127329153
2017-10-01,ChinaA,0.008107369700123664,0.0025192005477872644,0.005588169152336399
2017-10-01,Chile,0.0045485721005814805,0.003109900570947947,0.0014386715296335335
2017-10-01,Indonesia,0.0,6.473619390013553e-05,-6.473619390013553e-05
2017-10-01,Philippines,0.0,0.0005996668248197409,-0.0005996668248197409
2017-10-01,Poland,0.005120809106290685,0.0022216177562911395,0.0028991913499995456
2017-10-01,US SmallCap,0.0,0.0004934205251252788,-0.0004934205251252788
2017-10-01,Malaysia,-5.124321015575762e-05,-0.000140207043529745,8.896383337398737e-05
2017-10-01,Taiwan,0.007618038595011856,0.0035695403257012654,0.0040484982693105905
2017-10-01,Mexico,0.0,-0.004394675931569105,0.004394675931569105
2017-10-01,Korea,0.023916742719996987,0.005117760896602432,0.018798981823394553
2017-10-01,Brazil,-0.005695541311940874,-0.0020023278182524414,-0.003693213493688433
2017-10-01,South Africa,0.0,0.0015233013624785534,-0.0015233013624785534
2017-10-01,Denmark,0.0,0.0008776520868139551,-0.0008776520868139551
2017-10-01,India,0.0,0.004339021469235796,-0.004339021469235796
2017-10-01,ChinaH,0.006918507493128239,0.0024710462163976122,0.004447461276730626
2017-10-01,Hong Kong,0.0007784948995918742,0.00023338608878678378,0.0005451088108050905
2017-10-01,Thailand,0.0,0.0013942289317297242,-0.0013942289317297242
2017-10-01,Turkey,8.878999858858516e-05,0.00019887150446025508,-0.00011008150587166992
2017-10-01,Spain,-2.9415242674042833e-05,-1.7144144088804572e-05,-1.2271098585238261e-05
2017-10-01,Vietnam,0.0,0.0043579949041275936,-0.0043579949041275936
2017-10-01,Saudi Arabia,0.0,0.0,0.0
2017-11-01,Singapore,0.003425670828280973,0.0022728749704976616,0.0011527958577833113
2017-11-01,Australia,0.0002988448104658667,0.00028236860002871353,1.6476210437153186e-05
2017-11-01,Canada,0.00035930448055681826,0.00037858511057922223,-1.9280630022403976e-05
2017-11-01,Germany,0.0,0.0007275841157221167,-0.0007275841157221167
2017-11-01,Japan,0.0006643320693532606,0.0017641421966958794,-0.0010998101273426188
2017-11-01,Switzerland,0.0,0.0012157063715717933,-0.0012157063715717933
2017-11-01,U.K.,0.0,0.0004526338625023042,-0.0004526338625023042
2017-11-01,NASDAQ,0.0,0.0014186260049873292,-0.0014186260049873292
2017-11-01,U.S.,0.0,0.0017992733682287837,-0.0017992733682287837
2017-11-01,France,0.0001064695611355457,0.0001239138364957655,-1.7444275360219792e-05
2017-11-01,Netherlands,0.0,-0.0005088127039000781,0.0005088127039000781
2017-11-01,Sweden,0.0,-0.001994125936477855,0.001994125936477855
2017-11-01,Italy,0.0006447473196906819,0.000306454025905276,0.0003382932937854059
2017-11-01,ChinaA,0.0036932085319777283,0.0010144699301975636,0.0026787386017801647
2017-11-01,Chile,-0.007933249248667416,-0.007621935392187621,-0.00031131385647979563
2017-11-01,Indonesia,0.0,-0.0003080290373028336,0.0003080290373028336
2017-11-01,Philippines,0.0,0.00023664645945603094,-0.00023664645945603094
2017-11-01,Poland,-0.002425239435518799,-0.0008850074710584792,-0.0015402319644603197
2017-11-01,US SmallCap,0.0,0.0016785297240218713,-0.0016785297240218713
2017-11-01,Malaysia,0.0003533982263546232,0.0009790739588582766,-0.0006256757325036535
2017-11-01,Taiwan,-0.0033879013730437595,-0.0019888910573026726,-0.001399010315741087
2017-11-01,Mexico,0.0,-0.00025501872671038374,0.00025501872671038374
2017-11-01,Korea,-9.676525265718165e-05,-2.07543282303445e-05,-7.601092442683715e-05
2017-11-01,Brazil,-0.004488032032002519,-0.0018466800441354803,-0.0026413519878670387
2017-11-01,South Africa,0.0,0.004883371849605665,-0.004883371849605665
2017-11-01,Denmark,0.0,-0.0010198356990540642,0.0010198356990540642
2017-11-01,India,0.0,-0.0006220329221256933,0.0006220329221256933
2017-11-01,ChinaH,0.003444053685866526,0.0010699568190332797,0.0023740968668332467
2017-11-01,Hong Kong,0.005760031400529456,0.001984247114863308,0.0037757842856661478
2017-11-01,Thailand,0.0,0.0011921050654126915,-0.0011921050654126915
2017-11-01,Turkey,-0.002239331535428047,-0.005042562289294033,0.0028032307538659856
2017-11-01,Spain,-0.000795457902515893,-0.0003699142013128181,-0.00042554370120307495
2017-11-01,Vietnam,0.0,0.01099821588431781,-0.01099821588431781
2017-11-01,Saudi Arabia,0.0,0.0,0.0
2017-12-01,Singapore,0.0009689397021514293,0.000642043252579772,0.00032689644957165727
2017-12-01,Australia,0.0020344406173396115,0.0029553230506693304,-0.0009208824333297189
2017-12-01,Canada,0.0021607533496961055,0.0022983562575607497,-0.00013760290786464426
2017-12-01,Germany,0.0,1.738234796360001e-05,-1.738234796360001e-05
2017-12-01,Japan,0.0001349774629259281,0.0003600447211398938,-0.0002250672582139657
2017-12-01,Switzerland,0.0,0.0007940811580869582,-0.0007940811580869582
2017-12-01,U.K.,0.0,0.0030883052468006797,-0.0030883052468006797
2017-12-01,NASDAQ,0.0,0.00030701986988592903,-0.00030701986988592903
2017-12-01,U.S.,0.0,0.0006706616600710484,-0.0006706616600710484
2017-12-01,France,-0.00017942317190757672,-0.00020834428828625927,2.8921116378682546e-05
2017-12-01,Netherlands,0.0,0.00043427197483823045,-0.00043427197483823045
2017-12-01,Sweden,0.0,-0.00016093224497590618,0.00016093224497590618
2017-12-01,Italy,-0.0023642571724751715,-0.0009549829682551133,-0.0014092742042200583
2017-12-01,ChinaA,0.005027523806169662,0.001256995777327388,0.0037705280288422745
2017-12-01,Chile,0.009475835581484763,0.009113315265079905,0.00036252031640485877
2017-12-01,Indonesia,0.0,0.00489507204711628,-0.00489507204711628
2017-12-01,Philippines,0.0,0.002932478610347788,-0.002932478610347788
2017-12-01,Poland,0.007839134992404722,0.0024956671710336643,0.005343467821371057
2017-12-01,US SmallCap,0.0,-0.0002465278580575693,0.0002465278580575693
2017-12-01,Malaysia,0.0,0.0034521513502408637,-0.0034521513502408637
2017-12-01,Taiwan,0.0009143222250652356,0.0006889547922384245,0.00022536743282681115
2017-12-01,Mexico,0.0,-2.6894712809908006e-05,2.6894712809908006e-05
2017-12-01,Korea,0.009203441181126912,0.0019809825701189916,0.007222458611007921
2017-12-01,Brazil,0.005603879930473838,0.0027331828814098256,0.002870697049064012
2017-12-01,South Africa,0.0,0.005718709969971515,-0.005718709969971515
2017-12-01,Denmark,0.0,0.0014200447680083558,-0.0014200447680083558
2017-12-01,India,0.0,0.0030297009235752993,-0.0030297009235752993
2017-12-01,ChinaH,0.00423294213535454,0.0013053514118050653,0.0029275907235494746
2017-12-01,Hong Kong,0.00432863102961677,0.0017072718884235836,0.0026213591411931867
2017-12-01,Thailand,0.0,0.003066103491691363,-0.003066103491691363
2017-12-01,Turkey,0.006448214315805282,0.007630360225911618,-0.0011821459101063357
2017-12-01,Spain,-0.0018619734571106244,-0.0007350575495982254,-0.001126915907512399
2017-12-01,Vietnam,0.0,0.005419907993460505,-0.005419907993460505
2017-12-01,Saudi Arabia,0.0,0.0,0.0
2018-01-01,Singapore,0.0059109423394425355,0.003924724538067602,0.0019862178013749336
2018-01-01,Australia,0.0010525973246621194,0.0015371843888120219,-0.0004845870641499025
2018-01-01,Canada,0.000398567394834878,0.0005925195442440535,-0.00019395214940917546
2018-01-01,Germany,0.0,0.00364388855937893,-0.00364388855937893
2018-01-01,Japan,0.001059781098450133,0.0028424817992423,-0.001782700700792167
2018-01-01,Switzerland,0.0,0.002547651815422546,-0.002547651815422546
2018-01-01,U.K.,0.0,0.0019932479414632876,-0.0019932479414632876
2018-01-01,NASDAQ,0.0,0.004606628932493393,-0.004606628932493393
2018-01-01,U.S.,0.0,0.0035322638902565724,-0.0035322638902565724
2018-01-01,France,0.00369354542088816,0.00430139190935332,-0.0006078464884651598
2018-01-01,Netherlands,0.0,0.0038644090727720268,-0.0038644090727720268
2018-01-01,Sweden,0.0,0.0035386109558354878,-0.0035386109558354878
2018-01-01,Italy,0.01950591390972618,0.007055879648795804,0.012450034260930377
2018-01-01,ChinaA,0.03586758789288693,0.008310039977919079,0.027557547914967853
2018-01-01,Chile,0.0036330365313168387,0.004848539547389736,-0.001215503016072897
2018-01-01,Indonesia,0.0,0.0019966222468778554,-0.0019966222468778554
2018-01-01,Philippines,0.0,-0.0007639472391514409,0.0007639472391514409
2018-01-01,Poland,0.01853407798349984,0.005348932386894371,0.013185145596605469
2018-01-01,US SmallCap,0.0,0.0015857555587768912,-0.0015857555587768912
2018-01-01,Malaysia,0.0,0.00501163745149429,-0.00501163745149429
2018-01-01,Taiwan,0.00464817122202058,0.004496997419760709,0.0001511738022598715
2018-01-01,Mexico,0.0,0.004354974040132199,-0.004354974040132199
2018-01-01,Korea,0.01059537564442787,0.002275910747657189,0.00831946489677068
2018-01-01,Brazil,0.018120448760163773,0.010284067597084015,0.007836381163079758
2018-01-01,South Africa,0.0,0.001867341534963821,-0.001867341534963821
2018-01-01,Denmark,0.0,0.0019412621944560355,-0.0019412621944560355
2018-01-01,India,0.0,0.0021212399548560835,-0.0021212399548560835
2018-01-01,ChinaH,0.02740518871479062,0.008357760367956251,0.01904742834683437
2018-01-01,Hong Kong,0.0072931678308934,0.0028775379935477925,0.004415629837345607
2018-01-01,Thailand,0.0,0.005474018041152342,-0.005474018041152342
2018-01-01,Turkey,0.002407294152235926,0.0028354685552327875,-0.0004281744029968615
2018-01-01,Spain,0.014668618229784929,0.005173406394503649,0.00949521183528128
2018-01-01,Vietnam,0.0,0.008011074888116218,-0.008011074888116218
2018-01-01,Saudi Arabia,0.0,0.0,0.0
2018-02-01,Singapore,-0.001464689786905169,-0.0012203200189561056,-0.0002443697679490634
2018-02-01,Australia,-0.0006546677196516669,-0.0016895327165554414,0.0010348649969037745
2018-02-01,Canada,-0.0017892464831261994,-0.004607036007128884,0.0028177895240026852
2018-02-01,Germany,0.0,-0.004835622505014782,0.004835622505014782
2018-02-01,Japan,-0.00037226479003030195,-0.0010047444988465683,0.0006324797088162663
2018-02-01,Switzerland,0.0,-0.003975767212970525,0.003975767212970525
2018-02-01,U.K.,0.0,-0.0036299039672483173,0.0036299039672483173
2018-02-01,NASDAQ,0.0,-0.0011575671769047528,0.0011575671769047528
2018-02-01,U.S.,0.0,-0.0024153699064548492,0.0024153699064548492
2018-02-01,France,-0.002744013658369272,-0.0031950864195011957,0.0004510727611319238
2018-02-01,Netherlands,0.0,-0.003354815517513731,0.003354815517513731
2018-02-01,Sweden,0.0,-0.003331728797180065,0.003331728797180065
2018-02-01,Italy,-0.01237426324637702,-0.004032263456627995,-0.008341999789749024
2018-02-01,ChinaA,-0.021969078622900078,-0.0047385074546712315,-0.017230571168228848
2018-02-01,Chile,-0.002004676740043826,-0.002657744265539818,0.000653067525495992
2018-02-01,Indonesia,0.0,-0.0020691892445441045,0.0020691892445441045
2018-02-01,Philippines,0.0,-0.002812146062076339,0.002812146062076339
2018-02-01,Poland,-0.02452369502406119,-0.006481770758570942,-0.01804192426549025
2018-02-01,US SmallCap,0.0,-0.002429314087427621,0.002429314087427621
2018-02-01,Malaysia,0.0,-0.0009975884175833641,0.0009975884175833641
2018-02-01,Taiwan,-0.0014000216134565494,-0.0019328787234292326,0.0005328571099726832
2018-02-01,Mexico,0.0,-0.004289540103991241,0.004289540103991241
2018-02-01,Korea,-0.019926602327656365,-0.00429099224771525,-0.015635610079941117
2018-02-01,Brazil,-0.002058717898154715,-0.0013937873635479795,-0.0006649305346067354
2018-02-01,South Africa,0.0,2.1086661089917215e-05,-2.1086661089917215e-05
2018-02-01,Denmark,0.0,-0.0017659732990230508,0.0017659732990230508
2018-02-01,India,0.0,-0.004338433506451516,0.004338433506451516
2018-02-01,ChinaH,-0.01694165765722588,-0.004722892432719524,-0.012218765224506357
2018-02-01,Hong Kong,-0.005341411058937927,-0.00211719631911616,-0.003224214739821767
2018-02-01,Thailand,0.0,0.0015249876738905384,-0.0015249876738905384
2018-02-01,Turkey,-0.001211677069638586,-0.001047164917215066,-0.0001645121524235199
2018-02-01,Spain,-0.014491401900989334,-0.005112740894527155,-0.00937866100646218
2018-02-01,Vietnam,0.0,-2.5054282323468407e-05,2.5054282323468407e-05
2018-02-01,Saudi Arabia,0.0,0.0,0.0
2018-03-01,Singapore,-0.0010963658015023406,-0.0009123297841040119,-0.0001840360173983287
2018-03-01,Australia,0.0,-0.0032173302191302266,0.0032173302191302266
2018-03-01,Canada,0.0,-0.0005214567404297342,0.0005214567404297342
2018-03-01,Germany,0.0,-0.0011455168356788838,0.0011455168356788838
2018-03-01,Japan,-0.0006835681067038996,-0.0018530542232123135,0.001169486116508414
2018-03-01,Switzerland,0.0,-0.0014912036632421077,0.0014912036632421077
2018-03-01,U.K.,0.0,0.00013438451437901053,-0.00013438451437901053
2018-03-01,NASDAQ,0.0,-0.0018344281020614746,0.0018344281020614746
2018-03-01,U.S.,0.0,-0.00161394441233252,0.00161394441233252
2018-03-01,France,-0.0012614247913421864,-0.000976864495565139,-0.0002845602957770473
2018-03-01,Netherlands,0.0,-2.191968790005292e-05,2.191968790005292e-05
2018-03-01,Sweden,0.0,-0.0021521103687320007,0.0021521103687320007
2018-03-01,Italy,0.0006587907996856193,0.00018739558858778043,0.00047139521109783886
2018-03-01,ChinaA,-0.010438807253169573,-0.002249735741802913,-0.00818907151136666
2018-03-01,Chile,-0.0008155246185803054,-0.0010725406281599519,0.0002570160095796464
2018-03-01,Indonesia,0.0,-0.004137590264868086,0.004137590264868086
2018-03-01,Philippines,0.0,-0.003608446599479082,0.003608446599479082
2018-03-01,Poland,-0.017171689464567024,-0.004059346172245407,-0.013112343292321617
2018-03-01,US SmallCap,0.0,0.0007911132103217934,-0.0007911132103217934
2018-03-01,Malaysia,0.0,0.001632275212186769,-0.001632275212186769
2018-03-01,Taiwan,0.0005790710379284858,0.0008042207868486184,-0.00022514974892013262
2018-03-01,Mexico,0.0,0.0004319186078179161,-0.0004319186078179161
2018-03-01,Korea,0.008846984933564986,0.0019036978470032377,0.0069432870865617485
2018-03-01,Brazil,-0.0014129533238480293,-0.001283247151595233,-0.00012970617225279628
2018-03-01,South Africa,0.0,-0.004558184051080021,0.004558184051080021
2018-03-01,Denmark,0.0,-0.0016013428077035034,0.0016013428077035034
2018-03-01,India,0.0,-0.0020997981870162895,0.0020997981870162895
2018-03-01,ChinaH,-0.006717589163418798,-0.0021096712657053996,-0.004607917897713398
2018-03-01,Hong Kong,-0.0035091401780304645,-0.0016680577825616927,-0.0018410823954687718
2018-03-01,Thailand,0.0,-0.0009044953781115451,0.0009044953781115451
2018-03-01,Turkey,-0.007450296429327942,-0.0046957919090505635,-0.002754504520277378
2018-03-01,Spain,-0.0037978618755534804,-0.0011566012142272077,-0.0026412606613262727
2018-03-01,Vietnam,0.0,0.005767548960843307,-0.005767548960843307
2018-03-01,Saudi Arabia,0.0,0.0,0.0
2018-04-01,Singapore,0.006385802928439816,0.004021141160950105,0.002364661767489711
2018-04-01,Australia,0.0,0.0013287291914328458,-0.0013287291914328458
2018-04-01,Canada,0.0,0.0014796323624221143,-0.0014796323624221143
2018-04-01,Germany,0.0,0.0008582821023364321,-0.0008582821023364321
2018-04-01,Japan,0.0,0.0004183036232625253,-0.0004183036232625253
2018-04-01,Switzerland,0.0,-0.0005895470508129596,0.0005895470508129596
2018-04-01,U.K.,0.0,0.0033963231764008108,-0.0033963231764008108
2018-04-01,NASDAQ,0.0,5.089178233339896e-05,-5.089178233339896e-05
2018-04-01,U.S.,0.0,0.00023839860823190992,-0.00023839860823190992
2018-04-01,France,0.003534945973909208,0.0027402275373177615,0.0007947184365914464
2018-04-01,Netherlands,0.0,0.00037498373630412467,-0.00037498373630412467
2018-04-01,Sweden,0.0,-0.0011092095377228538,0.0011092095377228538
2018-04-01,Italy,0.013361272971790975,0.0034085823402537694,0.009952690631537205
2018-04-01,ChinaA,-0.00013772378459732209,-2.9534851808608016e-05,-0.00010818893278871407
2018-04-01,Chile,0.0008949142606272012,0.0011719574070899706,-0.00027704314646276947
2018-04-01,Indonesia,0.0,-0.002804406011509404,0.002804406011509404
2018-04-01,Philippines,0.0,-0.0004103788503704687,0.0004103788503704687
2018-04-01,Poland,0.0036159538639369297,0.0007759872519399272,0.0028399666119970027
2018-04-01,US SmallCap,0.0,0.0005391075814413712,-0.0005391075814413712
2018-04-01,Malaysia,0.0,-0.0006764067547295184,0.0006764067547295184
2018-04-01,Taiwan,-0.0010236263267611337,-0.0028927743674553824,0.0018691480406942487
2018-04-01,Mexico,0.0,0.0012983121704577341,-0.0012983121704577341
2018-04-01,Korea,0.006303172472171411,0.0013502231161382232,0.004952949356033187
2018-04-01,Brazil,-0.0020212181070284746,-0.002725286583833192,0.0007040684768047172
2018-04-01,South Africa,0.0,-0.0005437888433190288,0.0005437888433190288
2018-04-01,Denmark,0.0,-0.0014171456944669257,0.0014171456944669257
2018-04-01,India,0.0,0.00247430502151955,-0.00247430502151955
2018-04-01,ChinaH,-9.645822060628989e-05,-3.0247310395410086e-05,-6.62109102108798e-05
2018-04-01,Hong Kong,0.0035551640695646843,0.002059936382205051,0.0014952276873596332
2018-04-01,Thailand,0.0,-0.0003594276906300852,0.0003594276906300852
2018-04-01,Turkey,-0.012991950867526834,-0.006467016725332849,-0.0065249341421939845
2018-04-01,Spain,0.004357221928326722,0.0013393268162902741,0.0030178951120364474
2018-04-01,Vietnam,0.0,-0.0076915915423857424,0.0076915915423857424
2018-04-01,Saudi Arabia,0.0,0.0,0.0
2018-05-01,Singapore,-0.008074464462114756,-0.00413630259933481,-0.003938161862779946
2018-05-01,Australia,0.0,0.001066286732010541,-0.001066286732010541
2018-05-01,Canada,0.0,0.0012285498673887802,-0.0012285498673887802
2018-05-01,Germany,0.0,-0.002861837301603834,0.002861837301603834
2018-05-01,Japan,-0.00025051163929482555,-0.0006653919547488304,0.0004148803154540049
2018-05-01,Switzerland,0.0,-0.0021035127248221967,0.0021035127248221967
2018-05-01,U.K.,0.0,-3.4957210717767444e-05,3.4957210717767444e-05
2018-05-01,NASDAQ,0.0,0.0035056611571048783,-0.0035056611571048783
2018-05-01,U.S.,0.0,0.0015055914032065386,-0.0015055914032065386
2018-05-01,France,-0.004036263444106975,-0.00312661103658281,-0.000909652407524165
2018-05-01,Netherlands,0.0,-0.0022939181340385804,0.0022939181340385804
2018-05-01,Sweden,0.0,-0.0013463417565483863,0.0013463417565483863
2018-05-01,Italy,-0.035466446054833914,-0.008223975220804442,-0.027242470834029472
2018-05-01,ChinaA,0.004558117226042212,0.0009732011287984072,0.003584916097243805
2018-05-01,Chile,-0.005942230012123765,-0.005273992292839041,-0.0006682377192847241
2018-05-01,Indonesia,0.0,-0.0005369198140088769,0.0005369198140088769
2018-05-01,Philippines,0.0,-0.0028825815978244474,0.0028825815978244474
2018-05-01,Poland,-0.026841257262127157,-0.006276989295056262,-0.020564267967070896
2018-05-01,US SmallCap,0.0,0.0038305460575697326,-0.0038305460575697326
2018-05-01,Malaysia,0.0,-0.005447690283897517,0.005447690283897517
2018-05-01,Taiwan,0.0,-9.90153948555001e-05,9.90153948555001e-05
2018-05-01,Mexico,0.0,-0.008133963035671798,0.008133963035671798
2018-05-01,Korea,-0.01662313952647523,-0.0035462494993162195,-0.01307689002715901
2018-05-01,Brazil,-0.004099160081367985,-0.010728194323243753,0.0066290342418757675
2018-05-01,South Africa,0.0,-0.004508023362302224,0.004508023362302224
2018-05-01,Denmark,0.0,-0.0015579687625897581,0.0015579687625897581
2018-05-01,India,0.0,-0.002275121536422095,0.002275121536422095
2018-05-01,ChinaH,0.0030343479219801335,0.0009506466316930775,0.002083701290287056
2018-05-01,Hong Kong,0.0005112955530850724,0.00037405238097822124,0.00013724317210685112
2018-05-01,Thailand,0.0,-0.003505637826045364,0.003505637826045364
2018-05-01,Turkey,-0.013240524370720517,-0.0067097147429540285,-0.006530809627766488
2018-05-01,Spain,-0.017966651219101893,-0.005567432479527731,-0.012399218739574162
2018-05-01,Vietnam,0.0,-0.007063630830708232,0.007063630830708232
2018-05-01,Saudi Arabia,0.0,0.0,0.0
2018-06-01,Singapore,-0.010734661774444793,-0.004625349411659028,-0.0061093123627857645
2018-06-01,Australia,0.0,0.0008638421627085541,-0.0008638421627085541
2018-06-01,Canada,0.0,0.00016380661309536878,-0.00016380661309536878
2018-06-01,Germany,0.0,-0.0014113362926328427,0.0014113362926328427
2018-06-01,Japan,-0.0006189657358519101,-0.0016395883961245784,0.0010206226602726682
2018-06-01,Switzerland,0.0,0.0005355946498643523,-0.0005355946498643523
2018-06-01,U.K.,0.0,-0.0003494643777348914,0.0003494643777348914
2018-06-01,NASDAQ,0.0,0.0006514659647850312,-0.0006514659647850312
2018-06-01,U.S.,0.0,0.0003925537711060783,-0.0003925537711060783
2018-06-01,France,-0.0009869032935398425,-0.0007654378994112994,-0.00022146539412854307
2018-06-01,Netherlands,0.0,1.957056927115575e-05,-1.957056927115575e-05
2018-06-01,Sweden,0.0,-0.00027380619280922944,0.00027380619280922944
2018-06-01,Italy,-0.002325221380094916,-0.0004949082383226324,-0.0018303131417722837
2018-06-01,ChinaA,-0.016999319890662182,-0.0036061015614894964,-0.013393218329172686
2018-06-01,Chile,-0.003456008603149585,-0.003067064367520887,-0.000388944235628698
2018-06-01,Indonesia,0.0,-0.003888923185037251,0.003888923185037251
2018-06-01,Philippines,0.0,-0.003025211319521169,0.003025211319521169
2018-06-01,Poland,-0.005272780506253472,-0.0013604117800599211,-0.003912368726193551
2018-06-01,US SmallCap,0.0,0.00047450639103822803,-0.00047450639103822803
2018-06-01,Malaysia,0.0,-0.0015718649496063233,0.0015718649496063233
2018-06-01,Taiwan,0.0,-0.0016029824909916755,0.0016029824909916755
2018-06-01,Mexico,0.0,0.004894749137191398,-0.004894749137191398
2018-06-01,Korea,-0.017946958295059493,-0.0038105705368815202,-0.014136387758177972
2018-06-01,Brazil,0.0,-0.004563858947157641,0.004563858947157641
2018-06-01,South Africa,0.0,-0.002675516893043531,0.002675516893043531
2018-06-01,Denmark,0.0,-0.0014352998381395516,0.0014352998381395516
2018-06-01,India,0.0,-0.0006060547251866693,0.0006060547251866693
2018-06-01,ChinaH,-0.011463016795834023,-0.003582486159878092,-0.00788053063595593
2018-06-01,Hong Kong,-0.004325369966268496,-0.00314879450176738,-0.0011765754645011155
2018-06-01,Thailand,0.0,-0.006368812689814263,0.006368812689814263
2018-06-01,Turkey,-0.004460507855102361,-0.0023286894293127742,-0.002131818425789587
2018-06-01,Spain,0.004170505076341045,0.0013127956792042372,0.0028577093971368078
2018-06-01,Vietnam,0.0,0.0004835641890916771,-0.0004835641890916771
2018-06-01,Saudi Arabia,0.0,0.0,0.0
2018-07-01,Singapore,0.0027791596715168753,0.0010069251145775843,0.001772234556939291
2018-07-01,Australia,0.0,0.0013772269546757933,-0.0013772269546757933
2018-07-01,Canada,0.0,0.0015219112892774491,-0.0015219112892774491
2018-07-01,Germany,0.0,0.002473844563178449,-0.002473844563178449
2018-07-01,Japan,0.00019045485225543046,0.00023819406826186987,-4.773921600643942e-05
2018-07-01,Switzerland,0.0,0.003789469576736623,-0.003789469576736623
2018-07-01,U.K.,0.0,0.0006115747428780735,-0.0006115747428780735
2018-07-01,NASDAQ,0.0,0.0014564440503541522,-0.0014564440503541522
2018-07-01,U.S.,0.0,0.002371791069142814,-0.002371791069142814
2018-07-01,France,0.002809040074080086,0.0021747500006066237,0.0006342900734734622
2018-07-01,Netherlands,0.0,0.002438456278160148,-0.002438456278160148
2018-07-01,Sweden,0.0,0.0030935487473861324,-0.0030935487473861324
2018-07-01,Italy,0.007341901103280625,0.0017231728182108628,0.005618728285069762
2018-07-01,ChinaA,-0.008631874323903388,-0.0018296010106533236,-0.006802273313250064
2018-07-01,Chile,0.004077218299956645,0.0025837979717128023,0.0014934203282438428
2018-07-01,Indonesia,0.0,0.0013553316261495582,-0.0013553316261495582
2018-07-01,Philippines,0.0,0.004067474864375221,-0.004067474864375221
2018-07-01,Poland,0.021206940375482704,0.006221527924993386,0.01498541245048932
2018-07-01,US SmallCap,0.0,0.0011522724438194404,-0.0011522724438194404
2018-07-01,Malaysia,0.0,0.003009844538226763,-0.003009844538226763
2018-07-01,Taiwan,0.0,0.0021401738396592436,-0.0021401738396592436
2018-07-01,Mexico,0.0,0.005060925277481519,-0.005060925277481519
2018-07-01,Korea,-0.0028574992386127917,-0.0006060523268708309,-0.002251446911741961
2018-07-01,Brazil,0.0,0.0059932790869987596,-0.0059932790869987596
2018-07-01,South Africa,0.0,0.0030964151241083104,-0.0030964151241083104
2018-07-01,Denmark,0.0,0.0032754273893010567,-0.0032754273893010567
2018-07-01,India,0.0,0.003961279413660897,-0.003961279413660897
2018-07-01,ChinaH,-0.005757823599202114,-0.00180732055198722,-0.003950503047214894
2018-07-01,Hong Kong,0.0013387996746706582,0.0009783158904607353,0.0003604837842099229
2018-07-01,Thailand,0.0,0.004518883747445049,-0.004518883747445049
2018-07-01,Turkey,-0.006035243664170143,-0.003260754275954862,-0.0027744893882152813
2018-07-01,Spain,0.005754295076841834,0.0020924639882907306,0.003661831088551103
2018-07-01,Vietnam,0.0,0.00023668059095123046,-0.00023668059095123046
2018-07-01,Saudi Arabia,0.0,0.0,0.0
2018-08-01,Singapore,-0.003612483491148472,-0.0011321212818510328,-0.002480362209297439
2018-08-01,Australia,0.0,-0.0013471333853318538,0.0013471333853318538
2018-08-01,Canada,0.0,-0.0009138848121952215,0.0009138848121952215
2018-08-01,Germany,0.0,-0.001820633938249567,0.001820633938249567
2018-08-01,Japan,0.00014170221781493867,0.00011555314853272546,2.614906928221321e-05
2018-08-01,Switzerland,0.0,0.00038862488723089266,-0.00038862488723089266
2018-08-01,U.K.,-0.0007848783220708411,-0.0019546148115994213,0.0011697364895285802
2018-08-01,NASDAQ,0.0,0.00392240939936389,-0.00392240939936389
2018-08-01,U.S.,0.0,0.0021354428013411076,-0.0021354428013411076
2018-08-01,France,-0.001052000785049312,-0.0012309633682202601,0.00017896258317094812
2018-08-01,Netherlands,0.0,-0.0015738773785210762,0.0015738773785210762
2018-08-01,Sweden,0.0,-0.000861455985938954,0.000861455985938954
2018-08-01,Italy,-0.021576241773566734,-0.0056517543760390716,-0.015924487397527665
2018-08-01,ChinaA,-0.0106730956670973,-0.0022677180398645775,-0.008405377627232723
2018-08-01,Chile,-0.008405068175868743,-0.005308597910772417,-0.0030964702650963264
2018-08-01,Indonesia,0.0,-4.250067386519473e-05,4.250067386519473e-05
2018-08-01,Philippines,0.0,0.0012167553849914362,-0.0012167553849914362
2018-08-01,Poland,-0.0005690944088085246,-0.00019150104417350614,-0.00037759336463501843
2018-08-01,US SmallCap,0.0,0.0028728998629863104,-0.0028728998629863104
2018-08-01,Malaysia,0.0,4.7822321839419194e-05,-4.7822321839419194e-05
2018-08-01,Taiwan,0.0,0.00031391743903953176,-0.00031391743903953176
2018-08-01,Mexico,0.0,-0.0019926749300881595,0.0019926749300881595
2018-08-01,Korea,0.0024234623574856478,0.0005150690774572138,0.001908393280028434
2018-08-01,Brazil,0.0,-0.006415573624346481,0.006415573624346481
2018-08-01,South Africa,0.0,-0.0061139321026071215,0.0061139321026071215
2018-08-01,Denmark,0.0,8.5062266064499e-05,-8.5062266064499e-05
2018-08-01,India,0.0,0.0005452415343425343,-0.0005452415343425343
2018-08-01,ChinaH,-0.007173604287771362,-0.00226187896995608,-0.004911725317815282
2018-08-01,Hong Kong,-0.0024878301481671005,-0.0013894540611386092,-0.0010983760870284913
2018-08-01,Thailand,0.0,0.0010785204307539127,-0.0010785204307539127
2018-08-01,Turkey,-0.02323115085177954,-0.01313106572580313,-0.010100085125976408
2018-08-01,Spain,-0.00822995378689938,-0.003536379310764259,-0.004693574476135122
2018-08-01,Vietnam,0.0,0.0002742888396509254,-0.0002742888396509254
2018-08-01,Saudi Arabia,0.0,0.0,0.0
2018-09-01,Singapore,0.004309919946696491,0.0013611405112077303,0.002948779435488761
2018-09-01,Australia,0.0,-0.00033493337798448685,0.00033493337798448685
2018-09-01,Canada,0.0,-3.1165609225246616e-05,3.1165609225246616e-05
2018-09-01,Germany,0.0,-0.000992190026118608,0.000992190026118608
2018-09-01,Japan,0.00233105553449108,0.0014126058450088204,0.0009184496894822597
2018-09-01,Switzerland,0.0,1.5137498861798859e-05,-1.5137498861798859e-05
2018-09-01,U.K.,0.0009873082825653965,0.001213646882374641,-0.00022633859980924456
2018-09-01,NASDAQ,0.0,-0.0004892154080090519,0.0004892154080090519
2018-09-01,U.S.,0.0,0.00038005258430008415,-0.00038005258430008415
2018-09-01,France,0.0008945138318751151,0.0007018743841114146,0.00019263944776370056
2018-09-01,Netherlands,0.0,-0.0021089143026293247,0.0021089143026293247
2018-09-01,Sweden,0.0,0.001779879778922131,-0.001779879778922131
2018-09-01,Italy,0.0038977972629858984,0.0011659267171523072,0.002731870545833591
2018-09-01,ChinaA,-0.003875408063984112,-0.0009151865271415516,-0.0029602215368425607
2018-09-01,Chile,0.002572982940756379,0.0016356836157310076,0.0009372993250253716
2018-09-01,Indonesia,0.0,-0.0005079979886357795,0.0005079979886357795
2018-09-01,Philippines,0.0,-0.004738236754808692,0.004738236754808692
2018-09-01,Poland,-0.0003650449543554708,-0.00014349377897486987,-0.00022155117538060095
2018-09-01,US SmallCap,0.0,-0.0016449265992356716,0.0016449265992356716
2018-09-01,Malaysia,-0.00036700191455894544,-0.0008972098381041789,0.0005302079235452334
2018-09-01,Taiwan,0.0,0.0001379531929447283,-0.0001379531929447283
2018-09-01,Mexico,0.0,0.00099669672865513,-0.00099669672865513
2018-09-01,Korea,0.0020334141634268605,0.00043425752600044574,0.0015991566374264146
2018-09-01,Brazil,0.0,0.0035973162474204224,-0.0035973162474204224
2018-09-01,South Africa,0.0,-0.0009441253736353319,0.0009441253736353319
2018-09-01,Denmark,0.0,-0.002204790085393336,0.002204790085393336
2018-09-01,India,0.0,-0.005898005582337207,0.005898005582337207
2018-09-01,ChinaH,-0.0027976503418647948,-0.0010346964081824905,-0.0017629539336823043
2018-09-01,Hong Kong,-0.00035292546210642146,-0.00015940694216504743,-0.00019351851994137403
2018-09-01,Thailand,0.0,0.002153275480630537,-0.002153275480630537
2018-09-01,Turkey,0.010616604890010973,0.006519464212992582,0.004097140677018391
2018-09-01,Spain,-3.9772038495838005e-05,-2.1058436136389096e-05,-1.871360235944891e-05
2018-09-01,Vietnam,0.0,0.0010602200533286446,-0.0010602200533286446
2018-09-01,Saudi Arabia,0.0,0.0,0.0
2018-10-01,Singapore,-0.01607323410411975,-0.005163170019139508,-0.010910064084980242
2018-10-01,Australia,-0.001855255903532135,-0.004789708187383901,0.002934452283851766
2018-10-01,Canada,0.0,-0.004839955307299524,0.004839955307299524
2018-10-01,Germany,0.0,-0.0048756094861040185,0.0048756094861040185
2018-10-01,Japan,-0.010708350315797808,-0.005223986666440706,-0.005484363649357102
2018-10-01,Switzerland,0.0,-0.002465396147577171,0.002465396147577171
2018-10-01,U.K.,-0.004831865089980076,-0.004021508947330611,-0.0008103561426494651
2018-10-01,NASDAQ,0.0,-0.006222445385893678,0.006222445385893678
2018-10-01,U.S.,0.0,-0.004530900905726251,0.004530900905726251
2018-10-01,France,-0.007373127515412978,-0.005776658058138299,-0.0015964694572746787
2018-10-01,Netherlands,0.0,-0.00458387896136083,0.00458387896136083
2018-10-01,Sweden,0.0,-0.006232589658087184,0.006232589658087184
2018-10-01,Italy,-0.015216011369391892,-0.005264771011064207,-0.009951240358327684
2018-10-01,ChinaA,-0.024004593657084742,-0.006382292496091095,-0.01762230116099365
2018-10-01,Chile,-0.007419667640399459,-0.004738538864407072,-0.002681128775992387
2018-10-01,Indonesia,0.0,-0.0017548178904974508,0.0017548178904974508
2018-10-01,Philippines,0.0,-0.00047008827439483006,0.00047008827439483006
2018-10-01,Poland,-0.012844377285906343,-0.00608208669835849,-0.006762290587547852
2018-10-01,US SmallCap,0.0,-0.007169503320731791,0.007169503320731791
2018-10-01,Malaysia,-0.0031248637907073684,-0.003873416986062003,0.0007485531953546347
2018-10-01,Taiwan,0.0,-0.007272605429039631,0.007272605429039631
2018-10-01,Mexico,0.0,-0.011052484876426651,0.011052484876426651
2018-10-01,Korea,-0.03919450890592541,-0.008449202989108411,-0.030745305916816998
2018-10-01,Brazil,0.0,0.009912724358724695,-0.009912724358724695
2018-10-01,South Africa,0.0,-0.005772733734151677,0.005772733734151677
2018-10-01,Denmark,0.0,-0.005762316352805318,0.005762316352805318
2018-10-01,India,0.0,-0.004071888968448168,0.004071888968448168
2018-10-01,ChinaH,-0.016964729631750095,-0.006297344234177945,-0.01066738539757215
2018-10-01,Hong Kong,-0.017445616817638107,-0.006660141857805279,-0.010785474959832828
2018-10-01,Thailand,0.0,-0.004589788948424077,0.004589788948424077
2018-10-01,Turkey,-0.00046541021442092533,-0.0003863968785881565,-7.901333583276883e-05
2018-10-01,Spain,-0.005780489048990382,-0.003959152952543373,-0.001821336096447009
2018-10-01,Vietnam,0.0,-0.006099336412941322,0.006099336412941322
2018-10-01,Saudi Arabia,0.0,0.0,0.0
2018-11-01,Singapore,0.005772967376046379,0.001642191628482699,0.004130775747563681
2018-11-01,Australia,0.00023450631455705824,0.0006023087372251207,-0.0003678024226680624
2018-11-01,Canada,0.0,0.00018494389499267933,-0.00018494389499267933
2018-11-01,Germany,0.0,-0.001083892110435598,0.001083892110435598
2018-11-01,Japan,0.0005050389710295679,0.00020701545053306323,0.0002980235204965047
2018-11-01,Switzerland,0.0,0.00014272041011582966,-0.00014272041011582966
2018-11-01,U.K.,-0.0008957540124136232,-0.0005663338030824051,-0.00032942020933121813
2018-11-01,NASDAQ,0.0,0.000301082006696663,-0.000301082006696663
2018-11-01,U.S.,0.0,0.0012417719147820117,-0.0012417719147820117
2018-11-01,France,-0.0008593057670041941,-0.0010073801554538935,0.00014807438844969937
2018-11-01,Netherlands,0.0,0.0014425118474818836,-0.0014425118474818836
2018-11-01,Sweden,0.0,-0.0008565285428942758,0.0008565285428942758
2018-11-01,Italy,0.0008352899689803864,0.000340460043950991,0.0004948299250293953
2018-11-01,ChinaA,0.01198153098214168,0.003628313695539421,0.008353217286602259
2018-11-01,Chile,0.0027239474037105455,0.001751950840888394,0.0009719965628221514
2018-11-01,Indonesia,0.0,0.006686865112055313,-0.006686865112055313
2018-11-01,Philippines,0.0,0.002533936133662251,-0.002533936133662251
2018-11-01,Poland,0.007193794968167777,0.004228268438946102,0.0029655265292216747
2018-11-01,US SmallCap,0.00034006022308838294,0.0009210297658559299,-0.0005809695427675469
2018-11-01,Malaysia,-0.0006028498749202645,-0.0005041190057890382,-9.87308691312263e-05
2018-11-01,Taiwan,0.0,-0.0004041718723533587,0.0004041718723533587
2018-11-01,Mexico,0.0,-0.0025183269066897497,0.0025183269066897497
2018-11-01,Korea,0.008358361095297978,0.001813854878389639,0.006544506216908339
2018-11-01,Brazil,0.0,-0.0012646062290386914,0.0012646062290386914
2018-11-01,South Africa,0.0,0.004036618571782616,-0.004036618571782616
2018-11-01,Denmark,0.0,0.0018264177793742315,-0.0018264177793742315
2018-11-01,India,0.0,0.005642542735252513,-0.005642542735252513
2018-11-01,ChinaH,0.00798872391744848,0.0035602180276572233,0.004428505889791256
2018-11-01,Hong Kong,0.011904270712506205,0.003935391047240379,0.007968879665265827
2018-11-01,Thailand,0.0,-0.0003340303890868303,0.0003340303890868303
2018-11-01,Turkey,0.007005683498064794,0.006033501458964379,0.000972182039100415
2018-11-01,Spain,0.0010131900993084043,0.0009635223806060051,4.966771870239923e-05
2018-11-01,Vietnam,0.0,0.0014935873608942557,-0.0014935873608942557
2018-11-01,Saudi Arabia,0.0,0.0,0.0
2018-12-01,Singapore,-0.0017876146440419323,-0.0004642848464961408,-0.0013233297975457914
2018-12-01,Australia,-0.0006832780657390336,-0.0017478235121205364,0.0010645454463815028
2018-12-01,Canada,0.0,-0.004768628352834224,0.004768628352834224
2018-12-01,Germany,0.0,-0.0030331337569883842,0.0030331337569883842
2018-12-01,Japan,-0.010666693663044959,-0.003848489444681362,-0.006818204218363597
2018-12-01,Switzerland,0.0,-0.0032378392485082927,0.0032378392485082927
2018-12-01,U.K.,-0.003937645082939571,-0.0020531233345188783,-0.0018845217484206927
2018-12-01,NASDAQ,0.0,-0.005662542342837017,0.005662542342837017
2018-12-01,U.S.,0.0,-0.005559328845095484,0.005559328845095484
2018-12-01,France,-0.003072429722687878,-0.0025740795708834295,-0.0004983501518044486
2018-12-01,Netherlands,0.0,-0.0034299628654102018,0.0034299628654102018
2018-12-01,Sweden,0.0,-0.0018015456116491197,0.0018015456116491197
2018-12-01,Italy,-0.003734519486539313,-0.001792282665531866,-0.001942236821007447
2018-12-01,ChinaA,-0.009498048806481403,-0.003242439712759299,-0.0062556090937221035
2018-12-01,Chile,-0.0022232406988687854,-0.0019081515010296605,-0.0003150891978391248
2018-12-01,Indonesia,0.0,5.048593713728163e-05,-5.048593713728163e-05
2018-12-01,Philippines,0.0,0.0009458868439442705,-0.0009458868439442705
2018-12-01,Poland,8.810031564119287e-05,6.491099219733974e-05,2.3189323443853133e-05
2018-12-01,US SmallCap,-0.002598313911209396,-0.006991473105380787,0.004393159194171391
2018-12-01,Malaysia,0.0012598910053169378,0.0008184788477444892,0.00044141215757244865
2018-12-01,Taiwan,0.0,-0.0007558760738552605,0.0007558760738552605
2018-12-01,Mexico,0.0,0.001673482356931419,-0.001673482356931419
2018-12-01,Korea,-0.0031294331454581647,-0.0007410478912370982,-0.0023883852542210663
2018-12-01,Brazil,0.0,-0.0010141872461685525,0.0010141872461685525
2018-12-01,South Africa,0.0,-0.00013145838191817906,0.00013145838191817906
2018-12-01,Denmark,0.0,-0.0018695171012455276,0.0018695171012455276
2018-12-01,India,0.0,6.583847375075784e-05,-6.583847375075784e-05
2018-12-01,ChinaH,-0.007227991430268412,-0.0032368228826618302,-0.003991168547606581
2018-12-01,Hong Kong,-1.3711364460847066e-05,-4.081363062812338e-06,-9.630001398034728e-06
2018-12-01,Thailand,-0.0005026491796254835,-0.0015386334572415844,0.0010359842776161009
2018-12-01,Turkey,-0.0021145577290540276,-0.002512214446465212,0.0003976567174111844
2018-12-01,Spain,-0.0015405539379765177,-0.0021847280753109293,0.0006441741373344116
2018-12-01,Vietnam,0.0,-0.0028459566572770936,0.0028459566572770936
2018-12-01,Saudi Arabia,0.0,0.0,0.0
2019-01-01,Singapore,0.012061347441340312,0.0031367316571483004,0.00892461578419201
2019-01-01,Australia,0.0015250652734317455,0.0038893574032587514,-0.002364292129827006
2019-01-01,Canada,0.0020179359878600236,0.006894418691191329,-0.004876482703331306
2019-01-01,Germany,0.0,0.003218836382381709,-0.003218836382381709
2019-01-01,Japan,0.009820625178021942,0.003205962051991952,0.00661466312602999
2019-01-01,Switzerland,0.0,0.0034735533170066903,-0.0034735533170066903
2019-01-01,U.K.,0.00892894973644418,0.004046608957363019,0.004882340779081161
2019-01-01,NASDAQ,0.0,0.005300161212512085,-0.005300161212512085
2019-01-01,U.S.,0.0,0.0044502184159055476,-0.0044502184159055476
2019-01-01,France,0.003622691907936482,0.0030364763095163502,0.0005862155984201318
2019-01-01,Netherlands,0.0,0.0038096563597270275,-0.0038096563597270275
2019-01-01,Sweden,0.0,0.0030806286181392557,-0.0030806286181392557
2019-01-01,Italy,0.007462227351479118,0.004186528662205003,0.003275698689274115
2019-01-01,ChinaA,0.01465866476994689,0.005585411384687734,0.009073253385259154
2019-01-01,Chile,0.007481480825898347,0.006450064136286229,0.0010314166896121177
2019-01-01,Indonesia,0.0,0.006153163383532744,-0.006153163383532744
2019-01-01,Philippines,0.0,0.004977412699508056,-0.004977412699508056
2019-01-01,Poland,0.003306977706440389,0.0030448080395135677,0.0002621696669268211
2019-01-01,US SmallCap,0.0039020151508615077,0.005815203328629905,-0.0019131881777683974
2019-01-01,Malaysia,0.0014408288729446158,0.000789414848414799,0.0006514140245298168
2019-01-01,Taiwan,0.0,0.0009175580935876688,-0.0009175580935876688
2019-01-01,Mexico,0.0,0.005137635355062507,-0.005137635355062507
2019-01-01,Korea,0.020700992660712954,0.005279986722959909,0.015421005937753045
2019-01-01,Brazil,0.0,0.010879453044917116,-0.010879453044917116
2019-01-01,South Africa,0.0,0.006275189403649411,-0.006275189403649411
2019-01-01,Denmark,0.0,0.0018427473193465133,-0.0018427473193465133
2019-01-01,India,0.0,-0.001114055540116578,0.001114055540116578
2019-01-01,ChinaH,0.012529807022651714,0.005643247653171208,0.0068865593694805065
2019-01-01,Hong Kong,0.014831850203487863,0.0044246403559882325,0.01040720984749963
2019-01-01,Thailand,0.0017661112712880863,0.005367460505926262,-0.0036013492346381754
2019-01-01,Turkey,0.007150681051858414,0.008708302372330844,-0.0015576213204724302
2019-01-01,Spain,0.0014297351761597935,0.0034122389044791298,-0.0019825037283193363
2019-01-01,Vietnam,0.0,0.002075602221414189,-0.002075602221414189
2019-01-01,Saudi Arabia,0.0,0.0,0.0
2019-02-01,Singapore,-0.0003672793332911783,-8.898958735324656e-05,-0.0002782897459379318
2019-02-01,Australia,0.001483248570485018,0.002230842397887446,-0.000747593827402428
2019-02-01,Canada,0.0004894996316354136,0.0016646745861966957,-0.0011751749545612822
2019-02-01,Germany,0.0,0.0009034602288931798,-0.0009034602288931798
2019-02-01,Japan,-0.0001313130374268481,-3.9235938759365144e-05,-9.207709866748294e-05
2019-02-01,Switzerland,0.0,0.002502990345007684,-0.002502990345007684
2019-02-01,U.K.,0.0066623316815760565,0.002673618093239828,0.003988713588336228
2019-02-01,NASDAQ,0.0,0.0021186910385540326,-0.0021186910385540326
2019-02-01,U.S.,0.0,0.0019102561961394893,-0.0019102561961394893
2019-02-01,France,0.002725891660100114,0.002290504828266859,0.00043538683183325533
2019-02-01,Netherlands,0.0,0.0026034545336522936,-0.0026034545336522936
2019-02-01,Sweden,0.0,0.0009549552866440105,-0.0009549552866440105
2019-02-01,Italy,0.0028145349184468295,0.0018913382830736346,0.0009231966353731949
2019-02-01,ChinaA,0.004543011531120498,0.0019496790878745032,0.002593332443245995
2019-02-01,Chile,-0.0019272509772644353,-0.0016651843112068933,-0.00026206666605754205
2019-02-01,Indonesia,0.0,-0.003678117225485885,0.003678117225485885
2019-02-01,Philippines,0.0,-0.0018337554643834927,0.0018337554643834927
2019-02-01,Poland,-0.0017335006749417676,-0.0021343860706606902,0.0004008853957189226
2019-02-01,US SmallCap,0.00200298845242725,0.0029627001396751807,-0.0009597116872479307
2019-02-01,Malaysia,0.0022270606530919385,0.001056554418927579,0.0011705062341643595
2019-02-01,Taiwan,0.0,0.0025873967224364497,-0.0025873967224364497
2019-02-01,Mexico,0.0,-0.0024011486603559983,0.0024011486603559983
2019-02-01,Korea,-0.004330439896852905,-0.0011107706242944647,-0.00321966927255844
2019-02-01,Brazil,0.0,-0.0031745733442064285,0.0031745733442064285
2019-02-01,South Africa,0.0,-0.003016142505004828,0.003016142505004828
2019-02-01,Denmark,0.0,0.0032147440510002347,-0.0032147440510002347
2019-02-01,India,0.0,0.000129941485058417,-0.000129941485058417
2019-02-01,ChinaH,0.003789017488888208,0.001964421531743271,0.0018245959571449371
2019-02-01,Hong Kong,0.011838625123063839,0.0035588733104635556,0.008279751812600284
2019-02-01,Thailand,-0.00013289065700275524,-0.00040118428381255973,0.0002682936268098045
2019-02-01,Turkey,-0.001180967436701676,-0.0019914207536163428,0.0008104533169146669
2019-02-01,Spain,0.0004894208959089256,0.0011746649509890832,-0.0006852440550801577
2019-02-01,Vietnam,0.0,0.004693598449982531,-0.004693598449982531
2019-02-01,Saudi Arabia,0.0,0.0,0.0
2019-03-01,Singapore,0.0016543467762003086,0.000366078885537742,0.0012882678906625665
2019-03-01,Australia,0.00036751895787143023,0.0005488974763322546,-0.00018137851846082435
2019-03-01,Canada,-0.00025421348513833715,-0.00037437021302489705,0.0001201567278865599
2019-03-01,Germany,0.0,-0.0009108218905448477,0.0009108218905448477
2019-03-01,Japan,-0.0006334850899333967,-0.00019018886504911512,-0.0004432962248842816
2019-03-01,Switzerland,0.0,0.0010928613442480477,-0.0010928613442480477
2019-03-01,U.K.,0.003160404273481357,0.00108903717783471,0.002071367095646647
2019-03-01,NASDAQ,0.0,0.001628993809598295,-0.001628993809598295
2019-03-01,U.S.,0.0,0.0011795394147548985,-0.0011795394147548985
2019-03-01,France,0.00013469239553779366,0.0001778368436847205,-4.3144448146926855e-05
2019-03-01,Netherlands,0.0,0.0006228912343020702,-0.0006228912343020702
2019-03-01,Sweden,0.0,-0.0006200462563865396,0.0006200462563865396
2019-03-01,Italy,0.0012608952093400218,0.001173149637372852,8.774557196716977e-05
2019-03-01,ChinaA,0.002744145093748048,0.001429950398647399,0.0013141946951006488
2019-03-01,Chile,-0.0028877158494604034,-0.0025125220217210357,-0.00037519382773936773
2019-03-01,Indonesia,0.0,0.000727351871881969,-0.000727351871881969
2019-03-01,Philippines,0.0,0.0013169672639110732,-0.0013169672639110732
2019-03-01,Poland,-0.0009710814495758172,-0.0012304158689045702,0.000259334419328753
2019-03-01,US SmallCap,-0.0008500580059354397,-0.0012415304607762453,0.00039147245484080556
2019-03-01,Malaysia,-0.0034219152387573466,-0.0016252585075156476,-0.001796656731241699
2019-03-01,Taiwan,0.0,0.0013057736081858499,-0.0013057736081858499
2019-03-01,Mexico,0.0,0.00017915908733703772,-0.00017915908733703772
2019-03-01,Korea,-0.006925872557586733,-0.0017901351561351306,-0.0051357374014516025
2019-03-01,Brazil,-0.0008839785829830023,-0.0026058587120830427,0.0017218801291000404
2019-03-01,South Africa,0.0,-0.0008953948142374418,0.0008953948142374418
2019-03-01,Denmark,0.0,0.0013247524509829903,-0.0013247524509829903
2019-03-01,India,0.0,0.005039496985475149,-0.005039496985475149
2019-03-01,ChinaH,0.0027566115786738345,0.0014367052023218929,0.0013199063763519416
2019-03-01,Hong Kong,0.0031542026260607627,0.0008473135179911783,0.0023068891080695844
2019-03-01,Thailand,-0.00028818923650430426,-0.0008694251797023146,0.0005812359431980104
2019-03-01,Turkey,-0.002508939281045571,-0.008711933012781907,0.006202993731736337
2019-03-01,Spain,0.0,-0.0009621465282594374,0.0009621465282594374
2019-03-01,Vietnam,0.0,1.3848133431309886e-05,-1.3848133431309886e-05
2019-03-01,Saudi Arabia,0.0,0.0,0.0
2019-04-01,Singapore,0.016957369754286338,0.0037812571696999595,0.01317611258458638
2019-04-01,Australia,0.0009253531090885873,0.000898908123611753,2.6444985476834285e-05
2019-04-01,Canada,0.0019153046681225218,0.001833929136307824,8.137553181469782e-05
2019-04-01,Germany,0.0,0.0035856448802383373,-0.0035856448802383373
2019-04-01,Japan,0.0028656860085454284,0.0007748515695362363,0.002090834439009192
2019-04-01,Switzerland,0.0,0.0006008626260001422,-0.0006008626260001422
2019-04-01,U.K.,0.005773449556384754,0.0017578609646225541,0.0040155885917622005
2019-04-01,NASDAQ,0.0,0.0029149659827542597,-0.0029149659827542597
2019-04-01,U.S.,0.0,0.0024721117656750302,-0.0024721117656750302
2019-04-01,France,0.0018778514227962984,0.002479340308606845,-0.0006014888858105465
2019-04-01,Netherlands,0.0,0.0028651062324134926,-0.0028651062324134926
2019-04-01,Sweden,0.0,0.0028840172058223804,-0.0028840172058223804
2019-04-01,Italy,0.0007252245473790009,0.00103681402793025,-0.0003115894805512491
2019-04-01,ChinaA,0.00204690715665425,0.0013322898114565712,0.0007146173451976789
2019-04-01,Chile,-0.0011750311488105268,-0.0010336811992119174,-0.0001413499495986094
2019-04-01,Indonesia,0.0,0.0008642785037956333,-0.0008642785037956333
2019-04-01,Philippines,0.0,0.0015708743815816112,-0.0015708743815816112
2019-04-01,Poland,0.0007107863431370484,0.0009430615989423346,-0.00023227525580528613
2019-04-01,US SmallCap,0.0013503196438767761,0.0019581042999353327,-0.0006077846560585565
2019-04-01,Malaysia,-0.0012841483579957766,-0.0006144876215852671,-0.0006696607364105095
2019-04-01,Taiwan,0.0,0.0023268942982873353,-0.0023268942982873353
2019-04-01,Mexico,0.0,0.002935250014107008,-0.002935250014107008
2019-04-01,Korea,0.0018040484430868087,0.0005221512928678453,0.0012818971502189633
2019-04-01,Brazil,-0.0001645261161787133,-0.0004843009455296514,0.00031977482935093807
2019-04-01,South Africa,0.0,0.004611029633702441,-0.004611029633702441
2019-04-01,Denmark,0.0,-0.0003260427898431731,0.0003260427898431731
2019-04-01,India,0.0,0.0003577250578101844,-0.0003577250578101844
2019-04-01,ChinaH,0.002016023056915058,0.0013123943093150303,0.0007036287476000279
2019-04-01,Hong Kong,0.0029769605380255467,0.0007258873537622655,0.002251073184263281
2019-04-01,Thailand,0.00043464697313411654,0.0013129039843242426,-0.000878257011190126
2019-04-01,Turkey,0.0,-0.002152512052804221,0.002152512052804221
2019-04-01,Spain,0.0,0.002121612147602679,-0.002121612147602679
2019-04-01,Vietnam,0.0,-6.852919559015398e-05,6.852919559015398e-05
2019-04-01,Saudi Arabia,0.0,0.0,0.0
2019-05-01,Singapore,-0.02258973967280024,-0.00548571492108756,-0.01710402475171268
2019-05-01,Australia,0.0007374520486489945,0.0005332330191109027,0.00020421902953809187
2019-05-01,Canada,-0.00338022377694041,-0.0024181541951935484,-0.0009620695817468615
2019-05-01,Germany,0.0,-0.00464525839108426,0.00464525839108426
2019-05-01,Japan,-0.008382435768083623,-0.0022839281544837393,-0.006098507613599884
2019-05-01,Switzerland,0.0,-0.00043050903715906736,0.00043050903715906736
2019-05-01,U.K.,-0.011685776298365296,-0.003207248811928792,-0.008478527486436504
2019-05-01,NASDAQ,0.0,-0.00490009690533868,0.00490009690533868
2019-05-01,U.S.,0.0,-0.003981035099158986,0.003981035099158986
2019-05-01,France,-0.003210182343657003,-0.004246479384348774,0.0010362970406917714
2019-05-01,Netherlands,0.0,-0.004051336068997569,0.004051336068997569
2019-05-01,Sweden,0.0,-0.005814154192620682,0.005814154192620682
2019-05-01,Italy,-0.002000240020891916,-0.005559314790792086,0.0035590747699001703
2019-05-01,ChinaA,-0.009742971091230915,-0.008325430114331778,-0.0014175409768991364
2019-05-01,Chile,-0.003704250783966994,-0.0047759443438780275,0.0010716935599110336
2019-05-01,Indonesia,-0.0006545004319150328,-0.001978187195763198,0.001323686763848165
2019-05-01,Philippines,0.0,0.00010413657417136233,-0.00010413657417136233
2019-05-01,Poland,-0.0027685929220166387,-0.002498059998873437,-0.0002705329231432016
2019-05-01,US SmallCap,-0.003196468587483048,-0.004602591731114392,0.0014061231436313438
2019-05-01,Malaysia,-0.0005023435150479561,-0.00024257313297307246,-0.00025977038207488366
2019-05-01,Taiwan,0.0,-0.004736043530769549,0.004736043530769549
2019-05-01,Mexico,0.0,-0.004149518014783813,0.004149518014783813
2019-05-01,Korea,-0.01660670364845294,-0.005417248578210958,-0.011189455070241983
2019-05-01,Brazil,0.0003796353525773553,0.001114890973748826,-0.0007352556211714708
2019-05-01,South Africa,0.0,-0.004598451858019054,0.004598451858019054
2019-05-01,Denmark,0.0,-0.002126346624409283,0.002126346624409283
2019-05-01,India,0.0,0.0002618891471114038,-0.0002618891471114038
2019-05-01,ChinaH,-0.009722177504381306,-0.00830913055981781,-0.0014130469445634963
2019-05-01,Hong Kong,-0.019075350035541165,-0.004275623447267554,-0.014799726588273611
2019-05-01,Thailand,-0.0003973375041597033,-0.0012010831939858625,0.0008037456898261591
2019-05-01,Turkey,0.0,-0.0004390756319919737,0.0004390756319919737
2019-05-01,Spain,0.0,-0.0036127889951168965,0.0036127889951168965
2019-05-01,Vietnam,0.0,-0.0012004050957488978,0.0012004050957488978
2019-05-01,Saudi Arabia,0.0,0.0,0.0
2019-06-01,Singapore,0.02375007727757706,0.005807954721283191,0.01794212255629387
2019-06-01,Australia,0.004412883989241825,0.003156929588083835,0.0012559544011579902
2019-06-01,Canada,0.004996270138719625,0.0035555227637855498,0.0014407473749340751
2019-06-01,Germany,0.0,0.003955430864644152,-0.003955430864644152
2019-06-01,Japan,0.007269838684466393,0.0019890554101086124,0.00528078327435778
2019-06-01,Switzerland,0.0,0.004254333510087707,-0.004254333510087707
2019-06-01,U.K.,0.01262277280652027,0.003162437313871947,0.009460335492648323
2019-06-01,NASDAQ,0.0,0.004324348994837931,-0.004324348994837931
2019-06-01,U.S.,0.0,0.004091626230128684,-0.004091626230128684
2019-06-01,France,0.0034677881154038374,0.004588657775861809,-0.0011208696604579718
2019-06-01,Netherlands,0.0,0.0037789759293268554,-0.0037789759293268554
2019-06-01,Sweden,0.0,0.005217534047426176,-0.005217534047426176
2019-06-01,Italy,0.0,0.0053182506056431616,-0.0053182506056431616
2019-06-01,ChinaA,0.003272620886606668,0.003985810360736025,-0.0007131894741293568
2019-06-01,Chile,0.0012428653026900919,0.0029874574028924614,-0.0017445921002023695
2019-06-01,Indonesia,0.0011558199116797373,0.0034514046405277883,-0.002295584728848051
2019-06-01,Philippines,0.0,0.001376191213861538,-0.001376191213861538
2019-06-01,Poland,0.005210682190819648,0.003571136936733576,0.0016395452540860717
2019-06-01,US SmallCap,0.002678225349804278,0.0038623221003525453,-0.0011840967505482671
2019-06-01,Malaysia,0.0029783083569878263,0.0014361187379855547,0.0015421896190022715
2019-06-01,Taiwan,0.0,0.002377506929602412,-0.002377506929602412
2019-06-01,Mexico,0.0,0.0019304584542129486,-0.0019304584542129486
2019-06-01,Korea,0.01181929197000128,0.004407684968500829,0.0074116070015004505
2019-06-01,Brazil,0.0025708035662715565,0.003967091528843957,-0.0013962879625724007
2019-06-01,South Africa,0.0,0.003831635313702144,-0.003831635313702144
2019-06-01,Denmark,0.0,0.0032753181865050407,-0.0032753181865050407
2019-06-01,India,0.0,-0.00017003263116799114,0.00017003263116799114
2019-06-01,ChinaH,0.003130702606948705,0.0038141612890951826,-0.0006834586821464778
2019-06-01,Hong Kong,0.01857821269077786,0.004188894457695764,0.014389318233082093
2019-06-01,Thailand,0.001813985269480291,0.005451985595517513,-0.003638000326037222
2019-06-01,Turkey,0.0,0.00415737486038995,-0.00415737486038995
2019-06-01,Spain,0.0008971595054788693,0.0026175259549296235,-0.0017203664494507543
2019-06-01,Vietnam,0.0,-0.0010410534096383622,0.0010410534096383622
2019-06-01,Saudi Arabia,0.0005966008403389256,0.00015457901129171372,0.00044202182904721186
2019-07-01,Singapore,-0.002423205496946844,-0.0005956804513800462,-0.0018275250455667977
2019-07-01,Australia,0.0004942002979737284,0.0003511788112995244,0.00014302148667420393
2019-07-01,Canada,-0.0004745477974088679,-0.0003366980705324359,-0.00013784972687643198
2019-07-01,Germany,0.0,-0.0020501251242761617,0.0020501251242761617
2019-07-01,Japan,0.000277287421673694,7.608604061734995e-05,0.00020120138105634403
2019-07-01,Switzerland,0.0,-0.0004307309074780973,0.0004307309074780973
2019-07-01,U.K.,-0.004689321801684852,-0.0010646301711444755,-0.003624691630540376
2019-07-01,NASDAQ,0.0,0.0013258607416229784,-0.0013258607416229784
2019-07-01,U.S.,0.0,0.0008856633826318384,-0.0008856633826318384
2019-07-01,France,-0.0011226267962360938,-0.001484765964935454,0.0003621391686993601
2019-07-01,Netherlands,0.0,0.0004899844208246045,-0.0004899844208246045
2019-07-01,Sweden,0.0,-0.0027482228648037085,0.0027482228648037085
2019-07-01,Italy,0.0,-0.0009658340441230331,0.0009658340441230331
2019-07-01,ChinaA,-0.00021366600301874413,-0.0005134906535483574,0.0002998246505296132
2019-07-01,Chile,0.0,-0.002745632410478777,0.002745632410478777
2019-07-01,Indonesia,0.00029475728671350405,0.000865749275355613,-0.0005709919886421089
2019-07-01,Philippines,0.00018056652694448564,0.00046388214548268486,-0.0002833156185381992
2019-07-01,Poland,-0.004560301636337791,-0.0024162880742930196,-0.002144013562044771
2019-07-01,US SmallCap,0.0002324395033527921,0.0003363333572789447,-0.00010389385392615258
2019-07-01,Malaysia,-0.002224550916887383,-0.001074109636123285,-0.0011504412807640978
2019-07-01,Taiwan,0.0,0.0009600386717513624,-0.0009600386717513624
2019-07-01,Mexico,0.0,-0.0021717292810186552,0.0021717292810186552
2019-07-01,Korea,-0.007572078618175897,-0.0033635025725984357,-0.004208576045577461
2019-07-01,Brazil,0.0017670483436064061,0.0016975386156055472,6.950972800085897e-05
2019-07-01,South Africa,0.0,-0.0016600116644964755,0.0016600116644964755
2019-07-01,Denmark,0.0,-0.001597536201581148,0.001597536201581148
2019-07-01,India,0.0,-0.003350324797410994,0.003350324797410994
2019-07-01,ChinaH,-0.00017660787609746393,-0.0004247575151510214,0.0002481496390535575
2019-07-01,Hong Kong,-0.0093497696200329,-0.0021174910627335163,-0.0072322785572993846
2019-07-01,Thailand,-0.0005322854642206642,-0.0015745330753252948,0.0010422476111046305
2019-07-01,Turkey,0.0,0.006896598356350722,-0.006896598356350722
2019-07-01,Spain,-0.0008487675579732089,-0.0024846137634103806,0.0016358462054371717
2019-07-01,Vietnam,0.0,0.0021344148345142314,-0.0021344148345142314
2019-07-01,Saudi Arabia,-0.00021725808167911197,-0.00011416802904366058,-0.0001030900526354514
2019-08-01,Singapore,-0.015139015305930658,-0.003723607788878892,-0.011415407517051765
2019-08-01,Australia,-0.0036090260699695566,-0.0025416883529446074,-0.0010673377170249492
2019-08-01,Canada,-0.0009757338639858897,-0.0006894009684605692,-0.0002863328955253205
2019-08-01,Germany,0.0,-0.0016904034928523414,0.0016904034928523414
2019-08-01,Japan,-0.0019410749304136778,-0.0006034712299406149,-0.001337603700473063
2019-08-01,Switzerland,0.0,0.00016984644963265682,-0.00016984644963265682
2019-08-01,U.K.,-0.007880663492940147,-0.0019745247116095283,-0.005906138781330618
2019-08-01,NASDAQ,0.0,-0.0015291022562680787,0.0015291022562680787
2019-08-01,U.S.,0.0,-0.0009800892367784176,0.0009800892367784176
2019-08-01,France,-0.0007627430050323838,-0.0010096632004853734,0.0002469201954529896
2019-08-01,Netherlands,0.0,-0.000983954300488283,0.000983954300488283
2019-08-01,Sweden,0.0,-0.002435814161611355,0.002435814161611355
2019-08-01,Italy,-0.00035054377820773966,-0.000838487476062155,0.0004879436978544154
2019-08-01,ChinaA,0.0,-0.002487402885170774,0.002487402885170774
2019-08-01,Chile,0.0,-0.0034132354459825765,0.0034132354459825765
2019-08-01,Indonesia,-0.0007891139959259237,-0.00227363432886843,0.0014845203329425063
2019-08-01,Philippines,-0.0017719112183483218,-0.002231233204028139,0.00045932198567981723
2019-08-01,Poland,-0.0119576499051884,-0.005140393420306123,-0.006817256484882277
2019-08-01,US SmallCap,-0.0020157529458503087,-0.00291799044433071,0.0009022374984804012
2019-08-01,Malaysia,-0.004874744287974842,-0.0023616741499732684,-0.0025130701380015738
2019-08-01,Taiwan,0.0,-0.0016198391048036346,0.0016198391048036346
2019-08-01,Mexico,0.0,-0.00020634260248756896,0.00020634260248756896
2019-08-01,Korea,-0.004819945823200222,-0.002651824263368534,-0.0021681215598316882
2019-08-01,Brazil,-0.008812307695505384,-0.00608654214378071,-0.0027257655517246744
2019-08-01,South Africa,0.0,-0.00535611626008949,0.00535611626008949
2019-08-01,Denmark,0.0,0.0012954629565364003,-0.0012954629565364003
2019-08-01,India,0.0,-0.00170665635506843,0.00170665635506843
2019-08-01,ChinaH,0.0,-0.0023317291069481745,0.0023317291069481745
2019-08-01,Hong Kong,-0.022319478447642854,-0.005054042403525893,-0.017265436044116962
2019-08-01,Thailand,-0.0012051826384775533,-0.0016029060468834059,0.00039772340840585254
2019-08-01,Turkey,0.0,-0.007353402435233656,0.007353402435233656
2019-08-01,Spain,-0.0006697729247016812,-0.001972969711012429,0.0013031967863107476
2019-08-01,Vietnam,0.0,-0.000733849982519439,0.000733849982519439
2019-08-01,Saudi Arabia,-0.0016455958506357473,-0.0012914203488643887,-0.0003541755017713586
2019-09-01,Singapore,0.003052623123059623,0.0007524865003566673,0.0023001366227029555
2019-09-01,Australia,0.0031905168056685098,0.001746909791861134,0.0014436070138073758
2019-09-01,Canada,0.0019627971680859662,0.00137972412051382,0.0005830730475721462
2019-09-01,Germany,0.0,0.001373568632860766,-0.001373568632860766
2019-09-01,Japan,0.005097103376817248,0.001820794285397244,0.003276309091420004
2019-09-01,Switzerland,0.0,0.0003877249700032569,-0.0003877249700032569
2019-09-01,U.K.,0.00917756048820162,0.002570430264839694,0.006607130223361925
2019-09-01,NASDAQ,0.0,0.00032577814753265784,-0.00032577814753265784
2019-09-01,U.S.,0.0,0.0011319756375664089,-0.0011319756375664089
2019-09-01,France,0.0004711573255653936,0.0013823961953930454,-0.0009112388698276518
2019-09-01,Netherlands,0.0,0.0015553256514556806,-0.0015553256514556806
2019-09-01,Sweden,0.0,0.0022939305627576586,-0.0022939305627576586
2019-09-01,Italy,0.001269216180006665,0.0015375035917447404,-0.00026828741173807536
2019-09-01,ChinaA,0.0,-0.00012244513093143252,0.00012244513093143252
2019-09-01,Chile,0.0,0.0021529914295994003,-0.0021529914295994003
2019-09-01,Indonesia,-0.000601119191014161,-0.001703504736958548,0.001102385545944387
2019-09-01,Philippines,-0.0008309542434320253,-0.0010365854656495064,0.00020563122221748113
2019-09-01,Poland,0.001669316921731713,0.0007232598922267364,0.0009460570295049766
2019-09-01,US SmallCap,0.0008072320894821784,0.0011768747881269058,-0.00036964269864472746
2019-09-01,Malaysia,-0.0002957447258707941,-0.00018004953934131144,-0.00011569518652948267
2019-09-01,Taiwan,0.0,0.0023031381749731897,-0.0023031381749731897
2019-09-01,Mexico,0.0,0.0014711377894584805,-0.0014711377894584805
2019-09-01,Korea,0.004994731840745772,0.00357229572397397,0.0014224361167718023
2019-09-01,Brazil,0.0027859421658447073,0.001463413126381008,0.0013225290394636993
2019-09-01,South Africa,0.0,-0.0006103758530561431,0.0006103758530561431
2019-09-01,Denmark,0.0,-0.0004639056592895026,0.0004639056592895026
2019-09-01,India,0.0,0.0019869172703404535,-0.0019869172703404535
2019-09-01,ChinaH,0.0,-0.00011354146773880493,0.00011354146773880493
2019-09-01,Hong Kong,-0.001456966266403678,-0.0003303708657991855,-0.0011265954006044925
2019-09-01,Thailand,-0.0003839844775654982,-0.000506999963866285,0.00012301548630078683
2019-09-01,Turkey,0.002989807382915102,0.007095708640416004,-0.004105901257500902
2019-09-01,Spain,0.000756487960281855,0.002235378149069364,-0.0014788901887875091
2019-09-01,Vietnam,0.0,0.0005153437944302063,-0.0005153437944302063
2019-09-01,Saudi Arabia,-8.208352765904658e-05,-3.702488321906031e-05,-4.5058644439986267e-05
2019-10-01,Singapore,0.012788724477361615,0.0031523495123662168,0.0096363749649954
2019-10-01,Australia,0.0018728084498594057,0.0010403820028503882,0.0008324264470090175
2019-10-01,Canada,-0.00015103221895562444,-0.0001055625061509188,-4.5469712804705636e-05
2019-10-01,Germany,0.0,0.0034100917732311433,-0.0034100917732311433
2019-10-01,Japan,0.0069242875665119575,0.002869208484044829,0.004055079082467128
2019-10-01,Switzerland,0.0,0.001137126790532369,-0.001137126790532369
2019-10-01,U.K.,0.006240651482549696,0.0019635956194934624,0.004277055863056234
2019-10-01,NASDAQ,0.0,0.0022491788980390968,-0.0022491788980390968
2019-10-01,U.S.,0.0,0.0013264532768466576,-0.0013264532768466576
2019-10-01,France,0.0007342765408977215,0.002154580611230888,-0.0014203040703331666
2019-10-01,Netherlands,0.0,0.0006511247692017298,-0.0006511247692017298
2019-10-01,Sweden,0.0,0.00390922873892509,-0.00390922873892509
2019-10-01,Italy,0.0033528750496749143,0.0027564732426982445,0.0005964018069766698
2019-10-01,ChinaA,0.0,0.002244573586088258,-0.002244573586088258
2019-10-01,Chile,0.0,-0.003712325011733476,0.003712325011733476
2019-10-01,Indonesia,0.0004897148621775579,0.0013685687694020158,-0.0008788539072244579
2019-10-01,Philippines,0.0031982314690836428,0.00263373421542059,0.0005644972536630525
2019-10-01,Poland,0.00709046138427053,0.003095915483153739,0.003994545901116791
2019-10-01,US SmallCap,0.0010430749238919334,0.0015279407760389447,-0.0004848658521470113
2019-10-01,Malaysia,0.0007997403358498979,0.000644216564505397,0.00015552377134450083
2019-10-01,Taiwan,0.0,0.004904418331998809,-0.004904418331998809
2019-10-01,Mexico,0.0,0.0020536910149195095,-0.0020536910149195095
2019-10-01,Korea,0.002423481258194299,0.0023831112475725226,4.037001062177654e-05
2019-10-01,Brazil,0.008693813963564532,0.0036953542933919076,0.004998459670172624
2019-10-01,South Africa,0.0,0.0017225390841606293,-0.0017225390841606293
2019-10-01,Denmark,0.0,0.0022661582146791437,-0.0022661582146791437
2019-10-01,India,0.0,0.0022158183519441826,-0.0022158183519441826
2019-10-01,ChinaH,0.0,0.0021761506209144353,-0.0021761506209144353
2019-10-01,Hong Kong,0.011397541594261984,0.0025833172724260113,0.008814224321835974
2019-10-01,Thailand,-0.0006520883623156611,-0.0008589839259474282,0.00020689556363176714
2019-10-01,Turkey,-0.00415018486540013,-0.005181399394742459,0.0010312145293423286
2019-10-01,Spain,0.00034975941811186766,0.0010345791701924264,-0.0006848197520805588
2019-10-01,Vietnam,0.0,-0.00018111229244464517,0.00018111229244464517
2019-10-01,Saudi Arabia,-0.0017935573956997515,-0.0010162779794618425,-0.000777279416237909
2019-11-01,Singapore,-0.003125367976944772,-0.0007705383588883541,-0.002354829618056418
2019-11-01,Australia,0.0017069971038316933,0.0007788726893113205,0.0009281244145203728
2019-11-01,Canada,0.0027515799949100334,0.0015114731939904718,0.0012401068009195615
2019-11-01,Germany,0.0,0.0011054806523042979,-0.0011054806523042979
2019-11-01,Japan,0.0006991369871911953,0.0003424004557131096,0.0003567365314780857
2019-11-01,Switzerland,0.0,0.0007708315592880504,-0.0007708315592880504
2019-11-01,U.K.,0.004135355567460229,0.0014791937093108878,0.0026561618581493413
2019-11-01,NASDAQ,0.0,0.0029075128111586018,-0.0029075128111586018
2019-11-01,U.S.,0.0,0.0022604300410432225,-0.0022604300410432225
2019-11-01,France,0.0003507102320580825,0.0010269822978960588,-0.0006762720658379762
2019-11-01,Netherlands,0.0,0.001374562264091221,-0.001374562264091221
2019-11-01,Sweden,0.0,0.0004086682151018833,-0.0004086682151018833
2019-11-01,Italy,0.0004939922641691082,0.00030904610244912736,0.00018494616171998085
2019-11-01,ChinaA,0.0,0.0010262837244165639,-0.0010262837244165639
2019-11-01,Chile,0.0,-0.005811327182081451,0.005811327182081451
2019-11-01,Indonesia,-0.0005477379501132911,-0.0015173248023134054,0.0009695868522001143
2019-11-01,Philippines,-0.0030739658085941106,-0.0019056682095946657,-0.0011682975989994449
2019-11-01,Poland,-0.0056222358292721385,-0.0024614926358606467,-0.003160743193411492
2019-11-01,US SmallCap,0.0007419135247118852,0.002448465055547417,-0.0017065515308355315
2019-11-01,Malaysia,-0.0009858173258611522,-0.0011463115539220997,0.00016049422806094747
2019-11-01,Taiwan,0.0,0.0009936133218685548,-0.0009936133218685548
2019-11-01,Mexico,0.0,-0.0011928156030040038,0.0011928156030040038
2019-11-01,Korea,-0.0003286072465143963,-0.0005221102055919607,0.00019350295907756435
2019-11-01,Brazil,-0.006380755881614841,-0.0027002238615050165,-0.0036805320201098246
2019-11-01,South Africa,0.0,5.6398754992978175e-05,-5.6398754992978175e-05
2019-11-01,Denmark,0.0,0.002478256572567785,-0.002478256572567785
2019-11-01,India,0.0,-0.00024695369109834257,0.00024695369109834257
2019-11-01,ChinaH,0.0,0.0009710581130000545,-0.0009710581130000545
2019-11-01,Hong Kong,-0.003666311535706443,-0.0008307662052982021,-0.0028355453304082408
2019-11-01,Thailand,-0.00010413345774640964,-0.00013738398913261288,3.325053138620324e-05
2019-11-01,Turkey,0.004901676647456948,0.004052301958023038,0.0008493746894339101
2019-11-01,Spain,-8.638598788634592e-05,-0.0002561434840347993,0.00016975749614845336
2019-11-01,Vietnam,0.0,-0.001186363840656234,0.001186363840656234
2019-11-01,Saudi Arabia,0.0005795244784612377,0.00039749519881928166,0.00018202927964195608
2019-12-01,Singapore,0.007899619507733862,0.0019432579807647265,0.005956361526969135
2019-12-01,Australia,0.0023158500232780027,0.0009117877710192178,0.0014040622522587848
2019-12-01,Canada,0.0029973797433954334,0.0016357151853957541,0.0013616645579996793
2019-12-01,Germany,0.0,0.0011883151483705733,-0.0011883151483705733
2019-12-01,Japan,0.00209962822489142,0.0012186618572013887,0.0008809663676900312
2019-12-01,Switzerland,0.0,0.002769086126936545,-0.002769086126936545
2019-12-01,U.K.,0.00932259323116777,0.0033406087350386447,0.005981984496129125
2019-12-01,NASDAQ,0.0,0.002361641415531866,-0.002361641415531866
2019-12-01,U.S.,0.0,0.0019290295133096657,-0.0019290295133096657
2019-12-01,France,0.0005895786308532906,0.001809332395057379,-0.0012197537642040885
2019-12-01,Netherlands,0.0,0.002331666950744898,-0.002331666950744898
2019-12-01,Sweden,0.0,0.0030865869005824325,-0.0030865869005824325
2019-12-01,Italy,0.0032967180716730114,0.0017015445092546334,0.001595173562418378
2019-12-01,ChinaA,0.0,0.004888701288293666,-0.004888701288293666
2019-12-01,Chile,0.0,0.004996445624446667,-0.004996445624446667
2019-12-01,Indonesia,0.0014204051926666667,0.003939699795387268,-0.002519294602720601
2019-12-01,Philippines,0.0012401281981551967,0.0007655170367191496,0.00047461116143604715
2019-12-01,Poland,0.003240100272469313,0.0014329665667366014,0.0018071337057327115
2019-12-01,US SmallCap,0.0005424756305686455,0.0017872840077993,-0.0012448083772306543
2019-12-01,Malaysia,0.0011892699715796374,0.0022432566387158887,-0.0010539866671362512
2019-12-01,Taiwan,0.001459620316426473,0.004680055812061933,-0.0032204354956354604
2019-12-01,Mexico,0.0,0.0027912331461385216,-0.0027912331461385216
2019-12-01,Korea,0.0037602057779718727,0.005992943277569308,-0.0022327374995974357
2019-12-01,Brazil,0.01733650283662618,0.007305595303464883,0.010030907533161298
2019-12-01,South Africa,0.0,0.005449124687032751,-0.005449124687032751
2019-12-01,Denmark,0.0,0.0029151863255521887,-0.0029151863255521887
2019-12-01,India,0.0,0.0010598752063069236,-0.0010598752063069236
2019-12-01,ChinaH,0.0,0.004640617378228121,-0.004640617378228121
2019-12-01,Hong Kong,0.010049702072887655,0.0022715897743330648,0.00777811229855459
2019-12-01,Thailand,0.00021564515197075056,0.0005211408578340328,-0.00030549570586328224
2019-12-01,Turkey,0.0014722399607674146,0.0012182841697471309,0.0002539557910202837
2019-12-01,Spain,0.0007842961464958174,0.0023307448722066494,-0.0015464487257108319
2019-12-01,Vietnam,0.0,-0.0016617141772249742,0.0016617141772249742
2019-12-01,Saudi Arabia,0.0024241724838025376,0.0019337278257878234,0.0004904446580147142
2020-01-01,Singapore,-0.008097402696117658,-0.002141527391587222,-0.005955875304530437
2020-01-01,Australia,0.0003671842326012369,0.00012892186279265898,0.0002382623698085779
2020-01-01,Canada,-0.0004266823156571552,-0.0002339783288015448,-0.0001927039868556104
2020-01-01,Germany,-0.0005574478648705022,-0.0019362329005027474,0.0013787850356322452
2020-01-01,Japan,-0.0014972764866195737,-0.000866449743584653,-0.0006308267430349207
2020-01-01,Switzerland,0.0,0.0005112792626347237,-0.0005112792626347237
2020-01-01,U.K.,-0.006127746038640652,-0.0024391217871516596,-0.0036886242514889925
2020-01-01,NASDAQ,0.0,0.001343899952191609,-0.001343899952191609
2020-01-01,U.S.,0.0,-2.8680773715748225e-05,2.8680773715748225e-05
2020-01-01,France,-0.000727275911716923,-0.0022185636364391048,0.0014912877247221818
2020-01-01,Netherlands,0.0,-0.0019143888030456924,0.0019143888030456924
2020-01-01,Sweden,0.0,-0.0017060581235794738,0.0017060581235794738
2020-01-01,Italy,-0.003411366607875388,-0.0015255150634785352,-0.0018858515443968527
2020-01-01,ChinaA,0.0,-0.003061272659416786,0.003061272659416786
2020-01-01,Chile,0.0,-0.003987031952819691,0.003987031952819691
2020-01-01,Indonesia,-0.0007450164490947701,-0.002070895535595378,0.001325879086500608
2020-01-01,Philippines,-0.007655868292210339,-0.004736455691957265,-0.0029194126002530744
2020-01-01,Poland,-0.007140070656979925,-0.003200925749741364,-0.0039391449072385615
2020-01-01,US SmallCap,-0.0005830959652155066,-0.002032496917698164,0.0014494009524826574
2020-01-01,Malaysia,-0.0005980156484087737,-0.0022582386359735877,0.001660222987564814
2020-01-01,Taiwan,-0.0010219620116937581,-0.0032430268600902095,0.002221064848396451
2020-01-01,Mexico,0.0,0.0008424982075727939,-0.0008424982075727939
2020-01-01,Korea,-0.0023049451148366897,-0.0036758236180040437,0.001370878503167354
2020-01-01,Brazil,-0.011613331277240516,-0.004855601499115598,-0.006757729778124918
2020-01-01,South Africa,0.0,-0.005373732248407201,0.005373732248407201
2020-01-01,Denmark,0.0,0.0011434613703934819,-0.0011434613703934819
2020-01-01,India,0.0,-0.0007827005271119075,0.0007827005271119075
2020-01-01,ChinaH,0.0,-0.003135307236818317,0.003135307236818317
2020-01-01,Hong Kong,-0.010877240617464586,-0.0026378990856679185,-0.008239341531796668
2020-01-01,Thailand,-0.002084681074392136,-0.005052011809529244,0.0029673307351371085
2020-01-01,Turkey,0.00143752083571912,0.0009611588040175706,0.0004763620317015495
2020-01-01,Spain,-0.000552971961649152,-0.0016468836730067077,0.0010939117113575557
2020-01-01,Vietnam,0.0,-0.0018317412555947372,0.0018317412555947372
2020-01-01,Saudi Arabia,-0.0015025871405483942,-0.001357945484047491,-0.00014464165650090316
2020-02-01,Singapore,-0.015825916030335455,-0.004177360023507885,-0.01164855600682757
2020-02-01,Australia,-0.016396978532215684,-0.006364630809762402,-0.010032347722453282
2020-02-01,Canada,-0.008302827202672948,-0.004520168282964205,-0.0037826589197087436
2020-02-01,Germany,-0.0016602699074617542,-0.005745568976419974,0.00408529906895822
2020-02-01,Japan,-0.00987053173457584,-0.005718997185178229,-0.004151534549397611
2020-02-01,Switzerland,0.0,-0.005122963804391651,0.005122963804391651
2020-02-01,U.K.,-0.017973343678933294,-0.0071688926705876016,-0.010804451008345692
2020-02-01,NASDAQ,0.0,-0.004136517012228373,0.004136517012228373
2020-02-01,U.S.,0.0,-0.005303764911832713,0.005303764911832713
2020-02-01,France,-0.003276682973071126,-0.005420276622329943,0.002143593649258817
2020-02-01,Netherlands,0.0,-0.004953960887142932,0.004953960887142932
2020-02-01,Sweden,0.0,-0.003923103172706002,0.003923103172706002
2020-02-01,Italy,-0.010428853311060247,-0.0041329709710493535,-0.006295882340010894
2020-02-01,ChinaA,0.0,0.000587192270533266,-0.000587192270533266
2020-02-01,Chile,0.0,-0.006086858770144725,0.006086858770144725
2020-02-01,Indonesia,-0.002358058293708059,-0.0065793980600941954,0.004221339766386136
2020-02-01,Philippines,-0.005064361473348881,-0.003154013415609887,-0.0019103480577389938
2020-02-01,Poland,-0.018815528223549767,-0.008550425347617427,-0.01026510287593234
2020-02-01,US SmallCap,-0.0014811840275692973,-0.005138347539297259,0.003657163511727962
2020-02-01,Malaysia,0.0,-0.003614993758402071,0.003614993758402071
2020-02-01,Taiwan,-0.000708851872759768,-0.0012272036014771394,0.0005183517287173714
2020-02-01,Mexico,0.0,-0.006226907325907327,0.006226907325907327
2020-02-01,Korea,-0.0024442639709868676,-0.003780454053760986,0.0013361900827741184
2020-02-01,Brazil,-0.018799359363479304,-0.007874881396926011,-0.010924477966553292
2020-02-01,South Africa,0.0,-0.007416006928179974,0.007416006928179974
2020-02-01,Denmark,0.0,-0.0040859166834707385,0.0040859166834707385
2020-02-01,India,0.0,-0.004404484377731632,0.004404484377731632
2020-02-01,ChinaH,0.0,0.0007030313754563419,-0.0007030313754563419
2020-02-01,Hong Kong,-0.0030275673592204976,-0.0007900969584515878,-0.00223747040076891
2020-02-01,Thailand,-0.002630670564428287,-0.006430269127868905,0.0037995985634406183
2020-02-01,Turkey,-0.014071912938600084,-0.009445401781551333,-0.0046265111570487506
2020-02-01,Spain,-0.001451458626159795,-0.004326683205818548,0.0028752245796587533
2020-02-01,Vietnam,0.0,-0.0037060849729596617,0.0037060849729596617
2020-02-01,Saudi Arabia,-0.0034562951309889986,-0.0034838767564920117,2.7581625503013147e-05
2020-03-01,Singapore,-0.041687613631492634,-0.011015446961760524,-0.03067216666973211
2020-03-01,Australia,-0.03683429317216965,-0.01417831981555888,-0.02265597335661077
2020-03-01,Canada,-0.0176644284329263,-0.012252299619102014,-0.005412128813824284
2020-03-01,Germany,-0.002715490087785592,-0.009369163827171172,0.006653673739385579
2020-03-01,Japan,-0.009601788828009461,-0.004540090265160993,-0.005061698562848468
2020-03-01,Switzerland,0.0,-0.0030319022154574084,0.0030319022154574084
2020-03-01,U.K.,-0.021387727953643413,-0.008570856515402585,-0.012816871438240828
2020-03-01,NASDAQ,0.0,-0.006136803264007411,0.006136803264007411
2020-03-01,U.S.,0.0,-0.00719976660114649,0.00719976660114649
2020-03-01,France,-0.009800849908337564,-0.009873328922251236,7.247901391367259e-05
2020-03-01,Netherlands,0.0,-0.006306863900485397,0.006306863900485397
2020-03-01,Sweden,0.0,-0.008048216699555714,0.008048216699555714
2020-03-01,Italy,-0.0374948508107111,-0.012854792587070672,-0.024640058223640425
2020-03-01,ChinaA,0.0,-0.003992100046097067,0.003992100046097067
2020-03-01,Chile,0.0,-0.008021685133620908,0.008021685133620908
2020-03-01,Indonesia,-0.005440244724854029,-0.015204029461431295,0.009763784736577266
2020-03-01,Philippines,-0.017564781936287004,-0.010960272039139619,-0.006604509897147386
2020-03-01,Poland,-0.016840977534765357,-0.00941201958766211,-0.0074289579471032464
2020-03-01,US SmallCap,-0.003498861486287429,-0.012111112725903804,0.008612251239616375
2020-03-01,Malaysia,0.0,-0.005359301860771917,0.005359301860771917
2020-03-01,Taiwan,-0.005039768208335369,-0.008556296073235015,0.003516527864899646
2020-03-01,Mexico,0.0,-0.01634304324817871,0.01634304324817871
2020-03-01,Korea,-0.004538067648290791,-0.00702216677357162,0.002484099125280829
2020-03-01,Brazil,-0.04013563435865114,-0.020197777490747477,-0.019937856867903662
2020-03-01,South Africa,0.0,-0.01218608806642231,0.01218608806642231
2020-03-01,Denmark,0.0,-0.002611721381467545,0.002611721381467545
2020-03-01,India,0.0,-0.013459865873522266,0.013459865873522266
2020-03-01,ChinaH,0.0,-0.004058971666746126,0.004058971666746126
2020-03-01,Hong Kong,-0.023409368678793934,-0.00679070207752053,-0.016618666601273403
2020-03-01,Thailand,-0.003340964301832865,-0.008276618913564326,0.004935654611731461
2020-03-01,Turkey,-0.019802162061488247,-0.01061377972703459,-0.009188382334453656
2020-03-01,Spain,-0.00407447694185271,-0.012158198739098274,0.008083721797245563
2020-03-01,Vietnam,0.0,-0.011384765109641438,0.011384765109641438
2020-03-01,Saudi Arabia,-0.005405940494638833,-0.0061614415589998995,0.0007555010643610664
2020-04-01,Singapore,0.013708547410973677,0.0036179871868190295,0.010090560224154648
2020-04-01,Australia,0.013869454929343343,0.006293535719082484,0.0075759192102608595
2020-04-01,Canada,0.007966522993411126,0.005550412915804916,0.0024161100776062105
2020-04-01,Germany,0.0012377675725501944,0.004251695728925624,-0.003013928156375429
2020-04-01,Japan,0.005748001675743578,0.002750587835578767,0.0029974138401648114
2020-04-01,Switzerland,0.0,0.0022285109002479174,-0.0022285109002479174
2020-04-01,U.K.,0.005830656002285119,0.0027372301644892484,0.0030934258377958708
2020-04-01,NASDAQ,0.0,0.008339056095092631,-0.008339056095092631
2020-04-01,U.S.,0.0,0.006443151676464231,-0.006443151676464231
2020-04-01,France,0.001959817932781474,0.001965967140042008,-6.1492072605338205e-06
2020-04-01,Netherlands,0.0,0.004021269393140431,-0.004021269393140431
2020-04-01,Sweden,0.0,0.0038539312398761746,-0.0038539312398761746
2020-04-01,Italy,0.0026144628261256645,0.0007938032564083205,0.0018206595697173441
2020-04-01,ChinaA,0.0,0.003509844649373354,-0.003509844649373354
2020-04-01,Chile,0.0,0.0062022645562727265,-0.0062022645562727265
2020-04-01,Indonesia,0.0013763076458355133,0.0039152705534004325,-0.002538962907564919
2020-04-01,Philippines,0.005739265750478374,0.00361240530140812,0.002126860449070254
2020-04-01,Poland,0.004832709161105176,0.003421418977630815,0.001411290183474361
2020-04-01,US SmallCap,0.0017312824280775094,0.005999460003566057,-0.004268177575488547
2020-04-01,Malaysia,0.0,0.0025907415825876324,-0.0025907415825876324
2020-04-01,Taiwan,0.006827200952779438,0.007450297970672131,-0.0006230970178926929
2020-04-01,Mexico,0.0,0.0017302853885852688,-0.0017302853885852688
2020-04-01,Korea,0.004315757023131453,0.0043824772926654215,-6.672026953396821e-05
2020-04-01,Brazil,0.0035214791378863452,0.0018242897593031809,0.0016971893785831644
2020-04-01,South Africa,0.0,0.004663151609253742,-0.004663151609253742
2020-04-01,Denmark,0.0,0.004714858994556956,-0.004714858994556956
2020-04-01,India,0.0,0.006481937740573755,-0.006481937740573755
2020-04-01,ChinaH,0.0,0.003475347988554353,-0.003475347988554353
2020-04-01,Hong Kong,0.011010229401653693,0.003543327888190262,0.007466901513463431
2020-04-01,Thailand,0.0024606914446395813,0.006167395221383091,-0.0037067037767435094
2020-04-01,Turkey,0.0046941896440257196,0.0020867030485898033,0.0026074865954359163
2020-04-01,Spain,0.0001644909421446843,0.0004934006185573659,-0.00032890967641268157
2020-04-01,Vietnam,0.0,0.005989284716997155,-0.005989284716997155
2020-04-01,Saudi Arabia,0.003544688041164029,0.004472671827755786,-0.0009279837865917569
2020-05-01,Singapore,-0.005461866671506486,-0.0014456665783563745,-0.004016200093150112
2020-05-01,Australia,0.004373453505339086,0.002385780937178618,0.001987672568160468
2020-05-01,Canada,0.001758135126297921,0.001638707834880725,0.000119427291417196
2020-05-01,Germany,0.0011477535584780915,0.003938031699684711,-0.0027902781412066195
2020-05-01,Japan,0.006470293307129369,0.003137890219969453,0.003332403087159916
2020-05-01,Switzerland,0.0,0.0014530053143253124,-0.0014530053143253124
2020-05-01,U.K.,0.0014044868281009155,0.0007930644004512436,0.0006114224276496719
2020-05-01,NASDAQ,0.0,0.004186411695368748,-0.004186411695368748
2020-05-01,U.S.,0.0,0.0026554358520977663,-0.0026554358520977663
2020-05-01,France,0.0021323450480546084,0.002141697111187564,-9.352063132955692e-06
2020-05-01,Netherlands,0.0,0.003761199897793908,-0.003761199897793908
2020-05-01,Sweden,0.0,0.003967687573316596,-0.003967687573316596
2020-05-01,Italy,0.008810097099302184,0.00241024806765383,0.006399849031648354
2020-05-01,ChinaA,-0.00013250074820558345,-0.0004507888837901634,0.0003182881355845799
2020-05-01,Chile,0.0,-0.0024671293840676364,0.0024671293840676364
2020-05-01,Indonesia,0.0,0.0017550935343334042,-0.0017550935343334042
2020-05-01,Philippines,0.0013919760531291656,0.0008834752846955617,0.0005085007684336039
2020-05-01,Poland,0.0037563191912058525,0.003532897159079903,0.0002234220321259495
2020-05-01,US SmallCap,0.0009328459492709137,0.0032269923015578856,-0.0022941463522869717
2020-05-01,Malaysia,0.0,0.002365868319709989,-0.002365868319709989
2020-05-01,Taiwan,-0.0013927627078547569,-0.001488019822806849,9.525711495209218e-05
2020-05-01,Mexico,0.0,0.0027533315870837,-0.0027533315870837
2020-05-01,Korea,0.0013116730207702694,0.0010001081769044785,0.0003115648438657909
2020-05-01,Brazil,0.005843274249277336,0.003112353084088137,0.0027309211651891986
2020-05-01,South Africa,0.0,0.0012619100835996036,-0.0012619100835996036
2020-05-01,Denmark,0.0,0.004453855677752406,-0.004453855677752406
2020-05-01,India,0.0,-0.0012291065175106543,0.0012291065175106543
2020-05-01,ChinaH,-0.00010459771766410691,-0.00035455080081296154,0.00024995308314885463
2020-05-01,Hong Kong,-0.01353486853777542,-0.004360996298562921,-0.0091738722392125
2020-05-01,Thailand,0.000882275753341621,0.0022236644124996687,-0.0013413886591580478
2020-05-01,Turkey,0.007124467037361205,0.002702212275467993,0.004422254761893212
2020-05-01,Spain,0.0006243606868679099,0.0018966435437369133,-0.0012722828568690033
2020-05-01,Vietnam,0.0,0.0063324387771859945,-0.0063324387771859945
2020-05-01,Saudi Arabia,0.0013302332766973591,0.0018296692598851112,-0.000499435983187752
2020-06-01,Singapore,0.007124726793499448,0.002096206530076858,0.00502852026342259
2020-06-01,Australia,0.006407435374920037,0.003509173896700828,0.002898261478219209
2020-06-01,Canada,0.0020326949633869273,0.0018907560247276725,0.0001419389386592548
2020-06-01,Germany,0.0017639893497681848,0.0030405340184516813,-0.0012765446686834965
2020-06-01,Japan,-0.00018851780156470756,-7.98610095389602e-05,-0.00010865679202574737
2020-06-01,Switzerland,0.0,0.001710056047596936,-0.001710056047596936
2020-06-01,U.K.,0.0011460733073763293,0.0008081213749367112,0.0003379519324396181
2020-06-01,NASDAQ,0.0,0.0038304551196995593,-0.0038304551196995593
2020-06-01,U.S.,0.0,0.0011412615050771,-0.0011412615050771
2020-06-01,France,0.002863393667844309,0.0028806565023273183,-1.7262834483009262e-05
2020-06-01,Netherlands,0.0,0.003969133393303607,-0.003969133393303607
2020-06-01,Sweden,0.0,0.001862463839058937,-0.001862463839058937
2020-06-01,Italy,0.013222433351646072,0.003629565407572838,0.009592867944073234
2020-06-01,ChinaA,0.002735296258577674,0.0048257039408434645,-0.0020904076822657906
2020-06-01,Chile,0.0,0.0027208750316008307,-0.0027208750316008307
2020-06-01,Indonesia,0.0,0.0029781187360137366,-0.0029781187360137366
2020-06-01,Philippines,0.005894702328760436,0.0038087678614590007,0.0020859344673014356
2020-06-01,Poland,0.0008912839624665086,0.0011998431222539339,-0.0003085591597874253
2020-06-01,US SmallCap,0.0005396603016858254,0.0018594761453698246,-0.0013198158436839992
2020-06-01,Malaysia,0.0,0.0014701875782283384,-0.0014701875782283384
2020-06-01,Taiwan,0.004662237642057216,0.004891371961890195,-0.0002291343198329793
2020-06-01,Mexico,0.0,-3.852973352078856e-05,3.852973352078856e-05
2020-06-01,Korea,0.00716559767639895,0.004466456046145978,0.0026991416302529717
2020-06-01,Brazil,0.0045647626798732245,0.0030287729046089866,0.001535989775264238
2020-06-01,South Africa,0.0,0.004618983321249272,-0.004618983321249272
2020-06-01,Denmark,0.0,0.0013498065293722882,-0.0013498065293722882
2020-06-01,India,0.0,0.003204733715775891,-0.003204733715775891
2020-06-01,ChinaH,0.0026819953260602694,0.004719687764650144,-0.0020376924385898743
2020-06-01,Hong Kong,0.016317665648988264,0.005330351458440289,0.010987314190547975
2020-06-01,Thailand,0.0004274848012596566,0.001088809334719364,-0.0006613245334597074
2020-06-01,Turkey,0.010584786497119289,0.003583410027783724,0.007001376469335565
2020-06-01,Spain,0.0,0.002032491432121671,-0.002032491432121671
2020-06-01,Vietnam,0.0,-0.0024890390362265515,0.0024890390362265515
2020-06-01,Saudi Arabia,-0.00015467623349426566,-0.0003759299666986503,0.00022125373320438466
2020-07-01,Singapore,-0.00018769198946165145,-6.341913810402946e-05,-0.000124272851357622
2020-07-01,Australia,0.003944794920923996,0.0021634844870821093,0.0017813104338418864
2020-07-01,Canada,0.0034652054933245915,0.0032202588665321743,0.00024494662679241724
2020-07-01,Germany,0.0025631620649432404,0.002726657188299044,-0.00016349512335580348
2020-07-01,Japan,-0.0020002975657570365,-0.0008713934857970516,-0.0011289040799599848
2020-07-01,Switzerland,0.0,0.0023168042190423663,-0.0023168042190423663
2020-07-01,U.K.,0.0008645932005619042,0.000873693014517883,-9.099813955978833e-06
2020-07-01,NASDAQ,0.0,0.004457211230109547,-0.004457211230109547
2020-07-01,U.S.,0.0,0.0032518711000935575,-0.0032518711000935575
2020-07-01,France,0.0012905052541597986,0.0013016932986544862,-1.1188044494687532e-05
2020-07-01,Netherlands,0.0,0.0025365849583722324,-0.0025365849583722324
2020-07-01,Sweden,0.0,0.0055575673194422,-0.0055575673194422
2020-07-01,Italy,0.006463857990182417,0.0017813882218065758,0.004682469768375841
2020-07-01,ChinaA,0.0049544627216184705,0.005467229137272586,-0.0005127664156541157
2020-07-01,Chile,0.0,0.005166473662405557,-0.005166473662405557
2020-07-01,Indonesia,0.0,0.0023348596028384496,-0.0023348596028384496
2020-07-01,Philippines,-0.0016394802799644275,-0.001434354913042549,-0.00020512536692187853
2020-07-01,Poland,0.0011559666899450865,0.0030884755122552875,-0.001932508822310201
2020-07-01,US SmallCap,0.00043753018875767306,0.0015046552768079825,-0.0010671250880503094
2020-07-01,Malaysia,0.0,0.004507919749361497,-0.004507919749361497
2020-07-01,Taiwan,0.011788437636105382,0.008998720040020506,0.0027897175960848765
2020-07-01,Mexico,0.0,0.001348160110072285,-0.001348160110072285
2020-07-01,Korea,0.007730488049940379,0.003938626578554854,0.003791861471385525
2020-07-01,Brazil,0.007093778200764193,0.006445934225788479,0.0006478439749757143
2020-07-01,South Africa,0.0,0.003090166666287245,-0.003090166666287245
2020-07-01,Denmark,0.0,0.005793025141745115,-0.005793025141745115
2020-07-01,India,0.0,0.005359242756581983,-0.005359242756581983
2020-07-01,ChinaH,0.004859477707402664,0.005348576153313892,-0.0004890984459112275
2020-07-01,Hong Kong,-0.0010567493922271378,-0.00039828663887525183,-0.0006584627533518859
2020-07-01,Thailand,-0.0006255044671250577,-0.001617614887481847,0.0009921104203567893
2020-07-01,Turkey,-0.014727398642594517,-0.004405306294514242,-0.010322092348080274
2020-07-01,Spain,0.0,0.0001524851266314711,-0.0001524851266314711
2020-07-01,Vietnam,0.0,-0.0011861392185494334,0.0011861392185494334
2020-07-01,Saudi Arabia,0.00034794907439256927,0.0008550013894932677,-0.0005070523151006984
2020-08-01,Singapore,0.0027360959675809975,0.0010905325190676296,0.001645563448513368
2020-08-01,Australia,0.006295093879644521,0.003463536796830684,0.002831557082813837
2020-08-01,Canada,0.003275867328669981,0.0030392815732436366,0.0002365857554263444
2020-08-01,Germany,0.004737203159499476,0.0036626650654918505,0.0010745380940076254
2020-08-01,Japan,0.010972876615097266,0.004098664405244167,0.006874212209853099
2020-08-01,Switzerland,0.0,0.0014645968351171582,-0.0014645968351171582
2020-08-01,U.K.,0.0023232730729105134,0.002362777048107412,-3.950397519689869e-05
2020-08-01,NASDAQ,0.0,0.006560666940910364,-0.006560666940910364
2020-08-01,U.S.,0.0,0.0043234239845360315,-0.0043234239845360315
2020-08-01,France,0.0035185711650188582,0.0025793426419278473,0.0009392285230910109
2020-08-01,Netherlands,0.0,0.0014682229030940352,-0.0014682229030940352
2020-08-01,Sweden,0.0,0.003251021760098239,-0.003251021760098239
2020-08-01,Italy,0.006866107927067695,0.0019281392099465863,0.004937968717121108
2020-08-01,ChinaA,0.004509109613608919,0.003645939610490555,0.0008631700031183635
2020-08-01,Chile,0.0,-0.005326926392982736,0.005326926392982736
2020-08-01,Indonesia,0.0,0.0015921379919791431,-0.0015921379919791431
2020-08-01,Philippines,0.00041627700113791176,0.0005648080031852808,-0.00014853100204736903
2020-08-01,Poland,0.0,0.0022052946751454747,-0.0022052946751454747
2020-08-01,US SmallCap,0.0009153007680817115,0.0031510574306313427,-0.0022357566625496312
2020-08-01,Malaysia,0.0,-0.0021467799091592376,0.0021467799091592376
2020-08-01,Taiwan,-0.0019092684280328054,-0.0014178089108367576,-0.0004914595171960478
2020-08-01,Mexico,0.0,0.00029902728436794244,-0.00029902728436794244
2020-08-01,Korea,0.003399115212958751,0.0014628691422710663,0.0019362460706876848
2020-08-01,Brazil,-0.0033975289481659923,-0.00469641381129801,0.0012988848631320174
2020-08-01,South Africa,0.0,-0.0006516913802934856,0.0006516913802934856
2020-08-01,Denmark,0.0,0.0027365936036330306,-0.0027365936036330306
2020-08-01,India,0.0,0.0022822045109440123,-0.0022822045109440123
2020-08-01,ChinaH,0.0032250948170269877,0.003480706594698652,-0.00025561177767166425
2020-08-01,Hong Kong,0.00942870273681619,0.004241350767881817,0.0051873519689343735
2020-08-01,Thailand,0.0,-0.000894390824489906,0.000894390824489906
2020-08-01,Turkey,-0.01458852186105263,-0.003955651210076631,-0.010632870650976
2020-08-01,Spain,0.0,0.0008258239296137674,-0.0008258239296137674
2020-08-01,Vietnam,0.0,0.003913921803962687,-0.003913921803962687
2020-08-01,Saudi Arabia,0.0010947034128197498,0.002725469245469249,-0.0016307658326494992
2020-09-01,Singapore,-0.0032576380476000925,-0.0015727524640076179,-0.0016848855835924746
2020-09-01,Australia,-0.005481770283680187,-0.003905324934119202,-0.0015764453495609853
2020-09-01,Canada,-0.0031197807971150883,-0.002890744267955557,-0.00022903652915953147
2020-09-01,Germany,-0.0031269338727247303,-0.0018866440804531815,-0.0012402897922715488
2020-09-01,Japan,0.00045573655255082637,0.00014876622834546468,0.0003069703242053617
2020-09-01,Switzerland,0.0,-0.0009146507713452788,0.0009146507713452788
2020-09-01,U.K.,-0.002593674371210869,-0.002651567901430183,5.7893530219314034e-05
2020-09-01,NASDAQ,0.0,-0.0036759230812686877,0.0036759230812686877
2020-09-01,U.S.,0.0,-0.0024157846485761587,0.0024157846485761587
2020-09-01,France,-0.003602877679515182,-0.002649846147673351,-0.000953031531841831
2020-09-01,Netherlands,0.0,-0.0007547117070860515,0.0007547117070860515
2020-09-01,Sweden,0.0,-0.00047658874356171747,0.00047658874356171747
2020-09-01,Italy,-0.009996023621960254,-0.003195361427171858,-0.006800662194788396
2020-09-01,ChinaA,-0.0030328628703012676,-0.001908697508385477,-0.0011241653619157906
2020-09-01,Chile,0.0,-0.002056452853280631,0.002056452853280631
2020-09-01,Indonesia,0.0,-0.0068907834767700845,0.0068907834767700845
2020-09-01,Philippines,-0.0003682365637382004,-0.0005099586460019209,0.00014172208226372052
2020-09-01,Poland,0.0,-0.005808429723457163,0.005808429723457163
2020-09-01,US SmallCap,-0.0005732302988895333,-0.001969088210165531,0.0013958579112759977
2020-09-01,Malaysia,-0.0003645148509132961,-0.0009521378818727647,0.0005876230309594686
2020-09-01,Taiwan,0.0019822082007127074,0.0011545841600153475,0.0008276240406973599
2020-09-01,Mexico,0.0,0.0005530648612990554,-0.0005530648612990554
2020-09-01,Korea,0.005342298012800299,0.0019695388031470158,0.003372759209653283
2020-09-01,Brazil,-0.0012016860349702682,-0.003500729734586962,0.002299043699616694
2020-09-01,South Africa,0.0,-0.0005476382835287039,0.0005476382835287039
2020-09-01,Denmark,0.0,0.0008453045720369079,-0.0008453045720369079
2020-09-01,India,0.0,0.0003514855971604558,-0.0003514855971604558
2020-09-01,ChinaH,-0.0018626895371920025,-0.001967504412143911,0.00010481487495190862
2020-09-01,Hong Kong,-0.005388608055031939,-0.0029942132963241695,-0.002394394758707769
2020-09-01,Thailand,0.0,-0.004786466698243415,0.004786466698243415
2020-09-01,Turkey,0.00049370227459884,0.00013493573093505126,0.00035876654366378874
2020-09-01,Spain,0.0,-0.0028805992094115764,0.0028805992094115764
2020-09-01,Vietnam,0.0,0.0013088043185835385,-0.0013088043185835385
2020-09-01,Saudi Arabia,0.0,0.0013659675924824113,-0.0013659675924824113
2020-10-01,Singapore,-0.002358889967334047,-0.0014204039345865498,-0.0009384860327474971
2020-10-01,Australia,-4.3726285632310516e-05,-4.343577959526193e-05,-2.905060370485873e-07
2020-10-01,Canada,-0.001997386719681538,-0.001852453190935868,-0.00014493352874567016
2020-10-01,Germany,-0.012248436679911639,-0.0061305074490390216,-0.006117929230872617
2020-10-01,Japan,-0.003180494803189271,-0.0009310116580813849,-0.0022494831451078862
2020-10-01,Switzerland,0.0,-0.0032367116235704207,0.0032367116235704207
2020-10-01,U.K.,-0.00242998747580686,-0.002507152925988047,7.716545018118717e-05
2020-10-01,NASDAQ,0.0,-0.001496069714232139,0.001496069714232139
2020-10-01,U.S.,0.0,-0.0016053517362494124,0.0016053517362494124
2020-10-01,France,-0.0035269950230346174,-0.0026080794130403408,-0.0009189156099942766
2020-10-01,Netherlands,0.0,-0.0015179186755296347,0.0015179186755296347
2020-10-01,Sweden,0.0,-0.0030072205379610443,0.0030072205379610443
2020-10-01,Italy,-0.0112905949465835,-0.0036693820471004617,-0.007621212899483039
2020-10-01,ChinaA,0.006495184206469574,0.0033579173322211622,0.003137266874248412
2020-10-01,Chile,0.0,-7.453310884041343e-05,7.453310884041343e-05
2020-10-01,Indonesia,0.0,0.004024583244550897,-0.004024583244550897
2020-10-01,Philippines,0.0013858150708559466,0.003983339659677478,-0.002597524588821532
2020-10-01,Poland,0.0,-0.00827926226401214,0.00827926226401214
2020-10-01,US SmallCap,0.00034738924120720924,0.0011915340826959275,-0.0008441448414887183
2020-10-01,Malaysia,-0.000321304883783758,-0.0008403524908087179,0.0005190476070249599
2020-10-01,Taiwan,0.0014622553457572496,0.000831051172711321,0.0006312041730459286
2020-10-01,Mexico,0.0,0.0012091947844936352,-0.0012091947844936352
2020-10-01,Korea,0.0005325092142383733,0.0001736910244661354,0.00035881818977223786
2020-10-01,Brazil,0.0,-0.0012019193860824025,0.0012019193860824025
2020-10-01,South Africa,0.0,0.00022938869425707595,-0.00022938869425707595
2020-10-01,Denmark,0.0,-0.0018269876274106985,0.0018269876274106985
2020-10-01,India,0.0,0.00015196142230546313,-0.00015196142230546313
2020-10-01,ChinaH,0.00415842633320292,0.003257317861152672,0.0009011084720502477
2020-10-01,Hong Kong,-0.0010983942126831416,-0.0006326399406634638,-0.0004657542720196778
2020-10-01,Thailand,0.0,-0.001254652541213752,0.001254652541213752
2020-10-01,Turkey,-0.019028075605505106,-0.005929974867078377,-0.01309810073842673
2020-10-01,Spain,0.0,-0.0020578504420255134,0.0020578504420255134
2020-10-01,Vietnam,0.0,0.003797945000555874,-0.003797945000555874
2020-10-01,Saudi Arabia,0.0,-0.001462744146507873,0.001462744146507873
2020-11-01,Singapore,0.016084510963088012,0.00966508842431608,0.006419422538771933
2020-11-01,Australia,0.005507621747788568,0.008877967983031353,-0.003370346235242785
2020-11-01,Canada,0.005111752064934609,0.007573070823394415,-0.002461318758459806
2020-11-01,Germany,0.021582704839321776,0.009147034624062366,0.01243567021525941
2020-11-01,Japan,0.026637739341677805,0.007059955435406572,0.019577783906271233
2020-11-01,Switzerland,0.0,0.005031632159068625,-0.005031632159068625
2020-11-01,U.K.,0.008373669554767845,0.008744042094132857,-0.00037037253936501174
2020-11-01,NASDAQ,0.0,0.0074971341667374155,-0.0074971341667374155
2020-11-01,U.S.,0.0,0.006352393786579363,-0.006352393786579363
2020-11-01,France,0.016069296404141797,0.011985385482810286,0.004083910921331511
2020-11-01,Netherlands,0.0,0.008121761184525738,-0.008121761184525738
2020-11-01,Sweden,0.0,0.009561295775907318,-0.009561295775907318
2020-11-01,Italy,0.03584765355506685,0.013452987995960666,0.02239466555910618
2020-11-01,ChinaA,0.004118206536240428,0.0017987457160325315,0.0023194608202078966
2020-11-01,Chile,0.0,0.0074534378801015665,-0.0074534378801015665
2020-11-01,Indonesia,0.0,0.007948817126253099,-0.007948817126253099
2020-11-01,Philippines,0.0,0.004489813769855389,-0.004489813769855389
2020-11-01,Poland,0.0,0.012599059463550272,-0.012599059463550272
2020-11-01,US SmallCap,0.003119516173985054,0.010652406315439903,-0.007532890141454849
2020-11-01,Malaysia,0.0015479589867075552,0.00404818022565415,-0.0025002212389465947
2020-11-01,Taiwan,0.011398644050999752,0.006340783796835164,0.005057860254164589
2020-11-01,Mexico,0.0,0.010905380500950296,-0.010905380500950296
2020-11-01,Korea,0.038474804752497246,0.011216884006847977,0.02725792074564927
2020-11-01,Brazil,0.0,0.011351701665248704,-0.011351701665248704
2020-11-01,South Africa,0.0,0.006178205397913307,-0.006178205397913307
2020-11-01,Denmark,0.0,0.006008547625160916,-0.006008547625160916
2020-11-01,India,0.0,0.005613115605700073,-0.005613115605700073
2020-11-01,ChinaH,0.002650869392244389,0.001642804195296872,0.001008065196947517
2020-11-01,Hong Kong,0.010330498917102745,0.006094389124890776,0.004236109792211969
2020-11-01,Thailand,0.0,0.011737719658951422,-0.011737719658951422
2020-11-01,Turkey,0.02805924425061987,0.01021773253816772,0.01784151171245215
2020-11-01,Spain,0.0,0.014411988255330872,-0.014411988255330872
2020-11-01,Vietnam,0.0,0.003182734904113826,-0.003182734904113826
2020-11-01,Saudi Arabia,0.0,0.00551246734384181,-0.00551246734384181
2020-12-01,Singapore,0.0021655146592116144,0.0016207220180013042,0.0005447926412103102
2020-12-01,Australia,0.0011132752884449805,0.0038351244202898924,-0.002721849131844912
2020-12-01,Canada,0.0015164994215100948,0.0022503145521663398,-0.000733815130656245
2020-12-01,Germany,0.008886412403384288,0.003771907438038914,0.005114504965345374
2020-12-01,Japan,0.010508632445328537,0.0025537786202207862,0.00795485382510775
2020-12-01,Switzerland,0.0,0.002899500544622826,-0.002899500544622826
2020-12-01,U.K.,0.0021661844585908713,0.0034378928150749486,-0.0012717083564840774
2020-12-01,NASDAQ,0.0,0.003957559169054291,-0.003957559169054291
2020-12-01,U.S.,0.0,0.002455223427339226,-0.002455223427339226
2020-12-01,France,0.001793657886650113,0.001771024237854024,2.2633648796089104e-05
2020-12-01,Netherlands,0.0,0.004179701082838063,-0.004179701082838063
2020-12-01,Sweden,0.0,0.0020770222085228604,-0.0020770222085228604
2020-12-01,Italy,0.005483250811732364,0.0023487568784800734,0.0031344939332522905
2020-12-01,ChinaA,0.004805332596724739,0.0018093202779972425,0.0029960123187274964
2020-12-01,Chile,0.0026466280062468917,0.00736122738633169,-0.004714599380084799
2020-12-01,Indonesia,0.0,0.003780170220341688,-0.003780170220341688
2020-12-01,Philippines,0.0,0.003322842333916856,-0.003322842333916856
2020-12-01,Poland,0.0,0.0048272776771353335,-0.0048272776771353335
2020-12-01,US SmallCap,0.0017342346096859789,0.005896952668749536,-0.004162718059063557
2020-12-01,Malaysia,0.001824963753750972,0.002468358210403494,-0.000643394456652522
2020-12-01,Taiwan,0.01009165573217437,0.00704400076899298,0.003047654963181389
2020-12-01,Mexico,0.0,0.0042573492244546325,-0.0042573492244546325
2020-12-01,Korea,0.04801592013756387,0.012667936267743173,0.035347983869820694
2020-12-01,Brazil,0.0,0.008247867547172213,-0.008247867547172213
2020-12-01,South Africa,0.0,0.006055637414431902,-0.006055637414431902
2020-12-01,Denmark,0.0,0.004683562108349043,-0.004683562108349043
2020-12-01,India,0.0,0.006584579252921563,-0.006584579252921563
2020-12-01,ChinaH,0.0033464948690485642,0.0017007009078584907,0.0016457939611900735
2020-12-01,Hong Kong,0.005224872688127493,0.0030883923159911062,0.0021364803721363864
2020-12-01,Thailand,0.0,0.001788873903614468,-0.001788873903614468
2020-12-01,Turkey,0.029589400111768353,0.01104739526004768,0.018542004851720674
2020-12-01,Spain,0.0,0.0018018182092058989,-0.0018018182092058989
2020-12-01,Vietnam,0.0,0.004815471944292512,-0.004815471944292512
2020-12-01,Saudi Arabia,0.0,-0.0002682568635355305,0.0002682568635355305
2021-01-01,Singapore,0.0006482625161135852,0.0004910193336548418,0.00015724318245874337
2021-01-01,Australia,0.0,-3.4975829184612e-05,3.4975829184612e-05
2021-01-01,Canada,-0.00025017879948241066,-0.0006663665277102847,0.00041618772822787404
2021-01-01,Germany,-0.0028571054469608286,-0.001215838037626764,-0.0016412674093340645
2021-01-01,Japan,-0.002725754147328985,-0.0006633112624265427,-0.0020624428849024424
2021-01-01,Switzerland,0.0,-0.0012804012343472797,0.0012804012343472797
2021-01-01,U.K.,-7.604733446103638e-05,-0.00012200298137360882,4.595564691257244e-05
2021-01-01,NASDAQ,0.0,0.001026565199023192,-0.001026565199023192
2021-01-01,U.S.,0.0,-0.0006712505750898765,0.0006712505750898765
2021-01-01,France,-0.002125079398779792,-0.002107642605504992,-1.743679327480003e-05
2021-01-01,Netherlands,0.0,0.0017024217873383794,-0.0017024217873383794
2021-01-01,Sweden,0.0,0.001538538221884657,-0.001538538221884657
2021-01-01,Italy,-0.005764957603199386,-0.002815903364388351,-0.0029490542388110347
2021-01-01,ChinaA,0.014640650310246887,0.004911674484023161,0.009728975826223726
2021-01-01,Chile,8.425917172154795e-06,2.3649791093849208e-05,-1.5223873921694413e-05
2021-01-01,Indonesia,0.0,-0.0019304364690801317,0.0019304364690801317
2021-01-01,Philippines,0.0,-0.005233181238514049,0.005233181238514049
2021-01-01,Poland,0.0,-0.0011958511318318381,0.0011958511318318381
2021-01-01,US SmallCap,0.0,0.003703360338652265,-0.003703360338652265
2021-01-01,Malaysia,-0.001877105095804049,-0.002549058394796581,0.0006719532989925322
2021-01-01,Taiwan,0.00704613898241226,0.004834364496075411,0.002211774486336849
2021-01-01,Mexico,0.0,-0.0029564219865889697,0.0029564219865889697
2021-01-01,Korea,0.0034276828451639085,0.0008355721908583685,0.00259211065430554
2021-01-01,Brazil,0.0,-0.005469705429017229,0.005469705429017229
2021-01-01,South Africa,0.0,0.0011064701146493473,-0.0011064701146493473
2021-01-01,Denmark,0.0,-0.002643322987398691,0.002643322987398691
2021-01-01,India,0.0,-0.0015948317570481552,0.0015948317570481552
2021-01-01,ChinaH,0.010973320730906077,0.004803519593309187,0.0061698011375968895
2021-01-01,Hong Kong,0.002545657271620442,0.001278486644281829,0.001267170627338613
2021-01-01,Thailand,0.0,9.016058156662254e-05,-9.016058156662254e-05
2021-01-01,Turkey,-0.0052796618921161775,-0.0022041351588352243,-0.003075526733280953
2021-01-01,Spain,-0.0008683141486291468,-0.0029569794006951223,0.0020886652520659757
2021-01-01,Vietnam,0.0,-0.0023154379535030587,0.0023154379535030587
2021-01-01,Saudi Arabia,0.0,0.00011100027422001136,-0.00011100027422001136
2021-02-01,Singapore,0.0017757503659843648,0.0016834030329604553,9.234733302390945e-05
2021-02-01,Australia,0.0,0.002031656456570627,-0.002031656456570627
2021-02-01,Canada,0.0013481873754179247,0.0036079539798402646,-0.00225976660442234
2021-02-01,Germany,0.0031703926120933063,0.001197185897007233,0.0019732067150860736
2021-02-01,Japan,0.003975442633094592,0.0009645875606859779,0.0030108550724086145
2021-02-01,Switzerland,0.0,-0.001422713842799363,0.001422713842799363
2021-02-01,U.K.,0.0009864258796553702,0.002711671872676907,-0.0017252459930215368
2021-02-01,NASDAQ,0.0,0.0007158750887993078,-0.0007158750887993078
2021-02-01,U.S.,0.0,0.0017943161416006906,-0.0017943161416006906
2021-02-01,France,0.002375879755189822,0.0032292341806028154,-0.0008533544254129932
2021-02-01,Netherlands,0.0,0.0026347079979976936,-0.0026347079979976936
2021-02-01,Sweden,0.0,0.001903556205387951,-0.001903556205387951
2021-02-01,Italy,0.006522861361976162,0.0036801812453398533,0.002842680116636309
2021-02-01,ChinaA,-0.00242540912903657,-0.0007310092460255746,-0.0016943998830109953
2021-02-01,Chile,0.003463584300375508,0.005371145937840624,-0.0019075616374651157
2021-02-01,Indonesia,0.0,0.00041722727971255693,-0.00041722727971255693
2021-02-01,Philippines,0.0,0.0009911353668168488,-0.0009911353668168488
2021-02-01,Poland,0.0,-0.0017577716071753176,0.0017577716071753176
2021-02-01,US SmallCap,0.0,0.0047688538946414226,-0.0047688538946414226
2021-02-01,Malaysia,3.7625004468294055e-05,5.141997613222316e-05,-1.3794971663929103e-05
2021-02-01,Taiwan,0.004111015928609909,0.003550659761301288,0.0005603561673086207
2021-02-01,Mexico,0.0,0.0002870890144448891,-0.0002870890144448891
2021-02-01,Korea,-0.001349836466627912,-0.00032786545358275213,-0.0010219710130451598
2021-02-01,Brazil,0.0,-0.004154086389092808,0.004154086389092808
2021-02-01,South Africa,0.0,0.0026720792317515858,-0.0026720792317515858
2021-02-01,Denmark,0.0,-0.000161694560973274,0.000161694560973274
2021-02-01,India,0.0,0.003185833044101684,-0.003185833044101684
2021-02-01,ChinaH,-0.0017231104934944395,-0.0006606163593859204,-0.0010624941341085192
2021-02-01,Hong Kong,0.00704794916524519,0.003074798632805517,0.003973150532439674
2021-02-01,Thailand,0.0,0.0009127824251030242,-0.0009127824251030242
2021-02-01,Turkey,-0.003546614762316252,-0.0015057661536290346,-0.0020408486086872174
2021-02-01,Spain,0.0009708054657121211,0.003348774230991104,-0.002377968765278983
2021-02-01,Vietnam,0.0,0.005271042818404773,-0.005271042818404773
2021-02-01,Saudi Arabia,0.0,0.003656450346867249,-0.003656450346867249
2021-03-01,Singapore,0.002460020255546415,0.0035067231615614463,-0.0010467029060150313
2021-03-01,Australia,0.0,0.0009054335324097514,-0.0009054335324097514
2021-03-01,Canada,0.0012706473465419618,0.0034121298712453943,-0.0021414825247034327
2021-03-01,Germany,0.008237359004148629,0.0027141814767589023,0.005523177527389726
2021-03-01,Japan,0.0009443254147863266,0.00022984832560558877,0.0007144770891807378
2021-03-01,Switzerland,0.0,0.001164429817819641,-0.001164429817819641
2021-03-01,U.K.,0.0,0.002505866973696538,-0.002505866973696538
2021-03-01,NASDAQ,0.0,0.0003329495991760532,-0.0003329495991760532
2021-03-01,U.S.,0.0,0.0029132213487270257,-0.0029132213487270257
2021-03-01,France,0.0006339528570190231,0.001747442149592385,-0.0011134892925733619
2021-03-01,Netherlands,0.0,0.0032419702275530843,-0.0032419702275530843
2021-03-01,Sweden,0.0,0.0039473386400095175,-0.0039473386400095175
2021-03-01,Italy,0.004597872504262333,0.0032604773976630734,0.0013373951065992593
2021-03-01,ChinaA,-0.016120212670421147,-0.004319773664713453,-0.011800439005707694
2021-03-01,Chile,0.00610814500552713,0.006111043874754096,-2.898869226965889e-06
2021-03-01,Indonesia,0.0,-0.003808532960726828,0.003808532960726828
2021-03-01,Philippines,0.0,-0.002656765530184535,0.002656765530184535
2021-03-01,Poland,0.0,-0.001896418281642767,0.001896418281642767
2021-03-01,US SmallCap,0.0,0.0008004166755999192,-0.0008004166755999192
2021-03-01,Malaysia,-0.0008313414234391635,-0.001149311155624653,0.0003179697321854895
2021-03-01,Taiwan,-0.0005676002158902932,-0.00047831902104839886,-8.928119484189433e-05
2021-03-01,Mexico,0.0,0.005782447439990479,-0.005782447439990479
2021-03-01,Korea,0.0035207558736734153,0.0008581411037831535,0.0026626147698902616
2021-03-01,Brazil,0.0,0.002731190685313327,-0.002731190685313327
2021-03-01,South Africa,0.0,0.004642649297781087,-0.004642649297781087
2021-03-01,Denmark,0.0,0.0003027851424140427,-0.0003027851424140427
2021-03-01,India,0.0,0.0020255771491957345,-0.0020255771491957345
2021-03-01,ChinaH,-0.012404581471215722,-0.004117262469063192,-0.00828731900215253
2021-03-01,Hong Kong,0.0007819933685540376,0.00029412106785759855,0.00048787230069643903
2021-03-01,Thailand,0.0,0.0018285715391288468,-0.0018285715391288468
2021-03-01,Turkey,-0.019610110642510614,-0.009888423504156143,-0.009721687138354472
2021-03-01,Spain,9.456846855846897e-05,0.0003307113082364281,-0.00023614283967795914
2021-03-01,Vietnam,0.0,8.720461538371895e-05,-8.720461538371895e-05
2021-03-01,Saudi Arabia,0.0,0.0065696560302653945,-0.0065696560302653945
2021-04-01,Singapore,0.0008448701064551265,0.0023024247001121323,-0.0014575545936570057
2021-04-01,Australia,0.0012141105161569284,0.0033656420643416057,-0.0021515315481846773
2021-04-01,Canada,0.0011392831533613293,0.003181108150128427,-0.0020418249967670975
2021-04-01,Germany,0.006389747315601604,0.0018730416588243872,0.004516705656777217
2021-04-01,Japan,-0.0038101069432003804,-0.0010217711168643356,-0.002788335826336045
2021-04-01,Switzerland,0.0,0.002258105907393955,-0.002258105907393955
2021-04-01,U.K.,0.0,0.0033995101151166815,-0.0033995101151166815
2021-04-01,NASDAQ,0.0,0.0037770289540458354,-0.0037770289540458354
2021-04-01,U.S.,0.0,0.003698582331549542,-0.003698582331549542
2021-04-01,France,0.0015221395288827963,0.0042071998406999905,-0.002685060311817194
2021-04-01,Netherlands,0.0,0.003712157979937901,-0.003712157979937901
2021-04-01,Sweden,0.0,0.00257611639242493,-0.00257611639242493
2021-04-01,Italy,0.00020559047226944275,0.000194009466666889,1.158100560255375e-05
2021-04-01,ChinaA,0.003552069221410333,0.0008663190032042006,0.002685750218206132
2021-04-01,Chile,-0.009483388845086392,-0.007106395236464503,-0.002376993608621889
2021-04-01,Indonesia,0.0,0.00020535754906503615,-0.00020535754906503615
2021-04-01,Philippines,0.0,-0.00020768483904449553,0.00020768483904449553
2021-04-01,Poland,0.0,0.005766737979344297,-0.005766737979344297
2021-04-01,US SmallCap,0.0005371097859286694,0.0016611416261388908,-0.0011240318402102214
2021-04-01,Malaysia,0.001553180993998913,0.0021934963136244576,-0.0006403153196255446
2021-04-01,Taiwan,0.004722255089879869,0.0059048397211718395,-0.0011825846312919705
2021-04-01,Mexico,0.0,0.0021518484419159887,-0.0021518484419159887
2021-04-01,Korea,0.007132435413016338,0.0017387421488963787,0.005393693264119959
2021-04-01,Brazil,0.0,0.004295932835501455,-0.004295932835501455
2021-04-01,South Africa,0.0,2.9896128797027842e-05,-2.9896128797027842e-05
2021-04-01,Denmark,0.0,0.004528285323573796,-0.004528285323573796
2021-04-01,India,0.0,-0.0005511040371523949,0.0005511040371523949
2021-04-01,ChinaH,0.002140742190085005,0.0007160106764296682,0.0014247315136553368
2021-04-01,Hong Kong,0.005672013616296548,0.0021526048427904423,0.0035194087735061054
2021-04-01,Thailand,0.0,-0.0007342783667005255,0.0007342783667005255
2021-04-01,Turkey,0.0013651652615779145,0.0008480636763932735,0.000517101585184641
2021-04-01,Spain,0.0010243048485101196,0.0036156727357517246,-0.002591367887241605
2021-04-01,Vietnam,0.0,0.005660215982759897,-0.005660215982759897
2021-04-01,Saudi Arabia,0.0,0.004480726343195447,-0.004480726343195447
2021-05-01,Singapore,-2.7533092783277598e-05,-7.54671667920894e-05,4.793407400881181e-05
2021-05-01,Australia,0.000960581140296885,0.002646528917965377,-0.0016859477776684918
2021-05-01,Canada,0.0014656374975985903,0.00408205108780382,-0.00261641359020523
2021-05-01,Germany,0.006351093715563226,0.0016939402206689958,0.0046571534948942304
2021-05-01,Japan,0.0033152346704429844,0.0009862501641542394,0.002328984506288745
2021-05-01,Switzerland,0.0,0.0032065874926219544,-0.0032065874926219544
2021-05-01,U.K.,0.0,0.0033537866520923745,-0.0033537866520923745
2021-05-01,NASDAQ,0.0,-0.0010479694549680087,0.0010479694549680087
2021-05-01,U.S.,0.0,0.0005094586890364365,-0.0005094586890364365
2021-05-01,France,0.001070447099832937,0.002948653222822107,-0.00187820612298917
2021-05-01,Netherlands,0.0,0.0015415228356656205,-0.0015415228356656205
2021-05-01,Sweden,0.0,0.0029093078344877565,-0.0029093078344877565
2021-05-01,Italy,0.004490923440170784,0.004342452504215382,0.0001484709359554021
2021-05-01,ChinaA,0.001427046658826352,0.0003830645951189102,0.0010439820637074418
2021-05-01,Chile,-0.003532099245471946,-0.002135484226639974,-0.001396615018831972
2021-05-01,Indonesia,0.0,0.0008381694628687768,-0.0008381694628687768
2021-05-01,Philippines,0.0,0.003671702085808626,-0.003671702085808626
2021-05-01,Poland,0.0,0.009307487684332738,-0.009307487684332738
2021-05-01,US SmallCap,0.00010233291809137263,0.00016378444504880672,-6.145152695743409e-05
2021-05-01,Malaysia,-0.0009137237369694391,-0.0013119846380585994,0.0003982609010891603
2021-05-01,Taiwan,-0.0007915222909223789,-0.0009732075563067893,0.00018168526538441042
2021-05-01,Mexico,0.0,0.006257633865515861,-0.006257633865515861
2021-05-01,Korea,0.0032523993281688307,0.000796217783345554,0.0024561815448232768
2021-05-01,Brazil,0.0,0.006809188692721157,-0.006809188692721157
2021-05-01,South Africa,0.0015955114246971594,0.0051222960021158285,-0.003526784577418669
2021-05-01,Denmark,0.0,0.0028088762057190534,-0.0028088762057190534
2021-05-01,India,0.0,0.006389520632580496,-0.006389520632580496
2021-05-01,ChinaH,0.0006065580146711357,0.00023142445275631758,0.0003751335619148181
2021-05-01,Hong Kong,0.002182649183536064,0.0009480224047002535,0.0012346267788358105
2021-05-01,Thailand,0.0,-0.0002033601181489723,0.0002033601181489723
2021-05-01,Turkey,0.001177542991165901,0.0009277988660910004,0.0002497441250749006
2021-05-01,Spain,0.00249000125116456,0.004111296766294523,-0.001621295515129963
2021-05-01,Vietnam,0.0,0.0024493006147112903,-0.0024493006147112903
2021-05-01,Saudi Arabia,0.0,-3.270129150438776e-05,3.270129150438776e-05
2021-06-01,Singapore,-0.001263240010258577,-0.001953153850526053,0.0006899138402674757
2021-06-01,Australia,-0.00039574747745622056,-0.0010839601116875573,0.0006882126342313368
2021-06-01,Canada,7.297427935543373e-07,2.022289804552291e-06,-1.2925470109979534e-06
2021-06-01,Germany,-0.004475652237569983,-0.001299042781560416,-0.003176609456009567
2021-06-01,Japan,-0.0008004696475093608,-0.00026327158461022273,-0.0005371980628991382
2021-06-01,Switzerland,0.0,0.0014170254081613829,-0.0014170254081613829
2021-06-01,U.K.,0.0,-0.001652388513785775,0.001652388513785775
2021-06-01,NASDAQ,0.0,0.003970317576815701,-0.003970317576815701
2021-06-01,U.S.,0.0,0.0017176652781530932,-0.0017176652781530932
2021-06-01,France,-0.0010249758037483773,-0.0016103089791253446,0.0005853331753769672
2021-06-01,Netherlands,0.0,-0.00026748774228720524,0.00026748774228720524
2021-06-01,Sweden,0.0,-0.0018478747950409016,0.0018478747950409016
2021-06-01,Italy,-0.003234067412755658,-0.002463705069878231,-0.0007703623428774271
2021-06-01,ChinaA,-0.000663143113313173,-0.00019538069859926407,-0.000467762414713909
2021-06-01,Chile,-0.002494723837392746,-0.0012829222391111434,-0.0012118015982816028
2021-06-01,Indonesia,0.0,-0.004288106903108493,0.004288106903108493
2021-06-01,Philippines,0.0,0.0012615635444866114,-0.0012615635444866114
2021-06-01,Poland,0.0,-0.0036867589841652736,0.0036867589841652736
2021-06-01,US SmallCap,0.0009643842944641904,0.001524734016479967,-0.0005603497220157765
2021-06-01,Malaysia,-0.0016816128223646042,-0.002472132541666731,0.0007905197193021269
2021-06-01,Taiwan,0.0002741532679914129,0.00032997332171606807,-5.5820053724655195e-05
2021-06-01,Mexico,0.0,-0.0014971918810018391,0.0014971918810018391
2021-06-01,Korea,0.0028017588018352845,0.0006855876635528545,0.00211617113828243
2021-06-01,Brazil,0.0,0.004115098215177079,-0.004115098215177079
2021-06-01,South Africa,-0.003645440088822601,-0.006301608964485886,0.0026561688756632854
2021-06-01,Denmark,0.0,0.0012383007562976013,-0.0012383007562976013
2021-06-01,India,0.0,-0.0006660582013404312,0.0006660582013404312
2021-06-01,ChinaH,-0.00011548048288114089,-5.033611227548764e-05,-6.514437060565325e-05
2021-06-01,Hong Kong,-0.0030776729694095093,-0.0013462218736461165,-0.0017314510957633928
2021-06-01,Thailand,0.0,-0.002370188592983923,0.002370188592983923
2021-06-01,Turkey,-0.0023136116982403476,-0.002342504726697689,2.8893028457341405e-05
2021-06-01,Spain,-0.0025553754803866718,-0.004217820196926021,0.0016624447165393495
2021-06-01,Vietnam,0.0,0.0036526517805281,-0.0036526517805281
2021-06-01,Saudi Arabia,0.0,0.00290772035712957,-0.00290772035712957
2021-07-01,Singapore,0.0010551911574229317,0.001045226103272049,9.965054150882797e-06
2021-07-01,Australia,-0.00034664797006105677,-0.0009462274104443109,0.0005995794403832542
2021-07-01,Canada,-2.203450205068342e-05,-6.0654260228641504e-05,3.861975817795808e-05
2021-07-01,Germany,1.6472314584848525e-05,5.368930877014015e-06,1.110338370783451e-05
2021-07-01,Japan,-0.0023335908968019816,-0.0008787135421930811,-0.0014548773546089007
2021-07-01,Switzerland,0.0,0.002431656819512863,-0.002431656819512863
2021-07-01,U.K.,0.0,0.000839364257332671,-0.000839364257332671
2021-07-01,NASDAQ,0.0,0.0008928676980872257,-0.0008928676980872257
2021-07-01,U.S.,0.0,0.0017830335507523104,-0.0017830335507523104
2021-07-01,France,0.0007882776677501584,0.0012363389163351259,-0.0004480612485849674
2021-07-01,Netherlands,0.0,0.0035091418745302957,-0.0035091418745302957
2021-07-01,Sweden,0.0,0.003634726843766912,-0.003634726843766912
2021-07-01,Italy,0.0006071729152310726,0.0003635411716950289,0.00024363174353604367
2021-07-01,ChinaA,-0.028310945779678225,-0.009458402982684808,-0.018852542796993416
2021-07-01,Chile,-0.007769624871326174,-0.004025992771978311,-0.0037436320993478626
2021-07-01,Indonesia,0.0,-0.0009333331084962979,0.0009333331084962979
2021-07-01,Philippines,0.0,-0.008028227891816935,0.008028227891816935
2021-07-01,Poland,0.0004200105603676025,0.001184920397999729,-0.0007649098376321265
2021-07-01,US SmallCap,-0.001832317082321597,-0.0028513430525968467,0.0010190259702752497
2021-07-01,Malaysia,-0.0016989988636800157,-0.0025601249498408054,0.0008611260861607897
2021-07-01,Taiwan,-0.0009268953211915979,-0.0022302014964924516,0.0013033061753008536
2021-07-01,Mexico,0.0006133091844533946,0.0018378976351819541,-0.0012245884507285595
2021-07-01,Korea,-0.01703944733862271,-0.004181568287661539,-0.01285787905096117
2021-07-01,Brazil,0.0,-0.0049324022237410715,0.0049324022237410715
2021-07-01,South Africa,-0.0008666992210323029,-0.0009203210761180901,5.362185508578723e-05
2021-07-01,Denmark,0.0,0.003591898347310445,-0.003591898347310445
2021-07-01,India,0.0,0.0008112332779025761,-0.0008112332779025761
2021-07-01,ChinaH,-0.017899705904089465,-0.009410205497785424,-0.008489500406304041
2021-07-01,Hong Kong,-0.0047359145692218016,-0.002081130011125749,-0.0026547845580960528
2021-07-01,Thailand,0.0,-0.004804857661659263,0.004804857661659263
2021-07-01,Turkey,0.002907966343299573,0.004335587156863203,-0.0014276208135636302
2021-07-01,Spain,-0.0012586647575024835,-0.0013037885993679654,4.5123841865481835e-05
2021-07-01,Vietnam,0.0,-0.005251305780065586,0.005251305780065586
2021-07-01,Saudi Arabia,0.0,0.00047913738479513063,-0.00047913738479513063
2021-08-01,Singapore,-0.0011323267968919087,-0.0008367528114747203,-0.0002955739854171884
2021-08-01,Australia,0.000498756016937583,0.0013560981088148595,-0.0008573420918772765
2021-08-01,Canada,6.759718628964706e-05,0.00018488009578321454,-0.00011728290949356747
2021-08-01,Germany,0.002599359124245804,0.0009592307824399713,0.0016401283418058328
2021-08-01,Japan,0.004728222244037821,0.002073194500111051,0.00265502774392677
2021-08-01,Switzerland,0.0,0.0009146278900015498,-0.0009146278900015498
2021-08-01,U.K.,0.0005753107080563265,0.0017516886309176395,-0.0011763779228613131
2021-08-01,NASDAQ,0.0,0.0030875131395224804,-0.0030875131395224804
2021-08-01,U.S.,0.0,0.0023241735776799526,-0.0023241735776799526
2021-08-01,France,0.00013415881741508717,0.0004892011732086619,-0.00035504235579357474
2021-08-01,Netherlands,0.0,0.005334522107611904,-0.005334522107611904
2021-08-01,Sweden,0.0,-0.0009416017257720227,0.0009416017257720227
2021-08-01,Italy,0.001604736551499281,0.000971160175958352,0.0006335763755409289
2021-08-01,ChinaA,-8.34881885510828e-05,-3.235753257397519e-05,-5.113065597710761e-05
2021-08-01,Chile,0.0059246846498882955,0.0031202352025311206,0.002804449447357175
2021-08-01,Indonesia,0.0,0.005190248578232538,-0.005190248578232538
2021-08-01,Philippines,0.0,0.0073202658536563915,-0.0073202658536563915
2021-08-01,Poland,0.001492415188388203,0.004229464109722728,-0.002737048921334525
2021-08-01,US SmallCap,0.0010929725088002652,0.0016746043319842304,-0.0005816318231839652
2021-08-01,Malaysia,0.0034150313489190553,0.005295894833424464,-0.0018808634845054084
2021-08-01,Taiwan,0.0012255722160131378,0.002924389549071648,-0.00169881733305851
2021-08-01,Mexico,0.0029121669341523387,0.004457788503741339,-0.0015456215695890006
2021-08-01,Korea,-0.003951659819421429,-0.0009731261863029505,-0.0029785336331184784
2021-08-01,Brazil,0.0,-0.0017085839763120397,0.0017085839763120397
2021-08-01,South Africa,0.0002456854800195902,0.0002604537726230385,-1.4768292603448325e-05
2021-08-01,Denmark,0.0,0.002740883840881599,-0.002740883840881599
2021-08-01,India,0.0,0.008334005281711366,-0.008334005281711366
2021-08-01,ChinaH,-2.765664482664298e-05,-1.490713314233754e-05,-1.274951168430544e-05
2021-08-01,Hong Kong,-0.0012223309361764478,-0.0004647333747090439,-0.0007575975614674039
2021-08-01,Thailand,0.0,0.007512387040620804,-0.007512387040620804
2021-08-01,Turkey,0.0022425625959094347,0.00632698322673629,-0.004084420630826855
2021-08-01,Spain,0.0015024972362569827,0.0011437256257281062,0.0003587716105288765
2021-08-01,Vietnam,0.0,0.0008273514026968477,-0.0008273514026968477
2021-08-01,Saudi Arabia,0.0,0.0037558220763884015,-0.0037558220763884015
2021-09-01,Singapore,-0.00036154868091386186,-0.00021094097135402395,-0.00015060770955983792
2021-09-01,Australia,-0.000807056502438535,-0.002194623774986893,0.001387567272548358
2021-09-01,Canada,-0.0007241854019477771,-0.001977117996109491,0.0012529325941617138
2021-09-01,Germany,-0.009624826254534551,-0.004111789145116166,-0.005513037109418385
2021-09-01,Japan,0.002782725738675567,0.0014630875376190678,0.0013196382010564993
2021-09-01,Switzerland,0.0,-0.005788419794716371,0.005788419794716371
2021-09-01,U.K.,-0.0003891157187725217,-0.0011804490469995337,0.0007913333282270119
2021-09-01,NASDAQ,0.0,-0.0041328707143293425,0.0041328707143293425
2021-09-01,U.S.,0.0,-0.0036584802431479475,0.0036584802431479475
2021-09-01,France,-0.000867637377406735,-0.0031570878444850117,0.002289450467078277
2021-09-01,Netherlands,0.0,-0.006277305947897652,0.006277305947897652
2021-09-01,Sweden,0.0,-0.004267523559214607,0.004267523559214607
2021-09-01,Italy,-0.004798006178513607,-0.0023962064212779094,-0.002401799757235698
2021-09-01,ChinaA,-0.0067773262853668866,-0.0031222392369739177,-0.003655087048392969
2021-09-01,Chile,-0.00832393373832336,-0.004400122290155664,-0.003923811448167696
2021-09-01,Indonesia,0.0,0.0021810163031193842,-0.0021810163031193842
2021-09-01,Philippines,0.0,-0.0016407565270476964,0.0016407565270476964
2021-09-01,Poland,-0.0015080504710068248,-0.004289353970180519,0.0027813034991736943
2021-09-01,US SmallCap,-0.0014746252953132205,-0.002232570954560776,0.0007579456592475555
2021-09-01,Malaysia,-0.000791046627047575,-0.0025796364989034266,0.0017885898718558516
2021-09-01,Taiwan,0.0,-0.0033536297002022364,0.0033536297002022364
2021-09-01,Mexico,-0.004866811473556395,-0.004938114867600131,7.1303394043736e-05
2021-09-01,Korea,-0.019144849109610524,-0.0047467208317452745,-0.01439812827786525
2021-09-01,Brazil,-0.00342146936001327,-0.009681830809889715,0.006260361449876445
2021-09-01,South Africa,-0.0045154247652335975,-0.0034463261698970543,-0.0010690985953365432
2021-09-01,Denmark,0.0,-0.004446937531185132,0.004446937531185132
2021-09-01,India,0.0,0.0004666922462698766,-0.0004666922462698766
2021-09-01,ChinaH,-0.005554972685217756,-0.0030824464140565932,-0.0024725262711611626
2021-09-01,Hong Kong,-0.011150635427499491,-0.004276948691601956,-0.006873686735897535
2021-09-01,Thailand,0.0,-0.004768276450886301,0.004768276450886301
2021-09-01,Turkey,0.0,-0.00947267523826605,0.00947267523826605
2021-09-01,Spain,-0.0037158724951516123,-0.0022211222387629177,-0.0014947502563886945
2021-09-01,Vietnam,0.0,0.0006311060217888779,-0.0006311060217888779
2021-09-01,Saudi Arabia,0.0,0.002206587974385716,-0.002206587974385716
2021-10-01,Singapore,0.005258302701233258,0.003061894996604415,0.002196407704628843
2021-10-01,Australia,0.0010876500248640493,0.002945011960299207,-0.0018573619354351576
2021-10-01,Canada,0.002105588510142381,0.0057205425780179255,-0.0036149540678755447
2021-10-01,Germany,0.00301469453647393,0.0015057760610826653,0.0015089184753912647
2021-10-01,Japan,-0.0038578353772730487,-0.002453263044259254,-0.0014045723330137947
2021-10-01,Switzerland,0.0,0.004443504214661766,-0.004443504214661766
2021-10-01,U.K.,0.0019465915832124524,0.003129061622315092,-0.0011824700391026397
2021-10-01,NASDAQ,0.0,0.005410206055596132,-0.005410206055596132
2021-10-01,U.S.,0.0,0.005242948841559349,-0.005242948841559349
2021-10-01,France,0.0008952733783682672,0.00324554150282276,-0.002350268124454493
2021-10-01,Netherlands,0.0,0.0049026708328781966,-0.0049026708328781966
2021-10-01,Sweden,0.0,0.0036688766031046384,-0.0036688766031046384
2021-10-01,Italy,0.00691353591353367,0.0035289262949044008,0.003384609618629269
2021-10-01,ChinaA,0.0033606579442665794,0.00185838193967169,0.0015022760045948894
2021-10-01,Chile,-0.007602421926684857,-0.004037676440265354,-0.003564745486419503
2021-10-01,Indonesia,0.0,0.005696495651124489,-0.005696495651124489
2021-10-01,Philippines,0.0,0.0022807701979141027,-0.0022807701979141027
2021-10-01,Poland,0.0021001031224169592,0.00327686877019641,-0.001176765647779451
2021-10-01,US SmallCap,0.0020644250912012097,0.0030835912608859263,-0.0010191661696847165
2021-10-01,Malaysia,0.0005183688802530292,0.001721343350840438,-0.0012029744705874088
2021-10-01,Taiwan,0.0,0.0004643734125506907,-0.0004643734125506907
2021-10-01,Mexico,-0.00016745444793942038,-0.00012990435122302307,-3.7550096716397306e-05
2021-10-01,Korea,-0.007283002188049393,-0.0018241489145609498,-0.005458853273488443
2021-10-01,Brazil,-0.004056780002814356,-0.005874643776111812,0.0018178637732974559
2021-10-01,South Africa,-0.00022561109677336029,-0.00017213189077876356,-5.347920599459673e-05
2021-10-01,Denmark,0.0,0.0050757711453437455,-0.0050757711453437455
2021-10-01,India,0.0,-0.000716963654336217,0.000716963654336217
2021-10-01,ChinaH,0.002554803160906953,0.001760493050376701,0.0007943101105302522
2021-10-01,Hong Kong,0.0019946572789869017,0.0008871965993062665,0.0011074606796806351
2021-10-01,Thailand,0.0,0.0013358973980036452,-0.0013358973980036452
2021-10-01,Turkey,0.0,0.00047318623364358994,-0.00047318623364358994
2021-10-01,Spain,0.005048661526458151,0.0025377042451303735,0.0025109572813277773
2021-10-01,Vietnam,0.0,0.004547902457013484,-0.004547902457013484
2021-10-01,Saudi Arabia,0.0,0.0018938081929345714,-0.0018938081929345714
2021-11-01,Singapore,-0.008951600315130447,-0.005386779824041188,-0.0035648204910892585
2021-11-01,Australia,-0.0016854244792676547,-0.004547580076006772,0.0028621555967391172
2021-11-01,Canada,-0.0014370586248721863,-0.0038677832095853426,0.0024307245847131564
2021-11-01,Germany,-0.007656472541375537,-0.004664518256415637,-0.0029919542849599
2021-11-01,Japan,-0.002181124719890541,-0.001769788990129311,-0.00041133572976122983
2021-11-01,Switzerland,0.0,-0.0011096809336822416,0.0011096809336822416
2021-11-01,U.K.,-0.003540080068426121,-0.0038554883262114604,0.0003154082577853396
2021-11-01,NASDAQ,0.0,0.0002707743022027445,-0.0002707743022027445
2021-11-01,U.S.,0.0,-0.0005534903295446983,0.0005534903295446983
2021-11-01,France,-0.0009028396248302227,-0.0032489665276863988,0.002346126902856176
2021-11-01,Netherlands,0.0,-0.004780748002927634,0.004780748002927634
2021-11-01,Sweden,0.0,-0.004568890186831035,0.004568890186831035
2021-11-01,Italy,-0.011580239546292271,-0.00508507813471793,-0.006495161411574341
2021-11-01,ChinaA,-0.0055723972312682075,-0.003780814548916208,-0.0017915826823519995
2021-11-01,Chile,0.007147038479667977,0.0038512559660130196,0.0032957825136549572
2021-11-01,Indonesia,0.0,-0.0019232743591539691,0.0019232743591539691
2021-11-01,Philippines,0.0,0.0020714196037338274,-0.0020714196037338274
2021-11-01,Poland,-0.0081064210349836,-0.008621939942977623,0.0005155189079940233
2021-11-01,US SmallCap,-0.002118847597640714,-0.0031316166943888123,0.0010127690967480984
2021-11-01,Malaysia,-0.0009886559203647082,-0.003341744013331617,0.0023530880929669086
2021-11-01,Taiwan,0.0,0.0016028700233545977,-0.0016028700233545977
2021-11-01,Mexico,-0.007022789302980177,-0.0043896095628383446,-0.0026331797401418326
2021-11-01,Korea,-0.009501979174829497,-0.0024108623661312422,-0.007091116808698255
2021-11-01,Brazil,-0.0005877559772864096,-0.0008640885618946044,0.00027633258460819476
2021-11-01,South Africa,-0.0031955762988905463,-0.002448523355173606,-0.0007470529437169403
2021-11-01,Denmark,0.0,-0.004847100303167067,0.004847100303167067
2021-11-01,India,0.0,-0.0023358258390814924,0.0023358258390814924
2021-11-01,ChinaH,-0.004206634442246935,-0.003728453575066961,-0.000478180867179974
2021-11-01,Hong Kong,-0.006839572583354079,-0.00362571884594819,-0.003213853737405889
2021-11-01,Thailand,0.0,-0.0038950677024073618,0.0038950677024073618
2021-11-01,Turkey,0.0,-0.010244436041445613,0.010244436041445613
2021-11-01,Spain,-0.01806276248347797,-0.007816485708910498,-0.010246276774567471
2021-11-01,Vietnam,0.0,-0.0011750594124955848,0.0011750594124955848
2021-11-01,Saudi Arabia,0.0,-0.0064138795724443245,0.0064138795724443245
2021-12-01,Singapore,3.457225440907197e-05,1.7729668408460036e-05,1.6842586000611933e-05
2021-12-01,Australia,0.001322792154546458,0.003564181268939143,-0.0022413891143926853
2021-12-01,Canada,0.0013466855365051815,0.0035906973454716824,-0.002244011808966501
2021-12-01,Germany,0.006119972921251755,0.0037461590586396545,0.0023738138626121005
2021-12-01,Japan,0.0011371173995706444,0.0012448549054318307,-0.00010773750586118638
2021-12-01,Switzerland,0.0,0.0057960472397657675,-0.0057960472397657675
2021-12-01,U.K.,0.006660084699526534,0.00554874189565502,0.001111342803871514
2021-12-01,NASDAQ,0.0,0.0005877687786479252,-0.0005877687786479252
2021-12-01,U.S.,0.0,0.0035013320796691296,-0.0035013320796691296
2021-12-01,France,0.0014138708677717804,0.005078925526693594,-0.0036650546589218134
2021-12-01,Netherlands,0.0,0.002225218594466423,-0.002225218594466423
2021-12-01,Sweden,0.0,0.004925617086283293,-0.004925617086283293
2021-12-01,Italy,0.013185557595421135,0.005145181245059956,0.00804037635036118
2021-12-01,ChinaA,-0.0022148354523456423,-0.0019214794042481554,-0.00029335604809748697
2021-12-01,Chile,-0.00859793977282036,-0.0056858608704669815,-0.002912078902353379
2021-12-01,Indonesia,0.0,0.0009549764247385017,-0.0009549764247385017
2021-12-01,Philippines,0.0,-0.001765432061545729,0.001765432061545729
2021-12-01,Poland,0.004150077087068448,0.00336936357320354,0.0007807135138649082
2021-12-01,US SmallCap,0.0010824495330592982,0.0015875405925294313,-0.0005050910594701331
2021-12-01,Malaysia,0.0,0.003001714742099112,-0.003001714742099112
2021-12-01,Taiwan,0.0,0.0038692456058655794,-0.0038692456058655794
2021-12-01,Mexico,0.014952726395868143,0.009312635210068278,0.005640091185799865
2021-12-01,Korea,0.015281518080484965,0.003926454440200636,0.01135506364028433
2021-12-01,Brazil,0.001834421605357667,0.002742327741684593,-0.0009079061363269263
2021-12-01,South Africa,0.0035970133297463644,0.0027575891367564217,0.0008394241929899427
2021-12-01,Denmark,0.0,0.004053862086916944,-0.004053862086916944
2021-12-01,India,0.0,0.002730768654724167,-0.002730768654724167
2021-12-01,ChinaH,-0.001587507915762422,-0.0019473764932938624,0.00035986857753144037
2021-12-01,Hong Kong,0.0005342639486775061,0.00034620017699975926,0.00018806377167774685
2021-12-01,Thailand,0.0,0.004511528965231998,-0.004511528965231998
2021-12-01,Turkey,0.0,0.0026761010555156044,-0.0026761010555156044
2021-12-01,Spain,0.010833053808427005,0.004171116404185373,0.006661937404241631
2021-12-01,Vietnam,0.0,0.0004441328777025674,-0.0004441328777025674
2021-12-01,Saudi Arabia,0.0010373219222223932,0.00392345247346684,-0.0028861305512444474
2022-01-01,Singapore,-0.001616247547632797,-0.0007332140111462961,-0.000883033536486501
2022-01-01,Australia,-0.0023662771680185725,-0.0063598412751139305,0.003993564107095358
2022-01-01,Canada,-0.0003891801257726893,-0.0006374085248238847,0.0002482283990511954
2022-01-01,Germany,-0.003531946851293261,-0.0026255094785950094,-0.0009064373726982516
2022-01-01,Japan,-0.0023022680654005896,-0.0036211725405502003,0.0013189044751496107
2022-01-01,Switzerland,0.0,-0.006233247999232952,0.006233247999232952
2022-01-01,U.K.,0.0011018917602340003,0.0007638353332216506,0.00033805642701234973
2022-01-01,NASDAQ,0.0,-0.007026947348772363,0.007026947348772363
2022-01-01,U.S.,0.0,-0.0041771058013491975,0.0041771058013491975
2022-01-01,France,-0.0008336431308584384,-0.00297537411629694,0.0021417309854385017
2022-01-01,Netherlands,0.0,-0.008840166269626937,0.008840166269626937
2022-01-01,Sweden,0.0,-0.00761877012853874,0.00761877012853874
2022-01-01,Italy,-0.005937714792591207,-0.0021131902963073958,-0.0038245244962838115
2022-01-01,ChinaA,-0.0015559668860391327,-0.00178022880756526,0.00022426192152612723
2022-01-01,Chile,0.011543689367074401,0.007776105913680166,0.003767583453394235
2022-01-01,Indonesia,0.0,0.0006216155099451836,-0.0006216155099451836
2022-01-01,Philippines,0.0,0.0028687442568474,-0.0028687442568474
2022-01-01,Poland,-0.002458307940317461,-0.0016631358872460683,-0.0007951720530713926
2022-01-01,US SmallCap,-0.004771483361446699,-0.006965648138988065,0.0021941647775413657
2022-01-01,Malaysia,0.0,-0.002647568885127041,0.002647568885127041
2022-01-01,Taiwan,0.0,-0.0015148814235507752,0.0015148814235507752
2022-01-01,Mexico,-0.006760271867281331,-0.004171098265072485,-0.0025891736022088463
2022-01-01,Korea,-0.025144069479527957,-0.0070252487067544766,-0.01811882077277348
2022-01-01,Brazil,0.005488109798592981,0.008367383128581811,-0.0028792733299888296
2022-01-01,South Africa,0.006480455027735642,0.00498132308095685,0.0014991319467787924
2022-01-01,Denmark,0.0,-0.00887500500245393,0.00887500500245393
2022-01-01,India,0.0,-0.0008871109649536317,0.0008871109649536317
2022-01-01,ChinaH,-0.0009490215411799622,-0.0017413765623503733,0.0007923550211704111
2022-01-01,Hong Kong,0.001027620635223303,0.0006767054763832026,0.0003509151588401003
2022-01-01,Thailand,0.0,7.86343742289066e-05,-7.86343742289066e-05
2022-01-01,Turkey,0.0,0.003107442118928741,-0.003107442118928741
2022-01-01,Spain,-0.002527314960145875,-0.0010968362483007629,-0.001430478711845112
2022-01-01,Vietnam,0.0,-0.003862133676330917,0.003862133676330917
2022-01-01,Saudi Arabia,0.003654869187540863,0.0073562711867184985,-0.0037014019991776356
2022-02-01,Singapore,-0.0016959948843290977,-0.0007706875152163528,-0.0009253073691127449
2022-02-01,Australia,0.0015138485959452746,0.004080653385808443,-0.0025668047898631686
2022-02-01,Canada,0.0001269945465617809,0.00015065828555184732,-2.3663738990066426e-05
2022-02-01,Germany,-0.005107629001020599,-0.004860758806874267,-0.0002468701941463324
2022-02-01,Japan,-0.0002801033742041614,-0.0007876975731527556,0.0005075941989485942
2022-02-01,Switzerland,0.0,-0.0003487459231305707,0.0003487459231305707
2022-02-01,U.K.,0.0018425763842563822,0.001097162713154132,0.0007454136711022503
2022-02-01,NASDAQ,0.0,-0.002383246586537609,0.002383246586537609
2022-02-01,U.S.,0.0,-0.0022670317456737585,0.0022670317456737585
2022-02-01,France,-0.000922362530737559,-0.0032683437322250626,0.002345981201487504
2022-02-01,Netherlands,0.0,-0.003309622985260641,0.003309622985260641
2022-02-01,Sweden,0.0,-0.00546021832778007,0.00546021832778007
2022-02-01,Italy,-0.010766349867914572,-0.0035180296681142863,-0.007248320199800285
2022-02-01,ChinaA,-0.0014597508911598162,-0.0023504141797911584,0.0008906632886313422
2022-02-01,Chile,0.003030142232879912,0.0025133280805480487,0.0005168141523318633
2022-02-01,Indonesia,0.0,0.004221086134781815,-0.004221086134781815
2022-02-01,Philippines,0.0,0.0003212839552543942,-0.0003212839552543942
2022-02-01,Poland,-0.015072402733884174,-0.00876608115132737,-0.006306321582556805
2022-02-01,US SmallCap,0.0004772517946917511,0.0007005711458639807,-0.00022331935117222962
2022-02-01,Malaysia,0.0,0.0038615662969558695,-0.0038615662969558695
2022-02-01,Taiwan,0.0,-0.0019024218383120188,0.0019024218383120188
2022-02-01,Mexico,0.00687579424527,0.00368453304769711,0.00319126119757289
2022-02-01,Korea,0.001983397031986344,0.0006105668785660156,0.0013728301534203285
2022-02-01,Brazil,0.0022382051943426896,0.0034228940675400878,-0.0011846888731973982
2022-02-01,South Africa,0.004066698894887059,0.0031180866238054612,0.0009486122710815979
2022-02-01,Denmark,0.0,0.0009132481737200054,-0.0009132481737200054
2022-02-01,India,0.0,-0.003298659363050645,0.003298659363050645
2022-02-01,ChinaH,-0.0007119121501599781,-0.0023627377588022066,0.0016508256086422285
2022-02-01,Hong Kong,-0.0023072933390260834,-0.0018784181922302562,-0.00042887514679582723
2022-02-01,Thailand,0.0,0.003757344814226798,-0.003757344814226798
2022-02-01,Turkey,0.0,-0.0006517103248385434,0.0006517103248385434
2022-02-01,Spain,-0.0027484568180852183,-0.0010787849318672667,-0.0016696718862179516
2022-02-01,Vietnam,0.0,-0.0016274534436372414,0.0016274534436372414
2022-02-01,Saudi Arabia,0.0017860745266276967,0.00250748381683116,-0.0007214092902034634
2022-03-01,Singapore,0.0004998530328614318,0.00022774785341222317,0.00027210517944920856
2022-03-01,Australia,0.0029465728503343174,0.007927104938649523,-0.004980532088315206
2022-03-01,Canada,0.004598868046869983,0.004032711992334155,0.0005661560545358272
2022-03-01,Germany,-0.0012295053392452193,-0.0018326878988520346,0.0006031825596068154
2022-03-01,Japan,0.0,-0.0009509599889639937,0.0009509599889639937
2022-03-01,Switzerland,0.0,0.0010854507293820161,-0.0010854507293820161
2022-03-01,U.K.,0.0017827174300132419,0.000899564175287777,0.0008831532547254649
2022-03-01,NASDAQ,0.0,0.002393749862362613,-0.002393749862362613
2022-03-01,U.S.,0.0,0.00269599177624098,-0.00269599177624098
2022-03-01,France,-0.00029358245043162773,-0.0004969488102346346,0.00020336635980300685
2022-03-01,Netherlands,0.0,-0.001077990756638078,0.001077990756638078
2022-03-01,Sweden,0.0,0.0010969829543928257,-0.0010969829543928257
2022-03-01,Italy,-0.006922027563623554,-0.002053530613873504,-0.004868496949750049
2022-03-01,ChinaA,-0.0014838778980892106,-0.004812097927712102,0.0033282200296228916
2022-03-01,Chile,0.007310191199200565,0.008384652121981844,-0.0010744609227812795
2022-03-01,Indonesia,0.0,0.002821548926114328,-0.002821548926114328
2022-03-01,Philippines,0.0,-0.001383149945962222,0.001383149945962222
2022-03-01,Poland,0.006577232056401086,0.0032069883279397635,0.0033702437284613223
2022-03-01,US SmallCap,0.0005613313144040763,0.0008309690070709179,-0.0002696376926668416
2022-03-01,Malaysia,0.0,-5.3216916086947525e-05,5.3216916086947525e-05
2022-03-01,Taiwan,0.0,-0.0017391724225298258,0.0017391724225298258
2022-03-01,Mexico,0.01555053864461363,0.007125412649321822,0.00842512599529181
2022-03-01,Korea,-0.00020675215879984728,-7.260743329237104e-05,-0.00013414472550747625
2022-03-01,Brazil,0.007412132528275548,0.011236928169951869,-0.0038247956416763203
2022-03-01,South Africa,0.0076114778391800485,0.00580058635153033,0.0018108914876497186
2022-03-01,Denmark,0.0,0.0022770479491080616,-0.0022770479491080616
2022-03-01,India,0.0,0.002749616706524658,-0.002749616706524658
2022-03-01,ChinaH,0.0,-0.004655944782752956,0.004655944782752956
2022-03-01,Hong Kong,-1.116389757659036e-05,-1.2858111008167507e-05,1.6942134315771462e-06
2022-03-01,Thailand,0.0,-0.0009924090040249877,0.0009924090040249877
2022-03-01,Turkey,0.0,0.0057573805363032825,-0.0057573805363032825
2022-03-01,Spain,-0.002116911173325119,-0.00074323170118751,-0.001373679472137609
2022-03-01,Vietnam,0.0,-0.0007856740709315103,0.0007856740709315103
2022-03-01,Saudi Arabia,0.002639467265569164,0.003590006469849208,-0.0009505392042800441
2022-04-01,Singapore,-0.011258923589195072,-0.005167396634657448,-0.006091526954537624
2022-04-01,Australia,0.0,-0.004720788161452681,0.004720788161452681
2022-04-01,Canada,-0.006074422712338571,-0.005683970932776008,-0.00039045177956256293
2022-04-01,Germany,-0.0016944933486650667,-0.0054304656663798625,0.003735972317714796
2022-04-01,Japan,0.0,-0.005967223761395624,0.005967223761395624
2022-04-01,Switzerland,0.0,-0.003912516300469005,0.003912516300469005
2022-04-01,U.K.,-0.0057998155807683855,-0.0025030706126801553,-0.00329674496808823
2022-04-01,NASDAQ,0.0,-0.009381193580693323,0.009381193580693323
2022-04-01,U.S.,0.0,-0.006503381562680773,0.006503381562680773
2022-04-01,France,-0.002742895707448543,-0.0046447066029301305,0.0019018108954815876
2022-04-01,Netherlands,0.0,-0.006711420435692863,0.006711420435692863
2022-04-01,Sweden,0.0,-0.005168768595801619,0.005168768595801619
2022-04-01,Italy,-0.01892020770330726,-0.005109890865584598,-0.013810316837722663
2022-04-01,ChinaA,0.0,-0.002366838551557457,0.002366838551557457
2022-04-01,Chile,-0.005264531711823357,-0.00921040117241053,0.003945869460587174
2022-04-01,Indonesia,0.0,0.0029698040549291857,-0.0029698040549291857
2022-04-01,Philippines,-0.0019835204993555065,-0.006184452438966214,0.004200931939610708
2022-04-01,Poland,-0.029180385104597042,-0.012059766707147193,-0.017120618397449848
2022-04-01,US SmallCap,-0.002154170572200737,-0.006780453658670702,0.004626283086469965
2022-04-01,Malaysia,0.0,-0.0015637718430910948,0.0015637718430910948
2022-04-01,Taiwan,0.0,-0.006966448585076501,0.006966448585076501
2022-04-01,Mexico,-0.022860300290567414,-0.009090313959166832,-0.013769986331400582
2022-04-01,Korea,-0.010449056474807265,-0.004239615911862667,-0.006209440562944597
2022-04-01,Brazil,-0.00783861384984181,-0.011704679108449462,0.0038660652586076528
2022-04-01,South Africa,-0.013230277458904833,-0.010022718562083702,-0.0032075588968211305
2022-04-01,Denmark,0.0,-0.0023579464584035413,0.0023579464584035413
2022-04-01,India,0.0,-0.0012152697898240089,0.0012152697898240089
2022-04-01,ChinaH,0.0,-0.001875915151930709,0.001875915151930709
2022-04-01,Hong Kong,-0.002860363462830976,-0.00334210025021398,0.0004817367873830038
2022-04-01,Thailand,0.0,-0.0035240878229909367,0.0035240878229909367
2022-04-01,Turkey,0.0,0.004687522462862539,-0.004687522462862539
2022-04-01,Spain,-0.006841057177726269,-0.002149826312059815,-0.004691230865666454
2022-04-01,Vietnam,0.0,-0.004815250350475729,0.004815250350475729
2022-04-01,Saudi Arabia,0.003806835590474336,0.005051128487909374,-0.0012442928974350379
2022-05-01,Singapore,-0.0036180352767652265,-0.001673742188566872,-0.0019442930881983546
2022-05-01,Australia,0.0,-0.0002969834480970887,0.0002969834480970887
2022-05-01,Canada,0.0011530151498884214,0.0010672949929217415,8.572015696667996e-05
2022-05-01,Germany,0.0,0.000740659397754482,-0.000740659397754482
2022-05-01,Japan,0.0,0.0009850909889204413,-0.0009850909889204413
2022-05-01,Switzerland,0.0,-0.0023440271047575874,0.0023440271047575874
2022-05-01,U.K.,0.0037964898663784153,0.0016165305076850736,0.002179959358693342
2022-05-01,NASDAQ,0.0,-0.0011903559435619297,0.0011903559435619297
2022-05-01,U.S.,0.0,0.0001250259447907582,-0.0001250259447907582
2022-05-01,France,0.0002527159792339099,0.00042921697582913105,-0.00017650099659522112
2022-05-01,Netherlands,0.0,4.617045687753989e-05,-4.617045687753989e-05
2022-05-01,Sweden,0.0,-0.0005879389194333912,0.0005879389194333912
2022-05-01,Italy,0.0056510625018734075,0.0016861855489537791,0.003964876952919629
2022-05-01,ChinaA,0.0,0.0005230999762964384,-0.0005230999762964384
2022-05-01,Chile,0.007478869046904298,0.013605595973626143,-0.006126726926721845
2022-05-01,Indonesia,0.0,-0.0023996027664175525,0.0023996027664175525
2022-05-01,Philippines,0.00064448062022873,0.0010427353169879896,-0.00039825469675925957
2022-05-01,Poland,0.004879061890453773,0.001774985958826755,0.003104075931627018
2022-05-01,US SmallCap,0.0,8.956179306592736e-05,-8.956179306592736e-05
2022-05-01,Malaysia,0.0,-0.001975999043742963,0.001975999043742963
2022-05-01,Taiwan,0.0,0.002327964415349113,-0.002327964415349113
2022-05-01,Mexico,0.011907478042826224,0.004208302858191405,0.0076991751846348195
2022-05-01,Korea,0.00268631081104127,0.0012599689848866056,0.0014263418261546645
2022-05-01,Brazil,0.005870892897921267,0.006181572044504724,-0.0003106791465834575
2022-05-01,South Africa,0.0007330795869097799,0.0005706940047595046,0.00016238558215027528
2022-05-01,Denmark,0.0,-0.0026973823413934126,0.0026973823413934126
2022-05-01,India,0.0,-0.004077512955277137,0.004077512955277137
2022-05-01,ChinaH,0.0,0.0005842200873806963,-0.0005842200873806963
2022-05-01,Hong Kong,0.0015153497909204696,0.0017920769463767086,-0.0002767271554562391
2022-05-01,Thailand,0.0,0.0016803659175632397,-0.0016803659175632397
2022-05-01,Turkey,-0.0013768078688727128,-0.005305824116945655,0.003929016248072943
2022-05-01,Spain,0.009197929126927538,0.0032249999787547453,0.0059729291481727936
2022-05-01,Vietnam,0.0,-0.004441083993396883,0.004441083993396883
2022-05-01,Saudi Arabia,-0.004893430582427501,-0.006303921533841595,0.0014104909514140937
2022-06-01,Singapore,-0.008775701615029522,-0.004697378683091744,-0.004078322931937778
2022-06-01,Australia,-0.002172012379972324,-0.008512171278824941,0.006340158898852618
2022-06-01,Canada,-0.010060896784797223,-0.00745875047967509,-0.0026021463051221338
2022-06-01,Germany,0.0,-0.008242623308815644,0.008242623308815644
2022-06-01,Japan,0.0,-0.005116764336081097,0.005116764336081097
2022-06-01,Switzerland,0.0,-0.004667086811066836,0.004667086811066836
2022-06-01,U.K.,-0.016350733639186547,-0.006214684494720086,-0.01013604914446646
2022-06-01,NASDAQ,0.0,-0.0052598099505536235,0.0052598099505536235
2022-06-01,U.S.,0.0,-0.0055585803660624464,0.0055585803660624464
2022-06-01,France,-0.0021122771543021185,-0.006915363652926766,0.004803086498624648
2022-06-01,Netherlands,0.0,-0.006182496018483007,0.006182496018483007
2022-06-01,Sweden,0.0,-0.008679932435410483,0.008679932435410483
2022-06-01,Italy,-0.028779888814557182,-0.009421505481007751,-0.01935838333354943
2022-06-01,ChinaA,0.0,0.003464632675062482,-0.003464632675062482
2022-06-01,Chile,-0.007893370239363888,-0.01583172528800757,0.007938355048643682
2022-06-01,Indonesia,0.0,-0.007699327061731334,0.007699327061731334
2022-06-01,Philippines,-0.005742772593734836,-0.009242345118881562,0.003499572525146726
2022-06-01,Poland,-0.01969597757227249,-0.007334281727187906,-0.012361695845084585
2022-06-01,US SmallCap,0.0,-0.005177660187485124,0.005177660187485124
2022-06-01,Malaysia,-0.0015169573568302695,-0.0057377060454684515,0.004220748688638182
2022-06-01,Taiwan,0.0,-0.010135796513020406,0.010135796513020406
2022-06-01,Mexico,-0.02119185677772785,-0.007381078924190586,-0.013810777853537263
2022-06-01,Korea,-0.01907596222425472,-0.01031917928165736,-0.00875678294259736
2022-06-01,Brazil,-0.01799993793421868,-0.015110062564569956,-0.002889875369648723
2022-06-01,South Africa,-0.008887612908876963,-0.008731437456703219,-0.00015617545217374434
2022-06-01,Denmark,0.0,-0.0034939818478456285,0.0034939818478456285
2022-06-01,India,0.0,-0.004530598268031188,0.004530598268031188
2022-06-01,ChinaH,0.0,0.0035430627168307727,-0.0035430627168307727
2022-06-01,Hong Kong,0.00048786423969944493,0.0008405077413071523,-0.00035264350160770733
2022-06-01,Thailand,0.0,-0.005893991059852543,0.005893991059852543
2022-06-01,Turkey,-0.0037365614680867523,-0.00722404152077245,0.0034874800526856977
2022-06-01,Spain,-0.020502848215646498,-0.007217226939823471,-0.013285621275823027
2022-06-01,Vietnam,0.0,-0.004662837704192939,0.004662837704192939
2022-06-01,Saudi Arabia,-0.006944400363900734,-0.008678494178032558,0.0017340938141318235
2022-07-01,Singapore,0.005197056244171283,0.0034543225969136102,0.001742733647257673
2022-07-01,Australia,0.0009823656386778365,0.0038276313116195207,-0.002845265672941684
2022-07-01,Canada,0.005333165378274444,0.0031587185080810512,0.0021744468701933926
2022-07-01,Germany,0.0,0.0012646499839091183,-0.0012646499839091183
2022-07-01,Japan,0.0,0.003356646573067742,-0.003356646573067742
2022-07-01,Switzerland,0.0,0.0028731848324082894,-0.0028731848324082894
2022-07-01,U.K.,0.007875180517298038,0.0026357125328532334,0.005239467984444805
2022-07-01,NASDAQ,0.0,0.006936620572303416,-0.006936620572303416
2022-07-01,U.S.,0.0,0.005658995456806502,-0.005658995456806502
2022-07-01,France,0.0011292869441607127,0.003710227030617239,-0.0025809400864565263
2022-07-01,Netherlands,0.0,0.005541032235973781,-0.005541032235973781
2022-07-01,Sweden,0.0,0.005977341230672364,-0.005977341230672364
2022-07-01,Italy,0.0038341521552833803,0.0012598506625004645,0.002574301492782916
2022-07-01,ChinaA,0.0,-0.006357134673378517,0.006357134673378517
2022-07-01,Chile,0.006865226094333135,0.008500580478325354,-0.0016353543839922186
2022-07-01,Indonesia,0.0,0.0022327500625694513,-0.0022327500625694513
2022-07-01,Philippines,0.0004190083247958762,0.000674909561450698,-0.0002559012366548218
2022-07-01,Poland,-0.000698250659210547,-0.0003050109656598064,-0.00039323969355074064
2022-07-01,US SmallCap,0.0,0.0060911782678247746,-0.0060911782678247746
2022-07-01,Malaysia,0.0008957756096581316,0.0015078645969526308,-0.0006120889872944992
2022-07-01,Taiwan,0.0,0.0009687655381813505,-0.0009687655381813505
2022-07-01,Mexico,-9.150635820754373e-05,-3.627430055195148e-05,-5.523205765559225e-05
2022-07-01,Korea,0.0036006180424316483,0.0023998011352722873,0.001200816907159361
2022-07-01,Brazil,0.004205947547669613,0.0035542872979888785,0.0006516602496807341
2022-07-01,South Africa,-0.00013376805930475925,-0.0002045996855200501,7.083162621529084e-05
2022-07-01,Denmark,0.0,0.0049530071237182975,-0.0049530071237182975
2022-07-01,India,0.0,0.005722237727461065,-0.005722237727461065
2022-07-01,ChinaH,0.0,-0.006333574981700767,0.006333574981700767
2022-07-01,Hong Kong,-0.001423848995153432,-0.002449969360671284,0.0010261203655178518
2022-07-01,Thailand,0.0,-0.001485036195394901,0.001485036195394901
2022-07-01,Turkey,-0.0006728943743019653,-0.0007955759894076418,0.0001226816151056765
2022-07-01,Spain,-0.0026672460428616603,-0.0009448854050306885,-0.0017223606378309717
2022-07-01,Vietnam,0.0,-0.0009770424646890752,0.0009770424646890752
2022-07-01,Saudi Arabia,0.003594356772203178,0.004379561100196737,-0.0007852043279935588
2022-08-01,Singapore,-0.001396439666732295,-0.0011962936346219556,-0.00020014603211033935
2022-08-01,Australia,-0.00013787873049786315,-0.0005332681104220348,0.00039538937992417166
2022-08-01,Canada,-0.004555328647387904,-0.002674470758220418,-0.0018808578891674858
2022-08-01,Germany,0.0,-0.0035875051788068287,0.0035875051788068287
2022-08-01,Japan,0.0,-0.0016160123502934188,0.0016160123502934188
2022-08-01,Switzerland,0.0,-0.003495169027273422,0.003495169027273422
2022-08-01,U.K.,-0.009162947752891117,-0.00309161801853781,-0.006071329734353307
2022-08-01,NASDAQ,0.0,-0.002858116928005697,0.002858116928005697
2022-08-01,U.S.,0.0,-0.002714490289787298,0.002714490289787298
2022-08-01,France,-0.0012073291437741838,-0.003981757473058533,0.0027744283292843496
2022-08-01,Netherlands,0.0,-0.006256911110589421,0.006256911110589421
2022-08-01,Sweden,0.0,-0.005997500734498008,0.005997500734498008
2022-08-01,Italy,-0.007212972290288809,-0.002695678111258041,-0.004517294179030768
2022-08-01,ChinaA,0.0,8.767175173852575e-05,-8.767175173852575e-05
2022-08-01,Chile,0.002321791829320494,0.002099500558933774,0.00022229127038671985
2022-08-01,Indonesia,0.0,0.003791604711227293,-0.003791604711227293
2022-08-01,Philippines,0.0021294675809381295,0.002172975602794198,-4.350802185606843e-05
2022-08-01,Poland,-0.015257887461468764,-0.006857873169863269,-0.008400014291605494
2022-08-01,US SmallCap,0.0,-0.001321314990939646,0.001321314990939646
2022-08-01,Malaysia,0.00018495852348739697,0.0001990467747274785,-1.4088251240081519e-05
2022-08-01,Taiwan,0.0,-0.000936201517122121,0.000936201517122121
2022-08-01,Mexico,-0.007151702268569193,-0.003284062299336268,-0.0038676399692329252
2022-08-01,Korea,-0.0021511450283587057,-0.0018321855427542004,-0.00031895948560450534
2022-08-01,Brazil,0.005248765327843224,0.004440832986137986,0.0008079323417052378
2022-08-01,South Africa,-0.0018407788886802515,-0.002811630224812289,0.0009708513361320374
2022-08-01,Denmark,0.0,-0.005268459108738929,0.005268459108738929
2022-08-01,India,0.0,0.0027511484074657965,-0.0027511484074657965
2022-08-01,ChinaH,0.0,0.00029082924038455123,-0.00029082924038455123
2022-08-01,Hong Kong,-0.0013437027054935759,-0.002301593668808583,0.0009578909633150071
2022-08-01,Thailand,0.0,0.003577108187074804,-0.003577108187074804
2022-08-01,Turkey,0.01705964646721477,0.014486943978017253,0.002572702489197519
2022-08-01,Spain,-0.007380958682811904,-0.0026188808178685304,-0.004762077864943374
2022-08-01,Vietnam,0.0,0.0029640658888249447,-0.0029640658888249447
2022-08-01,Saudi Arabia,0.0009459555293106631,0.001123942463707621,-0.00017798693439695801
2022-09-01,Singapore,-0.0026723230349299217,-0.003276204070752913,0.0006038810358229914
2022-09-01,Australia,-0.0018979223456671887,-0.007274426638717863,0.005376504293050675
2022-09-01,Canada,-0.011005780740368617,-0.005353451928641902,-0.005652328811726715
2022-09-01,Germany,0.0,-0.004744068744782775,0.004744068744782775
2022-09-01,Japan,0.0,-0.006831704561632912,0.006831704561632912
2022-09-01,Switzerland,0.0,-0.004038902529965606,0.004038902529965606
2022-09-01,U.K.,-0.018496142583295704,-0.005551916260857527,-0.012944226322438177
2022-09-01,NASDAQ,0.0,-0.006330257062244505,0.006330257062244505
2022-09-01,U.S.,0.0,-0.005852864660615808,0.005852864660615808
2022-09-01,France,-0.0015389133317932442,-0.005106088128174252,0.0035671747963810082
2022-09-01,Netherlands,0.0,-0.0054934321617544695,0.0054934321617544695
2022-09-01,Sweden,0.0,-0.0049444287635440195,0.0049444287635440195
2022-09-01,Italy,-0.008409010463939246,-0.00365287244279937,-0.004756138021139876
2022-09-01,ChinaA,0.0,-0.008763565714143478,0.008763565714143478
2022-09-01,Chile,-0.011360645165051475,-0.008060427314784669,-0.003300217850266806
2022-09-01,Indonesia,0.0,-0.0005672492460055611,0.0005672492460055611
2022-09-01,Philippines,-0.010801047293164345,-0.010977612115990267,0.00017656482282592256
2022-09-01,Poland,-0.013831170969085581,-0.006481267323020787,-0.007349903646064794
2022-09-01,US SmallCap,0.0,-0.006066251090010593,0.006066251090010593
2022-09-01,Malaysia,-0.007800360444726866,-0.006170039543077959,-0.0016303209016489068
2022-09-01,Taiwan,0.0,-0.009281882560566935,0.009281882560566935
2022-09-01,Mexico,-0.00046516318692872596,-0.00025574641907025376,-0.0002094167678584722
2022-09-01,Korea,-0.008896692432977511,-0.010542903856996796,0.0016462114240192848
2022-09-01,Brazil,-0.0027149024942633724,-0.002372756397000621,-0.00034214609726275144
2022-09-01,South Africa,-0.0033596772179087546,-0.00526173683820066,0.0019020596202919057
2022-09-01,Denmark,0.0,-0.007351903097377034,0.007351903097377034
2022-09-01,India,0.0,-0.0042346789701129695,0.0042346789701129695
2022-09-01,ChinaH,0.0,-0.008571427501622285,0.008571427501622285
2022-09-01,Hong Kong,-0.006233920585169025,-0.00677865824482264,0.0005447376596536156
2022-09-01,Thailand,0.0,-0.004192742554421875,0.004192742554421875
2022-09-01,Turkey,-0.003608968170388674,-0.0030370086732084255,-0.0005719594971802483
2022-09-01,Spain,-0.013018224397703212,-0.0052993069760034015,-0.007718917421699811
2022-09-01,Vietnam,0.0,-0.006653971320897742,0.006653971320897742
2022-09-01,Saudi Arabia,-0.004582013619716219,-0.005303945542367529,0.0007219319226513107
2022-10-01,Singapore,1.0736299009415444e-05,1.3183909453816764e-05,-2.4476104444013202e-06
2022-10-01,Australia,0.0008059399559583078,0.00307020098597206,-0.002264261030013752
2022-10-01,Canada,0.007844414553286244,0.0037844753338866412,0.004059939219399603
2022-10-01,Germany,0.0,0.004707990776082472,-0.004707990776082472
2022-10-01,Japan,0.0,0.0016298031897175823,-0.0016298031897175823
2022-10-01,Switzerland,0.0,0.001742416179646804,-0.001742416179646804
2022-10-01,U.K.,0.012038601710487895,0.003627651531694791,0.008410950178793104
2022-10-01,NASDAQ,0.0,0.0021519649903891315,-0.0021519649903891315
2022-10-01,U.S.,0.0,0.004645729348417829,-0.004645729348417829
2022-10-01,France,0.001541382139440563,0.00514301279678155,-0.003601630657340987
2022-10-01,Netherlands,0.0,0.0028884650099145763,-0.0028884650099145763
2022-10-01,Sweden,0.0,0.0034413261006880627,-0.0034413261006880627
2022-10-01,Italy,0.011920191938424663,0.005999775286295633,0.00592041665212903
2022-10-01,ChinaA,0.0,-0.00872415253284915,0.00872415253284915
2022-10-01,Chile,0.0033066584392845966,0.001949271805069375,0.0013573866342152217
2022-10-01,Indonesia,0.0,0.0001286340540960606,-0.0001286340540960606
2022-10-01,Philippines,0.006148760279930486,0.004705638437153219,0.0014431218427772676
2022-10-01,Poland,0.012889105382019988,0.007175179470061154,0.005713925911958834
2022-10-01,US SmallCap,0.0,0.006327921155675785,-0.006327921155675785
2022-10-01,Malaysia,0.0026664643997708288,0.0017072650765191755,0.0009591993232516533
2022-10-01,Taiwan,0.0,-0.002523496410467197,0.002523496410467197
2022-10-01,Mexico,0.01293024279969055,0.008556313512412768,0.004373929287277782
2022-10-01,Korea,0.002274767122007812,0.0041222710633957655,-0.0018475039413879536
2022-10-01,Brazil,0.0063110712684683965,0.0058449574191984715,0.000466113849269925
2022-10-01,South Africa,0.0013178092797109082,0.0020597328496423256,-0.0007419235699314174
2022-10-01,Denmark,0.0,0.005282093762296241,-0.005282093762296241
2022-10-01,India,0.0,0.001667789618941432,-0.001667789618941432
2022-10-01,ChinaH,0.0,-0.008639452483328643,0.008639452483328643
2022-10-01,Hong Kong,-0.008388226446498793,-0.006888225513264368,-0.001500000933234425
2022-10-01,Thailand,0.0,0.0009032299706017064,-0.0009032299706017064
2022-10-01,Turkey,0.024170826166112706,0.016730129146194286,0.007440697019918421
2022-10-01,Spain,0.010765439821408497,0.005020664474212775,0.0057447753471957215
2022-10-01,Vietnam,0.0,-0.005646289338535304,0.005646289338535304
2022-10-01,Saudi Arabia,0.0017837562160564575,0.002021995321633115,-0.00023823910557665756
2022-11-01,Singapore,0.0035579438528963456,0.006814713308381027,-0.0032567694554846817
2022-11-01,Australia,0.0020313791849864934,0.00769868052801644,-0.005667301343029946
2022-11-01,Canada,0.007747318348019727,0.003718091816863813,0.004029226531155915
2022-11-01,Germany,0.0,0.007822335533207637,-0.007822335533207637
2022-11-01,Japan,0.0,0.005506680302451621,-0.005506680302451621
2022-11-01,Switzerland,0.0,0.004586613980078064,-0.004586613980078064
2022-11-01,U.K.,0.023133508813214118,0.007007226978191405,0.016126281835022713
2022-11-01,NASDAQ,0.0,0.0025890408175711175,-0.0025890408175711175
2022-11-01,U.S.,0.0,0.0034523070340282936,-0.0034523070340282936
2022-11-01,France,0.0020953564845890334,0.007013124536622239,-0.004917768052033205
2022-11-01,Netherlands,0.0,0.009377281803746414,-0.009377281803746414
2022-11-01,Sweden,0.0,0.0060503839893400885,-0.0060503839893400885
2022-11-01,Italy,0.013186118011265872,0.007798533439932066,0.005387584571333806
2022-11-01,ChinaA,0.0,0.013298966330487896,-0.013298966330487896
2022-11-01,Chile,0.008191256228357788,0.0040698436817499595,0.004121412546607829
2022-11-01,Indonesia,0.0,0.0008037142338721136,-0.0008037142338721136
2022-11-01,Philippines,0.009585256411770882,0.0073590877754874376,0.002226168636283444
2022-11-01,Poland,0.014872085271654003,0.009872445908549419,0.004999639363104585
2022-11-01,US SmallCap,0.0,0.0014760202395495135,-0.0014760202395495135
2022-11-01,Malaysia,0.00991182610769461,0.005323120071459382,0.004588706036235229
2022-11-01,Taiwan,0.0,0.01063532742775835,-0.01063532742775835
2022-11-01,Mexico,0.004991876233212596,0.004176168483312283,0.0008157077499003134
2022-11-01,Korea,0.0021280996563357757,0.008143675019116909,-0.006015575362781134
2022-11-01,Brazil,-0.0027560630303025643,-0.0020144283753857663,-0.000741634654916798
2022-11-01,South Africa,0.010652026885635078,0.011173456873530125,-0.0005214299878950474
2022-11-01,Denmark,0.0,0.007277021805120678,-0.007277021805120678
2022-11-01,India,0.0,0.003408890797821024,-0.003408890797821024
2022-11-01,ChinaH,0.0,0.012930537396643155,-0.012930537396643155
2022-11-01,Hong Kong,0.01911146702922885,0.012357396916178614,0.006754070113050235
2022-11-01,Thailand,0.0,0.00658358280893752,-0.00658358280893752
2022-11-01,Turkey,0.032992010407673245,0.01948727212125,0.013504738286423245
2022-11-01,Spain,0.010546074358216546,0.005720549722176701,0.004825524636039844
2022-11-01,Vietnam,0.0,0.0019112227288026588,-0.0019112227288026588
2022-11-01,Saudi Arabia,-0.004152447634111557,-0.004614449907027169,0.0004620022729156124
2022-12-01,Singapore,-0.00013136649629588856,-0.0005368468732753934,0.00040548037697950485
2022-12-01,Australia,-0.00029763867406534756,-0.001119470634046014,0.0008218319599806664
2022-12-01,Canada,-0.0065623133617937705,-0.003142731601531912,-0.0034195817602618583
2022-12-01,Germany,0.0,3.48259151514102e-05,-3.48259151514102e-05
2022-12-01,Japan,0.0,8.233983683191915e-05,-8.233983683191915e-05
2022-12-01,Switzerland,0.0,-0.0004444229859940049,0.0004444229859940049
2022-12-01,U.K.,-0.0005236146248142697,-0.00015926123636107061,-0.00036435338845319906
2022-12-01,NASDAQ,0.0,-0.005281988185482026,0.005281988185482026
2022-12-01,U.S.,0.0,-0.0037745312225257845,0.0037745312225257845
2022-12-01,France,-7.222893050256069e-05,-0.00024228266910961913,0.00017005373860705844
2022-12-01,Netherlands,0.0,-0.0016682394688554254,0.0016682394688554254
2022-12-01,Sweden,0.0,-0.00026478814881505177,0.00026478814881505177
2022-12-01,Italy,-2.6058633085940605e-05,-1.8402119470691624e-05,-7.65651361524898e-06
2022-12-01,ChinaA,0.0,0.003070639506515542,-0.003070639506515542
2022-12-01,Chile,-0.0031021933923048224,-0.0013425068682548478,-0.0017596865240499745
2022-12-01,Indonesia,0.0,-0.002938220115168048,0.002938220115168048
2022-12-01,Philippines,-0.0012697113133330776,-0.0009814091815959168,-0.0002883021317371607
2022-12-01,Poland,0.00595377300884466,0.004771558365213813,0.0011822146436308474
2022-12-01,US SmallCap,0.0,-0.004262721892914899,0.004262721892914899
2022-12-01,Malaysia,0.0023905305470340093,0.001111699667643754,0.0012788308793902554
2022-12-01,Taiwan,0.0,-0.0033487514957551198,0.0033487514957551198
2022-12-01,Mexico,-0.007110763054269074,-0.004818477499173978,-0.0022922855550950956
2022-12-01,Korea,0.0,-0.002925203480154738,0.002925203480154738
2022-12-01,Brazil,-0.0032405325642322863,-0.0019355608757284238,-0.0013049716885038625
2022-12-01,South Africa,-0.0027257317874430026,-0.0028339326611229185,0.00010820087367991588
2022-12-01,Denmark,0.0,0.004656619014148543,-0.004656619014148543
2022-12-01,India,0.0,-0.003671801154739127,0.003671801154739127
2022-12-01,ChinaH,0.0,0.0028457607362598262,-0.0028457607362598262
2022-12-01,Hong Kong,0.007967172046378227,0.005175284911828737,0.0027918871345494903
2022-12-01,Thailand,0.0,0.0025719879870740514,-0.0025719879870740514
2022-12-01,Turkey,0.01656680722440749,0.008475159586937292,0.008091647637470197
2022-12-01,Spain,0.0026950751412945367,0.0014705886163548499,0.0012244865249396869
2022-12-01,Vietnam,0.0,-0.004799866527988193,0.004799866527988193
2022-12-01,Saudi Arabia,-0.0011198496652146462,-0.0020155036034324066,0.0008956539382177604
2023-01-01,Singapore,0.0,0.004798601703646498,-0.004798601703646498
2023-01-01,Australia,0.0018071574485648363,0.006758448151358289,-0.0049512907027934525
2023-01-01,Canada,0.010193981858290197,0.005577195769004638,0.004616786089285559
2023-01-01,Germany,0.0,0.00810883595176445,-0.00810883595176445
2023-01-01,Japan,0.0,0.003958121701059529,-0.003958121701059529
2023-01-01,Switzerland,0.0,0.0038660439585766334,-0.0038660439585766334
2023-01-01,U.K.,0.013524651888197821,0.004438481095228245,0.009086170792969576
2023-01-01,NASDAQ,0.0,0.006106408460323875,-0.006106408460323875
2023-01-01,U.S.,0.0,0.003899090353085911,-0.003899090353085911
2023-01-01,France,0.002213458059248542,0.007454897721300986,-0.005241439662052445
2023-01-01,Netherlands,0.0,0.009408436115335482,-0.009408436115335482
2023-01-01,Sweden,0.0,0.004692511749809501,-0.004692511749809501
2023-01-01,Italy,0.01030744759244761,0.008680256827192367,0.0016271907652552417
2023-01-01,ChinaA,0.0,0.00744719581255078,-0.00744719581255078
2023-01-01,Chile,0.018133122546634278,0.0069346666682027274,0.01119845587843155
2023-01-01,Indonesia,0.0,0.0017101839619476224,-0.0017101839619476224
2023-01-01,Philippines,0.004429802878081042,0.003433531317286886,0.0009962715607941559
2023-01-01,Poland,0.004506552999138251,0.004336273758410861,0.00017027924072739002
2023-01-01,US SmallCap,0.0,0.006037317619817221,-0.006037317619817221
2023-01-01,Malaysia,0.004638931598665538,0.0019316896522864673,0.0027072419463790706
2023-01-01,Taiwan,0.0,0.007262162844433663,-0.007262162844433663
2023-01-01,Mexico,0.016776171182566343,0.011291220106185563,0.00548495107638078
2023-01-01,Korea,0.0,0.007302217039656045,-0.007302217039656045
2023-01-01,Brazil,0.008776502611596518,0.0044795703766584965,0.004296932234938022
2023-01-01,South Africa,0.003754788985786745,0.0030827545381518946,0.0006720344476348504
2023-01-01,Denmark,0.0,0.0011815524029866163,-0.0011815524029866163
2023-01-01,India,0.0,-0.001803307439078227,0.001803307439078227
2023-01-01,ChinaH,0.0,0.007432797834776104,-0.007432797834776104
2023-01-01,Hong Kong,0.003912753555413576,0.002557101126279677,0.0013556524291338991
2023-01-01,Thailand,0.0,0.0030592980988764914,-0.0030592980988764914
2023-01-01,Turkey,-0.019015805894757203,-0.008609864929170766,-0.010405940965586436
2023-01-01,Spain,0.015614260172043962,0.007525607322938929,0.008088652849105033
2023-01-01,Vietnam,0.0,0.005113119219722675,-0.005113119219722675
2023-01-01,Saudi Arabia,0.00032997212970678453,0.0012709382135745338,-0.0009409660838677492
2023-02-01,Singapore,0.0,-0.003642613239270621,0.003642613239270621
2023-02-01,Australia,-0.001237361028886336,-0.004565615174941023,0.0033282541460546867
2023-02-01,Canada,-0.004595751224587155,-0.002907607012153062,-0.0016881442124340928
2023-02-01,Germany,0.0,-0.0015537829723475383,0.0015537829723475383
2023-02-01,Japan,0.0,-0.002632790096242118,0.002632790096242118
2023-02-01,Switzerland,0.0,-0.002286976015209393,0.002286976015209393
2023-02-01,U.K.,0.001881299983158797,0.0006171184725548636,0.0012641815106039333
2023-02-01,NASDAQ,0.0,-0.0006415108964641662,0.0006415108964641662
2023-02-01,U.S.,0.0,-0.0016218465563841071,0.0016218465563841071
2023-02-01,France,-2.559589716433974e-05,-8.618768535061276e-05,6.059178818627302e-05
2023-02-01,Netherlands,0.0,-0.0023893603310848194,0.0023893603310848194
2023-02-01,Sweden,0.0,0.0015031680850736407,-0.0015031680850736407
2023-02-01,Italy,0.0004439967483048824,0.000457568667094446,-1.3571918789563565e-05
2023-02-01,ChinaA,0.0,-0.007385468569905013,0.007385468569905013
2023-02-01,Chile,-0.008490762920279709,-0.0029353129101672404,-0.005555450010112468
2023-02-01,Indonesia,0.0,-0.0004940125744355854,0.0004940125744355854
2023-02-01,Philippines,-0.004393626745689987,-0.0034315714203590362,-0.0009620553253309504
2023-02-01,Poland,-0.002821418561052586,-0.0033536449258841985,0.0005322263648316126
2023-02-01,US SmallCap,0.0,-0.0011518251429339663,0.0011518251429339663
2023-02-01,Malaysia,-0.01303268123255195,-0.004905475259259638,-0.008127205973292313
2023-02-01,Taiwan,0.0,-0.0007420679071011729,0.0007420679071011729
2023-02-01,Mexico,-0.00014858767780723953,-0.00012002766887755353,-2.8560008929685995e-05
2023-02-01,Korea,0.0,-0.004474618254479532,0.004474618254479532
2023-02-01,Brazil,-0.013924906455241942,-0.006261739173687396,-0.007663167281554546
2023-02-01,South Africa,-0.00646678921176479,-0.005323069644616856,-0.0011437195671479342
2023-02-01,Denmark,0.0,0.001903703096604197,-0.001903703096604197
2023-02-01,India,0.0,-0.00296088347355853,0.00296088347355853
2023-02-01,ChinaH,0.0,-0.007024207441615958,0.007024207441615958
2023-02-01,Hong Kong,-0.00886146505145835,-0.005006779007041804,-0.0038546860444165464
2023-02-01,Thailand,0.0,-0.006724995760165783,0.006724995760165783
2023-02-01,Turkey,0.013202723890593671,0.00533289533239646,0.007869828558197211
2023-02-01,Spain,0.004111140505556522,0.001983440418492679,0.0021277000870638433
2023-02-01,Vietnam,0.0,-0.005714053200428205,0.005714053200428205
2023-02-01,Saudi Arabia,0.0,-0.004332176781339541,0.004332176781339541
2023-03-01,Singapore,0.0011013912245335037,0.003367372056365285,-0.0022659808318317813
2023-03-01,Australia,-5.7425392677011275e-05,-0.00021025011890824538,0.0001528247262312341
2023-03-01,Canada,0.00010367486718237075,8.167403155670075e-05,2.2000835625669997e-05
2023-03-01,Germany,0.0,0.0028937579700309577,-0.0028937579700309577
2023-03-01,Japan,0.0,0.0019446019721520462,-0.0019446019721520462
2023-03-01,Switzerland,0.0,0.002311627570907354,-0.002311627570907354
2023-03-01,U.K.,0.0005750313410710912,0.00020839604321163006,0.0003666352978594612
2023-03-01,NASDAQ,0.0,0.004336242502030522,-0.004336242502030522
2023-03-01,U.S.,0.0,0.002379243363694494,-0.002379243363694494
2023-03-01,France,0.0,0.002256148787568252,-0.002256148787568252
2023-03-01,Netherlands,0.0,0.0035727821224636855,-0.0035727821224636855
2023-03-01,Sweden,0.0,-0.0005935296891254761,0.0005935296891254761
2023-03-01,Italy,0.0005206513732778605,0.0005340584816712009,-1.3407108393340421e-05
2023-03-01,ChinaA,0.0,0.002911482059779363,-0.002911482059779363
2023-03-01,Chile,-0.00017389700234485628,-5.334610613540399e-05,-0.00012055089620945229
2023-03-01,Indonesia,0.0,0.0027402743705931707,-0.0027402743705931707
2023-03-01,Philippines,0.0022351175130237598,0.0017668209459711865,0.0004682965670525733
2023-03-01,Poland,-0.001120978526130052,-0.001960345442641717,0.0008393669165116652
2023-03-01,US SmallCap,0.0,-0.0032033246687850603,0.0032033246687850603
2023-03-01,Malaysia,0.0016190395943602078,0.0006136848239794854,0.0010053547703807223
2023-03-01,Taiwan,0.0,0.001838795802609133,-0.001838795802609133
2023-03-01,Mexico,0.002122149814210987,0.0022843929942960484,-0.0001622431800850613
2023-03-01,Korea,0.0,0.002809500167093943,-0.002809500167093943
2023-03-01,Brazil,-0.0003790488317845283,-0.00014719530601260371,-0.00023185352577192458
2023-03-01,South Africa,0.00259794060025342,0.002164264283269579,0.0004336763169838407
2023-03-01,Denmark,0.0,0.005201637611683644,-0.005201637611683644
2023-03-01,India,0.0,0.00072181971545013,-0.00072181971545013
2023-03-01,ChinaH,0.0,0.0027877916425782375,-0.0027877916425782375
2023-03-01,Hong Kong,0.0016629575981612034,0.0007918383504852244,0.000871119247675979
2023-03-01,Thailand,0.0,0.002765084338361864,-0.002765084338361864
2023-03-01,Turkey,-0.015575210709694982,-0.005457798943117039,-0.010117411766577943
2023-03-01,Spain,0.002005352123338542,0.0009649328579978641,0.0010404192653406777
2023-03-01,Vietnam,0.0,0.002728248371176592,-0.002728248371176592
2023-03-01,Saudi Arabia,0.0,0.003213879908067039,-0.003213879908067039
2023-04-01,Singapore,-0.00014559884930766585,-0.00044434598253564433,0.0002987471332279785
2023-04-01,Australia,5.721972331987183e-05,0.00020995685284879874,-0.0001527371295289269
2023-04-01,Canada,0.0018380504550640994,0.001964270234941423,-0.00012621977987732342
2023-04-01,Germany,0.0007133818636193271,0.0022666028592541153,-0.0015532209956347883
2023-04-01,Japan,0.0,0.00024622094860821147,-0.00024622094860821147
2023-04-01,Switzerland,0.0,0.003845395559620854,-0.003845395559620854
2023-04-01,U.K.,0.01117113638115953,0.004047145136301845,0.007123991244857684
2023-04-01,NASDAQ,0.0,4.563266344213892e-05,-4.563266344213892e-05
2023-04-01,U.S.,0.0,0.0010519478201885704,-0.0010519478201885704
2023-04-01,France,0.0,0.0032222279423226134,-0.0032222279423226134
2023-04-01,Netherlands,0.0,-0.001425268013531292,0.001425268013531292
2023-04-01,Sweden,0.0,0.002435895961375537,-0.002435895961375537
2023-04-01,Italy,0.0026020825071669286,0.002717325094322032,-0.00011524258715510339
2023-04-01,ChinaA,0.0,-0.0035175130320684467,0.0035175130320684467
2023-04-01,Chile,-0.004679040798776481,-0.001290780089132917,-0.003388260709643564
2023-04-01,Indonesia,0.0,0.004358398997472795,-0.004358398997472795
2023-04-01,Philippines,0.000566446180811631,0.0006010142084442994,-3.456802763266841e-05
2023-04-01,Poland,0.0026378103128177335,0.009218052120332486,-0.006580241807514753
2023-04-01,US SmallCap,0.0,-0.0011544181132018007,0.0011544181132018007
2023-04-01,Malaysia,-0.0021889165808707794,-0.000834492483403555,-0.0013544240974672243
2023-04-01,Taiwan,0.0,-0.002944044259753564,0.002944044259753564
2023-04-01,Mexico,0.0011752134149939193,0.001972593506757695,-0.0007973800917637759
2023-04-01,Korea,0.0,-0.0005062330662113164,0.0005062330662113164
2023-04-01,Brazil,0.005470813281865691,0.0021534836473249075,0.0033173296345407836
2023-04-01,South Africa,0.000776312801443567,0.0006559869104452136,0.00012032589099835345
2023-04-01,Denmark,0.0,0.003138638453984109,-0.003138638453984109
2023-04-01,India,0.0,0.0026063659104508773,-0.0026063659104508773
2023-04-01,ChinaH,0.0,-0.0034335442394366287,0.0034335442394366287
2023-04-01,Hong Kong,0.0009353480092474584,0.00038105697714895155,0.0005542910320985068
2023-04-01,Thailand,0.0,-0.0023926855251576447,0.0023926855251576447
2023-04-01,Turkey,-0.013476078886879394,-0.004127756779494008,-0.009348322107385384
2023-04-01,Spain,0.003382240702687514,0.0016379861922301562,0.0017442545104573578
2023-04-01,Vietnam,0.0,-0.0016063010264736137,0.0016063010264736137
2023-04-01,Saudi Arabia,0.0,0.0037876036400392313,-0.0037876036400392313
2023-05-01,Singapore,-0.0015114627826454511,-0.004607522980777921,0.00309606019813247
2023-05-01,Australia,-0.0008820471491199384,-0.003246837453231098,0.0023647903041111593
2023-05-01,Canada,-0.003405795770375377,-0.0036569621107126007,0.00025116634033722383
2023-05-01,Germany,-0.0032911492323419358,-0.005413725994860144,0.0021225767625182084
2023-05-01,Japan,0.0,0.0012432530092664346,-0.0012432530092664346
2023-05-01,Switzerland,0.0,-0.0033976068707755784,0.0033976068707755784
2023-05-01,U.K.,-0.01221338938232264,-0.004386867951659913,-0.007826521430662727
2023-05-01,NASDAQ,0.0,0.004089041430074341,-0.004089041430074341
2023-05-01,U.S.,0.0,0.0002976990920700457,-0.0002976990920700457
2023-05-01,France,0.0,-0.006462443672297278,0.006462443672297278
2023-05-01,Netherlands,0.0,0.0005213339513203028,-0.0005213339513203028
2023-05-01,Sweden,0.0,-0.006274603834035735,0.006274603834035735
2023-05-01,Italy,-0.00714108603273698,-0.005691137002444954,-0.0014499490302920266
2023-05-01,ChinaA,0.0,-0.005606850057141409,0.005606850057141409
2023-05-01,Chile,-0.004546213030446665,-0.0012461547228258397,-0.003300058307620825
2023-05-01,Indonesia,0.0,-0.0022474798911571534,0.0022474798911571534
2023-05-01,Philippines,-0.0019525745532845236,-0.0029932661125476605,0.001040691559263137
2023-05-01,Poland,-0.000871585231460811,-0.003076231028033061,0.00220464579657225
2023-05-01,US SmallCap,0.0,-0.0005912250602764953,0.0005912250602764953
2023-05-01,Malaysia,-0.008793237442105048,-0.003390289563293105,-0.0054029478788119424
2023-05-01,Taiwan,0.0,0.004868474033754844,-0.004868474033754844
2023-05-01,Mexico,-0.0005315355150495306,-0.0019277867800136642,0.0013962512649641338
2023-05-01,Korea,0.0,0.003256912468777283,-0.003256912468777283
2023-05-01,Brazil,0.0009554576931237581,0.00042949089491341966,0.0005259667982103384
2023-05-01,South Africa,-0.008232318893756866,-0.009208292451694678,0.000975973557937812
2023-05-01,Denmark,0.0,-0.003307321779863673,0.003307321779863673
2023-05-01,India,0.0,0.0018573456469943494,-0.0018573456469943494
2023-05-01,ChinaH,0.0,-0.005457775853989212,0.005457775853989212
2023-05-01,Hong Kong,-0.016309516185715255,-0.00586109234181169,-0.010448423843903565
2023-05-01,Thailand,0.0,-0.0019565292706337696,0.0019565292706337696
2023-05-01,Turkey,-0.004243848483149435,-0.0012957178920918742,-0.0029481305910575607
2023-05-01,Spain,-0.010373172319293408,-0.004360033833513611,-0.006013138485779797
2023-05-01,Vietnam,0.0,0.00034546564470546603,-0.00034546564470546603
2023-05-01,Saudi Arabia,0.0,-0.0021573838319373343,0.0021573838319373343
2023-06-01,Singapore,0.000762304070026092,0.0012369833128022076,-0.0004746792427761156
2023-06-01,Australia,0.0,0.0035188521111479305,-0.0035188521111479305
2023-06-01,Canada,0.002822221181290242,0.004259047094444254,-0.0014368259131540117
2023-06-01,Germany,0.0032337597894878663,0.003703757358927239,-0.0004699975694393726
2023-06-01,Japan,0.0,0.002764567755261811,-0.002764567755261811
2023-06-01,Switzerland,0.0,0.0017681538340811223,-0.0017681538340811223
2023-06-01,U.K.,0.00820218098987446,0.002941733943235446,0.0052604470466390135
2023-06-01,NASDAQ,0.0,0.004826419407921616,-0.004826419407921616
2023-06-01,U.S.,0.0,0.004526490812489108,-0.004526490812489108
2023-06-01,France,0.0,0.004512057541846094,-0.004512057541846094
2023-06-01,Netherlands,0.0,0.0033544272993336175,-0.0033544272993336175
2023-06-01,Sweden,0.0,0.0024589612626968074,-0.0024589612626968074
2023-06-01,Italy,0.011974444345124024,0.007857020459200859,0.004117423885923165
2023-06-01,ChinaA,0.0,0.002021265334563358,-0.002021265334563358
2023-06-01,Chile,0.017926080229907458,0.0053295009536972705,0.012596579276210187
2023-06-01,Indonesia,0.0,0.00015318834991178256,-0.00015318834991178256
2023-06-01,Philippines,0.0009290734850639111,0.0014358658907016586,-0.0005067924056377475
2023-06-01,Poland,0.005795175464000981,0.01088590825327286,-0.005090732789271879
2023-06-01,US SmallCap,0.0,0.005121031492753753,-0.005121031492753753
2023-06-01,Malaysia,-0.0026979285087614263,-0.0011729276292043,-0.0015250008795571262
2023-06-01,Taiwan,0.0,0.00042910654622893275,-0.00042910654622893275
2023-06-01,Mexico,0.0011891606898799644,0.004253888500793309,-0.003064727810913344
2023-06-01,Korea,0.0,0.0004365882187963357,-0.0004365882187963357
2023-06-01,Brazil,0.020667230603409047,0.010582908934736126,0.010084321668672921
2023-06-01,South Africa,0.005083471916598982,0.005803260540358341,-0.0007197886237593591
2023-06-01,Denmark,0.0,0.00143111447193108,-0.00143111447193108
2023-06-01,India,0.0,0.003112789375859424,-0.003112789375859424
2023-06-01,ChinaH,0.0,0.002285867779085392,-0.002285867779085392
2023-06-01,Hong Kong,0.005854395971612636,0.0021241710761011256,0.0037302248955115103
2023-06-01,Thailand,0.0,-0.0010860866658602977,0.0010860866658602977
2023-06-01,Turkey,-0.009767426634134749,-0.0029697052955322766,-0.006797721338602472
2023-06-01,Spain,0.01628639325531122,0.006138480331939476,0.010147912923371744
2023-06-01,Vietnam,0.0,0.0034782111182558,-0.0034782111182558
2023-06-01,Saudi Arabia,0.0,0.002141206409073273,-0.002141206409073273
2023-07-01,Singapore,0.0037308941410830318,0.006077955064757113,-0.0023470609236740814
2023-07-01,Australia,0.0,0.002457859844251627,-0.002457859844251627
2023-07-01,Canada,0.0007491413050926902,0.0022609800535929297,-0.0015118387485002394
2023-07-01,Germany,0.0027715697771392087,0.0022561320205748098,0.0005154377565643989
2023-07-01,Japan,0.0,0.0021675521298188207,-0.0021675521298188207
2023-07-01,Switzerland,0.0,0.002524945427943453,-0.002524945427943453
2023-07-01,U.K.,0.006400601604866669,0.0026108147108848526,0.003789786893981816
2023-07-01,NASDAQ,0.0,0.003127104927532058,-0.003127104927532058
2023-07-01,U.S.,0.0,0.002337725983133871,-0.002337725983133871
2023-07-01,France,0.0,0.0015611379386627408,-0.0015611379386627408
2023-07-01,Netherlands,0.0,0.0020256022178928627,-0.0020256022178928627
2023-07-01,Sweden,0.0,0.0010487173370376445,-0.0010487173370376445
2023-07-01,Italy,0.007116117850481142,0.004720124330740139,0.0023959935197410027
2023-07-01,ChinaA,0.0,0.006358742693315585,-0.006358742693315585
2023-07-01,Chile,0.014085875671017864,0.004158458066491416,0.009927417604526447
2023-07-01,Indonesia,0.0,0.000672620870655831,-0.000672620870655831
2023-07-01,Philippines,0.0016275162500095275,0.002532929353952848,-0.0009054131039433206
2023-07-01,Poland,0.0061993940210112895,0.007348136224368468,-0.0011487422033571787
2023-07-01,US SmallCap,0.0,0.004175244250751603,-0.004175244250751603
2023-07-01,Malaysia,0.011554541643622976,0.005965317356220696,0.00558922428740228
2023-07-01,Taiwan,0.0,0.00013740316478902758,-0.00013740316478902758
2023-07-01,Mexico,0.0010181300149528967,0.0035888593013599984,-0.002570729286407102
2023-07-01,Korea,0.0016363423621428923,0.004556949764051506,-0.002920607401908614
2023-07-01,Brazil,0.007321196788728387,0.003706618921952431,0.0036145778667759556
2023-07-01,South Africa,0.006737899174627408,0.007795500410317823,-0.0010576012356904143
2023-07-01,Denmark,0.0,0.000504067988871439,-0.000504067988871439
2023-07-01,India,0.0,0.002101807033950606,-0.002101807033950606
2023-07-01,ChinaH,0.0,0.005925350910200237,-0.005925350910200237
2023-07-01,Hong Kong,0.005011125734205136,0.001855260701923863,0.003155865032281273
2023-07-01,Thailand,0.0,0.005077801767385893,-0.005077801767385893
2023-07-01,Turkey,0.043040369754270384,0.013047989992918514,0.02999237976135187
2023-07-01,Spain,0.004290214370774925,0.0016087514180699388,0.0026814629527049864
2023-07-01,Vietnam,0.0,0.00672148516758444,-0.00672148516758444
2023-07-01,Saudi Arabia,0.0,0.001458559627269955,-0.001458559627269955
2023-08-01,Singapore,-0.0037933509458395265,-0.006195307323045565,0.0024019563772060383
2023-08-01,Australia,0.0,-0.002818375305315479,0.002818375305315479
2023-08-01,Canada,-0.0009749054232965009,-0.002966951946002955,0.001992046522706454
2023-08-01,Germany,-0.005817050971523094,-0.0036746827482816904,-0.002142368223241403
2023-08-01,Japan,0.0,-0.0018222966300431654,0.0018222966300431654
2023-08-01,Switzerland,0.0,-0.0025872483049008146,0.0025872483049008146
2023-08-01,U.K.,-0.004197747581857371,-0.0019853569179596902,-0.002212390663897681
2023-08-01,NASDAQ,0.0,-0.0016391363412459668,0.0016391363412459668
2023-08-01,U.S.,0.0,-0.001199123980477445,0.001199123980477445
2023-08-01,France,0.0,-0.002921865951060878,0.002921865951060878
2023-08-01,Netherlands,0.0,-0.006967898764453146,0.006967898764453146
2023-08-01,Sweden,0.0,-0.00486349932319566,0.00486349932319566
2023-08-01,Italy,-0.005896162441618565,-0.003173135853667166,-0.0027230265879513993
2023-08-01,ChinaA,0.0,-0.006403376236159523,0.006403376236159523
2023-08-01,Chile,-0.021375204401370366,-0.0070031529403402895,-0.014372051461030075
2023-08-01,Indonesia,0.0,-0.0009154768604770064,0.0009154768604770064
2023-08-01,Philippines,-0.0020686764915877217,-0.006721585550487285,0.0046529090588995625
2023-08-01,Poland,-0.0095542033959222,-0.008306258291392652,-0.0012479451045295485
2023-08-01,US SmallCap,0.0,-0.0036519386457001543,0.0036519386457001543
2023-08-01,Malaysia,-0.0033990763640018005,-0.0021293781390807637,-0.0012696982249210368
2023-08-01,Taiwan,0.0,-0.003474303849941754,0.003474303849941754
2023-08-01,Mexico,-0.0010275765572678984,-0.0035594879532206878,0.002531911395952789
2023-08-01,Korea,-0.004147507750574998,-0.005915543430821894,0.0017680356802468964
2023-08-01,Brazil,-0.015061903098893555,-0.0064714116955298835,-0.008590491403363671
2023-08-01,South Africa,-0.007563765236640678,-0.008789413767195163,0.001225648530554485
2023-08-01,Denmark,0.0,0.0033134681088033287,-0.0033134681088033287
2023-08-01,India,0.0,-0.0012481994812690012,0.0012481994812690012
2023-08-01,ChinaH,0.0,-0.005928927677570139,0.005928927677570139
2023-08-01,Hong Kong,-0.013837137647154692,-0.0058794381716807936,-0.007957699475473898
2023-08-01,Thailand,0.0,-0.0020917082627621474,0.0020917082627621474
2023-08-01,Turkey,0.018970940816088012,0.005772497664673103,0.013198443151414909
2023-08-01,Spain,-0.006162650919373763,-0.00230754460724336,-0.003855106312130403
2023-08-01,Vietnam,0.0,0.000183624884850851,-0.000183624884850851
2023-08-01,Saudi Arabia,0.0,-0.0015436340297686174,0.0015436340297686174
2023-09-01,Singapore,-0.00013759557615944135,-0.00022611219904052808,8.851662288108673e-05
2023-09-01,Australia,0.0,-0.0018394343169441183,0.0018394343169441183
2023-09-01,Canada,0.0,-0.002025702496650185,0.002025702496650185
2023-09-01,Germany,-0.008072698065813805,-0.004221031237790863,-0.003851666828022943
2023-09-01,Japan,0.0,-0.002052849010123978,0.002052849010123978
2023-09-01,Switzerland,0.0,-0.003772218041132409,0.003772218041132409
2023-09-01,U.K.,-0.0008635527734595558,-0.0004884552256307665,-0.0003750975478287893
2023-09-01,NASDAQ,0.0,-0.0044889543811872405,0.0044889543811872405
2023-09-01,U.S.,0.0,-0.0035275651126626447,0.0035275651126626447
2023-09-01,France,0.0,-0.003842740111097526,0.003842740111097526
2023-09-01,Netherlands,0.0,-0.005583938421845856,0.005583938421845856
2023-09-01,Sweden,0.0,-0.00012017465097348356,0.00012017465097348356
2023-09-01,Italy,-0.006875944868640417,-0.003139050268565472,-0.0037368946000749447
2023-09-01,ChinaA,0.0,-0.0019213069937505972,0.0019213069937505972
2023-09-01,Chile,-0.010777719992186997,-0.003983630551573988,-0.006794089440613009
2023-09-01,Indonesia,0.0,-0.0024343696710456514,0.0024343696710456514
2023-09-01,Philippines,0.0005532950167105781,0.0018253894288255404,-0.0012720944121149623
2023-09-01,Poland,-0.01299698383362047,-0.008896103679923934,-0.004100880153696536
2023-09-01,US SmallCap,0.0,-0.004109594941983857,0.004109594941983857
2023-09-01,Malaysia,-0.0014910207845720926,-0.0011774663997399875,-0.00031355438483210516
2023-09-01,Taiwan,0.0,-0.002793536035251892,0.002793536035251892
2023-09-01,Mexico,-0.0014005985821511678,-0.004752134057599887,0.0033515354754487196
2023-09-01,Korea,-0.003824673158132202,-0.003776213778900741,-4.8459379231461167e-05
2023-09-01,Brazil,0.00041551882082954987,0.0001804197404643012,0.00023509908036524867
2023-09-01,South Africa,-0.0012746375943315168,-0.00244917095055467,0.0011745333562231534
2023-09-01,Denmark,0.0,-0.002222479784873295,0.002222479784873295
2023-09-01,India,0.0,0.0011006919140843963,-0.0011006919140843963
2023-09-01,ChinaH,0.0,-0.0019841904853694892,0.0019841904853694892
2023-09-01,Hong Kong,-0.0068245974331585186,-0.0034090262322698014,-0.003415571200888717
2023-09-01,Thailand,0.0,-0.006407590395954916,0.006407590395954916
2023-09-01,Turkey,0.010358116857779683,0.002819189441978803,0.00753892741580088
2023-09-01,Spain,-0.0066241813148249125,-0.002201799756724783,-0.00442238155810013
2023-09-01,Vietnam,0.0,-0.0064720924577082875,0.0064720924577082875
2023-09-01,Saudi Arabia,0.0,-0.0029201072646576104,0.0029201072646576104
2023-10-01,Singapore,-0.0018414081812258589,-0.0030458375211456475,0.0012044293399197886
2023-10-01,Australia,0.0,-0.0032474390105348013,0.0032474390105348013
2023-10-01,Canada,0.0,-0.0037712653208997345,0.0037712653208997345
2023-10-01,Germany,-0.006642396959453487,-0.0029659965149125044,-0.003676400444540983
2023-10-01,Japan,-0.0009327498164483388,-0.0031767205143478057,0.002243970697899467
2023-10-01,Switzerland,0.0,-0.0030832930301009955,0.0030832930301009955
2023-10-01,U.K.,-0.004230181512930628,-0.002883778667826224,-0.001346402845104404
2023-10-01,NASDAQ,0.0,-0.0020143861580014712,0.0020143861580014712
2023-10-01,U.S.,0.0,-0.0014802577143151483,0.0014802577143151483
2023-10-01,France,0.0,-0.0025517825403127414,0.0025517825403127414
2023-10-01,Netherlands,0.0,-0.0008079479722241672,0.0008079479722241672
2023-10-01,Sweden,0.0,-0.0040355748783109605,0.0040355748783109605
2023-10-01,Italy,-0.002235994372972357,-0.0008873643372976403,-0.0013486300356747166
2023-10-01,ChinaA,0.0,-0.0027727958064171676,0.0027727958064171676
2023-10-01,Chile,-0.014072825130700312,-0.0058685420862840025,-0.00820428304441631
2023-10-01,Indonesia,0.0,-0.005667620394302297,0.005667620394302297
2023-10-01,Philippines,0.0,-0.0038129516703237828,0.0038129516703237828
2023-10-01,Poland,0.020553102176661033,0.011418253176659404,0.00913484900000163
2023-10-01,US SmallCap,0.0,-0.004516687765945624,0.004516687765945624
2023-10-01,Malaysia,-7.81214186307227e-05,-7.942995312534094e-05,1.3085344946182377e-06
2023-10-01,Taiwan,0.0,-0.001118460052525623,0.001118460052525623
2023-10-01,Mexico,-0.0012612182571700395,-0.004238481079517056,0.0029772628223470165
2023-10-01,Korea,-0.005841337576682564,-0.004403545589980003,-0.0014377919867025607
2023-10-01,Brazil,-0.00547897528440215,-0.0027052717672776303,-0.0027737035171245196
2023-10-01,South Africa,-0.0003656676570740888,-0.000709322321411151,0.00034365466433706224
2023-10-01,Denmark,0.0,0.0002167486857903863,-0.0002167486857903863
2023-10-01,India,0.0,-0.002116770080838929,0.002116770080838929
2023-10-01,ChinaH,0.0,-0.0027514526160427734,0.0027514526160427734
2023-10-01,Hong Kong,-0.00215996277262736,-0.001274130662353357,-0.0008858321102740033
2023-10-01,Thailand,0.0,-0.001986138828664786,0.001986138828664786
2023-10-01,Turkey,-0.03845072657022527,-0.010443104026972294,-0.028007622543252973
2023-10-01,Spain,-0.010788951150056984,-0.003226753688682862,-0.007562197461374122
2023-10-01,Vietnam,0.0,-0.009361754268727096,0.009361754268727096
2023-10-01,Saudi Arabia,0.0,-0.0019297264371015287,0.0019297264371015287
2023-11-01,Singapore,0.0007597609887776749,0.0012611350746655813,-0.0005013740858879063
2023-11-01,Australia,0.0,0.006099320722788109,-0.006099320722788109
2023-11-01,Canada,0.0,0.006709318471348604,-0.006709318471348604
2023-11-01,Germany,0.01899378205948309,0.00844867996325432,0.010545102096228769
2023-11-01,Japan,0.001682042425996107,0.005714257554993258,-0.004032215128997151
2023-11-01,Switzerland,0.0,0.005914309843466483,-0.005914309843466483
2023-11-01,U.K.,0.005869155623702965,0.005034042666235656,0.0008351129574673093
2023-11-01,NASDAQ,0.0,0.0076647634078174905,-0.0076647634078174905
2023-11-01,U.S.,0.0,0.006297699533136784,-0.006297699533136784
2023-11-01,France,0.0,0.006136433520806185,-0.006136433520806185
2023-11-01,Netherlands,0.0,0.00834420403175128,-0.00834420403175128
2023-11-01,Sweden,0.0,0.009295705927206873,-0.009295705927206873
2023-11-01,Italy,0.020210459848787207,0.007144075136645363,0.013066384712141844
2023-11-01,ChinaA,0.000471390015899676,0.0015295980930643408,-0.0010582080771646648
2023-11-01,Chile,0.013457810604411903,0.0064485730382287075,0.007009237566183196
2023-11-01,Indonesia,0.0,0.00420478144312334,-0.00420478144312334
2023-11-01,Philippines,0.0,0.005186514665423048,-0.005186514665423048
2023-11-01,Poland,0.015577690811654714,0.0074242735283476845,0.00815341728330703
2023-11-01,US SmallCap,0.0,0.0056556219828184946,-0.0056556219828184946
2023-11-01,Malaysia,0.0013970830937567417,0.0019739768256556334,-0.0005768937318988917
2023-11-01,Taiwan,0.0,0.008644393224741599,-0.008644393224741599
2023-11-01,Mexico,0.0030059235297562924,0.010103801171002949,-0.007097877641246656
2023-11-01,Korea,0.015687207011833557,0.009633768747794475,0.006053438264039082
2023-11-01,Brazil,0.017666811421986856,0.01005859467196163,0.007608216750025227
2023-11-01,South Africa,0.0011251179668379549,0.004961197857450668,-0.0038360798906127134
2023-11-01,Denmark,0.0,0.005679903816370468,-0.005679903816370468
2023-11-01,India,0.0,0.004800644648439829,-0.004800644648439829
2023-11-01,ChinaH,0.00035817879554256836,0.0011680581859518043,-0.000809879390409236
2023-11-01,Hong Kong,0.0002643233063518312,0.00019252509497546248,7.17982113763687e-05
2023-11-01,Thailand,0.0,0.0009607365085305088,-0.0009607365085305088
2023-11-01,Turkey,0.0199671773457691,0.00543346742033643,0.01453370992543267
2023-11-01,Spain,0.036928082893995545,0.01009268451001916,0.026835398383976385
2023-11-01,Vietnam,0.0,0.006598614800324049,-0.006598614800324049
2023-11-01,Saudi Arabia,0.0,0.0031582008401403144,-0.0031582008401403144
2023-12-01,Singapore,0.0029344331960905225,0.004913779644540072,-0.00197934644844955
2023-12-01,Australia,0.0,0.007912947490495936,-0.007912947490495936
2023-12-01,Canada,0.0,0.004858791564532052,-0.004858791564532052
2023-12-01,Germany,0.007119784835752931,0.0031520849608517865,0.0039676998749011445
2023-12-01,Japan,0.0018001755580401087,0.0030866122371259585,-0.0012864366790858498
2023-12-01,Switzerland,0.0,0.003992993240346788,-0.003992993240346788
2023-12-01,U.K.,0.00399416329489969,0.0034246762753143527,0.0005694870195853373
2023-12-01,NASDAQ,0.0,0.004358042014683304,-0.004358042014683304
2023-12-01,U.S.,0.0,0.003397872523271595,-0.003397872523271595
2023-12-01,France,0.0,0.0032042780128296875,-0.0032042780128296875
2023-12-01,Netherlands,0.0,0.004990487441036256,-0.004990487441036256
2023-12-01,Sweden,0.0,0.00866646784318118,-0.00866646784318118
2023-12-01,Italy,0.007451090454207134,0.002371527937301687,0.005079562516905447
2023-12-01,ChinaA,-0.000495708630972184,-0.0016273050170045938,0.00113159638603241
2023-12-01,Chile,0.0071902567649799265,0.00399860880268582,0.003191647962294107
2023-12-01,Indonesia,0.0,0.003199506934352281,-0.003199506934352281
2023-12-01,Philippines,0.0,0.003096992539151665,-0.003096992539151665
2023-12-01,Poland,0.017164421096962944,0.007160058125669737,0.010004362971293207
2023-12-01,US SmallCap,0.0,0.008422154283915228,-0.008422154283915228
2023-12-01,Malaysia,0.000551193541217211,0.001239443442776428,-0.000688249901559217
2023-12-01,Taiwan,0.0,0.003936582817299519,-0.003936582817299519
2023-12-01,Mexico,0.0,0.0070440865384753405,-0.0070440865384753405
2023-12-01,Korea,0.010592262627327355,0.005521207565927208,0.005071055061400147
2023-12-01,Brazil,0.010181440902001801,0.005809904441995861,0.00437153646000594
2023-12-01,South Africa,0.0009634345405313866,0.0042983160493580514,-0.003334881508826665
2023-12-01,Denmark,0.0,0.0028828625576810692,-0.0028828625576810692
2023-12-01,India,0.0,0.006155933236152323,-0.006155933236152323
2023-12-01,ChinaH,-0.0005049435367849608,-0.0016656921722872,0.0011607486355022392
2023-12-01,Hong Kong,0.004318576414050803,0.0032009724122320747,0.0011176040018187287
2023-12-01,Thailand,0.0,0.0037452632611904616,-0.0037452632611904616
2023-12-01,Turkey,-0.016222904285667108,-0.004762433250204724,-0.011460471035462383
2023-12-01,Spain,0.004842275868094435,0.0013193331613583997,0.0035229427067360354
2023-12-01,Vietnam,0.0,0.0024040537462052375,-0.0024040537462052375
2023-12-01,Saudi Arabia,0.0,0.005229184169280455,-0.005229184169280455
2024-01-01,Singapore,-0.001911509277545638,-0.003223827748298431,0.001312318470752793
2024-01-01,Australia,0.0,-0.0015385975119904419,0.0015385975119904419
2024-01-01,Canada,0.0,-0.0005587918044787117,0.0005587918044787117
2024-01-01,Germany,-0.0017743579626291108,-0.0007108604841948558,-0.001063497478434255
2024-01-01,Japan,0.0028279276320882594,0.0034847569338461552,-0.0006568293017578958
2024-01-01,Switzerland,0.0,-0.00023110274211913487,0.00023110274211913487
2024-01-01,U.K.,-0.0011144108821684714,-0.0009523857728818656,-0.0001620251092866058
2024-01-01,NASDAQ,0.0,0.0008409290289220279,-0.0008409290289220279
2024-01-01,U.S.,0.0,0.0013078499164545848,-0.0013078499164545848
2024-01-01,France,0.0,-1.7551209081413643e-05,1.7551209081413643e-05
2024-01-01,Netherlands,0.0,0.004594578287240352,-0.004594578287240352
2024-01-01,Sweden,0.0,-0.00331419379115691,0.00331419379115691
2024-01-01,Italy,-5.6082964746988795e-05,-1.6507535777428872e-05,-3.957542896955992e-05
2024-01-01,ChinaA,-0.0020174041764431804,-0.006770054934371091,0.00475265075792791
2024-01-01,Chile,-0.012061463163820991,-0.0077996269425898955,-0.004261836221231096
2024-01-01,Indonesia,0.0,-0.0011955703157722657,0.0011955703157722657
2024-01-01,Philippines,0.0,0.000923688984140743,-0.000923688984140743
2024-01-01,Poland,-0.008088734978115571,-0.0030720118809649485,-0.005016723097150623
2024-01-01,US SmallCap,0.0,-0.00300393449560376,0.00300393449560376
2024-01-01,Malaysia,-6.982372303310088e-05,-0.00031429932469379554,0.00024447560166069465
2024-01-01,Taiwan,0.0,-0.0009779851527599232,0.0009779851527599232
2024-01-01,Mexico,0.0,-0.0014838263900813324,0.0014838263900813324
2024-01-01,Korea,-0.016118049046917996,-0.00749748554417189,-0.008620563502746106
2024-01-01,Brazil,-0.00857526074531449,-0.004985137615936549,-0.0035901231293779413
2024-01-01,South Africa,0.0,-0.004570725583439792,0.004570725583439792
2024-01-01,Denmark,0.0,0.003978115922117331,-0.003978115922117331
2024-01-01,India,0.0,0.002035964344908436,-0.002035964344908436
2024-01-01,ChinaH,-0.0019702148169389866,-0.006641847039438553,0.004671632222499567
2024-01-01,Hong Kong,-0.007104388502219304,-0.006391817221435357,-0.0007125712807839468
2024-01-01,Thailand,0.0,-0.005170774416593596,0.005170774416593596
2024-01-01,Turkey,0.022973961352994166,0.007309477257287345,0.01566448409570682
2024-01-01,Spain,-0.004126650802164353,-0.001128952907426805,-0.002997697894737548
2024-01-01,Vietnam,0.0,-0.00016299473910119715,0.00016299473910119715
2024-01-01,Saudi Arabia,0.0,-0.0009398372789725832,0.0009398372789725832
2024-02-01,Singapore,0.00035051216951806363,0.0005964554176174283,-0.0002459432480993647
2024-02-01,Australia,0.0,-0.0003006043666842303,0.0003006043666842303
2024-02-01,Canada,0.0,0.0005249181160453798,-0.0005249181160453798
2024-02-01,Germany,0.007158384619542624,0.002867452520076271,0.004290932099466353
2024-02-01,Japan,0.0024163772529679295,0.002331617729443399,8.475952352453037e-05
2024-02-01,Switzerland,0.0,-0.0016255695840627388,0.0016255695840627388
2024-02-01,U.K.,0.0005937879168830865,0.000515502417373676,7.828549950941049e-05
2024-02-01,NASDAQ,0.0,0.004978925786772227,-0.004978925786772227
2024-02-01,U.S.,0.0,0.004187583780332409,-0.004187583780332409
2024-02-01,France,0.0,0.0019370353058595234,-0.0019370353058595234
2024-02-01,Netherlands,0.0,0.003979981093514162,-0.003979981093514162
2024-02-01,Sweden,0.0,0.0037087198743971945,-0.0037087198743971945
2024-02-01,Italy,0.01635049548642305,0.004481309248720647,0.011869186237702403
2024-02-01,ChinaA,0.0014243264602195865,0.004932884469512906,-0.0035085580092933197
2024-02-01,Chile,0.004651752944441096,0.0035887135268865044,0.0010630394175545916
2024-02-01,Indonesia,0.0,0.0021708760152171903,-0.0021708760152171903
2024-02-01,Philippines,0.0,0.0038834060226475313,-0.0038834060226475313
2024-02-01,Poland,0.01518295603872214,0.005266409750891182,0.009916546287830957
2024-02-01,US SmallCap,0.0,0.004203668749331484,-0.004203668749331484
2024-02-01,Malaysia,0.0,0.0017132801147754521,-0.0017132801147754521
2024-02-01,Taiwan,0.0,0.004152224283047443,-0.004152224283047443
2024-02-01,Mexico,0.0,-0.002188894734834498,0.002188894734834498
2024-02-01,Korea,0.011318937716919596,0.0047450250732178475,0.0065739126437017485
2024-02-01,Brazil,0.0003461569364931092,0.00020368114115960128,0.00014247579533350794
2024-02-01,South Africa,0.0,-0.003813446843979179,0.003813446843979179
2024-02-01,Denmark,0.0,0.0029256288014529253,-0.0029256288014529253
2024-02-01,India,0.0,0.0022731972949767715,-0.0022731972949767715
2024-02-01,ChinaH,0.0014516316637475614,0.005048091002650209,-0.003596459338902648
2024-02-01,Hong Kong,0.0024620236619152286,0.0028069600676906238,-0.00034493640577539517
2024-02-01,Thailand,0.0,0.0003550456309902656,-0.0003550456309902656
2024-02-01,Turkey,0.007059676629950555,0.002424855242111144,0.004634821387839411
2024-02-01,Spain,-0.0035552978780806405,-0.0009745315894022932,-0.0025807662886783472
2024-02-01,Vietnam,0.0,0.004996158393024503,-0.004996158393024503
2024-02-01,Saudi Arabia,0.0,0.004904239506993726,-0.004904239506993726
2024-03-01,Singapore,0.000762984565789413,0.002812606805601598,-0.002049622239812185
2024-03-01,Australia,0.0,0.002643781686643568,-0.002643781686643568
2024-03-01,Canada,0.0,0.00315971361572293,-0.00315971361572293
2024-03-01,Germany,0.007329629029461879,0.0029375889187747586,0.004392040110687121
2024-03-01,Japan,0.0024295894364566033,0.0018141876791304635,0.0006154017573261397
2024-03-01,Switzerland,0.0,0.0005379699944946082,-0.0005379699944946082
2024-03-01,U.K.,0.00464732730617494,0.0040389187958497245,0.0006084085103252156
2024-03-01,NASDAQ,0.0,0.0015400593556866714,-0.0015400593556866714
2024-03-01,U.S.,0.0,0.0026238822577723114,-0.0026238822577723114
2024-03-01,France,0.0,0.002289837552446665,-0.002289837552446665
2024-03-01,Netherlands,0.0,0.002997343727143275,-0.002997343727143275
2024-03-01,Sweden,0.0,-4.342431757769135e-05,4.342431757769135e-05
2024-03-01,Italy,0.020958140780278214,0.005766354366493247,0.015191786413784967
2024-03-01,ChinaA,0.00016824318131875907,0.0005988513675040854,-0.00043060818618532635
2024-03-01,Chile,0.0014391422286132037,0.0014754550614692373,-3.631283285603364e-05
2024-03-01,Indonesia,0.0,0.0007387449382193016,-0.0007387449382193016
2024-03-01,Philippines,0.0,-0.0002033771760939178,0.0002033771760939178
2024-03-01,Poland,0.0022599055679876526,0.000700260489364791,0.0015596450786228616
2024-03-01,US SmallCap,0.0,0.00281954018975726,-0.00281954018975726
2024-03-01,Malaysia,0.0,0.0008394009473420901,-0.0008394009473420901
2024-03-01,Taiwan,0.0,0.00614163626061049,-0.00614163626061049
2024-03-01,Mexico,0.0012720511588199424,0.004075780707404616,-0.002803729548584674
2024-03-01,Korea,0.011650556545715089,0.004313536301332989,0.0073370202443821
2024-03-01,Brazil,-0.0023172349121859943,-0.0013958213524179668,-0.0009214135597680276
2024-03-01,South Africa,0.0,0.00336953635853801,-0.00336953635853801
2024-03-01,Denmark,0.0,0.004387274630457588,-0.004387274630457588
2024-03-01,India,0.0,0.0006956631328126697,-0.0006956631328126697
2024-03-01,ChinaH,0.0001876835904617836,0.0006705683637376532,-0.00048288477327586965
2024-03-01,Hong Kong,-0.0024395223345146134,-0.004241584676676403,0.0018020623421617895
2024-03-01,Thailand,0.0,-0.00034779389178827994,0.00034779389178827994
2024-03-01,Turkey,0.0014927696246777855,0.0005733817163164237,0.0009193879083613618
2024-03-01,Spain,0.029782845531874252,0.008199716942334364,0.02158312858953989
2024-03-01,Vietnam,0.0,0.0018551344264219262,-0.0018551344264219262
2024-03-01,Saudi Arabia,0.0,-0.0017080918999546207,0.0017080918999546207
2024-04-01,Singapore,0.0007827438225613331,0.0029209614853498004,-0.0021382176627884673
2024-04-01,Australia,0.0,-0.002992101094808228,0.002992101094808228
2024-04-01,Canada,0.0,-0.0026537439427745295,0.0026537439427745295
2024-04-01,Germany,-0.007227953657814019,-0.003346624396845007,-0.0038813292609690122
2024-04-01,Japan,-0.006624281254829841,-0.00396389018213564,-0.002660391072694201
2024-04-01,Switzerland,0.0,-0.003864068146858272,0.003864068146858272
2024-04-01,U.K.,0.0014477155662783409,0.0018047931452911034,-0.00035707757901276256
2024-04-01,NASDAQ,0.0,-0.003658113068507492,0.003658113068507492
2024-04-01,U.S.,0.0,-0.003398287370292419,0.003398287370292419
2024-04-01,France,0.0,-0.002531876206328459,0.002531876206328459
2024-04-01,Netherlands,0.0,-0.0037980551710458843,0.0037980551710458843
2024-04-01,Sweden,0.0,-0.002230168097142311,0.002230168097142311
2024-04-01,Italy,-0.012080579304336354,-0.0033342430543831943,-0.00874633624995316
2024-04-01,ChinaA,0.001207887631908871,0.004425526773754527,-0.0032176391418456563
2024-04-01,Chile,-0.00032447996753223756,-0.0005050146488324763,0.0001805346813002387
2024-04-01,Indonesia,0.0,-0.006260183348303381,0.006260183348303381
2024-04-01,Philippines,0.0,-0.004381765045747437,0.004381765045747437
2024-04-01,Poland,0.003940599859585009,0.0010859597320435526,0.002854640127541457
2024-04-01,US SmallCap,0.0,-0.0057179172912281825,0.0057179172912281825
2024-04-01,Malaysia,0.0,0.0010818962538618848,-0.0010818962538618848
2024-04-01,Taiwan,0.0,-0.0020074872480250893,0.0020074872480250893
2024-04-01,Mexico,-0.0009214272371559472,-0.0029420992612999093,0.0020206720241439623
2024-04-01,Korea,-0.014521167638749319,-0.004784140654477933,-0.009737026984271386
2024-04-01,Brazil,-0.00620513264863095,-0.003067161028556478,-0.0031379716200744716
2024-04-01,South Africa,0.0,0.0022812856803359582,-0.0022812856803359582
2024-04-01,Denmark,0.0,-0.0004311202829914199,0.0004311202829914199
2024-04-01,India,0.0,0.0018545503781568413,-0.0018545503781568413
2024-04-01,ChinaH,0.001191923492533099,0.0043811032801792955,-0.0031891797876461964
2024-04-01,Hong Kong,0.0008850218071435457,0.00328809981602971,-0.0024030780088861643
2024-04-01,Thailand,0.0,-0.0012619334348573294,0.0012619334348573294
2024-04-01,Turkey,0.02987157302393859,0.011535284964145801,0.018336288059792788
2024-04-01,Spain,-0.009191790491560397,-0.0025372010327715734,-0.006654589458788824
2024-04-01,Vietnam,0.0,-0.005941843176276448,0.005941843176276448
2024-04-01,Saudi Arabia,0.0,-0.0008371438595599275,0.0008371438595599275
2024-05-01,Singapore,0.0007927234187285862,0.0029738858659795423,-0.0021811624472509563
2024-05-01,Australia,0.0,0.002833231280602441,-0.002833231280602441
2024-05-01,Canada,0.0,0.002641491828924492,-0.002641491828924492
2024-05-01,Germany,0.004116857637566576,0.0022299994425799344,0.0018868581949866414
2024-05-01,Japan,0.001982674559327807,0.0009849046148282651,0.0009977699444995419
2024-05-01,Switzerland,0.0,0.005554936205416812,-0.005554936205416812
2024-05-01,U.K.,0.002910967779105178,0.0036201108286950307,-0.0007091430495898528
2024-05-01,NASDAQ,0.0,0.005500725152194055,-0.005500725152194055
2024-05-01,U.S.,0.0,0.003921738644123641,-0.003921738644123641
2024-05-01,France,0.0,0.0014798929240861178,-0.0014798929240861178
2024-05-01,Netherlands,0.0,0.004628649066865305,-0.004628649066865305
2024-05-01,Sweden,0.0,0.005191715829083323,-0.005191715829083323
2024-05-01,Italy,0.012072693942216828,0.0033225641368450206,0.008750129805371806
2024-05-01,ChinaA,0.0004182107876088218,0.0015552152987744687,-0.0011370045111656468
2024-05-01,Chile,0.0014217075063069934,0.004285799846565447,-0.0028640923402584537
2024-05-01,Indonesia,0.0,-0.004256490411668558,0.004256490411668558
2024-05-01,Philippines,0.0,-0.0044939886944675485,0.0044939886944675485
2024-05-01,Poland,0.011654043226367114,0.0032055657699084357,0.008448477456458678
2024-05-01,US SmallCap,0.0,0.00377832219629827,-0.00377832219629827
2024-05-01,Malaysia,0.0,0.0022292522298251244,-0.0022292522298251244
2024-05-01,Taiwan,0.0,0.0043750049766811865,-0.0043750049766811865
2024-05-01,Mexico,-0.0005807285162362202,-0.001853243565815431,0.0012725150495792108
2024-05-01,Korea,-0.008527585836293778,-0.0025249792457324844,-0.006002606590561293
2024-05-01,Brazil,-0.008686547493964468,-0.003634301795807872,-0.005052245698156595
2024-05-01,South Africa,0.0,-0.00015186638471619343,0.00015186638471619343
2024-05-01,Denmark,0.0,0.004043650713350978,-0.004043650713350978
2024-05-01,India,0.0,0.0006908888083183814,-0.0006908888083183814
2024-05-01,ChinaH,0.0004271792079517324,0.0015931232621612533,-0.001165944054209521
2024-05-01,Hong Kong,0.0,0.0017209696028553647,-0.0017209696028553647
2024-05-01,Thailand,0.0,-0.000915976634667909,0.000915976634667909
2024-05-01,Turkey,0.015052192386933554,0.005849900898382888,0.009202291488550667
2024-05-01,Spain,0.016593481697675952,0.004564917241734519,0.012028564455941432
2024-05-01,Vietnam,0.0,0.002896254527514976,-0.002896254527514976
2024-05-01,Saudi Arabia,0.0,-0.00572065351067367,0.00572065351067367
2024-06-01,Singapore,0.0,0.0006632472728976618,-0.0006632472728976618
2024-06-01,Australia,0.0,0.0016565132075784957,-0.0016565132075784957
2024-06-01,Canada,0.0,-0.001558908572490657,0.001558908572490657
2024-06-01,Germany,-0.0022588586286010808,-0.0014377923309377317,-0.0008210662976633491
2024-06-01,Japan,-0.0012651256042361825,-0.0006285738738780723,-0.0006365517303581102
2024-06-01,Switzerland,0.0,2.1876456877363546e-05,-2.1876456877363546e-05
2024-06-01,U.K.,-0.0009132729335785733,-0.001107644648465284,0.00019437171488671063
2024-06-01,NASDAQ,0.0,0.005034562389028403,-0.005034562389028403
2024-06-01,U.S.,0.0,0.0029536879260169476,-0.0029536879260169476
2024-06-01,France,0.0,-0.0059458304825081056,0.0059458304825081056
2024-06-01,Netherlands,0.0,0.0026500797332138235,-0.0026500797332138235
2024-06-01,Sweden,0.0,-0.0016316880510762676,0.0016316880510762676
2024-06-01,Italy,-0.015518597677249373,-0.004219883627455095,-0.011298714049794278
2024-06-01,ChinaA,-0.0005117948744053643,-0.0019253443188895073,0.0014135494444841431
2024-06-01,Chile,-0.0013680627390357202,-0.0041604853950923774,0.002792422656056657
2024-06-01,Indonesia,0.0,0.001683217868538408,-0.001683217868538408
2024-06-01,Philippines,0.0,0.0008974318826019517,-0.0008974318826019517
2024-06-01,Poland,0.00438853122433267,0.0011916549084241103,0.0031968763159085593
2024-06-01,US SmallCap,0.0,-0.0007303991155800333,0.0007303991155800333
2024-06-01,Malaysia,0.0,-0.00011288571065790049,0.00011288571065790049
2024-06-01,Taiwan,0.0,0.009985058849073783,-0.009985058849073783
2024-06-01,Mexico,-0.0024561460400677327,-0.00787363947647558,0.005417493436407846
2024-06-01,Korea,0.023057558294172227,0.006277349220969239,0.01678020907320299
2024-06-01,Brazil,-0.00680718785584249,-0.002485352884311373,-0.004321834971531117
2024-06-01,South Africa,0.0,0.007086778226773871,-0.007086778226773871
2024-06-01,Denmark,0.0,0.0027127558410672097,-0.0027127558410672097
2024-06-01,India,0.0,0.00584550710994706,-0.00584550710994706
2024-06-01,ChinaH,-0.0005281802588529832,-0.0019922415889521623,0.0014640613300991791
2024-06-01,Hong Kong,0.0,-0.004642008294751299,0.004642008294751299
2024-06-01,Thailand,0.0,-0.001441171281502757,0.001441171281502757
2024-06-01,Turkey,0.00019599812515347479,7.562863261426702e-05,0.00012036949253920777
2024-06-01,Spain,-0.014732334895461902,-0.004007764875827236,-0.010724570019634666
2024-06-01,Vietnam,0.0,-0.0024928502920522717,0.0024928502920522717
2024-06-01,Saudi Arabia,0.0,0.0014939145372126676,-0.0014939145372126676
2024-07-01,Singapore,0.0,0.0024271219904177382,-0.0024271219904177382
2024-07-01,Australia,0.0,0.0014106328577053857,-0.0014106328577053857
2024-07-01,Canada,0.0,0.0038233533136192628,-0.0038233533136192628
2024-07-01,Germany,0.0018039777176710357,0.0014935989708001775,0.00031037874687085817
2024-07-01,Japan,0.010811611213363059,0.0044848270496042845,0.006326784163758774
2024-07-01,Switzerland,0.0,0.003712267767879094,-0.003712267767879094
2024-07-01,U.K.,0.0028879872370111874,0.003481494797944732,-0.0005935075609335445
2024-07-01,NASDAQ,0.0,-0.0006354777070186399,0.0006354777070186399
2024-07-01,U.S.,0.0,0.0010281205516512598,-0.0010281205516512598
2024-07-01,France,0.0,0.0016656253820996963,-0.0016656253820996963
2024-07-01,Netherlands,0.0,-0.004408903662980908,0.004408903662980908
2024-07-01,Sweden,0.0,0.00048768806144816194,-0.00048768806144816194
2024-07-01,Italy,0.00996872921392094,0.002693562018431151,0.00727516719548979
2024-07-01,ChinaA,-0.00041789537107091363,-0.0015925118535748386,0.0011746164825039251
2024-07-01,Chile,0.0,-0.00034587413940990563,0.00034587413940990563
2024-07-01,Indonesia,0.0,0.0024835142701376232,-0.0024835142701376232
2024-07-01,Philippines,0.0,0.0029784977688311876,-0.0029784977688311876
2024-07-01,Poland,-0.013357328803955522,-0.003610835240341963,-0.009746493563613559
2024-07-01,US SmallCap,0.0,0.007953842113933315,-0.007953842113933315
2024-07-01,Malaysia,0.0016261358929559985,0.004146795806005421,-0.0025206599130494227
2024-07-01,Taiwan,0.0,-0.004669984766443417,0.004669984766443417
2024-07-01,Mexico,0.00018158761719042052,0.0005917253445941373,-0.0004101377274037168
2024-07-01,Korea,0.0003462290059101652,9.357905922106099e-05,0.0002526499466891042
2024-07-01,Brazil,0.002359143818333927,0.0008765376611457979,0.0014826061571881289
2024-07-01,South Africa,0.0,0.004104180828369304,-0.004104180828369304
2024-07-01,Denmark,0.0,-0.003698184127057258,0.003698184127057258
2024-07-01,India,0.0,0.0035228640555188613,-0.0035228640555188613
2024-07-01,ChinaH,-0.00043884385727671783,-0.0016770936312764297,0.0012382497739997118
2024-07-01,Hong Kong,0.0,0.000303520417123891,-0.000303520417123891
2024-07-01,Thailand,0.0,0.0042312532631508075,-0.0042312532631508075
2024-07-01,Turkey,-0.0036585078005688188,-0.001429173910116602,-0.0022293338904522167
2024-07-01,Spain,0.0088209505173107,0.0023833378078737936,0.006437612709436907
2024-07-01,Vietnam,0.0,-0.0011260596701026325,0.0011260596701026325
2024-07-01,Saudi Arabia,0.0,0.0030404663471033182,-0.0030404663471033182
2024-08-01,Singapore,0.0,0.004462442472888996,-0.004462442472888996
2024-08-01,Australia,0.0,0.003298085679237623,-0.003298085679237623
2024-08-01,Canada,0.0,0.0033202280195657385,-0.0033202280195657385
2024-08-01,Germany,0.0032100708865856796,0.0037599579639364484,-0.0005498870773507688
2024-08-01,Japan,0.0011027480115288967,0.0003963571401026234,0.0007063908714262733
2024-08-01,Switzerland,0.0,0.0038587536429006805,-0.0038587536429006805
2024-08-01,U.K.,0.003160321607728075,0.0037733967984055292,-0.0006130751906774541
2024-08-01,NASDAQ,0.0,0.0006301069756645835,-0.0006301069756645835
2024-08-01,U.S.,0.0,0.002050980466496158,-0.002050980466496158
2024-08-01,France,0.0,0.002837873947657995,-0.002837873947657995
2024-08-01,Netherlands,0.0,0.0013116860944510798,-0.0013116860944510798
2024-08-01,Sweden,0.0,0.0037155158471112158,-0.0037155158471112158
2024-08-01,Italy,0.014766502506972336,0.003978927241860879,0.010787575265111458
2024-08-01,ChinaA,0.00018057596795086582,0.0007013545441310375,-0.0005207785761801717
2024-08-01,Chile,0.0,0.0025202662721788716,-0.0025202662721788716
2024-08-01,Indonesia,0.0,0.006900286877833423,-0.006900286877833423
2024-08-01,Philippines,0.0,0.0077667631688054075,-0.0077667631688054075
2024-08-01,Poland,0.006906705840914155,0.001862387663668974,0.005044318177245181
2024-08-01,US SmallCap,0.0,-0.0012831782850955546,0.0012831782850955546
2024-08-01,Malaysia,0.006042036674501793,0.008076159267720937,-0.002034122593219144
2024-08-01,Taiwan,0.0,0.002863022101631265,-0.002863022101631265
2024-08-01,Mexico,-0.0010982932306395335,-0.0036359880389417935,0.0025376948083022603
2024-08-01,Korea,-0.008175330637614484,-0.002201084473164335,-0.005974246164450149
2024-08-01,Brazil,0.010988877315706833,0.0047563515298657795,0.006232525785841054
2024-08-01,South Africa,0.0,0.00275661286843244,-0.00275661286843244
2024-08-01,Denmark,0.0,0.003126707943404626,-0.003126707943404626
2024-08-01,India,0.0,0.0009173435933912306,-0.0009173435933912306
2024-08-01,ChinaH,9.877921293458777e-05,0.0003846654827585513,-0.0002858862698239635
2024-08-01,Hong Kong,0.0,0.004186862843929909,-0.004186862843929909
2024-08-01,Thailand,0.0,0.006192743491490013,-0.006192743491490013
2024-08-01,Turkey,-0.022268480099721405,-0.008761915254538169,-0.013506564845183236
2024-08-01,Spain,0.014822058170172177,0.003993401194842092,0.010828656975330087
2024-08-01,Vietnam,0.0,0.0017111104039026826,-0.0017111104039026826
2024-08-01,Saudi Arabia,0.0,0.0005519872016505861,-0.0005519872016505861
2024-09-01,Singapore,0.0,0.007310984811540146,-0.007310984811540146
2024-09-01,Australia,0.0,0.005021864180296461,-0.005021864180296461
2024-09-01,Canada,0.0,0.002267325559754684,-0.002267325559754684
2024-09-01,Germany,0.0016684256224937621,0.0030926763395540363,-0.0014242507170602742
2024-09-01,Japan,-0.003400106977354934,-0.0010946952807401552,-0.0023054116966147787
2024-09-01,Switzerland,0.0,-0.0010469135910780426,0.0010469135910780426
2024-09-01,U.K.,0.00032710474132113224,0.00038706459698658983,-5.9959855665457596e-05
2024-09-01,NASDAQ,0.0,0.0023602275643261486,-0.0023602275643261486
2024-09-01,U.S.,0.0,0.0018348263442104866,-0.0018348263442104866
2024-09-01,France,0.0,0.0009996567726494915,-0.0009996567726494915
2024-09-01,Netherlands,0.0,-0.0012344396977080918,0.0012344396977080918
2024-09-01,Sweden,0.0,0.0025358938056081904,-0.0025358938056081904
2024-09-01,Italy,-0.0005418532689239503,-0.00014581986364771337,-0.0003960334052762369
2024-09-01,ChinaA,0.004593915707977538,0.0181402924220549,-0.013546376714077362
2024-09-01,Chile,0.0,0.0018566019537125625,-0.0018566019537125625
2024-09-01,Indonesia,0.0,0.001126777547173441,-0.001126777547173441
2024-09-01,Philippines,0.0,0.004724104528787748,-0.004724104528787748
2024-09-01,Poland,-0.004472160751477889,-0.0012043234887246324,-0.0032678372627532567
2024-09-01,US SmallCap,0.0,0.0005896736427771875,-0.0005896736427771875
2024-09-01,Malaysia,0.002902695432438546,0.0038494897724345935,-0.0009467943399960473
2024-09-01,Taiwan,0.0,0.0011986246637147111,-0.0011986246637147111
2024-09-01,Mexico,0.00024266534930491126,0.0008224563926174194,-0.0005797910433125082
2024-09-01,Korea,-0.009646699481261636,-0.002593845923314628,-0.0070528535579470085
2024-09-01,Brazil,-0.001239453117114226,-0.0006257899550726703,-0.0006136631620415557
2024-09-01,South Africa,0.0019046218095687137,0.006435893874857717,-0.004531272065289004
2024-09-01,Denmark,0.0,-0.00854671959461586,0.00854671959461586
2024-09-01,India,0.0,0.0019526232139388687,-0.0019526232139388687
2024-09-01,ChinaH,0.004436424101074986,0.017576865945171462,-0.013140441844096476
2024-09-01,Hong Kong,0.0,0.013059003642150773,-0.013059003642150773
2024-09-01,Thailand,0.0,0.009597315906734726,-0.009597315906734726
2024-09-01,Turkey,-0.002605753031668646,-0.001022055736594551,-0.0015836972950740952
2024-09-01,Spain,0.016122744311803137,0.004338338663050902,0.011784405648752234
2024-09-01,Vietnam,0.0,4.271081290620971e-05,-4.271081290620971e-05
2024-09-01,Saudi Arabia,0.0,0.0007282139635894663,-0.0007282139635894663
2024-10-01,Singapore,0.0,-0.0030047153349465976,0.0030047153349465976
2024-10-01,Australia,0.0,-0.006001158880870317,0.006001158880870317
2024-10-01,Canada,0.0,-0.001977647181252331,0.001977647181252331
2024-10-01,Germany,-0.002060493212703106,-0.0038764993637699983,0.0018160061510668923
2024-10-01,Japan,-0.008808023038643578,-0.00315629791095519,-0.0056517251276883874
2024-10-01,Switzerland,0.0,-0.00461694733613946,0.00461694733613946
2024-10-01,U.K.,-0.003988958750878723,-0.004700503945590084,0.0007115451947113608
2024-10-01,NASDAQ,0.0,-0.00043089483601105506,0.00043089483601105506
2024-10-01,U.S.,0.0,-0.0007968016865078284,0.0007968016865078284
2024-10-01,France,0.0,-0.0050984569813983,0.0050984569813983
2024-10-01,Netherlands,0.0,-0.00922898032924438,0.00922898032924438
2024-10-01,Sweden,0.0,-0.00759415774170887,0.00759415774170887
2024-10-01,Italy,-0.006571624330665243,-0.001766779996902964,-0.004804844333762279
2024-10-01,ChinaA,-0.0014343882477787706,-0.005674804897963823,0.004240416650185053
2024-10-01,Chile,-0.0013681656775364082,-0.004280209392927335,0.0029120437153909266
2024-10-01,Indonesia,0.0,-0.003887730743904632,0.003887730743904632
2024-10-01,Philippines,0.0,-0.005146331223890489,0.005146331223890489
2024-10-01,Poland,-0.025304746657274477,-0.006804424189449798,-0.01850032246782468
2024-10-01,US SmallCap,0.0,-0.0012250214845714344,0.0012250214845714344
2024-10-01,Malaysia,-0.007760170893697141,-0.007477932977854282,-0.00028223791584285843
2024-10-01,Taiwan,0.0,0.003340870249912026,-0.003340870249912026
2024-10-01,Mexico,-0.0010054180733338387,-0.0034852119769020443,0.0024797939035682056
2024-10-01,Korea,-0.019277056332789293,-0.005180890447953375,-0.014096165884835917
2024-10-01,Brazil,-0.008103367317517438,-0.004157665112563942,-0.003945702204953496
2024-10-01,South Africa,-0.0006778180103744839,-0.0022708312283838935,0.0015930132180094095
2024-10-01,Denmark,0.0,-0.0045612338692700245,0.0045612338692700245
2024-10-01,India,0.0,-0.006877488852443434,0.006877488852443434
2024-10-01,ChinaH,-0.0013408174951602175,-0.00532735154198418,0.003986534046823962
2024-10-01,Hong Kong,0.0,-0.005364454274024077,0.005364454274024077
2024-10-01,Thailand,0.0,-0.003296952353989271,0.003296952353989271
2024-10-01,Turkey,-0.01683175883609105,-0.007528043027201901,-0.009303715808889147
2024-10-01,Spain,-0.014634089526868708,-0.003933817506218049,-0.010700272020650659
2024-10-01,Vietnam,0.0,-0.002044177072554228,0.002044177072554228
2024-10-01,Saudi Arabia,0.0,-0.0012758560125963564,0.0012758560125963564
2024-11-01,Singapore,0.001818634707220964,0.00725106717036973,-0.005432432463148767
2024-11-01,Australia,0.0,0.002860906954944376,-0.002860906954944376
2024-11-01,Canada,0.0,0.005596662653730533,-0.005596662653730533
2024-11-01,Germany,-0.00010124301939713744,-0.00018966537090532928,8.842235150819184e-05
2024-11-01,Japan,0.0013545098936814518,0.00048633796468570316,0.0008681719289957486
2024-11-01,Switzerland,0.0,-0.0017384682621143942,0.0017384682621143942
2024-11-01,U.K.,0.0014033243127068817,0.001647443115799748,-0.00024411880309286628
2024-11-01,NASDAQ,0.0,0.005396330057993828,-0.005396330057993828
2024-11-01,U.S.,0.0,0.005015399306942389,-0.005015399306942389
2024-11-01,France,0.0,-0.0031981829601411943,0.0031981829601411943
2024-11-01,Netherlands,0.0,-0.0005361295887061066,0.0005361295887061066
2024-11-01,Sweden,0.0,-0.0023223463749555188,0.0023223463749555188
2024-11-01,Italy,-0.016947934170772016,-0.004565028536559764,-0.012382905634212252
2024-11-01,ChinaA,-0.0010188402011080304,-0.0040187694449309724,0.002999929243822942
2024-11-01,Chile,-0.0003904200988223746,-0.0012307750449932992,0.0008403549461709246
2024-11-01,Indonesia,0.0,-0.006254490645520336,0.006254490645520336
2024-11-01,Philippines,0.0,-0.006466037422055883,0.006466037422055883
2024-11-01,Poland,-0.005724622945391688,-0.0015433903049430178,-0.00418123264044867
2024-11-01,US SmallCap,0.0,0.009100219726113327,-0.009100219726113327
2024-11-01,Malaysia,-0.001622758701222818,-0.0012438799558574594,-0.00037887874536535865
2024-11-01,Taiwan,0.0,-0.004077679920104579,0.004077679920104579
2024-11-01,Mexico,-0.0005625563304337755,-0.0019888040508580203,0.0014262477204242448
2024-11-01,Korea,-0.014508949261314297,-0.004275226410736517,-0.010233722850577779
2024-11-01,Brazil,-0.009867589962701312,-0.005144998239638455,-0.004722591723062857
2024-11-01,South Africa,-0.0011888185413238149,-0.003951364369060717,0.0027625458277369015
2024-11-01,Denmark,0.0,-0.002497317185486952,0.002497317185486952
2024-11-01,India,0.0,-0.000369206590694891,0.000369206590694891
2024-11-01,ChinaH,0.0,-0.003714538892410572,0.003714538892410572
2024-11-01,Hong Kong,0.0,-0.0030687177293010786,0.0030687177293010786
2024-11-01,Thailand,0.0,-0.0038350380419775094,0.0038350380419775094
2024-11-01,Turkey,0.011647648673444621,0.005204367178319252,0.006443281495125369
2024-11-01,Spain,-0.01126727203285869,-0.003033914914521245,-0.008233357118337444
2024-11-01,Vietnam,0.0,-0.0014733841705511946,0.0014733841705511946
2024-11-01,Saudi Arabia,0.0,-0.0022527849214022525,0.0022527849214022525
2024-12-01,Singapore,-0.0006758230948049424,-0.001400110098068392,0.0007242870032634495
2024-12-01,Australia,0.0,-0.0068498185642655775,0.0068498185642655775
2024-12-01,Canada,0.0,-0.005038413164401026,0.005038413164401026
2024-12-01,Germany,-0.00043984219421314055,-0.0008229277383134041,0.00038308554410026356
2024-12-01,Japan,-0.0008708140348026434,-0.00035006682571357163,-0.0005207472090890718
2024-12-01,Switzerland,0.0,-0.0031285262518245985,0.0031285262518245985
2024-12-01,U.K.,-0.0012185910448315727,-0.0022055608489460056,0.000986969804114433
2024-12-01,NASDAQ,0.0,0.0004996131181678656,-0.0004996131181678656
2024-12-01,U.S.,0.0,-0.0021343361268402177,0.0021343361268402177
2024-12-01,France,0.0,2.588434708650799e-05,-2.588434708650799e-05
2024-12-01,Netherlands,0.0,-0.00039952353842204245,0.00039952353842204245
2024-12-01,Sweden,0.0,-0.002282072152928813,0.002282072152928813
2024-12-01,Italy,0.0008996764443197418,0.00024364570492117988,0.0006560307393985618
2024-12-01,ChinaA,0.0011545727755409708,0.002271472122450304,-0.001116899346909333
2024-12-01,Chile,2.2822813602208743e-05,7.259636990038834e-05,-4.977355629817959e-05
2024-12-01,Indonesia,0.0,-0.0032143567126978714,0.0032143567126978714
2024-12-01,Philippines,0.0,-0.0008872410613522614,0.0008872410613522614
2024-12-01,Poland,-0.003020876672602724,-0.0008916224828361765,-0.0021292541897665477
2024-12-01,US SmallCap,0.0,-0.007497827689005787,0.007497827689005787
2024-12-01,Malaysia,0.003629502435930822,0.0023098182573089384,0.0013196841786218836
2024-12-01,Taiwan,0.0,0.0035445334420690067,-0.0035445334420690067
2024-12-01,Mexico,-0.0005277838492061058,-0.0019114526353626602,0.0013836687861565544
2024-12-01,Korea,-0.016039934636109133,-0.005239379627183264,-0.010800555008925869
2024-12-01,Brazil,-0.009145403790209825,-0.005626760937998423,-0.003518642852211402
2024-12-01,South Africa,-0.0028737499322505113,-0.005184363748260616,0.0023106138160101045
2024-12-01,Denmark,0.0,-0.0096891444771349,0.0096891444771349
2024-12-01,India,0.0,-0.002229886291320074,0.002229886291320074
2024-12-01,ChinaH,0.0005914109368462843,0.0023164610077812666,-0.0017250500709349824
2024-12-01,Hong Kong,0.0,-0.0004405151198816398,0.0004405151198816398
2024-12-01,Thailand,0.0,-0.0022994805544977338,0.0022994805544977338
2024-12-01,Turkey,-0.0001355594720260153,-6.062117449141412e-05,-7.493829753460118e-05
2024-12-01,Spain,-0.006127284932133219,-0.0016584649252712937,-0.004468820006861925
2024-12-01,Vietnam,0.0,-0.00023273095827725359,0.00023273095827725359
2024-12-01,Saudi Arabia,0.0,0.002378328221776084,-0.002378328221776084
2025-01-01,Singapore,0.003028638342853947,0.004535199775657615,-0.001506561432803668
2025-01-01,Australia,0.0,0.0042959386633070985,-0.0042959386633070985
2025-01-01,Canada,0.0,0.0023663381015061827,-0.0023663381015061827
2025-01-01,Germany,0.0022861101882824734,0.00750549451166754,-0.005219384323385066
2025-01-01,Japan,0.002745256551306842,0.0012163064152787796,0.0015289501360280624
2025-01-01,Switzerland,0.0,0.006155724283637896,-0.006155724283637896
2025-01-01,U.K.,0.0023884172461001796,0.004295197455353678,-0.0019067802092534985
2025-01-01,NASDAQ,0.0,0.0014780221482624842,-0.0014780221482624842
2025-01-01,U.S.,0.0,0.0023891587030150855,-0.0023891587030150855
2025-01-01,France,0.0,0.005864521540094866,-0.005864521540094866
2025-01-01,Netherlands,0.0,0.0037054154563748304,-0.0037054154563748304
2025-01-01,Sweden,0.0,0.0072325446626027535,-0.0072325446626027535
2025-01-01,Italy,0.020475758750982374,0.005913164644671037,0.014562594106311336
2025-01-01,ChinaA,0.0004116639274184681,0.0005869446509270898,-0.00017528072350862176
2025-01-01,Chile,0.002136477422959852,0.0068471138074607234,-0.004710636384500871
2025-01-01,Indonesia,0.0,4.072352912997246e-05,-4.072352912997246e-05
2025-01-01,Philippines,0.0,-0.007074399986605684,0.007074399986605684
2025-01-01,Poland,0.03169154333172271,0.010099175754112422,0.021592367577610287
2025-01-01,US SmallCap,0.0,0.002172018764194549,-0.002172018764194549
2025-01-01,Malaysia,-0.0071083682803165585,-0.003990086028468431,-0.0031182822518481274
2025-01-01,Taiwan,0.0,0.002830800074707382,-0.002830800074707382
2025-01-01,Mexico,0.0006779570586307441,0.002520156335169687,-0.0018421992765389429
2025-01-01,Korea,0.012497379690730276,0.004484855604117926,0.00801252408661235
2025-01-01,Brazil,0.011402732146071714,0.008178841110345857,0.0032238910357258576
2025-01-01,South Africa,0.00263595513255137,0.004746136163006781,-0.0021101810304554104
2025-01-01,Denmark,0.0,-0.0010037282501189051,0.0010037282501189051
2025-01-01,India,0.0,-0.002717870053641524,0.002717870053641524
2025-01-01,ChinaH,0.0003145186520206823,0.0007043411576587914,-0.00038982250563810914
2025-01-01,Hong Kong,-0.0003771632334463971,-0.0018942920779627809,0.0015171288445163839
2025-01-01,Thailand,0.0,-0.0019009026877680872,0.0019009026877680872
2025-01-01,Turkey,0.0030630878184483524,0.001237275874439073,0.0018258119440092795
2025-01-01,Spain,0.02314954621531827,0.006293976852128033,0.016855569363190236
2025-01-01,Vietnam,0.0,-0.0007231246084244584,0.0007231246084244584
2025-01-01,Saudi Arabia,0.0,0.002000560680047527,-0.002000560680047527
2025-02-01,Singapore,0.0021458354223895626,0.0024602478956388175,-0.0003144124732492549
2025-02-01,Australia,0.0,-0.0037072149091170363,0.0037072149091170363
2025-02-01,Canada,0.0,0.00029182379828453795,-0.00029182379828453795
2025-02-01,Germany,0.000996220169242691,0.003252572327803278,-0.002256352158560587
2025-02-01,Japan,-0.0022187459856113615,-0.0010966139344954283,-0.0011221320511159332
2025-02-01,Switzerland,0.0,0.002843892700643442,-0.002843892700643442
2025-02-01,U.K.,0.001108038673602664,0.00353551216735512,-0.002427473493752456
2025-02-01,NASDAQ,0.0,-0.0034880577222796733,0.0034880577222796733
2025-02-01,U.S.,0.0,-0.0011416522105504535,0.0011416522105504535
2025-02-01,France,0.0,0.001696420703223746,-0.001696420703223746
2025-02-01,Netherlands,0.0,-0.00027361936019345363,0.00027361936019345363
2025-02-01,Sweden,0.0,0.004507463493214625,-0.004507463493214625
2025-02-01,Italy,0.016098000074161307,0.004976081281771387,0.011121918792389919
2025-02-01,ChinaA,0.009400368494850549,0.010194118413379884,-0.0007937499185293358
2025-02-01,Chile,0.0010618732311309935,0.0033930667218546717,-0.0023311934907236783
2025-02-01,Indonesia,0.0,-0.011484734273145059,0.011484734273145059
2025-02-01,Philippines,0.0,0.002697004822324061,-0.002697004822324061
2025-02-01,Poland,0.018373779634821553,0.006318672025693931,0.012055107609127622
2025-02-01,US SmallCap,0.0,-0.004523369147607429,0.004523369147607429
2025-02-01,Malaysia,0.0006313614071751551,0.0003134600724334772,0.00031790133474167794
2025-02-01,Taiwan,0.0,-0.0039046768831021436,0.0039046768831021436
2025-02-01,Mexico,0.0006095365171059672,0.0023222593189905247,-0.0017127228018845573
2025-02-01,Korea,-0.0002151812284469544,-8.523428800374766e-05,-0.00012994694044320674
2025-02-01,Brazil,-0.004177004182130803,-0.003552735586205416,-0.0006242685959253875
2025-02-01,South Africa,-0.00013277949865509679,-0.00023749248074426122,0.00010471298208916444
2025-02-01,Denmark,0.0,0.0034341102074119854,-0.0034341102074119854
2025-02-01,India,0.0,-0.006064704680159418,0.006064704680159418
2025-02-01,ChinaH,0.006672707035495561,0.010051447479246956,-0.003378740443751395
2025-02-01,Hong Kong,0.0023651795257474853,0.005562642085928506,-0.003197462560181021
2025-02-01,Thailand,0.0,-0.007341368419228094,0.007341368419228094
2025-02-01,Turkey,-0.009605198932266289,-0.0035437609709140032,-0.006061437961352285
2025-02-01,Spain,0.029880773581337193,0.008135442557761796,0.0217453310235754
2025-02-01,Vietnam,0.0,0.0031027272887204412,-0.0031027272887204412
2025-02-01,Saudi Arabia,0.0,-0.001229610277286485,0.001229610277286485
2025-03-01,Singapore,0.0022402970722096294,0.0019543594218229196,0.00028593765038670976
2025-03-01,Australia,0.0,-0.002121173120698986,0.002121173120698986
2025-03-01,Canada,0.0,-0.0016046337083806665,0.0016046337083806665
2025-03-01,Germany,0.0004641288747481148,0.0015022641151490146,-0.0010381352404008999
2025-03-01,Japan,-0.0010111127330716982,-0.0005901781037018018,-0.00042093462936989635
2025-03-01,Switzerland,0.0,-0.0007831481059737094,0.0007831481059737094
2025-03-01,U.K.,0.0004158201553391223,0.0013084846659137236,-0.0008926645105746013
2025-03-01,NASDAQ,0.0,-0.0069219692227672725,0.0069219692227672725
2025-03-01,U.S.,0.0,-0.004823465265139888,0.004823465265139888
2025-03-01,France,0.0,-0.00011981168612343482,0.00011981168612343482
2025-03-01,Netherlands,0.0,-0.0021875923097865587,0.0021875923097865587
2025-03-01,Sweden,0.0,-0.002840287792319174,0.002840287792319174
2025-03-01,Italy,0.006380233922641558,0.002167760420065168,0.00421247350257639
2025-03-01,ChinaA,0.0022104926128255114,0.0018555155738326876,0.00035497703899282375
2025-03-01,Chile,0.0012697541384569004,0.004040075709635277,-0.0027703215711783772
2025-03-01,Indonesia,0.0,0.0037414996697732986,-0.0037414996697732986
2025-03-01,Philippines,0.0,0.004790853632175922,-0.004790853632175922
2025-03-01,Poland,0.01679751226151699,0.0064140813339507476,0.010383430927566242
2025-03-01,US SmallCap,-0.0016197911965279638,-0.0054528130570643185,0.0038330218605363547
2025-03-01,Malaysia,-0.0027708664505142555,-0.0013692929608336794,-0.0014015734896805762
2025-03-01,Taiwan,0.0,-0.009843105079249312,0.009843105079249312
2025-03-01,Mexico,0.0,0.0010515786675366781,-0.0010515786675366781
2025-03-01,Korea,-0.0019485088949822225,-0.0008888583065782761,-0.0010596505884039463
2025-03-01,Brazil,0.004280380810788511,0.004815780871660051,-0.0005354000608715397
2025-03-01,South Africa,0.003942138467681875,0.006938856280050197,-0.0029967178123683214
2025-03-01,Denmark,0.0,-0.010917481729560129,0.010917481729560129
2025-03-01,India,0.0,0.006509615485829269,-0.006509615485829269
2025-03-01,ChinaH,0.001710924152977712,0.001844131211389242,-0.00013320705841152994
2025-03-01,Hong Kong,-1.1972947282491746e-05,-1.7067473044295966e-05,5.0945257618042195e-06
2025-03-01,Thailand,0.0,-0.001587515713674467,0.001587515713674467
2025-03-01,Turkey,-0.013458970820147407,-0.004467244786906472,-0.008991726033240936
2025-03-01,Spain,0.011108566850363528,0.003035025754541211,0.008073541095822317
2025-03-01,Vietnam,0.0,0.0017769258930596082,-0.0017769258930596082
2025-03-01,Saudi Arabia,0.0,0.0005607262256870161,-0.0005607262256870161
2025-04-01,Singapore,0.0015750639832925084,0.00107913864803944,0.0004959253352530685
2025-04-01,Australia,0.0,0.005038202254030466,-0.005038202254030466
2025-04-01,Canada,0.0,0.0036491915898046257,-0.0036491915898046257
2025-04-01,Germany,0.0020431056819377636,0.00655557294652859,-0.004512467264590826
2025-04-01,Japan,0.00571059356222014,0.004131411430435645,0.001579182131784495
2025-04-01,Switzerland,0.0,0.003410628827037393,-0.003410628827037393
2025-04-01,U.K.,0.0008864771167896154,0.0027555194733844914,-0.001869042356594876
2025-04-01,NASDAQ,0.0,0.0006900616638050497,-0.0006900616638050497
2025-04-01,U.S.,0.0,-0.0005462928466502789,0.0005462928466502789
2025-04-01,France,0.0,0.002543802021803625,-0.002543802021803625
2025-04-01,Netherlands,0.0,0.0029608695462723213,-0.0029608695462723213
2025-04-01,Sweden,0.0,0.0026362147277127347,-0.0026362147277127347
2025-04-01,Italy,0.009816415510419979,0.00373271229046096,0.006083703219959019
2025-04-01,ChinaA,-0.006403117030189346,-0.004269784840732047,-0.0021333321894572987
2025-04-01,Chile,0.001998806460558602,0.0032720895412669884,-0.0012732830807083862
2025-04-01,Indonesia,0.0,0.0036468309198618657,-0.0036468309198618657
2025-04-01,Philippines,0.0,0.004593575551970679,-0.004593575551970679
2025-04-01,Poland,0.011506827867105295,0.004433044430144103,0.007073783436961191
2025-04-01,US SmallCap,-0.0005124067468604463,-0.0017390258041496643,0.001226619057289218
2025-04-01,Malaysia,0.0067931530387455984,0.0033423191232220535,0.003450833915523545
2025-04-01,Taiwan,0.0,0.0018112893971663933,-0.0018112893971663933
2025-04-01,Mexico,0.0,0.010225234686068025,-0.010225234686068025
2025-04-01,Korea,0.006194357817848448,0.0033391192830253373,0.0028552385348231107
2025-04-01,Brazil,0.0023871069665835284,0.004051796284742289,-0.0016646893181587602
2025-04-01,South Africa,0.001967615367658118,0.0033948165950554105,-0.0014272012273972923
2025-04-01,Denmark,0.0,0.0006232290643652256,-0.0006232290643652256
2025-04-01,India,0.0,0.0036632336407926235,-0.0036632336407926235
2025-04-01,ChinaH,-0.005528302099376992,-0.004495573626125442,-0.0010327284732515492
2025-04-01,Hong Kong,2.3365765560930497e-05,2.2909693988732106e-05,4.5607157219839075e-07
2025-04-01,Thailand,0.0,0.005559345624813377,-0.005559345624813377
2025-04-01,Turkey,-0.012654047667393496,-0.0048072785899070354,-0.007846769077486462
2025-04-01,Spain,0.02253230756516772,0.006176991965600973,0.016355315599566746
2025-04-01,Vietnam,0.0,-0.0031683192597593045,0.0031683192597593045
2025-04-01,Saudi Arabia,0.0,-0.001691533366062721,0.001691533366062721
2025-05-01,Singapore,0.010806637954788987,0.006064149258223011,0.0047424886965659755
2025-05-01,Australia,0.0,0.003513505147803197,-0.003513505147803197
2025-05-01,Canada,0.0,0.004999619051507266,-0.004999619051507266
2025-05-01,Germany,0.0013097361898965602,0.004144041484691597,-0.002834305294795037
2025-05-01,Japan,0.0035169511230460516,0.0033410578034195064,0.00017589331962654517
2025-05-01,Switzerland,0.0,0.0013588670514007785,-0.0013588670514007785
2025-05-01,U.K.,0.0015214079808624846,0.004687247618085311,-0.003165839637222826
2025-05-01,NASDAQ,0.0,0.00757596638400913,-0.00757596638400913
2025-05-01,U.S.,0.0,0.005024833033324138,-0.005024833033324138
2025-05-01,France,0.0,0.0016309857675477419,-0.0016309857675477419
2025-05-01,Netherlands,0.0,0.006706252185468065,-0.006706252185468065
2025-05-01,Sweden,0.0,0.002765588768027712,-0.002765588768027712
2025-05-01,Italy,0.014542107750544174,0.0062849180945635,0.008257189655980674
2025-05-01,ChinaA,0.003948485855388218,0.0021699883534855376,0.0017784975019026809
2025-05-01,Chile,0.0016573666296519165,0.0018213268485157827,-0.00016396021886386615
2025-05-01,Indonesia,0.0,0.006745424721218859,-0.006745424721218859
2025-05-01,Philippines,0.0,0.0005829897032667528,-0.0005829897032667528
2025-05-01,Poland,0.010055236853193903,0.003905480288969128,0.0061497565642247756
2025-05-01,US SmallCap,0.0011563358441659469,0.00395238508409649,-0.0027960492399305434
2025-05-01,Malaysia,-0.0007493980085552967,-0.0003676098182913001,-0.00038178819026399665
2025-05-01,Taiwan,0.0,0.009540158468411952,-0.009540158468411952
2025-05-01,Mexico,0.0,0.004071342590130287,-0.004071342590130287
2025-05-01,Korea,0.009433585049206326,0.006158220562724186,0.0032753644864821404
2025-05-01,Brazil,1.266082413362279e-05,4.304145316698526e-05,-3.0380629033362467e-05
2025-05-01,South Africa,0.0028307931657066813,0.004807322218969219,-0.0019765290532625375
2025-05-01,Denmark,0.0,0.0036039373411184826,-0.0036039373411184826
2025-05-01,India,0.0,0.0011204495898959384,-0.0011204495898959384
2025-05-01,ChinaH,0.004447378969676587,0.002874549045570842,0.0015728299241057455
2025-05-01,Hong Kong,0.010729074971812034,0.007988870897292387,0.002740204074519647
2025-05-01,Thailand,0.0,-0.0027782092443945374,0.0027782092443945374
2025-05-01,Turkey,-0.0009368295455723579,-0.0004140225771157805,-0.0005228069684565774
2025-05-01,Spain,0.022074400934536546,0.006074420061003583,0.015999980873532965
2025-05-01,Vietnam,0.0,0.00886565798033398,-0.00886565798033398
2025-05-01,Saudi Arabia,0.0,-0.003844363379735472,0.003844363379735472
2025-06-01,Singapore,0.004600646047672049,0.00218423784289895,0.002416408204773099
2025-06-01,Australia,0.0,0.0033396456438283093,-0.0033396456438283093
2025-06-01,Canada,0.0,0.003175714014353662,-0.003175714014353662
2025-06-01,Germany,0.0007365438176651546,0.0022963756848270096,-0.001559831867161855
2025-06-01,Japan,0.0014629003135360735,0.0013924280751377374,7.047223839833604e-05
2025-06-01,Switzerland,0.0,0.0007779839250045039,-0.0007779839250045039
2025-06-01,U.K.,0.0,0.001534188345729165,-0.001534188345729165
2025-06-01,NASDAQ,0.0,0.005699187074079483,-0.005699187074079483
2025-06-01,U.S.,0.0,0.00430704950864906,-0.00430704950864906
2025-06-01,France,0.0,0.001976730403728231,-0.001976730403728231
2025-06-01,Netherlands,0.0,0.0034239447264278865,-0.0034239447264278865
2025-06-01,Sweden,0.0,0.0023859968581531345,-0.0023859968581531345
2025-06-01,Italy,0.004447633491928534,0.002203374409967999,0.002244259081960535
2025-06-01,ChinaA,0.006195605503670478,0.002896127147958941,0.0032994783557115364
2025-06-01,Chile,0.005988355101318952,0.0049691394660382835,0.0010192156352806687
2025-06-01,Indonesia,0.0,-0.003328597428582946,0.003328597428582946
2025-06-01,Philippines,0.0,-0.0007189570153036606,0.0007189570153036606
2025-06-01,Poland,0.017051364595572435,0.006648464440788673,0.010402900154783762
2025-06-01,US SmallCap,0.0012396611610181812,0.004275864735148085,-0.0030362035741299037
2025-06-01,Malaysia,0.004670693653680324,0.002295045217070271,0.0023756484366100534
2025-06-01,Taiwan,0.0,0.0074849951448688005,-0.0074849951448688005
2025-06-01,Mexico,0.0,0.0021044747172782566,-0.0021044747172782566
2025-06-01,Korea,0.01821002770405638,0.014843931364795426,0.0033660963392609534
2025-06-01,Brazil,0.0,0.006734293427601841,-0.006734293427601841
2025-06-01,South Africa,0.002481452925685389,0.004128086654726723,-0.001646633729041334
2025-06-01,Denmark,0.0,0.00033552753056529446,-0.00033552753056529446
2025-06-01,India,0.0,0.0028755858416585336,-0.0028755858416585336
2025-06-01,ChinaH,0.005453617225951585,0.002927607300364941,0.002526009925586644
2025-06-01,Hong Kong,0.00894864657632733,0.005426964522071779,0.0035216820542555514
2025-06-01,Thailand,0.0,-0.0022500819632631586,0.0022500819632631586
2025-06-01,Turkey,0.015093107535901823,0.007859627546686013,0.007233479989215809
2025-06-01,Spain,0.008503358941045877,0.002339919334558089,0.0061634396064877885
2025-06-01,Vietnam,0.0,0.0033660593372086115,-0.0033660593372086115
2025-06-01,Saudi Arabia,0.0,0.0014052493961472926,-0.0014052493961472926
2025-07-01,Singapore,0.004427804265546707,0.0017550280607001097,0.002672776204846597
2025-07-01,Australia,0.0,-0.00027415516364609217,0.00027415516364609217
2025-07-01,Canada,0.0,0.0003227914918340981,-0.0003227914918340981
2025-07-01,Germany,-0.0005861226617736658,-0.0017991985951848267,0.001213075933411161
2025-07-01,Japan,-0.0008215156504241539,-0.001247505446378207,0.0004259897959540532
2025-07-01,Switzerland,0.0,-0.0021955461766643637,0.0021955461766643637
2025-07-01,U.K.,0.0,0.0008979218404454984,-0.0008979218404454984
2025-07-01,NASDAQ,0.0,0.0034178938685221058,-0.0034178938685221058
2025-07-01,U.S.,0.0,0.001998565918200782,-0.001998565918200782
2025-07-01,France,0.0,-0.0011137112443094517,0.0011137112443094517
2025-07-01,Netherlands,0.0,-0.005626300882131303,0.005626300882131303
2025-07-01,Sweden,0.0,-0.0030528457973799644,0.0030528457973799644
2025-07-01,Italy,0.0020632639059040446,0.0010355530352520901,0.0010277108706519544
2025-07-01,ChinaA,0.010757331286178359,0.004213687150603384,0.006543644135574975
2025-07-01,Chile,-0.007667073385658361,-0.004839321415599019,-0.0028277519700593418
2025-07-01,Indonesia,0.0,-0.001454164599942522,0.001454164599942522
2025-07-01,Philippines,0.0,-0.003558574237338506,0.003558574237338506
2025-07-01,Poland,0.000977727219531115,0.0004425584186771639,0.000535168800853951
2025-07-01,US SmallCap,0.0004172420670084355,0.0014489383012767337,-0.0010316962342682983
2025-07-01,Malaysia,-0.0032522667006341112,-0.002008932575468397,-0.0012433341251657142
2025-07-01,Taiwan,0.0,0.004389267678974238,-0.004389267678974238
2025-07-01,Mexico,0.0,-5.7055322529617565e-05,5.7055322529617565e-05
2025-07-01,Korea,0.0034962003492579065,0.003926430711856593,-0.0004302303625986861
2025-07-01,Brazil,0.0,-0.006328530473729378,0.006328530473729378
2025-07-01,South Africa,-0.00011949710651796946,-0.00019633917559659292,7.684206907862346e-05
2025-07-01,Denmark,0.0,-0.012019708387305936,0.012019708387305936
2025-07-01,India,0.0,-0.0043382113028059685,0.0043382113028059685
2025-07-01,ChinaH,0.009809621677895093,0.0043183838673346445,0.005491237810560449
2025-07-01,Hong Kong,0.009494713743760286,0.00463895330572581,0.0048557604380344765
2025-07-01,Thailand,0.0,0.010632423628269237,-0.010632423628269237
2025-07-01,Turkey,0.007196336831126364,0.004626017894931982,0.002570318936194382
2025-07-01,Spain,0.00528502180018985,0.0014588923454788667,0.0038261294547109834
2025-07-01,Vietnam,0.0,0.014458709151794058,-0.014458709151794058
2025-07-01,Saudi Arabia,0.0,-0.0009497138386559695,0.0009497138386559695
2025-08-01,Singapore,0.017923856301450367,0.0069553335449166745,0.010968522756533691
2025-08-01,Australia,0.0,0.003567149977327893,-0.003567149977327893
2025-08-01,Canada,0.0,0.0050972152780828185,-0.0050972152780828185
2025-08-01,Germany,0.0003900340786491308,0.001181692832096698,-0.0007916587534475671
2025-08-01,Japan,0.0018808578954298849,0.0061106061269476895,-0.004229748231517805
2025-08-01,Switzerland,0.0,0.0038626535782568714,-0.0038626535782568714
2025-08-01,U.K.,0.0,0.004352960654767307,-0.004352960654767307
2025-08-01,NASDAQ,0.0,0.0015599709062283072,-0.0015599709062283072
2025-08-01,U.S.,0.0,0.001843293969202336,-0.001843293969202336
2025-08-01,France,0.0,0.0012452628053568286,-0.0012452628053568286
2025-08-01,Netherlands,0.0,0.0024053426628288417,-0.0024053426628288417
2025-08-01,Sweden,0.0,0.004776152234607225,-0.004776152234607225
2025-08-01,Italy,0.010334019802017909,0.005238370522706192,0.005095649279311717
2025-08-01,ChinaA,0.013783400717420475,0.004661988844306691,0.009121411873113784
2025-08-01,Chile,0.020394189183622728,0.010396654607145471,0.009997534576477257
2025-08-01,Indonesia,0.0,0.0006244891340962593,-0.0006244891340962593
2025-08-01,Philippines,0.0,0.0012537877666647314,-0.0012537877666647314
2025-08-01,Poland,-0.004424534126059746,-0.0020252058388409147,-0.0023993282872188312
2025-08-01,US SmallCap,0.0017480128234707445,0.006145165195211463,-0.004397152371740718
2025-08-01,Malaysia,0.004829778845965534,0.003899991208006367,0.0009297876379591665
2025-08-01,Taiwan,0.0,-0.0009561910399973686,0.0009561910399973686
2025-08-01,Mexico,0.0,0.0031078253601607023,-0.0031078253601607023
2025-08-01,Korea,-0.0008886775148036995,-0.0015375988154972746,0.0006489213006935751
2025-08-01,Brazil,0.0,0.009010043406461603,-0.009010043406461603
2025-08-01,South Africa,0.004521144150341803,0.007365379919102735,-0.002844235768760932
2025-08-01,Denmark,0.0,0.004492934788764388,-0.004492934788764388
2025-08-01,India,0.0,-0.001858081358904121,0.001858081358904121
2025-08-01,ChinaH,0.010576862851515413,0.003963326145221496,0.006613536706293917
2025-08-01,Hong Kong,0.006208159570459339,0.002557161535548505,0.003650998034910834
2025-08-01,Thailand,0.0,0.00028748439064519194,-0.00028748439064519194
2025-08-01,Turkey,0.002732428820825285,0.0022153958807786707,0.0005170329400466145
2025-08-01,Spain,0.02470587884874699,0.0068316613110441645,0.017874217537702825
2025-08-01,Vietnam,0.0,0.013890062514842174,-0.013890062514842174
2025-08-01,Saudi Arabia,0.0,-0.0008223799054971169,0.0008223799054971169
2025-09-01,Singapore,-0.0008473814211239333,-0.00032188774901484307,-0.0005254936721090902
2025-09-01,Australia,0.0,-0.00021850239014224488,0.00021850239014224488
2025-09-01,Canada,0.0,0.003660673524483658,-0.003660673524483658
2025-09-01,Germany,-0.00016647071926616003,-0.0004997502217023101,0.0003332795024361501
2025-09-01,Japan,0.0,0.0015594204935381383,-0.0015594204935381383
2025-09-01,Switzerland,0.0,-0.00042714504235924846,0.00042714504235924846
2025-09-01,U.K.,0.0,0.0013160662426271862,-0.0013160662426271862
2025-09-01,NASDAQ,0.0,0.0054282642163561564,-0.0054282642163561564
2025-09-01,U.S.,0.0,0.0033768717935236756,-0.0033768717935236756
2025-09-01,France,0.0,0.0025735453988644345,-0.0025735453988644345
2025-09-01,Netherlands,0.0,0.011870569269594003,-0.011870569269594003
2025-09-01,Sweden,0.0,0.001720082000331553,-0.001720082000331553
2025-09-01,Italy,0.0025595727749857973,0.0015436311949126916,0.0010159415800731057
2025-09-01,ChinaA,0.03134036153643798,0.00936395934390967,0.021976402192528312
2025-09-01,Chile,-0.0016002336836664606,-0.0006956954251233346,-0.000904538258543126
2025-09-01,Indonesia,0.0,-0.0023253004541821574,0.0023253004541821574
2025-09-01,Philippines,0.0,-0.004403497633217083,0.004403497633217083
2025-09-01,Poland,0.004916885515803364,0.0022488355532960733,0.0026680499625072905
2025-09-01,US SmallCap,0.0008157316372366826,0.002884105045019894,-0.002068373407783212
2025-09-01,Malaysia,0.00446736593644478,0.003653943430026634,0.0008134225064181464
2025-09-01,Taiwan,0.0,0.008788294758055594,-0.008788294758055594
2025-09-01,Mexico,0.0,0.009816751515118252,-0.009816751515118252
2025-09-01,Korea,0.006497581596012526,0.010761352666157012,-0.004263771070144485
2025-09-01,Brazil,0.0,0.005283804278382537,-0.005283804278382537
2025-09-01,South Africa,0.0033969363880959717,0.012051485405941413,-0.008654549017845441
2025-09-01,Denmark,0.0,-0.0022798979076713633,0.0022798979076713633
2025-09-01,India,0.0,0.00033805688318774043,-0.00033805688318774043
2025-09-01,ChinaH,0.028045415843058304,0.009183576330700995,0.018861839512357308
2025-09-01,Hong Kong,0.004109300260706419,0.0014758520129771356,0.0026334482477292833
2025-09-01,Thailand,0.0,0.0023034286498566847,-0.0023034286498566847
2025-09-01,Turkey,-0.00010091397564283123,-0.00010793679091197275,7.022815269141518e-06
2025-09-01,Spain,0.01662339666943484,0.0045776978208010395,0.0120456988486338
2025-09-01,Vietnam,0.0,0.0004168842542061666,-0.0004168842542061666
2025-09-01,Saudi Arabia,0.0,0.007256159899849646,-0.007256159899849646
2025-10-01,Singapore,-0.0009277614139256178,-0.0003474933973032951,-0.0005802680166223227
2025-10-01,Australia,0.0,-0.0009727632571178027,0.0009727632571178027
2025-10-01,Canada,0.0,0.0003789728064348371,-0.0003789728064348371
2025-10-01,Germany,0.0,-0.0019928146986286453,0.0019928146986286453
2025-10-01,Japan,0.0,0.0032668205848455714,-0.0032668205848455714
2025-10-01,Switzerland,0.0,0.000550740183996922,-0.000550740183996922
2025-10-01,U.K.,0.0,0.0018920587513184034,-0.0018920587513184034
2025-10-01,NASDAQ,0.0,0.0047383686578879565,-0.0047383686578879565
2025-10-01,U.S.,0.0,0.002247543978124015,-0.002247543978124015
2025-10-01,France,0.0,0.0007761029674226621,-0.0007761029674226621
2025-10-01,Netherlands,0.0,0.0028376355608760455,-0.0028376355608760455
2025-10-01,Sweden,0.0,0.0015695202530879677,-0.0015695202530879677
2025-10-01,Italy,-0.0010228442661978547,-0.0006145550058047015,-0.00040828926039315327
2025-10-01,ChinaA,-0.015156144613304908,-0.004110961388787672,-0.011045183224517236
2025-10-01,Chile,0.016588984237721024,0.007154471944728466,0.009434512292992558
2025-10-01,Indonesia,0.0,0.0035239942331197474,-0.0035239942331197474
2025-10-01,Philippines,0.0,0.00034461982325134974,-0.00034461982325134974
2025-10-01,Poland,0.01041986291374246,0.00474402557302856,0.0056758373407139
2025-10-01,US SmallCap,0.0004890846852221128,0.001735466653241712,-0.0012463819680195993
2025-10-01,Malaysia,0.0002602833676193499,0.00027966862368373905,-1.9385256064389166e-05
2025-10-01,Taiwan,0.0,0.010210680035854482,-0.010210680035854482
2025-10-01,Mexico,0.0,-0.0008448383805964786,0.0008448383805964786
2025-10-01,Korea,0.007944275917867508,0.02524007404538888,-0.017295798127521373
2025-10-01,Brazil,0.0,0.0006901355231322543,-0.0006901355231322543
2025-10-01,South Africa,0.0001920989920860526,0.0006721129410890656,-0.000480013949003013
2025-10-01,Denmark,0.0,-0.002468337267710551,0.002468337267710551
2025-10-01,India,0.0,0.003826458259413657,-0.003826458259413657
2025-10-01,ChinaH,-0.012927145223698868,-0.0041953727050792165,-0.008731772518619651
2025-10-01,Hong Kong,0.0005967629864035625,0.0001915065972896101,0.0004052563891139524
2025-10-01,Thailand,0.0,0.004219421718930895,-0.004219421718930895
2025-10-01,Turkey,-0.0032435576182677332,-0.003516079421658493,0.0002725218033907597
2025-10-01,Spain,0.006453233778854512,0.0017629578282906577,0.004690275950563854
2025-10-01,Vietnam,-0.00042999205441412124,-0.0015067653586352187,0.0010767733042210976
2025-10-01,Saudi Arabia,0.0,0.0008538487224217148,-0.0008538487224217148
2025-11-01,Singapore,0.0004255594470332201,0.0001789582987781874,0.00024660114825503275
2025-11-01,Australia,0.0,-0.0029653450451515634,0.0029653450451515634
2025-11-01,Canada,0.0,0.004236017229479512,-0.004236017229479512
2025-11-01,Germany,0.0,0.0003495377636092877,-0.0003495377636092877
2025-11-01,Japan,0.0,-0.000711923023797102,0.000711923023797102
2025-11-01,Switzerland,0.0,0.0040497421030916015,-0.0040497421030916015
2025-11-01,U.K.,0.0,0.001908769310588864,-0.001908769310588864
2025-11-01,NASDAQ,0.0,-0.0015132283734408238,0.0015132283734408238
2025-11-01,U.S.,0.0,0.00024116687028430224,-0.00024116687028430224
2025-11-01,France,0.0,0.0006126989877979393,-0.0006126989877979393
2025-11-01,Netherlands,0.0,-0.0020140549129061577,0.0020140549129061577
2025-11-01,Sweden,0.0,-0.0004330975760747975,0.0004330975760747975
2025-11-01,Italy,0.002006212004170804,0.0014604544911002478,0.0005457575130705563
2025-11-01,ChinaA,-0.0095470943363688,-0.002574725681429509,-0.006972368654939291
2025-11-01,Chile,0.024799604204639673,0.009412258288620617,0.015387345916019056
2025-11-01,Indonesia,0.0,0.0012177755490543531,-0.0012177755490543531
2025-11-01,Philippines,0.0,0.0016751854121727092,-0.0016751854121727092
2025-11-01,Poland,0.0036294892235373168,0.0016566233416906034,0.0019728658818467136
2025-11-01,US SmallCap,0.0002636854342116074,0.0009415306976016659,-0.0006778452633900585
2025-11-01,Malaysia,0.0007302534358269695,0.0011067560502485722,-0.0003765026144216027
2025-11-01,Taiwan,0.0,-0.005669531278989953,0.005669531278989953
2025-11-01,Mexico,0.0,0.003061454508000382,-0.003061454508000382
2025-11-01,Korea,-0.00543199795166876,-0.009979898508155107,0.004547900556486347
2025-11-01,Brazil,0.0,0.007937569872238584,-0.007937569872238584
2025-11-01,South Africa,0.0013556778113520994,0.00469298507315313,-0.00333730726180103
2025-11-01,Denmark,0.0,0.002658098272518775,-0.002658098272518775
2025-11-01,India,0.0,0.0009280710419904044,-0.0009280710419904044
2025-11-01,ChinaH,-0.008556985459301355,-0.0025213201431793526,-0.006035665316122003
2025-11-01,Hong Kong,0.008897034772632944,0.002602669066738977,0.006294365705893966
2025-11-01,Thailand,0.0,-0.0019001673578949575,0.0019001673578949575
2025-11-01,Turkey,-0.0019021193289242033,-0.002953101723054852,0.001050982394130649
2025-11-01,Spain,0.013340777731717005,0.003621946899432966,0.009718830832284038
2025-11-01,Vietnam,0.0017856394286315637,0.006168816673501334,-0.0043831772448697705
2025-11-01,Saudi Arabia,0.0,-0.007703198890353683,0.007703198890353683
2025-12-01,Singapore,0.002463626592584586,0.0011747055978438771,0.001288920994740709
2025-12-01,Australia,0.0,0.003455092156461036,-0.003455092156461036
2025-12-01,Canada,0.0,0.003176503123965641,-0.003176503123965641
2025-12-01,Germany,0.0,0.004088940432591671,-0.004088940432591671
2025-12-01,Japan,0.0,0.0004318401568688078,-0.0004318401568688078
2025-12-01,Switzerland,0.0,0.0044840116643956865,-0.0044840116643956865
2025-12-01,U.K.,0.0,0.003985269417985995,-0.003985269417985995
2025-12-01,NASDAQ,0.0,-0.0004821279192701511,0.0004821279192701511
2025-12-01,U.S.,0.0,5.8769405485433254e-05,-5.8769405485433254e-05
2025-12-01,France,0.0,0.0015203613142670876,-0.0015203613142670876
2025-12-01,Netherlands,0.0,0.002673474450729066,-0.002673474450729066
2025-12-01,Sweden,0.0,0.00449067507207297,-0.00449067507207297
2025-12-01,Italy,0.006539006064716086,0.0047537096302055805,0.0017852964345105053
2025-12-01,ChinaA,-0.005243971371091907,-0.0014033005702027293,-0.003840670800889178
2025-12-01,Chile,0.025522081389374562,0.008643627453322731,0.01687845393605183
2025-12-01,Indonesia,0.0,-0.0006109170846106816,0.0006109170846106816
2025-12-01,Philippines,0.0,0.0009765378057809905,-0.0009765378057809905
2025-12-01,Poland,0.02084687659571055,0.008252031074807707,0.012594845520902844
2025-12-01,US SmallCap,-0.00016164549644056693,-0.00058505264278855,0.0004234071463479831
2025-12-01,Malaysia,0.002548669628054361,0.006348698938241106,-0.003800029310186745
2025-12-01,Taiwan,0.0,0.0060496733275573035,-0.0060496733275573035
2025-12-01,Mexico,0.0,0.0037033418796435483,-0.0037033418796435483
2025-12-01,Korea,0.01210833846094897,0.015100779271678133,-0.0029924408107291633
2025-12-01,Brazil,0.0,-0.001261881462193384,0.001261881462193384
2025-12-01,South Africa,0.0,0.010379222073666452,-0.010379222073666452
2025-12-01,Denmark,0.0,0.00430859970202398,-0.00430859970202398
2025-12-01,India,0.0,-0.0006006936313980042,0.0006006936313980042
2025-12-01,ChinaH,-0.004952879435649481,-0.001591119705620168,-0.0033617597300293132
2025-12-01,Hong Kong,-0.0019009635646445222,-0.0005099151442371288,-0.0013910484204073936
2025-12-01,Thailand,0.0,0.002469280147937102,-0.002469280147937102
2025-12-01,Turkey,0.0021380393403097474,0.0033937382295310915,-0.001255698889221344
2025-12-01,Spain,0.02877674973945713,0.007754092886813461,0.02102265685264367
2025-12-01,Vietnam,0.0022113015862932654,0.007509104962168397,-0.005297803375875132
2025-12-01,Saudi Arabia,0.0,-0.00010340467053305984,0.00010340467053305984
2026-01-01,Singapore,0.007184927627845411,0.00382613415412745,0.003358793473717961
2026-01-01,Australia,0.0,0.005852423244133301,-0.005852423244133301
2026-01-01,Canada,0.0,0.0012394637076401029,-0.0012394637076401029
2026-01-01,Germany,0.0,0.001627642456060784,-0.001627642456060784
2026-01-01,Japan,0.0,0.006605746374797977,-0.006605746374797977
2026-01-01,Switzerland,0.0,0.00269268494080989,-0.00269268494080989
2026-01-01,U.K.,0.0,0.005532758593840009,-0.005532758593840009
2026-01-01,NASDAQ,0.0,0.0010003420956786275,-0.0010003420956786275
2026-01-01,U.S.,0.0,0.0014403659742443214,-0.0014403659742443214
2026-01-01,France,0.0,0.001168458602456315,-0.001168458602456315
2026-01-01,Netherlands,0.0,0.015598727818559859,-0.015598727818559859
2026-01-01,Sweden,0.0,0.00633988997717729,-0.00633988997717729
2026-01-01,Italy,0.0038894134062738128,0.002799052442610038,0.001090360963663775
2026-01-01,ChinaA,0.016963549698490732,0.004547627386104514,0.012415922312386217
2026-01-01,Chile,0.050629169654022234,0.015865700892293066,0.03476346876172917
2026-01-01,Indonesia,0.0,-0.004304262731225968,0.004304262731225968
2026-01-01,Philippines,0.0,0.004581332957658918,-0.004581332957658918
2026-01-01,Poland,0.021577438331235075,0.007763175579257193,0.013814262751977882
2026-01-01,US SmallCap,0.0014897491609981092,0.0054567157718324695,-0.00396696661083436
2026-01-01,Malaysia,0.0015370308740506212,0.007182635553696737,-0.005645604679646116
2026-01-01,Taiwan,0.0,0.012529450132874213,-0.012529450132874213
2026-01-01,Mexico,0.0,0.010639483426672997,-0.010639483426672997
2026-01-01,Korea,0.03671646596310828,0.037210970744181275,-0.0004945047810729977
2026-01-01,Brazil,0.003629453497020753,0.018086908349474105,-0.014457454852453352
2026-01-01,South Africa,0.0,0.009360613245657385,-0.009360613245657385
2026-01-01,Denmark,0.0,0.007828947247965222,-0.007828947247965222
2026-01-01,India,0.0,-0.0044944733272758676,0.0044944733272758676
2026-01-01,ChinaH,0.013689839894157865,0.004744929130289338,0.008944910763868528
2026-01-01,Hong Kong,0.03975575300966263,0.010672887507884898,0.02908286550177773
2026-01-01,Thailand,0.0,0.006390308089326504,-0.006390308089326504
2026-01-01,Turkey,0.009874295737892697,0.022229471185945208,-0.012355175448052511
2026-01-01,Spain,0.02230212348537263,0.005981632647324098,0.016320490838048533
2026-01-01,Vietnam,-0.0011607653827703168,-0.0038742370289841606,0.002713471646213844
2026-01-01,Saudi Arabia,0.0,0.009238944456650577,-0.009238944456650577
2026-02-01,Singapore,0.0016406542132240706,0.0010000578429459276,0.000640596370278143
2026-02-01,Australia,0.0,0.008436927300550403,-0.008436927300550403
2026-02-01,Canada,0.0,0.0067141071818538275,-0.0067141071818538275
2026-02-01,Germany,0.0,0.002577112635970842,-0.002577112635970842
2026-02-01,Japan,0.0,0.009209907312494364,-0.009209907312494364
2026-02-01,Switzerland,0.0,0.006173202883677369,-0.006173202883677369
2026-02-01,U.K.,0.0,0.00628262620027259,-0.00628262620027259
2026-02-01,NASDAQ,0.0,-0.0035105602274891597,0.0035105602274891597
2026-02-01,U.S.,0.0,-0.0007824163425748958,0.0007824163425748958
2026-02-01,France,0.0,0.005121332029855471,-0.005121332029855471
2026-02-01,Netherlands,0.0,0.0004685941632915358,-0.0004685941632915358
2026-02-01,Sweden,0.0,0.00475140767016068,-0.00475140767016068
2026-02-01,Italy,0.004909794768114036,0.0030081905108863753,0.001901604257227661
2026-02-01,ChinaA,-0.022052660418052206,-0.005908901600117408,-0.016143758817934797
2026-02-01,Chile,-0.02741281659113138,-0.008429144712141132,-0.01898367187899025
2026-02-01,Indonesia,0.0,-0.0013162376742479164,0.0013162376742479164
2026-02-01,Philippines,0.0,0.007132176344280864,-0.007132176344280864
2026-02-01,Poland,0.0042279094445281315,0.0013915251822174146,0.002836384262310717
2026-02-01,US SmallCap,0.0002336167347668143,0.0008658434271226359,-0.0006322266923558216
2026-02-01,Malaysia,0.0,-0.00037827087089615185,0.00037827087089615185
2026-02-01,Taiwan,0.0,0.015931494161742735,-0.015931494161742735
2026-02-01,Mexico,0.0,0.008558554498107732,-0.008558554498107732
2026-02-01,Korea,0.043901512784553086,0.03728618827259217,0.006615324511960917
2026-02-01,Brazil,0.002001342317425156,0.004914579692751451,-0.002913237375326295
2026-02-01,South Africa,0.0,0.013446220072714623,-0.013446220072714623
2026-02-01,Denmark,0.0,-0.018617555422480593,0.018617555422480593
2026-02-01,India,0.0,0.0009925752188962782,-0.0009925752188962782
2026-02-01,ChinaH,-0.015697670892375528,-0.005948672003347454,-0.009748998889028075
2026-02-01,Hong Kong,0.011183376947647213,0.002996209187692078,0.008187167759955134
2026-02-01,Thailand,0.0,0.022867260900574567,-0.022867260900574567
2026-02-01,Turkey,-0.00025282678345201707,-0.0009968474115105797,0.0007440206280585626
2026-02-01,Spain,0.0037644235130047917,0.0010058689269727941,0.0027585545860319975
2026-02-01,Vietnam,0.0018370552872217325,0.006043988500824256,-0.004206933213602524
2026-02-01,Saudi Arabia,0.0,-0.005536757224146774,0.005536757224146774
2026-03-01,Singapore,-0.007482559029762093,-0.005594986274690694,-0.0018875727550713983
2026-03-01,Australia,0.0,-0.010295188289530573,0.010295188289530573
2026-03-01,Canada,0.0,-0.006463450138649877,0.006463450138649877
2026-03-01,Germany,0.0,-0.012880347198123516,0.012880347198123516
2026-03-01,Japan,0.0,-0.015274439626255836,0.015274439626255836
2026-03-01,Switzerland,0.0,-0.013838896392701885,0.013838896392701885
2026-03-01,U.K.,0.0,-0.008044812005679334,0.008044812005679334
2026-03-01,NASDAQ,0.0,-0.004839792852017811,0.004839792852017811
2026-03-01,U.S.,0.0,-0.005180676157663455,0.005180676157663455
2026-03-01,France,0.0,-0.011883458500075637,0.011883458500075637
2026-03-01,Netherlands,0.0,-0.013221962381336693,0.013221962381336693
2026-03-01,Sweden,0.0,-0.015475687317627189,0.015475687317627189
2026-03-01,Italy,-0.015575888259373609,-0.009547601767286149,-0.00602828649208746
2026-03-01,ChinaA,-0.025681724669671734,-0.007598102304835483,-0.018083622364836252
2026-03-01,Chile,-0.03153610931860475,-0.00889366891376317,-0.022642440404841584
2026-03-01,Indonesia,0.0,-0.014090117366862446,0.014090117366862446
2026-03-01,Philippines,0.0,-0.014240221745122654,0.014240221745122654
2026-03-01,Poland,-0.02635304469723032,-0.00791066241716579,-0.01844238228006453
2026-03-01,US SmallCap,0.0,-0.005511324477215985,0.005511324477215985
2026-03-01,Malaysia,-0.0011895756145594704,-0.004314261665772693,0.0031246860512132227
2026-03-01,Taiwan,0.0,-0.01813015589611737,0.01813015589611737
2026-03-01,Mexico,0.0,-0.01045096508992736,0.01045096508992736
2026-03-01,Korea,-0.06619358688764723,-0.04694963860973969,-0.01924394827790754
2026-03-01,Brazil,-0.0015389448163399939,-0.0023431931922174407,0.0008042483758774468
2026-03-01,South Africa,0.0,-0.024920963015635324,0.024920963015635324
2026-03-01,Denmark,0.0,-0.0041312108001826916,0.0041312108001826916
2026-03-01,India,0.0,-0.013785287681862003,0.013785287681862003
2026-03-01,ChinaH,-0.016885927754833458,-0.007311702128190321,-0.009574225626643137
2026-03-01,Hong Kong,-0.029292973350672307,-0.007893018781101277,-0.021399954569571028
2026-03-01,Thailand,0.0,-0.011868144935649584,0.011868144935649584
2026-03-01,Turkey,0.0,-0.008342348052303382,0.008342348052303382
2026-03-01,Spain,-0.03628965653905756,-0.010469017173158039,-0.02582063936589952
2026-03-01,Vietnam,-0.00769246287861098,-0.01362342942421553,0.0059309665456045504
2026-03-01,Saudi Arabia,0.0,0.0045821450533211775,-0.0045821450533211775
2026-04-01,Singapore,0.0029371393139941294,0.0028941778049093305,4.2961509084798837e-05
2026-04-01,Australia,0.0,0.006516470372362594,-0.006516470372362594
2026-04-01,Canada,0.0,0.007582860316582977,-0.007582860316582977
2026-04-01,Germany,0.0,0.007408391830360944,-0.007408391830360944
2026-04-01,Japan,0.0,0.009291661089326008,-0.009291661089326008
2026-04-01,Switzerland,0.0,0.005941882018417351,-0.005941882018417351
2026-04-01,U.K.,0.0,0.006072550244578566,-0.006072550244578566
2026-04-01,NASDAQ,0.0,0.015121244603855733,-0.015121244603855733
2026-04-01,U.S.,0.0,0.010437179503410048,-0.010437179503410048
2026-04-01,France,0.0,0.00532331433150794,-0.00532331433150794
2026-04-01,Netherlands,0.0,0.011466535013155862,-0.011466535013155862
2026-04-01,Sweden,0.0,0.005692790886274198,-0.005692790886274198
2026-04-01,Italy,0.015381471285399507,0.0094433070058029,0.005938164279596607
2026-04-01,ChinaA,0.00995170312030166,0.0032935636773588203,0.00665813944294284
2026-04-01,Chile,0.020128629816804876,0.005684900367563294,0.014443729449241582
2026-04-01,Indonesia,0.0,-0.00611115493181784,0.00611115493181784
2026-04-01,Philippines,0.0,-0.002153570205573578,0.002153570205573578
2026-04-01,Poland,0.027029134854065495,0.00812707025740824,0.018902064596657255
2026-04-01,US SmallCap,0.0,0.012861770282731297,-0.012861770282731297
2026-04-01,Malaysia,0.0012674842255056276,0.004601758533799161,-0.003334274308293534
2026-04-01,Taiwan,0.0,0.030749384658254865,-0.030749384658254865
2026-04-01,Mexico,0.0,0.002976933594679528,-0.002976933594679528
2026-04-01,Korea,0.08839053690133784,0.051202184378558314,0.03718835252277953
2026-04-01,Brazil,0.004728904749841083,0.0050274045900893126,-0.0002984998402482293
2026-04-01,South Africa,0.0,0.0023795458592236686,-0.0023795458592236686
2026-04-01,Denmark,0.0,0.008112700015175514,-0.008112700015175514
2026-04-01,India,0.0,0.0072724585792126,-0.0072724585792126
2026-04-01,ChinaH,0.006048957449211912,0.0030673674593810715,0.0029815899898308408
2026-04-01,Hong Kong,0.01490019007302903,0.0040187297149521534,0.010881460358076876
2026-04-01,Thailand,0.0,0.0048416714234150735,-0.0048416714234150735
2026-04-01,Turkey,0.0037734599337483025,0.01235488593500969,-0.008581426001261388
2026-04-01,Spain,0.021347803239570043,0.006782219776098375,0.014565583463471667
2026-04-01,Vietnam,0.01601941495174831,0.01804196113087561,-0.0020225461791273
2026-04-01,Saudi Arabia,0.0,-0.0005899627499255525,0.0005899627499255525
2026-05-01,Singapore,0.0027820582476941165,0.004043402717947175,-0.001261344470253059
2026-05-01,Australia,0.0,0.0013293389027891104,-0.0013293389027891104
2026-05-01,Canada,0.0,0.0011904942533894427,-0.0011904942533894427
2026-05-01,Germany,0.0,0.0018026723868164083,-0.0018026723868164083
2026-05-01,Japan,0.0,0.0054868554390050195,-0.0054868554390050195
2026-05-01,Switzerland,0.0,0.003568246158018652,-0.003568246158018652
2026-05-01,U.K.,0.0,0.0004219712422669859,-0.0004219712422669859
2026-05-01,NASDAQ,0.0,0.009547617333568278,-0.009547617333568278
2026-05-01,U.S.,0.0,0.005798350888260383,-0.005798350888260383
2026-05-01,France,0.0,0.0006246854692468384,-0.0006246854692468384
2026-05-01,Netherlands,0.0,0.010467157650967358,-0.010467157650967358
2026-05-01,Sweden,0.0,0.0035084057064657137,-0.0035084057064657137
2026-05-01,Italy,0.004466729977055934,0.0027481720055709097,0.0017185579714850238
2026-05-01,ChinaA,-0.008724843971912605,-0.0032793778314606703,-0.005445466140451935
2026-05-01,Chile,0.0006906062895315912,0.00019578893600203688,0.0004948173535295543
2026-05-01,Indonesia,0.0,-0.00980441969002753,0.00980441969002753
2026-05-01,Philippines,0.0,-0.0010508600364972668,0.0010508600364972668
2026-05-01,Poland,0.028104441978214142,0.008481821605710888,0.019622620372503254
2026-05-01,US SmallCap,0.0,0.005105777262126231,-0.005105777262126231
2026-05-01,Malaysia,-0.0005317513552768362,-0.001941156565899695,0.0014094052106228589
2026-05-01,Taiwan,0.0,0.023609651945961208,-0.023609651945961208
2026-05-01,Mexico,0.0,0.004240174703507494,-0.004240174703507494
2026-05-01,Korea,0.12622933040564838,0.06200444385551307,0.06422488655013531
2026-05-01,Brazil,-0.014176664324649868,-0.011499014017583653,-0.0026776503070662146
2026-05-01,South Africa,0.0,0.002786353450563921,-0.002786353450563921
2026-05-01,Denmark,0.0,0.00283246641051789,-0.00283246641051789
2026-05-01,India,0.0,-0.0004168112439100481,0.0004168112439100481
2026-05-01,ChinaH,-0.005542490265795412,-0.003404045393075308,-0.0021384448727201043
2026-05-01,Hong Kong,-0.004374763572973775,-0.0011838496511340343,-0.00319091392183974
2026-05-01,Thailand,0.0,0.006350640421772415,-0.006350640421772415
2026-05-01,Turkey,-0.00614045873393731,-0.010212944451502943,0.004072485717565633
2026-05-01,Spain,0.007928105964372944,0.002812283991742908,0.005115821972630036
2026-05-01,Vietnam,-0.0015999137435930367,-0.0013291033636033832,-0.0002708103799896535
2026-05-01,Saudi Arabia,0.0,-0.0006674244985109519,0.0006674244985109519
2026-06-01,Singapore,0.0011201422260836526,0.002926383037139508,-0.0018062408110558553
2026-06-01,Australia,0.0,-0.003301966970882242,0.003301966970882242
2026-06-01,Canada,0.0,-0.002120291810302773,0.002120291810302773
2026-06-01,Germany,0.0,-0.0034588937443591557,0.0034588937443591557
2026-06-01,Japan,0.0,-0.000464309632805631,0.000464309632805631
2026-06-01,Switzerland,0.0,0.0019076037603745054,-0.0019076037603745054
2026-06-01,U.K.,0.0,-0.0007283690595903619,0.0007283690595903619
2026-06-01,NASDAQ,0.0,-0.0033578927867562707,0.0033578927867562707
2026-06-01,U.S.,0.0,-0.0011076256779457274,0.0011076256779457274
2026-06-01,France,0.0,0.0008127502897917454,-0.0008127502897917454
2026-06-01,Netherlands,0.0,0.014966697639023786,-0.014966697639023786
2026-06-01,Sweden,0.0,-0.003509268950024457,0.003509268950024457
2026-06-01,Italy,0.001996149943004763,0.00123468908897117,0.0007614608540335928
2026-06-01,ChinaA,-0.01674325372626282,-0.007278423895084156,-0.009464829831178665
2026-06-01,Chile,-0.008803648334728856,-0.002509842292471413,-0.006293806042257443
2026-06-01,Indonesia,0.0,-0.006863460475920705,0.006863460475920705
2026-06-01,Philippines,0.0,0.008057640153625815,-0.008057640153625815
2026-06-01,Poland,-0.0219220670956443,-0.006655928010873907,-0.015266139084770394
2026-06-01,US SmallCap,0.0,0.00452994376877022,-0.00452994376877022
2026-06-01,Malaysia,-0.0027474904254829674,-0.004727127863611359,0.0019796374381283914
2026-06-01,Taiwan,0.0,0.0015695242830372738,-0.0015695242830372738
2026-06-01,Mexico,0.0,-0.0036932525507785002,0.0036932525507785002
2026-06-01,Korea,0.0008686810869522275,0.0003939010204510823,0.0004747800665011452
2026-06-01,Brazil,-0.004962364090266883,-0.003219188502437765,-0.0017431755878291179
2026-06-01,South Africa,0.0,-0.0077522287010010375,0.0077522287010010375
2026-06-01,Denmark,0.0,0.0018361042711532338,-0.0018361042711532338
2026-06-01,India,0.0,0.0014979124503296764,-0.0014979124503296764
2026-06-01,ChinaH,-0.00925102279480786,-0.007154076928505748,-0.002096945866302112
2026-06-01,Hong Kong,-0.034623680024543885,-0.00942414028257485,-0.025199539741969035
2026-06-01,Thailand,0.0,-0.0025466379332395026,0.0025466379332395026
2026-06-01,Turkey,0.0014557915951543617,0.0015936871204823085,-0.0001378955253279468
2026-06-01,Spain,0.014464405035189216,0.005786279266535661,0.008678125768653556
2026-06-01,Vietnam,-8.671701667806812e-05,-5.718806680705098e-05,-2.952894987101714e-05
2026-06-01,Saudi Arabia,0.0,-0.002869607480736394,0.002869607480736394
2026-07-01,Singapore,0.0,0.011885225824589113,-0.011885225824589113
2026-07-01,Australia,0.0,0.005335446274528302,-0.005335446274528302
2026-07-01,Canada,0.0,0.0032705496500296115,-0.0032705496500296115
2026-07-01,Germany,0.0,0.003336445382446759,-0.003336445382446759
2026-07-01,Japan,0.0,0.0011922334935240177,-0.0011922334935240177
2026-07-01,Switzerland,0.0,0.0003710100728536977,-0.0003710100728536977
2026-07-01,U.K.,0.0,0.00623649750402537,-0.00623649750402537
2026-07-01,NASDAQ,0.0,-0.0037766432611973863,0.0037766432611973863
2026-07-01,U.S.,0.0,-7.424900867724805e-05,7.424900867724805e-05
2026-07-01,France,0.0,0.002019831982799246,-0.002019831982799246
2026-07-01,Netherlands,0.0,-0.013252637032390732,0.013252637032390732
2026-07-01,Sweden,0.0,0.004775243834625497,-0.004775243834625497
2026-07-01,Italy,0.004695736277092975,0.0038320255207978824,0.0008637107562950927
2026-07-01,ChinaA,0.014879631400784294,0.00797324905528218,0.006906382345502114
2026-07-01,Chile,-0.0007961098413197288,-0.00022941331163596197,-0.0005666965296837668
2026-07-01,Indonesia,0.0,0.008325202400388683,-0.008325202400388683
2026-07-01,Philippines,0.0,0.0065644845119424925,-0.0065644845119424925
2026-07-01,Poland,0.0449388891859151,0.012298801210081766,0.03264008797583333
2026-07-01,US SmallCap,0.0,-0.0037608539261056247,0.0037608539261056247
2026-07-01,Malaysia,0.0025924898512556275,0.0044975633508129815,-0.001905073499557354
2026-07-01,Taiwan,0.0,-0.00898114894125814,0.00898114894125814
2026-07-01,Mexico,0.0,0.0022760536080588373,-0.0022760536080588373
2026-07-01,Korea,-0.08719564418702444,-0.03680037090991338,-0.05039527327711106
2026-07-01,Brazil,0.013666413262804506,0.007114259561160823,0.006552153701643683
2026-07-01,South Africa,-0.0001268595292480726,-0.00032177951897655044,0.00019491998972847783
2026-07-01,Denmark,0.0,0.00031897161491968937,-0.00031897161491968937
2026-07-01,India,0.0,0.0016662216572505143,-0.0016662216572505143
2026-07-01,ChinaH,0.007009067832013004,0.007873182834377315,-0.0008641150023643105
2026-07-01,Hong Kong,0.04037778259654844,0.01107048882317235,0.029307293773376087
2026-07-01,Thailand,4.48475947674849e-05,0.00013032779261767369,-8.548019785018879e-05
2026-07-01,Turkey,-0.0042351685442631095,-0.0032978624598494536,-0.0009373060844136559
2026-07-01,Spain,0.00823281067860214,0.0039168238460891265,0.004315986832513013
2026-07-01,Vietnam,-0.010828065850433843,-0.007016731207187255,-0.0038113346432465875
2026-07-01,Saudi Arabia,0.0,-0.00047329507316243053,0.00047329507316243053
