date,country,pnl_selection,pnl_benchmark,active_pnl
2006-03-01,Singapore,0.006300204488130845,0.0013263588396064936,0.004973845648524352
2006-03-01,Australia,0.0,0.0005533998416648443,-0.0005533998416648443
2006-03-01,Canada,0.0,0.0,0.0
2006-03-01,Germany,0.0,0.0,0.0
2006-03-01,Japan,0.005073266449446001,0.0010680560946202107,0.004005210354825791
2006-03-01,Switzerland,0.0,0.0011231403787917572,-0.0011231403787917572
2006-03-01,U.K.,0.0,0.0020795890211482075,-0.0020795890211482075
2006-03-01,NASDAQ,0.0,0.0016255826569571725,-0.0016255826569571725
2006-03-01,U.S.,0.0,0.0006546270249191235,-0.0006546270249191235
2006-03-01,France,0.0,0.0,0.0
2006-03-01,Netherlands,0.0,0.002171569435288938,-0.002171569435288938
2006-03-01,Sweden,0.0,0.004466577769141126,-0.004466577769141126
2006-03-01,Italy,0.0,0.0,0.0
2006-03-01,ChinaA,0.0,0.0,0.0
2006-03-01,Chile,-0.0015679368479499523,-0.0003300919679894636,-0.0012378448799604887
2006-03-01,Indonesia,0.0,0.0,0.0
2006-03-01,Philippines,0.0,0.0,0.0
2006-03-01,Poland,-0.0012502822446587847,-0.00026321731466500726,-0.0009870649299937775
2006-03-01,US SmallCap,0.0,0.0025543639879897057,-0.0025543639879897057
2006-03-01,Malaysia,0.0,0.000950143867114976,-0.000950143867114976
2006-03-01,Taiwan,0.0,0.0,0.0
2006-03-01,Mexico,0.0,0.00014443083296763294,-0.00014443083296763294
2006-03-01,Korea,0.0,0.0,0.0
2006-03-01,Brazil,0.0,0.0,0.0
2006-03-01,South Africa,0.0,0.004185540414650433,-0.004185540414650433
2006-03-01,Denmark,0.0,0.0029101378433310683,-0.0029101378433310683
2006-03-01,India,0.0,0.005194581248872416,-0.005194581248872416
2006-03-01,ChinaH,0.0,0.0,0.0
2006-03-01,Hong Kong,0.0,0.0,0.0
2006-03-01,Thailand,0.0,-0.0006547199096938022,0.0006547199096938022
2006-03-01,Turkey,0.0,0.0,0.0
2006-03-01,Spain,0.0,0.0010377938924427807,-0.0010377938924427807
2006-03-01,Vietnam,0.0,0.0,0.0
2006-03-01,Saudi Arabia,0.0,0.0,0.0
2006-04-01,Singapore,0.010836189547535551,0.0025558085005414036,0.008280381046994148
2006-04-01,Australia,0.0,0.0035317193101206314,-0.0035317193101206314
2006-04-01,Canada,0.0,0.001933826186365984,-0.001933826186365984
2006-04-01,Germany,0.0,0.0018015249293058758,-0.0018015249293058758
2006-04-01,Japan,0.004843342278058567,0.0011423439310462137,0.0037009983470123534
2006-04-01,Switzerland,0.0,0.002282819814513505,-0.002282819814513505
2006-04-01,U.K.,0.0,0.0024543309155596153,-0.0024543309155596153
2006-04-01,NASDAQ,0.0,-0.00028054960500747744,0.00028054960500747744
2006-04-01,U.S.,0.0,0.0005322343249256094,-0.0005322343249256094
2006-04-01,France,0.0,0.0013470527478914472,-0.0013470527478914472
2006-04-01,Netherlands,0.0,0.001188074841363632,-0.001188074841363632
2006-04-01,Sweden,0.0,0.0013178941113923355,-0.0013178941113923355
2006-04-01,Italy,0.0,0.0,0.0
2006-04-01,ChinaA,0.0,0.0,0.0
2006-04-01,Chile,0.0031286592446334274,0.0007379211906227803,0.0023907380540106474
2006-04-01,Indonesia,0.0,0.005559344988674273,-0.005559344988674273
2006-04-01,Philippines,0.0,8.94330765874242e-06,-8.94330765874242e-06
2006-04-01,Poland,0.02582133983462488,0.006090185074301471,0.01973115476032341
2006-04-01,US SmallCap,0.0,-8.111931035510797e-06,8.111931035510797e-06
2006-04-01,Malaysia,0.0,0.001695882693766858,-0.001695882693766858
2006-04-01,Taiwan,0.0,0.0,0.0
2006-04-01,Mexico,0.0,0.0021312680333181646,-0.0021312680333181646
2006-04-01,Korea,0.0,0.0,0.0
2006-04-01,Brazil,0.01605870580194049,0.003787583874963443,0.012271121926977047
2006-04-01,South Africa,0.0,0.0016586361409272902,-0.0016586361409272902
2006-04-01,Denmark,0.0,0.0023923356966567225,-0.0023923356966567225
2006-04-01,India,0.0,0.00147849720505637,-0.00147849720505637
2006-04-01,ChinaH,0.0,0.0,0.0
2006-04-01,Hong Kong,0.0,0.0,0.0
2006-04-01,Thailand,0.0,0.003519455272789072,-0.003519455272789072
2006-04-01,Turkey,0.008515232517555019,0.0020083908238208393,0.00650684169373418
2006-04-01,Spain,0.0,0.001747781146497858,-0.001747781146497858
2006-04-01,Vietnam,0.0,0.0,0.0
2006-04-01,Saudi Arabia,0.0,0.0,0.0
2006-05-01,Singapore,0.0,-0.0027282844645902314,0.0027282844645902314
2006-05-01,Australia,0.0,-0.0019306312302689664,0.0019306312302689664
2006-05-01,Canada,0.0,-0.0008955434227518219,0.0008955434227518219
2006-05-01,Germany,-0.008109255789794656,-0.0017832062635423738,-0.0063260495262522825
2006-05-01,Japan,-0.00960719757501437,-0.0021126001367985634,-0.007494597438215808
2006-05-01,Switzerland,0.0,-0.0010990502385324471,0.0010990502385324471
2006-05-01,U.K.,0.0,-0.0004622238673339829,0.0004622238673339829
2006-05-01,NASDAQ,0.0,-0.00206483023426189,0.00206483023426189
2006-05-01,U.S.,0.0,-0.0009743887675255841,0.0009743887675255841
2006-05-01,France,0.0,-0.0010309642234693475,0.0010309642234693475
2006-05-01,Netherlands,0.0,-0.0015957746752310394,0.0015957746752310394
2006-05-01,Sweden,0.0,-0.0022928522656431713,0.0022928522656431713
2006-05-01,Italy,0.0,-0.00035906058495891764,0.00035906058495891764
2006-05-01,ChinaA,-0.00916937881368958,-0.0020163248215627,-0.00715305399212688
2006-05-01,Chile,-0.010405710072096596,-0.0022881911556570204,-0.008117518916439576
2006-05-01,Indonesia,0.0,-0.00478228268961091,0.00478228268961091
2006-05-01,Philippines,0.0,0.0001311334234951721,-0.0001311334234951721
2006-05-01,Poland,0.0,-0.004040955064055155,0.004040955064055155
2006-05-01,US SmallCap,0.0,-0.0019016936214343659,0.0019016936214343659
2006-05-01,Malaysia,0.0,-0.0007343317098222179,0.0007343317098222179
2006-05-01,Taiwan,0.0,-0.002270347462439826,0.002270347462439826
2006-05-01,Mexico,0.0,-0.003813164192485673,0.003813164192485673
2006-05-01,Korea,-0.01182647541824147,-0.002600614111590643,-0.009225861306650828
2006-05-01,Brazil,-0.02500298121054701,-0.0054980967252247345,-0.019504884485322276
2006-05-01,South Africa,0.0,-0.005361170912418704,0.005361170912418704
2006-05-01,Denmark,0.0,-0.0014945237162233788,0.0014945237162233788
2006-05-01,India,0.0,-0.004864032323103423,0.004864032323103423
2006-05-01,ChinaH,0.0,-0.0020007451548300554,0.0020007451548300554
2006-05-01,Hong Kong,0.0,-0.001877028361278832,0.001877028361278832
2006-05-01,Thailand,0.0,-0.003028577928666154,0.003028577928666154
2006-05-01,Turkey,-0.042487938627583,-0.009342997711461819,-0.033144940916121184
2006-05-01,Spain,0.0,-0.0009577007542489844,0.0009577007542489844
2006-05-01,Vietnam,0.0,0.0,0.0
2006-05-01,Saudi Arabia,0.0,0.0,0.0
2006-06-01,Singapore,0.0034083065968428384,0.0007798471182464697,0.002628459478596369
2006-06-01,Australia,0.0,0.0003194065160971392,-0.0003194065160971392
2006-06-01,Canada,0.0,-0.0004942091571284822,0.0004942091571284822
2006-06-01,Germany,-0.0015801173123172613,-0.0003615431586006444,-0.0012185741537166167
2006-06-01,Japan,-0.0015717602515238102,-0.0003596309979450214,-0.0012121292535787888
2006-06-01,Switzerland,0.0,-5.141171172105005e-05,5.141171172105005e-05
2006-06-01,U.K.,0.0,0.0004351848950370494,-0.0004351848950370494
2006-06-01,NASDAQ,0.0,-8.249438378368647e-05,8.249438378368647e-05
2006-06-01,U.S.,0.0,4.16534697770207e-05,-4.16534697770207e-05
2006-06-01,France,0.0,0.00021026220660787706,-0.00021026220660787706
2006-06-01,Netherlands,0.0,-3.8747486794915786e-05,3.8747486794915786e-05
2006-06-01,Sweden,0.0,0.0001023013572510845,-0.0001023013572510845
2006-06-01,Italy,0.0,-9.607426926870396e-05,9.607426926870396e-05
2006-06-01,ChinaA,0.0,0.0005962837839682153,-0.0005962837839682153
2006-06-01,Chile,0.0,-0.00045361045028294,0.00045361045028294
2006-06-01,Indonesia,0.0,8.998304540212948e-05,-8.998304540212948e-05
2006-06-01,Philippines,0.0,-0.0021502518268159644,0.0021502518268159644
2006-06-01,Poland,0.0004160043678934471,9.518504226707873e-05,0.00032081932562636834
2006-06-01,US SmallCap,0.0,0.00020092147086717209,-0.00020092147086717209
2006-06-01,Malaysia,0.0,-0.0008972170976792007,0.0008972170976792007
2006-06-01,Taiwan,0.0,-0.0007516755319015753,0.0007516755319015753
2006-06-01,Mexico,0.0,0.0008005380426973315,-0.0008005380426973315
2006-06-01,Korea,-0.0021382642570908802,-0.0004892515305067911,-0.0016490127265840892
2006-06-01,Brazil,0.008524215666144022,0.0019504069935232869,0.006573808672620735
2006-06-01,South Africa,0.0,-0.0011351715264043137,0.0011351715264043137
2006-06-01,Denmark,0.0,-0.00033690559624589844,0.00033690559624589844
2006-06-01,India,0.0,0.0006995766915464293,-0.0006995766915464293
2006-06-01,ChinaH,0.0,0.0006355153671248625,-0.0006355153671248625
2006-06-01,Hong Kong,0.0,8.503484586143932e-05,-8.503484586143932e-05
2006-06-01,Thailand,0.0,-0.0013520542816472126,0.0013520542816472126
2006-06-01,Turkey,-0.010073143704978133,-0.002304813803220177,-0.007768329901757956
2006-06-01,Spain,0.0,0.00040492746119303604,-0.00040492746119303604
2006-06-01,Vietnam,0.0,0.0,0.0
2006-06-01,Saudi Arabia,0.0,0.0,0.0
2006-07-01,Singapore,0.0002733391487466266,6.249503293842668e-05,0.00021084411580819993
2006-07-01,Australia,0.0,0.0004219425792926257,-0.0004219425792926257
2006-07-01,Canada,0.0,9.198477607431429e-05,-9.198477607431429e-05
2006-07-01,Germany,-0.0004961844543752155,-0.00011344538080953196,-0.00038273907356568354
2006-07-01,Japan,-0.0007617255150103673,-0.00017415749397368542,-0.000587568021036682
2006-07-01,Switzerland,0.0,0.000980452517816647,-0.000980452517816647
2006-07-01,U.K.,0.0,0.0007486794437402432,-0.0007486794437402432
2006-07-01,NASDAQ,0.0,-0.0011547171556277273,0.0011547171556277273
2006-07-01,U.S.,0.0,0.00019314135155697814,-0.00019314135155697814
2006-07-01,France,0.0,0.00017884137116234533,-0.00017884137116234533
2006-07-01,Netherlands,0.0,0.0007682849414306632,-0.0007682849414306632
2006-07-01,Sweden,0.0,-0.0005084992247170018,0.0005084992247170018
2006-07-01,Italy,0.0,0.00014280525825269232,-0.00014280525825269232
2006-07-01,ChinaA,0.0,0.00082587150177264,-0.00082587150177264
2006-07-01,Chile,0.0,0.00011017998694297547,-0.00011017998694297547
2006-07-01,Indonesia,0.0,0.002004604407834435,-0.002004604407834435
2006-07-01,Philippines,0.02051761513704226,0.004691055195302471,0.015826559941739787
2006-07-01,Poland,0.022618608556590727,0.005171416876240498,0.01744719168035023
2006-07-01,US SmallCap,0.0,-0.001019354845439449,0.001019354845439449
2006-07-01,Malaysia,0.0,0.0008665315934315725,-0.0008665315934315725
2006-07-01,Taiwan,0.0,-0.0017650521028718571,0.0017650521028718571
2006-07-01,Mexico,0.0,0.002149925498490601,-0.002149925498490601
2006-07-01,Korea,-0.0003711903243263166,-8.486728539094686e-05,-0.00028632303893536974
2006-07-01,Brazil,0.001442047007393489,0.00032970313853341844,0.0011123438688600705
2006-07-01,South Africa,0.0,0.00021073576893051324,-0.00021073576893051324
2006-07-01,Denmark,0.0,-0.00012117282924445164,0.00012117282924445164
2006-07-01,India,0.0,2.821760716924592e-05,-2.821760716924592e-05
2006-07-01,ChinaH,0.0,0.0008428745937470087,-0.0008428745937470087
2006-07-01,Hong Kong,0.0,0.0005469420100430634,-0.0005469420100430634
2006-07-01,Thailand,0.0,0.0010907173301211233,-0.0010907173301211233
2006-07-01,Turkey,0.0,0.0024247763729282204,-0.0024247763729282204
2006-07-01,Spain,0.0,0.0007655475992081979,-0.0007655475992081979
2006-07-01,Vietnam,0.0,0.0,0.0
2006-07-01,Saudi Arabia,0.0,0.0,0.0
2006-08-01,Singapore,0.0,0.0012370585100142156,-0.0012370585100142156
2006-08-01,Australia,0.004575493295154994,0.0010216623311296823,0.003553830964025312
2006-08-01,Canada,0.0,0.0012869882429255733,-0.0012869882429255733
2006-08-01,Germany,0.005196902118174696,0.0011604167660630973,0.004036485352111599
2006-08-01,Japan,0.0021289680634004613,0.00047537748046916974,0.0016535905829312915
2006-08-01,Switzerland,0.0,0.0008552444441248333,-0.0008552444441248333
2006-08-01,U.K.,0.0,0.0010976113270157522,-0.0010976113270157522
2006-08-01,NASDAQ,0.0,0.0014424066840559807,-0.0014424066840559807
2006-08-01,U.S.,0.0,0.0007600452097158014,-0.0007600452097158014
2006-08-01,France,0.0,0.0010528540777525743,-0.0010528540777525743
2006-08-01,Netherlands,0.0,0.0013045786768313202,-0.0013045786768313202
2006-08-01,Sweden,0.0,0.0012168125090814936,-0.0012168125090814936
2006-08-01,Italy,0.0,0.0013207313689416026,-0.0013207313689416026
2006-08-01,ChinaA,0.003101895717961769,0.0006926225885829099,0.002409273129378859
2006-08-01,Chile,0.0,0.0011312984204706147,-0.0011312984204706147
2006-08-01,Indonesia,0.0,0.0019473773971870716,-0.0019473773971870716
2006-08-01,Philippines,0.0,-0.00023359255270915245,0.00023359255270915245
2006-08-01,Poland,-0.01103817283534894,-0.002464714657612216,-0.008573458177736724
2006-08-01,US SmallCap,0.0,0.0009447376981432114,-0.0009447376981432114
2006-08-01,Malaysia,0.0,0.0008630252509308604,-0.0008630252509308604
2006-08-01,Taiwan,0.0,0.0006758054874024971,-0.0006758054874024971
2006-08-01,Mexico,0.0,0.0011195634915760779,-0.0011195634915760779
2006-08-01,Korea,0.0035333259276277263,0.0007889566809514483,0.002744369246676278
2006-08-01,Brazil,-0.0007104095242404635,-0.00015862740993649607,-0.0005517821143039675
2006-08-01,South Africa,0.0,-9.89249981080157e-05,9.89249981080157e-05
2006-08-01,Denmark,0.0,0.0020692120622426693,-0.0020692120622426693
2006-08-01,India,0.0,0.0030062419243922574,-0.0030062419243922574
2006-08-01,ChinaH,0.0,0.0007154857765056747,-0.0007154857765056747
2006-08-01,Hong Kong,0.0,0.0011312862570072454,-0.0011312862570072454
2006-08-01,Thailand,0.0,0.0006225015188182681,-0.0006225015188182681
2006-08-01,Turkey,0.0,0.0020340085212469626,-0.0020340085212469626
2006-08-01,Spain,0.0,0.001029367691363385,-0.001029367691363385
2006-08-01,Vietnam,0.0,0.0,0.0
2006-08-01,Saudi Arabia,0.0,0.0,0.0
2006-09-01,Singapore,0.004546068952155733,0.001037896696446209,0.0035081722557095242
2006-09-01,Australia,-0.0013313995251654474,-0.00030396705007388795,-0.0010274324750915594
2006-09-01,Canada,0.0,-0.000983042823668315,0.000983042823668315
2006-09-01,Germany,0.0,0.0004952927321065921,-0.0004952927321065921
2006-09-01,Japan,-0.0029506174768754523,-0.0006736448927536134,-0.002276972584121839
2006-09-01,Switzerland,0.0,0.00046988378288545616,-0.00046988378288545616
2006-09-01,U.K.,0.0,-0.00010210009336828085,0.00010210009336828085
2006-09-01,NASDAQ,0.0,0.001139633003805891,-0.001139633003805891
2006-09-01,U.S.,0.0,0.0008465412464227469,-0.0008465412464227469
2006-09-01,France,0.0,0.0002844863266155228,-0.0002844863266155228
2006-09-01,Netherlands,0.0,0.001025895369946808,-0.001025895369946808
2006-09-01,Sweden,0.0,0.0015311515960923963,-0.0015311515960923963
2006-09-01,Italy,0.0,-4.7869661482804525e-05,4.7869661482804525e-05
2006-09-01,ChinaA,0.0,0.0009777132740847717,-0.0009777132740847717
2006-09-01,Chile,0.0,0.0013444235056775215,-0.0013444235056775215
2006-09-01,Indonesia,0.0,0.0016517676037746966,-0.0016517676037746966
2006-09-01,Philippines,0.016977162640679173,0.0038759951081329944,0.01310116753254618
2006-09-01,Poland,-0.003801857327426974,-0.0008679884097721654,-0.0029338689176548085
2006-09-01,US SmallCap,0.0,0.0002766027467375933,-0.0002766027467375933
2006-09-01,Malaysia,0.0,0.00018142496781579969,-0.00018142496781579969
2006-09-01,Taiwan,0.0,0.0013436845361924409,-0.0013436845361924409
2006-09-01,Mexico,0.0,0.001606851240046055,-0.001606851240046055
2006-09-01,Korea,0.004458848018514445,0.0010179835979340713,0.0034408644205803736
2006-09-01,Brazil,-0.002693780755844154,-0.0006150074222070976,-0.0020787733336370563
2006-09-01,South Africa,0.0,-0.0020385867314368137,0.0020385867314368137
2006-09-01,Denmark,0.0,0.0007992284494972826,-0.0007992284494972826
2006-09-01,India,0.0,0.0025910285316264035,-0.0025910285316264035
2006-09-01,ChinaH,0.0,0.001045196797665639,-0.001045196797665639
2006-09-01,Hong Kong,0.0,0.00033239212747923565,-0.00033239212747923565
2006-09-01,Thailand,0.0,0.0003941823245781227,-0.0003941823245781227
2006-09-01,Turkey,0.0,-0.0014939964907430218,0.0014939964907430218
2006-09-01,Spain,0.0,0.001755238930507315,-0.001755238930507315
2006-09-01,Vietnam,0.0,0.0,0.0
2006-09-01,Saudi Arabia,0.0,0.0,0.0
2006-10-01,Singapore,0.012103266916295354,0.0027710916756616575,0.009332175240633695
2006-10-01,Australia,0.0,0.0028290558122472972,-0.0028290558122472972
2006-10-01,Canada,0.0,0.0016060735958172024,-0.0016060735958172024
2006-10-01,Germany,0.0073230059851139276,0.0016766316951044346,0.005646374290009493
2006-10-01,Japan,0.0,0.0005812458862671678,-0.0005812458862671678
2006-10-01,Switzerland,0.0,0.0008948837114231678,-0.0008948837114231678
2006-10-01,U.K.,0.007452837585284971,0.0017063571625307063,0.005746480422754265
2006-10-01,NASDAQ,0.0,0.0016127869459331007,-0.0016127869459331007
2006-10-01,U.S.,0.0,0.0010905617637534473,-0.0010905617637534473
2006-10-01,France,0.0,0.0008998609301100057,-0.0008998609301100057
2006-10-01,Netherlands,0.0,0.0001313620236658903,-0.0001313620236658903
2006-10-01,Sweden,0.0,0.0021304435099517302,-0.0021304435099517302
2006-10-01,Italy,0.0,0.0012614368122441128,-0.0012614368122441128
2006-10-01,ChinaA,0.009995604234344086,0.0022885338213690758,0.00770707041297501
2006-10-01,Chile,0.0,0.0024089466802116846,-0.0024089466802116846
2006-10-01,Indonesia,0.0,0.0011863587425558885,-0.0011863587425558885
2006-10-01,Philippines,0.009989808824109143,0.002287206938869486,0.0077026018852396575
2006-10-01,Poland,0.0,0.0030595988638400656,-0.0030595988638400656
2006-10-01,US SmallCap,0.0,0.0019270422584822717,-0.0019270422584822717
2006-10-01,Malaysia,0.0,0.0014063707961098472,-0.0014063707961098472
2006-10-01,Taiwan,0.0,0.0002818449036694717,-0.0002818449036694717
2006-10-01,Mexico,0.0,0.0022927345604096634,-0.0022927345604096634
2006-10-01,Korea,-0.0006271679607232585,-0.000143592628934096,-0.00048357533178916253
2006-10-01,Brazil,0.012820505178854203,0.0029353062627304532,0.009885198916123751
2006-10-01,South Africa,0.0,0.003658874384224605,-0.003658874384224605
2006-10-01,Denmark,0.0,0.0014690822896662728,-0.0014690822896662728
2006-10-01,India,0.0,0.0022246709143336854,-0.0022246709143336854
2006-10-01,ChinaH,0.0,0.002233006973101158,-0.002233006973101158
2006-10-01,Hong Kong,0.0,0.0006378748698196717,-0.0006378748698196717
2006-10-01,Thailand,0.0,0.0026119343570925125,-0.0026119343570925125
2006-10-01,Turkey,0.0,0.0051212328457470885,-0.0051212328457470885
2006-10-01,Spain,0.0,0.002440874679169679,-0.002440874679169679
2006-10-01,Vietnam,0.0,0.0,0.0
2006-10-01,Saudi Arabia,0.0,0.0,0.0
2006-11-01,Singapore,0.011239836314001096,0.0025681970777204507,0.008671639236280644
2006-11-01,Australia,0.0,0.0014406122497940127,-0.0014406122497940127
2006-11-01,Canada,0.0,0.0010179799261670968,-0.0010179799261670968
2006-11-01,Germany,0.007106869530719537,0.0016238529681965833,0.005483016562522954
2006-11-01,Japan,0.0,0.0002431715479849039,-0.0002431715479849039
2006-11-01,Switzerland,0.0,0.0011291808352852932,-0.0011291808352852932
2006-11-01,U.K.,0.0,0.001085857932574987,-0.001085857932574987
2006-11-01,NASDAQ,0.0,0.0010099955759549557,-0.0010099955759549557
2006-11-01,U.S.,0.0,0.0006719130127966929,-0.0006719130127966929
2006-11-01,France,0.0,0.0013284014032083529,-0.0013284014032083529
2006-11-01,Netherlands,0.0,0.0008956853646529061,-0.0008956853646529061
2006-11-01,Sweden,0.0,0.0014267433119913694,-0.0014267433119913694
2006-11-01,Italy,0.0,0.001885232889977556,-0.001885232889977556
2006-11-01,ChinaA,0.01687618406860547,0.003856049625391437,0.013020134443214034
2006-11-01,Chile,0.0,0.0021666495701301316,-0.0021666495701301316
2006-11-01,Indonesia,0.0,0.003499091661174329,-0.003499091661174329
2006-11-01,Philippines,0.004274455842401453,0.0009766730312278681,0.003297782811173585
2006-11-01,Poland,0.0,0.0036530478188357787,-0.0036530478188357787
2006-11-01,US SmallCap,0.0,0.0009229104050303281,-0.0009229104050303281
2006-11-01,Malaysia,0.0,0.003947265557345811,-0.003947265557345811
2006-11-01,Taiwan,0.0,0.0036969708378142324,-0.0036969708378142324
2006-11-01,Mexico,0.0,0.001585956773847578,-0.001585956773847578
2006-11-01,Korea,0.00866086150648156,0.0019789255457199457,0.006681935960761614
2006-11-01,Brazil,0.009069893782926015,0.0020723855808762806,0.006997508202049734
2006-11-01,South Africa,0.0,0.002883655538206894,-0.002883655538206894
2006-11-01,Denmark,0.0,0.0023066278423255096,-0.0023066278423255096
2006-11-01,India,0.0,0.0020135017132080855,-0.0020135017132080855
2006-11-01,ChinaH,0.016838095916030513,0.0038473468401011447,0.012990749075929368
2006-11-01,Hong Kong,0.0,0.0020367283375772966,-0.0020367283375772966
2006-11-01,Thailand,0.0,0.001689308918487891,-0.001689308918487891
2006-11-01,Turkey,0.0,-0.0025804946251357123,0.0025804946251357123
2006-11-01,Spain,0.0,0.0015513095363192625,-0.0015513095363192625
2006-11-01,Vietnam,0.0,0.0,0.0
2006-11-01,Saudi Arabia,0.0,0.0,0.0
2006-12-01,Singapore,0.01028467691317346,0.002313119367545231,0.007971557545628229
2006-12-01,Australia,0.0,0.001282554811367927,-0.001282554811367927
2006-12-01,Canada,0.0,-0.0002459767867613849,0.0002459767867613849
2006-12-01,Germany,0.006828275804359715,0.0015357426532061403,0.005292533151153574
2006-12-01,Japan,0.0,0.0009062764820170937,-0.0009062764820170937
2006-12-01,Switzerland,0.0,0.0006629375128556102,-0.0006629375128556102
2006-12-01,U.K.,0.0,0.0009793429132677082,-0.0009793429132677082
2006-12-01,NASDAQ,0.0,-0.00022917409593716014,0.00022917409593716014
2006-12-01,U.S.,0.0,0.0005180058410482786,-0.0005180058410482786
2006-12-01,France,0.0,0.0013048694703913521,-0.0013048694703913521
2006-12-01,Netherlands,0.0,0.001432699828230427,-0.001432699828230427
2006-12-01,Sweden,0.0,0.003091630524366086,-0.003091630524366086
2006-12-01,Italy,0.0,0.0007564268211841787,-0.0007564268211841787
2006-12-01,ChinaA,0.023990697799983546,0.00539573077409814,0.018594967025885405
2006-12-01,Chile,0.0,0.0016255268383021564,-0.0016255268383021564
2006-12-01,Indonesia,0.0,0.0018988809695289763,-0.0018988809695289763
2006-12-01,Philippines,0.015846158224611193,0.003563948172604701,0.012282210052006493
2006-12-01,Poland,0.0,0.0006603703692320664,-0.0006603703692320664
2006-12-01,US SmallCap,0.0,0.0001224093801213828,-0.0001224093801213828
2006-12-01,Malaysia,0.0,0.0016931472937451455,-0.0016931472937451455
2006-12-01,Taiwan,0.0,0.0005141930236814687,-0.0005141930236814687
2006-12-01,Mexico,0.0,0.002233818384032752,-0.002233818384032752
2006-12-01,Korea,0.0,0.000515443227983016,-0.000515443227983016
2006-12-01,Brazil,0.013463008839671343,0.0030279557399209866,0.010435053099750357
2006-12-01,South Africa,0.0,0.0029500274034274447,-0.0029500274034274447
2006-12-01,Denmark,0.0,0.0016337530836788231,-0.0016337530836788231
2006-12-01,India,0.0,0.0011641643383040368,-0.0011641643383040368
2006-12-01,ChinaH,0.0239620112857449,0.0053892789105896444,0.018572732375155256
2006-12-01,Hong Kong,0.0,0.002339965353550459,-0.002339965353550459
2006-12-01,Thailand,-0.01584589016029162,-0.0035638878824492994,-0.012282002277842322
2006-12-01,Turkey,0.0,0.002061865817660866,-0.002061865817660866
2006-12-01,Spain,0.0,0.0006117962865139057,-0.0006117962865139057
2006-12-01,Vietnam,0.0,0.0,0.0
2006-12-01,Saudi Arabia,0.0,0.0,0.0
2007-01-01,Singapore,0.006969320485186075,0.0015272304955873215,0.005442089989598753
2007-01-01,Australia,0.0,4.7120309603354404e-05,-4.7120309603354404e-05
2007-01-01,Canada,0.0,-0.00010537116262607437,0.00010537116262607437
2007-01-01,Germany,0.00218430423771352,0.0004786601578399991,0.001705644079873521
2007-01-01,Japan,0.0,0.0003251657379216307,-0.0003251657379216307
2007-01-01,Switzerland,0.0,0.0007233159595242849,-0.0007233159595242849
2007-01-01,U.K.,0.0,-4.328218028629978e-05,4.328218028629978e-05
2007-01-01,NASDAQ,0.0,0.0007873805837589254,-0.0007873805837589254
2007-01-01,U.S.,0.0,0.0005846261022639523,-0.0005846261022639523
2007-01-01,France,0.0,-0.00012008402072588093,0.00012008402072588093
2007-01-01,Netherlands,0.0,0.00010270457113143735,-0.00010270457113143735
2007-01-01,Sweden,0.0,0.0004839601423025247,-0.0004839601423025247
2007-01-01,Italy,0.0,-2.376695693108489e-05,2.376695693108489e-05
2007-01-01,ChinaA,0.0,-0.0016389300976505494,0.0016389300976505494
2007-01-01,Chile,0.007608419037824537,0.0016672801318968963,0.0059411389059276405
2007-01-01,Indonesia,0.0,-0.0018463431919735836,0.0018463431919735836
2007-01-01,Philippines,0.01798594205362719,0.003941371221850549,0.014044570831776642
2007-01-01,Poland,0.006979999365303329,0.0015295706249311303,0.005450428740372199
2007-01-01,US SmallCap,0.0,0.0006467265369472921,-0.0006467265369472921
2007-01-01,Malaysia,0.0,0.004024757047608655,-0.004024757047608655
2007-01-01,Taiwan,0.0,-0.0010604007330178307,0.0010604007330178307
2007-01-01,Mexico,0.0,0.0009632178951108428,-0.0009632178951108428
2007-01-01,Korea,0.0,-0.002022558390315444,0.002022558390315444
2007-01-01,Brazil,0.0018232449073916695,0.000399538983665851,0.0014237059237258184
2007-01-01,South Africa,0.0,-6.249445759080645e-05,6.249445759080645e-05
2007-01-01,Denmark,0.0,0.001056414163666038,-0.001056414163666038
2007-01-01,India,0.0,0.0009885514884692154,-0.0009885514884692154
2007-01-01,ChinaH,-0.006787552061364169,-0.0014873984516189426,-0.005300153609745226
2007-01-01,Hong Kong,0.0,0.0006311326756691756,-0.0006311326756691756
2007-01-01,Thailand,0.0,-0.0012037732231951301,0.0012037732231951301
2007-01-01,Turkey,0.0,0.0028688751992567464,-0.0028688751992567464
2007-01-01,Spain,0.0,0.0006537041386330064,-0.0006537041386330064
2007-01-01,Vietnam,0.0,0.0,0.0
2007-01-01,Saudi Arabia,0.0,0.0,0.0
2007-02-01,Singapore,0.001263959637711891,0.00027219383009637814,0.0009917658076155128
2007-02-01,Australia,0.0,0.0015834941298285795,-0.0015834941298285795
2007-02-01,Canada,0.0,0.0002860318941963521,-0.0002860318941963521
2007-02-01,Germany,0.0,0.00035556809678393,-0.00035556809678393
2007-02-01,Japan,0.0,0.001566922843022325,-0.001566922843022325
2007-02-01,Switzerland,0.0,-0.0007653932889096765,0.0007653932889096765
2007-02-01,U.K.,0.0,0.00011279558269306286,-0.00011279558269306286
2007-02-01,NASDAQ,0.0,-0.0007224716912490174,0.0007224716912490174
2007-02-01,U.S.,0.0,-0.0007650790355119197,0.0007650790355119197
2007-02-01,France,0.0,1.2115056867541771e-05,-1.2115056867541771e-05
2007-02-01,Netherlands,0.0,5.02284735837848e-05,-5.02284735837848e-05
2007-02-01,Sweden,0.0,-0.0011980063843130956,0.0011980063843130956
2007-02-01,Italy,0.0,-0.0004222074723957878,0.0004222074723957878
2007-02-01,ChinaA,0.0,-0.0006874448967201393,0.0006874448967201393
2007-02-01,Chile,-0.0024803921578960067,-0.0005341526908414053,-0.0019462394670546014
2007-02-01,Indonesia,0.0,-0.0013593281316971579,0.0013593281316971579
2007-02-01,Philippines,-0.011055119599759907,-0.0023807210738782266,-0.00867439852588168
2007-02-01,Poland,0.0,-0.0022058943465391554,0.0022058943465391554
2007-02-01,US SmallCap,0.0,-0.00031138634832291796,0.00031138634832291796
2007-02-01,Malaysia,0.0009468708765883536,0.0002039087347534802,0.0007429621418348734
2007-02-01,Taiwan,0.0,0.000690468103595981,-0.000690468103595981
2007-02-01,Mexico,0.0,-0.0015199566530010205,0.0015199566530010205
2007-02-01,Korea,0.0,0.001644745630853288,-0.001644745630853288
2007-02-01,Brazil,-0.005102774581178167,-0.0010988829990518456,-0.004003891582126322
2007-02-01,South Africa,0.0,0.00012283740731774975,-0.00012283740731774975
2007-02-01,Denmark,0.0,7.045671401526395e-05,-7.045671401526395e-05
2007-02-01,India,0.0,-0.003377427457873807,0.003377427457873807
2007-02-01,ChinaH,-0.0031189726263390768,-0.0006716710564158912,-0.0024473015699231857
2007-02-01,Hong Kong,-0.0046636012119868194,-0.001004306971566566,-0.0036592942404202536
2007-02-01,Thailand,0.0,0.001980964855191768,-0.001980964855191768
2007-02-01,Turkey,0.0,0.00010901367513770146,-0.00010901367513770146
2007-02-01,Spain,0.0,-0.0002491501008403997,0.0002491501008403997
2007-02-01,Vietnam,0.0,0.0,0.0
2007-02-01,Saudi Arabia,0.0,0.0,0.0
2007-03-01,Singapore,0.00989519429568629,0.0021545659263047076,0.007740628369381582
2007-03-01,Australia,0.0,0.0022918657246625645,-0.0022918657246625645
2007-03-01,Canada,0.0,0.0010766573514342803,-0.0010766573514342803
2007-03-01,Germany,0.007805192427589968,0.0016994918088741302,0.006105700618715838
2007-03-01,Japan,0.0,-0.0007108903358292118,0.0007108903358292118
2007-03-01,Switzerland,0.0,0.0009113613147286323,-0.0009113613147286323
2007-03-01,U.K.,0.0,0.0017067736444645815,-0.0017067736444645815
2007-03-01,NASDAQ,0.0,0.00011086644746466637,-0.00011086644746466637
2007-03-01,U.S.,0.0,0.00043344409075234044,-0.00043344409075234044
2007-03-01,France,0.0,0.0011945722096168528,-0.0011945722096168528
2007-03-01,Netherlands,0.0,0.0027139333947766207,-0.0027139333947766207
2007-03-01,Sweden,0.0,0.002239879385836149,-0.002239879385836149
2007-03-01,Italy,0.0,0.0007967929336271848,-0.0007967929336271848
2007-03-01,ChinaA,0.0,0.001488930715423276,-0.001488930715423276
2007-03-01,Chile,0.0,0.0015374980037341063,-0.0015374980037341063
2007-03-01,Indonesia,0.0,0.0025506220729504324,-0.0025506220729504324
2007-03-01,Philippines,0.00939968587267085,0.002046674607294281,0.007353011265376569
2007-03-01,Poland,0.020487745706184994,0.0044609734267254475,0.016026772279459547
2007-03-01,US SmallCap,0.0,0.0004156927281978458,-0.0004156927281978458
2007-03-01,Malaysia,0.012057453228163989,0.0026253731970417127,0.009432080031122276
2007-03-01,Taiwan,0.0,-0.0008549157758846355,0.0008549157758846355
2007-03-01,Mexico,0.0,0.0029279051537934673,-0.0029279051537934673
2007-03-01,Korea,0.0,0.0010594925952694039,-0.0010594925952694039
2007-03-01,Brazil,0.014379023520479295,0.003130868703029339,0.011248154817449955
2007-03-01,South Africa,0.0,0.0021132634057557265,-0.0021132634057557265
2007-03-01,Denmark,0.0,0.0016458913151346124,-0.0016458913151346124
2007-03-01,India,0.0,0.0012111548289868857,-0.0012111548289868857
2007-03-01,ChinaH,0.0,0.0014989555126243275,-0.0014989555126243275
2007-03-01,Hong Kong,0.0028111548271927056,0.0006120969657843718,0.002199057861408334
2007-03-01,Thailand,0.0,0.0005698803880191511,-0.0005698803880191511
2007-03-01,Turkey,0.0,0.0023826399333271775,-0.0023826399333271775
2007-03-01,Spain,0.0,0.001162908633512438,-0.001162908633512438
2007-03-01,Vietnam,0.0,0.0,0.0
2007-03-01,Saudi Arabia,0.0,0.0,0.0
2007-04-01,Singapore,0.008000097044709543,0.0017058895340260126,0.00629420751068353
2007-04-01,Australia,0.0,0.0022692032490642757,-0.0022692032490642757
2007-04-01,Canada,0.0,0.0024481442802643887,-0.0024481442802643887
2007-04-01,Germany,0.01655144832818546,0.0035293249967130918,0.01302212333147237
2007-04-01,Japan,0.0,-0.0007987508423867116,0.0007987508423867116
2007-04-01,Switzerland,0.0,0.0026688511404076285,-0.0026688511404076285
2007-04-01,U.K.,0.0,0.001926384152761705,-0.001926384152761705
2007-04-01,NASDAQ,0.0,0.0017392964596871716,-0.0017392964596871716
2007-04-01,U.S.,0.0,0.0017872172999528109,-0.0017872172999528109
2007-04-01,France,0.0,0.003239081791850239,-0.003239081791850239
2007-04-01,Netherlands,0.0,0.003256025406630698,-0.003256025406630698
2007-04-01,Sweden,0.0,0.004107825930496404,-0.004107825930496404
2007-04-01,Italy,0.01368431247424144,0.002917955282253407,0.010766357191988034
2007-04-01,ChinaA,0.0,0.0014228656202160215,-0.0014228656202160215
2007-04-01,Chile,0.021942483090073697,0.0046788747742320036,0.017263608315841693
2007-04-01,Indonesia,0.0,0.0034004700737651473,-0.0034004700737651473
2007-04-01,Philippines,0.005978733477834703,0.0012748668934352229,0.00470386658439948
2007-04-01,Poland,0.0,0.0025677040405776906,-0.0025677040405776906
2007-04-01,US SmallCap,0.0,0.0007274524848200148,-0.0007274524848200148
2007-04-01,Malaysia,0.012846644933276549,0.002739336412614783,0.010107308520661766
2007-04-01,Taiwan,0.0,-9.117565779012382e-05,9.117565779012382e-05
2007-04-01,Mexico,0.0,0.0007642853373737027,-0.0007642853373737027
2007-04-01,Korea,0.0,0.0024164525868097856,-0.0024164525868097856
2007-04-01,Brazil,0.0,0.00247727656300532,-0.00247727656300532
2007-04-01,South Africa,0.0,0.0037140601028223643,-0.0037140601028223643
2007-04-01,Denmark,0.0,0.0027781528479622927,-0.0027781528479622927
2007-04-01,India,0.0,0.004895688671948962,-0.004895688671948962
2007-04-01,ChinaH,0.0,0.0014607053186061342,-0.0014607053186061342
2007-04-01,Hong Kong,0.004435275654109558,0.0009457498173561932,0.0034895258367533648
2007-04-01,Thailand,0.0,0.0024401063345311368,-0.0024401063345311368
2007-04-01,Turkey,0.0,0.002590783550406587,-0.002590783550406587
2007-04-01,Spain,0.0,0.0004518092273206901,-0.0004518092273206901
2007-04-01,Vietnam,0.0,0.0,0.0
2007-04-01,Saudi Arabia,0.0,0.0,0.0
2007-05-01,Singapore,0.010014398916728964,0.0021215841323208107,0.007892814784408154
2007-05-01,Australia,0.0,0.0006796743997137851,-0.0006796743997137851
2007-05-01,Canada,0.0,0.0036524719872770054,-0.0036524719872770054
2007-05-01,Germany,0.006418104920517322,0.0013596971393054198,0.0050584077812119025
2007-05-01,Japan,0.0,0.000686255095236551,-0.000686255095236551
2007-05-01,Switzerland,0.0,-0.0005605171367103103,0.0005605171367103103
2007-05-01,U.K.,0.0,0.0009505740996932541,-0.0009505740996932541
2007-05-01,NASDAQ,0.0,0.0013852616175747384,-0.0013852616175747384
2007-05-01,U.S.,0.0,0.0014863673102206447,-0.0014863673102206447
2007-05-01,France,0.0,0.00042859974012382924,-0.00042859974012382924
2007-05-01,Netherlands,0.0,-0.0003320602736098854,0.0003320602736098854
2007-05-01,Sweden,0.0,-0.0006176556413376605,0.0006176556413376605
2007-05-01,Italy,0.0,-0.0009695085746479114,0.0009695085746479114
2007-05-01,ChinaA,0.0,0.0029054914386503245,-0.0029054914386503245
2007-05-01,Chile,0.004532326050262127,0.0009601885355972209,0.0035721375146649057
2007-05-01,Indonesia,0.0,0.001915729852409542,-0.001915729852409542
2007-05-01,Philippines,0.021965222151026014,0.004653406276903122,0.017311815874122893
2007-05-01,Poland,0.0,0.000256437679732268,-0.000256437679732268
2007-05-01,US SmallCap,0.0,0.001745159351351389,-0.001745159351351389
2007-05-01,Malaysia,0.007596327516120767,0.0016093075636513467,0.00598701995246942
2007-05-01,Taiwan,0.0,0.0016677788099645108,-0.0016677788099645108
2007-05-01,Mexico,0.0,0.004829555201435269,-0.004829555201435269
2007-05-01,Korea,0.0,0.003492171246451451,-0.003492171246451451
2007-05-01,Brazil,0.0,0.0049651339251569285,-0.0049651339251569285
2007-05-01,South Africa,0.0,-0.0015757042186517183,0.0015757042186517183
2007-05-01,Denmark,0.0,0.0008916456455903412,-0.0008916456455903412
2007-05-01,India,0.0,0.0029986653349294927,-0.0029986653349294927
2007-05-01,ChinaH,0.013414500808615799,0.002841907167390925,0.010572593641224873
2007-05-01,Hong Kong,0.004083247785805908,0.0008650497930762986,0.0032181979927296094
2007-05-01,Thailand,0.0,0.002701619676852474,-0.002701619676852474
2007-05-01,Turkey,0.0,0.0037108934472092703,-0.0037108934472092703
2007-05-01,Spain,0.0,0.0022618854504222376,-0.0022618854504222376
2007-05-01,Vietnam,0.0,0.0,0.0
2007-05-01,Saudi Arabia,0.0,0.0,0.0
2007-06-01,Singapore,0.0021732060054914107,0.0004565638872093674,0.0017166421182820434
2007-06-01,Australia,0.0,0.0013757948167164669,-0.0013757948167164669
2007-06-01,Canada,0.0,-5.9555259284006654e-05,5.9555259284006654e-05
2007-06-01,Germany,0.003925790096347864,0.0008247602768571043,0.0031010298194907595
2007-06-01,Japan,0.0,-0.00013276296516115992,0.00013276296516115992
2007-06-01,Switzerland,0.0,-0.0011125603856378876,0.0011125603856378876
2007-06-01,U.K.,0.0,0.0007458171142894805,-0.0007458171142894805
2007-06-01,NASDAQ,0.0,-3.808722769124921e-07,3.808722769124921e-07
2007-06-01,U.S.,0.0,-0.0007362888662770687,0.0007362888662770687
2007-06-01,France,0.0,-0.0003833599385964053,0.0003833599385964053
2007-06-01,Netherlands,0.0,-0.0001116262742013881,0.0001116262742013881
2007-06-01,Sweden,0.0,-0.0006295702590949354,0.0006295702590949354
2007-06-01,Italy,0.0,-0.001001398372748539,0.001001398372748539
2007-06-01,ChinaA,0.0,0.005031842455954631,-0.005031842455954631
2007-06-01,Chile,0.012216838761376799,0.002566607758403928,0.00965023100297287
2007-06-01,Indonesia,0.0,0.001297366216108117,-0.001297366216108117
2007-06-01,Philippines,0.01253551609710633,0.0026335579521722815,0.009901958144934048
2007-06-01,Poland,0.0,0.002667046285096246,-0.002667046285096246
2007-06-01,US SmallCap,0.0,-0.0006410272741665974,0.0006410272741665974
2007-06-01,Malaysia,-0.003341265796025929,-0.000701958901355212,-0.002639306894670717
2007-06-01,Taiwan,0.0,0.0041398867041102525,-0.0041398867041102525
2007-06-01,Mexico,0.0,-0.0003015501112594519,0.0003015501112594519
2007-06-01,Korea,0.0,0.001432550311994086,-0.001432550311994086
2007-06-01,Brazil,0.0,0.0018870038639867358,-0.0018870038639867358
2007-06-01,South Africa,0.0,-0.0008049701636697869,0.0008049701636697869
2007-06-01,Denmark,0.0,-0.0011182174773309813,0.0011182174773309813
2007-06-01,India,0.0,0.00033966853390234356,-0.00033966853390234356
2007-06-01,ChinaH,0.02417278920242426,0.005078406085324553,0.019094383117099708
2007-06-01,Hong Kong,0.0,0.0006238558132411323,-0.0006238558132411323
2007-06-01,Thailand,0.0,0.002117742403492358,-0.002117742403492358
2007-06-01,Turkey,0.00014641297058538824,3.075956665839419e-05,0.00011565340392699405
2007-06-01,Spain,0.0,-0.001089369496519996,0.001089369496519996
2007-06-01,Vietnam,0.0,0.0,0.0
2007-06-01,Saudi Arabia,0.0,0.0,0.0
2007-07-01,Singapore,0.002717033862800663,0.0005609520495280022,0.002156081813272661
2007-07-01,Australia,0.0,-0.0006010206844708966,0.0006010206844708966
2007-07-01,Canada,0.0,-0.00010863453936309,0.00010863453936309
2007-07-01,Germany,-0.007987321951696474,-0.00164904261238236,-0.006338279339314114
2007-07-01,Japan,0.0,-9.317396329819445e-05,9.317396329819445e-05
2007-07-01,Switzerland,0.0,-0.0007370249808044612,0.0007370249808044612
2007-07-01,U.K.,0.0,-0.0011022097169674037,0.0011022097169674037
2007-07-01,NASDAQ,0.0,-0.0009686479574511605,0.0009686479574511605
2007-07-01,U.S.,0.0,-0.0013968812149660942,0.0013968812149660942
2007-07-01,France,0.0,-0.001619837728690751,0.001619837728690751
2007-07-01,Netherlands,0.0,-0.00016162813881234544,0.00016162813881234544
2007-07-01,Sweden,0.0,0.0001442463444044609,-0.0001442463444044609
2007-07-01,Italy,0.0,-0.0012918408752194805,0.0012918408752194805
2007-07-01,ChinaA,0.0,0.004623284577501831,-0.004623284577501831
2007-07-01,Chile,-0.005223258764354117,-0.0010783810055496918,-0.0041448777588044255
2007-07-01,Indonesia,0.0,0.004175555325360627,-0.004175555325360627
2007-07-01,Philippines,-0.0037590144603340597,-0.0007760767705545851,-0.0029829376897794746
2007-07-01,Poland,0.0,0.0002953518557116145,-0.0002953518557116145
2007-07-01,US SmallCap,0.0,-0.0030860585837804593,0.0030860585837804593
2007-07-01,Malaysia,0.0035854973293681742,0.0007402528555212989,0.002845244473846875
2007-07-01,Taiwan,0.0,0.0008740813399224236,-0.0008740813399224236
2007-07-01,Mexico,0.0,-0.0018504153803145947,0.0018504153803145947
2007-07-01,Korea,0.02354615026536394,0.004861279585317869,0.01868487068004607
2007-07-01,Brazil,0.0,0.001908352024371046,-0.001908352024371046
2007-07-01,South Africa,0.0,0.00011677089429805919,-0.00011677089429805919
2007-07-01,Denmark,0.0,0.001696896167673547,-0.001696896167673547
2007-07-01,India,0.0,0.002709301217200877,-0.002709301217200877
2007-07-01,ChinaH,0.0,0.0046761604267690215,-0.0046761604267690215
2007-07-01,Hong Kong,0.0,0.003144178251423987,-0.003144178251423987
2007-07-01,Thailand,0.0,0.006452663586665936,-0.006452663586665936
2007-07-01,Turkey,0.03512237450487961,0.007251278032469527,0.02787109647241008
2007-07-01,Spain,0.0,0.0006615394433692247,-0.0006615394433692247
2007-07-01,Vietnam,0.0,0.0,0.0
2007-07-01,Saudi Arabia,0.0,0.0,0.0
2007-08-01,Singapore,-0.008107073603001759,-0.0016547085207265608,-0.006452365082275199
2007-08-01,Australia,0.0,-0.0006060996186148643,0.0006060996186148643
2007-08-01,Canada,0.0,1.8734397056894278e-05,-1.8734397056894278e-05
2007-08-01,Germany,0.00037294132460219273,7.6119845183323e-05,0.00029682147941886974
2007-08-01,Japan,0.0,-0.0013567396340514169,0.0013567396340514169
2007-08-01,Switzerland,0.0,-0.00024646410797576543,0.00024646410797576543
2007-08-01,U.K.,0.0,5.453828245258848e-05,-5.453828245258848e-05
2007-08-01,NASDAQ,0.0,0.000962770318620754,-0.000962770318620754
2007-08-01,U.S.,0.0,0.0006886020564365713,-0.0006886020564365713
2007-08-01,France,0.0,-0.0008569997684634655,0.0008569997684634655
2007-08-01,Netherlands,0.0,-0.0013625954666486248,0.0013625954666486248
2007-08-01,Sweden,0.0,-0.0020966462486235508,0.0020966462486235508
2007-08-01,Italy,0.0,-0.00020138156870100872,0.00020138156870100872
2007-08-01,ChinaA,0.0,0.003335650902299832,-0.003335650902299832
2007-08-01,Chile,-0.001373157005528681,-0.00028027062644434025,-0.001092886379084341
2007-08-01,Indonesia,0.0,-0.0027530411410151647,0.0027530411410151647
2007-08-01,Philippines,-0.01438514249253831,-0.0029361048165956432,-0.011449037675942667
2007-08-01,Poland,0.0,-0.0024199421765729724,0.0024199421765729724
2007-08-01,US SmallCap,0.0,0.0010386076555632979,-0.0010386076555632979
2007-08-01,Malaysia,-0.01791933386380274,-0.003657457164222562,-0.014261876699580178
2007-08-01,Taiwan,0.0,-0.0016286167639483697,0.0016286167639483697
2007-08-01,Mexico,0.0,-0.000537791656171056,0.000537791656171056
2007-08-01,Korea,-0.010041419468158931,-0.0020495215866795616,-0.00799189788147937
2007-08-01,Brazil,0.0,-0.0016364936486855345,0.0016364936486855345
2007-08-01,South Africa,0.0,-0.00029490730051213716,0.00029490730051213716
2007-08-01,Denmark,0.0,-0.00021928924671748114,0.00021928924671748114
2007-08-01,India,0.0,-0.0014063607215378665,0.0014063607215378665
2007-08-01,ChinaH,0.0,0.0031503305723057373,-0.0031503305723057373
2007-08-01,Hong Kong,0.0,0.00023048744764511158,-0.00023048744764511158
2007-08-01,Thailand,0.0,-0.002718347962068903,0.002718347962068903
2007-08-01,Turkey,-0.0169105958830325,-0.0034515669239584307,-0.013459028959074068
2007-08-01,Spain,0.0,-0.000983277526935996,0.000983277526935996
2007-08-01,Vietnam,0.0,0.0,0.0
2007-08-01,Saudi Arabia,0.0,0.0,0.0
2007-09-01,Singapore,0.02555751191410687,0.005357362193706456,0.020200149720400414
2007-09-01,Australia,0.0,0.00671084547039349,-0.00671084547039349
2007-09-01,Canada,0.0,0.00443129479916326,-0.00443129479916326
2007-09-01,Germany,0.016005601678086862,0.0033550920608346585,0.012650509617252203
2007-09-01,Japan,0.0,0.0008156051297231382,-0.0008156051297231382
2007-09-01,Switzerland,0.0,0.001704514371725483,-0.001704514371725483
2007-09-01,U.K.,0.0,0.0017330712215335236,-0.0017330712215335236
2007-09-01,NASDAQ,0.0,0.0018457448280997362,-0.0018457448280997362
2007-09-01,U.S.,0.0,0.001687634186103095,-0.001687634186103095
2007-09-01,France,0.0,0.002326001691518326,-0.002326001691518326
2007-09-01,Netherlands,0.0,0.0036333458637807093,-0.0036333458637807093
2007-09-01,Sweden,0.0,0.0031329237577051193,-0.0031329237577051193
2007-09-01,Italy,0.0,0.0016900729712749937,-0.0016900729712749937
2007-09-01,ChinaA,0.0,0.008753378217319575,-0.008753378217319575
2007-09-01,Chile,0.001110820318337062,0.0002328500050184917,0.0008779703133185704
2007-09-01,Indonesia,0.0,0.005610411689750709,-0.005610411689750709
2007-09-01,Philippines,0.018180120702053593,0.003810914444783724,0.01436920625726987
2007-09-01,Poland,0.0,0.0026459491612548934,-0.0026459491612548934
2007-09-01,US SmallCap,0.0,0.0007743520768271885,-0.0007743520768271885
2007-09-01,Malaysia,0.018550638075523988,0.003888582246540516,0.014662055828983472
2007-09-01,Taiwan,0.0,0.002681349417485133,-0.002681349417485133
2007-09-01,Mexico,0.0,0.0004161270389373124,-0.0004161270389373124
2007-09-01,Korea,0.016427650581051497,0.003443561894840291,0.012984088686211205
2007-09-01,Brazil,0.0,0.009066233238633056,-0.009066233238633056
2007-09-01,South Africa,0.0,0.003187815202505978,-0.003187815202505978
2007-09-01,Denmark,0.0,0.002484907445037943,-0.002484907445037943
2007-09-01,India,0.0,0.007726757284726611,-0.007726757284726611
2007-09-01,ChinaH,0.0,0.008559486935586029,-0.008559486935586029
2007-09-01,Hong Kong,0.0,0.006940186095373107,-0.006940186095373107
2007-09-01,Thailand,0.0,0.0025068739865320377,-0.0025068739865320377
2007-09-01,Turkey,0.03598001712050788,0.007542126326621181,0.028437890793886696
2007-09-01,Spain,0.0,0.0023805622648757907,-0.0023805622648757907
2007-09-01,Vietnam,0.0,0.0,0.0
2007-09-01,Saudi Arabia,0.0,0.0,0.0
2007-10-01,Singapore,0.010633687736420327,0.0022216033016699884,0.008412084434750338
2007-10-01,Australia,0.0,0.0036182626736332843,-0.0036182626736332843
2007-10-01,Canada,0.0,0.00459029509397827,-0.00459029509397827
2007-10-01,Germany,0.010898417064515768,0.0022769108830024165,0.008621506181513352
2007-10-01,Japan,0.0,-0.00019892982808979894,0.00019892982808979894
2007-10-01,Switzerland,0.0,0.0009399979747478786,-0.0009399979747478786
2007-10-01,U.K.,0.0,0.0031064077643386933,-0.0031064077643386933
2007-10-01,NASDAQ,0.0,0.002878910496190632,-0.002878910496190632
2007-10-01,U.S.,0.0,0.0007781659690475603,-0.0007781659690475603
2007-10-01,France,0.0,0.0018682730456954944,-0.0018682730456954944
2007-10-01,Netherlands,0.0,0.0009244409238879737,-0.0009244409238879737
2007-10-01,Sweden,0.0,-0.0011884865632690142,0.0011884865632690142
2007-10-01,Italy,0.0,0.001689539548329151,-0.001689539548329151
2007-10-01,ChinaA,0.0,0.008104935129020005,-0.008104935129020005
2007-10-01,Chile,0.02372394682350678,0.004956436553165922,0.01876751027034086
2007-10-01,Indonesia,0.0,0.007904662282855407,-0.007904662282855407
2007-10-01,Philippines,0.019610701873544748,0.004097092289170332,0.015513609584374416
2007-10-01,Poland,0.0,0.006103872727712024,-0.006103872727712024
2007-10-01,US SmallCap,0.0,0.001403630974606358,-0.001403630974606358
2007-10-01,Malaysia,0.019490509948280544,0.004071981642269682,0.015418528306010863
2007-10-01,Taiwan,0.0,0.002650512357539886,-0.002650512357539886
2007-10-01,Mexico,0.0,0.0023513996221758192,-0.0023513996221758192
2007-10-01,Korea,0.015530455096487691,0.0032446420446054316,0.01228581305188226
2007-10-01,Brazil,0.0,0.007743873920455429,-0.007743873920455429
2007-10-01,South Africa,0.0,0.006763804533888946,-0.006763804533888946
2007-10-01,Denmark,0.0,0.001989453668958804,-0.001989453668958804
2007-10-01,India,0.0,0.008166830909182968,-0.008166830909182968
2007-10-01,ChinaH,0.0,0.007973790882502541,-0.007973790882502541
2007-10-01,Hong Kong,0.0,0.005361170412760132,-0.005361170412760132
2007-10-01,Thailand,0.0,0.005224082808831104,-0.005224082808831104
2007-10-01,Turkey,0.02566055588654738,0.005361035333489271,0.020299520553058108
2007-10-01,Spain,0.0,0.005604901582088113,-0.005604901582088113
2007-10-01,Vietnam,0.0,0.0,0.0
2007-10-01,Saudi Arabia,0.0,0.0,0.0
2007-11-01,Singapore,-0.019199642255425052,-0.0040175827398836045,-0.015182059515541448
2007-11-01,Australia,0.0,-0.0038381801939598916,0.0038381801939598916
2007-11-01,Canada,0.0,-0.0058533181408707054,0.0058533181408707054
2007-11-01,Germany,-0.003131758012339846,-0.0006553297591945262,-0.0024764282531453195
2007-11-01,Japan,0.0,-0.0009755948370972598,0.0009755948370972598
2007-11-01,Switzerland,0.0,6.935839676460958e-05,-6.935839676460958e-05
2007-11-01,U.K.,0.0,-0.002611881651540872,0.002611881651540872
2007-11-01,NASDAQ,0.0,-0.003607783954008385,0.003607783954008385
2007-11-01,U.S.,0.0,-0.002164472021966073,0.002164472021966073
2007-11-01,France,0.0,-0.0009360226105650937,0.0009360226105650937
2007-11-01,Netherlands,0.0,-0.0020448193578647728,0.0020448193578647728
2007-11-01,Sweden,0.0,-0.004263646976327325,0.004263646976327325
2007-11-01,Italy,0.0,-0.0009374744765191292,0.0009374744765191292
2007-11-01,ChinaA,0.0,-0.007162712944395986,0.007162712944395986
2007-11-01,Chile,-0.02352036452626912,-0.0049217068370015545,-0.018598657689267564
2007-11-01,Indonesia,0.0,0.0004258200041698063,-0.0004258200041698063
2007-11-01,Philippines,0.0,-0.002260017829731695,0.002260017829731695
2007-11-01,Poland,0.0,-0.004056009227660107,0.004056009227660107
2007-11-01,US SmallCap,0.0,-0.0037898436197009986,0.0037898436197009986
2007-11-01,Malaysia,-0.0056482538042802975,-0.0011819140530155703,-0.004466339751264727
2007-11-01,Taiwan,0.0,-0.005918881032623744,0.005918881032623744
2007-11-01,Mexico,0.0,-0.002952823445155228,0.002952823445155228
2007-11-01,Korea,-0.02426756075690676,-0.005078059889812612,-0.019189500867094148
2007-11-01,Brazil,0.0,-0.0025641896987897254,0.0025641896987897254
2007-11-01,South Africa,0.0,-0.004039917496699895,0.004039917496699895
2007-11-01,Denmark,0.0,-0.0020582454798424923,0.0020582454798424923
2007-11-01,India,0.0,-0.000999614791037859,0.000999614791037859
2007-11-01,ChinaH,0.0,-0.006959255535225253,0.006959255535225253
2007-11-01,Hong Kong,-0.009118545301856115,-0.0019080829595787083,-0.007210462342277407
2007-11-01,Thailand,0.0,-0.0034921602778550543,0.0034921602778550543
2007-11-01,Turkey,-0.01971733711420991,-0.004125911942142195,-0.015591425172067715
2007-11-01,Spain,0.0,7.212341524015647e-06,-7.212341524015647e-06
2007-11-01,Vietnam,0.0,0.0,0.0
2007-11-01,Saudi Arabia,0.0,0.0,0.0
2007-12-01,Singapore,0.00033691505151901396,7.073085628381356e-05,0.0002661841952352004
2007-12-01,Australia,0.0,-0.0017727877005861304,0.0017727877005861304
2007-12-01,Canada,0.0,0.0013724984733898128,-0.0013724984733898128
2007-12-01,Germany,0.003982068900375554,0.0008359826663571053,0.0031460862340184485
2007-12-01,Japan,0.0,-0.001997133344080725,0.001997133344080725
2007-12-01,Switzerland,0.0,-0.0019434775415042708,0.0019434775415042708
2007-12-01,U.K.,0.0,-0.0012931667119343616,0.0012931667119343616
2007-12-01,NASDAQ,0.0,-0.00013366665454433378,0.00013366665454433378
2007-12-01,U.S.,0.0,-0.00034730416054060186,0.00034730416054060186
2007-12-01,France,0.0,-0.0007099661930267209,0.0007099661930267209
2007-12-01,Netherlands,0.0,7.699980218798546e-05,-7.699980218798546e-05
2007-12-01,Sweden,0.0,-0.0013521964460654287,0.0013521964460654287
2007-12-01,Italy,0.0,-0.0007269274139928109,0.0007269274139928109
2007-12-01,ChinaA,0.0,-0.0022192053877315362,0.0022192053877315362
2007-12-01,Chile,-0.003632313330732946,-0.0007625561132265203,-0.0028697572175064258
2007-12-01,Indonesia,0.0,0.000296684593478774,-0.000296684593478774
2007-12-01,Philippines,0.0,0.001821486600737473,-0.001821486600737473
2007-12-01,Poland,0.0,-0.0008140495545704021,0.0008140495545704021
2007-12-01,US SmallCap,0.0,-3.957607891988058e-05,3.957607891988058e-05
2007-12-01,Malaysia,0.01502763998877025,0.0031548541376775264,0.011872785851092724
2007-12-01,Taiwan,0.0,-0.0006625343638862192,0.0006625343638862192
2007-12-01,Mexico,0.0,-0.0005027576933267958,0.0005027576933267958
2007-12-01,Korea,0.0006514230723394702,0.00013675765301035547,0.0005146654193291147
2007-12-01,Brazil,0.0,0.0014617880888784511,-0.0014617880888784511
2007-12-01,South Africa,0.0,-0.0020796802098639864,0.0020796802098639864
2007-12-01,Denmark,0.0,5.4139123500009655e-05,-5.4139123500009655e-05
2007-12-01,India,0.0,0.003736809888390292,-0.003736809888390292
2007-12-01,ChinaH,0.0,-0.002147180698211787,0.002147180698211787
2007-12-01,Hong Kong,0.00040640139924598716,8.531859539669871e-05,0.00032108280384928844
2007-12-01,Thailand,0.0,0.0010861268515095872,-0.0010861268515095872
2007-12-01,Turkey,0.007743504997408039,0.0016256463955388175,0.0061178586018692215
2007-12-01,Spain,0.0,-0.0016353547696987983,0.0016353547696987983
2007-12-01,Vietnam,0.0,0.0,0.0
2007-12-01,Saudi Arabia,0.0,0.0,0.0
2008-01-01,Singapore,-0.030315376780744585,-0.006250736354432774,-0.02406464042631181
2008-01-01,Australia,0.0,-0.004307516780939358,0.004307516780939358
2008-01-01,Canada,0.0,-0.003157453626604405,0.003157453626604405
2008-01-01,Germany,-0.03369363343332556,-0.006947300076058852,-0.026746333357266706
2008-01-01,Japan,0.0,-0.002270031218665464,0.002270031218665464
2008-01-01,Switzerland,0.0,-0.002786081749101789,0.002786081749101789
2008-01-01,U.K.,0.0,-0.004401491541845188,0.004401491541845188
2008-01-01,NASDAQ,0.0,-0.004895315482515906,0.004895315482515906
2008-01-01,U.S.,0.0,-0.0029764111950495754,0.0029764111950495754
2008-01-01,France,0.0,-0.005994027470861087,0.005994027470861087
2008-01-01,Netherlands,0.0,-0.005872461644822593,0.005872461644822593
2008-01-01,Sweden,0.0,-0.005811055704251026,0.005811055704251026
2008-01-01,Italy,0.0,-0.004821635898914311,0.004821635898914311
2008-01-01,ChinaA,0.0,-0.010698597355542693,0.010698597355542693
2008-01-01,Chile,-0.004126880357351549,-0.0008509226610198924,-0.0032759576963316563
2008-01-01,Indonesia,0.0,-0.0009644959032275304,0.0009644959032275304
2008-01-01,Philippines,0.0,-0.003635642425148493,0.003635642425148493
2008-01-01,Poland,0.0,-0.006999029993160444,0.006999029993160444
2008-01-01,US SmallCap,0.0,-0.0033850406107420496,0.0033850406107420496
2008-01-01,Malaysia,0.0,-0.000493600578759507,0.000493600578759507
2008-01-01,Taiwan,0.0,-0.005215010313817534,0.005215010313817534
2008-01-01,Mexico,0.0,-0.000648486588772489,0.000648486588772489
2008-01-01,Korea,-0.034280080922246464,-0.007068219854344176,-0.02721186106790229
2008-01-01,Brazil,0.0,-0.004097494895446591,0.004097494895446591
2008-01-01,South Africa,0.0,-0.006208022461273766,0.006208022461273766
2008-01-01,Denmark,0.0,-0.005692295765721113,0.005692295765721113
2008-01-01,India,0.0,-0.0071201539487664766,0.0071201539487664766
2008-01-01,ChinaH,0.0,-0.010703574965468504,0.010703574965468504
2008-01-01,Hong Kong,-0.02799475138953954,-0.005772245930159416,-0.022222505459380124
2008-01-01,Thailand,-0.016061141091447673,-0.0033116513523840903,-0.012749489739063584
2008-01-01,Turkey,-0.05682126714107702,-0.011715993596004483,-0.04510527354507254
2008-01-01,Spain,0.0,-0.006064782399192823,0.006064782399192823
2008-01-01,Vietnam,0.0,0.0,0.0
2008-01-01,Saudi Arabia,0.0,0.0,0.0
2008-02-01,Singapore,0.008579111881739574,0.0018075502931159367,0.006771561588623637
2008-02-01,Australia,0.0,0.0014140067073137514,-0.0014140067073137514
2008-02-01,Canada,0.0,0.0027608490672923554,-0.0027608490672923554
2008-02-01,Germany,0.0027855119860030397,0.0005868851084101749,0.0021986268775928647
2008-02-01,Japan,0.0,0.0002949906757640717,-0.0002949906757640717
2008-02-01,Switzerland,0.0,0.0009438235644077049,-0.0009438235644077049
2008-02-01,U.K.,0.0,0.0004344547350981403,-0.0004344547350981403
2008-02-01,NASDAQ,0.0,-0.0021630138215932002,0.0021630138215932002
2008-02-01,U.S.,0.0,-0.001448572724456358,0.001448572724456358
2008-02-01,France,0.0,0.000738096015847468,-0.000738096015847468
2008-02-01,Netherlands,0.0,0.0010473194990314224,-0.0010473194990314224
2008-02-01,Sweden,0.0,0.0031110576133196437,-0.0031110576133196437
2008-02-01,Italy,0.0,-9.226649110742618e-05,9.226649110742618e-05
2008-02-01,ChinaA,0.0,0.0048048234231892525,-0.0048048234231892525
2008-02-01,Chile,0.0078064893707145,0.001644764906292404,0.006161724464422096
2008-02-01,Indonesia,0.0,0.0035267739742347996,-0.0035267739742347996
2008-02-01,Philippines,0.0,-0.0019211067865536674,0.0019211067865536674
2008-02-01,Poland,0.0,0.0014583681254256564,-0.0014583681254256564
2008-02-01,US SmallCap,0.0,-0.0016533294564658064,0.0016533294564658064
2008-02-01,Malaysia,0.0,-0.00013709339219673892,0.00013709339219673892
2008-02-01,Taiwan,0.0,0.0066139238885349035,-0.0066139238885349035
2008-02-01,Mexico,0.0,0.00027745388838732067,-0.00027745388838732067
2008-02-01,Korea,0.009501061290535151,0.002001797663598836,0.007499263626936315
2008-02-01,Brazil,0.0,0.005384563598053463,-0.005384563598053463
2008-02-01,South Africa,0.0,0.0025202566268662852,-0.0025202566268662852
2008-02-01,Denmark,0.0,0.003968898415338726,-0.003968898415338726
2008-02-01,India,0.0,-0.001075308072528394,0.001075308072528394
2008-02-01,ChinaH,0.0,0.0047068477811365115,-0.0047068477811365115
2008-02-01,Hong Kong,-0.00466274520736207,-0.0009824031417787359,-0.0036803420655833335
2008-02-01,Thailand,0.028328380400708463,0.005968563296835987,0.022359817103872477
2008-02-01,Turkey,0.0017534768511555463,0.0003694435554599089,0.0013840332956956375
2008-02-01,Spain,0.0,0.0008004023280657013,-0.0008004023280657013
2008-02-01,Vietnam,0.0,0.0,0.0
2008-02-01,Saudi Arabia,0.0,0.0,0.0
2008-03-01,Singapore,0.0034415800424567856,0.0007229628609654533,0.0027186171814913324
2008-03-01,Australia,0.0,-0.0024410621239808025,0.0024410621239808025
2008-03-01,Canada,0.0,-0.002527237547565676,0.002527237547565676
2008-03-01,Germany,0.002346194326693652,0.0004928583214343929,0.001853336005259259
2008-03-01,Japan,0.0,-0.0022446606482600926,0.0022446606482600926
2008-03-01,Switzerland,0.0,0.0005644504084087988,-0.0005644504084087988
2008-03-01,U.K.,0.0,-0.00040473105521237295,0.00040473105521237295
2008-03-01,NASDAQ,0.0,0.00018702950536143932,-0.00018702950536143932
2008-03-01,U.S.,0.0,-0.00019920266374473324,0.00019920266374473324
2008-03-01,France,0.0,0.001155217535090066,-0.001155217535090066
2008-03-01,Netherlands,0.0,0.0014640776878950884,-0.0014640776878950884
2008-03-01,Sweden,0.0,0.00100905208992093,-0.00100905208992093
2008-03-01,Italy,0.0,-0.000928273824185655,0.000928273824185655
2008-03-01,ChinaA,0.0,-0.0056110943212960875,0.0056110943212960875
2008-03-01,Chile,0.016988386872300684,0.0035687017663023515,0.013419685105998332
2008-03-01,Indonesia,0.0,-0.005344424797486983,0.005344424797486983
2008-03-01,Philippines,0.0,-0.0026956215027998205,0.0026956215027998205
2008-03-01,Poland,0.0,0.0035347798535665166,-0.0035347798535665166
2008-03-01,US SmallCap,0.0,0.00019143499534172976,-0.00019143499534172976
2008-03-01,Malaysia,0.0,-0.00369058312106807,0.00369058312106807
2008-03-01,Taiwan,0.0,0.0011301009021105028,-0.0011301009021105028
2008-03-01,Mexico,0.0,0.002674516053290501,-0.002674516053290501
2008-03-01,Korea,-0.009052322567879708,-0.0019015954710687596,-0.007150727096810949
2008-03-01,Brazil,0.0,-0.0035144368845390836,0.0035144368845390836
2008-03-01,South Africa,0.0,-0.003507431639666715,0.003507431639666715
2008-03-01,Denmark,0.0,0.0014264884471328297,-0.0014264884471328297
2008-03-01,India,0.0,-0.005823928012888454,0.005823928012888454
2008-03-01,ChinaH,0.0,-0.005599794781226911,0.005599794781226911
2008-03-01,Hong Kong,-0.013351649624725518,-0.0028047427902938528,-0.010546906834431664
2008-03-01,Thailand,-0.004670676615943507,-0.0009811556573580285,-0.0036895209585854783
2008-03-01,Turkey,-0.04292745581056915,-0.009017647674590396,-0.033909808135978756
2008-03-01,Spain,0.0,0.0024007821880678137,-0.0024007821880678137
2008-03-01,Vietnam,0.0,0.0,0.0
2008-03-01,Saudi Arabia,0.0,0.0,0.0
2008-04-01,Singapore,0.014095019365294956,0.002974649727887687,0.011120369637407269
2008-04-01,Australia,0.0,0.0038050796496448803,-0.0038050796496448803
2008-04-01,Canada,0.0,0.0031777518952551334,-0.0031777518952551334
2008-04-01,Germany,0.007439943710602103,0.0015701451669328111,0.005869798543669293
2008-04-01,Japan,0.0,0.00325191963777103,-0.00325191963777103
2008-04-01,Switzerland,0.0,-0.00016266406643150076,0.00016266406643150076
2008-04-01,U.K.,0.0,0.003110537780134425,-0.003110537780134425
2008-04-01,NASDAQ,0.0,0.002646434921717257,-0.002646434921717257
2008-04-01,U.S.,0.0,0.002185390902000496,-0.002185390902000496
2008-04-01,France,0.0,0.0018277136621762742,-0.0018277136621762742
2008-04-01,Netherlands,0.0,0.0012045884447119935,-0.0012045884447119935
2008-04-01,Sweden,0.0,0.0008617833691382903,-0.0008617833691382903
2008-04-01,Italy,0.0,0.0025837945270076835,-0.0025837945270076835
2008-04-01,ChinaA,0.0,0.006907327535923418,-0.006907327535923418
2008-04-01,Chile,0.0,-0.0004813631013689015,0.0004813631013689015
2008-04-01,Indonesia,0.0,-0.002663764295265108,0.002663764295265108
2008-04-01,Philippines,0.0,-0.0044796731716193645,0.0044796731716193645
2008-04-01,Poland,0.0,-0.0006201888100921644,0.0006201888100921644
2008-04-01,US SmallCap,0.0,0.0018782335832115953,-0.0018782335832115953
2008-04-01,Malaysia,0.005400621180167503,0.0011397612098047346,0.004260859970362768
2008-04-01,Taiwan,0.0,0.001887638286048605,-0.001887638286048605
2008-04-01,Mexico,0.0,-0.0007919150058340791,0.0007919150058340791
2008-04-01,Korea,0.014763040144160208,0.0031156305791072026,0.011647409565053005
2008-04-01,Brazil,0.0,0.006896135461100422,-0.006896135461100422
2008-04-01,South Africa,0.0,0.005598011481742807,-0.005598011481742807
2008-04-01,Denmark,0.0,-0.00038600115118730467,0.00038600115118730467
2008-04-01,India,0.0,0.0048658761873199,-0.0048658761873199
2008-04-01,ChinaH,0.0,0.006984984965652674,-0.006984984965652674
2008-04-01,Hong Kong,0.01745539329200933,0.003683831824601508,0.013771561467407822
2008-04-01,Thailand,0.0042352655577741856,0.0008938215132917936,0.003341444044482392
2008-04-01,Turkey,0.03484569684234191,0.007353926939990415,0.02749176990235149
2008-04-01,Spain,0.0,0.0013048029341879014,-0.0013048029341879014
2008-04-01,Vietnam,0.0,0.0,0.0
2008-04-01,Saudi Arabia,0.0,0.0,0.0
2008-05-01,Singapore,0.0,0.00033133806167305444,-0.00033133806167305444
2008-05-01,Australia,0.0,0.0013250025352827704,-0.0013250025352827704
2008-05-01,Canada,0.0,0.003584166349405849,-0.003584166349405849
2008-05-01,Germany,0.0008963459255796594,0.0001863677496341726,0.0007099781759454867
2008-05-01,Japan,0.0,0.001178746869922098,-0.001178746869922098
2008-05-01,Switzerland,0.0,-0.00022219282898753158,0.00022219282898753158
2008-05-01,U.K.,0.0,-3.542145555895784e-06,3.542145555895784e-06
2008-05-01,NASDAQ,0.0,0.002208657927904725,-0.002208657927904725
2008-05-01,U.S.,0.0,0.0006103242844845898,-0.0006103242844845898
2008-05-01,France,0.0,0.00033894146919387184,-0.00033894146919387184
2008-05-01,Netherlands,0.0,2.786690834329743e-05,-2.786690834329743e-05
2008-05-01,Sweden,0.0,0.0008426556718290993,-0.0008426556718290993
2008-05-01,Italy,0.0,-0.0007674705532227142,0.0007674705532227142
2008-05-01,ChinaA,0.0,-0.002573264544014657,0.002573264544014657
2008-05-01,Chile,-0.002371758320360172,-0.0004931346796224908,-0.001878623640737681
2008-05-01,Indonesia,0.0,0.002081909482062578,-0.002081909482062578
2008-05-01,Philippines,0.0,-3.354614787311745e-05,3.354614787311745e-05
2008-05-01,Poland,0.0,0.0015020517103771492,-0.0015020517103771492
2008-05-01,US SmallCap,0.0,0.002164330584929551,-0.002164330584929551
2008-05-01,Malaysia,0.0,-0.0013551486232117006,0.0013551486232117006
2008-05-01,Taiwan,-0.007288528235351728,-0.0015154267639351374,-0.005773101471416591
2008-05-01,Mexico,0.0,0.0028717788370630297,-0.0028717788370630297
2008-05-01,Korea,-0.003040738642493498,-0.0006322286986028355,-0.0024085099438906623
2008-05-01,Brazil,0.0,0.005417094519687617,-0.005417094519687617
2008-05-01,South Africa,0.0,0.001485353790770863,-0.001485353790770863
2008-05-01,Denmark,0.0,0.002926555790404008,-0.002926555790404008
2008-05-01,India,0.0,-0.004443462779995874,0.004443462779995874
2008-05-01,ChinaH,0.0,-0.0025221867844753593,0.0025221867844753593
2008-05-01,Hong Kong,-0.0011151604217772566,-0.00023186353879315087,-0.0008832968829841057
2008-05-01,Thailand,-0.00694165513339112,-0.0014433051002156114,-0.005498350033175508
2008-05-01,Turkey,0.0,-0.0013454242051943119,0.0013454242051943119
2008-05-01,Spain,-0.003563550208126986,-0.0007409313904869105,-0.0028226188176400757
2008-05-01,Vietnam,0.0,0.0,0.0
2008-05-01,Saudi Arabia,0.0,0.0,0.0
2008-06-01,Singapore,-0.017224736896584523,-0.003660972664852359,-0.013563764231732164
2008-06-01,Australia,0.0,-0.0031321088311522804,0.0031321088311522804
2008-06-01,Canada,0.0,-0.0017007998975799878,0.0017007998975799878
2008-06-01,Germany,-0.01790671939383646,-0.0038059222971943293,-0.014100797096642132
2008-06-01,Japan,0.0,-0.0032618213334888266,0.0032618213334888266
2008-06-01,Switzerland,0.0,-0.002558919587016189,0.002558919587016189
2008-06-01,U.K.,0.0,-0.0027674761721361036,0.0027674761721361036
2008-06-01,NASDAQ,0.0,-0.004301904629725264,0.004301904629725264
2008-06-01,U.S.,0.0,-0.004001165767963029,0.004001165767963029
2008-06-01,France,0.0,-0.004790164609977682,0.004790164609977682
2008-06-01,Netherlands,0.0,-0.006096350544273345,0.006096350544273345
2008-06-01,Sweden,0.0,-0.007309374709842004,0.007309374709842004
2008-06-01,Italy,0.0,-0.005207204415179504,0.005207204415179504
2008-06-01,ChinaA,0.0,-0.005949047767508542,0.005949047767508542
2008-06-01,Chile,0.0,-0.004570859781946164,0.004570859781946164
2008-06-01,Indonesia,0.0,-0.0013482589241851568,0.0013482589241851568
2008-06-01,Philippines,0.0,-0.007935204891235066,0.007935204891235066
2008-06-01,Poland,0.0,-0.0046110039635097536,0.0046110039635097536
2008-06-01,US SmallCap,0.0,-0.0036534882233194106,0.0036534882233194106
2008-06-01,Malaysia,0.0,-0.004148358690586451,0.004148358690586451
2008-06-01,Taiwan,-0.025692216843313444,-0.0054606641673279,-0.020231552675985545
2008-06-01,Mexico,0.0,-0.004130862295320726,0.004130862295320726
2008-06-01,Korea,-0.02785407249115526,-0.005920148366106863,-0.021933924125048396
2008-06-01,Brazil,0.0,-0.0037643857933921426,0.0037643857933921426
2008-06-01,South Africa,0.0,-0.004621102695496729,0.004621102695496729
2008-06-01,Denmark,0.0,-0.0029316685075436713,0.0029316685075436713
2008-06-01,India,0.0,-0.009532086255575096,0.009532086255575096
2008-06-01,ChinaH,0.0,-0.005981962314965087,0.005981962314965087
2008-06-01,Hong Kong,-0.023847284622535565,-0.005068539372079941,-0.018778745250455624
2008-06-01,Thailand,-0.024629259204252556,-0.0052347414792855915,-0.019394517724966965
2008-06-01,Turkey,0.0,-0.0059521690801145055,0.0059521690801145055
2008-06-01,Spain,-0.02309975092031657,-0.004909657383558986,-0.018190093536757587
2008-06-01,Vietnam,0.0,0.0,0.0
2008-06-01,Saudi Arabia,0.0,0.0,0.0
2008-07-01,Singapore,-0.0008156445423627566,-0.00017429803084759133,-0.0006413465115151653
2008-07-01,Australia,0.0,-0.002848660012707453,0.002848660012707453
2008-07-01,Canada,0.0,-0.002980610635271844,0.002980610635271844
2008-07-01,Germany,-0.0021002412989685974,-0.00044880815563920706,-0.0016514331433293904
2008-07-01,Japan,0.0,-0.0014606826117387372,0.0014606826117387372
2008-07-01,Switzerland,0.0,-0.00021636918333334688,0.00021636918333334688
2008-07-01,U.K.,0.0,-0.0016880303469369894,0.0016880303469369894
2008-07-01,NASDAQ,0.0,0.0006230299664352986,-0.0006230299664352986
2008-07-01,U.S.,0.0,-0.0003599680400363137,0.0003599680400363137
2008-07-01,France,0.0,-0.0008619748717015911,0.0008619748717015911
2008-07-01,Netherlands,0.0,-0.0017393304845356678,0.0017393304845356678
2008-07-01,Sweden,0.0,-0.00036535689092909884,0.00036535689092909884
2008-07-01,Italy,0.0,-0.0019401733692502032,0.0019401733692502032
2008-07-01,ChinaA,0.0,0.0009762851512315922,-0.0009762851512315922
2008-07-01,Chile,0.0,0.002584670154365412,-0.002584670154365412
2008-07-01,Indonesia,0.0,3.552206706813361e-05,-3.552206706813361e-05
2008-07-01,Philippines,0.0,0.0034893639423892596,-0.0034893639423892596
2008-07-01,Poland,0.0,0.005514601391317128,-0.005514601391317128
2008-07-01,US SmallCap,0.0,0.0015840768895790955,-0.0015840768895790955
2008-07-01,Malaysia,0.0,-0.0005165348004068028,0.0005165348004068028
2008-07-01,Taiwan,0.0,-0.003898643424842805,0.003898643424842805
2008-07-01,Mexico,0.0,-0.0018538660149004255,0.0018538660149004255
2008-07-01,Korea,-0.003152100283397293,-0.0006735837045372344,-0.002478516578860059
2008-07-01,Brazil,-0.020807704625204503,-0.004446473622106915,-0.01636123100309759
2008-07-01,South Africa,0.0,0.0009680721562307904,-0.0009680721562307904
2008-07-01,Denmark,0.0,-0.0011635076740015749,0.0011635076740015749
2008-07-01,India,0.0,0.002999513743694439,-0.002999513743694439
2008-07-01,ChinaH,0.0,0.0010033461166651604,-0.0010033461166651604
2008-07-01,Hong Kong,-0.00292898493086328,-0.0006259053782826476,-0.0023030795525806327
2008-07-01,Thailand,-0.0270174130525567,-0.005773448664310793,-0.021243964388245905
2008-07-01,Turkey,0.0,0.011652435051084067,-0.011652435051084067
2008-07-01,Spain,-0.0027817587066358263,-0.0005944440741983516,-0.002187314632437475
2008-07-01,Vietnam,0.0,0.0,0.0
2008-07-01,Saudi Arabia,0.0,0.0,0.0
2008-08-01,Singapore,-0.015833634070367142,-0.003525447309996395,-0.012308186760370748
2008-08-01,Australia,-0.008385760431394367,-0.0018671365287178182,-0.006518623902676549
2008-08-01,Canada,0.0,-0.000831983650243048,0.000831983650243048
2008-08-01,Germany,-0.011720708127973345,-0.0026096813124125953,-0.00911102681556075
2008-08-01,Japan,0.0,-0.0017069091617493387,0.0017069091617493387
2008-08-01,Switzerland,0.0,-0.0012455876399404713,0.0012455876399404713
2008-08-01,U.K.,0.0,-0.0009765418348031282,0.0009765418348031282
2008-08-01,NASDAQ,0.0,0.000817813467953119,-0.000817813467953119
2008-08-01,U.S.,0.0,0.0006180556059980379,-0.0006180556059980379
2008-08-01,France,0.0,-0.0014918310988931388,0.0014918310988931388
2008-08-01,Netherlands,0.0,0.00013673411271529406,-0.00013673411271529406
2008-08-01,Sweden,0.0,-0.001879441309909615,0.001879441309909615
2008-08-01,Italy,0.0,-0.00184884628951985,0.00184884628951985
2008-08-01,ChinaA,0.0,-0.0034984582992854743,0.0034984582992854743
2008-08-01,Chile,0.0,-0.002381745695405856,0.002381745695405856
2008-08-01,Indonesia,0.0,-0.002868189493749118,0.002868189493749118
2008-08-01,Philippines,0.0,0.000819267449160675,-0.000819267449160675
2008-08-01,Poland,0.0,-0.005857609337365118,0.005857609337365118
2008-08-01,US SmallCap,0.0,0.0015420634697122528,-0.0015420634697122528
2008-08-01,Malaysia,0.0,-0.0037416003624574467,0.0037416003624574467
2008-08-01,Taiwan,0.0,-0.0008836782629082313,0.0008836782629082313
2008-08-01,Mexico,0.0,-0.00180597119374599,0.00180597119374599
2008-08-01,Korea,0.0,-0.005911619623128126,0.005911619623128126
2008-08-01,Brazil,0.0,-0.004220185947124696,0.004220185947124696
2008-08-01,South Africa,0.0,-0.0018735733224162167,0.0018735733224162167
2008-08-01,Denmark,-0.00862790009735135,-0.001921050281568093,-0.006706849815783257
2008-08-01,India,0.0,-0.0005911525778133613,0.0005911525778133613
2008-08-01,ChinaH,0.0,-0.003486933254914092,0.003486933254914092
2008-08-01,Hong Kong,-0.010189811320986014,-0.0022688185637795262,-0.007920992757206487
2008-08-01,Thailand,0.003807235173814049,0.0008477022357846602,0.002959532938029389
2008-08-01,Turkey,0.0,-0.0038620382520466088,0.0038620382520466088
2008-08-01,Spain,-0.013821511428846784,-0.003077436933957289,-0.010744074494889495
2008-08-01,Vietnam,0.0,0.0,0.0
2008-08-01,Saudi Arabia,0.0,0.0,0.0
2008-09-01,Singapore,-0.02736832001051183,-0.006114675301921978,-0.021253644708589852
2008-09-01,Australia,0.0,-0.006744281154578283,0.006744281154578283
2008-09-01,Canada,0.0,-0.005793134869617878,0.005793134869617878
2008-09-01,Germany,0.0,-0.005914365488924771,0.005914365488924771
2008-09-01,Japan,0.0,-0.004855486318592383,0.004855486318592383
2008-09-01,Switzerland,0.0,-0.004151640263175648,0.004151640263175648
2008-09-01,U.K.,0.0,-0.005962122010354975,0.005962122010354975
2008-09-01,NASDAQ,0.0,-0.004731911846130624,0.004731911846130624
2008-09-01,U.S.,0.0,-0.0036360363528756307,0.0036360363528756307
2008-09-01,France,0.0,-0.005871963849649963,0.005871963849649963
2008-09-01,Netherlands,0.0,-0.007692964742753856,0.007692964742753856
2008-09-01,Sweden,0.0,-0.00756497244291789,0.00756497244291789
2008-09-01,Italy,0.0,-0.006153318016997862,0.006153318016997862
2008-09-01,ChinaA,0.0,-0.008496659910487217,0.008496659910487217
2008-09-01,Chile,-0.019005438743664956,-0.004246226543808445,-0.01475921219985651
2008-09-01,Indonesia,0.0,-0.009053906784407517,0.009053906784407517
2008-09-01,Philippines,0.0,-0.0024791804236616623,0.0024791804236616623
2008-09-01,Poland,-0.0240591647318765,-0.005375338358889874,-0.01868382637298663
2008-09-01,US SmallCap,0.0,-0.003251332679119094,0.003251332679119094
2008-09-01,Malaysia,-0.01593037558367119,-0.0035591908489231907,-0.012371184734748
2008-09-01,Taiwan,0.0,-0.007800210407899996,0.007800210407899996
2008-09-01,Mexico,0.0,-0.0046471542171303785,0.0046471542171303785
2008-09-01,Korea,0.0,-0.003903874734100605,0.003903874734100605
2008-09-01,Brazil,0.0,-0.009412792180698357,0.009412792180698357
2008-09-01,South Africa,0.0,-0.006202174375824575,0.006202174375824575
2008-09-01,Denmark,0.0,-0.008460301230084368,0.008460301230084368
2008-09-01,India,0.0,-0.007645652301397364,0.007645652301397364
2008-09-01,ChinaH,0.0,-0.008662561940266898,0.008662561940266898
2008-09-01,Hong Kong,-0.03165991550844329,-0.007073510662914613,-0.024586404845528678
2008-09-01,Thailand,0.0,-0.004909827101561137,0.004909827101561137
2008-09-01,Turkey,-0.024557556606643185,-0.005486689895489267,-0.01907086671115392
2008-09-01,Spain,-0.018281863480238893,-0.004084564162242691,-0.014197299317996202
2008-09-01,Vietnam,0.0,0.0,0.0
2008-09-01,Saudi Arabia,0.0,0.0,0.0
2008-10-01,Singapore,-0.04580927205403865,-0.010004862796998167,-0.03580440925704048
2008-10-01,Australia,0.0,-0.00875090313186249,0.00875090313186249
2008-10-01,Canada,0.0,-0.009399445036014724,0.009399445036014724
2008-10-01,Germany,-0.03666759265793979,-0.008008296512683009,-0.028659296145256783
2008-10-01,Japan,-0.02360739656030689,-0.005155916105839407,-0.018451480454467484
2008-10-01,Switzerland,0.0,-0.004276935017130022,0.004276935017130022
2008-10-01,U.K.,0.0,-0.0065289156466549715,0.0065289156466549715
2008-10-01,NASDAQ,0.0,-0.006161228242425426,0.006161228242425426
2008-10-01,U.S.,0.0,-0.005855761889246654,0.005855761889246654
2008-10-01,France,-0.03580903227129988,-0.00782078471679293,-0.027988247554506955
2008-10-01,Netherlands,0.0,-0.008774206853773434,0.008774206853773434
2008-10-01,Sweden,0.0,-0.009293705117064283,0.009293705117064283
2008-10-01,Italy,0.0,-0.008234793876824529,0.008234793876824529
2008-10-01,ChinaA,0.0,-0.007940509924087888,0.007940509924087888
2008-10-01,Chile,-0.040892007318553726,-0.008930919535969927,-0.0319610877825838
2008-10-01,Indonesia,0.0,-0.013307377661915693,0.013307377661915693
2008-10-01,Philippines,0.0,-0.008496439609441755,0.008496439609441755
2008-10-01,Poland,0.0,-0.011608933641669658,0.011608933641669658
2008-10-01,US SmallCap,-0.03321993511233658,-0.0072553192404376495,-0.025964615871898928
2008-10-01,Malaysia,0.0,-0.005999777217596366,0.005999777217596366
2008-10-01,Taiwan,0.0,-0.0065769403819227025,0.0065769403819227025
2008-10-01,Mexico,0.0,-0.010695147236359186,0.010695147236359186
2008-10-01,Korea,0.0,-0.010447568820260805,0.010447568820260805
2008-10-01,Brazil,0.0,-0.011172797927494175,0.011172797927494175
2008-10-01,South Africa,0.0,-0.008694620070886939,0.008694620070886939
2008-10-01,Denmark,0.0,-0.008950925076576964,0.008950925076576964
2008-10-01,India,0.0,-0.009816716961734986,0.009816716961734986
2008-10-01,ChinaH,0.0,-0.007988085484034799,0.007988085484034799
2008-10-01,Hong Kong,0.0,-0.007409132696901783,0.007409132696901783
2008-10-01,Thailand,-0.05249872801070549,-0.011465857177220224,-0.041032870833485266
2008-10-01,Turkey,0.0,-0.012192937532598407,0.012192937532598407
2008-10-01,Spain,0.0,-0.00887111563138213,0.00887111563138213
2008-10-01,Vietnam,0.0,0.0,0.0
2008-10-01,Saudi Arabia,0.0,0.0,0.0
2008-11-01,Singapore,-0.003668520221084887,-0.0007936434926224406,-0.0028748767284624468
2008-11-01,Australia,0.0,-0.0018529386120721318,0.0018529386120721318
2008-11-01,Canada,0.0,-0.001486500499711069,0.001486500499711069
2008-11-01,Germany,-0.010855906248374363,-0.002348554411945885,-0.008507351836428478
2008-11-01,Japan,-0.0014910255687186668,-0.00032256677587490435,-0.0011684587928437625
2008-11-01,Switzerland,0.0,-0.0023849710178091657,0.0023849710178091657
2008-11-01,U.K.,0.0,-0.0014460644329464182,0.0014460644329464182
2008-11-01,NASDAQ,0.0,-0.002783701362388989,0.002783701362388989
2008-11-01,U.S.,0.0,-0.001882538435937033,0.001882538435937033
2008-11-01,France,-0.007253197286897965,-0.0015691484523836048,-0.00568404883451436
2008-11-01,Netherlands,0.0,-0.0015800696972379387,0.0015800696972379387
2008-11-01,Sweden,0.0,-0.0009548227052067627,0.0009548227052067627
2008-11-01,Italy,0.0,-0.001572956437427614,0.001572956437427614
2008-11-01,ChinaA,0.0,0.001142897904580885,-0.001142897904580885
2008-11-01,Chile,-0.0033549877001189813,-0.0007258142236000354,-0.002629173476518946
2008-11-01,Indonesia,0.0,-0.003161668176647687,0.003161668176647687
2008-11-01,Philippines,0.0,-0.0001379150638569145,0.0001379150638569145
2008-11-01,Poland,0.0,-0.003195376739488779,0.003195376739488779
2008-11-01,US SmallCap,-0.014350857493881725,-0.0031046481897823706,-0.011246209304099355
2008-11-01,Malaysia,0.0,-0.00034239798627925237,0.00034239798627925237
2008-11-01,Taiwan,0.0,-0.0028346182933197458,0.0028346182933197458
2008-11-01,Mexico,0.0,-0.000932715660483781,0.000932715660483781
2008-11-01,Korea,0.0,-0.003514046218503128,0.003514046218503128
2008-11-01,Brazil,0.0,-0.002415691593235988,0.002415691593235988
2008-11-01,South Africa,0.0,-0.00034402772589349755,0.00034402772589349755
2008-11-01,Denmark,0.0,-0.0017890616308703802,0.0017890616308703802
2008-11-01,India,0.0,-0.0028065315767204922,0.0028065315767204922
2008-11-01,ChinaH,0.0,0.0011418782218208167,-0.0011418782218208167
2008-11-01,Hong Kong,0.0,-0.00014428574740966545,0.00014428574740966545
2008-11-01,Thailand,-0.0051703381805499335,-0.001118545082037822,-0.004051793098512111
2008-11-01,Turkey,0.0,-0.0026515488824243308,0.0026515488824243308
2008-11-01,Spain,0.0,-0.0006169316386237876,0.0006169316386237876
2008-11-01,Vietnam,0.0,0.0,0.0
2008-11-01,Saudi Arabia,0.0,0.0,0.0
2008-12-01,Singapore,0.008406804791502976,0.0017571792591906023,0.006649625532312374
2008-12-01,Australia,0.0,0.0016168085708147073,-0.0016168085708147073
2008-12-01,Canada,0.0,-0.0006699280602324445,0.0006699280602324445
2008-12-01,Germany,0.0,0.0030698489000643586,-0.0030698489000643586
2008-12-01,Japan,0.00919714390156453,0.001922374898481643,0.007274769003082887
2008-12-01,Switzerland,0.0,0.0020779232424065477,-0.0020779232424065477
2008-12-01,U.K.,-0.003115362008338503,-0.0006511688616174119,-0.002464193146721091
2008-12-01,NASDAQ,0.0,0.0006669496371453943,-0.0006669496371453943
2008-12-01,U.S.,0.0,0.00025472014185047657,-0.00025472014185047657
2008-12-01,France,0.009698981090632615,0.0020272682464290382,0.007671712844203577
2008-12-01,Netherlands,0.0,0.002216187736501692,-0.002216187736501692
2008-12-01,Sweden,0.0,0.0014414135823943386,-0.0014414135823943386
2008-12-01,Italy,0.0,0.001628938529320661,-0.001628938529320661
2008-12-01,ChinaA,0.0,0.0025141842114206154,-0.0025141842114206154
2008-12-01,Chile,0.003045827565290321,0.0006366348639626631,0.002409192701327658
2008-12-01,Indonesia,0.0,0.0046812485434460935,-0.0046812485434460935
2008-12-01,Philippines,0.0,-0.0002891628184767347,0.0002891628184767347
2008-12-01,Poland,0.0,0.0009640936587264901,-0.0009640936587264901
2008-12-01,US SmallCap,0.006639427026602155,0.0013877642877882337,0.005251662738813921
2008-12-01,Malaysia,0.0,0.0015686594435415356,-0.0015686594435415356
2008-12-01,Taiwan,0.0057118165865881945,0.001193876376004119,0.004517940210584075
2008-12-01,Mexico,0.0,0.0011206060542972034,-0.0011206060542972034
2008-12-01,Korea,0.0,0.004349653618353304,-0.004349653618353304
2008-12-01,Brazil,0.0,0.00047164325089230693,-0.00047164325089230693
2008-12-01,South Africa,0.0,0.0028427529108273285,-0.0028427529108273285
2008-12-01,Denmark,0.0,0.0008964901262826627,-0.0008964901262826627
2008-12-01,India,0.0,0.00235737873124334,-0.00235737873124334
2008-12-01,ChinaH,0.0,0.002513278775575551,-0.002513278775575551
2008-12-01,Hong Kong,0.0,0.0009182261708774639,-0.0009182261708774639
2008-12-01,Thailand,0.0,0.003346992680357177,-0.003346992680357177
2008-12-01,Turkey,0.0,0.0015794653286402924,-0.0015794653286402924
2008-12-01,Spain,0.0,0.003133238070094134,-0.003133238070094134
2008-12-01,Vietnam,0.0,0.001857827038510862,-0.001857827038510862
2008-12-01,Saudi Arabia,0.0,0.0,0.0
2009-01-01,Singapore,-0.007032289526921398,-0.0014989157688881578,-0.00553337375803324
2009-01-01,Australia,0.0,-0.0035429664622741272,0.0035429664622741272
2009-01-01,Canada,0.0,-0.000900741917108284,0.000900741917108284
2009-01-01,Germany,0.0,-0.0043701733541006565,0.0043701733541006565
2009-01-01,Japan,-0.008182019958892858,-0.0017439780729720832,-0.0064380418859207745
2009-01-01,Switzerland,0.0,-0.0031178770593110017,0.0031178770593110017
2009-01-01,U.K.,-0.007380701407916538,-0.0015731789317588462,-0.005807522476157692
2009-01-01,NASDAQ,0.0,-0.0016289669719074544,0.0016289669719074544
2009-01-01,U.S.,0.0,-0.002161984721501123,0.002161984721501123
2009-01-01,France,-0.017199213639558286,-0.0036659714362039736,-0.013533242203354313
2009-01-01,Netherlands,0.0,-0.0021312215025737053,0.0021312215025737053
2009-01-01,Sweden,0.0,-0.002888021043565077,0.002888021043565077
2009-01-01,Italy,0.0,-0.003570875398109158,0.003570875398109158
2009-01-01,ChinaA,0.0,-0.0021302297560051395,0.0021302297560051395
2009-01-01,Chile,0.01301475902585026,0.0027740648984153353,0.010240694127434925
2009-01-01,Indonesia,0.0,-0.0011152788128894898,0.0011152788128894898
2009-01-01,Philippines,0.0,-0.0005500768688212852,0.0005500768688212852
2009-01-01,Poland,0.0,-0.006357380332196071,0.006357380332196071
2009-01-01,US SmallCap,-0.013387143533136041,-0.0028534377695014126,-0.010533705763634629
2009-01-01,Malaysia,0.0,-0.000555340338786084,0.000555340338786084
2009-01-01,Taiwan,0.0,-0.002574928422518001,0.002574928422518001
2009-01-01,Mexico,0.0,-0.0032618833584168437,0.0032618833584168437
2009-01-01,Korea,0.0,-0.0008058035402028712,0.0008058035402028712
2009-01-01,Brazil,0.0,0.0011846159909008089,-0.0011846159909008089
2009-01-01,South Africa,0.0,-0.00281392784996497,0.00281392784996497
2009-01-01,Denmark,0.0,-0.0005714122360200145,0.0005714122360200145
2009-01-01,India,0.0,-0.0005857279378271771,0.0005857279378271771
2009-01-01,ChinaH,0.0,-0.0021160336216127845,0.0021160336216127845
2009-01-01,Hong Kong,0.0005417951472530566,0.00011548234563092743,0.00042631280162212917
2009-01-01,Thailand,0.0,-0.0010470689713984087,0.0010470689713984087
2009-01-01,Turkey,0.0,-0.0025296260091470352,0.0025296260091470352
2009-01-01,Spain,0.0,-0.00396924684705604,0.00396924684705604
2009-01-01,Vietnam,0.0,-0.0016665408512932895,0.0016665408512932895
2009-01-01,Saudi Arabia,0.0,0.0,0.0
2009-02-01,Singapore,-0.012745776647552057,-0.0026345304912154333,-0.010111246156336625
2009-02-01,Australia,0.0,-0.0006374492140143066,0.0006374492140143066
2009-02-01,Canada,0.0,-0.002030401271780197,0.002030401271780197
2009-02-01,Germany,-0.014428062552523475,-0.002982256144515686,-0.01144580640800779
2009-02-01,Japan,-0.014242988126411726,-0.002944001573435528,-0.011298986552976198
2009-02-01,Switzerland,0.0,-0.0026479260824475563,0.0026479260824475563
2009-02-01,U.K.,0.0,-0.001697832164682827,0.001697832164682827
2009-02-01,NASDAQ,0.0,-0.0015426598328490504,0.0015426598328490504
2009-02-01,U.S.,0.0,-0.002524099402817787,0.002524099402817787
2009-02-01,France,-0.01094285511762289,-0.0022618696581245424,-0.008680985459498348
2009-02-01,Netherlands,0.0,-0.002956296498039411,0.002956296498039411
2009-02-01,Sweden,0.0,-0.0008266802479738895,0.0008266802479738895
2009-02-01,Italy,0.0,-0.003259291656272785,0.003259291656272785
2009-02-01,ChinaA,0.0,-0.0007541028487595147,0.0007541028487595147
2009-02-01,Chile,0.0,-0.00013979094422464472,0.00013979094422464472
2009-02-01,Indonesia,0.0,-0.0021767870608401852,0.0021767870608401852
2009-02-01,Philippines,0.0,9.438507164865172e-05,-9.438507164865172e-05
2009-02-01,Poland,0.0,-0.004747097927313362,0.004747097927313362
2009-02-01,US SmallCap,-0.013944395353079272,-0.0028822829518439586,-0.011062112401235315
2009-02-01,Malaysia,0.0,-0.0002770142646362397,0.0002770142646362397
2009-02-01,Taiwan,0.0,0.0009395736714130136,-0.0009395736714130136
2009-02-01,Mexico,0.0,-0.0031479385968202077,0.0031479385968202077
2009-02-01,Korea,0.0,-0.004066191163983291,0.004066191163983291
2009-02-01,Brazil,0.0,-0.0006881024409002546,0.0006881024409002546
2009-02-01,South Africa,0.0,-0.0016520222116393369,0.0016520222116393369
2009-02-01,Denmark,0.0,-0.0024301697447018326,0.0024301697447018326
2009-02-01,India,0.0,-0.0024181733487749434,0.0024181733487749434
2009-02-01,ChinaH,0.0,-0.0007540571302761661,0.0007540571302761661
2009-02-01,Hong Kong,-0.005481746346396539,-0.001133067705016168,-0.004348678641380371
2009-02-01,Thailand,0.0,-0.0010242146935806763,0.0010242146935806763
2009-02-01,Turkey,0.0,-0.0025977580270651517,0.0025977580270651517
2009-02-01,Spain,-0.012456845645757726,-0.0025748089414712847,-0.009882036704286442
2009-02-01,Vietnam,0.0,-0.005581031906826485,0.005581031906826485
2009-02-01,Saudi Arabia,0.0,0.0,0.0
2009-03-01,Singapore,0.008417782575352814,0.001777546772289554,0.00664023580306326
2009-03-01,Australia,0.0,0.0035932688226953833,-0.0035932688226953833
2009-03-01,Canada,0.0,0.0020396946357183593,-0.0020396946357183593
2009-03-01,Germany,0.0,0.0022978559417488192,-0.0022978559417488192
2009-03-01,Japan,0.0012600621853165164,0.00026608188680848867,0.0009939802985080278
2009-03-01,Switzerland,0.0,0.0016855370796641925,-0.0016855370796641925
2009-03-01,U.K.,0.0,0.0009569639222357281,-0.0009569639222357281
2009-03-01,NASDAQ,0.0,0.002389651731830594,-0.002389651731830594
2009-03-01,U.S.,0.008992070417519865,0.0018988166543601763,0.007093253763159689
2009-03-01,France,0.0,0.0017982408727122844,-0.0017982408727122844
2009-03-01,Netherlands,0.0,0.000754285250941386,-0.000754285250941386
2009-03-01,Sweden,0.0,0.002043881658110969,-0.002043881658110969
2009-03-01,Italy,0.0,0.0015119933787887396,-0.0015119933787887396
2009-03-01,ChinaA,0.0,0.0030626332380429954,-0.0030626332380429954
2009-03-01,Chile,0.0032453831903938523,0.0006853135446641753,0.002560069645729677
2009-03-01,Indonesia,0.0,0.004230045396314577,-0.004230045396314577
2009-03-01,Philippines,0.0,0.0019113227470777463,-0.0019113227470777463
2009-03-01,Poland,0.0,0.003114347733084824,-0.003114347733084824
2009-03-01,US SmallCap,0.009152320544470032,0.001932655981210136,0.007219664563259896
2009-03-01,Malaysia,0.0,9.432162294665609e-05,-9.432162294665609e-05
2009-03-01,Taiwan,0.0,0.00342623247447391,-0.00342623247447391
2009-03-01,Mexico,0.0,0.0029646135450759796,-0.0029646135450759796
2009-03-01,Korea,0.0,0.006043702373296408,-0.006043702373296408
2009-03-01,Brazil,0.0,0.0023589393125727116,-0.0023589393125727116
2009-03-01,South Africa,0.0,0.003905535234230245,-0.003905535234230245
2009-03-01,Denmark,0.0,0.0001038957919865136,-0.0001038957919865136
2009-03-01,India,0.0,0.002634530650926395,-0.002634530650926395
2009-03-01,ChinaH,0.0,0.0030472841091071074,-0.0030472841091071074
2009-03-01,Hong Kong,0.004205259394403003,0.0008880064549360352,0.0033172529394669675
2009-03-01,Thailand,0.0,0.0007396136356315357,-0.0007396136356315357
2009-03-01,Turkey,0.0,0.0019157448032188107,-0.0019157448032188107
2009-03-01,Spain,0.007616008101130957,0.001608239521122226,0.006007768580008731
2009-03-01,Vietnam,0.0,0.0033768242842460044,-0.0033768242842460044
2009-03-01,Saudi Arabia,0.0,0.0,0.0
2009-04-01,Singapore,0.019141571677756836,0.0041932809564191025,0.014948290721337734
2009-04-01,Australia,0.0,0.002550073744198917,-0.002550073744198917
2009-04-01,Canada,0.0,0.0033202365768292504,-0.0033202365768292504
2009-04-01,Germany,0.0,0.0037014600520679022,-0.0037014600520679022
2009-04-01,Japan,0.010474527968387656,0.0022946202849350576,0.008179907683452598
2009-04-01,Switzerland,0.0,0.0015893743773934775,-0.0015893743773934775
2009-04-01,U.K.,0.0,0.0031686724518558067,-0.0031686724518558067
2009-04-01,NASDAQ,0.0,0.002954293728504863,-0.002954293728504863
2009-04-01,U.S.,0.0,0.0022802372768661603,-0.0022802372768661603
2009-04-01,France,0.0,0.0029974363780656574,-0.0029974363780656574
2009-04-01,Netherlands,0.0,0.0026810594959993227,-0.0026810594959993227
2009-04-01,Sweden,0.0,0.005442907415675731,-0.005442907415675731
2009-04-01,Italy,0.0,0.004444358080806994,-0.004444358080806994
2009-04-01,ChinaA,0.0,0.002596632575546529,-0.002596632575546529
2009-04-01,Chile,0.008311962553929754,0.00182087421422998,0.006491088339699773
2009-04-01,Indonesia,0.0,0.00741899962606196,-0.00741899962606196
2009-04-01,Philippines,0.0,0.0017704073430330565,-0.0017704073430330565
2009-04-01,Poland,0.0,0.006020491108786791,-0.006020491108786791
2009-04-01,US SmallCap,0.016813588406563756,0.0036832973415783297,0.013130291064985426
2009-04-01,Malaysia,0.01772598363327863,0.0038831727537607594,0.013842810879517872
2009-04-01,Taiwan,0.0,0.004147069328574608,-0.004147069328574608
2009-04-01,Mexico,0.0,0.003478800700693817,-0.003478800700693817
2009-04-01,Korea,0.0,0.004757795573193102,-0.004757795573193102
2009-04-01,Brazil,0.0,0.004729739803477722,-0.004729739803477722
2009-04-01,South Africa,0.0,0.0027667208201428216,-0.0027667208201428216
2009-04-01,Denmark,0.0,0.004358934607577617,-0.004358934607577617
2009-04-01,India,0.0,0.004590010950007983,-0.004590010950007983
2009-04-01,ChinaH,0.0,0.002597846647113075,-0.002597846647113075
2009-04-01,Hong Kong,0.018398122748474997,0.004030416052235171,0.014367706696239825
2009-04-01,Thailand,0.0,0.0045272405079679785,-0.0045272405079679785
2009-04-01,Turkey,0.03116447600274198,0.006827098941459145,0.024337377061282833
2009-04-01,Spain,0.0,0.003891913462250785,-0.003891913462250785
2009-04-01,Vietnam,0.0,0.003867892622256886,-0.003867892622256886
2009-04-01,Saudi Arabia,0.0,0.0,0.0
2009-05-01,Singapore,0.0,0.006859108489105729,-0.006859108489105729
2009-05-01,Australia,0.0,0.00300337093860368,-0.00300337093860368
2009-05-01,Canada,0.0,0.005856526273880477,-0.005856526273880477
2009-05-01,Germany,0.0,0.0022139501143297216,-0.0022139501143297216
2009-05-01,Japan,0.012931464343982563,0.002824648678310571,0.010106815665671991
2009-05-01,Switzerland,0.0,0.0025916398233260408,-0.0025916398233260408
2009-05-01,U.K.,0.0,0.004076930070979035,-0.004076930070979035
2009-05-01,NASDAQ,0.0,0.0009568767114628871,-0.0009568767114628871
2009-05-01,U.S.,0.0,0.0015410864139765788,-0.0015410864139765788
2009-05-01,France,0.013309887018212839,0.0029073083893977145,0.010402578628815124
2009-05-01,Netherlands,0.0,0.003284143788396049,-0.003284143788396049
2009-05-01,Sweden,0.0,0.002212060522502488,-0.002212060522502488
2009-05-01,Italy,0.0,0.0033250166874968343,-0.0033250166874968343
2009-05-01,ChinaA,0.0,0.004487294754707586,-0.004487294754707586
2009-05-01,Chile,0.024362338804177805,0.005321520152185787,0.019040818651992017
2009-05-01,Indonesia,0.0,0.0033171003231277944,-0.0033171003231277944
2009-05-01,Philippines,0.02087636733414524,0.004560071607494264,0.016316295726650977
2009-05-01,Poland,0.0,0.00113121360536137,-0.00113121360536137
2009-05-01,US SmallCap,0.003803921336186744,0.0008308990450611378,0.002973022291125606
2009-05-01,Malaysia,0.0,0.0019177627668475743,-0.0019177627668475743
2009-05-01,Taiwan,0.0,0.004204442160917376,-0.004204442160917376
2009-05-01,Mexico,0.0,0.00475105799412342,-0.00475105799412342
2009-05-01,Korea,0.005188684674587051,0.0011333759981376466,0.004055308676449404
2009-05-01,Brazil,0.0,0.006112059358190111,-0.006112059358190111
2009-05-01,South Africa,0.0,0.004723308153860211,-0.004723308153860211
2009-05-01,Denmark,0.0,0.003593622235038603,-0.003593622235038603
2009-05-01,India,0.0,0.010201314932729622,-0.010201314932729622
2009-05-01,ChinaH,0.0,0.004495840021048003,-0.004495840021048003
2009-05-01,Hong Kong,0.022960013270009943,0.005015207049409331,0.01794480622060061
2009-05-01,Thailand,0.0,0.004681431795983402,-0.004681431795983402
2009-05-01,Turkey,0.0,0.004441331806936855,-0.004441331806936855
2009-05-01,Spain,0.0,0.0032181949277493536,-0.0032181949277493536
2009-05-01,Vietnam,0.0,0.004581435680922673,-0.004581435680922673
2009-05-01,Saudi Arabia,0.0,0.0,0.0
2009-06-01,Singapore,0.0,-0.00016270128958038863,0.00016270128958038863
2009-06-01,Australia,0.0,0.0015912323994955006,-0.0015912323994955006
2009-06-01,Canada,0.0,-0.001696494477152907,0.001696494477152907
2009-06-01,Germany,0.0,-0.0010766271665844677,0.0010766271665844677
2009-06-01,Japan,0.0024283371435061788,0.000539749503284187,0.001888587640221992
2009-06-01,Switzerland,0.0,-0.00029847438920594424,0.00029847438920594424
2009-06-01,U.K.,0.0,-0.0002190096782127797,0.0002190096782127797
2009-06-01,NASDAQ,0.0,0.0010869282335041661,-0.0010869282335041661
2009-06-01,U.S.,0.0,6.202129984239093e-05,-6.202129984239093e-05
2009-06-01,France,0.0,-0.00141655828895414,0.00141655828895414
2009-06-01,Netherlands,0.0,-0.0004008080909927417,0.0004008080909927417
2009-06-01,Sweden,0.0,-4.994025583254499e-05,4.994025583254499e-05
2009-06-01,Italy,0.0,-0.0014289725791112283,0.0014289725791112283
2009-06-01,ChinaA,0.0,0.001144856464166493,-0.001144856464166493
2009-06-01,Chile,0.0,0.0015416129444124783,-0.0015416129444124783
2009-06-01,Indonesia,0.0,0.0021204278620714284,-0.0021204278620714284
2009-06-01,Philippines,0.0,-0.00022277531188633618,0.00022277531188633618
2009-06-01,Poland,0.0,0.0016739473143790927,-0.0016739473143790927
2009-06-01,US SmallCap,0.0020658936741340668,0.0004591887446245658,0.001606704929509501
2009-06-01,Malaysia,0.004246210973325095,0.0009438105700524413,0.003302400403272654
2009-06-01,Taiwan,0.0,-0.0024042923637762033,0.0024042923637762033
2009-06-01,Mexico,0.0,0.0002983101705486461,-0.0002983101705486461
2009-06-01,Korea,-0.0012286394630792623,-0.00027309121457281475,-0.0009555482485064476
2009-06-01,Brazil,0.0,-0.0012352403029541668,0.0012352403029541668
2009-06-01,South Africa,0.000349396866761905,7.766087414513479e-05,0.0002717359926167702
2009-06-01,Denmark,0.0,5.5130603934770306e-05,-5.5130603934770306e-05
2009-06-01,India,0.0,-0.0006816690163436777,0.0006816690163436777
2009-06-01,ChinaH,0.0,0.001135099978205268,-0.001135099978205268
2009-06-01,Hong Kong,-0.00226059475110425,-0.0005024651940519372,-0.0017581295570523127
2009-06-01,Thailand,0.0,0.0032806647035480206,-0.0032806647035480206
2009-06-01,Turkey,0.006224049340918876,0.0013834271526756336,0.004840622188243242
2009-06-01,Spain,0.0,0.0012597745968780522,-0.0012597745968780522
2009-06-01,Vietnam,0.0,0.0010782009918700259,-0.0010782009918700259
2009-06-01,Saudi Arabia,0.0,0.0,0.0
2009-07-01,Singapore,0.022743738061726478,0.0050324421152432445,0.017711295946483234
2009-07-01,Australia,0.0,0.0032920486599482463,-0.0032920486599482463
2009-07-01,Canada,0.0,0.0037910736783557056,-0.0037910736783557056
2009-07-01,Germany,0.0,0.003716788462870905,-0.003716788462870905
2009-07-01,Japan,0.0060559768557056845,0.001339988743050015,0.0047159881126556695
2009-07-01,Switzerland,0.0,0.003522552319994075,-0.003522552319994075
2009-07-01,U.K.,0.0,0.0029852893281166254,-0.0029852893281166254
2009-07-01,NASDAQ,0.0,0.002481832010218638,-0.002481832010218638
2009-07-01,U.S.,0.0,0.002387628092995347,-0.002387628092995347
2009-07-01,France,0.0,0.0032894104192023356,-0.0032894104192023356
2009-07-01,Netherlands,0.0,0.004526615982823897,-0.004526615982823897
2009-07-01,Sweden,0.0,0.005659925504448149,-0.005659925504448149
2009-07-01,Italy,0.0,0.002633092703986757,-0.002633092703986757
2009-07-01,ChinaA,0.0,0.003416424607754038,-0.003416424607754038
2009-07-01,Chile,0.0,0.0009051105879312723,-0.0009051105879312723
2009-07-01,Indonesia,0.0,0.007739107034331704,-0.007739107034331704
2009-07-01,Philippines,0.0,0.005171395870153062,-0.005171395870153062
2009-07-01,Poland,0.0,0.00900223438810832,-0.00900223438810832
2009-07-01,US SmallCap,0.013740184201641215,0.0030402514072170156,0.010699932794424199
2009-07-01,Malaysia,0.01518446560853506,0.0033598234388060757,0.011824642169728984
2009-07-01,Taiwan,0.0,0.0032431735129143124,-0.0032431735129143124
2009-07-01,Mexico,0.0,0.0033520290412383394,-0.0033520290412383394
2009-07-01,Korea,0.027006455628904052,0.005975641485207464,0.021030814143696588
2009-07-01,Brazil,0.0,0.0028211896340772954,-0.0028211896340772954
2009-07-01,South Africa,0.0,0.001957139199137608,-0.001957139199137608
2009-07-01,Denmark,0.0,0.002261644794626132,-0.002261644794626132
2009-07-01,India,0.0,0.00273215022631943,-0.00273215022631943
2009-07-01,ChinaH,0.0,0.003416908349160347,-0.003416908349160347
2009-07-01,Hong Kong,0.019651843112493,0.004348307329826653,0.015303535782666347
2009-07-01,Thailand,0.0,0.0012672008824379903,-0.0012672008824379903
2009-07-01,Turkey,0.0307817490302632,0.006810989898860338,0.023970759131402862
2009-07-01,Spain,0.0,0.0042841936240879015,-0.0042841936240879015
2009-07-01,Vietnam,0.0,0.002999425414833659,-0.002999425414833659
2009-07-01,Saudi Arabia,0.0,0.0,0.0
2009-08-01,Singapore,-0.004223923260013248,-0.0009202110499613737,-0.003303712210051874
2009-08-01,Australia,0.0,0.002983559084723199,-0.002983559084723199
2009-08-01,Canada,0.0,-0.0005062846273406322,0.0005062846273406322
2009-08-01,Germany,0.0,0.001471551751246729,-0.001471551751246729
2009-08-01,Japan,0.006336311634063227,0.0013804095440989384,0.0049559020899642885
2009-08-01,Switzerland,0.0,0.0022976263210411764,-0.0022976263210411764
2009-08-01,U.K.,0.0,0.0022752834271611167,-0.0022752834271611167
2009-08-01,NASDAQ,0.0,0.00058979209602955,-0.00058979209602955
2009-08-01,U.S.,0.0,0.0012733907448166798,-0.0012733907448166798
2009-08-01,France,0.0,0.002746060697645141,-0.002746060697645141
2009-08-01,Netherlands,0.0,0.0019779531119798223,-0.0019779531119798223
2009-08-01,Sweden,0.0,0.0019052028098188454,-0.0019052028098188454
2009-08-01,Italy,0.0,0.003294369912115375,-0.003294369912115375
2009-08-01,ChinaA,0.0,-0.002484592091741795,0.002484592091741795
2009-08-01,Chile,-0.007162075789192995,-0.001560308006603214,-0.005601767782589782
2009-08-01,Indonesia,0.0,-0.0002598751632694091,0.0002598751632694091
2009-08-01,Philippines,0.0,-0.0003466814288153607,0.0003466814288153607
2009-08-01,Poland,0.0,0.002046331550588168,-0.002046331550588168
2009-08-01,US SmallCap,0.0,0.0010118871197713451,-0.0010118871197713451
2009-08-01,Malaysia,-0.0004131283277197182,-9.000287856047744e-05,-0.00032312544915924073
2009-08-01,Taiwan,0.0,-0.0012448872177909895,0.0012448872177909895
2009-08-01,Mexico,0.0,0.001774359875786293,-0.001774359875786293
2009-08-01,Korea,0.001159974430421604,0.0002527084946479976,0.0009072659357736064
2009-08-01,Brazil,0.0,0.0006029056979133263,-0.0006029056979133263
2009-08-01,South Africa,0.0,0.0017443577669791403,-0.0017443577669791403
2009-08-01,Denmark,0.0,0.0027985935665575047,-0.0027985935665575047
2009-08-01,India,0.0,-0.00032222342615794043,0.00032222342615794043
2009-08-01,ChinaH,0.0,-0.0024828238490412083,0.0024828238490412083
2009-08-01,Hong Kong,-0.011447701801618275,-0.002493961430179681,-0.008953740371438593
2009-08-01,Thailand,0.0040363507229057675,0.0008793470686126567,0.003157003654293111
2009-08-01,Turkey,0.0,0.002021811104229771,-0.002021811104229771
2009-08-01,Spain,0.0,0.0020953916209236335,-0.0020953916209236335
2009-08-01,Vietnam,0.0,0.005719006983836959,-0.005719006983836959
2009-08-01,Saudi Arabia,0.0,0.0,0.0
2009-09-01,Singapore,0.009465600016443216,0.002138119910606147,0.007327480105837069
2009-09-01,Australia,0.0,0.004327669745654715,-0.004327669745654715
2009-09-01,Canada,0.0,0.0026294954087345552,-0.0026294954087345552
2009-09-01,Germany,0.0,0.002113730597446457,-0.002113730597446457
2009-09-01,Japan,-0.003740839859734512,-0.0008449928343256705,-0.0028958470254088417
2009-09-01,Switzerland,0.0,0.0013131885448570883,-0.0013131885448570883
2009-09-01,U.K.,0.0,0.001094270517173306,-0.001094270517173306
2009-09-01,NASDAQ,0.0,0.002061219577628117,-0.002061219577628117
2009-09-01,U.S.,0.0,0.0013510937527326638,-0.0013510937527326638
2009-09-01,France,0.0,0.002215881051036392,-0.002215881051036392
2009-09-01,Netherlands,0.0,0.0029964674165771144,-0.0029964674165771144
2009-09-01,Sweden,0.001408759279318397,0.0003182150375178914,0.0010905442418005055
2009-09-01,Italy,0.0,0.0024963435905930235,-0.0024963435905930235
2009-09-01,ChinaA,0.0,0.0015356036594750778,-0.0015356036594750778
2009-09-01,Chile,0.0,0.0026975248487954473,-0.0026975248487954473
2009-09-01,Indonesia,0.0,0.004258798735585626,-0.004258798735585626
2009-09-01,Philippines,0.0,-0.0001949103393359144,0.0001949103393359144
2009-09-01,Poland,0.0,-0.0002232571770411032,0.0002232571770411032
2009-09-01,US SmallCap,0.0,0.00208538474972981,-0.00208538474972981
2009-09-01,Malaysia,0.006264226498355813,0.0014149834534962719,0.004849243044859541
2009-09-01,Taiwan,0.0,0.004593753780598782,-0.004593753780598782
2009-09-01,Mexico,0.0,0.0006083441146028948,-0.0006083441146028948
2009-09-01,Korea,0.019781539422172624,0.0044683171935761285,0.015313222228596495
2009-09-01,Brazil,0.0,0.0055050128841251985,-0.0055050128841251985
2009-09-01,South Africa,0.0,0.0014122370101341069,-0.0014122370101341069
2009-09-01,Denmark,0.0,0.0007448108803813108,-0.0007448108803813108
2009-09-01,India,0.0,0.0040091029351081876,-0.0040091029351081876
2009-09-01,ChinaH,0.0,0.001533013319158137,-0.001533013319158137
2009-09-01,Hong Kong,0.013253664306363799,0.0029937799497864984,0.010259884356577301
2009-09-01,Thailand,0.02009156528715363,0.0045383468244043134,0.015553218462749315
2009-09-01,Turkey,0.0,0.0012923899798039362,-0.0012923899798039362
2009-09-01,Spain,0.0,0.0018520243631317955,-0.0018520243631317955
2009-09-01,Vietnam,0.0,0.001068146314887869,-0.001068146314887869
2009-09-01,Saudi Arabia,0.0,0.0,0.0
2009-10-01,Singapore,-0.0017053693896059957,-0.0003850814777264175,-0.0013202879118795782
2009-10-01,Australia,0.0,-0.00022136273118834252,0.00022136273118834252
2009-10-01,Canada,0.0,-0.001970195238048174,0.001970195238048174
2009-10-01,Germany,0.0,-0.0015261674327851297,0.0015261674327851297
2009-10-01,Japan,-0.004253771245497089,-0.0009605241697838925,-0.003293247075713196
2009-10-01,Switzerland,0.0,0.00018145150103769317,-0.00018145150103769317
2009-10-01,U.K.,0.0,0.0005416309524331508,-0.0005416309524331508
2009-10-01,NASDAQ,0.0,-0.0013835278232885524,0.0013835278232885524
2009-10-01,U.S.,0.0,-0.0007127143711540304,0.0007127143711540304
2009-10-01,France,0.0,-0.0015324435786923602,0.0015324435786923602
2009-10-01,Netherlands,0.0,-0.0007680637650331525,0.0007680637650331525
2009-10-01,Sweden,0.00782337729124901,0.0017665601989147342,0.0060568170923342764
2009-10-01,Italy,0.0,-0.001898430749210692,0.001898430749210692
2009-10-01,ChinaA,0.0,0.0024607550968476924,-0.0024607550968476924
2009-10-01,Chile,0.0,0.00023958946485051053,-0.00023958946485051053
2009-10-01,Indonesia,0.0,-0.0014149206802345298,0.0014149206802345298
2009-10-01,Philippines,0.0,0.0007291869785400247,-0.0007291869785400247
2009-10-01,Poland,0.0,0.0020873239031895265,-0.0020873239031895265
2009-10-01,US SmallCap,0.0,-0.002605400545649806,0.002605400545649806
2009-10-01,Malaysia,0.008469648916044377,0.0019124917688172233,0.006557157147227154
2009-10-01,Taiwan,0.0,-0.0015798664490822975,0.0015798664490822975
2009-10-01,Mexico,0.0,0.0001866829139892753,-0.0001866829139892753
2009-10-01,Korea,-0.01189189420998196,-0.002685252956489434,-0.009206641253492527
2009-10-01,Brazil,0.0,0.0010623302905879508,-0.0010623302905879508
2009-10-01,South Africa,0.0,-0.0009305669277349045,0.0009305669277349045
2009-10-01,Denmark,0.0,-0.0010875323307904,0.0010875323307904
2009-10-01,India,0.0,-0.001536166942910112,0.001536166942910112
2009-10-01,ChinaH,0.0,0.002461925851358257,-0.002461925851358257
2009-10-01,Hong Kong,0.0046775211528745616,0.0010562091524708693,0.0036213120004036925
2009-10-01,Thailand,-0.010763103099289,-0.002430365920519757,-0.008332737178769242
2009-10-01,Turkey,0.0,-0.0011632882200675904,0.0011632882200675904
2009-10-01,Spain,0.0,-0.0004061236076198712,0.0004061236076198712
2009-10-01,Vietnam,0.0,0.0011088546632503958,-0.0011088546632503958
2009-10-01,Saudi Arabia,0.0,0.0,0.0
2009-11-01,Singapore,0.00846243070154448,0.0019058974704908153,0.006556533231053666
2009-11-01,Australia,0.005935017980607737,0.001336676914174709,0.004598341066433028
2009-11-01,Canada,0.0,0.002824026398949119,-0.002824026398949119
2009-11-01,Germany,0.0,0.0019527778458471488,-0.0019527778458471488
2009-11-01,Japan,0.0,-0.0003851144175181652,0.0003851144175181652
2009-11-01,Switzerland,0.0,0.0006346566563265975,-0.0006346566563265975
2009-11-01,U.K.,0.0,0.0014035244171132773,-0.0014035244171132773
2009-11-01,NASDAQ,0.0,0.001918941047317291,-0.001918941047317291
2009-11-01,U.S.,0.0,0.0022777355986312916,-0.0022777355986312916
2009-11-01,France,0.0,0.001374489240948785,-0.001374489240948785
2009-11-01,Netherlands,0.0,0.0006924800804914675,-0.0006924800804914675
2009-11-01,Sweden,0.0,-9.273870296250895e-06,9.273870296250895e-06
2009-11-01,Italy,0.0,0.0004219817333177804,-0.0004219817333177804
2009-11-01,ChinaA,0.0,0.0009320091341969358,-0.0009320091341969358
2009-11-01,Chile,0.0,0.002147092992073122,-0.002147092992073122
2009-11-01,Indonesia,0.0,0.001209391831022092,-0.001209391831022092
2009-11-01,Philippines,0.0,0.002073937857153623,-0.002073937857153623
2009-11-01,Poland,0.0,0.0031198466945254874,-0.0031198466945254874
2009-11-01,US SmallCap,0.0,0.001183597847609141,-0.001183597847609141
2009-11-01,Malaysia,0.0,0.00040588314938847533,-0.00040588314938847533
2009-11-01,Taiwan,0.0,0.001470247877422716,-0.001470247877422716
2009-11-01,Mexico,0.0,0.0038094816897772115,-0.0038094816897772115
2009-11-01,Korea,0.0017409390311404161,0.00039209199020367417,0.001348847040936742
2009-11-01,Brazil,0.0,0.0031331383590033697,-0.0031331383590033697
2009-11-01,South Africa,0.0,0.0022707925824125416,-0.0022707925824125416
2009-11-01,Denmark,0.0,0.0012277150666905885,-0.0012277150666905885
2009-11-01,India,0.0,0.0031695758975173608,-0.0031695758975173608
2009-11-01,ChinaH,0.0,0.0009317521270366219,-0.0009317521270366219
2009-11-01,Hong Kong,-0.002185304276075896,-0.0004921713440165204,-0.0016931329320593756
2009-11-01,Thailand,0.0011647074975226403,0.00026231388494383167,0.0009023936125788087
2009-11-01,Turkey,-0.010376594316501984,-0.0023370028727704734,-0.00803959144373151
2009-11-01,Spain,0.006711683717121741,0.0015115965459973678,0.005200087171124373
2009-11-01,Vietnam,0.0,-0.0038063438582737917,0.0038063438582737917
2009-11-01,Saudi Arabia,0.0,0.0,0.0
2009-12-01,Singapore,0.009206013159287653,0.0021172583241834096,0.007088754835104244
2009-12-01,Australia,0.0,0.0007421324518134315,-0.0007421324518134315
2009-12-01,Canada,0.0,0.0012346896994289112,-0.0012346896994289112
2009-12-01,Germany,0.0,0.00047412141019874393,-0.00047412141019874393
2009-12-01,Japan,0.0,0.00027296963481555415,-0.00027296963481555415
2009-12-01,Switzerland,0.0,0.000642045772600873,-0.000642045772600873
2009-12-01,U.K.,0.0,0.0010731802351386923,-0.0010731802351386923
2009-12-01,NASDAQ,0.0,0.0022986163636232087,-0.0022986163636232087
2009-12-01,U.S.,0.0,0.0007566734540554074,-0.0007566734540554074
2009-12-01,France,0.0,0.0008825557656297506,-0.0008825557656297506
2009-12-01,Netherlands,0.0,0.0014625751626949062,-0.0014625751626949062
2009-12-01,Sweden,-0.0015783525094468177,-0.0003629996971871188,-0.001215352812259699
2009-12-01,Italy,0.0,0.000420958819054079,-0.000420958819054079
2009-12-01,ChinaA,0.0,0.00018100426876221365,-0.00018100426876221365
2009-12-01,Chile,0.0,0.003359817958218388,-0.003359817958218388
2009-12-01,Indonesia,0.0,0.002162997395750429,-0.002162997395750429
2009-12-01,Philippines,0.0,0.0010661184644551798,-0.0010661184644551798
2009-12-01,Poland,0.0,-0.0008260646738513642,0.0008260646738513642
2009-12-01,US SmallCap,0.0,0.0031515051050741557,-0.0031515051050741557
2009-12-01,Malaysia,0.0,0.00013795642488663898,-0.00013795642488663898
2009-12-01,Taiwan,0.0,0.003343406817820719,-0.003343406817820719
2009-12-01,Mexico,0.0,0.001099716858421729,-0.001099716858421729
2009-12-01,Korea,0.016843408577856052,0.0038737558161221915,0.01296965276173386
2009-12-01,Brazil,0.0027787044907072655,0.0006390643931961332,0.0021396400975111324
2009-12-01,South Africa,0.0,0.0018015554196149153,-0.0018015554196149153
2009-12-01,Denmark,0.0,-0.0012177999135837983,0.0012177999135837983
2009-12-01,India,0.0,0.00140423153925341,-0.00140423153925341
2009-12-01,ChinaH,0.0,0.0002005274559615129,-0.0002005274559615129
2009-12-01,Hong Kong,0.003706222323766624,0.0008523809308650235,0.0028538413929016003
2009-12-01,Thailand,0.012195460500965523,0.002804790718430519,0.009390669782535003
2009-12-01,Turkey,0.03434209154855135,0.007898215866407184,0.026443875682144166
2009-12-01,Spain,0.0,-0.0009309307005606107,0.0009309307005606107
2009-12-01,Vietnam,0.0,-0.0009933675504464133,0.0009933675504464133
2009-12-01,Saudi Arabia,0.0,0.0,0.0
2010-01-01,Singapore,-0.01094028475726573,-0.0024393775902961366,-0.008500907166969595
2010-01-01,Australia,-0.012452504944857449,-0.0027765604076588,-0.009675944537198649
2010-01-01,Canada,0.0,-0.0029867103766142277,0.0029867103766142277
2010-01-01,Germany,0.0,-0.0035789540093241145,0.0035789540093241145
2010-01-01,Japan,0.0,0.0007667863802621547,-0.0007667863802621547
2010-01-01,Switzerland,0.0,-0.0013515332223491736,0.0013515332223491736
2010-01-01,U.K.,0.0,-0.0019141338883689448,0.0019141338883689448
2010-01-01,NASDAQ,0.0,-0.002159066318738944,0.002159066318738944
2010-01-01,U.S.,0.0,-0.0014551545907234066,0.0014551545907234066
2010-01-01,France,0.0,-0.0029899718088485998,0.0029899718088485998
2010-01-01,Netherlands,0.0,-0.0014338822231719447,0.0014338822231719447
2010-01-01,Sweden,0.0,-0.001006446771687736,0.001006446771687736
2010-01-01,Italy,0.0,-0.0034231775907705817,0.0034231775907705817
2010-01-01,ChinaA,0.0,-0.0034936857749386856,0.0034936857749386856
2010-01-01,Chile,0.0,0.0013009676704009803,-0.0013009676704009803
2010-01-01,Indonesia,0.0,0.0009640803986751418,-0.0009640803986751418
2010-01-01,Philippines,0.0,-0.0023222644936644024,0.0023222644936644024
2010-01-01,Poland,0.0,-0.000531377223068454,0.000531377223068454
2010-01-01,US SmallCap,0.0,-0.0014908905113703034,0.0014908905113703034
2010-01-01,Malaysia,0.0,-0.0001880378396947376,0.0001880378396947376
2010-01-01,Taiwan,0.0,-0.002621700349674872,0.002621700349674872
2010-01-01,Mexico,0.0,-0.0025209331995138546,0.0025209331995138546
2010-01-01,Korea,-0.008431074768211415,-0.0018798939248841138,-0.0065511808433273006
2010-01-01,Brazil,-0.0198333216121698,-0.004422276143199288,-0.01541104546897051
2010-01-01,South Africa,0.0,-0.0021405880662820607,0.0021405880662820607
2010-01-01,Denmark,0.0,0.0012650092311973212,-0.0012650092311973212
2010-01-01,India,0.0,-0.0021547102693807193,0.0021547102693807193
2010-01-01,ChinaH,0.0,-0.003437316414277314,0.003437316414277314
2010-01-01,Hong Kong,-0.011935766239427768,-0.0026613421253168655,-0.009274424114110903
2010-01-01,Thailand,-0.009386810289877503,-0.0020929962220847327,-0.0072938140677927706
2010-01-01,Turkey,0.0030538619531446497,0.0006809258239290001,0.0023729361292156494
2010-01-01,Spain,0.0,-0.004768501824424866,0.004768501824424866
2010-01-01,Vietnam,0.0,-0.0006293199392484283,0.0006293199392484283
2010-01-01,Saudi Arabia,0.0,0.0,0.0
2010-02-01,Singapore,0.0015581984756617498,0.0003511831219622456,0.0012070153536995042
2010-02-01,Australia,0.0059706759653323236,0.001345656961215972,0.0046250190041163515
2010-02-01,Canada,0.0,0.002230174262360634,-0.002230174262360634
2010-02-01,Germany,0.0,-0.0008598543496144512,0.0008598543496144512
2010-02-01,Japan,0.0,0.0004193717655311049,-0.0004193717655311049
2010-02-01,Switzerland,0.0,0.0007274758217184768,-0.0007274758217184768
2010-02-01,U.K.,0.0,-0.00026385698825650227,0.00026385698825650227
2010-02-01,NASDAQ,0.0,0.0016875487833614292,-0.0016875487833614292
2010-02-01,U.S.,0.0,0.0011960908117931292,-0.0011960908117931292
2010-02-01,France,0.0,-0.0008964689259817087,0.0008964689259817087
2010-02-01,Netherlands,0.0,-0.0018168833380819843,0.0018168833380819843
2010-02-01,Sweden,0.0,0.0011094801714143935,-0.0011094801714143935
2010-02-01,Italy,0.0,-0.002159173372331119,0.002159173372331119
2010-02-01,ChinaA,0.0,0.0008471228324175269,-0.0008471228324175269
2010-02-01,Chile,0.0,-0.0003800858835450146,0.0003800858835450146
2010-02-01,Indonesia,0.0,-0.0014685405311350378,0.0014685405311350378
2010-02-01,Philippines,0.0,0.0021490269520126723,-0.0021490269520126723
2010-02-01,Poland,-0.00912796472354056,-0.0020572393047765254,-0.007070725418764034
2010-02-01,US SmallCap,0.0,0.0017384969671700157,-0.0017384969671700157
2010-02-01,Malaysia,0.0,0.00035715939836905586,-0.00035715939836905586
2010-02-01,Taiwan,-0.006289788987111852,-0.001417577906459964,-0.0048722110806518875
2010-02-01,Mexico,0.0,0.0016413056565644222,-0.0016413056565644222
2010-02-01,Korea,-0.0015999183463748072,-0.00036058584868398145,-0.0012393324976908257
2010-02-01,Brazil,0.0,0.0018647781927543848,-0.0018647781927543848
2010-02-01,South Africa,0.0,-5.37554338270198e-05,5.37554338270198e-05
2010-02-01,Denmark,0.0,-0.0004956986248660942,0.0004956986248660942
2010-02-01,India,0.0,0.0005284676788382475,-0.0005284676788382475
2010-02-01,ChinaH,0.0,0.0008334110340382587,-0.0008334110340382587
2010-02-01,Hong Kong,0.0,0.001514919105269881,-0.001514919105269881
2010-02-01,Thailand,0.00760263553742413,0.0017134641862872038,0.005889171351136926
2010-02-01,Turkey,-0.021511915580077725,-0.004848305136219314,-0.01666361044385841
2010-02-01,Spain,0.0,-0.002875708829577765,0.002875708829577765
2010-02-01,Vietnam,0.0,0.001176680755677233,-0.001176680755677233
2010-02-01,Saudi Arabia,0.0,0.0,0.0
2010-03-01,Singapore,0.00694263452594436,0.001600181706981579,0.0053424528189627805
2010-03-01,Australia,0.0,0.0033891766189612896,-0.0033891766189612896
2010-03-01,Canada,0.0,0.003219042951778939,-0.003219042951778939
2010-03-01,Germany,0.0,0.0035048898392392577,-0.0035048898392392577
2010-03-01,Japan,0.0,0.0016241127037749212,-0.0016241127037749212
2010-03-01,Switzerland,0.0,0.001985189256742692,-0.001985189256742692
2010-03-01,U.K.,0.0,0.0025446064765760486,-0.0025446064765760486
2010-03-01,NASDAQ,0.0,0.0027866356123638467,-0.0027866356123638467
2010-03-01,U.S.,0.0,0.002338099037750456,-0.002338099037750456
2010-03-01,France,0.0,0.002408276029789091,-0.002408276029789091
2010-03-01,Netherlands,0.0,0.0027702832854042863,-0.0027702832854042863
2010-03-01,Sweden,0.011764150491866535,0.002711474778762399,0.009052675713104136
2010-03-01,Italy,0.0,0.002821312826715405,-0.002821312826715405
2010-03-01,ChinaA,0.0,0.0020965326650955697,-0.0020965326650955697
2010-03-01,Chile,0.0,-0.0007187577271201268,0.0007187577271201268
2010-03-01,Indonesia,0.0,0.004716681967491876,-0.004716681967491876
2010-03-01,Philippines,0.0,0.002167762474275023,-0.002167762474275023
2010-03-01,Poland,0.019720901294308302,0.004545396330227969,0.015175504964080332
2010-03-01,US SmallCap,0.0,0.003144569128305527,-0.003144569128305527
2010-03-01,Malaysia,0.0,0.0035367677970109227,-0.0035367677970109227
2010-03-01,Taiwan,0.0,0.0026160770685629917,-0.0026160770685629917
2010-03-01,Mexico,0.0,0.0039967845914006235,-0.0039967845914006235
2010-03-01,Korea,0.015096054393077749,0.0034794327711087573,0.01161662162196899
2010-03-01,Brazil,0.0,0.0028272578270415825,-0.0028272578270415825
2010-03-01,South Africa,0.0,0.0047143560533338515,-0.0047143560533338515
2010-03-01,Denmark,0.0,0.002838981324756672,-0.002838981324756672
2010-03-01,India,0.0,0.0035283447999238543,-0.0035283447999238543
2010-03-01,ChinaH,0.0,0.0021042364455014324,-0.0021042364455014324
2010-03-01,Hong Kong,0.0,0.002130986649969572,-0.002130986649969572
2010-03-01,Thailand,0.02434187244065604,0.005610466581188579,0.018731405859467462
2010-03-01,Turkey,0.028040586123962822,0.006462969179917107,0.021577616944045714
2010-03-01,Spain,0.005882842232076059,0.001355914169131108,0.004526928062944951
2010-03-01,Vietnam,0.0,-0.0004899323148239921,0.0004899323148239921
2010-03-01,Saudi Arabia,0.0,0.0,0.0
2010-04-01,Singapore,0.010738530769843841,0.0024271749242306346,0.008311355845613207
2010-04-01,Australia,0.0,-0.00042290553206227223,0.00042290553206227223
2010-04-01,Canada,0.0,0.0006074772566324466,-0.0006074772566324466
2010-04-01,Germany,0.0,-0.0010671437459866444,0.0010671437459866444
2010-04-01,Japan,0.0,-8.191116385966472e-05,8.191116385966472e-05
2010-04-01,Switzerland,0.0,-0.002316273032116433,0.002316273032116433
2010-04-01,U.K.,0.0,-0.0003330716526245107,0.0003330716526245107
2010-04-01,NASDAQ,0.0,0.0011160704692511866,-0.0011160704692511866
2010-04-01,U.S.,0.0,0.0006565220843691522,-0.0006565220843691522
2010-04-01,France,0.0,-0.002142235135776029,0.002142235135776029
2010-04-01,Netherlands,0.0,-0.000603446981393796,0.000603446981393796
2010-04-01,Sweden,0.0,0.0015782102523537152,-0.0015782102523537152
2010-04-01,Italy,0.0,-0.0028901890745690073,0.0028901890745690073
2010-04-01,ChinaA,0.0,-0.00023033422754179309,0.00023033422754179309
2010-04-01,Chile,0.0,0.0015240724199309054,-0.0015240724199309054
2010-04-01,Indonesia,0.0,0.002531003788597626,-0.002531003788597626
2010-04-01,Philippines,0.0,0.0020815350960099325,-0.0020815350960099325
2010-04-01,Poland,-0.001929833545644312,-0.0004361903588413413,-0.0014936431868029707
2010-04-01,US SmallCap,0.0,0.0023543779231724447,-0.0023543779231724447
2010-04-01,Malaysia,0.0,0.0017964328473361777,-0.0017964328473361777
2010-04-01,Taiwan,0.0,0.0010589416799999657,-0.0010589416799999657
2010-04-01,Mexico,0.0,6.278548026192555e-05,-6.278548026192555e-05
2010-04-01,Korea,0.009758472505636618,0.00220565739132484,0.007552815114311778
2010-04-01,Brazil,-0.0016291374063581916,-0.0003682255557662511,-0.0012609118505919406
2010-04-01,South Africa,0.0,-0.00013000426885086377,0.00013000426885086377
2010-04-01,Denmark,0.0,0.002341375792318794,-0.002341375792318794
2010-04-01,India,0.0,0.00083529983575604,-0.00083529983575604
2010-04-01,ChinaH,0.0,-0.00023394333061549892,0.00023394333061549892
2010-04-01,Hong Kong,-0.004453060299314908,-0.0010065023350248577,-0.00344655796429005
2010-04-01,Thailand,-0.004498162907413167,-0.0010166966457494605,-0.0034814662616637067
2010-04-01,Turkey,0.012900976840787493,0.0029159414967616566,0.009985035344025837
2010-04-01,Spain,0.0,-0.002043842903729333,0.002043842903729333
2010-04-01,Vietnam,0.0,0.0033905724473670155,-0.0033905724473670155
2010-04-01,Saudi Arabia,0.0,0.0,0.0
2010-05-01,Singapore,-0.016403228080491907,-0.0036860222108393314,-0.012717205869652576
2010-05-01,Australia,0.0,-0.006618922575552395,0.006618922575552395
2010-05-01,Canada,0.0,-0.0028807918129678516,0.0028807918129678516
2010-05-01,Germany,0.0,-0.0049896391388977385,0.0049896391388977385
2010-05-01,Japan,0.0,-0.003400903120226653,0.003400903120226653
2010-05-01,Switzerland,0.0,-0.004611241771882825,0.004611241771882825
2010-05-01,U.K.,0.0,-0.004419409504754356,0.004419409504754356
2010-05-01,NASDAQ,0.0,-0.003433930685986632,0.003433930685986632
2010-05-01,U.S.,0.0,-0.0033562323746310703,0.0033562323746310703
2010-05-01,France,0.0,-0.0060674734385441935,0.0060674734385441935
2010-05-01,Netherlands,0.0,-0.005159337391732392,0.005159337391732392
2010-05-01,Sweden,-0.02629160988152303,-0.005908072332254645,-0.020383537549268384
2010-05-01,Italy,0.0,-0.006702915929739444,0.006702915929739444
2010-05-01,ChinaA,0.0,-0.002666089061418937,0.002666089061418937
2010-05-01,Chile,0.0,-0.0007411826740889718,0.0007411826740889718
2010-05-01,Indonesia,0.0,-0.003218406272699495,0.003218406272699495
2010-05-01,Philippines,0.0,-0.0018067181586967805,0.0018067181586967805
2010-05-01,Poland,-0.026616665775824933,-0.005981116689150836,-0.020635549086674098
2010-05-01,US SmallCap,0.0,-0.0031889236184792615,0.0031889236184792615
2010-05-01,Malaysia,0.0,-0.0029205705669110875,0.0029205705669110875
2010-05-01,Taiwan,0.0,-0.004122686306603222,0.004122686306603222
2010-05-01,Mexico,0.0,-0.0027379662703953555,0.0027379662703953555
2010-05-01,Korea,-0.024942459963597927,-0.005604900509073189,-0.019337559454524738
2010-05-01,Brazil,-0.019613891910591683,-0.004407500820489399,-0.015206391090102285
2010-05-01,South Africa,0.0,-0.00276750686763025,0.00276750686763025
2010-05-01,Denmark,0.0,-0.004784148662691912,0.004784148662691912
2010-05-01,India,0.0,-0.0033613372483598616,0.0033613372483598616
2010-05-01,ChinaH,0.0,-0.00255131727078273,0.00255131727078273
2010-05-01,Hong Kong,0.0,-0.002672451236180661,0.002672451236180661
2010-05-01,Thailand,-0.0051239517760355265,-0.0011514197059905903,-0.003972532070044936
2010-05-01,Turkey,-0.02082072538160963,-0.004678692256536484,-0.016142033125073146
2010-05-01,Spain,0.0,-0.007300695383152256,0.007300695383152256
2010-05-01,Vietnam,0.0,-0.001936216252456826,0.001936216252456826
2010-05-01,Saudi Arabia,0.0,0.0,0.0
2010-06-01,Singapore,0.0,0.001356076804295624,-0.001356076804295624
2010-06-01,Australia,-0.003921127595018287,-0.0008941276597383493,-0.003026999935279938
2010-06-01,Canada,0.0,-0.001971847577962549,0.001971847577962549
2010-06-01,Germany,0.0,-0.00010900646628431982,0.00010900646628431982
2010-06-01,Japan,0.0,-0.000779195523734934,0.000779195523734934
2010-06-01,Switzerland,0.0,0.0016250310275581134,-0.0016250310275581134
2010-06-01,U.K.,0.0,-0.0005973443831176268,0.0005973443831176268
2010-06-01,NASDAQ,0.0,-0.002473833920201004,0.002473833920201004
2010-06-01,U.S.,0.0,-0.001994658648575052,0.001994658648575052
2010-06-01,France,0.0,-0.0006951269954976883,0.0006951269954976883
2010-06-01,Netherlands,0.0,-0.0002609608544213452,0.0002609608544213452
2010-06-01,Sweden,0.004793511489632458,0.0010930557872177505,0.0037004557024147076
2010-06-01,Italy,0.0,-0.0004790651820229399,0.0004790651820229399
2010-06-01,ChinaA,0.0,0.0003618263685755023,-0.0003618263685755023
2010-06-01,Chile,0.0,0.00038374072656691317,-0.00038374072656691317
2010-06-01,Indonesia,0.0,0.002556068862261256,-0.002556068862261256
2010-06-01,Philippines,0.0,0.0007950718059832178,-0.0007950718059832178
2010-06-01,Poland,-0.012601924256159273,-0.002873594079844545,-0.009728330176314727
2010-06-01,US SmallCap,-0.012950187171953419,-0.002953007844973813,-0.009997179326979605
2010-06-01,Malaysia,0.0,0.001404212508401572,-0.001404212508401572
2010-06-01,Taiwan,0.0,-0.0007626670523857012,0.0007626670523857012
2010-06-01,Mexico,0.0,-0.0010782128597124994,0.0010782128597124994
2010-06-01,Korea,0.0022858516241831624,0.0005212386268267976,0.0017646129973563646
2010-06-01,Brazil,0.0,-0.0016870371615481253,0.0016870371615481253
2010-06-01,South Africa,0.0,-0.0014309398954253246,0.0014309398954253246
2010-06-01,Denmark,0.0,0.00034612129746736965,-0.00034612129746736965
2010-06-01,India,0.0,0.0016298757358403806,-0.0016298757358403806
2010-06-01,ChinaH,0.0,0.0003628191124841982,-0.0003628191124841982
2010-06-01,Hong Kong,0.0,0.0011700363970259882,-0.0011700363970259882
2010-06-01,Thailand,0.00595361173030605,0.001357591354632903,0.004596020375673147
2010-06-01,Turkey,0.001669760840065045,0.00038075255550135595,0.0012890082845636891
2010-06-01,Spain,0.0,-0.00014527685475609252,0.00014527685475609252
2010-06-01,Vietnam,0.0,0.0009326181911185614,-0.0009326181911185614
2010-06-01,Saudi Arabia,0.0,0.0,0.0
2010-07-01,Singapore,0.013188646948760093,0.0030339556752347584,0.010154691273525335
2010-07-01,Australia,0.0,0.004458545281099969,-0.004458545281099969
2010-07-01,Canada,0.0,0.002724486899811002,-0.002724486899811002
2010-07-01,Germany,0.0,0.003601531717520853,-0.003601531717520853
2010-07-01,Japan,0.0,0.0013372828808057486,-0.0013372828808057486
2010-07-01,Switzerland,0.0,0.0018396096218599532,-0.0018396096218599532
2010-07-01,U.K.,0.0,0.00468538871118047,-0.00468538871118047
2010-07-01,NASDAQ,0.0,0.0026332261788613908,-0.0026332261788613908
2010-07-01,U.S.,0.0,0.0026587190472074744,-0.0026587190472074744
2010-07-01,France,0.0,0.004672930171547032,-0.004672930171547032
2010-07-01,Netherlands,0.0,0.004089844228513501,-0.004089844228513501
2010-07-01,Sweden,0.019280329902912743,0.004435304588606029,0.014845025314306714
2010-07-01,Italy,0.0,0.006006618636100033,-0.006006618636100033
2010-07-01,ChinaA,0.0,0.0016475809418300272,-0.0016475809418300272
2010-07-01,Chile,0.0,0.004581948603792353,-0.004581948603792353
2010-07-01,Indonesia,0.0,0.0024288331556688073,-0.0024288331556688073
2010-07-01,Philippines,0.0,0.0012872996580538393,-0.0012872996580538393
2010-07-01,Poland,0.0324405000255027,0.007462709369825107,0.024977790655677595
2010-07-01,US SmallCap,0.011329800060309756,0.002606340993568223,0.008723459066741534
2010-07-01,Malaysia,0.0,0.0018496587837228153,-0.0018496587837228153
2010-07-01,Taiwan,0.0,0.0026347701441369904,-0.0026347701441369904
2010-07-01,Mexico,0.0,0.002217825583778947,-0.002217825583778947
2010-07-01,Korea,0.012365756541465513,0.0028446555119194953,0.009521101029546019
2010-07-01,Brazil,0.0226582666659347,0.005212375235244127,0.01744589143069057
2010-07-01,South Africa,0.0,0.004758324418078316,-0.004758324418078316
2010-07-01,Denmark,0.0,0.0039065477485470245,-0.0039065477485470245
2010-07-01,India,0.0,0.00022008936290573525,-0.00022008936290573525
2010-07-01,ChinaH,0.0,0.0015376183189942973,-0.0015376183189942973
2010-07-01,Hong Kong,0.0,0.002190495771427068,-0.002190495771427068
2010-07-01,Thailand,0.0,0.0023842469693671564,-0.0023842469693671564
2010-07-01,Turkey,0.02580043654298964,0.005935209364331098,0.019865227178658542
2010-07-01,Spain,0.0,0.008203369603713252,-0.008203369603713252
2010-07-01,Vietnam,0.0,-0.0009267522635596495,0.0009267522635596495
2010-07-01,Saudi Arabia,0.0,0.0,0.0
2010-08-01,Singapore,-0.0012115042288353957,-0.00027084360836772517,-0.0009406606204676706
2010-08-01,Australia,0.0,-0.0011007663399603164,0.0011007663399603164
2010-08-01,Canada,0.0,-0.0007928655554097214,0.0007928655554097214
2010-08-01,Germany,0.0,-0.0024458855403619918,0.0024458855403619918
2010-08-01,Japan,0.0,-0.0009546139317960651,0.0009546139317960651
2010-08-01,Switzerland,0.0,0.0010285096762410087,-0.0010285096762410087
2010-08-01,U.K.,0.0,-0.0005226028525359386,0.0005226028525359386
2010-08-01,NASDAQ,0.0,-0.00252551711870448,0.00252551711870448
2010-08-01,U.S.,0.0,-0.001862646773877878,0.001862646773877878
2010-08-01,France,0.0,-0.0025569723456442504,0.0025569723456442504
2010-08-01,Netherlands,0.0,-0.0031616502631706474,0.0031616502631706474
2010-08-01,Sweden,0.0,-0.0023913446313148083,0.0023913446313148083
2010-08-01,Italy,0.0,-0.003072538656355478,0.003072538656355478
2010-08-01,ChinaA,0.0,-0.0011382491464134155,0.0011382491464134155
2010-08-01,Chile,0.0,0.0029974698912856087,-0.0029974698912856087
2010-08-01,Indonesia,0.0,-0.0012564829774470373,0.0012564829774470373
2010-08-01,Philippines,0.0,0.0023371403398454076,-0.0023371403398454076
2010-08-01,Poland,0.0,-0.0014935779610858407,0.0014935779610858407
2010-08-01,US SmallCap,-0.013664881199651802,-0.003054917716290395,-0.010609963483361406
2010-08-01,Malaysia,0.012541028389185176,0.0028036694389702286,0.009737358950214948
2010-08-01,Taiwan,0.0,-0.000908278797831366,0.000908278797831366
2010-08-01,Mexico,0.0,-0.0020778329808912276,0.0020778329808912276
2010-08-01,Korea,-0.004776804463886474,-0.0010679013136501818,-0.0037089031502362925
2010-08-01,Brazil,-0.005913204001297603,-0.0013219545343770421,-0.004591249466920561
2010-08-01,South Africa,0.0,-0.0012561609492218338,0.0012561609492218338
2010-08-01,Denmark,0.0,-0.0019682914879859442,0.0019682914879859442
2010-08-01,India,0.0,-0.0005539718584414125,0.0005539718584414125
2010-08-01,ChinaH,0.0,-0.0010712253536399282,0.0010712253536399282
2010-08-01,Hong Kong,0.0,0.0004453112363454938,-0.0004453112363454938
2010-08-01,Thailand,0.017368220443029752,0.003882835390709477,0.013485385052320276
2010-08-01,Turkey,-0.003014274958472299,-0.0006738706204516554,-0.0023404043380206435
2010-08-01,Spain,0.0,-0.0023484255395387747,0.0023484255395387747
2010-08-01,Vietnam,0.0,-0.0016363702068189758,0.0016363702068189758
2010-08-01,Saudi Arabia,0.0,0.0,0.0
2010-09-01,Singapore,0.014712779213630265,0.003213427413422664,0.011499351800207601
2010-09-01,Australia,0.0,0.0055000518988301255,-0.0055000518988301255
2010-09-01,Canada,0.0,0.0031481347291547105,-0.0031481347291547105
2010-09-01,Germany,0.0,0.005347213655004884,-0.005347213655004884
2010-09-01,Japan,0.0,0.001526698307811448,-0.001526698307811448
2010-09-01,Switzerland,0.0,0.002203895827604767,-0.002203895827604767
2010-09-01,U.K.,0.0,0.0037266456954873376,-0.0037266456954873376
2010-09-01,NASDAQ,0.0,0.004914195281440255,-0.004914195281440255
2010-09-01,U.S.,0.0,0.0036007272902251705,-0.0036007272902251705
2010-09-01,France,0.0,0.005844242350052241,-0.005844242350052241
2010-09-01,Netherlands,0.0,0.005300480858233522,-0.005300480858233522
2010-09-01,Sweden,0.03422523116076155,0.0074751543842124955,0.026750076776549055
2010-09-01,Italy,0.0,0.004600311276724828,-0.004600311276724828
2010-09-01,ChinaA,0.0,0.003465505822026076,-0.003465505822026076
2010-09-01,Chile,0.0,0.004152423153613103,-0.004152423153613103
2010-09-01,Indonesia,0.0,0.005769524304446864,-0.005769524304446864
2010-09-01,Philippines,0.0,0.007705232832870504,-0.007705232832870504
2010-09-01,Poland,0.0,0.0069896899177385105,-0.0069896899177385105
2010-09-01,US SmallCap,0.02301763762443495,0.005027296791490272,0.017990340832944676
2010-09-01,Malaysia,0.0,0.0023661300604970324,-0.0023661300604970324
2010-09-01,Taiwan,0.0,0.004335193236734223,-0.004335193236734223
2010-09-01,Mexico,0.0,0.0044007080776500025,-0.0044007080776500025
2010-09-01,Korea,0.022492444098882597,0.004912588941405869,0.017579855157476728
2010-09-01,Brazil,0.019584940760744414,0.004277559298417988,0.015307381462326426
2010-09-01,South Africa,0.0,0.005919581991345935,-0.005919581991345935
2010-09-01,Denmark,0.0,0.004855353009911345,-0.004855353009911345
2010-09-01,India,0.0,0.006568071310373633,-0.006568071310373633
2010-09-01,ChinaH,0.0,0.0033803056151547775,-0.0033803056151547775
2010-09-01,Hong Kong,0.0,0.0056706716704213525,-0.0056706716704213525
2010-09-01,Thailand,0.026155262197278286,0.005712587358894605,0.020442674838383683
2010-09-01,Turkey,0.02868110230873432,0.006264257695152758,0.022416844613581562
2010-09-01,Spain,0.0,0.004265493578204004,-0.004265493578204004
2010-09-01,Vietnam,0.0,-0.0006906455826889916,0.0006906455826889916
2010-09-01,Saudi Arabia,0.0,0.0,0.0
2010-10-01,Singapore,0.007128060762910028,0.0015339602166783565,0.005594100546231671
2010-10-01,Australia,0.0,0.0014921741136313127,-0.0014921741136313127
2010-10-01,Canada,0.0,0.0014156993198802179,-0.0014156993198802179
2010-10-01,Germany,0.0,0.003509513104912832,-0.003509513104912832
2010-10-01,Japan,0.0,0.0009181656518796015,-0.0009181656518796015
2010-10-01,Switzerland,0.0,0.0010248935909432481,-0.0010248935909432481
2010-10-01,U.K.,0.0,0.001872308865463771,-0.001872308865463771
2010-10-01,NASDAQ,0.0,0.0026545760408378557,-0.0026545760408378557
2010-10-01,U.S.,0.0,0.0017101612460317978,-0.0017101612460317978
2010-10-01,France,0.0,0.0022861397100653207,-0.0022861397100653207
2010-10-01,Netherlands,0.0,0.0007548752777556634,-0.0007548752777556634
2010-10-01,Sweden,0.0010048010586404255,0.00021623340497471628,0.0007885676536657092
2010-10-01,Italy,0.0,0.002864584343313165,-0.002864584343313165
2010-10-01,ChinaA,0.0,0.001747818223811598,-0.001747818223811598
2010-10-01,Chile,0.0,0.0006611309232365689,-0.0006611309232365689
2010-10-01,Indonesia,0.0,0.0012782382881801194,-0.0012782382881801194
2010-10-01,Philippines,0.0,0.0009100719410167405,-0.0009100719410167405
2010-10-01,Poland,0.010630416073565681,0.002287667836452438,0.008342748237113243
2010-10-01,US SmallCap,0.0,0.0018391082370806209,-0.0018391082370806209
2010-10-01,Malaysia,0.0,0.0011537098703846788,-0.0011537098703846788
2010-10-01,Taiwan,0.0,0.0012300421224550337,-0.0012300421224550337
2010-10-01,Mexico,0.0,0.0036912835108324398,-0.0036912835108324398
2010-10-01,Korea,0.0025106343939984444,0.0005402890641810034,0.001970345329817441
2010-10-01,Brazil,0.0,0.0006548626201786163,-0.0006548626201786163
2010-10-01,South Africa,0.0,0.000706855733195708,-0.000706855733195708
2010-10-01,Denmark,0.0,0.0015305460233254527,-0.0015305460233254527
2010-10-01,India,0.0,0.0007507396282642872,-0.0007507396282642872
2010-10-01,ChinaH,0.0,0.001682375171892333,-0.001682375171892333
2010-10-01,Hong Kong,0.004546218908730814,0.0009783472916772588,0.003567871617053555
2010-10-01,Thailand,0.004253451964960824,0.0009153437821058376,0.0033381081828549866
2010-10-01,Turkey,0.012296622301934805,0.0026462357768941356,0.00965038652504067
2010-10-01,Spain,0.0,0.001974162235789909,-0.001974162235789909
2010-10-01,Vietnam,0.0,0.002567161324725386,-0.002567161324725386
2010-10-01,Saudi Arabia,0.0,0.0,0.0
2010-11-01,Singapore,-0.0032439021420567946,-0.0007022113735652558,-0.0025416907684915387
2010-11-01,Australia,0.0,-0.0014885100197878755,0.0014885100197878755
2010-11-01,Canada,0.0,0.0004902257090624015,-0.0004902257090624015
2010-11-01,Germany,0.0,-0.002363430711007841,0.002363430711007841
2010-11-01,Japan,0.0,0.0009699381086216779,-0.0009699381086216779
2010-11-01,Switzerland,0.0,-0.0016784171295142214,0.0016784171295142214
2010-11-01,U.K.,0.0,-0.002080719878218179,0.002080719878218179
2010-11-01,NASDAQ,0.0,-9.207086170655225e-05,9.207086170655225e-05
2010-11-01,U.S.,0.0,5.603362697250955e-06,-5.603362697250955e-06
2010-11-01,France,0.0,-0.005235568245243885,0.005235568245243885
2010-11-01,Netherlands,0.0,-0.004556906106290936,0.004556906106290936
2010-11-01,Sweden,-0.005949675340274675,-0.0012879333315254065,-0.004661742008749269
2010-11-01,Italy,0.0,-0.007380828720876171,0.007380828720876171
2010-11-01,ChinaA,0.0,-0.0011109021741004773,0.0011109021741004773
2010-11-01,Chile,0.0,0.0004920250773198503,-0.0004920250773198503
2010-11-01,Indonesia,0.0,-0.0033089357728838297,0.0033089357728838297
2010-11-01,Philippines,0.0,-0.006250120965010948,0.006250120965010948
2010-11-01,Poland,-0.020392803093072585,-0.004414454457541888,-0.015978348635530697
2010-11-01,US SmallCap,0.007453934043706461,0.0016135620108370993,0.005840372032869362
2010-11-01,Malaysia,0.0,-0.0013086013409114297,0.0013086013409114297
2010-11-01,Taiwan,0.0,0.00073289133732002,-0.00073289133732002
2010-11-01,Mexico,0.0,0.0009081330335675371,-0.0009081330335675371
2010-11-01,Korea,7.507965604165323e-05,1.6252582873041922e-05,5.8827073168611304e-05
2010-11-01,Brazil,0.0,-0.0022179859220143035,0.0022179859220143035
2010-11-01,South Africa,0.0,-0.001336896121482512,0.001336896121482512
2010-11-01,Denmark,0.0,-0.0029561892571889547,0.0029561892571889547
2010-11-01,India,0.0,-0.0030308983104392283,0.0030308983104392283
2010-11-01,ChinaH,0.0,-0.0010329099040830578,0.0010329099040830578
2010-11-01,Hong Kong,0.0,0.0008671445852182786,-0.0008671445852182786
2010-11-01,Thailand,0.0005219509043346877,0.00011298733605881734,0.0004089635682758704
2010-11-01,Turkey,-0.021442724035896036,-0.004641732098823484,-0.016800991937072553
2010-11-01,Spain,0.0,-0.009700748234084882,0.009700748234084882
2010-11-01,Vietnam,0.0,0.0008936274522774001,-0.0008936274522774001
2010-11-01,Saudi Arabia,0.0,0.0,0.0
2010-12-01,Singapore,0.009911607042493093,0.002120811232833647,0.007790795809659447
2010-12-01,Australia,0.0,0.0045749157932672814,-0.0045749157932672814
2010-12-01,Canada,0.0,0.003448274560460137,-0.003448274560460137
2010-12-01,Germany,0.0,0.0031268385043275583,-0.0031268385043275583
2010-12-01,Japan,0.0,0.0033643291931429314,-0.0033643291931429314
2010-12-01,Switzerland,0.0,0.004042098632487962,-0.004042098632487962
2010-12-01,U.K.,0.0,0.0033154626721948167,-0.0033154626721948167
2010-12-01,NASDAQ,0.0,0.002806870962090957,-0.002806870962090957
2010-12-01,U.S.,0.0,0.0029857829400490024,-0.0029857829400490024
2010-12-01,France,0.0,0.00388143519610216,-0.00388143519610216
2010-12-01,Netherlands,0.0,0.0048582067507182925,-0.0048582067507182925
2010-12-01,Sweden,0.02079417326937856,0.004449381019457213,0.016344792249921348
2010-12-01,Italy,0.0,0.003927778370093746,-0.003927778370093746
2010-12-01,ChinaA,0.0,-0.00032313117450246764,0.00032313117450246764
2010-12-01,Chile,0.0,0.0014418633353123734,-0.0014418633353123734
2010-12-01,Indonesia,0.0,0.0018797264123216787,-0.0018797264123216787
2010-12-01,Philippines,0.0,0.004157363990945325,-0.004157363990945325
2010-12-01,Poland,0.0,0.004387774139785757,-0.004387774139785757
2010-12-01,US SmallCap,0.01659252808071594,0.0035503445388648846,0.013042183541851056
2010-12-01,Malaysia,0.0,0.0026756850320732856,-0.0026756850320732856
2010-12-01,Taiwan,0.0,0.005568996620112536,-0.005568996620112536
2010-12-01,Mexico,0.0,0.00257506970790681,-0.00257506970790681
2010-12-01,Korea,0.026247348073228344,0.005616210407368564,0.020631137665859778
2010-12-01,Brazil,0.0,0.003203585079222683,-0.003203585079222683
2010-12-01,South Africa,0.0,0.006844282917937653,-0.006844282917937653
2010-12-01,Denmark,0.0,0.004702238093837062,-0.004702238093837062
2010-12-01,India,0.0,0.0034108739485213535,-0.0034108739485213535
2010-12-01,ChinaH,0.0,-0.0002779057536402892,0.0002779057536402892
2010-12-01,Hong Kong,0.0013793782539075667,0.000295148998812386,0.0010842292550951808
2010-12-01,Thailand,0.007153771543652547,0.0015307103057919274,0.00562306123786062
2010-12-01,Turkey,-0.007487262134445185,-0.0016020681176951979,-0.005885194016749987
2010-12-01,Spain,0.0,0.004208737963806797,-0.004208737963806797
2010-12-01,Vietnam,0.0,0.003782062123088208,-0.003782062123088208
2010-12-01,Saudi Arabia,0.0,0.0,0.0
2011-01-01,Singapore,9.173183893066693e-05,1.9999099283633062e-05,7.173273964703386e-05
2011-01-01,Australia,0.0,-0.0009459829131286033,0.0009459829131286033
2011-01-01,Canada,0.0,0.0002073938002566294,-0.0002073938002566294
2011-01-01,Germany,0.0,0.0019392208995215022,-0.0019392208995215022
2011-01-01,Japan,0.0002635039383310777,5.74483351227115e-05,0.00020605560320836622
2011-01-01,Switzerland,0.0,-0.00015361245607186676,0.00015361245607186676
2011-01-01,U.K.,0.0,0.0009971792535442643,-0.0009971792535442643
2011-01-01,NASDAQ,0.0,0.0008660390360314532,-0.0008660390360314532
2011-01-01,U.S.,0.0,0.0011336732468106923,-0.0011336732468106923
2011-01-01,France,0.0,0.0033214600745104786,-0.0033214600745104786
2011-01-01,Netherlands,0.0,0.0020885372762987687,-0.0020885372762987687
2011-01-01,Sweden,0.007774770565205879,0.0016950320657862544,0.006079738499419625
2011-01-01,Italy,0.0,0.005323588284305725,-0.005323588284305725
2011-01-01,ChinaA,0.0,-0.00024945070350470026,0.00024945070350470026
2011-01-01,Chile,0.0,-0.004334420664561127,0.004334420664561127
2011-01-01,Indonesia,0.0,-0.004901596220304128,0.004901596220304128
2011-01-01,Philippines,0.0,-0.004980282377614777,0.004980282377614777
2011-01-01,Poland,0.0,0.0007586005223901936,-0.0007586005223901936
2011-01-01,US SmallCap,-0.0005652863295565208,-0.00012324202327423226,-0.00044204430628228854
2011-01-01,Malaysia,0.0,0.00043015534018864986,-0.00043015534018864986
2011-01-01,Taiwan,0.0,0.0015320736426317162,-0.0015320736426317162
2011-01-01,Mexico,0.0,-0.001359364038642519,0.001359364038642519
2011-01-01,Korea,0.004254531487669307,0.0009275601429025329,0.003326971344766774
2011-01-01,Brazil,0.0,-0.001995087140550663,0.001995087140550663
2011-01-01,South Africa,0.0,-0.006010905005733424,0.006010905005733424
2011-01-01,Denmark,0.0,0.0009595112890218331,-0.0009595112890218331
2011-01-01,India,0.0,-0.006255078699323525,0.006255078699323525
2011-01-01,ChinaH,0.0,-0.00011501193721583664,0.00011501193721583664
2011-01-01,Hong Kong,0.0037483800367722297,0.0008172105277956511,0.0029311695089765787
2011-01-01,Thailand,0.0,-0.00414804483632298,0.00414804483632298
2011-01-01,Turkey,-0.02074786830396816,-0.00452338776777846,-0.0162244805361897
2011-01-01,Spain,0.0,0.006285570569477281,-0.006285570569477281
2011-01-01,Vietnam,0.0,0.0032127984036347665,-0.0032127984036347665
2011-01-01,Saudi Arabia,0.0,0.0,0.0
2011-02-01,Singapore,-0.011161181729200055,-0.0024299276086887428,-0.008731254120511314
2011-02-01,Australia,0.0,0.002231230788110585,-0.002231230788110585
2011-02-01,Canada,0.0,0.0034713608354443163,-0.0034713608354443163
2011-02-01,Germany,0.0,0.0016566270186741826,-0.0016566270186741826
2011-02-01,Japan,0.0,0.002154519647247421,-0.002154519647247421
2011-02-01,Switzerland,0.0,0.001573151807407025,-0.001573151807407025
2011-02-01,U.K.,0.0,0.0023310151190227926,-0.0023310151190227926
2011-02-01,NASDAQ,0.0,0.0015031417644576354,-0.0015031417644576354
2011-02-01,U.S.,0.0,0.0016307420714908524,-0.0016307420714908524
2011-02-01,France,0.0,0.0016479220642073899,-0.0016479220642073899
2011-02-01,Netherlands,0.0,0.001766351161901216,-0.001766351161901216
2011-02-01,Sweden,0.0,-0.00014155340648459947,0.00014155340648459947
2011-02-01,Italy,0.0,0.0013341111230993391,-0.0013341111230993391
2011-02-01,ChinaA,0.0,-0.0008602090417813115,0.0008602090417813115
2011-02-01,Chile,0.0,-0.0012604200829724784,0.0012604200829724784
2011-02-01,Indonesia,0.0,0.0029215559104097894,-0.0029215559104097894
2011-02-01,Philippines,0.0,-0.0006411446755730136,0.0006411446755730136
2011-02-01,Poland,0.0,0.0003310552993166541,-0.0003310552993166541
2011-02-01,US SmallCap,0.011993264104377139,0.002611082255678889,0.00938218184869825
2011-02-01,Malaysia,-0.004154720007851857,-0.0009045340447273871,-0.00325018596312447
2011-02-01,Taiwan,0.0,-0.004178840901259665,0.004178840901259665
2011-02-01,Mexico,0.0,0.0004058166823980149,-0.0004058166823980149
2011-02-01,Korea,-0.014142417061518184,-0.0030789794938530022,-0.011063437567665181
2011-02-01,Brazil,0.0,0.0014235519020084969,-0.0014235519020084969
2011-02-01,South Africa,0.013312495687598878,0.002898295323622942,0.010414200363975935
2011-02-01,Denmark,0.0,0.002373200076086848,-0.002373200076086848
2011-02-01,India,0.0,-0.0008504193010985686,0.0008504193010985686
2011-02-01,ChinaH,0.0,-0.0008994050082592861,0.0008994050082592861
2011-02-01,Hong Kong,-0.007259370513697485,-0.0015804549429371919,-0.005678915570760293
2011-02-01,Thailand,0.012056118330042302,0.002624766399703437,0.009431351930338864
2011-02-01,Turkey,0.0,-0.0012142973660883506,0.0012142973660883506
2011-02-01,Spain,0.0,0.0003949189315656768,-0.0003949189315656768
2011-02-01,Vietnam,0.0,-0.004292250581245809,0.004292250581245809
2011-02-01,Saudi Arabia,0.0,0.0,0.0
2011-03-01,Singapore,0.010720001074228038,0.0023550960076695,0.008364905066558539
2011-03-01,Australia,0.0,0.0012508717549561577,-0.0012508717549561577
2011-03-01,Canada,0.0,6.844983151701743e-07,-6.844983151701743e-07
2011-03-01,Germany,0.0,-0.0002011882166786284,0.0002011882166786284
2011-03-01,Japan,0.0,-0.004837888689478215,0.004837888689478215
2011-03-01,Switzerland,0.0,-0.0009279022667560109,0.0009279022667560109
2011-03-01,U.K.,0.0,-0.0008469936407945215,0.0008469936407945215
2011-03-01,NASDAQ,0.0,1.0680627369641766e-05,-1.0680627369641766e-05
2011-03-01,U.S.,0.0,1.9390853046457927e-05,-1.9390853046457927e-05
2011-03-01,France,0.0,-4.484463997581209e-05,4.484463997581209e-05
2011-03-01,Netherlands,0.0,0.0009249939075631478,-0.0009249939075631478
2011-03-01,Sweden,0.0036500740570240215,0.0008018912292892953,0.002848182827734726
2011-03-01,Italy,0.0,-0.00019974700841434042,0.00019974700841434042
2011-03-01,ChinaA,0.0,0.0025559582937682134,-0.0025559582937682134
2011-03-01,Chile,0.0,0.0019621185886945967,-0.0019621185886945967
2011-03-01,Indonesia,0.0,0.004573657290812061,-0.004573657290812061
2011-03-01,Philippines,0.0,0.00485767807388838,-0.00485767807388838
2011-03-01,Poland,0.010297626207987166,0.0022623037258090763,0.00803532248217809
2011-03-01,US SmallCap,0.0,0.0012454966197280278,-0.0012454966197280278
2011-03-01,Malaysia,0.0,0.0025563668479103127,-0.0025563668479103127
2011-03-01,Taiwan,0.003740070963296082,0.0008216628088998131,0.002918408154396269
2011-03-01,Mexico,0.0,0.0012822459678316273,-0.0012822459678316273
2011-03-01,Korea,0.02452285271013635,0.0053874689110950695,0.01913538379904128
2011-03-01,Brazil,0.0,0.0019281290537228864,-0.0019281290537228864
2011-03-01,South Africa,0.0,0.0025013170071041084,-0.0025013170071041084
2011-03-01,Denmark,0.0,0.0008174419133668481,-0.0008174419133668481
2011-03-01,India,0.0,0.00535638114591554,-0.00535638114591554
2011-03-01,ChinaH,0.0,0.002484559611213544,-0.002484559611213544
2011-03-01,Hong Kong,0.0028202202781190794,0.0006195791839717799,0.0022006410941472995
2011-03-01,Thailand,0.017719839484354637,0.003892902895921879,0.013826936588432759
2011-03-01,Turkey,0.0,0.003758025645109104,-0.003758025645109104
2011-03-01,Spain,0.0,-0.00039806421285374966,0.00039806421285374966
2011-03-01,Vietnam,0.0,0.0017238813445177533,-0.0017238813445177533
2011-03-01,Saudi Arabia,0.0,0.0,0.0
2011-04-01,Singapore,0.012805555425159426,0.002766565383126003,0.010038990042033423
2011-04-01,Australia,0.0,0.002783346760330219,-0.002783346760330219
2011-04-01,Canada,0.0,0.0005966009351467285,-0.0005966009351467285
2011-04-01,Germany,0.024393957264540023,0.005270171850018861,0.01912378541452116
2011-04-01,Japan,0.0,0.00017691015606147124,-0.00017691015606147124
2011-04-01,Switzerland,0.0,0.004216920572864451,-0.004216920572864451
2011-04-01,U.K.,0.01708130342626699,0.0036903157410053157,0.013390987685261674
2011-04-01,NASDAQ,0.0,0.0016679117548233768,-0.0016679117548233768
2011-04-01,U.S.,0.0,0.0014665559980295414,-0.0014665559980295414
2011-04-01,France,0.0,0.0037518855572606776,-0.0037518855572606776
2011-04-01,Netherlands,0.0,0.0010371187678336839,-0.0010371187678336839
2011-04-01,Sweden,0.0,0.003993556349744412,-0.003993556349744412
2011-04-01,Italy,0.0,0.0040068546820418455,-0.0040068546820418455
2011-04-01,ChinaA,0.0,0.0006438749416521168,-0.0006438749416521168
2011-04-01,Chile,0.0,0.004636114349420388,-0.004636114349420388
2011-04-01,Indonesia,0.0,0.0024910714904571416,-0.0024910714904571416
2011-04-01,Philippines,0.0,0.002957965473998151,-0.002957965473998151
2011-04-01,Poland,0.0,0.0051517575877310946,-0.0051517575877310946
2011-04-01,US SmallCap,0.006054417851973353,0.0013080215803322752,0.004746396271641078
2011-04-01,Malaysia,0.0,0.0009330767684429907,-0.0009330767684429907
2011-04-01,Taiwan,0.0,0.0032883171987602364,-0.0032883171987602364
2011-04-01,Mexico,0.0,0.0008745530195592241,-0.0008745530195592241
2011-04-01,Korea,0.01599858567067493,0.0034564008999175395,0.012542184770757392
2011-04-01,Brazil,0.0,-0.000270173594265816,0.000270173594265816
2011-04-01,South Africa,0.0,0.002739043205123372,-0.002739043205123372
2011-04-01,Denmark,0.0066469359535669915,0.0014360316520800288,0.005210904301486963
2011-04-01,India,0.0,-0.0005254605170065649,0.0005254605170065649
2011-04-01,ChinaH,0.0,0.0005767147104230237,-0.0005767147104230237
2011-04-01,Hong Kong,0.005674065440553391,0.0012258486655397202,0.004448216775013671
2011-04-01,Thailand,0.0,0.0033526476382551556,-0.0033526476382551556
2011-04-01,Turkey,0.0,0.005156311027485613,-0.005156311027485613
2011-04-01,Spain,0.0,0.003873095203005553,-0.003873095203005553
2011-04-01,Vietnam,0.0,0.0007754853295712139,-0.0007754853295712139
2011-04-01,Saudi Arabia,0.0,0.0,0.0
2011-05-01,Singapore,-0.004530287688884891,-0.0009726204064752583,-0.0035576672824096326
2011-05-01,Australia,0.0,-0.0025281484826821777,0.0025281484826821777
2011-05-01,Canada,0.0,-0.001573667748219611,0.001573667748219611
2011-05-01,Germany,-0.018324635353683196,-0.003934168315610275,-0.01439046703807292
2011-05-01,Japan,0.0,-0.000859757220757613,0.000859757220757613
2011-05-01,Switzerland,0.0,0.0009072946818327578,-0.0009072946818327578
2011-05-01,U.K.,0.0,-0.0008409885052260067,0.0008409885052260067
2011-05-01,NASDAQ,0.0,-0.0006251425969530228,0.0006251425969530228
2011-05-01,U.S.,0.0,-0.0005881356544597153,0.0005881356544597153
2011-05-01,France,0.0,-0.0025763722838642177,0.0025763722838642177
2011-05-01,Netherlands,0.0,-0.0026714556662482594,0.0026714556662482594
2011-05-01,Sweden,0.0,-0.001796505852082481,0.001796505852082481
2011-05-01,Italy,0.0,-0.004225823814983303,0.004225823814983303
2011-05-01,ChinaA,0.0,-9.494965920002633e-05,9.494965920002633e-05
2011-05-01,Chile,0.0,-0.0003099065019445399,0.0003099065019445399
2011-05-01,Indonesia,0.0,0.000351587211024053,-0.000351587211024053
2011-05-01,Philippines,0.0,-0.0021799929086569153,0.0021799929086569153
2011-05-01,Poland,-0.007567124041277063,-0.0016246074788877722,-0.005942516562389291
2011-05-01,US SmallCap,0.0,-0.0009738895349135529,0.0009738895349135529
2011-05-01,Malaysia,0.0,-0.00020214749627075728,0.00020214749627075728
2011-05-01,Taiwan,0.0,-0.0002309606489121336,0.0002309606489121336
2011-05-01,Mexico,0.0,-0.001672384967381905,0.001672384967381905
2011-05-01,Korea,-0.009164313593489175,-0.0019675126668523267,-0.007196800926636849
2011-05-01,Brazil,0.0,-0.001666784568818516,0.001666784568818516
2011-05-01,South Africa,0.0,-0.0026773904622395157,0.0026773904622395157
2011-05-01,Denmark,-0.011466783080606422,-0.0024618364189511873,-0.009004946661655234
2011-05-01,India,0.0,-0.0022088669970288166,0.0022088669970288166
2011-05-01,ChinaH,0.0,-3.0106838822008347e-05,3.0106838822008347e-05
2011-05-01,Hong Kong,0.0013375657005979629,0.00028716580154386956,0.0010503998990540934
2011-05-01,Thailand,-0.010111009244158748,-0.002170761460703042,-0.007940247783455706
2011-05-01,Turkey,0.0,-0.006349693672783548,0.006349693672783548
2011-05-01,Spain,0.0,-0.0033711571139859358,0.0033711571139859358
2011-05-01,Vietnam,0.0,-0.006668015208925339,0.006668015208925339
2011-05-01,Saudi Arabia,0.0,0.0,0.0
2011-06-01,Singapore,0.0,-0.000805019716125527,0.000805019716125527
2011-06-01,Australia,0.0,-0.00044883569034075295,0.00044883569034075295
2011-06-01,Canada,0.0,-0.0014104834282075997,0.0014104834282075997
2011-06-01,Germany,0.0045261781855376725,0.0009729393993650197,0.003553238786172653
2011-06-01,Japan,0.0,0.0007111656193455166,-0.0007111656193455166
2011-06-01,Switzerland,0.0,-0.0021947505628411245,0.0021947505628411245
2011-06-01,U.K.,-0.005638541374386053,-0.0012120510579143918,-0.004426490316471661
2011-06-01,NASDAQ,0.0,-0.001059392528638705,0.001059392528638705
2011-06-01,U.S.,0.0,-0.0008363662468994197,0.0008363662468994197
2011-06-01,France,0.0005855420410216893,0.00012586709986693438,0.0004596749411547549
2011-06-01,Netherlands,0.0,-0.0014418119661132793,0.0014418119661132793
2011-06-01,Sweden,0.0,-0.0026467176044692163,0.0026467176044692163
2011-06-01,Italy,-0.00781512124619094,-0.0016799248857522757,-0.006135196360438665
2011-06-01,ChinaA,0.0,-0.002210080220039294,0.002210080220039294
2011-06-01,Chile,0.0,6.251524072064298e-05,-6.251524072064298e-05
2011-06-01,Indonesia,0.0,0.0010368963957436846,-0.0010368963957436846
2011-06-01,Philippines,0.0,0.0007214366910975196,-0.0007214366910975196
2011-06-01,Poland,-0.005939505210022796,-0.00127674572115382,-0.004662759488868976
2011-06-01,US SmallCap,0.0,-0.0011570467846408487,0.0011570467846408487
2011-06-01,Malaysia,0.0,0.0010476529094777367,-0.0010476529094777367
2011-06-01,Taiwan,0.0,-0.0024239881090197288,0.0024239881090197288
2011-06-01,Mexico,0.0,0.0004910312255271673,-0.0004910312255271673
2011-06-01,Korea,-0.0044118693532559615,-0.0009483677713682148,-0.0034635015818877467
2011-06-01,Brazil,0.0,-0.00015715823860777423,0.00015715823860777423
2011-06-01,South Africa,0.0,-0.0008250665604714548,0.0008250665604714548
2011-06-01,Denmark,0.0,-0.002418072337880457,0.002418072337880457
2011-06-01,India,0.0,0.0010650708551786096,-0.0010650708551786096
2011-06-01,ChinaH,0.0,-0.002186741877367365,0.002186741877367365
2011-06-01,Hong Kong,0.0,-0.001954649208695778,0.001954649208695778
2011-06-01,Thailand,0.0,-0.002007849716399911,0.002007849716399911
2011-06-01,Turkey,0.0,-0.00038705063030792093,0.00038705063030792093
2011-06-01,Spain,-0.0008061359523588841,-0.00017328558380682262,-0.0006328503685520614
2011-06-01,Vietnam,0.0,0.002644546736111323,-0.002644546736111323
2011-06-01,Saudi Arabia,0.0,0.0,0.0
2011-07-01,Singapore,0.0,0.0024128793645420087,-0.0024128793645420087
2011-07-01,Australia,-0.00504020406726121,-0.0010812995385782204,-0.00395890452868299
2011-07-01,Canada,0.0,-0.0010487088179703995,0.0010487088179703995
2011-07-01,Germany,-0.009006843579714182,-0.001932282041922018,-0.007074561537792163
2011-07-01,Japan,0.0,0.001733695783918027,-0.001733695783918027
2011-07-01,Switzerland,0.0,-0.00013327476094600685,0.00013327476094600685
2011-07-01,U.K.,0.00045436643350051987,9.747744502664829e-05,0.0003568889884738716
2011-07-01,NASDAQ,-0.0013282450614725899,-0.00028495488534247833,-0.0010432901761301115
2011-07-01,U.S.,0.0,-0.0010063453391712808,0.0010063453391712808
2011-07-01,France,-0.018772499139064428,-0.0040273557153927865,-0.014745143423671642
2011-07-01,Netherlands,0.0,-0.0022332976861090897,0.0022332976861090897
2011-07-01,Sweden,0.0,-0.0023729581612871482,0.0023729581612871482
2011-07-01,Italy,0.0,-0.004581035768184896,0.004581035768184896
2011-07-01,ChinaA,0.0,-0.00041801225593793637,0.00041801225593793637
2011-07-01,Chile,0.0,-0.0026587701860116006,0.0026587701860116006
2011-07-01,Indonesia,0.0,0.003614923345376653,-0.003614923345376653
2011-07-01,Philippines,0.0,0.003466938853492021,-0.003466938853492021
2011-07-01,Poland,-0.0062961804203254985,-0.00135075026575315,-0.004945430154572349
2011-07-01,US SmallCap,0.0,-0.0017882932373386128,0.0017882932373386128
2011-07-01,Malaysia,0.0,-9.296850333337171e-05,9.296850333337171e-05
2011-07-01,Taiwan,0.0,-0.0006041918617404324,0.0006041918617404324
2011-07-01,Mexico,0.0,-0.00038837359361215457,0.00038837359361215457
2011-07-01,Korea,0.003975496494978017,0.0008528826349634149,0.0031226138600146023
2011-07-01,Brazil,0.0,-0.002127870148412365,0.002127870148412365
2011-07-01,South Africa,0.0,-0.00040098364563198477,0.00040098364563198477
2011-07-01,Denmark,0.0,-0.001731967236688783,0.001731967236688783
2011-07-01,India,0.0,-0.0012927569762993002,0.0012927569762993002
2011-07-01,ChinaH,0.0,-0.0003348894579978653,0.0003348894579978653
2011-07-01,Hong Kong,0.0,0.0010018958128596097,-0.0010018958128596097
2011-07-01,Thailand,0.0,0.0057625202369413235,-0.0057625202369413235
2011-07-01,Turkey,0.0,-0.0027089514677811014,0.0027089514677811014
2011-07-01,Spain,0.0,-0.003819712577893536,0.003819712577893536
2011-07-01,Vietnam,0.0,-0.003811890741952976,0.003811890741952976
2011-07-01,Saudi Arabia,0.0,0.0,0.0
2011-08-01,Singapore,0.0,-0.004648303818485437,0.004648303818485437
2011-08-01,Australia,-0.009234994622088781,-0.0019975317325444013,-0.00723746288954438
2011-08-01,Canada,0.0,-0.0017240001506074658,0.0017240001506074658
2011-08-01,Germany,-0.04188998043621501,-0.009060813635652944,-0.03282916680056207
2011-08-01,Japan,0.0,-0.0039765362984630495,0.0039765362984630495
2011-08-01,Switzerland,0.0,-0.0032404563961607735,0.0032404563961607735
2011-08-01,U.K.,0.0,-0.0031367146321161533,0.0031367146321161533
2011-08-01,NASDAQ,-0.014155772566516896,-0.0030618972784960184,-0.011093875288020878
2011-08-01,U.S.,0.0,-0.0026496078060213083,0.0026496078060213083
2011-08-01,France,-0.024254576500718324,-0.00524627118934394,-0.019008305311374384
2011-08-01,Netherlands,0.0,-0.004838532780458158,0.004838532780458158
2011-08-01,Sweden,0.0,-0.005437430828039878,0.005437430828039878
2011-08-01,Italy,0.0,-0.00716949431294293,0.00716949431294293
2011-08-01,ChinaA,0.0,-0.004559614383484533,0.004559614383484533
2011-08-01,Chile,0.0,-0.0021532544230155374,0.0021532544230155374
2011-08-01,Indonesia,0.0,-0.004019241293720408,0.004019241293720408
2011-08-01,Philippines,0.0,-0.0020910421981232886,0.0020910421981232886
2011-08-01,Poland,-0.027513123060948264,-0.005951095655669454,-0.02156202740527881
2011-08-01,US SmallCap,-0.019616251066755994,-0.0042430001946812575,-0.015373250872074737
2011-08-01,Malaysia,0.0,-0.0036252295658665014,0.0036252295658665014
2011-08-01,Taiwan,0.0,-0.004767393523328111,0.004767393523328111
2011-08-01,Mexico,0.0,-0.002112546751967569,0.002112546751967569
2011-08-01,Korea,-0.029828987602461554,-0.006452017756791464,-0.02337696984567009
2011-08-01,Brazil,0.0,-0.003146183951623187,0.003146183951623187
2011-08-01,South Africa,0.0,-0.0005805860143871954,0.0005805860143871954
2011-08-01,Denmark,0.0,-0.006604754936439466,0.006604754936439466
2011-08-01,India,0.0,-0.006054169891236498,0.006054169891236498
2011-08-01,ChinaH,0.0,-0.004587955411839863,0.004587955411839863
2011-08-01,Hong Kong,0.0,-0.0029585587046813385,0.0029585587046813385
2011-08-01,Thailand,0.0,-0.0036298181413474133,0.0036298181413474133
2011-08-01,Turkey,0.0,-0.007130760991476843,0.007130760991476843
2011-08-01,Spain,0.0,-0.004322194345475777,0.004322194345475777
2011-08-01,Vietnam,0.0,0.00020564684624426623,-0.00020564684624426623
2011-08-01,Saudi Arabia,0.0,0.0,0.0
2011-09-01,Singapore,0.0,-0.006117339429010442,0.006117339429010442
2011-09-01,Australia,0.0,-0.006444777382379971,0.006444777382379971
2011-09-01,Canada,0.0,-0.006292580655554861,0.006292580655554861
2011-09-01,Germany,-0.023837955975218893,-0.005280807321058244,-0.01855714865416065
2011-09-01,Japan,0.0,-0.0011154479388582003,0.0011154479388582003
2011-09-01,Switzerland,0.0,-0.005100322790897055,0.005100322790897055
2011-09-01,U.K.,-0.017184583063548926,-0.003806889825019461,-0.013377693238529465
2011-09-01,NASDAQ,-0.012723209961819377,-0.0028185646614828923,-0.009904645300336485
2011-09-01,U.S.,0.0,-0.0031407438427622503,0.0031407438427622503
2011-09-01,France,-0.029758860263197295,-0.0065924615058275135,-0.023166398757369783
2011-09-01,Netherlands,0.0,-0.004305154995607613,0.004305154995607613
2011-09-01,Sweden,0.0,-0.005933427028328143,0.005933427028328143
2011-09-01,Italy,0.0,-0.005110165202365831,0.005110165202365831
2011-09-01,ChinaA,0.0,-0.007700236171902727,0.007700236171902727
2011-09-01,Chile,0.0,-0.008242813569622212,0.008242813569622212
2011-09-01,Indonesia,0.0,-0.0043726579287363225,0.0043726579287363225
2011-09-01,Philippines,0.0,-0.004085908564410469,0.004085908564410469
2011-09-01,Poland,-0.04230988113943764,-0.009372881228009515,-0.03293699991142813
2011-09-01,US SmallCap,-0.02261038750491964,-0.005008864853684128,-0.01760152265123551
2011-09-01,Malaysia,0.0,-0.0045308393916198165,0.0045308393916198165
2011-09-01,Taiwan,0.0,-0.004718181395640323,0.004718181395640323
2011-09-01,Mexico,0.0,-0.006896614834518033,0.006896614834518033
2011-09-01,Korea,-0.026910862977405574,-0.005961546467105331,-0.020949316510300242
2011-09-01,Brazil,0.0,-0.008220304904045472,0.008220304904045472
2011-09-01,South Africa,0.0,-0.006856464734669524,0.006856464734669524
2011-09-01,Denmark,0.0,-0.0041090524416792515,0.0041090524416792515
2011-09-01,India,0.0,-0.0028704407774431348,0.0028704407774431348
2011-09-01,ChinaH,0.0,-0.0077231178472360485,0.0077231178472360485
2011-09-01,Hong Kong,0.0,-0.0073419481630066594,0.0073419481630066594
2011-09-01,Thailand,0.0,-0.00776013008732993,0.00776013008732993
2011-09-01,Turkey,0.0,0.0021721279232792077,-0.0021721279232792077
2011-09-01,Spain,0.0,-0.003708181147686086,0.003708181147686086
2011-09-01,Vietnam,0.0,-0.0023276801065048405,0.0023276801065048405
2011-09-01,Saudi Arabia,0.0,0.0,0.0
2011-10-01,Singapore,0.01847956088123816,0.0041299638811840116,0.01434959700005415
2011-10-01,Australia,0.0,0.006652138294909615,-0.006652138294909615
2011-10-01,Canada,0.01848051910894708,0.004130178033774174,0.014350341075172907
2011-10-01,Germany,0.0,0.006357234838391673,-0.006357234838391673
2011-10-01,Japan,-0.00044982993075537274,-0.00010053168355214294,-0.0003492982472032298
2011-10-01,Switzerland,0.0,0.0033236909787792987,-0.0033236909787792987
2011-10-01,U.K.,0.02158332893568663,0.00482361943083829,0.01675970950484834
2011-10-01,NASDAQ,0.0,0.004419667636058487,-0.004419667636058487
2011-10-01,U.S.,0.0,0.00431437637141712,-0.00431437637141712
2011-10-01,France,0.0,0.005078188657294229,-0.005078188657294229
2011-10-01,Netherlands,0.0,0.005131153470400296,-0.005131153470400296
2011-10-01,Sweden,0.0,0.006263711598660892,-0.006263711598660892
2011-10-01,Italy,0.0,0.005326888858153192,-0.005326888858153192
2011-10-01,ChinaA,0.0,0.005974486444555014,-0.005974486444555014
2011-10-01,Chile,0.0,0.0071819234503956554,-0.0071819234503956554
2011-10-01,Indonesia,0.0,0.00344775755668885,-0.00344775755668885
2011-10-01,Philippines,0.0,0.004148920574499257,-0.004148920574499257
2011-10-01,Poland,0.0,0.005135217715539674,-0.005135217715539674
2011-10-01,US SmallCap,0.02673490326175965,0.005974935527289328,0.020759967734470322
2011-10-01,Malaysia,0.0,0.00483616236965187,-0.00483616236965187
2011-10-01,Taiwan,0.0,0.00270003140854554,-0.00270003140854554
2011-10-01,Mexico,0.0,0.005483743466090702,-0.005483743466090702
2011-10-01,Korea,0.026461729920179523,0.0059138845076639815,0.02054784541251554
2011-10-01,Brazil,0.0,0.007675224266152861,-0.007675224266152861
2011-10-01,South Africa,0.0,0.0036544169282178144,-0.0036544169282178144
2011-10-01,Denmark,0.0,0.002947488538637564,-0.002947488538637564
2011-10-01,India,0.0,0.003372821249078724,-0.003372821249078724
2011-10-01,ChinaH,0.0,0.005859855475110857,-0.005859855475110857
2011-10-01,Hong Kong,0.0,0.0049380435064244384,-0.0049380435064244384
2011-10-01,Thailand,0.022807487218486546,0.005097204367477604,0.01771028285100894
2011-10-01,Turkey,0.0,-0.0010725269114821691,0.0010725269114821691
2011-10-01,Spain,0.0,0.0033447331010302015,-0.0033447331010302015
2011-10-01,Vietnam,0.0,-0.0011118426844816739,0.0011118426844816739
2011-10-01,Saudi Arabia,0.0,0.0,0.0
2011-11-01,Singapore,-0.01588115695045857,-0.0035592530193392564,-0.012321903931119314
2011-11-01,Australia,0.0,-0.0028452200364730237,0.0028452200364730237
2011-11-01,Canada,0.0,-0.0011750757006864106,0.0011750757006864106
2011-11-01,Germany,0.0,-0.0018427199970285494,0.0018427199970285494
2011-11-01,Japan,-0.008775932337936644,-0.001966844340671042,-0.006809087997265602
2011-11-01,Switzerland,0.0,-0.002453550545106965,0.002453550545106965
2011-11-01,U.K.,-0.0034085395739177488,-0.0007639150477417693,-0.0026446245261759795
2011-11-01,NASDAQ,0.0,-0.0009587152758010981,0.0009587152758010981
2011-11-01,U.S.,-0.0004346560430626477,-9.741423993672648e-05,-0.0003372418031259212
2011-11-01,France,0.0,-0.002703893085620193,0.002703893085620193
2011-11-01,Netherlands,-0.011580405707204491,-0.0025953772830984447,-0.008985028424106046
2011-11-01,Sweden,0.0,-0.002260012146318943,0.002260012146318943
2011-11-01,Italy,0.0,-0.0032267444769396975,0.0032267444769396975
2011-11-01,ChinaA,0.0,-0.003691092899160389,0.003691092899160389
2011-11-01,Chile,0.0,-0.00393865984823976,0.00393865984823976
2011-11-01,Indonesia,0.0,-0.002394079235549669,0.002394079235549669
2011-11-01,Philippines,0.0,-0.002752311261448309,0.002752311261448309
2011-11-01,Poland,0.0,-0.004246707345836324,0.004246707345836324
2011-11-01,US SmallCap,-0.000714087624095641,-0.0001600398850073588,-0.0005540477390882822
2011-11-01,Malaysia,0.0,-0.001813554897393714,0.001813554897393714
2011-11-01,Taiwan,0.0,-0.004150107828450415,0.004150107828450415
2011-11-01,Mexico,0.0,-0.0008295013149779342,0.0008295013149779342
2011-11-01,Korea,-0.011545595554931901,-0.002587575701641478,-0.008958019853290424
2011-11-01,Brazil,0.0,-0.0030528007089149103,0.0030528007089149103
2011-11-01,South Africa,0.0,-0.00016252474347023705,0.00016252474347023705
2011-11-01,Denmark,0.0,0.001309098188598704,-0.001309098188598704
2011-11-01,India,0.0,-0.00704108374576615,0.00704108374576615
2011-11-01,ChinaH,0.0,-0.003636970622529127,0.003636970622529127
2011-11-01,Hong Kong,0.0,-0.00318521696483715,0.00318521696483715
2011-11-01,Thailand,0.0,-0.0010623401073131407,0.0010623401073131407
2011-11-01,Turkey,0.0,-0.002342637159198178,0.002342637159198178
2011-11-01,Spain,0.0,-0.003946550157011912,0.003946550157011912
2011-11-01,Vietnam,0.0,-0.0062867010750186254,0.0062867010750186254
2011-11-01,Saudi Arabia,0.0,0.0,0.0
2011-12-01,Singapore,0.0,-0.0010360625160568356,0.0010360625160568356
2011-12-01,Australia,-0.0024427648609898858,-0.0005368073150068922,-0.0019059575459829934
2011-12-01,Canada,0.0,-0.0009039210037207973,0.0009039210037207973
2011-12-01,Germany,0.0,-0.0027103718681276336,0.0027103718681276336
2011-12-01,Japan,0.0013495926856790885,0.0002965783721232806,0.001053014313555808
2011-12-01,Switzerland,0.0,0.0007096286173722291,-0.0007096286173722291
2011-12-01,U.K.,0.0002475088243428044,5.4391050713793396e-05,0.00019311777362901098
2011-12-01,NASDAQ,0.0,-0.0002104735816133864,0.0002104735816133864
2011-12-01,U.S.,0.0,0.00042253785564733403,-0.00042253785564733403
2011-12-01,France,-0.006413092345998129,-0.0014093026054711867,-0.0050037897405269425
2011-12-01,Netherlands,6.253042486762112e-05,1.3741310109490265e-05,4.878911475813085e-05
2011-12-01,Sweden,0.0,-0.00043005930541911464,0.00043005930541911464
2011-12-01,Italy,0.0,-0.001879137928068202,0.001879137928068202
2011-12-01,ChinaA,0.0,0.0010217934928347177,-0.0010217934928347177
2011-12-01,Chile,0.0,0.0002158302746647982,-0.0002158302746647982
2011-12-01,Indonesia,0.0,0.0009729322881070024,-0.0009729322881070024
2011-12-01,Philippines,0.0,0.0015026764794069713,-0.0015026764794069713
2011-12-01,Poland,0.0,-0.0034922347486792097,0.0034922347486792097
2011-12-01,US SmallCap,0.0,0.00027306764476203895,-0.00027306764476203895
2011-12-01,Malaysia,0.0,0.001662996949867574,-0.001662996949867574
2011-12-01,Taiwan,0.0,0.001231052329336312,-0.001231052329336312
2011-12-01,Mexico,0.0,-0.0008522657984053946,0.0008522657984053946
2011-12-01,Korea,-0.002307367791387018,-0.000507053269272067,-0.0018003145221149508
2011-12-01,Brazil,0.0,-0.0008048814004880171,0.0008048814004880171
2011-12-01,South Africa,0.0,-0.0007103158155453087,0.0007103158155453087
2011-12-01,Denmark,0.0,-0.0009089884765808595,0.0009089884765808595
2011-12-01,India,0.0,-0.002446693292150736,0.002446693292150736
2011-12-01,ChinaH,0.0,0.000973924949334477,-0.000973924949334477
2011-12-01,Hong Kong,0.0,0.0007792819983253458,-0.0007792819983253458
2011-12-01,Thailand,0.0,0.0005522095515926979,-0.0005522095515926979
2011-12-01,Turkey,0.0,-0.003514654971094537,0.003514654971094537
2011-12-01,Spain,-0.003755271157777773,-0.0008252358053458411,-0.002930035352431932
2011-12-01,Vietnam,0.0,-0.002120997714235487,0.002120997714235487
2011-12-01,Saudi Arabia,0.0,0.0,0.0
2012-01-01,Singapore,0.0,0.0058669694522801435,-0.0058669694522801435
2012-01-01,Australia,0.0,0.0034871931679372648,-0.0034871931679372648
2012-01-01,Canada,0.0,0.0024417818710586268,-0.0024417818710586268
2012-01-01,Germany,0.01912018969574153,0.004199000170844195,0.014921189524897335
2012-01-01,Japan,0.008421474426773195,0.0018494467429188992,0.0065720276838542955
2012-01-01,Switzerland,0.0,0.0010414734970047132,-0.0010414734970047132
2012-01-01,U.K.,0.00681276367177441,0.0014961564857315832,0.005316607186042826
2012-01-01,NASDAQ,0.0,0.003298686707174164,-0.003298686707174164
2012-01-01,U.S.,0.0,0.0018346047568610247,-0.0018346047568610247
2012-01-01,France,0.010266184387913997,0.0022545649747591095,0.008011619413154888
2012-01-01,Netherlands,0.0,0.001296280288576538,-0.001296280288576538
2012-01-01,Sweden,0.0,0.0023741336719406594,-0.0023741336719406594
2012-01-01,Italy,0.0,0.00260510169750104,-0.00260510169750104
2012-01-01,ChinaA,0.0,0.00443270643597763,-0.00443270643597763
2012-01-01,Chile,0.0,0.0030559908699754946,-0.0030559908699754946
2012-01-01,Indonesia,0.0,0.0018434156272271384,-0.0018434156272271384
2012-01-01,Philippines,0.0,0.004265543088436129,-0.004265543088436129
2012-01-01,Poland,0.0,0.006155612275745628,-0.006155612275745628
2012-01-01,US SmallCap,0.013170864119309787,0.002892464016686244,0.010278400102623543
2012-01-01,Malaysia,0.0,0.0017206160062923947,-0.0017206160062923947
2012-01-01,Taiwan,0.0,0.003682471469987179,-0.003682471469987179
2012-01-01,Mexico,0.0,0.00303864360118838,-0.00303864360118838
2012-01-01,Korea,0.01935887820634695,0.004251418745803937,0.015107459460543014
2012-01-01,Brazil,0.0,0.006216994804142227,-0.006216994804142227
2012-01-01,South Africa,0.0,0.0031404885829432456,-0.0031404885829432456
2012-01-01,Denmark,0.0,0.0018040726462954296,-0.0018040726462954296
2012-01-01,India,0.0,0.008487714058158643,-0.008487714058158643
2012-01-01,ChinaH,0.0,0.004361639119186655,-0.004361639119186655
2012-01-01,Hong Kong,0.0,0.003863425779038216,-0.003863425779038216
2012-01-01,Thailand,0.0,0.003442626310106297,-0.003442626310106297
2012-01-01,Turkey,0.0,0.007388913834298628,-0.007388913834298628
2012-01-01,Spain,0.0009301134895765516,0.0002042629682960875,0.0007258505212804641
2012-01-01,Vietnam,0.0,0.005409332977432043,-0.005409332977432043
2012-01-01,Saudi Arabia,0.0,0.0,0.0
2012-02-01,Singapore,0.009648793505588135,0.0021676178216354877,0.007481175683952648
2012-02-01,Australia,0.006775743534968136,0.001522182274159169,0.005253561260808967
2012-02-01,Canada,0.0,0.001585443492521047,-0.001585443492521047
2012-02-01,Germany,0.0,0.003728437517236444,-0.003728437517236444
2012-02-01,Japan,0.009888281611002388,0.002221419230595582,0.007666862380406806
2012-02-01,Switzerland,0.0,0.0021510069829449065,-0.0021510069829449065
2012-02-01,U.K.,0.012009198421541155,0.0026978867883340253,0.00931131163320713
2012-02-01,NASDAQ,0.0,0.0024794630247066255,-0.0024794630247066255
2012-02-01,U.S.,0.0,0.001919337452905285,-0.001919337452905285
2012-02-01,France,0.0,0.0031413490145780817,-0.0031413490145780817
2012-02-01,Netherlands,0.0,0.0018787951325924318,-0.0018787951325924318
2012-02-01,Sweden,0.0,0.004761864867228209,-0.004761864867228209
2012-02-01,Italy,0.0,0.002228589403885172,-0.002228589403885172
2012-02-01,ChinaA,0.0,0.00289009367835833,-0.00289009367835833
2012-02-01,Chile,0.0,0.004028231085493738,-0.004028231085493738
2012-02-01,Indonesia,0.0,-0.00047118285252039516,0.00047118285252039516
2012-02-01,Philippines,0.0,0.002262372028526815,-0.002262372028526815
2012-02-01,Poland,0.0,0.0019408059650542773,-0.0019408059650542773
2012-02-01,US SmallCap,0.004728418884850117,0.0010622473200429597,0.003666171564807157
2012-02-01,Malaysia,0.0,0.0019474603775815756,-0.0019474603775815756
2012-02-01,Taiwan,0.0,0.003299076288182268,-0.003299076288182268
2012-02-01,Mexico,0.0,0.0013405491957123139,-0.0013405491957123139
2012-02-01,Korea,0.009452106626899076,0.0021234317808334594,0.007328674846065617
2012-02-01,Brazil,0.0,0.0024222363657280858,-0.0024222363657280858
2012-02-01,South Africa,0.0,0.0032099957149483,-0.0032099957149483
2012-02-01,Denmark,0.0,0.006376084513358079,-0.006376084513358079
2012-02-01,India,0.0,0.002138141914551386,-0.002138141914551386
2012-02-01,ChinaH,0.0,0.0028978607842542934,-0.0028978607842542934
2012-02-01,Hong Kong,0.01703213520437215,0.0038262980535463207,0.01320583715082583
2012-02-01,Thailand,0.0,0.005084440127503073,-0.005084440127503073
2012-02-01,Turkey,0.0,0.003227201641520386,-0.003227201641520386
2012-02-01,Spain,0.0,0.0007783562544420872,-0.0007783562544420872
2012-02-01,Vietnam,0.0,0.0032538867754952137,-0.0032538867754952137
2012-02-01,Saudi Arabia,0.0,0.0,0.0
2012-03-01,Singapore,-0.001035878298496859,-0.0002345995054373751,-0.0008012787930594839
2012-03-01,Australia,0.0,-0.0010729542043548363,0.0010729542043548363
2012-03-01,Canada,0.0,-0.0013870952760021893,0.0013870952760021893
2012-03-01,Germany,0.0,0.0004109633106895562,-0.0004109633106895562
2012-03-01,Japan,0.0007775453307889156,0.00017609380399503848,0.0006014515267938771
2012-03-01,Switzerland,0.0,0.000828508610157533,-0.000828508610157533
2012-03-01,U.K.,-0.001216043964858405,-0.000275402345198133,-0.000940641619660272
2012-03-01,NASDAQ,0.008887479494881419,0.002012783062556181,0.006874696432325238
2012-03-01,U.S.,0.0,0.0015439480808718327,-0.0015439480808718327
2012-03-01,France,0.0,-0.0003713120800418344,0.0003713120800418344
2012-03-01,Netherlands,0.0,0.000439253110925304,-0.000439253110925304
2012-03-01,Sweden,0.0,-0.001339549334765117,0.001339549334765117
2012-03-01,Italy,0.0,-0.0011807218102334667,0.0011807218102334667
2012-03-01,ChinaA,0.0,-0.003236706877974154,0.003236706877974154
2012-03-01,Chile,0.0,0.00026653258259895073,-0.00026653258259895073
2012-03-01,Indonesia,0.0,0.0005991555527432097,-0.0005991555527432097
2012-03-01,Philippines,0.0,0.0022537651848864243,-0.0022537651848864243
2012-03-01,Poland,0.0,-0.0006716668249242953,0.0006716668249242953
2012-03-01,US SmallCap,0.005316529397948496,0.0012040556976739916,0.004112473700274504
2012-03-01,Malaysia,0.0,-0.00010572087392482056,0.00010572087392482056
2012-03-01,Taiwan,0.0,-0.0010494183469352792,0.0010494183469352792
2012-03-01,Mexico,0.0,0.002088647779203427,-0.002088647779203427
2012-03-01,Korea,-0.0012398972297622205,-0.0002808044895983217,-0.0009590927401638989
2012-03-01,Brazil,0.0,-0.0029644835889541385,0.0029644835889541385
2012-03-01,South Africa,0.0,-0.0015352046479627933,0.0015352046479627933
2012-03-01,Denmark,0.0,-0.0009623755044226619,0.0009623755044226619
2012-03-01,India,0.0,-0.002412999196491912,0.002412999196491912
2012-03-01,ChinaH,0.0,-0.003190317404161388,0.003190317404161388
2012-03-01,Hong Kong,-0.009507533734595633,-0.0021532092286341673,-0.007354324505961466
2012-03-01,Thailand,0.0,0.00021895994469227063,-0.00021895994469227063
2012-03-01,Turkey,0.0,7.503324602403342e-05,-7.503324602403342e-05
2012-03-01,Spain,0.0,-0.0028439332214492477,0.0028439332214492477
2012-03-01,Vietnam,0.0,0.0002028446447628522,-0.0002028446447628522
2012-03-01,Saudi Arabia,0.0,0.0,0.0
2012-04-01,Singapore,0.0017700563559905624,0.00039646687536610837,0.001373589480624454
2012-04-01,Australia,0.0,0.000871872648743123,-0.000871872648743123
2012-04-01,Canada,0.0,0.0002468271089606314,-0.0002468271089606314
2012-04-01,Germany,-0.00843453429496838,-0.0018892129879237729,-0.006545321307044607
2012-04-01,Japan,-0.006646413323632117,-0.001488699901499716,-0.0051577134221324015
2012-04-01,Switzerland,0.0,-0.0010783512933648022,0.0010783512933648022
2012-04-01,U.K.,0.003469633998626218,0.0007771475441693154,0.0026924864544569027
2012-04-01,NASDAQ,0.0,-0.0006528318922401977,0.0006528318922401977
2012-04-01,U.S.,0.0,-0.0002924157884108144,0.0002924157884108144
2012-04-01,France,0.0,-0.0029058667840199306,0.0029058667840199306
2012-04-01,Netherlands,0.0,-0.0024817754819947174,0.0024817754819947174
2012-04-01,Sweden,0.0,-0.001147150570066271,0.001147150570066271
2012-04-01,Italy,0.0,-0.003960422971610235,0.003960422971610235
2012-04-01,ChinaA,0.0,0.0016507912561219296,-0.0016507912561219296
2012-04-01,Chile,0.0,-0.0006436278403409869,0.0006436278403409869
2012-04-01,Indonesia,0.0,-0.00017403284479974417,0.00017403284479974417
2012-04-01,Philippines,0.0,0.0012881658890034186,-0.0012881658890034186
2012-04-01,Poland,0.0,-0.0016089186291825485,0.0016089186291825485
2012-04-01,US SmallCap,0.0,-0.0007189290147536523,0.0007189290147536523
2012-04-01,Malaysia,0.0,-0.0003647577232970381,0.0003647577232970381
2012-04-01,Taiwan,0.0,-0.0019439774862727254,0.0019439774862727254
2012-04-01,Mexico,0.0,-0.00024310910274051491,0.00024310910274051491
2012-04-01,Korea,3.202698832529449e-05,7.173579499738843e-06,2.4853408825555648e-05
2012-04-01,Brazil,0.0,-0.002857715976976048,0.002857715976976048
2012-04-01,South Africa,0.0,-4.88754010838746e-05,4.88754010838746e-05
2012-04-01,Denmark,0.0,0.001377738408302389,-0.001377738408302389
2012-04-01,India,0.0,-0.0021894722417374443,0.0021894722417374443
2012-04-01,ChinaH,0.0,0.0016124660061376567,-0.0016124660061376567
2012-04-01,Hong Kong,0.0016764879973329818,0.00037550892413220754,0.0013009790732007743
2012-04-01,Thailand,0.007297219006164504,0.0016344709073498251,0.005662748098814679
2012-04-01,Turkey,0.0,-0.001184084524059043,0.001184084524059043
2012-04-01,Spain,0.0,-0.006061226603257902,0.006061226603257902
2012-04-01,Vietnam,0.0,0.003263168463818448,-0.003263168463818448
2012-04-01,Saudi Arabia,0.0,0.0,0.0
2012-05-01,Singapore,-0.02108289732893672,-0.004662114915897419,-0.016420782413039302
2012-05-01,Australia,0.0,-0.005699641180347863,0.005699641180347863
2012-05-01,Canada,0.0,-0.004920218835188319,0.004920218835188319
2012-05-01,Germany,0.0,-0.0067756375357963675,0.0067756375357963675
2012-05-01,Japan,-0.018603765086962248,-0.004113898073427299,-0.014489867013534947
2012-05-01,Switzerland,0.0,-0.004903033414649329,0.004903033414649329
2012-05-01,U.K.,-0.02235574032024593,-0.00494358193643038,-0.01741215838381555
2012-05-01,NASDAQ,-0.014619006822733784,-0.0032327383044420776,-0.011386268518291706
2012-05-01,U.S.,0.0,-0.002759947543381244,0.002759947543381244
2012-05-01,France,0.0,-0.005678187837604085,0.005678187837604085
2012-05-01,Netherlands,0.0,-0.005118488156241348,0.005118488156241348
2012-05-01,Sweden,0.0,-0.00687296290577596,0.00687296290577596
2012-05-01,Italy,0.0,-0.007883897684008831,0.007883897684008831
2012-05-01,ChinaA,0.0,-0.005166504839194591,0.005166504839194591
2012-05-01,Chile,0.0,-0.005700985826121942,0.005700985826121942
2012-05-01,Indonesia,0.0,-0.005509838582414349,0.005509838582414349
2012-05-01,Philippines,0.0,-0.001959688070999069,0.001959688070999069
2012-05-01,Poland,0.0,-0.007666853803233613,0.007666853803233613
2012-05-01,US SmallCap,-0.013736912785898054,-0.0030376785978849697,-0.010699234188013084
2012-05-01,Malaysia,0.0,-0.001962808758786542,0.001962808758786542
2012-05-01,Taiwan,0.0,-0.0023074648371166433,0.0023074648371166433
2012-05-01,Mexico,0.0,-0.005430313000710987,0.005430313000710987
2012-05-01,Korea,-0.023618699948028666,-0.005222863423552202,-0.018395836524476464
2012-05-01,Brazil,0.0,-0.0066154604427530765,0.0066154604427530765
2012-05-01,South Africa,0.0,-0.004503058561391452,0.004503058561391452
2012-05-01,Denmark,0.0,-0.005470593622114866,0.005470593622114866
2012-05-01,India,0.0,-0.005500504661151635,0.005500504661151635
2012-05-01,ChinaH,0.0,-0.005150515350723289,0.005150515350723289
2012-05-01,Hong Kong,-0.02019741800544436,-0.004466306612258503,-0.015731111393185854
2012-05-01,Thailand,0.0,-0.005311155333789334,0.005311155333789334
2012-05-01,Turkey,0.0,-0.005397645788534821,0.005397645788534821
2012-05-01,Spain,0.0,-0.008360980841398387,0.008360980841398387
2012-05-01,Vietnam,0.0,-0.0023382311213246175,0.0023382311213246175
2012-05-01,Saudi Arabia,0.0,0.0,0.0
2012-06-01,Singapore,0.011425259049291826,0.002481078729507574,0.008944180319784252
2012-06-01,Australia,0.0,0.0026421512749433447,-0.0026421512749433447
2012-06-01,Canada,0.0,0.0011928764550581349,-0.0011928764550581349
2012-06-01,Germany,0.0,0.001917484672879118,-0.001917484672879118
2012-06-01,Japan,0.009485715284644916,0.0020598925875869875,0.007425822697057928
2012-06-01,Switzerland,0.0,0.0025793030816646904,-0.0025793030816646904
2012-06-01,U.K.,0.014318339215983014,0.003109332288868457,0.011209006927114556
2012-06-01,NASDAQ,0.007374804922506246,0.0016014929332068086,0.005773311989299437
2012-06-01,U.S.,0.0,0.001686650650760259,-0.001686650650760259
2012-06-01,France,0.0,0.003529581112432259,-0.003529581112432259
2012-06-01,Netherlands,0.0,0.0033816168187424467,-0.0033816168187424467
2012-06-01,Sweden,0.0,0.00372541749736446,-0.00372541749736446
2012-06-01,Italy,0.0,0.005698671192811459,-0.005698671192811459
2012-06-01,ChinaA,0.0,0.00030245636069284163,-0.00030245636069284163
2012-06-01,Chile,0.0,0.00232762983123079,-0.00232762983123079
2012-06-01,Indonesia,0.0,0.002589640362728214,-0.002589640362728214
2012-06-01,Philippines,0.0,0.002512008022270507,-0.002512008022270507
2012-06-01,Poland,0.0,0.007085986933399756,-0.007085986933399756
2012-06-01,US SmallCap,0.009405924995669637,0.0020425655416142223,0.007363359454055415
2012-06-01,Malaysia,0.0,0.0008643530136403451,-0.0008643530136403451
2012-06-01,Taiwan,0.0,-0.00023219261398196929,0.00023219261398196929
2012-06-01,Mexico,0.0,0.005221048908043078,-0.005221048908043078
2012-06-01,Korea,0.006129224906111354,0.0013310061047467911,0.004798218801364563
2012-06-01,Brazil,0.0,0.0004674392159740711,-0.0004674392159740711
2012-06-01,South Africa,0.0,0.0017540130627254882,-0.0017540130627254882
2012-06-01,Denmark,0.0,0.0027192781142764094,-0.0027192781142764094
2012-06-01,India,0.0,0.0034595696699065205,-0.0034595696699065205
2012-06-01,ChinaH,0.0,0.000281142609831249,-0.000281142609831249
2012-06-01,Hong Kong,0.008481336760936934,0.0018417844308445327,0.006639552330092401
2012-06-01,Thailand,0.0,0.0015450310394238603,-0.0015450310394238603
2012-06-01,Turkey,0.0,0.0072947935280985934,-0.0072947935280985934
2012-06-01,Spain,0.0,0.008493177704299037,-0.008493177704299037
2012-06-01,Vietnam,0.0,-0.0003668995412082186,0.0003668995412082186
2012-06-01,Saudi Arabia,0.0,0.0,0.0
2012-07-01,Singapore,0.015647559983613776,0.0034433291362114438,0.012204230847402332
2012-07-01,Australia,0.0,0.0032722010615054043,-0.0032722010615054043
2012-07-01,Canada,0.0,0.0009653625592357514,-0.0009653625592357514
2012-07-01,Germany,0.0,0.0010957403571494133,-0.0010957403571494133
2012-07-01,Japan,-0.004736010552346544,-0.0010421844135045449,-0.0036938261388419994
2012-07-01,Switzerland,0.0,0.0009558732799899318,-0.0009558732799899318
2012-07-01,U.K.,0.002538287407944108,0.000558563699196892,0.001979723708747216
2012-07-01,NASDAQ,0.00038513866097857134,8.475181908346978e-05,0.0003003868418951016
2012-07-01,U.S.,0.0,0.00060506740074299,-0.00060506740074299
2012-07-01,France,0.0,-1.3800499713514e-05,1.3800499713514e-05
2012-07-01,Netherlands,0.0,0.0015049364983727325,-0.0015049364983727325
2012-07-01,Sweden,0.0,0.002781169687937518,-0.002781169687937518
2012-07-01,Italy,0.0,-0.002372581994292336,0.002372581994292336
2012-07-01,ChinaA,0.0,0.0005744667416373789,-0.0005744667416373789
2012-07-01,Chile,0.0,-0.00012468344537474275,0.00012468344537474275
2012-07-01,Indonesia,0.0,0.002627629074622895,-0.002627629074622895
2012-07-01,Philippines,0.0,0.0007218228860272645,-0.0007218228860272645
2012-07-01,Poland,0.0,-0.0006165883223136435,0.0006165883223136435
2012-07-01,US SmallCap,-0.002736325309017871,-0.0006021429968992524,-0.002134182312118619
2012-07-01,Malaysia,0.0,0.0012565656385321038,-0.0012565656385321038
2012-07-01,Taiwan,0.0,-0.0005243646141148827,0.0005243646141148827
2012-07-01,Mexico,0.0,0.0009921022140321543,-0.0009921022140321543
2012-07-01,Korea,0.006702780566146182,0.001474982658076555,0.0052277979080696275
2012-07-01,Brazil,0.0,0.0006304146025942011,-0.0006304146025942011
2012-07-01,South Africa,0.0,0.0011222151450160256,-0.0011222151450160256
2012-07-01,Denmark,0.0,0.0023497507367886065,-0.0023497507367886065
2012-07-01,India,0.0,-0.0004955417286455494,0.0004955417286455494
2012-07-01,ChinaH,0.0,0.0005565525192155636,-0.0005565525192155636
2012-07-01,Hong Kong,0.0069431644409537726,0.0015278804134369547,0.005415284027516818
2012-07-01,Thailand,0.0,0.0007952509886234812,-0.0007952509886234812
2012-07-01,Turkey,0.0,0.0015944212821322455,-0.0015944212821322455
2012-07-01,Spain,0.0,-0.0034313133313027748,0.0034313133313027748
2012-07-01,Vietnam,0.0,-0.0008851330741814383,0.0008851330741814383
2012-07-01,Saudi Arabia,0.0,0.0,0.0
2012-08-01,Singapore,0.0,-0.00020431810938860252,0.00020431810938860252
2012-08-01,Australia,0.0,0.0002660995968172057,-0.0002660995968172057
2012-08-01,Canada,0.0,0.001894539208203868,-0.001894539208203868
2012-08-01,Germany,0.0,0.0023000747228155297,-0.0023000747228155297
2012-08-01,Japan,-0.0015404213704506753,-0.00033798497475162604,-0.0012024363956990494
2012-08-01,Switzerland,0.0,0.0010026328006775293,-0.0010026328006775293
2012-08-01,U.K.,0.008958100672506799,0.001965503392577533,0.006992597279929265
2012-08-01,NASDAQ,0.009172721538595852,0.00201259351311063,0.0071601280254852216
2012-08-01,U.S.,0.004543399675160405,0.000996870631602813,0.003546529043557592
2012-08-01,France,0.0,0.0025783803058533183,-0.0025783803058533183
2012-08-01,Netherlands,0.0,0.0016902790362585982,-0.0016902790362585982
2012-08-01,Sweden,0.0,4.056569286444146e-05,-4.056569286444146e-05
2012-08-01,Italy,0.0,0.004838264777166798,-0.004838264777166798
2012-08-01,ChinaA,0.0,-0.0014080775739864415,0.0014080775739864415
2012-08-01,Chile,0.0,-0.0006110221871631512,0.0006110221871631512
2012-08-01,Indonesia,0.0,-0.0016283630167071668,0.0016283630167071668
2012-08-01,Philippines,0.0,-0.001010463015342912,0.001010463015342912
2012-08-01,Poland,0.0,0.0026205913029285544,-0.0026205913029285544
2012-08-01,US SmallCap,0.006724877228218733,0.0014755102102500157,0.005249367017968717
2012-08-01,Malaysia,0.0,9.697112967222146e-05,-9.697112967222146e-05
2012-08-01,Taiwan,0.0,0.0008600612083361908,-0.0008600612083361908
2012-08-01,Mexico,0.0,-0.0009984448816128693,0.0009984448816128693
2012-08-01,Korea,0.0,-0.00036737881479005906,0.00036737881479005906
2012-08-01,Brazil,0.0,0.00016999091762571813,-0.00016999091762571813
2012-08-01,South Africa,0.0,8.560125519803521e-05,-8.560125519803521e-05
2012-08-01,Denmark,0.0,0.0014250869491629302,-0.0014250869491629302
2012-08-01,India,0.0,0.0007402480812250431,-0.0007402480812250431
2012-08-01,ChinaH,0.0,-0.0013942632725893558,0.0013942632725893558
2012-08-01,Hong Kong,0.001561138898177816,0.000342530622598439,0.001218608275579377
2012-08-01,Thailand,0.0,0.0004431741452704596,-0.0004431741452704596
2012-08-01,Turkey,0.008744958545192798,0.0019187377231960087,0.006826220821996789
2012-08-01,Spain,0.0,0.005831844778947443,-0.005831844778947443
2012-08-01,Vietnam,0.0,-0.0032389555399378097,0.0032389555399378097
2012-08-01,Saudi Arabia,0.0,0.0,0.0
2012-09-01,Singapore,0.006454981639131813,0.0014020430348243434,0.005052938604307469
2012-09-01,Australia,0.0,0.001243916674280209,-0.001243916674280209
2012-09-01,Canada,0.0,0.0016776097206245228,-0.0016776097206245228
2012-09-01,Germany,0.0,0.0025354772628732253,-0.0025354772628732253
2012-09-01,Japan,0.0,0.0006044843891843231,-0.0006044843891843231
2012-09-01,Switzerland,0.0,0.0013947719128559707,-0.0013947719128559707
2012-09-01,U.K.,0.005449310890736603,0.0011836080729700244,0.004265702817766579
2012-09-01,NASDAQ,0.0035169693033095125,0.0007638971868647067,0.0027530721164448057
2012-09-01,U.S.,0.0,0.0011617422687158368,-0.0011617422687158368
2012-09-01,France,0.0,0.00043419541885391684,-0.00043419541885391684
2012-09-01,Netherlands,0.0,0.0005421779754359514,-0.0005421779754359514
2012-09-01,Sweden,0.0,0.0017482116967448543,-0.0017482116967448543
2012-09-01,Italy,0.0,0.0009183217445694893,-0.0009183217445694893
2012-09-01,ChinaA,0.0,0.002740493572425044,-0.002740493572425044
2012-09-01,Chile,0.0,0.0013303140094153441,-0.0013303140094153441
2012-09-01,Indonesia,0.0,0.0022663295581049777,-0.0022663295581049777
2012-09-01,Philippines,0.0,0.00218250118896395,-0.00218250118896395
2012-09-01,Poland,0.0,0.003944343659785271,-0.003944343659785271
2012-09-01,US SmallCap,0.006797641489922797,0.0014764698704024636,0.005321171619520333
2012-09-01,Malaysia,0.0,0.0006521909794321288,-0.0006521909794321288
2012-09-01,Taiwan,0.0,0.0032404778710722554,-0.0032404778710722554
2012-09-01,Mexico,0.0,0.0030665276675915986,-0.0030665276675915986
2012-09-01,Korea,0.013906707455322553,0.003020582151136403,0.01088612530418615
2012-09-01,Brazil,0.0,0.0012623241723877384,-0.0012623241723877384
2012-09-01,South Africa,0.0,0.001516463959189271,-0.001516463959189271
2012-09-01,Denmark,0.0,0.0009881373889452573,-0.0009881373889452573
2012-09-01,India,0.0,0.006276079530593479,-0.006276079530593479
2012-09-01,ChinaH,0.0,0.002722169898348687,-0.002722169898348687
2012-09-01,Hong Kong,0.016323595211744955,0.003545538043234033,0.012778057168510921
2012-09-01,Thailand,0.0,0.0033418540469022967,-0.0033418540469022967
2012-09-01,Turkey,-7.747482503659206e-05,-1.6827784320607024e-05,-6.064704071598504e-05
2012-09-01,Spain,0.0,0.0025585402293821368,-0.0025585402293821368
2012-09-01,Vietnam,0.0,0.0002819496178566216,-0.0002819496178566216
2012-09-01,Saudi Arabia,0.0,0.0,0.0
2012-10-01,Singapore,-0.003305006169653353,-0.0007217712900158862,-0.002583234879637467
2012-10-01,Australia,0.0,0.0013491288166050431,-0.0013491288166050431
2012-10-01,Canada,0.0,-0.00015599144687517558,0.00015599144687517558
2012-10-01,Germany,0.003526833977047231,0.0007702156603091096,0.0027566183167381216
2012-10-01,Japan,0.0,-0.0008730518847713698,0.0008730518847713698
2012-10-01,Switzerland,0.0,0.0012303032946166517,-0.0012303032946166517
2012-10-01,U.K.,0.0019248882518754205,0.0004203710992885277,0.0015045171525868927
2012-10-01,NASDAQ,-0.009428437762046177,-0.002059050826843185,-0.007369386935202993
2012-10-01,U.S.,0.0,-0.0008648618996721762,0.0008648618996721762
2012-10-01,France,0.0,0.0012614239439356952,-0.0012614239439356952
2012-10-01,Netherlands,0.0,0.0015247130787479904,-0.0015247130787479904
2012-10-01,Sweden,0.0,-0.0011081833778637507,0.0011081833778637507
2012-10-01,Italy,0.0,0.001545032519088328,-0.001545032519088328
2012-10-01,ChinaA,0.0,0.0026678790392620456,-0.0026678790392620456
2012-10-01,Chile,0.0,-0.0007456403713041289,0.0007456403713041289
2012-10-01,Indonesia,0.0,0.0014303816796535078,-0.0014303816796535078
2012-10-01,Philippines,0.0,0.001431417184381769,-0.001431417184381769
2012-10-01,Poland,0.0,-0.0011501980946706486,0.0011501980946706486
2012-10-01,US SmallCap,-0.004653147011919632,-0.0010161880943717141,-0.003636958917547918
2012-10-01,Malaysia,0.0,0.0012648982823321234,-0.0012648982823321234
2012-10-01,Taiwan,0.0,-0.00286287291329895,0.00286287291329895
2012-10-01,Mexico,0.0,-9.546048207038124e-05,9.546048207038124e-05
2012-10-01,Korea,-0.005810254013978748,-0.0012688855390031774,-0.004541368474975571
2012-10-01,Brazil,0.0,-0.0004252898752948038,0.0004252898752948038
2012-10-01,South Africa,0.0,-0.0007646005378292943,0.0007646005378292943
2012-10-01,Denmark,0.0,-0.00039558305034256694,0.00039558305034256694
2012-10-01,India,0.0,-0.0017339949367097282,0.0017339949367097282
2012-10-01,ChinaH,0.0,0.0026480164977330375,-0.0026480164977330375
2012-10-01,Hong Kong,0.0031770687943065623,0.000693831395290974,0.002483237399015588
2012-10-01,Thailand,0.0,-0.000806718664693313,0.000806718664693313
2012-10-01,Turkey,0.0,0.004906682493550079,-0.004906682493550079
2012-10-01,Spain,0.0,0.0011643278612599953,-0.0011643278612599953
2012-10-01,Vietnam,0.0,-0.0017350575343606112,0.0017350575343606112
2012-10-01,Saudi Arabia,0.0,0.0,0.0
2012-11-01,Singapore,0.0033959095029461803,0.000751566830070498,0.0026443426728756823
2012-11-01,Australia,0.0,0.0006156043878680865,-0.0006156043878680865
2012-11-01,Canada,0.0,-0.0002100276250062588,0.0002100276250062588
2012-11-01,Germany,0.005542728548994201,0.0012266907942908285,0.004316037754703373
2012-11-01,Japan,0.0,0.0011134573703676994,-0.0011134573703676994
2012-11-01,Switzerland,0.0,0.0018516852988927585,-0.0018516852988927585
2012-11-01,U.K.,0.0,0.000971254515948357,-0.000971254515948357
2012-11-01,NASDAQ,0.00294459535395565,0.0006516840905485806,0.0022929112634070695
2012-11-01,U.S.,0.0,0.0002725792833656231,-0.0002725792833656231
2012-11-01,France,0.0,0.001927590303836109,-0.001927590303836109
2012-11-01,Netherlands,0.0,0.0014422653126495435,-0.0014422653126495435
2012-11-01,Sweden,0.0,0.001495275443911176,-0.001495275443911176
2012-11-01,Italy,0.0,0.0009279543493282214,-0.0009279543493282214
2012-11-01,ChinaA,0.0,0.0008762422418342723,-0.0008762422418342723
2012-11-01,Chile,0.0,-0.0014888739964493772,0.0014888739964493772
2012-11-01,Indonesia,0.0,-0.001574894832600409,0.001574894832600409
2012-11-01,Philippines,0.0,0.0025041130125224207,-0.0025041130125224207
2012-11-01,Poland,0.0,0.002577419416224048,-0.002577419416224048
2012-11-01,US SmallCap,0.0011310608836496382,0.00025032111197421594,0.0008807397716754223
2012-11-01,Malaysia,0.0,-0.001272720593403013,0.001272720593403013
2012-11-01,Taiwan,0.0,0.003380107959114538,-0.003380107959114538
2012-11-01,Mexico,0.0,0.0008390787876774166,-0.0008390787876774166
2012-11-01,Korea,0.00544364737351285,0.0012047626113072792,0.004238884762205571
2012-11-01,Brazil,0.0,-0.001402261499661493,0.001402261499661493
2012-11-01,South Africa,0.0,-0.0006741242108087262,0.0006741242108087262
2012-11-01,Denmark,0.0,0.0007924066543715969,-0.0007924066543715969
2012-11-01,India,0.0,0.0021551346152002384,-0.0021551346152002384
2012-11-01,ChinaH,0.0,0.0008765172433362604,-0.0008765172433362604
2012-11-01,Hong Kong,0.00683053586309947,0.0015117022941449924,0.0053188335689544775
2012-11-01,Thailand,0.0,0.000738058902004717,-0.000738058902004717
2012-11-01,Turkey,0.0003265368079962103,7.226760120496062e-05,0.0002542692067912497
2012-11-01,Spain,0.0,0.0008303293153498787,-0.0008303293153498787
2012-11-01,Vietnam,0.0,-0.0018695206181234957,0.0018695206181234957
2012-11-01,Saudi Arabia,0.0,0.0,0.0
2012-12-01,Singapore,0.0066327609089826935,0.0014648045086848235,0.00516795640029787
2012-12-01,Australia,0.0,0.001451124627793118,-0.001451124627793118
2012-12-01,Canada,0.0,0.0007564625121575572,-0.0007564625121575572
2012-12-01,Germany,0.0,0.0019198384545862487,-0.0019198384545862487
2012-12-01,Japan,0.0,0.002470403612390548,-0.002470403612390548
2012-12-01,Switzerland,0.0,0.0006133267337518106,-0.0006133267337518106
2012-12-01,U.K.,0.0,0.0010415635115047788,-0.0010415635115047788
2012-12-01,NASDAQ,0.0013431475667745904,0.0002966258905813974,0.001046521676193193
2012-12-01,U.S.,0.0,0.0004330025507037593,-0.0004330025507037593
2012-12-01,France,0.0,0.0016522025715746608,-0.0016522025715746608
2012-12-01,Netherlands,0.0,0.001310973402532032,-0.001310973402532032
2012-12-01,Sweden,0.0,0.0020168113456028895,-0.0020168113456028895
2012-12-01,Italy,0.0,0.001716146070015074,-0.001716146070015074
2012-12-01,ChinaA,0.010389494502605142,0.002294456049178828,0.008095038453426314
2012-12-01,Chile,0.0,0.0020755518813153377,-0.0020755518813153377
2012-12-01,Indonesia,0.0,0.0008299999717898844,-0.0008299999717898844
2012-12-01,Philippines,0.0,0.001330221664580304,-0.001330221664580304
2012-12-01,Poland,0.018950269030173585,0.004185050523771423,0.014765218506402162
2012-12-01,US SmallCap,0.0,0.0017115818227385433,-0.0017115818227385433
2012-12-01,Malaysia,0.0,0.002013407083930581,-0.002013407083930581
2012-12-01,Taiwan,0.0,0.0004301602134268492,-0.0004301602134268492
2012-12-01,Mexico,0.0,0.001959136993801495,-0.001959136993801495
2012-12-01,Korea,0.013864250338316647,0.0030618345337305604,0.010802415804586086
2012-12-01,Brazil,0.0,0.0036594148405279543,-0.0036594148405279543
2012-12-01,South Africa,0.0,0.004869176351489081,-0.004869176351489081
2012-12-01,Denmark,0.0,0.0011594035602815074,-0.0011594035602815074
2012-12-01,India,0.0,-8.874874770548262e-06,8.874874770548262e-06
2012-12-01,ChinaH,0.0,0.002299306352751034,-0.002299306352751034
2012-12-01,Hong Kong,0.0019225994207260838,0.0004245942735641801,0.0014980051471619037
2012-12-01,Thailand,0.0,0.0029463331507228424,-0.0029463331507228424
2012-12-01,Turkey,0.01523576743884375,0.003364725661597036,0.011871041777246714
2012-12-01,Spain,0.0,0.002080268304647463,-0.002080268304647463
2012-12-01,Vietnam,0.0,0.005263003796271115,-0.005263003796271115
2012-12-01,Saudi Arabia,0.0,0.0,0.0
2013-01-01,Singapore,0.003345307567423693,0.0007351741099185752,0.0026101334575051177
2013-01-01,Australia,0.0,0.002760914272022062,-0.002760914272022062
2013-01-01,Canada,0.0,0.0009178147151167848,-0.0009178147151167848
2013-01-01,Germany,0.011594146359936022,0.0025479619014511083,0.009046184458484914
2013-01-01,Japan,0.0,0.001820461217381561,-0.001820461217381561
2013-01-01,Switzerland,0.0,0.00428404081858809,-0.00428404081858809
2013-01-01,U.K.,0.0,0.001985123640531867,-0.001985123640531867
2013-01-01,NASDAQ,0.009217402669535137,0.002025642087240209,0.007191760582294928
2013-01-01,U.S.,0.0,0.0025702593952775135,-0.0025702593952775135
2013-01-01,France,0.0,0.0027566312224433383,-0.0027566312224433383
2013-01-01,Netherlands,0.0,0.003982927789831221,-0.003982927789831221
2013-01-01,Sweden,0.0,0.004014499018880376,-0.004014499018880376
2013-01-01,Italy,0.0,0.004425994058785549,-0.004425994058785549
2013-01-01,ChinaA,0.0,0.0020445850056484407,-0.0020445850056484407
2013-01-01,Chile,0.0,0.003752174823972406,-0.003752174823972406
2013-01-01,Indonesia,0.0,0.0013246320985833035,-0.0013246320985833035
2013-01-01,Philippines,0.0,0.003795428494482696,-0.003795428494482696
2013-01-01,Poland,-0.007350260227015296,-0.0016153136628412972,-0.005734946564173999
2013-01-01,US SmallCap,0.0,0.003106347296745779,-0.003106347296745779
2013-01-01,Malaysia,0.0,-0.0024385334826547153,0.0024385334826547153
2013-01-01,Taiwan,0.0,0.00011878193778691449,-0.00011878193778691449
2013-01-01,Mexico,0.0,0.0027331265249518288,-0.0027331265249518288
2013-01-01,Korea,-0.009754433540300438,-0.0021436614873869436,-0.007610772052913495
2013-01-01,Brazil,0.0,0.0014400484218801053,-0.0014400484218801053
2013-01-01,South Africa,0.0,-0.00281450801550234,0.00281450801550234
2013-01-01,Denmark,0.0,0.005613474399837143,-0.005613474399837143
2013-01-01,India,0.0,0.0023351668525270226,-0.0023351668525270226
2013-01-01,ChinaH,0.0,0.002075519896002933,-0.002075519896002933
2013-01-01,Hong Kong,0.013183283977397342,0.0028971952110672353,0.010286088766330108
2013-01-01,Thailand,0.0,0.0028567513630976147,-0.0028567513630976147
2013-01-01,Turkey,0.0039298789162617205,0.0008636411379583524,0.0030662377783033682
2013-01-01,Spain,0.0,0.0029987461160604074,-0.0029987461160604074
2013-01-01,Vietnam,0.0,0.00952606998603655,-0.00952606998603655
2013-01-01,Saudi Arabia,0.0,0.0,0.0
2013-02-01,Singapore,0.00037813977945201085,8.551304513014919e-05,0.00029262673432186166
2013-02-01,Australia,0.0,0.00214596608815835,-0.00214596608815835
2013-02-01,Canada,0.0,-0.0007280666269910995,0.0007280666269910995
2013-02-01,Germany,-0.008985574570669645,-0.0020320100807577394,-0.006953564489911905
2013-02-01,Japan,0.0,0.0013657084742432033,-0.0013657084742432033
2013-02-01,Switzerland,0.0,0.00030075715056033223,-0.00030075715056033223
2013-02-01,U.K.,0.0,-0.0009785403743200246,0.0009785403743200246
2013-02-01,NASDAQ,0.0017335718104156286,0.0003920322920673819,0.0013415395183482468
2013-02-01,U.S.,0.0,0.0007035166197764898,-0.0007035166197764898
2013-02-01,France,-0.0077575409142480335,-0.0017543008758835392,-0.006003240038364494
2013-02-01,Netherlands,0.0,-0.003491880539912386,0.003491880539912386
2013-02-01,Sweden,0.0,0.0006496252973734998,-0.0006496252973734998
2013-02-01,Italy,0.0,-0.006528425393326858,0.006528425393326858
2013-02-01,ChinaA,0.0,-0.002038636476703555,0.002038636476703555
2013-02-01,Chile,0.0,-0.00047123211443562426,0.00047123211443562426
2013-02-01,Indonesia,0.0,0.004956935294450463,-0.004956935294450463
2013-02-01,Philippines,0.0,0.004501439793501305,-0.004501439793501305
2013-02-01,Poland,-0.00888983385973461,-0.002010359145892212,-0.0068794747138423975
2013-02-01,US SmallCap,0.0,0.0005718837985272983,-0.0005718837985272983
2013-02-01,Malaysia,0.0,0.0007748697286597676,-0.0007748697286597676
2013-02-01,Taiwan,0.0,0.00020462932785144202,-0.00020462932785144202
2013-02-01,Mexico,0.0,-0.0015732347154439393,0.0015732347154439393
2013-02-01,Korea,0.0,0.002112921290661759,-0.002112921290661759
2013-02-01,Brazil,0.0,-0.0012860688254429228,0.0012860688254429228
2013-02-01,South Africa,0.0,-0.0012254216367083418,0.0012254216367083418
2013-02-01,Denmark,0.0,-0.0015849366060586435,0.0015849366060586435
2013-02-01,India,0.0,-0.0036303630660211024,0.0036303630660211024
2013-02-01,ChinaH,0.0,-0.002043169841695237,0.002043169841695237
2013-02-01,Hong Kong,-0.0014018664430141621,-0.0003170199881684896,-0.0010848464548456724
2013-02-01,Thailand,0.0,0.0012371494739553258,-0.0012371494739553258
2013-02-01,Turkey,-0.0037239334685258366,-0.0008421353902972174,-0.0028817980782286194
2013-02-01,Spain,0.0,-0.0030413748148991134,0.0030413748148991134
2013-02-01,Vietnam,0.0,-0.0019300203509809942,0.0019300203509809942
2013-02-01,Saudi Arabia,0.0,0.0,0.0
2013-03-01,Singapore,0.002965137373494432,0.0006757418851868102,0.002289395488307622
2013-03-01,Australia,0.0,-0.00023427721871429705,0.00023427721871429705
2013-03-01,Canada,0.0,0.00029943139471321915,-0.00029943139471321915
2013-03-01,Germany,0.0,-0.0005437493200739078,0.0005437493200739078
2013-03-01,Japan,0.0,0.0020909083029236612,-0.0020909083029236612
2013-03-01,Switzerland,0.0,0.0006645972689134311,-0.0006645972689134311
2013-03-01,U.K.,0.0,0.0009819675966643326,-0.0009819675966643326
2013-03-01,NASDAQ,0.0,0.0017889986431025241,-0.0017889986431025241
2013-03-01,U.S.,0.0,0.0019246941113378736,-0.0019246941113378736
2013-03-01,France,-0.0034153794360303152,-0.0007783500890589424,-0.0026370293469713726
2013-03-01,Netherlands,0.003357561937807523,0.000765173733185821,0.0025923882046217017
2013-03-01,Sweden,0.0,-0.00029435770522995085,0.00029435770522995085
2013-03-01,Italy,-0.011773291040272,-0.00268308171942487,-0.009090209320847129
2013-03-01,ChinaA,0.0,-0.0023435740613950867,0.0023435740613950867
2013-03-01,Chile,0.0,-0.0009855106211263981,0.0009855106211263981
2013-03-01,Indonesia,0.0,0.0004264860249574814,-0.0004264860249574814
2013-03-01,Philippines,0.0,0.0007929039488287626,-0.0007929039488287626
2013-03-01,Poland,-0.012177330911925752,-0.002775160645346666,-0.009402170266579087
2013-03-01,US SmallCap,0.0,0.0023699253287855692,-0.0023699253287855692
2013-03-01,Malaysia,0.0,0.0014437080261996704,-0.0014437080261996704
2013-03-01,Taiwan,0.0,-0.00042973943125046275,0.00042973943125046275
2013-03-01,Mexico,0.0,0.001894477508425697,-0.001894477508425697
2013-03-01,Korea,0.0,-0.002031828694400212,0.002031828694400212
2013-03-01,Brazil,0.0,-0.0005735267172829748,0.0005735267172829748
2013-03-01,South Africa,0.0,-0.0008492164299438469,0.0008492164299438469
2013-03-01,Denmark,0.0,-0.0022562981986926135,0.0022562981986926135
2013-03-01,India,0.0,-8.885013845156798e-05,8.885013845156798e-05
2013-03-01,ChinaH,0.0,-0.002294754433631963,0.002294754433631963
2013-03-01,Hong Kong,-0.0036397140267351784,-0.0008294749646180344,-0.002810239062117144
2013-03-01,Thailand,0.0,0.0009162397971015785,-0.0009162397971015785
2013-03-01,Turkey,0.01820756028940944,0.004149423640402251,0.014058136649007187
2013-03-01,Spain,0.0,-0.0030572669754827552,0.0030572669754827552
2013-03-01,Vietnam,0.0,0.0004018172584900719,-0.0004018172584900719
2013-03-01,Saudi Arabia,0.0,0.0,0.0
2013-04-01,Singapore,0.007621956150194971,0.0017426694382747193,0.005879286711920252
2013-04-01,Australia,0.010489979134227249,0.0023984087136069013,0.008091570420620347
2013-04-01,Canada,0.0,-0.0007277038732123042,0.0007277038732123042
2013-04-01,Germany,0.0,0.0015525636113739559,-0.0015525636113739559
2013-04-01,Japan,0.0,0.004480626159566643,-0.004480626159566643
2013-04-01,Switzerland,0.0,0.0017093042303765753,-0.0017093042303765753
2013-04-01,U.K.,0.0,0.001809241875187104,-0.001809241875187104
2013-04-01,NASDAQ,0.0,0.0009907636513408458,-0.0009907636513408458
2013-04-01,U.S.,0.0,0.0009877844160745147,-0.0009877844160745147
2013-04-01,France,0.01267732008693469,0.002898518154576652,0.009778801932358038
2013-04-01,Netherlands,0.0,0.001438026326478559,-0.001438026326478559
2013-04-01,Sweden,0.0,0.0003346562679800373,-0.0003346562679800373
2013-04-01,Italy,0.0,0.005976944709977772,-0.005976944709977772
2013-04-01,ChinaA,0.002539216651380536,0.0005805616259555547,0.0019586550254249812
2013-04-01,Chile,0.0,-0.0016082204046672108,0.0016082204046672108
2013-04-01,Indonesia,0.0,0.0010565140612976743,-0.0010565140612976743
2013-04-01,Philippines,0.0,0.0014501636586953103,-0.0014501636586953103
2013-04-01,Poland,0.0023993763852358466,0.0005485888156627116,0.0018507875695731352
2013-04-01,US SmallCap,0.0,-0.00018836256659874765,0.00018836256659874765
2013-04-01,Malaysia,0.0,0.002300747348503971,-0.002300747348503971
2013-04-01,Taiwan,0.0,0.002069551182447516,-0.002069551182447516
2013-04-01,Mexico,0.0,-0.0010430951327765352,0.0010430951327765352
2013-04-01,Korea,0.0,-0.001258932386045688,0.001258932386045688
2013-04-01,Brazil,0.0,0.000961577122260132,-0.000961577122260132
2013-04-01,South Africa,0.0,8.901131511366901e-05,-8.901131511366901e-05
2013-04-01,Denmark,0.0,0.0019194468055831893,-0.0019194468055831893
2013-04-01,India,0.0,0.0025068319258691714,-0.0025068319258691714
2013-04-01,ChinaH,0.0,0.000567135108779927,-0.000567135108779927
2013-04-01,Hong Kong,0.0058286894693101235,0.001332660383135452,0.004496029086174672
2013-04-01,Thailand,0.0,0.0017878199953557275,-0.0017878199953557275
2013-04-01,Turkey,0.0046762210772771816,0.001069162219960892,0.00360705885731629
2013-04-01,Spain,0.0,0.005013132713117894,-0.005013132713117894
2013-04-01,Vietnam,0.0,-0.003224380168117407,0.003224380168117407
2013-04-01,Saudi Arabia,0.0,0.0,0.0
2013-05-01,Singapore,0.0,-0.0025749430393993624,0.0025749430393993624
2013-05-01,Australia,0.0,-0.006117910099925306,0.006117910099925306
2013-05-01,Canada,0.0,-0.0002593158854057988,0.0002593158854057988
2013-05-01,Germany,0.0,0.001085108877099705,-0.001085108877099705
2013-05-01,Japan,0.0,-0.0030018486846070604,0.0030018486846070604
2013-05-01,Switzerland,0.0,-0.001384502948071813,0.001384502948071813
2013-05-01,U.K.,0.0,0.0004192217806929172,-0.0004192217806929172
2013-05-01,NASDAQ,0.009263545444189687,0.0021078937617373017,0.007155651682452385
2013-05-01,U.S.,0.0,0.0012282196336531196,-0.0012282196336531196
2013-05-01,France,0.0017680969906419437,0.00040232550692114187,0.001365771483720802
2013-05-01,Netherlands,0.005431359832596793,0.0012358906833087593,0.004195469149288034
2013-05-01,Sweden,0.0,-0.0006086015831144323,0.0006086015831144323
2013-05-01,Italy,0.0,0.0001920726732145862,-0.0001920726732145862
2013-05-01,ChinaA,0.0,-0.0006631137740332302,0.0006631137740332302
2013-05-01,Chile,0.0,-0.0041599528929533985,0.0041599528929533985
2013-05-01,Indonesia,0.0,-0.0020486067688625814,0.0020486067688625814
2013-05-01,Philippines,0.0,-0.0016288094033754176,0.0016288094033754176
2013-05-01,Poland,0.0,0.0018877902665673661,-0.0018877902665673661
2013-05-01,US SmallCap,0.009226480756454842,0.002099459796089082,0.00712702096036576
2013-05-01,Malaysia,0.0,0.00167313127162921,-0.00167313127162921
2013-05-01,Taiwan,0.0,-4.185550411223887e-05,4.185550411223887e-05
2013-05-01,Mexico,0.0,-0.003090284848853914,0.003090284848853914
2013-05-01,Korea,0.0,0.00022038196001869466,-0.00022038196001869466
2013-05-01,Brazil,0.0,-0.0037320073910739313,0.0037320073910739313
2013-05-01,South Africa,0.0,-0.0028681000907893077,0.0028681000907893077
2013-05-01,Denmark,0.0,-0.0020932047367052146,0.0020932047367052146
2013-05-01,India,0.0,-0.0018998992741169887,0.0018998992741169887
2013-05-01,ChinaH,0.0,-0.0006482876855922719,0.0006482876855922719
2013-05-01,Hong Kong,-0.003977898509912889,-0.0009051596394044517,-0.0030727388705084377
2013-05-01,Thailand,0.0,-0.0038119612223804123,0.0038119612223804123
2013-05-01,Turkey,-0.007974142257185074,-0.0018144936860723237,-0.00615964857111275
2013-05-01,Spain,-0.00679973613141809,-0.00154726086887888,-0.0052524752625392095
2013-05-01,Vietnam,0.0,0.003337164111755876,-0.003337164111755876
2013-05-01,Saudi Arabia,0.0,0.0,0.0
2013-06-01,Singapore,0.0,-0.0024418271902045727,0.0024418271902045727
2013-06-01,Australia,0.0,-0.003516647162690563,0.003516647162690563
2013-06-01,Canada,0.0,-0.0028567430685762516,0.0028567430685762516
2013-06-01,Germany,0.0,-0.002170913775085448,0.002170913775085448
2013-06-01,Japan,0.0038463296130976346,0.0008568959644361314,0.002989433648661503
2013-06-01,Switzerland,0.0,-0.000991337634255953,0.000991337634255953
2013-06-01,U.K.,0.0,-0.002435797905681492,0.002435797905681492
2013-06-01,NASDAQ,0.0,-0.0007329921760065676,0.0007329921760065676
2013-06-01,U.S.,0.0,-0.0006935072096316394,0.0006935072096316394
2013-06-01,France,-0.01177176921034694,-0.002622547349106699,-0.00914922186124024
2013-06-01,Netherlands,-0.008337081143458127,-0.0018573580284640297,-0.006479723114994097
2013-06-01,Sweden,0.0,-0.0034857508212723693,0.0034857508212723693
2013-06-01,Italy,-0.026479268555004248,-0.005899124788665826,-0.020580143766338422
2013-06-01,ChinaA,0.0,-0.004444763026816337,0.004444763026816337
2013-06-01,Chile,0.0,-0.002162717284092979,0.002162717284092979
2013-06-01,Indonesia,0.0,-0.0024216098163391733,0.0024216098163391733
2013-06-01,Philippines,0.0,-0.004126859694316358,0.004126859694316358
2013-06-01,Poland,-0.01979517756653391,-0.004410024485238774,-0.015385153081295136
2013-06-01,US SmallCap,0.0,-0.0002647479537712361,0.0002647479537712361
2013-06-01,Malaysia,0.0,-0.0011469604151571203,0.0011469604151571203
2013-06-01,Taiwan,0.0,-0.0011894644074785193,0.0011894644074785193
2013-06-01,Mexico,0.0,-0.001895951978169468,0.001895951978169468
2013-06-01,Korea,0.0,-0.004187897045949902,0.004187897045949902
2013-06-01,Brazil,0.0,-0.00646678630340144,0.00646678630340144
2013-06-01,South Africa,0.0,-0.0008605099922710354,0.0008605099922710354
2013-06-01,Denmark,0.0,-0.001954162181536283,0.001954162181536283
2013-06-01,India,0.0,-0.0034727513050375586,0.0034727513050375586
2013-06-01,ChinaH,0.0,-0.00448435633746686,0.00448435633746686
2013-06-01,Hong Kong,0.0,-0.002786058050384686,0.002786058050384686
2013-06-01,Thailand,0.0,-0.0026054581950104216,0.0026054581950104216
2013-06-01,Turkey,-0.032643801071406686,-0.007272476416657588,-0.0253713246547491
2013-06-01,Spain,-0.016766074856053564,-0.0037351925936519336,-0.01303088226240163
2013-06-01,Vietnam,0.0,-0.005493845167467498,0.005493845167467498
2013-06-01,Saudi Arabia,0.0,0.0,0.0
2013-07-01,Singapore,0.0,0.00179148362478113,-0.00179148362478113
2013-07-01,Australia,0.0,0.0014933799065072187,-0.0014933799065072187
2013-07-01,Canada,0.0,0.002823278065251252,-0.002823278065251252
2013-07-01,Germany,0.014051068234442698,0.0031763804339697585,0.010874687800472939
2013-07-01,Japan,0.0,0.00029248739658333634,-0.00029248739658333634
2013-07-01,Switzerland,0.0,0.001879032826108718,-0.001879032826108718
2013-07-01,U.K.,0.0,0.003269390428525218,-0.003269390428525218
2013-07-01,NASDAQ,0.014322802584110195,0.0032378086227109948,0.011084993961399201
2013-07-01,U.S.,0.0,0.0024830239689799137,-0.0024830239689799137
2013-07-01,France,0.019541402502807656,0.004417523815740534,0.015123878687067122
2013-07-01,Netherlands,0.02128744471122545,0.004812233613968454,0.016475211097256994
2013-07-01,Sweden,0.0,0.005387335203356961,-0.005387335203356961
2013-07-01,Italy,0.022269974256232658,0.005034343959636553,0.017235630296596104
2013-07-01,ChinaA,0.0,0.0019354461363325613,-0.0019354461363325613
2013-07-01,Chile,0.0,-0.004458696492361976,0.004458696492361976
2013-07-01,Indonesia,0.0,-0.003243760468731446,0.003243760468731446
2013-07-01,Philippines,0.0,0.0010096400027668816,-0.0010096400027668816
2013-07-01,Poland,0.0,0.004387154973919324,-0.004387154973919324
2013-07-01,US SmallCap,0.0,0.00341478049834456,-0.00341478049834456
2013-07-01,Malaysia,0.0,-0.0011438645034610071,0.0011438645034610071
2013-07-01,Taiwan,0.0,-0.00032119158099436457,0.00032119158099436457
2013-07-01,Mexico,0.0,0.0009300725570750704,-0.0009300725570750704
2013-07-01,Korea,0.0,0.0017501194800480465,-0.0017501194800480465
2013-07-01,Brazil,0.0,-0.0007410986239020568,0.0007410986239020568
2013-07-01,South Africa,0.0,0.0011995283731036721,-0.0011995283731036721
2013-07-01,Denmark,0.0,0.004067837397278741,-0.004067837397278741
2013-07-01,India,0.0,-0.0012818675889444918,0.0012818675889444918
2013-07-01,ChinaH,0.0,0.001929405157206894,-0.001929405157206894
2013-07-01,Hong Kong,0.0,0.002024555364833495,-0.002024555364833495
2013-07-01,Thailand,0.0,-0.001353692868970186,0.001353692868970186
2013-07-01,Turkey,-0.010295872147602645,-0.002327481889251273,-0.007968390258351372
2013-07-01,Spain,0.02752995466275393,0.006223413613813002,0.02130654104894093
2013-07-01,Vietnam,0.0,-2.8476960323959378e-05,2.8476960323959378e-05
2013-07-01,Saudi Arabia,0.0,0.0,0.0
2013-08-01,Singapore,0.0,-0.002667790446162765,0.002667790446162765
2013-08-01,Australia,0.0,0.0009998034372366103,-0.0009998034372366103
2013-08-01,Canada,0.0,-0.0004631098080110998,0.0004631098080110998
2013-08-01,Germany,-0.006019425177238978,-0.0013120480282992589,-0.004707377148939719
2013-08-01,Japan,-0.005041426854770599,-0.0010988747213983505,-0.003942552133372248
2013-08-01,Switzerland,0.0,-0.0006710366443234677,0.0006710366443234677
2013-08-01,U.K.,0.0,0.0003051990026472899,-0.0003051990026472899
2013-08-01,NASDAQ,-0.001899084340822322,-0.0004139414963361713,-0.0014851428444861508
2013-08-01,U.S.,0.0,-0.0014612613240754307,0.0014612613240754307
2013-08-01,France,-0.0051670437094773125,-0.0011262553003882363,-0.004040788409089076
2013-08-01,Netherlands,0.0,-0.0007497395668619378,0.0007497395668619378
2013-08-01,Sweden,0.0,-0.0014873503302599766,0.0014873503302599766
2013-08-01,Italy,0.0020027689181984967,0.0004365415189805014,0.0015662273992179954
2013-08-01,ChinaA,0.0,0.00120890588706985,-0.00120890588706985
2013-08-01,Chile,0.0,-0.0009049320830270452,0.0009049320830270452
2013-08-01,Indonesia,0.0,-0.009194756169947865,0.009194756169947865
2013-08-01,Philippines,0.0,-0.005727177410181004,0.005727177410181004
2013-08-01,Poland,0.0,0.0013611580257096596,-0.0013611580257096596
2013-08-01,US SmallCap,-0.007352993982596867,-0.0016027246743496684,-0.005750269308247199
2013-08-01,Malaysia,0.0,-0.0021618766520501084,0.0021618766520501084
2013-08-01,Taiwan,0.0,-0.0005168959339703181,0.0005168959339703181
2013-08-01,Mexico,0.0,-0.0033128861967364315,0.0033128861967364315
2013-08-01,Korea,0.0,0.0019840067419173344,-0.0019840067419173344
2013-08-01,Brazil,0.0,-0.0010492319497223692,0.0010492319497223692
2013-08-01,South Africa,0.0,-0.0007367231598567601,0.0007367231598567601
2013-08-01,Denmark,0.0,0.00020650191378226233,-0.00020650191378226233
2013-08-01,India,0.0,-0.0057040915629931925,0.0057040915629931925
2013-08-01,ChinaH,0.0,0.0012027153915806727,-0.0012027153915806727
2013-08-01,Hong Kong,0.0,-0.0006454912656592278,0.0006454912656592278
2013-08-01,Thailand,0.0,-0.005497578110746265,0.005497578110746265
2013-08-01,Turkey,0.0,-0.006355267570095165,0.006355267570095165
2013-08-01,Spain,-0.005798023698716598,-0.001263789371566346,-0.004534234327150252
2013-08-01,Vietnam,0.0,-0.001493089840642572,0.001493089840642572
2013-08-01,Saudi Arabia,0.0,0.0,0.0
2013-09-01,Singapore,0.0,0.0032342989129425627,-0.0032342989129425627
2013-09-01,Australia,0.0,0.0035779882175438235,-0.0035779882175438235
2013-09-01,Canada,0.0,0.0019386992720862575,-0.0019386992720862575
2013-09-01,Germany,0.0,0.004240153051038212,-0.004240153051038212
2013-09-01,Japan,0.01747134451731611,0.003762002558598073,0.013709341958718037
2013-09-01,Switzerland,0.0,0.0033235900895722996,-0.0033235900895722996
2013-09-01,U.K.,0.0,0.0028119564201337563,-0.0028119564201337563
2013-09-01,NASDAQ,0.011679093310891123,0.0025147909409107953,0.009164302369980329
2013-09-01,U.S.,0.0,0.0015343644042385262,-0.0015343644042385262
2013-09-01,France,0.01851209279530278,0.003986100805917383,0.014525991989385395
2013-09-01,Netherlands,0.012954786512752395,0.0027894785062914534,0.010165308006460943
2013-09-01,Sweden,0.0,0.0033635032374177438,-0.0033635032374177438
2013-09-01,Italy,0.016152800191402264,0.003478088110983777,0.012674712080418487
2013-09-01,ChinaA,0.0,0.002349777803020592,-0.002349777803020592
2013-09-01,Chile,0.0,0.0028661419256022255,-0.0028661419256022255
2013-09-01,Indonesia,0.0,0.00017101054022277513,-0.00017101054022277513
2013-09-01,Philippines,0.0,0.002252613510331189,-0.002252613510331189
2013-09-01,Poland,0.0,0.002627200125234694,-0.002627200125234694
2013-09-01,US SmallCap,0.014491474617903755,0.003120364579633833,0.011371110038269922
2013-09-01,Malaysia,0.0,0.00217112810515942,-0.00217112810515942
2013-09-01,Taiwan,0.0,0.001299039725514122,-0.001299039725514122
2013-09-01,Mexico,0.0,0.0015840682196830663,-0.0015840682196830663
2013-09-01,Korea,0.0,0.0032595519242746246,-0.0032595519242746246
2013-09-01,Brazil,0.0,0.006087886236431003,-0.006087886236431003
2013-09-01,South Africa,0.0,0.0039750167705990685,-0.0039750167705990685
2013-09-01,Denmark,0.0,0.002164409640833785,-0.002164409640833785
2013-09-01,India,0.0,0.004898460376232463,-0.004898460376232463
2013-09-01,ChinaH,0.0,0.0023549961441442064,-0.0023549961441442064
2013-09-01,Hong Kong,0.0,0.0028887622597408105,-0.0028887622597408105
2013-09-01,Thailand,0.0,0.004911363005176054,-0.004911363005176054
2013-09-01,Turkey,0.0,0.005998808334593252,-0.005998808334593252
2013-09-01,Spain,0.032678438669271614,0.007036457312311937,0.02564198135695968
2013-09-01,Vietnam,0.0,0.001379836928210585,-0.001379836928210585
2013-09-01,Saudi Arabia,0.0,0.0,0.0
2013-10-01,Singapore,0.0,0.001833294452333793,-0.001833294452333793
2013-10-01,Australia,0.0,0.002941033912412344,-0.002941033912412344
2013-10-01,Canada,0.0,0.0017321608816525792,-0.0017321608816525792
2013-10-01,Germany,0.01397441718375321,0.0029712337827892273,0.011003183400963982
2013-10-01,Japan,-4.896789055121691e-05,-1.041152906518742e-05,-3.855636148602949e-05
2013-10-01,Switzerland,0.0,0.0013325778854786005,-0.0013325778854786005
2013-10-01,U.K.,0.0,0.001963526074072897,-0.001963526074072897
2013-10-01,NASDAQ,0.009750120654181996,0.002073065909872593,0.007677054744309403
2013-10-01,U.S.,0.0,0.002393468743678616,-0.002393468743678616
2013-10-01,France,0.009924644290122686,0.0021101730404372264,0.00781447124968546
2013-10-01,Netherlands,0.011611820481431256,0.0024688996213898715,0.009142920860041384
2013-10-01,Sweden,0.0,8.563235314579659e-05,-8.563235314579659e-05
2013-10-01,Italy,0.029110807153837504,0.006189525654086257,0.02292128149975125
2013-10-01,ChinaA,0.0,0.001288881634769396,-0.001288881634769396
2013-10-01,Chile,0.0,0.00042270457305001357,-0.00042270457305001357
2013-10-01,Indonesia,0.0,0.004471592544234506,-0.004471592544234506
2013-10-01,Philippines,0.0,0.004100350737743426,-0.004100350737743426
2013-10-01,Poland,0.0,0.0037358869015076263,-0.0037358869015076263
2013-10-01,US SmallCap,0.0,0.0013094589427896475,-0.0013094589427896475
2013-10-01,Malaysia,0.0,0.002915103892601103,-0.002915103892601103
2013-10-01,Taiwan,0.0,0.002308396965237407,-0.002308396965237407
2013-10-01,Mexico,0.0,0.002106433295003116,-0.002106433295003116
2013-10-01,Korea,0.0,0.0021150267091741195,-0.0021150267091741195
2013-10-01,Brazil,0.0,0.0031708901283193335,-0.0031708901283193335
2013-10-01,South Africa,0.0,0.0024699516239491018,-0.0024699516239491018
2013-10-01,Denmark,0.0,0.0008641156416716873,-0.0008641156416716873
2013-10-01,India,0.0,0.005186363783773003,-0.005186363783773003
2013-10-01,ChinaH,0.0,0.0012738334299258458,-0.0012738334299258458
2013-10-01,Hong Kong,0.0,0.0010788782123027744,-0.0010788782123027744
2013-10-01,Thailand,0.0,0.0032114886197520615,-0.0032114886197520615
2013-10-01,Turkey,0.0,0.0026834278283112746,-0.0026834278283112746
2013-10-01,Spain,0.023024768444160182,0.0048955150646085265,0.018129253379551655
2013-10-01,Vietnam,0.0,0.0017724267298151674,-0.0017724267298151674
2013-10-01,Saudi Arabia,0.0,0.0,0.0
2013-11-01,Singapore,0.0,-0.0008326977464160981,0.0008326977464160981
2013-11-01,Australia,0.0,-0.00239750416711952,0.00239750416711952
2013-11-01,Canada,0.0,-0.0004770168495735111,0.0004770168495735111
2013-11-01,Germany,0.0,0.002316975990131011,-0.002316975990131011
2013-11-01,Japan,0.0037209561585158685,0.0007832576598514973,0.002937698498664371
2013-11-01,Switzerland,0.0,0.0003293046107443377,-0.0003293046107443377
2013-11-01,U.K.,0.0,0.0008491783382494037,-0.0008491783382494037
2013-11-01,NASDAQ,0.009823136229949386,0.0020677606421843583,0.007755375587765028
2013-11-01,U.S.,0.0,0.0016599485741548331,-0.0016599485741548331
2013-11-01,France,0.0002716461355762973,5.718124788228027e-05,0.00021446488769401705
2013-11-01,Netherlands,0.003288543269535616,0.0006922351664159962,0.00259630810311962
2013-11-01,Sweden,0.0,0.0005990680234462699,-0.0005990680234462699
2013-11-01,Italy,-0.00485083176599874,-0.001021095378582724,-0.003829736387416016
2013-11-01,ChinaA,0.0,0.0026442041215037414,-0.0026442041215037414
2013-11-01,Chile,0.0,-0.0034061493573596347,0.0034061493573596347
2013-11-01,Indonesia,0.0,-0.005866120095808708,0.005866120095808708
2013-11-01,Philippines,0.0,-0.003141094287477527,0.003141094287477527
2013-11-01,Poland,0.003338072954046473,0.000702661116932605,0.002635411837113868
2013-11-01,US SmallCap,0.0,0.0021830215536737057,-0.0021830215536737057
2013-11-01,Malaysia,0.0,-0.0009170153202140467,0.0009170153202140467
2013-11-01,Taiwan,0.0,-0.0008296380617411874,0.0008296380617411874
2013-11-01,Mexico,0.0,0.001513553752109424,-0.001513553752109424
2013-11-01,Korea,0.0,0.0009519183203699153,-0.0009519183203699153
2013-11-01,Brazil,0.0,-0.003618336780840929,0.003618336780840929
2013-11-01,South Africa,0.0,-0.0020394788162361095,0.0020394788162361095
2013-11-01,Denmark,0.0,0.002563582974787531,-0.002563582974787531
2013-11-01,India,0.0,-0.0013904519849736372,0.0013904519849736372
2013-11-01,ChinaH,0.0,0.002641721321458546,-0.002641721321458546
2013-11-01,Hong Kong,0.0,0.0006046819445384884,-0.0006046819445384884
2013-11-01,Thailand,0.0,-0.004639272624543205,0.004639272624543205
2013-11-01,Turkey,0.0,-0.0021637016066033345,0.0021637016066033345
2013-11-01,Spain,-0.0014979529187047797,-0.0003153176354919481,-0.0011826352832128317
2013-11-01,Vietnam,0.0,-0.000258853420282083,0.000258853420282083
2013-11-01,Saudi Arabia,0.0,0.0,0.0
2013-12-01,Singapore,0.0,-0.0006318257558538603,0.0006318257558538603
2013-12-01,Australia,0.0,-0.0008203332363585532,0.0008203332363585532
2013-12-01,Canada,0.0,0.0008981452367617749,-0.0008981452367617749
2013-12-01,Germany,0.007264933755112003,0.001508887610683767,0.005756046144428236
2013-12-01,Japan,0.0018796194399505817,0.00039038683370596944,0.0014892326062446123
2013-12-01,Switzerland,0.0,0.0005688962944266793,-0.0005688962944266793
2013-12-01,U.K.,0.0,0.0015724275327176022,-0.0015724275327176022
2013-12-01,NASDAQ,0.007744039376514712,0.0016083952676991958,0.0061356441088155165
2013-12-01,U.S.,0.0,0.0013677882398007279,-0.0013677882398007279
2013-12-01,France,0.003910543740789461,0.0008121988720629706,0.0030983448687264903
2013-12-01,Netherlands,0.005848157309483423,0.0012146307739420272,0.004633526535541396
2013-12-01,Sweden,0.0,0.002095154878171927,-0.002095154878171927
2013-12-01,Italy,0.0017536974495384553,0.00036423351453608685,0.0013894639350023686
2013-12-01,ChinaA,0.0,-0.001859306344355688,0.001859306344355688
2013-12-01,Chile,0.0,-0.0007862442149541136,0.0007862442149541136
2013-12-01,Indonesia,0.0,-0.0014817912702914822,0.0014817912702914822
2013-12-01,Philippines,0.0,-0.003527093831607731,0.003527093831607731
2013-12-01,Poland,0.0,-0.002147181510193822,0.002147181510193822
2013-12-01,US SmallCap,0.0,0.0010684640612770478,-0.0010684640612770478
2013-12-01,Malaysia,0.0,0.0007459578827809874,-0.0007459578827809874
2013-12-01,Taiwan,0.0,0.0007757292829159954,-0.0007757292829159954
2013-12-01,Mexico,0.0,0.0005805386130340974,-0.0005805386130340974
2013-12-01,Korea,0.0,-0.0003601116001120408,0.0003601116001120408
2013-12-01,Brazil,0.0,-0.0024729308568321924,0.0024729308568321924
2013-12-01,South Africa,0.0,0.000516939631393932,-0.000516939631393932
2013-12-01,Denmark,0.0,0.0019132200954781987,-0.0019132200954781987
2013-12-01,India,0.0,0.0016553901780409109,-0.0016553901780409109
2013-12-01,ChinaH,0.0,-0.00185219664152136,0.00185219664152136
2013-12-01,Hong Kong,0.0,7.553175865680107e-05,-7.553175865680107e-05
2013-12-01,Thailand,0.0,-0.004275577587993733,0.004275577587993733
2013-12-01,Turkey,0.0,-0.008167115967254205,0.008167115967254205
2013-12-01,Spain,0.005944910867982733,0.001234725966910091,0.004710184901072642
2013-12-01,Vietnam,0.0,-0.0003991968167283087,0.0003991968167283087
2013-12-01,Saudi Arabia,0.0,0.0,0.0
2014-01-01,Singapore,0.0,-0.0034906111723688473,0.0034906111723688473
2014-01-01,Australia,0.0,-0.002678776351830468,0.002678776351830468
2014-01-01,Canada,0.0,-0.0022062042934373094,0.0022062042934373094
2014-01-01,Germany,-0.013562522620009187,-0.0027527699638960714,-0.010809752656113116
2014-01-01,Japan,-0.010262277567737916,-0.002082922937061559,-0.008179354630676356
2014-01-01,Switzerland,0.0,-0.0010585314799717634,0.0010585314799717634
2014-01-01,U.K.,0.0,-0.002256884493424969,0.002256884493424969
2014-01-01,NASDAQ,-0.004501032527216145,-0.0009135695102296122,-0.0035874630169865328
2014-01-01,U.S.,0.0,-0.0018648486343455924,0.0018648486343455924
2014-01-01,France,0.0,-0.0026783649945944493,0.0026783649945944493
2014-01-01,Netherlands,-0.015337781361762412,-0.003113092234270202,-0.01222468912749221
2014-01-01,Sweden,0.0,-0.0021365325628927784,0.0021365325628927784
2014-01-01,Italy,0.0013933614175755886,0.0002828089999639856,0.001110552417611603
2014-01-01,ChinaA,0.0,-0.0036138898492420733,0.0036138898492420733
2014-01-01,Chile,0.0,-0.006678937181858592,0.006678937181858592
2014-01-01,Indonesia,0.0,0.0025308945527212426,-0.0025308945527212426
2014-01-01,Philippines,0.0,0.00012643221246321277,-0.00012643221246321277
2014-01-01,Poland,-0.01593967534223767,-0.0032352579786028746,-0.012704417363634795
2014-01-01,US SmallCap,0.0,-0.0014929797960937072,0.0014929797960937072
2014-01-01,Malaysia,0.0,-0.0027949821892589858,0.0027949821892589858
2014-01-01,Taiwan,0.0,-0.0017769831495255443,0.0017769831495255443
2014-01-01,Mexico,0.0,-0.003512007259600601,0.003512007259600601
2014-01-01,Korea,0.0,-0.0034439405643717303,0.0034439405643717303
2014-01-01,Brazil,0.0,-0.005704274510103003,0.005704274510103003
2014-01-01,South Africa,0.0,-0.005008373251100437,0.005008373251100437
2014-01-01,Denmark,0.0,0.0017854186354031082,-0.0017854186354031082
2014-01-01,India,0.0,-0.0019859843940991904,0.0019859843940991904
2014-01-01,ChinaH,0.0,-0.0035418761303975315,0.0035418761303975315
2014-01-01,Hong Kong,0.0,-0.0030359859957366188,0.0030359859957366188
2014-01-01,Thailand,0.0,-0.001124241817391554,0.001124241817391554
2014-01-01,Turkey,0.0,-0.007130251243464066,0.007130251243464066
2014-01-01,Spain,-0.004892191089122442,-0.000992962523646441,-0.0038992285654760005
2014-01-01,Vietnam,0.0,0.006779075615649198,-0.006779075615649198
2014-01-01,Saudi Arabia,0.0,0.0,0.0
2014-02-01,Singapore,0.0,0.0016716073317422555,-0.0016716073317422555
2014-02-01,Australia,0.0,0.003894098209951201,-0.003894098209951201
2014-02-01,Canada,0.0,0.002307367121809848,-0.002307367121809848
2014-02-01,Germany,0.017172126099410167,0.003464282695355834,0.013707843404054332
2014-02-01,Japan,-0.0014480551697995984,-0.00029212879276664585,-0.0011559263770329524
2014-02-01,Switzerland,0.0,0.0034296210140103947,-0.0034296210140103947
2014-02-01,U.K.,0.0,0.003968821628288558,-0.003968821628288558
2014-02-01,NASDAQ,0.013216413078203664,0.002666262223817943,0.010550150854385721
2014-02-01,U.S.,0.0,0.0023687061668248616,-0.0023687061668248616
2014-02-01,France,0.02172456733203596,0.004382686350937634,0.017341880981098328
2014-02-01,Netherlands,0.0,0.0030534252206089805,-0.0030534252206089805
2014-02-01,Sweden,0.0,0.003734160158667047,-0.003734160158667047
2014-02-01,Italy,0.01830137651051438,0.0036920962249831386,0.01460928028553124
2014-02-01,ChinaA,0.0,0.0013600264095789652,-0.0013600264095789652
2014-02-01,Chile,0.0,0.004350595498293225,-0.004350595498293225
2014-02-01,Indonesia,0.0,0.005286523004628077,-0.005286523004628077
2014-02-01,Philippines,0.0,0.005080092271591758,-0.005080092271591758
2014-02-01,Poland,0.0,0.006303264902054579,-0.006303264902054579
2014-02-01,US SmallCap,0.0,0.002439996794522526,-0.002439996794522526
2014-02-01,Malaysia,0.0,0.0020166972187762814,-0.0020166972187762814
2014-02-01,Taiwan,0.0,0.0008836977408333756,-0.0008836977408333756
2014-02-01,Mexico,0.0,-0.0019093806487527197,0.0019093806487527197
2014-02-01,Korea,0.008219891566855594,0.0016582703823574466,0.006561621184498147
2014-02-01,Brazil,0.0,0.0018759862217903533,-0.0018759862217903533
2014-02-01,South Africa,0.0,0.004679451796888791,-0.004679451796888791
2014-02-01,Denmark,0.0,0.007682740520380061,-0.007682740520380061
2014-02-01,India,0.0,0.0018661186933261534,-0.0018661186933261534
2014-02-01,ChinaH,0.0,0.001333714936437064,-0.001333714936437064
2014-02-01,Hong Kong,0.0,0.0024506635422745443,-0.0024506635422745443
2014-02-01,Thailand,0.0,0.0025218154880764327,-0.0025218154880764327
2014-02-01,Turkey,0.0,0.001893549851760543,-0.001893549851760543
2014-02-01,Spain,0.011436105140442599,0.0023071051837702267,0.009128999956672372
2014-02-01,Vietnam,0.0,0.0031623353234365476,-0.0031623353234365476
2014-02-01,Saudi Arabia,0.0,0.0,0.0
2014-03-01,Singapore,0.0,0.0014063056303661998,-0.0014063056303661998
2014-03-01,Australia,0.0,0.0024223732004634425,-0.0024223732004634425
2014-03-01,Canada,0.0,0.0008262345321724148,-0.0008262345321724148
2014-03-01,Germany,-0.004695830038692664,-0.0009532994452155723,-0.003742530593477092
2014-03-01,Japan,-0.005474759803237517,-0.0011114298090243175,-0.0043633299942132
2014-03-01,Switzerland,0.0,-0.00016552879431488602,0.00016552879431488602
2014-03-01,U.K.,0.0,-0.001363719240684513,0.001363719240684513
2014-03-01,NASDAQ,0.0,-0.0013395998486570404,0.0013395998486570404
2014-03-01,U.S.,0.0,0.0004598178445288799,-0.0004598178445288799
2014-03-01,France,-0.0007189464065175705,-0.00014595315520911383,-0.0005729932513084566
2014-03-01,Netherlands,0.003058981717696549,0.0006210032199582247,0.0024379784977383244
2014-03-01,Sweden,0.0,-0.0006026113634540377,0.0006026113634540377
2014-03-01,Italy,0.017260592506264855,0.0035040691687587885,0.013756523337506066
2014-03-01,ChinaA,0.0,-0.0009222849140249946,0.0009222849140249946
2014-03-01,Chile,0.0,0.0016357614500031297,-0.0016357614500031297
2014-03-01,Indonesia,0.0,0.0028334441691702725,-0.0028334441691702725
2014-03-01,Philippines,0.0,0.00015544278806646687,-0.00015544278806646687
2014-03-01,Poland,0.0,-0.0012905347037439599,0.0012905347037439599
2014-03-01,US SmallCap,0.0,-0.00037230718295056155,0.00037230718295056155
2014-03-01,Malaysia,0.0,0.000852040682645582,-0.000852040682645582
2014-03-01,Taiwan,0.0,0.001527508074836406,-0.001527508074836406
2014-03-01,Mexico,0.0,0.003030713354123897,-0.003030713354123897
2014-03-01,Korea,0.0016715309189031305,0.0003393371319918252,0.0013321937869113054
2014-03-01,Brazil,0.0,0.006020796821366399,-0.006020796821366399
2014-03-01,South Africa,0.0,0.003546087670671504,-0.003546087670671504
2014-03-01,Denmark,0.0,-0.0016604805688820938,0.0016604805688820938
2014-03-01,India,0.0,0.00442209863337644,-0.00442209863337644
2014-03-01,ChinaH,0.0,-0.0009501390033277557,0.0009501390033277557
2014-03-01,Hong Kong,0.0,-0.0012150869011066582,0.0012150869011066582
2014-03-01,Thailand,0.0,0.002592378010630768,-0.002592378010630768
2014-03-01,Turkey,0.0,0.009174968849450552,-0.009174968849450552
2014-03-01,Spain,0.006590243803357357,0.0013378839757422303,0.005252359827615127
2014-03-01,Vietnam,0.0,-0.0013629597415573407,0.0013629597415573407
2014-03-01,Saudi Arabia,0.0,0.0,0.0
2014-04-01,Singapore,0.0,0.002251174795409628,-0.002251174795409628
2014-04-01,Australia,0.0,0.001100293140854916,-0.001100293140854916
2014-04-01,Canada,0.0,0.0016406901405414808,-0.0016406901405414808
2014-04-01,Germany,0.001257887028944851,0.000257651211914681,0.00100023581703017
2014-04-01,Japan,-0.007048311998797745,-0.0014436957267667677,-0.005604616272030977
2014-04-01,Switzerland,0.0,0.0004589323451518092,-0.0004589323451518092
2014-04-01,U.K.,0.0,0.002820770643470388,-0.002820770643470388
2014-04-01,NASDAQ,-0.005333774852150133,-0.001092509520421155,-0.004241265331728978
2014-04-01,U.S.,0.0,0.00041156116259875576,-0.00041156116259875576
2014-04-01,France,0.007053362688699765,0.0014447302523992902,0.0056086324363004755
2014-04-01,Netherlands,0.0,-0.0011658716675924578,0.0011658716675924578
2014-04-01,Sweden,0.0,-0.00030123341871733677,0.00030123341871733677
2014-04-01,Italy,0.004045394351267467,0.0008286123739992594,0.003216781977268208
2014-04-01,ChinaA,0.0,-0.0012844571648285823,0.0012844571648285823
2014-04-01,Chile,0.0,0.000860636984387965,-0.000860636984387965
2014-04-01,Indonesia,0.0,0.0009513778280078118,-0.0009513778280078118
2014-04-01,Philippines,0.0,0.0023342758559181213,-0.0023342758559181213
2014-04-01,Poland,-0.001006623148961507,-0.00020618518857680004,-0.0008004379603847071
2014-04-01,US SmallCap,0.0,-0.0021599601558070143,0.0021599601558070143
2014-04-01,Malaysia,0.0,0.0005712465969345379,-0.0005712465969345379
2014-04-01,Taiwan,0.0,0.0006619702117552848,-0.0006619702117552848
2014-04-01,Mexico,0.0,0.00017266235007942334,-0.00017266235007942334
2014-04-01,Korea,0.0,0.0007987403636746087,-0.0007987403636746087
2014-04-01,Brazil,0.0,0.002176864348567561,-0.002176864348567561
2014-04-01,South Africa,0.0,-8.763236283249758e-05,8.763236283249758e-05
2014-04-01,Denmark,0.0,0.0002109449880253673,-0.0002109449880253673
2014-04-01,India,0.0,-0.00042484464716541757,0.00042484464716541757
2014-04-01,ChinaH,0.0,-0.0013128572143555298,0.0013128572143555298
2014-04-01,Hong Kong,0.0,0.0014499566675209858,-0.0014499566675209858
2014-04-01,Thailand,0.0,0.0023446639613632354,-0.0023446639613632354
2014-04-01,Turkey,0.0,0.004112721407298713,-0.004112721407298713
2014-04-01,Spain,0.008405618181173536,0.0017217108225434999,0.0066839073586300365
2014-04-01,Vietnam,0.0,-0.0023167988834046985,0.0023167988834046985
2014-04-01,Saudi Arabia,0.0,0.0,0.0
2014-05-01,Singapore,0.0,0.001028169342770155,-0.001028169342770155
2014-05-01,Australia,0.0,0.0006813471817298032,-0.0006813471817298032
2014-05-01,Canada,0.0,0.0004543792320023762,-0.0004543792320023762
2014-05-01,Germany,0.000660425449658243,0.00013605599599010126,0.0005243694536681417
2014-05-01,Japan,0.0,0.0022244234429221756,-0.0022244234429221756
2014-05-01,Switzerland,0.0,0.0004135261703978545,-0.0004135261703978545
2014-05-01,U.K.,0.0,0.0008198993765696498,-0.0008198993765696498
2014-05-01,NASDAQ,0.009007376953273168,0.0018556335817616365,0.007151743371511532
2014-05-01,U.S.,0.0,0.0013195900403970135,-0.0013195900403970135
2014-05-01,France,-0.0016185187423947778,-0.0003334353326921631,-0.0012850834097026147
2014-05-01,Netherlands,0.0,0.00046401869395468643,-0.00046401869395468643
2014-05-01,Sweden,0.0,0.00021256420414141218,-0.00021256420414141218
2014-05-01,Italy,-0.004870170051993845,-0.0010033166308295303,-0.0038668534211643148
2014-05-01,ChinaA,0.0,0.0023182238533846693,-0.0023182238533846693
2014-05-01,Chile,0.0,0.0011830442807387821,-0.0011830442807387821
2014-05-01,Indonesia,0.0,0.0002342825760155793,-0.0002342825760155793
2014-05-01,Philippines,0.0,0.0010003549144400638,-0.0010003549144400638
2014-05-01,Poland,7.067989567781264e-05,1.456095250099396e-05,5.611894317681868e-05
2014-05-01,US SmallCap,0.0,0.00045073955456767533,-0.00045073955456767533
2014-05-01,Malaysia,0.0,0.0007130154567940264,-0.0007130154567940264
2014-05-01,Taiwan,0.0,0.002215176839762132,-0.002215176839762132
2014-05-01,Mexico,0.0,0.0017536839606059067,-0.0017536839606059067
2014-05-01,Korea,0.010111405451836567,0.002083077416718678,0.008028328035117889
2014-05-01,Brazil,0.0,-0.0009882775099178964,0.0009882775099178964
2014-05-01,South Africa,0.0,0.0010927746760982507,-0.0010927746760982507
2014-05-01,Denmark,0.0,-0.0006664991877899043,0.0006664991877899043
2014-05-01,India,0.0,0.0051575000510897485,-0.0051575000510897485
2014-05-01,ChinaH,0.0,0.0023180897229076423,-0.0023180897229076423
2014-05-01,Hong Kong,0.0,0.00268779500935356,-0.00268779500935356
2014-05-01,Thailand,0.0,-0.0018443115180275013,0.0018443115180275013
2014-05-01,Turkey,0.0,0.005491511308723802,-0.005491511308723802
2014-05-01,Spain,0.005767499787473578,0.0011881779061716704,0.004579321881301908
2014-05-01,Vietnam,0.0,0.0006315755394162636,-0.0006315755394162636
2014-05-01,Saudi Arabia,0.0,0.0,0.0
2014-06-01,Singapore,0.0,-0.00010259659843465555,0.00010259659843465555
2014-06-01,Australia,0.0,-0.00013125595250626084,0.00013125595250626084
2014-06-01,Canada,0.0,0.0034422951008749197,-0.0034422951008749197
2014-06-01,Germany,-0.001931879344507085,-0.0004015438779844481,-0.001530335466522637
2014-06-01,Japan,0.0,0.002951893236671993,-0.002951893236671993
2014-06-01,Switzerland,0.0,-0.0003172817049762066,0.0003172817049762066
2014-06-01,U.K.,0.0,0.0005563726426160564,-0.0005563726426160564
2014-06-01,NASDAQ,0.011016081571667198,0.0022897082714080632,0.008726373300259136
2014-06-01,U.S.,0.0,0.0011838224350518697,-0.0011838224350518697
2014-06-01,France,-0.00494320604878525,-0.001027452429754021,-0.003915753619031228
2014-06-01,Netherlands,0.0,0.000549405892113363,-0.000549405892113363
2014-06-01,Sweden,0.0,-0.0010316189892234334,0.0010316189892234334
2014-06-01,Italy,-0.0023096501073572116,-0.0004800640700115992,-0.0018295860373456123
2014-06-01,ChinaA,0.0,0.0011700464912689228,-0.0011700464912689228
2014-06-01,Chile,0.0,-0.0005581119663435548,0.0005581119663435548
2014-06-01,Indonesia,0.0,-0.0005720847357002631,0.0005720847357002631
2014-06-01,Philippines,0.0,0.0016730056976059298,-0.0016730056976059298
2014-06-01,Poland,-0.0010990763325283521,-0.00022844458377754593,-0.0008706317487508062
2014-06-01,US SmallCap,0.0,0.0030490495921076913,-0.0030490495921076913
2014-06-01,Malaysia,0.0,0.0005416661938299681,-0.0005416661938299681
2014-06-01,Taiwan,0.0,0.0026604965419614835,-0.0026604965419614835
2014-06-01,Mexico,0.0,0.0017680313184205234,-0.0017680313184205234
2014-06-01,Korea,0.0026686903607585116,0.0005546910989268349,0.0021139992618316767
2014-06-01,Brazil,0.0,0.0030662618887394378,-0.0030662618887394378
2014-06-01,South Africa,0.0,0.0016914491042070894,-0.0016914491042070894
2014-06-01,Denmark,0.0,0.0021673321181912516,-0.0021673321181912516
2014-06-01,India,0.0,0.00255720810732271,-0.00255720810732271
2014-06-01,ChinaH,0.0,0.0011506558467032893,-0.0011506558467032893
2014-06-01,Hong Kong,0.0,0.0003982557999330186,-0.0003982557999330186
2014-06-01,Thailand,0.0,0.003973973842598935,-0.003973973842598935
2014-06-01,Turkey,0.0,-0.0012627713413164109,0.0012627713413164109
2014-06-01,Spain,0.004321241623522055,0.000898176236601144,0.003423065386920911
2014-06-01,Vietnam,0.0,-0.0013354254942891813,0.0013354254942891813
2014-06-01,Saudi Arabia,0.0,0.0,0.0
2014-07-01,Singapore,0.0,0.002517527970759006,-0.002517527970759006
2014-07-01,Australia,0.0,0.0017521105137151048,-0.0017521105137151048
2014-07-01,Canada,0.0,-2.3825393325868125e-05,2.3825393325868125e-05
2014-07-01,Germany,-0.0178283147129148,-0.003751074017898138,-0.014077240695016664
2014-07-01,Japan,0.0,0.0003346661985736969,-0.0003346661985736969
2014-07-01,Switzerland,0.0,-0.00231719409740591,0.00231719409740591
2014-07-01,U.K.,0.0,-0.0006542774214109668,0.0006542774214109668
2014-07-01,NASDAQ,-0.002270454492284196,-0.0004777031924760625,-0.0017927512998081334
2014-07-01,U.S.,0.0,-0.0008032591858685427,0.0008032591858685427
2014-07-01,France,-0.016736942975775368,-0.0035214496123963366,-0.013215493363379032
2014-07-01,Netherlands,0.0,-0.003089772557897303,0.003089772557897303
2014-07-01,Sweden,0.0,-0.0018508457404838496,0.0018508457404838496
2014-07-01,Italy,-0.014862077444526924,-0.0031269782619313194,-0.011735099182595604
2014-07-01,ChinaA,0.0,0.004338552390208406,-0.004338552390208406
2014-07-01,Chile,0.0,-0.0028261605912014535,0.0028261605912014535
2014-07-01,Indonesia,0.0,0.004759247075756179,-0.004759247075756179
2014-07-01,Philippines,0.0,0.00021194610076893483,-0.00021194610076893483
2014-07-01,Poland,-0.016015278969270675,-0.0033696116429616217,-0.012645667326309054
2014-07-01,US SmallCap,0.0,-0.003525205192342441,0.003525205192342441
2014-07-01,Malaysia,0.0,-0.00024604321224405023,0.00024604321224405023
2014-07-01,Taiwan,0.0,-0.0006873956203318103,0.0006873956203318103
2014-07-01,Mexico,0.0,0.0008124202541554279,-0.0008124202541554279
2014-07-01,Korea,0.003812331905376981,0.0008021139063416103,0.0030102179990353704
2014-07-01,Brazil,0.0,0.0010949050359555204,-0.0010949050359555204
2014-07-01,South Africa,0.0,0.0005387579707756877,-0.0005387579707756877
2014-07-01,Denmark,0.0,-0.0014000135387991258,0.0014000135387991258
2014-07-01,India,0.0,0.00028755319424643455,-0.00028755319424643455
2014-07-01,ChinaH,0.0,0.004335913163004557,-0.004335913163004557
2014-07-01,Hong Kong,0.0,0.0035666637369959936,-0.0035666637369959936
2014-07-01,Thailand,0.0,0.0008040126486284126,-0.0008040126486284126
2014-07-01,Turkey,0.0,0.002258955845180676,-0.002258955845180676
2014-07-01,Spain,-0.008807032494433877,-0.0018529979583950492,-0.0069540345360388275
2014-07-01,Vietnam,0.0,0.002060881852032733,-0.002060881852032733
2014-07-01,Saudi Arabia,0.0,0.0,0.0
2014-08-01,Singapore,0.0,-0.0007499276256707662,0.0007499276256707662
2014-08-01,Australia,0.0,0.000707587773341341,-0.000707587773341341
2014-08-01,Canada,0.0,0.0013184973567189737,-0.0013184973567189737
2014-08-01,Germany,-0.0023848955096679937,-0.0005205177671135325,-0.0018643777425544612
2014-08-01,Japan,0.0,-0.0012758643270770146,0.0012758643270770146
2014-08-01,Switzerland,0.0,0.0012687877221380724,-0.0012687877221380724
2014-08-01,U.K.,0.0037369931052095235,0.0008156211871576371,0.002921371918051886
2014-08-01,NASDAQ,0.0,0.0029019136300917395,-0.0029019136300917395
2014-08-01,U.S.,0.0,0.0023259747759177903,-0.0023259747759177903
2014-08-01,France,0.0,0.0006455950952068807,-0.0006455950952068807
2014-08-01,Netherlands,0.0,0.001018714383312188,-0.001018714383312188
2014-08-01,Sweden,0.0,-0.00013668604136827235,0.00013668604136827235
2014-08-01,Italy,-0.00599703379542312,-0.0013088886401285541,-0.004688145155294567
2014-08-01,ChinaA,0.0005132469907697697,0.00011201923796250991,0.00040122775280725977
2014-08-01,Chile,0.0,-0.00026213753850018104,0.00026213753850018104
2014-08-01,Indonesia,0.0,-0.0008165980068702097,0.0008165980068702097
2014-08-01,Philippines,0.0,0.0018812083354858647,-0.0018812083354858647
2014-08-01,Poland,0.004480734671889936,0.0009779472505128833,0.003502787421377053
2014-08-01,US SmallCap,0.0,0.0028832919091771945,-0.0028832919091771945
2014-08-01,Malaysia,0.0,0.0007913571062168472,-0.0007913571062168472
2014-08-01,Taiwan,0.0,0.0017233084763940791,-0.0017233084763940791
2014-08-01,Mexico,0.0,0.0029348074298636583,-0.0029348074298636583
2014-08-01,Korea,-0.0014903531776442624,-0.0003252785311109684,-0.001165074646533294
2014-08-01,Brazil,0.0,0.006433560045524851,-0.006433560045524851
2014-08-01,South Africa,0.0,0.0009974290909521713,-0.0009974290909521713
2014-08-01,Denmark,0.0,-0.000800227053070083,0.000800227053070083
2014-08-01,India,0.0,0.0018923518261241181,-0.0018923518261241181
2014-08-01,ChinaH,0.0,0.00011284616727695713,-0.00011284616727695713
2014-08-01,Hong Kong,0.0,-0.0005488214063717014,0.0005488214063717014
2014-08-01,Thailand,0.0,0.0033377932536843473,-0.0033377932536843473
2014-08-01,Turkey,0.0,-0.0020312232502431088,0.0020312232502431088
2014-08-01,Spain,-0.003572386398043441,-0.00077969478479801,-0.002792691613245431
2014-08-01,Vietnam,0.0,0.003423710748039822,-0.003423710748039822
2014-08-01,Saudi Arabia,0.0,0.0,0.0
2014-09-01,Singapore,0.0,-0.0023756516624889555,0.0023756516624889555
2014-09-01,Australia,0.0,-0.006631376016289351,0.006631376016289351
2014-09-01,Canada,0.0,-0.003803728901681845,0.003803728901681845
2014-09-01,Germany,0.0,-0.002479849045349342,0.002479849045349342
2014-09-01,Japan,0.0,-0.0007807094644205078,0.0007807094644205078
2014-09-01,Switzerland,0.0,-0.0015535615544882714,0.0015535615544882714
2014-09-01,U.K.,-0.013410612926420321,-0.0029786320710158583,-0.010431980855404463
2014-09-01,NASDAQ,0.0,-0.0010716854612374135,0.0010716854612374135
2014-09-01,U.S.,0.0,-0.0008276636684610755,0.0008276636684610755
2014-09-01,France,0.0,-0.002156230021646316,0.002156230021646316
2014-09-01,Netherlands,0.0,-0.0008145413022466936,0.0008145413022466936
2014-09-01,Sweden,0.0,-0.0014733653219777348,0.0014733653219777348
2014-09-01,Italy,-0.004199177377457027,-0.0009326795484295926,-0.003266497829027434
2014-09-01,ChinaA,0.0,-0.0039550147313464675,0.0039550147313464675
2014-09-01,Chile,0.0,-0.0015301476768299915,0.0015301476768299915
2014-09-01,Indonesia,0.0,-0.0017321817233365308,0.0017321817233365308
2014-09-01,Philippines,0.0,0.00023779560443181223,-0.00023779560443181223
2014-09-01,Poland,0.0,0.0011657298915698003,-0.0011657298915698003
2014-09-01,US SmallCap,0.0,-0.0035706271716611014,0.0035706271716611014
2014-09-01,Malaysia,0.0,-0.0024425274685510416,0.0024425274685510416
2014-09-01,Taiwan,0.0,-0.004150544260773402,0.004150544260773402
2014-09-01,Mexico,0.0,-0.0024516718881540545,0.0024516718881540545
2014-09-01,Korea,-0.022068295274153712,-0.004901590435642234,-0.017166704838511477
2014-09-01,Brazil,0.0,-0.011338837232758352,0.011338837232758352
2014-09-01,South Africa,0.0,-0.005313855746908933,0.005313855746908933
2014-09-01,Denmark,0.0,-8.892356016810235e-05,8.892356016810235e-05
2014-09-01,India,-0.004742162229914059,-0.0010532819477739193,-0.00368888028214014
2014-09-01,ChinaH,0.0,-0.00384837943098525,0.00384837943098525
2014-09-01,Hong Kong,-0.019468659167456673,-0.004324185098327385,-0.015144474069129287
2014-09-01,Thailand,0.0,0.00022885770456880584,-0.00022885770456880584
2014-09-01,Turkey,-0.03185008778962527,-0.0070742249795268585,-0.024775862810098408
2014-09-01,Spain,-0.008167522996439453,-0.0018140890406302967,-0.006353433955809157
2014-09-01,Vietnam,0.0,-0.00438224661924364,0.00438224661924364
2014-09-01,Saudi Arabia,0.0,0.0,0.0
2014-10-01,Singapore,0.0,-0.0005962954145274399,0.0005962954145274399
2014-10-01,Australia,0.0,0.0030790486090059724,-0.0030790486090059724
2014-10-01,Canada,0.0,-0.00159163678265602,0.00159163678265602
2014-10-01,Germany,0.0,-0.0011392849370231747,0.0011392849370231747
2014-10-01,Japan,0.0,-0.0007374382196112338,0.0007374382196112338
2014-10-01,Switzerland,0.0,-0.00041763522226317273,0.00041763522226317273
2014-10-01,U.K.,0.0,-0.0011848207235275608,0.0011848207235275608
2014-10-01,NASDAQ,0.0,0.0017453983086643515,-0.0017453983086643515
2014-10-01,U.S.,0.0,0.001374636329306722,-0.001374636329306722
2014-10-01,France,0.0,-0.0025048353055856887,0.0025048353055856887
2014-10-01,Netherlands,0.0,-0.0012438206500025254,0.0012438206500025254
2014-10-01,Sweden,0.0,-0.0008840569577727961,0.0008840569577727961
2014-10-01,Italy,-0.01462965710269732,-0.0032822232655448503,-0.01134743383715247
2014-10-01,ChinaA,0.010772637676083534,0.0024168852190805806,0.008355752457002954
2014-10-01,Chile,0.0,-0.0003725670259454452,0.0003725670259454452
2014-10-01,Indonesia,0.0,0.00021362697502872046,-0.00021362697502872046
2014-10-01,Philippines,0.0,-0.0003105389087663934,0.0003105389087663934
2014-10-01,Poland,0.0,-0.002053914144677542,0.002053914144677542
2014-10-01,US SmallCap,0.0,0.003710638016020084,-0.003710638016020084
2014-10-01,Malaysia,0.0,-0.00024695369875615055,0.00024695369875615055
2014-10-01,Taiwan,0.006276924746595164,0.0014082536791344446,0.004868671067460719
2014-10-01,Mexico,0.0,-0.00025655091041575426,0.00025655091041575426
2014-10-01,Korea,-0.008502640713623517,-0.00190760213810333,-0.006595038575520186
2014-10-01,Brazil,0.0013054113554011287,0.00029287436415813506,0.0010125369912429936
2014-10-01,South Africa,0.0,0.003865897795419967,-0.003865897795419967
2014-10-01,Denmark,0.0,-0.0013475942101361306,0.0013475942101361306
2014-10-01,India,0.0,0.002361698684007255,-0.002361698684007255
2014-10-01,ChinaH,0.0,0.002341603591526072,-0.002341603591526072
2014-10-01,Hong Kong,0.01704994779547733,0.0038252253581748654,0.013224722437302463
2014-10-01,Thailand,0.0,-0.00031370934685301947,0.00031370934685301947
2014-10-01,Turkey,0.0,0.005871365390696556,-0.005871365390696556
2014-10-01,Spain,-0.009483780928911842,-0.002127724948827806,-0.007356055980084037
2014-10-01,Vietnam,0.0,-0.0002658540903615439,0.0002658540903615439
2014-10-01,Saudi Arabia,0.0,0.0,0.0
2014-11-01,Singapore,0.002856112166703626,0.0006431128750191726,0.0022129992916844533
2014-11-01,Australia,0.0,-0.003538439605385162,0.003538439605385162
2014-11-01,Canada,8.155839015255364e-05,1.836456263322481e-05,6.319382751932882e-05
2014-11-01,Germany,0.0,0.0036028231274313114,-0.0036028231274313114
2014-11-01,Japan,0.0,0.00016192820029409033,-0.00016192820029409033
2014-11-01,Switzerland,0.0,0.0018770722552237074,-0.0018770722552237074
2014-11-01,U.K.,0.0033732681127751824,0.000759561259360883,0.0026137068534142997
2014-11-01,NASDAQ,0.0,0.0020943458364553447,-0.0020943458364553447
2014-11-01,U.S.,0.0,0.00152114172304711,-0.00152114172304711
2014-11-01,France,0.0,0.0019381970506672965,-0.0019381970506672965
2014-11-01,Netherlands,0.0,0.0030579739179161106,-0.0030579739179161106
2014-11-01,Sweden,0.0,0.001487502193214151,-0.001487502193214151
2014-11-01,Italy,2.0630748267614632e-05,4.6454407452406085e-06,1.5985307522374024e-05
2014-11-01,ChinaA,0.0038328078877135174,0.000863036168116777,0.0029697717195967402
2014-11-01,Chile,0.0,-0.0004166159670701832,0.0004166159670701832
2014-11-01,Indonesia,0.0,0.00034229303211888586,-0.00034229303211888586
2014-11-01,Philippines,0.0,0.0007045401943152917,-0.0007045401943152917
2014-11-01,Poland,0.0,-0.0011268689384344745,0.0011268689384344745
2014-11-01,US SmallCap,0.0,5.106347555220018e-05,-5.106347555220018e-05
2014-11-01,Malaysia,0.0,-0.0025930715384642955,0.0025930715384642955
2014-11-01,Taiwan,0.0,0.0008030949389791238,-0.0008030949389791238
2014-11-01,Mexico,0.0,-0.0025458284121241443,0.0025458284121241443
2014-11-01,Korea,0.0,-0.0014287493071741054,0.0014287493071741054
2014-11-01,Brazil,0.0,-0.002652480610316988,0.002652480610316988
2014-11-01,South Africa,0.0,-2.7560177952822105e-05,2.7560177952822105e-05
2014-11-01,Denmark,0.0,0.00022622316802116413,-0.00022622316802116413
2014-11-01,India,0.0,0.0007193764401069406,-0.0007193764401069406
2014-11-01,ChinaH,0.0,0.0008621292267880569,-0.0008621292267880569
2014-11-01,Hong Kong,0.0017114040468993827,0.0003853581066429872,0.0013260459402563954
2014-11-01,Thailand,0.0,0.0007477682973101922,-0.0007477682973101922
2014-11-01,Turkey,0.0,0.004119677330293444,-0.004119677330293444
2014-11-01,Spain,0.007688719096820072,0.0017312745280860947,0.0059574445687339776
2014-11-01,Vietnam,0.0,-0.0025022075303332047,0.0025022075303332047
2014-11-01,Saudi Arabia,0.0,0.0,0.0
2014-12-01,Singapore,-0.0011933085496054925,-0.0002674347950021647,-0.0009258737546033279
2014-12-01,Australia,-0.0055182187914719965,-0.0012366991854389155,-0.004281519606033081
2014-12-01,Canada,0.0,-0.0010955085432761105,0.0010955085432761105
2014-12-01,Germany,0.0,-0.0025164666826053075,0.0025164666826053075
2014-12-01,Japan,0.0,-0.0008720585212749103,0.0008720585212749103
2014-12-01,Switzerland,0.0,-0.0026606431612518563,0.0026606431612518563
2014-12-01,U.K.,0.0,-0.0014798066465222248,0.0014798066465222248
2014-12-01,NASDAQ,0.0,-0.0006179223452427607,0.0006179223452427607
2014-12-01,U.S.,0.0,-0.0001465342115596526,0.0001465342115596526
2014-12-01,France,0.0,-0.002888137747364271,0.002888137747364271
2014-12-01,Netherlands,0.0,-0.0019435974505601816,0.0019435974505601816
2014-12-01,Sweden,0.0,-0.002514789288103528,0.002514789288103528
2014-12-01,Italy,-0.0206587346583908,-0.0046298708495781556,-0.016028863808812646
2014-12-01,ChinaA,0.0,0.0006541159811619133,-0.0006541159811619133
2014-12-01,Chile,0.0,-0.0022230007968892687,0.0022230007968892687
2014-12-01,Indonesia,0.0,-0.00033526808288818953,0.00033526808288818953
2014-12-01,Philippines,0.0,0.00010647302037250676,-0.00010647302037250676
2014-12-01,Poland,0.0,-0.004520653749000236,0.004520653749000236
2014-12-01,US SmallCap,0.0,0.0016228683361988762,-0.0016228683361988762
2014-12-01,Malaysia,0.0,-0.003355545500633045,0.003355545500633045
2014-12-01,Taiwan,-0.005526465427469594,-0.0012385473557283214,-0.004287918071741273
2014-12-01,Mexico,0.0,-0.004369112881707014,0.004369112881707014
2014-12-01,Korea,0.0,-0.0006536338452703842,0.0006536338452703842
2014-12-01,Brazil,0.0,-0.006300331714221892,0.006300331714221892
2014-12-01,South Africa,0.0,-0.0019197609030072937,0.0019197609030072937
2014-12-01,Denmark,0.0,-0.0033798724086152717,0.0033798724086152717
2014-12-01,India,0.0,-0.0032968942802372053,0.0032968942802372053
2014-12-01,ChinaH,0.00291214853687281,0.0006526475044797994,0.0022595010323930107
2014-12-01,Hong Kong,-0.010434276677933356,-0.0023384468713322382,-0.008095829806601118
2014-12-01,Thailand,0.0,-0.003962821927607139,0.003962821927607139
2014-12-01,Turkey,0.0,-0.0033226855196036137,0.0033226855196036137
2014-12-01,Spain,-0.018129524194812993,-0.00406304437199373,-0.014066479822819264
2014-12-01,Vietnam,0.0,-0.0011258156902937957,0.0011258156902937957
2014-12-01,Saudi Arabia,0.0,0.0,0.0
2015-01-01,Singapore,-0.005416362771840254,-0.0012109459390755467,-0.004205416832764708
2015-01-01,Australia,0.0,-0.0010236471561571082,0.0010236471561571082
2015-01-01,Canada,0.0,-0.00455497999455182,0.00455497999455182
2015-01-01,Germany,0.0,0.0008804566270083146,-0.0008804566270083146
2015-01-01,Japan,0.0,0.001280937412588636,-0.001280937412588636
2015-01-01,Switzerland,0.0,0.0003680178738407192,-0.0003680178738407192
2015-01-01,U.K.,0.0,-0.00047895415655549564,0.00047895415655549564
2015-01-01,NASDAQ,0.0,-0.0011332783348095511,0.0011332783348095511
2015-01-01,U.S.,0.0,-0.0016491578940407143,0.0016491578940407143
2015-01-01,France,0.0,0.0003816991826025602,-0.0003816991826025602
2015-01-01,Netherlands,0.0,5.809565751995493e-05,-5.809565751995493e-05
2015-01-01,Sweden,0.0,0.0011907902726847337,-0.0011907902726847337
2015-01-01,Italy,3.445817762191165e-05,7.70387657121805e-06,2.6754301050693602e-05
2015-01-01,ChinaA,0.0,0.0012429845133819907,-0.0012429845133819907
2015-01-01,Chile,0.0,-0.002141093267988408,0.002141093267988408
2015-01-01,Indonesia,0.0,-0.0008584125651314126,0.0008584125651314126
2015-01-01,Philippines,0.0,0.0036978902714118007,-0.0036978902714118007
2015-01-01,Poland,0.0,-0.002483246638236928,0.002483246638236928
2015-01-01,US SmallCap,0.0,-0.0017668042179154546,0.0017668042179154546
2015-01-01,Malaysia,0.0,-0.0014909019700904407,0.0014909019700904407
2015-01-01,Taiwan,0.0025283759775766522,0.0005652735519157934,0.001963102425660859
2015-01-01,Mexico,0.0,-0.0032975738071584727,0.0032975738071584727
2015-01-01,Korea,0.0,0.000577573054963675,-0.000577573054963675
2015-01-01,Brazil,0.0,-0.0035270339312160996,0.0035270339312160996
2015-01-01,South Africa,0.0,0.002297933250436965,-0.002297933250436965
2015-01-01,Denmark,0.0,0.0010421995189340402,-0.0010421995189340402
2015-01-01,India,0.0,0.004321695090783119,-0.004321695090783119
2015-01-01,ChinaH,0.0055117156537348505,0.001232264153894858,0.004279451499839992
2015-01-01,Hong Kong,0.013578886211209904,0.0030358559437935915,0.010543030267416313
2015-01-01,Thailand,0.0,0.0018239227542794266,-0.0018239227542794266
2015-01-01,Turkey,-0.0024456445172672137,-0.0005467771309566288,-0.001898867386310585
2015-01-01,Spain,-0.01555398240901206,-0.00347743174304521,-0.01207655066596685
2015-01-01,Vietnam,0.0,0.0009781690519010142,-0.0009781690519010142
2015-01-01,Saudi Arabia,0.0,0.0,0.0
2015-02-01,Singapore,-7.47701439479001e-05,-1.6690659763603628e-05,-5.807948418429647e-05
2015-02-01,Australia,0.0,0.0044019307710744015,-0.0044019307710744015
2015-02-01,Canada,0.0,0.0032674439992962778,-0.0032674439992962778
2015-02-01,Germany,0.0,0.0033073048120808744,-0.0033073048120808744
2015-02-01,Japan,0.0,0.0033088342862527373,-0.0033088342862527373
2015-02-01,Switzerland,0.0,0.0025037826314880255,-0.0025037826314880255
2015-02-01,U.K.,0.0,0.003764263058464361,-0.003764263058464361
2015-02-01,NASDAQ,0.0,0.0039974697233101375,-0.0039974697233101375
2015-02-01,U.S.,0.0,0.003149204666714384,-0.003149204666714384
2015-02-01,France,0.0,0.0035815013638540965,-0.0035815013638540965
2015-02-01,Netherlands,0.0,0.003576115193273566,-0.003576115193273566
2015-02-01,Sweden,0.0,0.0037390232219576764,-0.0037390232219576764
2015-02-01,Italy,0.0,0.004588865971080482,-0.004588865971080482
2015-02-01,ChinaA,0.007953171844865992,0.0017753568241974493,0.006177815020668542
2015-02-01,Chile,0.0,0.0033135177596355534,-0.0033135177596355534
2015-02-01,Indonesia,0.0,0.0010942623139830836,-0.0010942623139830836
2015-02-01,Philippines,0.0,0.0009508715204455797,-0.0009508715204455797
2015-02-01,Poland,0.0,0.0008728762718229109,-0.0008728762718229109
2015-02-01,US SmallCap,0.0,0.0032531220219922403,-0.0032531220219922403
2015-02-01,Malaysia,0.0,0.0018169283731397418,-0.0018169283731397418
2015-02-01,Taiwan,0.0,0.002007522189315108,-0.002007522189315108
2015-02-01,Mexico,0.0,0.004078028485773353,-0.004078028485773353
2015-02-01,Korea,0.0,0.0005956227143837729,-0.0005956227143837729
2015-02-01,Brazil,0.0070124812885523444,0.001565369987349758,0.0054471113012025865
2015-02-01,South Africa,0.0,0.00032614953808200454,-0.00032614953808200454
2015-02-01,Denmark,0.0,0.004615468647317662,-0.004615468647317662
2015-02-01,India,0.0,0.001262216710231824,-0.001262216710231824
2015-02-01,ChinaH,0.00802218380411668,0.0017907621059135785,0.006231421698203101
2015-02-01,Hong Kong,-0.001176526912120219,-0.000262631705064054,-0.000913895207056165
2015-02-01,Thailand,0.0,0.0003338059177901373,-0.0003338059177901373
2015-02-01,Turkey,-0.021367524664702806,-0.004769792665070553,-0.016597731999632253
2015-02-01,Spain,0.017548895395649296,0.0039173743263079385,0.013631521069341358
2015-02-01,Vietnam,0.0,0.001686047925438713,-0.001686047925438713
2015-02-01,Saudi Arabia,0.0,0.0,0.0
2015-03-01,Singapore,0.0005081130793179492,0.00011680958822919119,0.00039130349108875795
2015-03-01,Australia,0.0,-0.0013153185919595272,0.0013153185919595272
2015-03-01,Canada,0.0,-0.0018229434096996733,0.0018229434096996733
2015-03-01,Germany,0.0,0.00017417784378008483,-0.00017417784378008483
2015-03-01,Japan,0.002189129018196212,0.0005032565970144278,0.0016858724211817843
2015-03-01,Switzerland,0.0,-0.0005601914529873268,0.0005601914529873268
2015-03-01,U.K.,0.0,-0.0029202582147319707,0.0029202582147319707
2015-03-01,NASDAQ,0.0,-0.0006631769674939774,0.0006631769674939774
2015-03-01,U.S.,0.0,-0.0009016004538214046,0.0009016004538214046
2015-03-01,France,0.0,-0.001437148771595683,0.001437148771595683
2015-03-01,Netherlands,0.0,-0.0010058881662382954,0.0010058881662382954
2015-03-01,Sweden,0.0,-0.0024441350462702095,0.0024441350462702095
2015-03-01,Italy,0.0,-0.0008175840258631438,0.0008175840258631438
2015-03-01,ChinaA,0.0059698894722659355,0.0013724116922265057,0.00459747778003943
2015-03-01,Chile,0.0,-0.0009916490320929997,0.0009916490320929997
2015-03-01,Indonesia,0.0,0.0012881314958729467,-0.0012881314958729467
2015-03-01,Philippines,0.0,0.0008596802297180171,-0.0008596802297180171
2015-03-01,Poland,0.0,-0.0005734893142842378,0.0005734893142842378
2015-03-01,US SmallCap,0.0,0.000993336362853273,-0.000993336362853273
2015-03-01,Malaysia,0.0,-0.0011447404639708147,0.0011447404639708147
2015-03-01,Taiwan,0.0,-0.000425876298549269,0.000425876298549269
2015-03-01,Mexico,0.0,-0.0016566424357877345,0.0016566424357877345
2015-03-01,Korea,0.004076821436195869,0.0009372162469921232,0.0031396051892037457
2015-03-01,Brazil,0.0,-0.006419045497202877,0.006419045497202877
2015-03-01,South Africa,0.0,-0.001000863515555532,0.001000863515555532
2015-03-01,Denmark,0.0,0.002410996579098149,-0.002410996579098149
2015-03-01,India,0.0,-0.0022333257639854816,0.0022333257639854816
2015-03-01,ChinaH,0.005891618595518953,0.0013544180816400095,0.004537200513878944
2015-03-01,Hong Kong,0.0022876246745000737,0.0005258996611738108,0.0017617250133262628
2015-03-01,Thailand,0.0,-0.0008984007180906607,0.0008984007180906607
2015-03-01,Turkey,-0.017130524677877863,-0.003938118531526306,-0.013192406146351556
2015-03-01,Spain,0.0,-0.00044076721277702924,0.00044076721277702924
2015-03-01,Vietnam,0.0,-0.0047957819722182285,0.0047957819722182285
2015-03-01,Saudi Arabia,0.0,0.0,0.0
2015-04-01,Singapore,0.017597460009568442,0.0039768559693209166,0.013620604040247525
2015-04-01,Australia,0.0,0.0008862474632012928,-0.0008862474632012928
2015-04-01,Canada,0.0,0.003922468336685324,-0.003922468336685324
2015-04-01,Germany,0.0,-0.0002954613415343734,0.0002954613415343734
2015-04-01,Japan,0.008736652071901475,0.0019743989715066503,0.0067622531003948255
2015-04-01,Switzerland,0.0,0.0017906370941319645,-0.0017906370941319645
2015-04-01,U.K.,0.0,0.004254562233977318,-0.004254562233977318
2015-04-01,NASDAQ,0.0,0.0004953278407006375,-0.0004953278407006375
2015-04-01,U.S.,0.0,0.0005387395208502786,-0.0005387395208502786
2015-04-01,France,0.0,0.002670883813892312,-0.002670883813892312
2015-04-01,Netherlands,0.0,0.0019312891993322834,-0.0019312891993322834
2015-04-01,Sweden,0.0,0.0006851454699086164,-0.0006851454699086164
2015-04-01,Italy,0.0,0.0022835098968892868,-0.0022835098968892868
2015-04-01,ChinaA,0.041440409911130446,0.009365132322311008,0.03207527758881944
2015-04-01,Chile,0.0,0.002852870521289658,-0.002852870521289658
2015-04-01,Indonesia,0.0,-0.005494949519203054,0.005494949519203054
2015-04-01,Philippines,0.0,-0.001617376785021774,0.001617376785021774
2015-04-01,Poland,0.0,0.006093183109845326,-0.006093183109845326
2015-04-01,US SmallCap,0.0,-0.0014326634576251607,0.0014326634576251607
2015-04-01,Malaysia,0.0,0.0019323495348761565,-0.0019323495348761565
2015-04-01,Taiwan,0.011228372970946662,0.0025375038244718788,0.008690869146474784
2015-04-01,Mexico,0.0,0.0005198329490539212,-0.0005198329490539212
2015-04-01,Korea,0.0,0.0033959028905218356,-0.0033959028905218356
2015-04-01,Brazil,0.0,0.00945190433113568,-0.00945190433113568
2015-04-01,South Africa,0.0,0.0033631617206019778,-0.0033631617206019778
2015-04-01,Denmark,0.0,0.0031522993664688075,-0.0031522993664688075
2015-04-01,India,0.0,-0.00398679871368132,0.00398679871368132
2015-04-01,ChinaH,0.04136824910640857,0.009348824677522889,0.03201942442888568
2015-04-01,Hong Kong,0.02268535506805841,0.005126671103075009,0.0175586839649834
2015-04-01,Thailand,0.0,3.6662081072136054e-05,-3.6662081072136054e-05
2015-04-01,Turkey,0.005020720766305502,0.001134634392629325,0.003886086373676177
2015-04-01,Spain,0.0,0.0020372908336833816,-0.0020372908336833816
2015-04-01,Vietnam,0.0,0.0016075482338017925,-0.0016075482338017925
2015-04-01,Saudi Arabia,0.0,0.0,0.0
2015-05-01,Singapore,-0.014228789813879372,-0.0030825395858937177,-0.011146250227985655
2015-05-01,Australia,0.0,-0.0015258721133527059,0.0015258721133527059
2015-05-01,Canada,0.0,-0.002632565580147863,0.002632565580147863
2015-05-01,Germany,0.0,-0.002320719061212068,0.002320719061212068
2015-05-01,Japan,0.003373018116007363,0.0007307340963310327,0.0026422840196763304
2015-05-01,Switzerland,0.0,0.0005763521262342114,-0.0005763521262342114
2015-05-01,U.K.,0.0,0.00026093264752585153,-0.00026093264752585153
2015-05-01,NASDAQ,0.0,0.0016146106717457643,-0.0016146106717457643
2015-05-01,U.S.,0.0,0.0007515530407751042,-0.0007515530407751042
2015-05-01,France,0.0,-0.0015554690202834371,0.0015554690202834371
2015-05-01,Netherlands,0.0,0.00024183414026536103,-0.00024183414026536103
2015-05-01,Sweden,0.0,-0.0007374962890854584,0.0007374962890854584
2015-05-01,Italy,0.0,0.0001662623836294321,-0.0001662623836294321
2015-05-01,ChinaA,0.0,-0.002260849093344114,0.002260849093344114
2015-05-01,Chile,0.0,-0.0005581989336870246,0.0005581989336870246
2015-05-01,Indonesia,0.0,0.0017488509187673232,-0.0017488509187673232
2015-05-01,Philippines,0.0,-0.0005813220444372926,0.0005813220444372926
2015-05-01,Poland,0.0,-0.0038810377778762716,0.0038810377778762716
2015-05-01,US SmallCap,0.006158179499079,0.001334114308472917,0.004824065190606083
2015-05-01,Malaysia,0.0,-0.0033483705625127463,0.0033483705625127463
2015-05-01,Taiwan,-0.0004973061649854555,-0.00010773691648613281,-0.0003895692484993227
2015-05-01,Mexico,0.0,0.0002466443570399177,-0.0002466443570399177
2015-05-01,Korea,-0.015299154434368346,-0.003314424472602702,-0.011984729961765644
2015-05-01,Brazil,0.0,-0.0068514461182554096,0.0068514461182554096
2015-05-01,South Africa,0.0,-0.004992733147461824,0.004992733147461824
2015-05-01,Denmark,0.0,-0.00047312927309427276,0.00047312927309427276
2015-05-01,India,0.0,0.0019181940330172266,-0.0019181940330172266
2015-05-01,ChinaH,-0.01042364687230778,-0.0022581895251501797,-0.0081654573471576
2015-05-01,Hong Kong,-0.0014305354616903957,-0.000309912666317131,-0.0011206227953732646
2015-05-01,Thailand,0.0,-0.002202444069395182,0.002202444069395182
2015-05-01,Turkey,0.0,0.00023834870242965057,-0.00023834870242965057
2015-05-01,Spain,0.0,-0.002055585852685691,0.002055585852685691
2015-05-01,Vietnam,0.0,0.0003684611019501329,-0.0003684611019501329
2015-05-01,Saudi Arabia,0.0,0.0,0.0
2015-06-01,Singapore,-0.003755838496271234,-0.00081288923517553,-0.002942949261095704
2015-06-01,Australia,0.0,-0.0024601344630851073,0.0024601344630851073
2015-06-01,Canada,0.0,-0.0016638103442092817,0.0016638103442092817
2015-06-01,Germany,0.0,-0.0015083612509433392,0.0015083612509433392
2015-06-01,Japan,-0.004755856599355041,-0.0010293266437021542,-0.0037265299556528864
2015-06-01,Switzerland,0.0,-0.002366127647657447,0.002366127647657447
2015-06-01,U.K.,0.0,-0.0018529566667028893,0.0018529566667028893
2015-06-01,NASDAQ,0.0,-0.0008934472303011641,0.0008934472303011641
2015-06-01,U.S.,0.0,-0.0011107590779627838,0.0011107590779627838
2015-06-01,France,0.0,-0.0017124149426610432,0.0017124149426610432
2015-06-01,Netherlands,0.0,-0.0012079498013533349,0.0012079498013533349
2015-06-01,Sweden,0.0,-0.0021100464492757333,0.0021100464492757333
2015-06-01,Italy,0.0,-0.0015996459114633141,0.0015996459114633141
2015-06-01,ChinaA,-0.018240279979406585,-0.003947807462053494,-0.014292472517353091
2015-06-01,Chile,0.0,-0.003890462193480147,0.003890462193480147
2015-06-01,Indonesia,0.0,-0.0042441441103495585,0.0042441441103495585
2015-06-01,Philippines,0.0,-0.0006113158075119407,0.0006113158075119407
2015-06-01,Poland,0.0,-0.002157083603051744,0.002157083603051744
2015-06-01,US SmallCap,0.0,0.0004296711257777489,-0.0004296711257777489
2015-06-01,Malaysia,0.0,-0.002736542995517143,0.002736542995517143
2015-06-01,Taiwan,-0.010383051887284053,-0.0022472401611042673,-0.008135811726179786
2015-06-01,Mexico,0.0,-0.0005178568089720259,0.0005178568089720259
2015-06-01,Korea,-0.010413862633293493,-0.0022539086384053193,-0.008159953994888175
2015-06-01,Brazil,0.0,0.0021634841035120676,-0.0021634841035120676
2015-06-01,South Africa,0.0,0.0015075723103718933,-0.0015075723103718933
2015-06-01,Denmark,0.0,-0.0013380031765220946,0.0013380031765220946
2015-06-01,India,0.0,7.002419319361316e-05,-7.002419319361316e-05
2015-06-01,ChinaH,-0.018207665446938408,-0.003940748584953218,-0.014266916861985189
2015-06-01,Hong Kong,-0.007273380124235055,-0.0015742030473887975,-0.005699177076846257
2015-06-01,Thailand,0.0,0.00026536774825083593,-0.00026536774825083593
2015-06-01,Turkey,0.0,-0.0006506424477715662,0.0006506424477715662
2015-06-01,Spain,0.0,-0.0012164644147197859,0.0012164644147197859
2015-06-01,Vietnam,0.0,0.003403015760950039,-0.003403015760950039
2015-06-01,Saudi Arabia,0.0,0.0,0.0
2015-07-01,Singapore,-0.012342368072358676,-0.0027163855334731662,-0.009625982538885509
2015-07-01,Australia,0.0,-0.0005100981035172786,0.0005100981035172786
2015-07-01,Canada,0.0,-0.0020318200826683125,0.0020318200826683125
2015-07-01,Germany,0.0,0.0015065039499631138,-0.0015065039499631138
2015-07-01,Japan,0.0011816829999417217,0.0002600721828561899,0.0009216108170855318
2015-07-01,Switzerland,0.0,0.0024766872283515052,-0.0024766872283515052
2015-07-01,U.K.,0.0,0.0010395681972576543,-0.0010395681972576543
2015-07-01,NASDAQ,0.0,0.0016156822913186517,-0.0016156822913186517
2015-07-01,U.S.,0.0,0.0011745246537324529,-0.0011745246537324529
2015-07-01,France,0.0,0.0027497335500203095,-0.0027497335500203095
2015-07-01,Netherlands,0.0,0.002402881475177486,-0.002402881475177486
2015-07-01,Sweden,0.0,0.0006739222161781812,-0.0006739222161781812
2015-07-01,Italy,0.0,0.002318139970036902,-0.002318139970036902
2015-07-01,ChinaA,-0.02778733960780964,-0.0061156114354913495,-0.021671728172318293
2015-07-01,Chile,0.0,-0.0029615896818041875,0.0029615896818041875
2015-07-01,Indonesia,0.0,-0.002390446809907825,0.002390446809907825
2015-07-01,Philippines,0.0,-0.0006609398344545777,0.0006609398344545777
2015-07-01,Poland,0.0,-0.002022368163845187,0.002022368163845187
2015-07-01,US SmallCap,0.0,-0.000651425257000653,0.000651425257000653
2015-07-01,Malaysia,0.0,-0.0005952362306579579,0.0005952362306579579
2015-07-01,Taiwan,-0.021322798915206588,-0.0046928549016571,-0.01662994401354949
2015-07-01,Mexico,0.0,-0.0014203221792133244,0.0014203221792133244
2015-07-01,Korea,-0.018463203166832507,-0.0040634971903228375,-0.01439970597650967
2015-07-01,Brazil,0.0,-0.006842068902816963,0.006842068902816963
2015-07-01,South Africa,0.0,-0.003419127283109766,0.003419127283109766
2015-07-01,Denmark,0.0,0.0034097756299453098,-0.0034097756299453098
2015-07-01,India,0.0,0.0010597744934403178,-0.0010597744934403178
2015-07-01,ChinaH,-0.027793447881045527,-0.00611695578245582,-0.021676492098589708
2015-07-01,Hong Kong,-0.004265358288347211,-0.0009387467203716307,-0.0033266115679755803
2015-07-01,Thailand,0.0,-0.003896290412985474,0.003896290412985474
2015-07-01,Turkey,0.0,-0.0033432746563810843,0.0033432746563810843
2015-07-01,Spain,0.0,0.0019647430265195775,-0.0019647430265195775
2015-07-01,Vietnam,0.0,0.0020928867858185434,-0.0020928867858185434
2015-07-01,Saudi Arabia,0.0,0.0,0.0
2015-08-01,Singapore,-0.027445484643655274,-0.006333936289188758,-0.021111548354466516
2015-08-01,Australia,0.0,-0.005700040786465246,0.005700040786465246
2015-08-01,Canada,0.0,-0.003542584813839327,0.003542584813839327
2015-08-01,Germany,0.0,-0.004137342648421389,0.004137342648421389
2015-08-01,Japan,-0.013929740426885147,-0.0032147396751918598,-0.010715000751693286
2015-08-01,Switzerland,0.0,-0.0037506574529204465,0.0037506574529204465
2015-08-01,U.K.,0.0,-0.003518289430291687,0.003518289430291687
2015-08-01,NASDAQ,0.0,-0.0036939675323788487,0.0036939675323788487
2015-08-01,U.S.,0.0,-0.0033260164530879615,0.0033260164530879615
2015-08-01,France,0.0,-0.003874724285347052,0.003874724285347052
2015-08-01,Netherlands,0.0,-0.0048293199245458334,0.0048293199245458334
2015-08-01,Sweden,0.0,-0.003373020110103987,0.003373020110103987
2015-08-01,Italy,-0.012708532377698874,-0.0029329062851162174,-0.009775626092582656
2015-08-01,ChinaA,-0.027930740474900524,-0.00644592482059825,-0.021484815654302273
2015-08-01,Chile,0.0,-0.0019521829841476104,0.0019521829841476104
2015-08-01,Indonesia,0.0,-0.004911134651558136,0.004911134651558136
2015-08-01,Philippines,0.0,-0.004084140118419131,0.004084140118419131
2015-08-01,Poland,0.0,-0.0017170039057537304,0.0017170039057537304
2015-08-01,US SmallCap,-0.0150096026147539,-0.003463952920571582,-0.011545649694182317
2015-08-01,Malaysia,0.0,-0.008156097608217016,0.008156097608217016
2015-08-01,Taiwan,0.0,-0.004705824568243588,0.004705824568243588
2015-08-01,Mexico,0.0,-0.0035830266724666097,0.0035830266724666097
2015-08-01,Korea,0.0,-0.0035234587172382984,0.0035234587172382984
2015-08-01,Brazil,0.0,-0.007792045727415068,0.007792045727415068
2015-08-01,South Africa,0.0,-0.0038569056055261144,0.0038569056055261144
2015-08-01,Denmark,0.0,-0.002869545744956698,0.002869545744956698
2015-08-01,India,0.0,-0.0048900811208188386,0.0048900811208188386
2015-08-01,ChinaH,-0.027993956244392947,-0.006460513910994569,-0.021533442333398378
2015-08-01,Hong Kong,-0.030697579681014206,-0.007084462761592673,-0.023613116919421532
2015-08-01,Thailand,0.0,-0.003559162706429925,0.003559162706429925
2015-08-01,Turkey,0.0,-0.00547920186694492,0.00547920186694492
2015-08-01,Spain,0.0,-0.004028343985521559,0.004028343985521559
2015-08-01,Vietnam,0.0,-0.005358071598082975,0.005358071598082975
2015-08-01,Saudi Arabia,0.0,0.0,0.0
2015-09-01,Singapore,-0.009665461626553323,-0.002262078832392598,-0.007403382794160725
2015-09-01,Australia,0.0,-0.002281067508380042,0.002281067508380042
2015-09-01,Canada,0.0,-0.0023663318590943345,0.0023663318590943345
2015-09-01,Germany,0.0,-0.0031350210434285286,0.0031350210434285286
2015-09-01,Japan,-0.016027129849414252,-0.0037509466776803964,-0.012276183171733856
2015-09-01,Switzerland,0.0,-0.002249562586298552,0.002249562586298552
2015-09-01,U.K.,0.0,-0.002168107711575494,0.002168107711575494
2015-09-01,NASDAQ,0.0,-0.0016245461181121706,0.0016245461181121706
2015-09-01,U.S.,0.0,-0.0012541461841013147,0.0012541461841013147
2015-09-01,France,0.0,-0.002132551058558773,0.002132551058558773
2015-09-01,Netherlands,-0.010414780853747502,-0.002437447503650276,-0.007977333350097225
2015-09-01,Sweden,0.0,-0.0022252203161479056,0.0022252203161479056
2015-09-01,Italy,-0.006862168234866197,-0.0016060035317674813,-0.005256164703098715
2015-09-01,ChinaA,-0.004927048647228533,-0.001153113310226721,-0.003773935337001812
2015-09-01,Chile,0.0,-0.0027394971515870502,0.0027394971515870502
2015-09-01,Indonesia,0.0,-0.006517118002455019,0.006517118002455019
2015-09-01,Philippines,0.0,-0.0009424059709401604,0.0009424059709401604
2015-09-01,Poland,0.0,-0.0021113557033613757,0.0021113557033613757
2015-09-01,US SmallCap,0.0,-0.002487170115523833,0.002487170115523833
2015-09-01,Malaysia,0.0,-0.0017883063499308301,0.0017883063499308301
2015-09-01,Taiwan,0.0,-0.001511015849116828,0.001511015849116828
2015-09-01,Mexico,0.0,-0.0016927478593158239,0.0016927478593158239
2015-09-01,Korea,0.0,0.0008631148314805757,-0.0008631148314805757
2015-09-01,Brazil,0.0,-0.006017256148927313,0.006017256148927313
2015-09-01,South Africa,0.0,-0.003469219600809395,0.003469219600809395
2015-09-01,Denmark,0.0,-0.0015195046053941455,0.0015195046053941455
2015-09-01,India,0.0,0.0002562338833805196,-0.0002562338833805196
2015-09-01,ChinaH,-0.004927575844912566,-0.0011532366941650796,-0.0037743391507474864
2015-09-01,Hong Kong,-0.004683482869972333,-0.001096109826035871,-0.0035873730439364617
2015-09-01,Thailand,0.0,-0.002754172037562641,0.002754172037562641
2015-09-01,Turkey,0.0,-0.002546487335644173,0.002546487335644173
2015-09-01,Spain,0.0,-0.003841852891956683,0.003841852891956683
2015-09-01,Vietnam,0.0,-0.0012549813433786778,0.0012549813433786778
2015-09-01,Saudi Arabia,0.0,0.0,0.0
2015-10-01,Singapore,0.0,0.0046551811793588286,-0.0046551811793588286
2015-10-01,Australia,0.0,0.0029505346845121383,-0.0029505346845121383
2015-10-01,Canada,0.0,0.0020551322590348846,-0.0020551322590348846
2015-10-01,Germany,0.022118793175060537,0.005146003554648351,0.016972789620412185
2015-10-01,Japan,0.020989339752598247,0.004883232829283731,0.016106106923314517
2015-10-01,Switzerland,0.0,0.0021495652818378035,-0.0021495652818378035
2015-10-01,U.K.,0.0,0.0037132132664380885,-0.0037132132664380885
2015-10-01,NASDAQ,0.0,0.004579982428490685,-0.004579982428490685
2015-10-01,U.S.,0.0,0.004089651259684282,-0.004089651259684282
2015-10-01,France,0.0,0.004043548350313137,-0.004043548350313137
2015-10-01,Netherlands,0.0,0.003827031375046708,-0.003827031375046708
2015-10-01,Sweden,0.0,0.002336810227163121,-0.002336810227163121
2015-10-01,Italy,0.009414873430374683,0.0021903985337635777,0.007224474896611105
2015-10-01,ChinaA,0.018890264719526782,0.004394876728832522,0.014495387990694261
2015-10-01,Chile,0.0,0.0027921725523562036,-0.0027921725523562036
2015-10-01,Indonesia,0.0,0.007561824616035971,-0.007561824616035971
2015-10-01,Philippines,0.0,0.001260161625459975,-0.001260161625459975
2015-10-01,Poland,0.0,-0.000625193565736152,0.000625193565736152
2015-10-01,US SmallCap,0.01174123589529144,0.0027316337367474484,0.009009602158543992
2015-10-01,Malaysia,0.0,0.0026261182787642103,-0.0026261182787642103
2015-10-01,Taiwan,0.0,0.0027021454716867174,-0.0027021454716867174
2015-10-01,Mexico,0.0,0.00347119467385759,-0.00347119467385759
2015-10-01,Korea,0.0,0.005405232325943608,-0.005405232325943608
2015-10-01,Brazil,0.0,0.00252527779286773,-0.00252527779286773
2015-10-01,South Africa,0.0,0.003580263187501101,-0.003580263187501101
2015-10-01,Denmark,0.0,0.00022727096738223192,-0.00022727096738223192
2015-10-01,India,0.0,0.0006272635456192457,-0.0006272635456192457
2015-10-01,ChinaH,0.018894451712314086,0.004395850845259047,0.01449860086705504
2015-10-01,Hong Kong,0.01786301000396065,0.004155882839066738,0.013707127164893912
2015-10-01,Thailand,0.0,0.0026295829470064157,-0.0026295829470064157
2015-10-01,Turkey,0.0,0.005930896138832474,-0.005930896138832474
2015-10-01,Spain,0.0,0.003507640276200277,-0.003507640276200277
2015-10-01,Vietnam,0.0,0.003188897765729601,-0.003188897765729601
2015-10-01,Saudi Arabia,0.0,0.0,0.0
2015-11-01,Singapore,0.0,-0.0028338809890708708,0.0028338809890708708
2015-11-01,Australia,0.0,0.0004579994145499056,-0.0004579994145499056
2015-11-01,Canada,0.0,-0.0010230066203613013,0.0010230066203613013
2015-11-01,Germany,0.0,5.324062850500007e-06,-5.324062850500007e-06
2015-11-01,Japan,-0.0023238286669007287,-0.0005338357836281187,-0.0017899928832726098
2015-11-01,Switzerland,0.0,-0.0016684238513385633,0.0016684238513385633
2015-11-01,U.K.,0.0,-0.0008786623399282341,0.0008786623399282341
2015-11-01,NASDAQ,0.0,0.0006618525964027277,-0.0006618525964027277
2015-11-01,U.S.,0.0,0.00015414294703519093,-0.00015414294703519093
2015-11-01,France,-0.006760090631836967,-0.001552945073466535,-0.005207145558370432
2015-11-01,Netherlands,-0.004260165058147895,-0.0009786558641754909,-0.0032815091939724043
2015-11-01,Sweden,0.0,-7.611438633626126e-06,7.611438633626126e-06
2015-11-01,Italy,-0.0074036970595351016,-0.0017007959656480819,-0.0057029010938870195
2015-11-01,ChinaA,0.0,-0.0017605773475450372,0.0017605773475450372
2015-11-01,Chile,0.0,-0.003887097706243468,0.003887097706243468
2015-11-01,Indonesia,0.0,-0.0003701140687128506,0.0003701140687128506
2015-11-01,Philippines,0.0,-0.00195695142592013,0.00195695142592013
2015-11-01,Poland,0.0,-0.005566115274335759,0.005566115274335759
2015-11-01,US SmallCap,0.0,0.0016852660970945585,-0.0016852660970945585
2015-11-01,Malaysia,0.0,0.0008675428543293111,-0.0008675428543293111
2015-11-01,Taiwan,0.0,-0.0017432693918879056,0.0017432693918879056
2015-11-01,Mexico,0.0,-0.0014459625762015262,0.0014459625762015262
2015-11-01,Korea,-0.007805291249264631,-0.0017930511960049251,-0.006012240053259706
2015-11-01,Brazil,0.0,-0.0016314386159384452,0.0016314386159384452
2015-11-01,South Africa,0.0,-0.0036804592424616134,0.0036804592424616134
2015-11-01,Denmark,0.0,0.0016192619464917186,-0.0016192619464917186
2015-11-01,India,0.0,-0.002360973919817464,0.002360973919817464
2015-11-01,ChinaH,-0.0076126314086647886,-0.0017487928914039004,-0.005863838517260888
2015-11-01,Hong Kong,-0.007075950170418555,-0.0016255051234808939,-0.005450445046937661
2015-11-01,Thailand,0.0,-0.0017414959026107988,0.0017414959026107988
2015-11-01,Turkey,0.0,-0.0031067185010777015,0.0031067185010777015
2015-11-01,Spain,0.0,-0.0018211504581737634,0.0018211504581737634
2015-11-01,Vietnam,0.0,-0.00453752484738066,0.00453752484738066
2015-11-01,Saudi Arabia,0.0,0.0,0.0
2015-12-01,Singapore,0.0,0.0004475176492513042,-0.0004475176492513042
2015-12-01,Australia,0.0,0.001760259860249062,-0.001760259860249062
2015-12-01,Canada,0.0,-0.003528156922732339,0.003528156922732339
2015-12-01,Germany,0.0,-0.0013343464668887728,0.0013343464668887728
2015-12-01,Japan,0.0004725748151055419,0.00010858236997468022,0.0003639924451308617
2015-12-01,Switzerland,0.0,0.0004846834603328556,-0.0004846834603328556
2015-12-01,U.K.,0.0,-0.00192940368520447,0.00192940368520447
2015-12-01,NASDAQ,0.0,-0.0009476002080798174,0.0009476002080798174
2015-12-01,U.S.,0.0,-0.0007994384271727252,0.0007994384271727252
2015-12-01,France,-0.007572434242626746,-0.0017398998640209009,-0.005832534378605845
2015-12-01,Netherlands,0.0,-0.0013642497468561716,0.0013642497468561716
2015-12-01,Sweden,0.0,-0.0011727590669366882,0.0011727590669366882
2015-12-01,Italy,-0.007567045148560407,-0.0017386616249378281,-0.005828383523622579
2015-12-01,ChinaA,0.0,-0.0006596116594065025,0.0006596116594065025
2015-12-01,Chile,0.0,0.0006220194995141683,-0.0006220194995141683
2015-12-01,Indonesia,0.0,0.002324176077129054,-0.002324176077129054
2015-12-01,Philippines,0.0,0.0005563872435418515,-0.0005563872435418515
2015-12-01,Poland,0.0,-1.621892752434984e-05,1.621892752434984e-05
2015-12-01,US SmallCap,0.0,-0.002530640207774483,0.002530640207774483
2015-12-01,Malaysia,0.0,8.23989343881348e-05,-8.23989343881348e-05
2015-12-01,Taiwan,0.0,-0.0003911609668333012,0.0003911609668333012
2015-12-01,Mexico,0.0,-0.0025563822905233613,0.0025563822905233613
2015-12-01,Korea,-0.0034585510484891834,-0.000794662892561256,-0.0026638881559279274
2015-12-01,Brazil,0.0,-0.0025022381763867363,0.0025022381763867363
2015-12-01,South Africa,0.0,-0.005031993813681935,0.005031993813681935
2015-12-01,Denmark,0.0,0.0014804732962108358,-0.0014804732962108358
2015-12-01,India,0.0,0.001107108287739428,-0.001107108287739428
2015-12-01,ChinaH,-0.0029146169422959952,-0.0006696844712136748,-0.0022449324710823206
2015-12-01,Hong Kong,0.0017672991633176614,0.00040606804567959025,0.0013612311176380712
2015-12-01,Thailand,0.0,-0.003978120520425817,0.003978120520425817
2015-12-01,Turkey,0.0,-0.002680491043866544,0.002680491043866544
2015-12-01,Spain,0.0,-0.00286400618858728,0.00286400618858728
2015-12-01,Vietnam,0.01127737607375463,0.0025911753695773104,0.008686200704177319
2015-12-01,Saudi Arabia,0.0,0.0,0.0
2016-01-01,Singapore,0.0,-0.004536011403831733,0.004536011403831733
2016-01-01,Australia,0.0,-0.004276243307853152,0.004276243307853152
2016-01-01,Canada,0.0,-0.0012225135049353775,0.0012225135049353775
2016-01-01,Germany,-0.01985289286297618,-0.0045102739284656225,-0.015342618934510558
2016-01-01,Japan,-0.017957192624388333,-0.004079599798438254,-0.01387759282595008
2016-01-01,Switzerland,0.0,-0.003724590263255492,0.003724590263255492
2016-01-01,U.K.,0.0,-0.002947001472044195,0.002947001472044195
2016-01-01,NASDAQ,0.0,-0.003874331056552714,0.003874331056552714
2016-01-01,U.S.,0.0,-0.0024600529868098074,0.0024600529868098074
2016-01-01,France,-0.009953688677107619,-0.0022613259862065186,-0.0076923626909011
2016-01-01,Netherlands,0.0,-0.0013846105260477012,0.0013846105260477012
2016-01-01,Sweden,0.0,-0.003916464003935174,0.003916464003935174
2016-01-01,Italy,-0.029580283436605827,-0.006720188443143911,-0.022860094993461914
2016-01-01,ChinaA,0.0,-0.0063058923957225056,0.0063058923957225056
2016-01-01,Chile,0.0,0.0004474837369313901,-0.0004474837369313901
2016-01-01,Indonesia,0.0,0.0014181235722420399,-0.0014181235722420399
2016-01-01,Philippines,0.0,-0.002597746508536372,0.002597746508536372
2016-01-01,Poland,0.0,-0.003995114438793469,0.003995114438793469
2016-01-01,US SmallCap,0.0,-0.004359968345623283,0.004359968345623283
2016-01-01,Malaysia,0.0,0.0014516110068360565,-0.0014516110068360565
2016-01-01,Taiwan,0.0,-0.002274913916116171,0.002274913916116171
2016-01-01,Mexico,0.0,-0.0016765595564161037,0.0016765595564161037
2016-01-01,Korea,-0.013761859683440618,-0.003126484254250864,-0.010635375429189754
2016-01-01,Brazil,0.0,-0.0036240310761594882,0.0036240310761594882
2016-01-01,South Africa,0.0,-0.0018926839417126985,0.0018926839417126985
2016-01-01,Denmark,0.0,-0.0022437615993801873,0.0022437615993801873
2016-01-01,India,0.0,-0.003355855184990326,0.003355855184990326
2016-01-01,ChinaH,-0.027043494646121373,-0.006143868789241812,-0.020899625856879562
2016-01-01,Hong Kong,-0.020327873528016197,-0.004618182278389296,-0.0157096912496269
2016-01-01,Thailand,0.0,0.0022620097238678343,-0.0022620097238678343
2016-01-01,Turkey,0.0,0.0008023353510508432,-0.0008023353510508432
2016-01-01,Spain,0.0,-0.0039201555426577935,0.0039201555426577935
2016-01-01,Vietnam,0.0,-0.003103355631620713,0.003103355631620713
2016-01-01,Saudi Arabia,0.0,0.0,0.0
2016-02-01,Singapore,0.0,0.0016196142337328565,-0.0016196142337328565
2016-02-01,Australia,0.0,-0.000276228154637524,0.000276228154637524
2016-02-01,Canada,0.0,0.0017935897462932292,-0.0017935897462932292
2016-02-01,Germany,0.0,-0.0012236628705255134,0.0012236628705255134
2016-02-01,Japan,-0.005506998953115179,-0.0012978179208967087,-0.00420918103221847
2016-02-01,Switzerland,0.0,-0.0010473789719457505,0.0010473789719457505
2016-02-01,U.K.,0.0,3.964104883184455e-05,-3.964104883184455e-05
2016-02-01,NASDAQ,0.0,-0.00047831388592906835,0.00047831388592906835
2016-02-01,U.S.,0.0,-6.30107286479654e-05,6.30107286479654e-05
2016-02-01,France,-0.002303955815501858,-0.000542966354591563,-0.0017609894609102953
2016-02-01,Netherlands,0.0,-0.0007658973746547423,0.0007658973746547423
2016-02-01,Sweden,0.0,0.0005957591438830075,-0.0005957591438830075
2016-02-01,Italy,-0.010328636900654225,-0.002434118869864934,-0.007894518030789291
2016-02-01,ChinaA,0.0,-0.0011853638607608392,0.0011853638607608392
2016-02-01,Chile,0.0,0.0008023456211818423,-0.0008023456211818423
2016-02-01,Indonesia,0.0,0.002700489743019415,-0.002700489743019415
2016-02-01,Philippines,0.0,1.6668827346219312e-05,-1.6668827346219312e-05
2016-02-01,Poland,0.0,0.002010995255339756,-0.002010995255339756
2016-02-01,US SmallCap,-2.2669001447481653e-05,-5.34233555841386e-06,-1.7326665889067793e-05
2016-02-01,Malaysia,0.0,-0.0008959357134505712,0.0008959357134505712
2016-02-01,Taiwan,0.0,0.001912984678726029,-0.001912984678726029
2016-02-01,Mexico,0.0,0.00044445006516510925,-0.00044445006516510925
2016-02-01,Korea,-0.002999874630104076,-0.000706971453697138,-0.0022929031764069383
2016-02-01,Brazil,0.0,0.002937297997996534,-0.002937297997996534
2016-02-01,South Africa,0.0,8.393417866595372e-05,-8.393417866595372e-05
2016-02-01,Denmark,0.0,-0.001112385346363501,0.001112385346363501
2016-02-01,India,0.0,-0.0033314463137786455,0.0033314463137786455
2016-02-01,ChinaH,0.0,-0.0012200836164089452,0.0012200836164089452
2016-02-01,Hong Kong,-0.00022253991208288988,-5.2445313404785736e-05,-0.00017009459867810414
2016-02-01,Thailand,0.0,0.0020008931187374163,-0.0020008931187374163
2016-02-01,Turkey,0.0,0.0014256347446533178,-0.0014256347446533178
2016-02-01,Spain,-0.007422862486129023,-0.0017493237316489206,-0.005673538754480102
2016-02-01,Vietnam,0.0,-0.001962648290858768,0.001962648290858768
2016-02-01,Saudi Arabia,0.0,0.0,0.0
2016-03-01,Singapore,0.0,0.005426832591247033,-0.005426832591247033
2016-03-01,Australia,0.0,0.005798069983290473,-0.005798069983290473
2016-03-01,Canada,0.0,0.004681110297480838,-0.004681110297480838
2016-03-01,Germany,0.0,0.00461335579923944,-0.00461335579923944
2016-03-01,Japan,0.0075362444197185794,0.0018113486728280003,0.00572489574689058
2016-03-01,Switzerland,0.0,0.0018468501995545685,-0.0018468501995545685
2016-03-01,U.K.,0.0,0.002631328067370403,-0.002631328067370403
2016-03-01,NASDAQ,0.0,0.0032594169783105083,-0.0032594169783105083
2016-03-01,U.S.,0.0,0.003168025175847011,-0.003168025175847011
2016-03-01,France,0.011478194433642607,0.0027588028062678813,0.008719391627374725
2016-03-01,Netherlands,0.01544723103615306,0.0037127672455782943,0.011734463790574766
2016-03-01,Sweden,0.0,0.0029483756289836183,-0.0029483756289836183
2016-03-01,Italy,0.015163043972348647,0.0036444624199664637,0.011518581552382183
2016-03-01,ChinaA,0.0,0.0055569995058935865,-0.0055569995058935865
2016-03-01,Chile,0.020090860923058115,0.00482887128418165,0.015261989638876466
2016-03-01,Indonesia,0.0,0.0018720861722202032,-0.0018720861722202032
2016-03-01,Philippines,0.0,0.006084665234722861,-0.006084665234722861
2016-03-01,Poland,0.0,0.007959539977118396,-0.007959539977118396
2016-03-01,US SmallCap,0.0,0.0037272941008714066,-0.0037272941008714066
2016-03-01,Malaysia,0.0,0.006196180691392592,-0.006196180691392592
2016-03-01,Taiwan,0.0,0.003951455657961647,-0.003951455657961647
2016-03-01,Mexico,0.0,0.005248627710416966,-0.005248627710416966
2016-03-01,Korea,0.027732481697122457,0.006665547336133957,0.0210669343609885
2016-03-01,Brazil,0.0,0.014258780261849546,-0.014258780261849546
2016-03-01,South Africa,0.0,0.008583705562102055,-0.008583705562102055
2016-03-01,Denmark,0.0,0.002473753143249127,-0.002473753143249127
2016-03-01,India,0.0,0.006008886304352857,-0.006008886304352857
2016-03-01,ChinaH,0.0,0.005439980500289609,-0.005439980500289609
2016-03-01,Hong Kong,0.019022415814344124,0.004572068754715531,0.014450347059628593
2016-03-01,Thailand,0.0,0.003636290291684972,-0.003636290291684972
2016-03-01,Turkey,0.0,0.007490964759328751,-0.007490964759328751
2016-03-01,Spain,0.0,0.003717925839030815,-0.003717925839030815
2016-03-01,Vietnam,0.0,0.0007032067692660277,-0.0007032067692660277
2016-03-01,Saudi Arabia,0.0,0.0,0.0
2016-04-01,Singapore,0.0,0.00021930074681152014,-0.00021930074681152014
2016-04-01,Australia,0.0,0.0014264654245320627,-0.0014264654245320627
2016-04-01,Canada,0.0,0.0034708863836984353,-0.0034708863836984353
2016-04-01,Germany,0.0,0.0003596143401047773,-0.0003596143401047773
2016-04-01,Japan,0.009790527563985234,0.002385948834738684,0.00740457872924655
2016-04-01,Switzerland,0.0,0.001000774439391305,-0.001000774439391305
2016-04-01,U.K.,0.008540387868737608,0.0020812901399295445,0.006459097728808063
2016-04-01,NASDAQ,0.0,-0.000971356067920431,0.000971356067920431
2016-04-01,U.S.,0.0,0.00019941291595971768,-0.00019941291595971768
2016-04-01,France,0.003268900154890356,0.0007966300553739509,0.002472270099516405
2016-04-01,Netherlands,0.0,-0.0004676950728466323,0.0004676950728466323
2016-04-01,Sweden,0.0,0.0003319055890433763,-0.0003319055890433763
2016-04-01,Italy,0.0,0.0013324254298226277,-0.0013324254298226277
2016-04-01,ChinaA,0.0,-0.00010569258695425842,0.00010569258695425842
2016-04-01,Chile,0.005878302200924372,0.0014325406056901328,0.004445761595234239
2016-04-01,Indonesia,0.0,-0.0012072345007524859,0.0012072345007524859
2016-04-01,Philippines,0.0,-0.001817004024176911,0.001817004024176911
2016-04-01,Poland,0.0,-0.003930881951302841,0.003930881951302841
2016-04-01,US SmallCap,0.0,0.0008068315115511643,-0.0008068315115511643
2016-04-01,Malaysia,0.0,-0.0017881273469657873,0.0017881273469657873
2016-04-01,Taiwan,0.0,-0.002730544466665733,0.002730544466665733
2016-04-01,Mexico,0.0,-9.976808211440146e-05,9.976808211440146e-05
2016-04-01,Korea,-0.0024289038852244255,-0.0005919231989051801,-0.0018369806863192454
2016-04-01,Brazil,0.0,0.005346612252405104,-0.005346612252405104
2016-04-01,South Africa,0.0,0.0018581124470872699,-0.0018581124470872699
2016-04-01,Denmark,0.0,0.0010374248497450197,-0.0010374248497450197
2016-04-01,India,0.0,0.00011032871731755094,-0.00011032871731755094
2016-04-01,ChinaH,0.0,-0.00010173844637862346,0.00010173844637862346
2016-04-01,Hong Kong,0.0019751898938351674,0.0004813532258383569,0.0014938366679968103
2016-04-01,Thailand,0.0,0.000289128323013442,-0.000289128323013442
2016-04-01,Turkey,0.009540340193825311,0.0023249782424597507,0.007215361951365561
2016-04-01,Spain,0.0,0.0026132969135637518,-0.0026132969135637518
2016-04-01,Vietnam,0.0,0.003962859664885731,-0.003962859664885731
2016-04-01,Saudi Arabia,0.0,0.0,0.0
2016-05-01,Singapore,0.0,-0.0021946801912669173,0.0021946801912669173
2016-05-01,Australia,0.0,-0.000970272741868413,0.000970272741868413
2016-05-01,Canada,0.0,-0.0017788695020848533,0.0017788695020848533
2016-05-01,Germany,0.0,-0.0011528734729084956,0.0011528734729084956
2016-05-01,Japan,-0.0022134904868932044,-0.000532615432234907,-0.0016808750546582975
2016-05-01,Switzerland,0.0,-0.00027563468053894467,0.00027563468053894467
2016-05-01,U.K.,0.0,0.0001295441974096545,-0.0001295441974096545
2016-05-01,NASDAQ,0.0,0.0019956564686061974,-0.0019956564686061974
2016-05-01,U.S.,0.0,0.0009338853712668411,-0.0009338853712668411
2016-05-01,France,-0.0026225021760154597,-0.0006310328136878277,-0.001991469362327632
2016-05-01,Netherlands,0.0015920884468705872,0.00038309217107879634,0.0012089962757917908
2016-05-01,Sweden,0.0,-0.0015627696165252682,0.0015627696165252682
2016-05-01,Italy,0.0,-0.0026850735593281034,0.0026850735593281034
2016-05-01,ChinaA,0.0,-0.0005015690428031718,0.0005015690428031718
2016-05-01,Chile,-0.013385061846354528,-0.0032207459408570937,-0.010164315905497434
2016-05-01,Indonesia,0.0,-0.0016702963740022395,0.0016702963740022395
2016-05-01,Philippines,0.0,0.002483566275194851,-0.002483566275194851
2016-05-01,Poland,0.0,-0.004051999769350832,0.004051999769350832
2016-05-01,US SmallCap,0.0,0.001171286225176685,-0.001171286225176685
2016-05-01,Malaysia,0.0,-0.00350281876265743,0.00350281876265743
2016-05-01,Taiwan,0.0,0.0009111382885777854,-0.0009111382885777854
2016-05-01,Mexico,0.0,-0.004051651403294247,0.004051651403294247
2016-05-01,Korea,-0.008428453125723783,-0.0020280747675269386,-0.006400378358196844
2016-05-01,Brazil,0.0,-0.007094600675318852,0.007094600675318852
2016-05-01,South Africa,0.0,-0.00451547080302791,0.00451547080302791
2016-05-01,Denmark,0.0,0.000808538551748278,-0.000808538551748278
2016-05-01,India,0.0,0.0011811082611866551,-0.0011811082611866551
2016-05-01,ChinaH,0.0,-0.0004373468854253865,0.0004373468854253865
2016-05-01,Hong Kong,-0.0019405952699346977,-0.0004669507253857709,-0.0014736445445489269
2016-05-01,Thailand,0.0,0.00010374056936710557,-0.00010374056936710557
2016-05-01,Turkey,-0.02837181138264669,-0.006826893845866664,-0.021544917536780027
2016-05-01,Spain,0.0,-0.0014703332845828138,0.0014703332845828138
2016-05-01,Vietnam,0.0,0.00060555228860664,-0.00060555228860664
2016-05-01,Saudi Arabia,0.0,0.0,0.0
2016-06-01,Singapore,0.0,0.0020853794220939124,-0.0020853794220939124
2016-06-01,Australia,0.0006108025433689036,0.0001489186477839609,0.0004618838955849427
2016-06-01,Canada,0.0008951089818074495,0.0002182348790737366,0.0006768741027337129
2016-06-01,Germany,0.0,-0.0029425659444503936,0.0029425659444503936
2016-06-01,Japan,0.0,-0.0013175423690083205,0.0013175423690083205
2016-06-01,Switzerland,0.0,-0.0003109505319291052,0.0003109505319291052
2016-06-01,U.K.,0.0,-0.0015881415750642327,0.0015881415750642327
2016-06-01,NASDAQ,0.0,-0.0010448280902813955,0.0010448280902813955
2016-06-01,U.S.,0.0,0.00013177905152845219,-0.00013177905152845219
2016-06-01,France,-0.012871494528868559,-0.0031381754725930675,-0.009733319056275492
2016-06-01,Netherlands,0.0,-0.0032046935665743857,0.0032046935665743857
2016-06-01,Sweden,0.0,-0.0022441101707633957,0.0022441101707633957
2016-06-01,Italy,0.0,-0.004858101972782953,0.004858101972782953
2016-06-01,ChinaA,0.0,-0.00015025876893578477,0.00015025876893578477
2016-06-01,Chile,0.013153095497888095,0.003206832088346081,0.009946263409542015
2016-06-01,Indonesia,0.0,0.004868205078120556,-0.004868205078120556
2016-06-01,Philippines,0.0,0.002235414691526775,-0.002235414691526775
2016-06-01,Poland,0.0,-0.001176565934088868,0.001176565934088868
2016-06-01,US SmallCap,0.0,-3.3023637568212233e-05,3.3023637568212233e-05
2016-06-01,Malaysia,0.0,0.0024227871151664858,-0.0024227871151664858
2016-06-01,Taiwan,0.0,0.001699059685693086,-0.001699059685693086
2016-06-01,Mexico,0.0,0.0005854070069817535,-0.0005854070069817535
2016-06-01,Korea,0.007958647332185714,0.0019403832085596114,0.006018264123626103
2016-06-01,Brazil,0.04061244343981159,0.009901645344994221,0.030710798094817367
2016-06-01,South Africa,0.0,0.0035889035137403546,-0.0035889035137403546
2016-06-01,Denmark,0.0,-0.002138234944938631,0.002138234944938631
2016-06-01,India,0.0,0.00052766455130138,-0.00052766455130138
2016-06-01,ChinaH,0.0,-0.00020308100583720428,0.00020308100583720428
2016-06-01,Hong Kong,0.0,0.000449770117711407,-0.000449770117711407
2016-06-01,Thailand,0.0,0.000988320612277318,-0.000988320612277318
2016-06-01,Turkey,0.0038276944065147173,0.0009332231526156778,0.0028944712538990394
2016-06-01,Spain,0.0,-0.005112248595604974,0.005112248595604974
2016-06-01,Vietnam,0.0,0.0009413754425197483,-0.0009413754425197483
2016-06-01,Saudi Arabia,0.0,0.0,0.0
2016-07-01,Singapore,0.0,0.00023666666437030097,-0.00023666666437030097
2016-07-01,Australia,0.017185476770952026,0.004057667941625675,0.013127808829326352
2016-07-01,Canada,0.0,0.0017432870302236286,-0.0017432870302236286
2016-07-01,Germany,0.0,0.0037711212003522987,-0.0037711212003522987
2016-07-01,Japan,0.013990120869462516,0.003303211526108951,0.010686909343353566
2016-07-01,Switzerland,0.0,0.0012005277600675777,-0.0012005277600675777
2016-07-01,U.K.,0.0,0.0014514987617980154,-0.0014514987617980154
2016-07-01,NASDAQ,0.0,0.003392721492250461,-0.003392721492250461
2016-07-01,U.S.,0.0,0.0018800672056223826,-0.0018800672056223826
2016-07-01,France,0.011865198763427455,0.0028014955467953015,0.009063703216632154
2016-07-01,Netherlands,0.010364584504025734,0.002447185075559919,0.007917399428465815
2016-07-01,Sweden,0.0,0.0018971490586428088,-0.0018971490586428088
2016-07-01,Italy,0.0,0.002179434056942216,-0.002179434056942216
2016-07-01,ChinaA,0.0,0.0017564766226780611,-0.0017564766226780611
2016-07-01,Chile,0.006380640890054971,0.0015065349848404415,0.004874105905214529
2016-07-01,Indonesia,0.0,0.0028907342786647504,-0.0028907342786647504
2016-07-01,Philippines,0.0,0.0012235818779834525,-0.0012235818779834525
2016-07-01,Poland,0.0,0.0012237674034023278,-0.0012237674034023278
2016-07-01,US SmallCap,0.0,0.003045011796151543,-0.003045011796151543
2016-07-01,Malaysia,0.0,-0.0005879143707979101,0.0005879143707979101
2016-07-01,Taiwan,0.0,0.0028540701694289012,-0.0028540701694289012
2016-07-01,Mexico,0.0,-0.00011971218381051761,0.00011971218381051761
2016-07-01,Korea,0.014675396178795458,0.0034650120796186376,0.01121038409917682
2016-07-01,Brazil,0.0,0.005094263291462059,-0.005094263291462059
2016-07-01,South Africa,0.0,0.004549432536714542,-0.004549432536714542
2016-07-01,Denmark,0.0,0.0022159649246440588,-0.0022159649246440588
2016-07-01,India,0.0,0.0030701741963051997,-0.0030701741963051997
2016-07-01,ChinaH,0.0,0.0017669246994389844,-0.0017669246994389844
2016-07-01,Hong Kong,0.014838820753697581,0.003503598303748014,0.011335222449949566
2016-07-01,Thailand,0.0,0.0037746243043514094,-0.0037746243043514094
2016-07-01,Turkey,0.0,-0.0029283338914019587,0.0029283338914019587
2016-07-01,Spain,0.0,0.0031412218917011834,-0.0031412218917011834
2016-07-01,Vietnam,0.0,0.0013632362892783145,-0.0013632362892783145
2016-07-01,Saudi Arabia,0.0,0.0,0.0
2016-08-01,Singapore,-0.004325455191258088,-0.0010062557545193192,-0.003319199436738769
2016-08-01,Australia,-0.004729096041877084,-0.0011001570691174486,-0.003628938972759635
2016-08-01,Canada,0.0,0.0001841364624831044,-0.0001841364624831044
2016-08-01,Germany,0.0,0.0010667297231590116,-0.0010667297231590116
2016-08-01,Japan,0.0,0.00018604422474137987,-0.00018604422474137987
2016-08-01,Switzerland,0.0,-0.0003409107649904718,0.0003409107649904718
2016-08-01,U.K.,0.0,0.0007047703595595415,-0.0007047703595595415
2016-08-01,NASDAQ,0.0,0.0006260581879063748,-0.0006260581879063748
2016-08-01,U.S.,0.0,7.488904698722667e-05,-7.488904698722667e-05
2016-08-01,France,0.0,-0.00027163280768741473,0.00027163280768741473
2016-08-01,Netherlands,0.0,0.0012469831203096179,-0.0012469831203096179
2016-08-01,Sweden,0.0,0.0008292516838193368,-0.0008292516838193368
2016-08-01,Italy,0.0,0.0003841165535431027,-0.0003841165535431027
2016-08-01,ChinaA,0.0,0.0039153610882079045,-0.0039153610882079045
2016-08-01,Chile,-0.009413747588978248,-0.0021899747573726567,-0.0072237728316055915
2016-08-01,Indonesia,0.0,0.0005910722025615459,-0.0005910722025615459
2016-08-01,Philippines,0.0,-0.0010033730560115816,0.0010033730560115816
2016-08-01,Poland,0.0,0.0010572460136411654,-0.0010572460136411654
2016-08-01,US SmallCap,0.0,0.0009407356917358492,-0.0009407356917358492
2016-08-01,Malaysia,0.0,0.0006994524383874441,-0.0006994524383874441
2016-08-01,Taiwan,0.0,0.0006450070598996428,-0.0006450070598996428
2016-08-01,Mexico,0.0,0.0007483919337251783,-0.0007483919337251783
2016-08-01,Korea,0.005522635211473286,0.001284762693389425,0.004237872518083861
2016-08-01,Brazil,0.002061694438365048,0.0004796239472918678,0.0015820704910731803
2016-08-01,South Africa,0.0,-0.003950711929378334,0.003950711929378334
2016-08-01,Denmark,0.0,-0.0034980854466216222,0.0034980854466216222
2016-08-01,India,0.0,0.00048245713652994034,-0.00048245713652994034
2016-08-01,ChinaH,0.0,0.0038961907813501655,-0.0038961907813501655
2016-08-01,Hong Kong,0.002412482092037518,0.0005612297158213034,0.0018512523762162145
2016-08-01,Thailand,0.0,0.0018635918856898857,-0.0018635918856898857
2016-08-01,Turkey,0.0030662662202017737,0.0007133233133941709,0.0023529429068076028
2016-08-01,Spain,0.0,0.0006985994741358759,-0.0006985994741358759
2016-08-01,Vietnam,0.0,0.000166732566260417,-0.000166732566260417
2016-08-01,Saudi Arabia,0.0,0.0,0.0
2016-09-01,Singapore,0.0035509929567775736,0.0008339295834281997,0.002717063373349374
2016-09-01,Australia,0.006008684620476075,0.0014111038584126683,0.004597580762063407
2016-09-01,Canada,0.0,0.0006208542149527138,-0.0006208542149527138
2016-09-01,Germany,0.0,0.00020855017778598073,-0.00020855017778598073
2016-09-01,Japan,0.0,0.00044959854477893713,-0.00044959854477893713
2016-09-01,Switzerland,0.0,0.00041024141816059067,-0.00041024141816059067
2016-09-01,U.K.,0.0,0.0006060281899589679,-0.0006060281899589679
2016-09-01,NASDAQ,0.0,0.0010494761404910885,-0.0010494761404910885
2016-09-01,U.S.,0.0,9.996557047230392e-06,-9.996557047230392e-06
2016-09-01,France,0.0,0.0006401728556440109,-0.0006401728556440109
2016-09-01,Netherlands,0.0,0.0006151674306991082,-0.0006151674306991082
2016-09-01,Sweden,0.0,0.0010884345203840116,-0.0010884345203840116
2016-09-01,Italy,0.0,-0.0015610830683434496,0.0015610830683434496
2016-09-01,ChinaA,0.0,0.0012284595255715035,-0.0012284595255715035
2016-09-01,Chile,-0.0009583316084806466,-0.00022505848047966185,-0.0007332731280009848
2016-09-01,Indonesia,0.0,0.0013433568455663426,-0.0013433568455663426
2016-09-01,Philippines,0.0,-0.0027136788220176143,0.0027136788220176143
2016-09-01,Poland,0.0,-0.0007505881239084154,0.0007505881239084154
2016-09-01,US SmallCap,0.0,0.0005963462027070866,-0.0005963462027070866
2016-09-01,Malaysia,-0.00562010001700652,-0.0013198470746222418,-0.0043002529423842775
2016-09-01,Taiwan,0.0,0.0013566564398516563,-0.0013566564398516563
2016-09-01,Mexico,0.0,-0.001782848737824332,0.001782848737824332
2016-09-01,Korea,0.0038870343965545745,0.0009128469176214368,0.0029741874789331376
2016-09-01,Brazil,0.0007912342023629623,0.0001858166481325464,0.0006054175542304158
2016-09-01,South Africa,0.0,0.0032240889263748453,-0.0032240889263748453
2016-09-01,Denmark,0.0,-0.002183937993207331,0.002183937993207331
2016-09-01,India,0.0,-0.0005448604775765044,0.0005448604775765044
2016-09-01,ChinaH,0.0,0.0012244823517882863,-0.0012244823517882863
2016-09-01,Hong Kong,0.008331277700216735,0.0019565510341848814,0.006374726666031854
2016-09-01,Thailand,0.0,-0.001790706989215376,0.001790706989215376
2016-09-01,Turkey,0.0,-0.00046334334439049335,0.00046334334439049335
2016-09-01,Spain,0.0,0.0007359941924850724,-0.0007359941924850724
2016-09-01,Vietnam,0.0,-0.001402414770909866,0.001402414770909866
2016-09-01,Saudi Arabia,0.0,0.0,0.0
2016-10-01,Singapore,-0.00925817784337161,-0.0021599317050171735,-0.007098246138354436
2016-10-01,Australia,-0.0052228802104058785,-0.0012184972841107282,-0.004004382926295151
2016-10-01,Canada,0.0,-0.0004571867050537647,0.0004571867050537647
2016-10-01,Germany,0.0,-0.0008141859639132946,0.0008141859639132946
2016-10-01,Japan,0.0,0.0007097446999696179,-0.0007097446999696179
2016-10-01,Switzerland,0.0,-0.0029141885519490865,0.0029141885519490865
2016-10-01,U.K.,0.0,-0.0025874991415089123,0.0025874991415089123
2016-10-01,NASDAQ,0.0,-0.0012118716787537038,0.0012118716787537038
2016-10-01,U.S.,0.0,-0.0009799725987388438,0.0009799725987388438
2016-10-01,France,0.0,-0.00037775508845321856,0.00037775508845321856
2016-10-01,Netherlands,0.0,-0.001327328953861556,0.001327328953861556
2016-10-01,Sweden,0.0,-0.0028497741102486004,0.0028497741102486004
2016-10-01,Italy,0.0,0.0009147603172778874,-0.0009147603172778874
2016-10-01,ChinaA,0.0,-0.0010448400445679856,0.0010448400445679856
2016-10-01,Chile,0.018128695943365615,0.004229422441558074,0.01389927350180754
2016-10-01,Indonesia,0.0,-5.233449462717039e-05,5.233449462717039e-05
2016-10-01,Philippines,0.0,-0.0017645599411658035,0.0017645599411658035
2016-10-01,Poland,0.0,0.0019333555783078605,-0.0019333555783078605
2016-10-01,US SmallCap,0.0,-0.00255391341936534,0.00255391341936534
2016-10-01,Malaysia,-0.000938863379317437,-0.00021903670613965988,-0.0007198266731777771
2016-10-01,Taiwan,0.0,0.0007751992248176267,-0.0007751992248176267
2016-10-01,Mexico,0.0,0.002675088024543248,-0.002675088024543248
2016-10-01,Korea,-0.009063003266462881,-0.002114397501223466,-0.006948605765239415
2016-10-01,Brazil,0.03225789408217335,0.007525762557591802,0.024732131524581546
2016-10-01,South Africa,0.0,-0.00068177724480205,0.00068177724480205
2016-10-01,Denmark,0.0,-0.003347174802851127,0.003347174802851127
2016-10-01,India,0.0,-0.00021106692381801814,0.00021106692381801814
2016-10-01,ChinaH,0.0,-0.001050815430382208,0.001050815430382208
2016-10-01,Hong Kong,-0.0026501218692487104,-0.0006182730926526565,-0.002031848776596054
2016-10-01,Thailand,0.0,-0.0013515014041744582,0.0013515014041744582
2016-10-01,Turkey,0.0,-0.00039801459762092814,0.00039801459762092814
2016-10-01,Spain,0.0,0.0017607896789562996,-0.0017607896789562996
2016-10-01,Vietnam,0.0,-0.0013932745925674152,0.0013932745925674152
2016-10-01,Saudi Arabia,0.0,0.0,0.0
2016-11-01,Singapore,0.0,0.0011360138398427463,-0.0011360138398427463
2016-11-01,Australia,0.0017583032396976221,0.00040137295119717093,0.001356930288500451
2016-11-01,Canada,0.005632359062942549,0.0012857148461400518,0.004346644216802497
2016-11-01,Germany,0.0,-0.0019720894141940577,0.0019720894141940577
2016-11-01,Japan,0.0,-0.0012868101659640353,0.0012868101659640353
2016-11-01,Switzerland,0.0,-0.0013095244247265832,0.0013095244247265832
2016-11-01,U.K.,0.0,0.0005339051456514499,-0.0005339051456514499
2016-11-01,NASDAQ,0.0,0.0014946216126325079,-0.0014946216126325079
2016-11-01,U.S.,0.0,0.001974853104249108,-0.001974853104249108
2016-11-01,France,0.0,-0.0009945897936031259,0.0009945897936031259
2016-11-01,Netherlands,0.0,-0.0017935958009150706,0.0017935958009150706
2016-11-01,Sweden,0.0,8.98404210438528e-05,-8.98404210438528e-05
2016-11-01,Italy,0.0,-0.002002296752431364,0.002002296752431364
2016-11-01,ChinaA,0.0,-0.0006495564785149433,0.0006495564785149433
2016-11-01,Chile,-0.011292216906701475,-0.002577706918279239,-0.008714509988422235
2016-11-01,Indonesia,0.0,-0.006863499907531879,0.006863499907531879
2016-11-01,Philippines,0.0,-0.005865075441546311,0.005865075441546311
2016-11-01,Poland,0.0,-0.004175887230387467,0.004175887230387467
2016-11-01,US SmallCap,0.0,0.0059387472380173995,-0.0059387472380173995
2016-11-01,Malaysia,0.0,-0.004602419304845698,0.004602419304845698
2016-11-01,Taiwan,-0.0053835713534496855,-0.0012289233582292933,-0.004154647995220392
2016-11-01,Mexico,0.0,-0.006784729922748576,0.006784729922748576
2016-11-01,Korea,-0.007479112759211131,-0.0017072786381359514,-0.005771834121075179
2016-11-01,Brazil,-0.026169349617842903,-0.005973752905574179,-0.020195596712268726
2016-11-01,South Africa,0.0,-0.004347637912129361,0.004347637912129361
2016-11-01,Denmark,0.0,-0.003917300992322861,0.003917300992322861
2016-11-01,India,0.0,-0.004068443562612369,0.004068443562612369
2016-11-01,ChinaH,0.0,-0.0006399573903485014,0.0006399573903485014
2016-11-01,Hong Kong,-0.0037888714157859505,-0.0008648966045937195,-0.0029239748111922308
2016-11-01,Thailand,0.0,-0.0007828316570050812,0.0007828316570050812
2016-11-01,Turkey,0.0,-0.008122431424520366,0.008122431424520366
2016-11-01,Spain,0.0,-0.004450437550614319,0.004450437550614319
2016-11-01,Vietnam,0.0,-0.001313767284472671,0.001313767284472671
2016-11-01,Saudi Arabia,0.0,0.0,0.0
2016-12-01,Singapore,0.0,-0.0009376271090933164,0.0009376271090933164
2016-12-01,Australia,0.00492436267740067,0.001114128791960329,0.0038102338854403414
2016-12-01,Canada,0.0,0.0009307915948233617,-0.0009307915948233617
2016-12-01,Germany,0.0,0.0035791320030543706,-0.0035791320030543706
2016-12-01,Japan,0.0,0.00043808078486393186,-0.00043808078486393186
2016-12-01,Switzerland,0.0,0.0021631376799316386,-0.0021631376799316386
2016-12-01,U.K.,0.0,0.002181730602499317,-0.002181730602499317
2016-12-01,NASDAQ,0.0,0.0006181263641846431,-0.0006181263641846431
2016-12-01,U.S.,0.0,0.0010113335950759452,-0.0010113335950759452
2016-12-01,France,0.0,0.0027644831180279853,-0.0027644831180279853
2016-12-01,Netherlands,0.0,0.0019151335019526377,-0.0019151335019526377
2016-12-01,Sweden,0.0,0.0022449432677866176,-0.0022449432677866176
2016-12-01,Italy,0.0,0.006679889673299059,-0.006679889673299059
2016-12-01,ChinaA,0.0,-0.002102557064951801,0.002102557064951801
2016-12-01,Chile,-0.0006546699152665807,-0.00014811796969709266,-0.000506551945569488
2016-12-01,Indonesia,0.0,0.002693362124682067,-0.002693362124682067
2016-12-01,Philippines,0.0,0.0006370746498086008,-0.0006370746498086008
2016-12-01,Poland,0.0,0.004250069192757553,-0.004250069192757553
2016-12-01,US SmallCap,0.0,0.0014377757124056229,-0.0014377757124056229
2016-12-01,Malaysia,0.001103034444424342,0.00024955969199770897,0.000853474752426633
2016-12-01,Taiwan,-0.0029013853347618166,-0.0006564335630404633,-0.0022449517717213533
2016-12-01,Mexico,0.0,0.00031015867725916297,-0.00031015867725916297
2016-12-01,Korea,0.004233085274457609,0.0009577284396091566,0.003275356834848452
2016-12-01,Brazil,0.0021449013407491445,0.0004852803288859987,0.0016596210118631457
2016-12-01,South Africa,0.0,0.00272950765535594,-0.00272950765535594
2016-12-01,Denmark,0.0,0.0025353318018777188,-0.0025353318018777188
2016-12-01,India,0.0,-3.766742419509498e-05,3.766742419509498e-05
2016-12-01,ChinaH,0.0,-0.002119641698140853,0.002119641698140853
2016-12-01,Hong Kong,-0.014536847592188437,-0.003288937372773963,-0.011247910219414474
2016-12-01,Thailand,0.0,0.0010493761780271255,-0.0010493761780271255
2016-12-01,Turkey,0.0,0.0012039856792242867,-0.0012039856792242867
2016-12-01,Spain,0.0,0.0041758872043835635,-0.0041758872043835635
2016-12-01,Vietnam,0.0,-0.0019913924517045174,0.0019913924517045174
2016-12-01,Saudi Arabia,0.0,0.0,0.0
2017-01-01,Singapore,0.01893962557701805,0.004394563049006657,0.014545062528011393
2017-01-01,Australia,0.0,0.002265043370894076,-0.002265043370894076
2017-01-01,Canada,0.008513021597617335,0.0019752771772679856,0.006537744420349349
2017-01-01,Germany,0.0,0.0016362226029604636,-0.0016362226029604636
2017-01-01,Japan,0.0,0.00194932869605023,-0.00194932869605023
2017-01-01,Switzerland,0.0,0.0021030915257287766,-0.0021030915257287766
2017-01-01,U.K.,0.0,0.0007070815496339728,-0.0007070815496339728
2017-01-01,NASDAQ,0.0,0.002281571378801363,-0.002281571378801363
2017-01-01,U.S.,0.0,0.0009950208311125287,-0.0009950208311125287
2017-01-01,France,0.0,0.0003096691415464018,-0.0003096691415464018
2017-01-01,Netherlands,0.0,0.0009040733404984734,-0.0009040733404984734
2017-01-01,Sweden,0.0,0.0029977633023683535,-0.0029977633023683535
2017-01-01,Italy,0.0,-0.0014118118167272794,0.0014118118167272794
2017-01-01,ChinaA,0.0,0.0035603981429353187,-0.0035603981429353187
2017-01-01,Chile,0.01060274532139215,0.0024601559633764527,0.008142589358015696
2017-01-01,Indonesia,0.0,0.0002928918916639414,-0.0002928918916639414
2017-01-01,Philippines,0.0,0.0028845905132157627,-0.0028845905132157627
2017-01-01,Poland,0.0,0.005365236448548221,-0.005365236448548221
2017-01-01,US SmallCap,0.0,0.00020632949545559885,-0.00020632949545559885
2017-01-01,Malaysia,0.0,0.001636950947095181,-0.001636950947095181
2017-01-01,Taiwan,0.01120357126102487,0.002599565660915488,0.008604005600109384
2017-01-01,Mexico,0.0,0.0011574744231345648,-0.0011574744231345648
2017-01-01,Korea,0.018998431417777472,0.004408207773598293,0.014590223644179178
2017-01-01,Brazil,0.024303669925825704,0.005639182748200017,0.018664487177625685
2017-01-01,South Africa,0.0,0.0016010839054099275,-0.0016010839054099275
2017-01-01,Denmark,0.0,0.002330795146709306,-0.002330795146709306
2017-01-01,India,0.0,0.0026354300505180483,-0.0026354300505180483
2017-01-01,ChinaH,0.0,0.0035951682228293792,-0.0035951682228293792
2017-01-01,Hong Kong,0.017514231993632882,0.004063828845927343,0.013450403147705538
2017-01-01,Thailand,0.0,0.002151068229323975,-0.002151068229323975
2017-01-01,Turkey,0.0,0.0018453407392212955,-0.0018453407392212955
2017-01-01,Spain,0.0,0.0013285495083105547,-0.0013285495083105547
2017-01-01,Vietnam,0.0,0.0010272123333643695,-0.0010272123333643695
2017-01-01,Saudi Arabia,0.0,0.0,0.0
2017-02-01,Singapore,0.006184549386513673,0.0013974072747358214,0.004787142111777851
2017-02-01,Australia,0.010113044291171665,0.0022850559966463954,0.00782798829452527
2017-02-01,Canada,-0.0037625592348199174,-0.0008501553335198957,-0.0029124039013000216
2017-02-01,Germany,0.0,0.00024005794944904102,-0.00024005794944904102
2017-02-01,Japan,0.0,0.0005933904400173669,-0.0005933904400173669
2017-02-01,Switzerland,0.0,0.0008453416851008606,-0.0008453416851008606
2017-02-01,U.K.,0.0,0.001699438089218205,-0.001699438089218205
2017-02-01,NASDAQ,0.0,0.0021367221108919954,-0.0021367221108919954
2017-02-01,U.S.,0.0,0.0021695447369833496,-0.0021695447369833496
2017-02-01,France,0.0,0.00018893622014174992,-0.00018893622014174992
2017-02-01,Netherlands,0.0,0.0019460025725703013,-0.0019460025725703013
2017-02-01,Sweden,0.0,-4.8214760883188645e-05,4.8214760883188645e-05
2017-02-01,Italy,0.0,-0.000172528955192835,0.000172528955192835
2017-02-01,ChinaA,0.0,0.0019336635194885203,-0.0019336635194885203
2017-02-01,Chile,0.0,0.0016682531883862217,-0.0016682531883862217
2017-02-01,Indonesia,0.0,0.0012567835791993459,-0.0012567835791993459
2017-02-01,Philippines,0.0,-0.0006111394037192265,0.0006111394037192265
2017-02-01,Poland,0.0,0.0029601583604639287,-0.0029601583604639287
2017-02-01,US SmallCap,0.0,0.0010523345982899393,-0.0010523345982899393
2017-02-01,Malaysia,0.0,0.000979350637442934,-0.000979350637442934
2017-02-01,Taiwan,0.011293827972419837,0.0025518556618998873,0.008741972310519949
2017-02-01,Mexico,0.0,0.0018614726544667543,-0.0018614726544667543
2017-02-01,Korea,0.005664607731725528,0.0012799257566120385,0.00438468197511349
2017-02-01,Brazil,0.010652755218959496,0.0024070044086664803,0.008245750810293016
2017-02-01,South Africa,0.0,0.0009597558326652748,-0.0009597558326652748
2017-02-01,Denmark,0.0,-0.0002822791108124412,0.0002822791108124412
2017-02-01,India,0.0,0.0029681066304598452,-0.0029681066304598452
2017-02-01,ChinaH,0.0,0.0019510289663897203,-0.0019510289663897203
2017-02-01,Hong Kong,0.004859085320419167,0.001097916881401683,0.003761168439017484
2017-02-01,Thailand,0.0,0.00024502410152483844,-0.00024502410152483844
2017-02-01,Turkey,0.0,0.003044719447458368,-0.003044719447458368
2017-02-01,Spain,0.0,0.00028327550645598315,-0.00028327550645598315
2017-02-01,Vietnam,0.0,0.0010602465745743396,-0.0010602465745743396
2017-02-01,Saudi Arabia,0.0,0.0,0.0
2017-03-01,Singapore,0.0,0.0012828120355355063,-0.0012828120355355063
2017-03-01,Australia,0.007828403535495255,0.0017623011843593132,0.006066102351135942
2017-03-01,Canada,0.0011662665258612515,0.000262545597002605,0.0009037209288586465
2017-03-01,Germany,0.0,0.0023633008452885354,-0.0023633008452885354
2017-03-01,Japan,0.0,-0.0006210603822651119,0.0006210603822651119
2017-03-01,Switzerland,0.0,0.001091375906883569,-0.001091375906883569
2017-03-01,U.K.,0.0,0.0011690100488941806,-0.0011690100488941806
2017-03-01,NASDAQ,0.0,0.0008773961109275288,-0.0008773961109275288
2017-03-01,U.S.,0.0,6.518945114433698e-05,-6.518945114433698e-05
2017-03-01,France,0.0,0.003437748141561679,-0.003437748141561679
2017-03-01,Netherlands,0.0,0.0031120437166823165,-0.0031120437166823165
2017-03-01,Sweden,0.0,0.001567557695126745,-0.001567557695126745
2017-03-01,Italy,0.0,0.005195614529377794,-0.005195614529377794
2017-03-01,ChinaA,0.0052861456715990185,0.0011899975180783085,0.00409614815352071
2017-03-01,Chile,0.0,0.004269802306331571,-0.004269802306331571
2017-03-01,Indonesia,0.0,0.0025852698629931885,-0.0025852698629931885
2017-03-01,Philippines,0.0,0.0008608936569572397,-0.0008608936569572397
2017-03-01,Poland,0.0,0.0008808535120321169,-0.0008808535120321169
2017-03-01,US SmallCap,0.0,7.312929201551757e-05,-7.312929201551757e-05
2017-03-01,Malaysia,0.0,0.0017830357180402877,-0.0017830357180402877
2017-03-01,Taiwan,0.0,0.0009777462840114856,-0.0009777462840114856
2017-03-01,Mexico,0.0,0.00548137357292863,-0.00548137357292863
2017-03-01,Korea,0.013051636185814921,0.0029381359563030473,0.010113500229511874
2017-03-01,Brazil,-0.011153098059138302,-0.0025107440910238582,-0.008642353968114445
2017-03-01,South Africa,0.0,9.935160311415129e-05,-9.935160311415129e-05
2017-03-01,Denmark,0.0,0.0006423219107453403,-0.0006423219107453403
2017-03-01,India,0.0,0.0033832373402551247,-0.0033832373402551247
2017-03-01,ChinaH,0.005514894332317645,0.0012414925686179508,0.004273401763699694
2017-03-01,Hong Kong,0.007916661464013092,0.001782169482058947,0.006134491981954145
2017-03-01,Thailand,0.0,0.002309034430127441,-0.002309034430127441
2017-03-01,Turkey,0.0,0.0010777489569207277,-0.0010777489569207277
2017-03-01,Spain,0.0,0.006228191670272345,-0.006228191670272345
2017-03-01,Vietnam,0.0,0.0029698008549632593,-0.0029698008549632593
2017-03-01,Saudi Arabia,0.0,0.0,0.0
2017-04-01,Singapore,0.0,0.00017832951436539174,-0.00017832951436539174
2017-04-01,Australia,0.0,-0.0005181158358899343,0.0005181158358899343
2017-04-01,Canada,0.0,-0.0012013508934423174,0.0012013508934423174
2017-04-01,Germany,0.0,0.001637533390239589,-0.001637533390239589
2017-04-01,Japan,0.0026429183533105693,0.0006039736057646902,0.0020389447475458794
2017-04-01,Switzerland,0.0,0.0016913110646069993,-0.0016913110646069993
2017-04-01,U.K.,0.0,0.0014868711865568525,-0.0014868711865568525
2017-04-01,NASDAQ,0.0,0.0013536658227597132,-0.0013536658227597132
2017-04-01,U.S.,0.0,0.0005926346282804456,-0.0005926346282804456
2017-04-01,France,0.0,0.00293645413212945,-0.00293645413212945
2017-04-01,Netherlands,0.0,0.0020929638099819537,-0.0020929638099819537
2017-04-01,Sweden,0.0,0.0023596752102610693,-0.0023596752102610693
2017-04-01,Italy,0.0,0.0011286859597365733,-0.0011286859597365733
2017-04-01,ChinaA,0.006715510817519003,0.0015346638604738297,0.005180846957045173
2017-04-01,Chile,0.0,-0.0005439196804444214,0.0005439196804444214
2017-04-01,Indonesia,0.0,0.001924032340953333,-0.001924032340953333
2017-04-01,Philippines,0.0,0.0032439851801873095,-0.0032439851801873095
2017-04-01,Poland,0.0,0.006561238301740657,-0.006561238301740657
2017-04-01,US SmallCap,0.0,0.0006327381176064467,-0.0006327381176064467
2017-04-01,Malaysia,0.0,0.0022315700240588105,-0.0022315700240588105
2017-04-01,Taiwan,0.005185838819499766,0.0011850951683030383,0.004000743651196728
2017-04-01,Mexico,0.0,0.0005152508901751171,-0.0005152508901751171
2017-04-01,Korea,0.0026286834985521238,0.0006007205818696367,0.002027962916682487
2017-04-01,Brazil,1.0972100107090782e-05,2.5074020376716654e-06,8.464698069419115e-06
2017-04-01,South Africa,0.0,0.0031906251600577924,-0.0031906251600577924
2017-04-01,Denmark,0.0,0.00440007921869966,-0.00440007921869966
2017-04-01,India,0.0,0.0010994254565633022,-0.0010994254565633022
2017-04-01,ChinaH,0.006871066094020919,0.0015702121705935502,0.005300853923427369
2017-04-01,Hong Kong,0.007758848725263267,0.001773092927865168,0.005985755797398099
2017-04-01,Thailand,0.0,9.720804325440734e-06,-9.720804325440734e-06
2017-04-01,Turkey,0.0,0.006549527530485115,-0.006549527530485115
2017-04-01,Spain,0.0,0.0025260584082453033,-0.0025260584082453033
2017-04-01,Vietnam,0.0,-3.842599110338204e-05,3.842599110338204e-05
2017-04-01,Saudi Arabia,0.0,0.0,0.0
2017-05-01,Singapore,0.0,0.002202738627527099,-0.002202738627527099
2017-05-01,Australia,0.0,-0.0022441772586162226,0.0022441772586162226
2017-05-01,Canada,0.0,-0.00011896329371808878,0.00011896329371808878
2017-05-01,Germany,0.0,0.001957542731833895,-0.001957542731833895
2017-05-01,Japan,0.0,0.001749883416906641,-0.001749883416906641
2017-05-01,Switzerland,0.0,0.003052015357093338,-0.003052015357093338
2017-05-01,U.K.,0.0,0.0032276917366016542,-0.0032276917366016542
2017-05-01,NASDAQ,0.0,0.0016044634636337208,-0.0016044634636337208
2017-05-01,U.S.,0.0,0.0008346838879132652,-0.0008346838879132652
2017-05-01,France,0.0,0.0023383903124880394,-0.0023383903124880394
2017-05-01,Netherlands,0.0,0.0026054374090412934,-0.0026054374090412934
2017-05-01,Sweden,0.0,0.0016148508092015102,-0.0016148508092015102
2017-05-01,Italy,0.0,0.002665377433912166,-0.002665377433912166
2017-05-01,ChinaA,0.013127974514382296,0.003029537646862287,0.01009843686752001
2017-05-01,Chile,0.0,0.00042957805561621027,-0.00042957805561621027
2017-05-01,Indonesia,0.0,0.0015808845470573806,-0.0015808845470573806
2017-05-01,Philippines,0.0,0.0016028330071350182,-0.0016028330071350182
2017-05-01,Poland,0.000319477894532877,7.372579126866098e-05,0.00024575210326421604
2017-05-01,US SmallCap,0.0,-0.0012066990370029904,0.0012066990370029904
2017-05-01,Malaysia,0.0,0.0007194553912041891,-0.0007194553912041891
2017-05-01,Taiwan,0.006218653191087356,0.0014350762133594752,0.004783576977727881
2017-05-01,Mexico,0.0,0.0002681589459918022,-0.0002681589459918022
2017-05-01,Korea,0.020315784267340663,0.00468826574853669,0.015627518518803972
2017-05-01,Brazil,-0.012853307963772655,-0.0029661529522550497,-0.009887155011517604
2017-05-01,South Africa,0.0,0.001317306564129745,-0.001317306564129745
2017-05-01,Denmark,0.0,0.0036344037879551144,-0.0036344037879551144
2017-05-01,India,0.0,0.0009959678876967936,-0.0009959678876967936
2017-05-01,ChinaH,0.01351742813686114,0.0031194117100480398,0.0103980164268131
2017-05-01,Hong Kong,0.008573418418936544,0.001978484482432203,0.006594933936504342
2017-05-01,Thailand,0.0,0.0007744308965056383,-0.0007744308965056383
2017-05-01,Turkey,0.0,0.0019588444598942836,-0.0019588444598942836
2017-05-01,Spain,0.0,0.0027471830490503825,-0.0027471830490503825
2017-05-01,Vietnam,0.0,-0.0005163767787794497,0.0005163767787794497
2017-05-01,Saudi Arabia,0.0,0.0,0.0
2017-06-01,Singapore,0.0,0.0007011733723211323,-0.0007011733723211323
2017-06-01,Australia,0.0,0.0019123986864121114,-0.0019123986864121114
2017-06-01,Canada,0.0,0.001892210716456402,-0.001892210716456402
2017-06-01,Germany,0.0,-0.0007360933988486407,0.0007360933988486407
2017-06-01,Japan,0.0,0.0005782423172466552,-0.0005782423172466552
2017-06-01,Switzerland,0.0,-0.00010930610804773944,0.00010930610804773944
2017-06-01,U.K.,0.0,-0.0008699658472264435,0.0008699658472264435
2017-06-01,NASDAQ,0.0,-0.0005247574249892257,0.0005247574249892257
2017-06-01,U.S.,0.0,0.0003790961217375337,-0.0003790961217375337
2017-06-01,France,0.0,-0.0009359193624799792,0.0009359193624799792
2017-06-01,Netherlands,0.0,-0.000977792785088628,0.000977792785088628
2017-06-01,Sweden,0.0,0.0004958857141946265,-0.0004958857141946265
2017-06-01,Italy,0.0,0.000652808672061427,-0.000652808672061427
2017-06-01,ChinaA,0.004318941557134628,0.0009935123100235773,0.0033254292471110508
2017-06-01,Chile,-0.0034045465387924257,-0.0007831684804233623,-0.0026213780583690632
2017-06-01,Indonesia,0.0,0.0015415820147216383,-0.0015415820147216383
2017-06-01,Philippines,0.0,-0.0006538716854188146,0.0006538716854188146
2017-06-01,Poland,0.005185542497172064,0.0011928617780391636,0.003992680719132901
2017-06-01,US SmallCap,0.0,0.002098713499249787,-0.002098713499249787
2017-06-01,Malaysia,0.0,-7.787681843764891e-05,7.787681843764891e-05
2017-06-01,Taiwan,0.0,0.0019720693868039156,-0.0019720693868039156
2017-06-01,Mexico,0.0,0.0035974522996717346,-0.0035974522996717346
2017-06-01,Korea,0.0028407588096128734,0.0006534769711102012,0.002187281838502672
2017-06-01,Brazil,-0.004360945927646082,-0.0010031748300243356,-0.0033577710976217465
2017-06-01,South Africa,0.0,-0.0021957381794918468,0.0021957381794918468
2017-06-01,Denmark,0.0,0.00048618356017300006,-0.00048618356017300006
2017-06-01,India,0.0,-0.000464640670998217,0.000464640670998217
2017-06-01,ChinaH,0.004680410729948907,0.0010766632552573175,0.00360374747469159
2017-06-01,Hong Kong,0.0016704686357647287,0.0003842680275214513,0.0012862006082432773
2017-06-01,Thailand,0.0,0.000756218786589013,-0.000756218786589013
2017-06-01,Turkey,0.0,0.002449043924536995,-0.002449043924536995
2017-06-01,Spain,0.0,-0.0009716079197579998,0.0009716079197579998
2017-06-01,Vietnam,0.0,0.001763833895702743,-0.001763833895702743
2017-06-01,Saudi Arabia,0.0,0.0,0.0
2017-07-01,Singapore,0.0,0.003240793941734001,-0.003240793941734001
2017-07-01,Australia,0.0,0.0026312680311393307,-0.0026312680311393307
2017-07-01,Canada,0.0,0.002438334647827618,-0.002438334647827618
2017-07-01,Germany,0.0,0.0011167715910868016,-0.0011167715910868016
2017-07-01,Japan,0.0,0.0012349284262004518,-0.0012349284262004518
2017-07-01,Switzerland,0.0,0.0005264174559383502,-0.0005264174559383502
2017-07-01,U.K.,0.0,0.0016287974405100093,-0.0016287974405100093
2017-07-01,NASDAQ,0.0,0.0020951351014816544,-0.0020951351014816544
2017-07-01,U.S.,0.0,0.0012585475734455986,-0.0012585475734455986
2017-07-01,France,0.0,0.0016900019883398308,-0.0016900019883398308
2017-07-01,Netherlands,0.0,0.0041675648321910985,-0.0041675648321910985
2017-07-01,Sweden,0.0,0.0004909353548467987,-0.0004909353548467987
2017-07-01,Italy,0.019665944903826102,0.004531549416731536,0.015134395487094566
2017-07-01,ChinaA,0.02232935362437144,0.005145268629977004,0.017184084994394437
2017-07-01,Chile,0.0,0.005422194556463876,-0.005422194556463876
2017-07-01,Indonesia,0.0,0.00012508207854446053,-0.00012508207854446053
2017-07-01,Philippines,0.0,0.0013448038282102353,-0.0013448038282102353
2017-07-01,Poland,0.01785173786854097,0.004113508540852893,0.01373822932768808
2017-07-01,US SmallCap,0.0,0.0004541728457866273,-0.0004541728457866273
2017-07-01,Malaysia,0.0,0.00016042254617592558,-0.00016042254617592558
2017-07-01,Taiwan,0.0,0.000793024688771852,-0.000793024688771852
2017-07-01,Mexico,0.0,0.0026013704197664434,-0.0026013704197664434
2017-07-01,Korea,0.007496694754088904,0.0017274350612919997,0.005769259692796905
2017-07-01,Brazil,0.0,0.006709917843676632,-0.006709917843676632
2017-07-01,South Africa,0.0,0.003738208494135139,-0.003738208494135139
2017-07-01,Denmark,0.0,0.002709477196851865,-0.002709477196851865
2017-07-01,India,0.0,0.0046737181207963845,-0.0046737181207963845
2017-07-01,ChinaH,0.02242794185216232,0.005167985942993347,0.017259955909168973
2017-07-01,Hong Kong,0.009835090919446586,0.0022662628588392335,0.007568828060607352
2017-07-01,Thailand,0.0,0.0015749446140589946,-0.0015749446140589946
2017-07-01,Turkey,0.0,0.003558787993102124,-0.003558787993102124
2017-07-01,Spain,0.012401147407668416,0.0028575495648362325,0.009543597842832183
2017-07-01,Vietnam,0.0,-0.00019343740787462207,0.00019343740787462207
2017-07-01,Saudi Arabia,0.0,0.0,0.0
2017-08-01,Singapore,0.0,-0.0004493553780171567,0.0004493553780171567
2017-08-01,Australia,0.0,6.73053024326387e-05,-6.73053024326387e-05
2017-08-01,Canada,0.0,0.0001045030643267772,-0.0001045030643267772
2017-08-01,Germany,0.0,0.00015474488455483385,-0.00015474488455483385
2017-08-01,Japan,0.0,-5.128734704590325e-05,5.128734704590325e-05
2017-08-01,Switzerland,0.0,-0.0005501519972093522,0.0005501519972093522
2017-08-01,U.K.,0.0,0.0002749432759401026,-0.0002749432759401026
2017-08-01,NASDAQ,0.0,0.0009138478035636961,-0.0009138478035636961
2017-08-01,U.S.,0.0,0.00019496805716400103,-0.00019496805716400103
2017-08-01,France,0.002967589108449472,0.0006711425646416066,0.0022964465438078657
2017-08-01,Netherlands,0.0,-0.00039806043309562213,0.00039806043309562213
2017-08-01,Sweden,0.0,0.0009716620777712442,-0.0009716620777712442
2017-08-01,Italy,0.005158781415202569,0.001166697161533089,0.003992084253669479
2017-08-01,ChinaA,0.011266636400148184,0.0025480344387807546,0.00871860196136743
2017-08-01,Chile,0.0,0.003459684411629145,-0.003459684411629145
2017-08-01,Indonesia,0.0,-0.0002453567732074697,0.0002453567732074697
2017-08-01,Philippines,0.0,-0.0014332192465171879,0.0014332192465171879
2017-08-01,Poland,0.018228808157121645,0.004122581870278746,0.0141062262868429
2017-08-01,US SmallCap,0.0,-0.0008103420300042813,0.0008103420300042813
2017-08-01,Malaysia,0.0,0.0007220674882200379,-0.0007220674882200379
2017-08-01,Taiwan,0.0,0.0006212309836913012,-0.0006212309836913012
2017-08-01,Mexico,0.0,0.0006254636994172587,-0.0006254636994172587
2017-08-01,Korea,-0.0054372924186728965,-0.001229684516695491,-0.0042076079019774055
2017-08-01,Brazil,0.0,0.00404113921152166,-0.00404113921152166
2017-08-01,South Africa,0.0,0.002623481548828101,-0.002623481548828101
2017-08-01,Denmark,0.0,0.002066499893916981,-0.002066499893916981
2017-08-01,India,0.0,-0.000508146353200089,0.000508146353200089
2017-08-01,ChinaH,0.011714519372554192,0.002649326536768313,0.00906519283578588
2017-08-01,Hong Kong,0.0,0.0011036053901999244,-0.0011036053901999244
2017-08-01,Thailand,0.0,0.0029553571061110046,-0.0029553571061110046
2017-08-01,Turkey,0.0,0.0028170977984002536,-0.0028170977984002536
2017-08-01,Spain,-0.0037380268026559354,-0.0008453828354776376,-0.002892643967178298
2017-08-01,Vietnam,0.0,0.0014219432921792985,-0.0014219432921792985
2017-08-01,Saudi Arabia,0.0,0.0,0.0
2017-09-01,Singapore,-0.003679749709045413,-0.0008271421800566895,-0.0028526075289887235
2017-09-01,Australia,0.0,-0.0005690171041092978,0.0005690171041092978
2017-09-01,Canada,0.0,0.0024152208836742866,-0.0024152208836742866
2017-09-01,Germany,0.0,0.003585777675622352,-0.003585777675622352
2017-09-01,Japan,0.0,0.0008220008198741283,-0.0008220008198741283
2017-09-01,Switzerland,0.0,0.001244551226091683,-0.001244551226091683
2017-09-01,U.K.,0.0,0.0022461113145984014,-0.0022461113145984014
2017-09-01,NASDAQ,0.0,0.0007140428633101091,-0.0007140428633101091
2017-09-01,U.S.,0.0,0.0013324699908920331,-0.0013324699908920331
2017-09-01,France,0.0,0.0027254847558953756,-0.0027254847558953756
2017-09-01,Netherlands,0.0,0.0015539845425325512,-0.0015539845425325512
2017-09-01,Sweden,0.0,0.001970970057232766,-0.001970970057232766
2017-09-01,Italy,0.010444332848495589,0.0023476999591321166,0.008096632889363471
2017-09-01,ChinaA,0.0024954121496810204,0.0005609241956194244,0.0019344879540615961
2017-09-01,Chile,0.0,0.0012222874658428197,-0.0012222874658428197
2017-09-01,Indonesia,0.0,-0.0005583652673313915,0.0005583652673313915
2017-09-01,Philippines,0.0,0.0019281688913647815,-0.0019281688913647815
2017-09-01,Poland,-0.011266891452606018,-0.0025325964795002882,-0.00873429497310573
2017-09-01,US SmallCap,0.0,0.0040305515310722516,-0.0040305515310722516
2017-09-01,Malaysia,0.0,0.0003670674485221285,-0.0003670674485221285
2017-09-01,Taiwan,0.0,-0.0022104411352854908,0.0022104411352854908
2017-09-01,Mexico,0.0,-0.002315741607777377,0.002315741607777377
2017-09-01,Korea,0.005520965213485015,0.0012410146243027487,0.004279950589182267
2017-09-01,Brazil,0.0,0.002737878291236355,-0.002737878291236355
2017-09-01,South Africa,0.0,-0.00417845577055565,0.00417845577055565
2017-09-01,Denmark,0.0,-0.00023193565923481884,0.00023193565923481884
2017-09-01,India,0.0,-0.0023590077037519627,0.0023590077037519627
2017-09-01,ChinaH,0.0020703340959838975,0.00046537422189023194,0.0016049598740936655
2017-09-01,Hong Kong,0.0,-0.00024373169131608003,0.00024373169131608003
2017-09-01,Thailand,0.0,0.0019827954188139777,-0.0019827954188139777
2017-09-01,Turkey,0.0,-0.006124775686282702,0.006124775686282702
2017-09-01,Spain,0.002358986765922054,0.0005302581997610442,0.00182872856616101
2017-09-01,Vietnam,0.0,0.0026572203125600036,-0.0026572203125600036
2017-09-01,Saudi Arabia,0.0,0.0,0.0
2017-10-01,Singapore,0.014133231540074833,0.003188942756820379,0.010944288783254454
2017-10-01,Australia,0.0,0.0009257734527561811,-0.0009257734527561811
2017-10-01,Canada,0.0,-0.00011361109026329595,0.00011361109026329595
2017-10-01,Germany,0.0,0.0009969153924138992,-0.0009969153924138992
2017-10-01,Japan,0.0,0.0029932465721890854,-0.0029932465721890854
2017-10-01,Switzerland,0.0,-0.0010958266269033108,0.0010958266269033108
2017-10-01,U.K.,0.0,0.0005810121557922407,-0.0005810121557922407
2017-10-01,NASDAQ,0.0,0.0023541314064128194,-0.0023541314064128194
2017-10-01,U.S.,0.0,0.0015189090165937278,-0.0015189090165937278
2017-10-01,France,0.0,0.0009472033329785825,-0.0009472033329785825
2017-10-01,Netherlands,0.0,0.0005509182305503221,-0.0005509182305503221
2017-10-01,Sweden,0.0,-0.0002286884681725016,0.0002286884681725016
2017-10-01,Italy,-0.004031648570626099,-0.0009096784745150549,-0.003121970096111044
2017-10-01,ChinaA,0.011442224842203056,0.002581759163075343,0.008860465679127714
2017-10-01,Chile,0.0,0.0032491269093013943,-0.0032491269093013943
2017-10-01,Indonesia,0.0,7.468445818595203e-05,-7.468445818595203e-05
2017-10-01,Philippines,0.0,0.0006877489286249619,-0.0006877489286249619
2017-10-01,Poland,0.010050851788589436,0.0022678175844084224,0.0077830342041810135
2017-10-01,US SmallCap,0.0,0.0005542677914675582,-0.0005542677914675582
2017-10-01,Malaysia,0.0,-0.0001619429196298614,0.0001619429196298614
2017-10-01,Taiwan,0.0,0.0041294940483791506,-0.0041294940483791506
2017-10-01,Mexico,0.0,-0.004910138948884708,0.004910138948884708
2017-10-01,Korea,0.024572986291056476,0.005544510215099477,0.019028476075957
2017-10-01,Brazil,0.0,-0.00213615240485971,0.00213615240485971
2017-10-01,South Africa,0.0,0.0017850477305847141,-0.0017850477305847141
2017-10-01,Denmark,0.0,0.0009311201495150181,-0.0009311201495150181
2017-10-01,India,0.0,0.004951157451495791,-0.004951157451495791
2017-10-01,ChinaH,0.0,0.0025253180218745906,-0.0025253180218745906
2017-10-01,Hong Kong,0.0,0.00025912123865092076,-0.00025912123865092076
2017-10-01,Thailand,0.0,0.0015031881020905146,-0.0015031881020905146
2017-10-01,Turkey,0.0009708064058910283,0.00021904728918950605,0.0007517591167015222
2017-10-01,Spain,-8.252419965517744e-05,-1.8620295578302226e-05,-6.390390407687521e-05
2017-10-01,Vietnam,0.0,0.0048847389678278105,-0.0048847389678278105
2017-10-01,Saudi Arabia,0.0,0.0,0.0
2017-11-01,Singapore,0.0,0.0024968230070236317,-0.0024968230070236317
2017-11-01,Australia,0.0,0.00032730532587501167,-0.00032730532587501167
2017-11-01,Canada,0.0,0.00043310883639605964,-0.00043310883639605964
2017-11-01,Germany,0.0,0.0007947812851884224,-0.0007947812851884224
2017-11-01,Japan,0.0,0.0019716503214606655,-0.0019716503214606655
2017-11-01,Switzerland,0.0,0.0014150981173559176,-0.0014150981173559176
2017-11-01,U.K.,0.0,0.0005010170580530808,-0.0005010170580530808
2017-11-01,NASDAQ,0.0,0.0015556254047836347,-0.0015556254047836347
2017-11-01,U.S.,0.0,0.00203431520785899,-0.00203431520785899
2017-11-01,France,0.0005986014088876844,0.00013383841501989814,0.0004647629938677862
2017-11-01,Netherlands,0.0,-0.0005524519537215578,0.0005524519537215578
2017-11-01,Sweden,0.0,-0.002231803706354194,0.002231803706354194
2017-11-01,Italy,0.0014533577227686023,0.00032494927540134663,0.0011284084473672557
2017-11-01,ChinaA,0.004597100338490449,0.0010278435931754411,0.003569256745315008
2017-11-01,Chile,0.0,-0.0077706760634727624,0.0077706760634727624
2017-11-01,Indonesia,0.0,-0.0003572463335877671,0.0003572463335877671
2017-11-01,Philippines,0.0,0.00027037234180730783,-0.00027037234180730783
2017-11-01,Poland,-0.004043944302900253,-0.0009041660909796968,-0.0031397782119205564
2017-11-01,US SmallCap,0.0,0.0019097004382540915,-0.0019097004382540915
2017-11-01,Malaysia,0.0,0.0011407998574582022,-0.0011407998574582022
2017-11-01,Taiwan,0.0,-0.0022017724463852593,0.0022017724463852593
2017-11-01,Mexico,0.0,-0.00030915184737597556,0.00030915184737597556
2017-11-01,Korea,-9.542626470635273e-05,-2.1335900366990035e-05,-7.40903643393627e-05
2017-11-01,Brazil,0.0,-0.002056127512576295,0.002056127512576295
2017-11-01,South Africa,0.0,0.00562860339394618,-0.00562860339394618
2017-11-01,Denmark,0.0,-0.0010896823721232478,0.0010896823721232478
2017-11-01,India,0.0,-0.0006717672301623839,0.0006717672301623839
2017-11-01,ChinaH,0.004840782392657186,0.001082327293705101,0.003758455098952085
2017-11-01,Hong Kong,0.0,0.0022268399708044624,-0.0022268399708044624
2017-11-01,Thailand,0.0,0.0012824541458710485,-0.0012824541458710485
2017-11-01,Turkey,0.0,-0.005610104347614281,0.005610104347614281
2017-11-01,Spain,-0.00183488654849104,-0.0004102534737559399,-0.0014246330747351
2017-11-01,Vietnam,0.0,0.011648604886416634,-0.011648604886416634
2017-11-01,Saudi Arabia,0.0,0.0,0.0
2017-12-01,Singapore,0.0,0.0006849567218769973,-0.0006849567218769973
2017-12-01,Australia,0.0,0.0034074074007096203,-0.0034074074007096203
2017-12-01,Canada,0.0,0.0026042685814623603,-0.0026042685814623603
2017-12-01,Germany,0.0,1.8932304466068054e-05,-1.8932304466068054e-05
2017-12-01,Japan,0.0,0.00039152265741650497,-0.00039152265741650497
2017-12-01,Switzerland,0.0,0.0009076335642622592,-0.0009076335642622592
2017-12-01,U.K.,0.0,0.0034122420215820974,-0.0034122420215820974
2017-12-01,NASDAQ,0.0,0.0003312391676908837,-0.0003312391676908837
2017-12-01,U.S.,0.0,0.0007374081492568484,-0.0007374081492568484
2017-12-01,France,0.0,-0.0002265328869972443,0.0002265328869972443
2017-12-01,Netherlands,0.0,0.0004795949963714826,-0.0004795949963714826
2017-12-01,Sweden,0.0,-0.00018691488858891577,0.00018691488858891577
2017-12-01,Italy,-0.004558561694858606,-0.001023037960328994,-0.0035355237345296117
2017-12-01,ChinaA,0.005663609804489952,0.0012710342012085918,0.00439257560328136
2017-12-01,Chile,0.04701516058305973,0.0105511995245521,0.03646396105850763
2017-12-01,Indonesia,0.0,0.005714485526197186,-0.005714485526197186
2017-12-01,Philippines,0.0,0.003338394373667723,-0.003338394373667723
2017-12-01,Poland,0.011805903450323152,0.002649495212334568,0.009156408237988583
2017-12-01,US SmallCap,0.0,-0.0002725114514292412,0.0002725114514292412
2017-12-01,Malaysia,0.0,0.003951497237002929,-0.003951497237002929
2017-12-01,Taiwan,0.0,0.0007896310264866491,-0.0007896310264866491
2017-12-01,Mexico,0.0,-3.2692752771755634e-05,3.2692752771755634e-05
2017-12-01,Korea,0.00922011331017193,0.002069189043877374,0.007150924266294556
2017-12-01,Brazil,0.0,0.003141741104464159,-0.003141741104464159
2017-12-01,South Africa,0.0,0.006124509777162467,-0.006124509777162467
2017-12-01,Denmark,0.0,0.0015583847032116154,-0.0015583847032116154
2017-12-01,India,0.0,0.0033315293675026357,-0.0033315293675026357
2017-12-01,ChinaH,0.0,0.0013172681388053848,-0.0013172681388053848
2017-12-01,Hong Kong,0.0,0.0018594646808048536,-0.0018594646808048536
2017-12-01,Thailand,0.0,0.0032599794605426835,-0.0032599794605426835
2017-12-01,Turkey,0.041466629733042784,0.009305991482281676,0.03216063825076111
2017-12-01,Spain,-0.0036964558670529875,-0.0008295631218375616,-0.002866892745215426
2017-12-01,Vietnam,0.0,0.004948293281946596,-0.004948293281946596
2017-12-01,Saudi Arabia,0.0,0.0,0.0
2018-01-01,Singapore,0.019464002411277256,0.0042973479172520096,0.015166654494025246
2018-01-01,Australia,0.0,0.0017348891011344939,-0.0017348891011344939
2018-01-01,Canada,0.0,0.0006627026998606183,-0.0006627026998606183
2018-01-01,Germany,0.0,0.004089802545606535,-0.004089802545606535
2018-01-01,Japan,0.0,0.0031609984171645177,-0.0031609984171645177
2018-01-01,Switzerland,0.0,0.0029525607087769593,-0.0029525607087769593
2018-01-01,U.K.,0.0,0.002165025831959418,-0.002165025831959418
2018-01-01,NASDAQ,0.0,0.005110349587551792,-0.005110349587551792
2018-01-01,U.S.,0.0,0.0039513960132050805,-0.0039513960132050805
2018-01-01,France,0.0,0.004839771876910088,-0.004839771876910088
2018-01-01,Netherlands,0.0,0.004378113228633671,-0.004378113228633671
2018-01-01,Sweden,0.0,0.004229334768006468,-0.004229334768006468
2018-01-01,Italy,0.03585540329892081,0.007916313378566677,0.027939089920354133
2018-01-01,ChinaA,0.03904268580567463,0.008620015605512376,0.030422670200162254
2018-01-01,Chile,0.0,0.0050462298723250275,-0.0050462298723250275
2018-01-01,Indonesia,0.0,0.0022129632479960227,-0.0022129632479960227
2018-01-01,Philippines,0.0,-0.0008533574524987718,0.0008533574524987718
2018-01-01,Poland,0.025925220656787155,0.005723884052192336,0.02020133660459482
2018-01-01,US SmallCap,0.0,0.0018026979100778872,-0.0018026979100778872
2018-01-01,Malaysia,0.0,0.005580215620120032,-0.005580215620120032
2018-01-01,Taiwan,0.0,0.005245284105046528,-0.005245284105046528
2018-01-01,Mexico,0.0,0.005425448726515039,-0.005425448726515039
2018-01-01,Korea,0.010898658310019186,0.002406253636829922,0.008492404673189263
2018-01-01,Brazil,0.0,0.011631061111721705,-0.011631061111721705
2018-01-01,South Africa,0.0,0.0019005134598648861,-0.0019005134598648861
2018-01-01,Denmark,0.0,0.0021548309393334825,-0.0021548309393334825
2018-01-01,India,0.0,0.0023075620762004773,-0.0023075620762004773
2018-01-01,ChinaH,0.0,0.008650278288177635,-0.008650278288177635
2018-01-01,Hong Kong,0.014323556193440575,0.0031624176299865536,0.011161138563454022
2018-01-01,Thailand,0.0,0.005751217279413536,-0.005751217279413536
2018-01-01,Turkey,0.0,0.0031537216349217505,-0.0031537216349217505
2018-01-01,Spain,0.027602234945069005,0.00609414263039588,0.021508092314673127
2018-01-01,Vietnam,0.0,0.007137167436475852,-0.007137167436475852
2018-01-01,Saudi Arabia,0.0,0.0,0.0
2018-02-01,Singapore,0.0,-0.0013359040637974026,0.0013359040637974026
2018-02-01,Australia,0.0,-0.001960787480326294,0.001960787480326294
2018-02-01,Canada,0.0,-0.005359424841798293,0.005359424841798293
2018-02-01,Germany,0.0,-0.005428836317544908,0.005428836317544908
2018-02-01,Japan,0.0,-0.0011282117099703246,0.0011282117099703246
2018-02-01,Switzerland,0.0,-0.0046598251768774565,0.0046598251768774565
2018-02-01,U.K.,0.0,-0.0040573290415883935,0.0040573290415883935
2018-02-01,NASDAQ,0.0,-0.001270085730802334,0.001270085730802334
2018-02-01,U.S.,0.0,-0.002704178449494327,0.002704178449494327
2018-02-01,France,0.0,-0.0035703937587673817,0.0035703937587673817
2018-02-01,Netherlands,0.0,-0.0038007531872141435,0.0038007531872141435
2018-02-01,Sweden,0.0,-0.003952026953800501,0.003952026953800501
2018-02-01,Italy,-0.019946328525290977,-0.004336594031880639,-0.015609734493410337
2018-02-01,ChinaA,-0.021621666045207034,-0.004700834432365454,-0.01692083161284158
2018-02-01,Chile,0.0,-0.0027572623519468943,0.0027572623519468943
2018-02-01,Indonesia,0.0,-0.002353924539111323,0.002353924539111323
2018-02-01,Philippines,0.0,-0.003345213246788653,0.003345213246788653
2018-02-01,Poland,-0.0316082733119105,-0.006872054134107045,-0.024736219177803453
2018-02-01,US SmallCap,0.0,-0.0028321316865825108,0.0028321316865825108
2018-02-01,Malaysia,0.0,-0.001090000470152407,0.001090000470152407
2018-02-01,Taiwan,0.0,-0.002217667984112473,0.002217667984112473
2018-02-01,Mexico,0.0,-0.00522894020479842,0.00522894020479842
2018-02-01,Korea,-0.0215077129924801,-0.004676059540698368,-0.016831653451781732
2018-02-01,Brazil,0.0,-0.0014315666287058424,0.0014315666287058424
2018-02-01,South Africa,0.0,2.222621689725219e-05,-2.222621689725219e-05
2018-02-01,Denmark,0.0,-0.0020164371639362884,0.0020164371639362884
2018-02-01,India,0.0,-0.004859637647491604,0.004859637647491604
2018-02-01,ChinaH,-0.021503619049484533,-0.004675169463672968,-0.016828449585811565
2018-02-01,Hong Kong,-0.010863105586636976,-0.0023617819587683697,-0.008501323627868606
2018-02-01,Thailand,0.0,0.0015768095157200122,-0.0015768095157200122
2018-02-01,Turkey,-0.0054644568687138885,-0.0011880447579256,-0.0042764121107882885
2018-02-01,Spain,0.0,-0.005878554767181782,0.005878554767181782
2018-02-01,Vietnam,0.0,-2.186273495341832e-05,2.186273495341832e-05
2018-02-01,Saudi Arabia,0.0,0.0,0.0
2018-03-01,Singapore,0.0,-0.0009762435872626993,0.0009762435872626993
2018-03-01,Australia,0.0,-0.003640240196104621,0.003640240196104621
2018-03-01,Canada,0.0,-0.0006180380627070693,0.0006180380627070693
2018-03-01,Germany,0.0,-0.001324187668089737,0.001324187668089737
2018-03-01,Japan,0.0,-0.0020167081207676167,0.0020167081207676167
2018-03-01,Switzerland,0.0,-0.001769098709988368,0.001769098709988368
2018-03-01,U.K.,0.0,0.00015185824153876178,-0.00015185824153876178
2018-03-01,NASDAQ,0.0,-0.0019640101903715015,0.0019640101903715015
2018-03-01,U.S.,0.0,-0.0017869275481903592,0.0017869275481903592
2018-03-01,France,-0.004988147619574505,-0.0011012643693497227,-0.0038868832502247817
2018-03-01,Netherlands,0.0,-2.5072155272527393e-05,2.5072155272527393e-05
2018-03-01,Sweden,0.0,-0.0025597817359074735,0.0025597817359074735
2018-03-01,Italy,0.0009372786251335296,0.00020692883064689634,0.0007303497944866333
2018-03-01,ChinaA,-0.01048350393542763,-0.0023145083567131593,-0.00816899557871447
2018-03-01,Chile,0.0,-0.0011171196794877926,0.0011171196794877926
2018-03-01,Indonesia,0.0,-0.004647114625769174,0.004647114625769174
2018-03-01,Philippines,0.0,-0.004266809468772864,0.004266809468772864
2018-03-01,Poland,-0.02070230068060752,-0.004570575660922869,-0.016131725019684653
2018-03-01,US SmallCap,0.0,0.0009089351119019398,-0.0009089351119019398
2018-03-01,Malaysia,0.0,0.001736151438411287,-0.001736151438411287
2018-03-01,Taiwan,0.0,0.0009066009041995433,-0.0009066009041995433
2018-03-01,Mexico,0.0,0.0005365095823682511,-0.0005365095823682511
2018-03-01,Korea,0.00964455365423701,0.0021292880860247854,0.007515265568212225
2018-03-01,Brazil,0.0,-0.0012865284825653565,0.0012865284825653565
2018-03-01,South Africa,0.0,-0.004631287291343381,0.004631287291343381
2018-03-01,Denmark,0.0,-0.00180533181429217,0.00180533181429217
2018-03-01,India,0.0,-0.002405944558381691,0.002405944558381691
2018-03-01,ChinaH,0.0,-0.002166115649347365,0.002166115649347365
2018-03-01,Hong Kong,0.0,-0.0018425989939820783,0.0018425989939820783
2018-03-01,Thailand,0.0,-0.0008874124361663003,0.0008874124361663003
2018-03-01,Turkey,-0.023607590238021982,-0.005211994503394354,-0.018395595734627627
2018-03-01,Spain,-0.00625899188664507,-0.0013818365610838077,-0.004877155325561262
2018-03-01,Vietnam,0.0,0.00494798463992542,-0.00494798463992542
2018-03-01,Saudi Arabia,0.0,0.0,0.0
2018-04-01,Singapore,0.019317904301381705,0.004289302386349217,0.015028601915032486
2018-04-01,Australia,0.0,0.0015353549739428104,-0.0015353549739428104
2018-04-01,Canada,0.0,0.0017162767924190096,-0.0017162767924190096
2018-04-01,Germany,0.0,0.0009858733046523914,-0.0009858733046523914
2018-04-01,Japan,0.0,0.0004589618795523396,-0.0004589618795523396
2018-04-01,Switzerland,0.0,-0.0006965325631859776,0.0006965325631859776
2018-04-01,U.K.,0.0,0.0037534504206555444,-0.0037534504206555444
2018-04-01,NASDAQ,0.0,5.5023523691855104e-05,-5.5023523691855104e-05
2018-04-01,U.S.,0.0,0.0002645240210858549,-0.0002645240210858549
2018-04-01,France,0.0,0.003074703782401078,-0.003074703782401078
2018-04-01,Netherlands,0.0,0.00042014468169806226,-0.00042014468169806226
2018-04-01,Sweden,0.0,-0.001327917824735823,0.001327917824735823
2018-04-01,Italy,0.016644287024171946,0.00369565864588923,0.012948628378282716
2018-04-01,ChinaA,-0.000140438498131507,-3.118263636535811e-05,-0.00010925586176614889
2018-04-01,Chile,0.0,0.0012216134989093614,-0.0012216134989093614
2018-04-01,Indonesia,0.0,-0.003279422243992747,0.003279422243992747
2018-04-01,Philippines,0.0,-0.0005003254961050966,0.0005003254961050966
2018-04-01,Poland,0.0041317814244415515,0.0009174111046022173,0.003214370319839334
2018-04-01,US SmallCap,0.0,0.0005962928194098477,-0.0005962928194098477
2018-04-01,Malaysia,0.0,-0.0006913905848849635,0.0006913905848849635
2018-04-01,Taiwan,0.0,-0.003152143351746907,0.003152143351746907
2018-04-01,Mexico,0.0,0.00154681546827716,-0.00154681546827716
2018-04-01,Korea,0.006506304068608191,0.0014446445707777247,0.0050616594978304666
2018-04-01,Brazil,0.0,-0.002742853576968577,0.002742853576968577
2018-04-01,South Africa,0.0,-0.0005825352048721341,0.0005825352048721341
2018-04-01,Denmark,0.0,-0.0016128400282563453,0.0016128400282563453
2018-04-01,India,0.0,0.002858387633808802,-0.002858387633808802
2018-04-01,ChinaH,-0.0001433232875270864,-3.18231682701408e-05,-0.0001115001192569456
2018-04-01,Hong Kong,0.0,0.0022897886385311005,-0.0022897886385311005
2018-04-01,Thailand,0.0,-0.0003539476380909064,0.0003539476380909064
2018-04-01,Turkey,-0.034236278008294374,-0.007601743267264705,-0.02663453474102967
2018-04-01,Spain,0.0,0.0015859205931748432,-0.0015859205931748432
2018-04-01,Vietnam,0.0,-0.006220775919816184,0.006220775919816184
2018-04-01,Saudi Arabia,0.0,0.0,0.0
2018-05-01,Singapore,-0.018979783569917166,-0.004198094238286579,-0.014781689331630586
2018-05-01,Australia,0.0,0.0011985308219630473,-0.0011985308219630473
2018-05-01,Canada,0.0,0.0013866299454486026,-0.0013866299454486026
2018-05-01,Germany,0.0,-0.003231936703651069,0.003231936703651069
2018-05-01,Japan,-0.0032858168142827003,-0.0007267821882842245,-0.0025590346259984757
2018-05-01,Switzerland,0.0,-0.002488262097316006,0.002488262097316006
2018-05-01,U.K.,0.0,-3.68400355543708e-05,3.68400355543708e-05
2018-05-01,NASDAQ,0.0,0.0037983297177871193,-0.0037983297177871193
2018-05-01,U.S.,0.0,0.0016632538120480542,-0.0016632538120480542
2018-05-01,France,0.0,-0.0033666404496460003,0.0033666404496460003
2018-05-01,Netherlands,0.0,-0.002554561741101496,0.002554561741101496
2018-05-01,Sweden,0.0,-0.001624535824664069,0.001624535824664069
2018-05-01,Italy,-0.03866224739489147,-0.0085516126898813,-0.030110634705010172
2018-05-01,ChinaA,0.004708774281609725,0.0010415228449891165,0.0036672514366206084
2018-05-01,Chile,-0.024670426679314676,-0.005456794368438336,-0.01921363231087634
2018-05-01,Indonesia,0.0,-0.0006518512681530232,0.0006518512681530232
2018-05-01,Philippines,0.0,-0.003494559486789706,0.003494559486789706
2018-05-01,Poland,0.0,-0.007300479768166381,0.007300479768166381
2018-05-01,US SmallCap,0.0,0.004193118959728531,-0.004193118959728531
2018-05-01,Malaysia,0.0,-0.005646520148069825,0.005646520148069825
2018-05-01,Taiwan,0.0,-0.00011268451082365405,0.00011268451082365405
2018-05-01,Mexico,0.0,-0.009395727059367873,0.009395727059367873
2018-05-01,Korea,-0.016961043633995164,-0.0037515738413403375,-0.013209469792654827
2018-05-01,Brazil,0.0,-0.011304877265469582,0.011304877265469582
2018-05-01,South Africa,0.0,-0.004883838742272507,0.004883838742272507
2018-05-01,Denmark,0.0,-0.0018125498619539922,0.0018125498619539922
2018-05-01,India,0.0,-0.002521171924813571,0.002521171924813571
2018-05-01,ChinaH,0.004586279362571188,0.001014428478399492,0.0035718508841716956
2018-05-01,Hong Kong,0.0,0.00040375417341904864,-0.00040375417341904864
2018-05-01,Thailand,0.0,-0.0035175644415616223,0.0035175644415616223
2018-05-01,Turkey,0.0,-0.008721825536809414,0.008721825536809414
2018-05-01,Spain,0.0,-0.006403320493238979,0.006403320493238979
2018-05-01,Vietnam,0.0,-0.006443540908162435,0.006443540908162435
2018-05-01,Saudi Arabia,0.0,0.0,0.0
2018-06-01,Singapore,-0.021780397720329712,-0.004825837987130996,-0.016954559733198718
2018-06-01,Australia,0.0,0.0009177943964411051,-0.0009177943964411051
2018-06-01,Canada,0.0,0.00017433074205369482,-0.00017433074205369482
2018-06-01,Germany,0.0,-0.0015937059161938618,0.0015937059161938618
2018-06-01,Japan,0.0,-0.0017403967744120117,0.0017403967744120117
2018-06-01,Switzerland,0.0,0.0006220990871645142,-0.0006220990871645142
2018-06-01,U.K.,0.0,-0.0003551339864795866,0.0003551339864795866
2018-06-01,NASDAQ,0.0,0.0006474950486669708,-0.0006474950486669708
2018-06-01,U.S.,0.0,0.00040777443091863055,-0.00040777443091863055
2018-06-01,France,0.0,-0.0008298555212609055,0.0008298555212609055
2018-06-01,Netherlands,0.0,2.163425269070972e-05,-2.163425269070972e-05
2018-06-01,Sweden,0.0,-0.00032037588140165584,0.00032037588140165584
2018-06-01,Italy,-0.002541002724090068,-0.0005630047544940589,-0.001977997969596009
2018-06-01,ChinaA,-0.016699925416844986,-0.003700168173864043,-0.012999757242980943
2018-06-01,Chile,-0.0150215854244037,-0.0033283018289586713,-0.011693283595445029
2018-06-01,Indonesia,0.0,-0.004521341610479804,0.004521341610479804
2018-06-01,Philippines,0.0,-0.0036427457557878015,0.0036427457557878015
2018-06-01,Poland,0.0,-0.0016797767460051164,0.0016797767460051164
2018-06-01,US SmallCap,0.0,0.00047370832633986825,-0.00047370832633986825
2018-06-01,Malaysia,0.0,-0.0017008339597102838,0.0017008339597102838
2018-06-01,Taiwan,0.0,-0.0017491716979566743,0.0017491716979566743
2018-06-01,Mexico,0.0,0.006152970573243815,-0.006152970573243815
2018-06-01,Korea,-0.01849318437003622,-0.004097496876865433,-0.014395687493170786
2018-06-01,Brazil,0.0,-0.0055053617157296685,0.0055053617157296685
2018-06-01,South Africa,0.0,-0.0029866346820960933,0.0029866346820960933
2018-06-01,Denmark,0.0,-0.0016356809410562985,0.0016356809410562985
2018-06-01,India,0.0,-0.0006672024427605348,0.0006672024427605348
2018-06-01,ChinaH,-0.016556178439132506,-0.0036683184512608306,-0.012887859987871675
2018-06-01,Hong Kong,-0.014698674939215365,-0.0032567552159962166,-0.01144191972321915
2018-06-01,Thailand,0.0,-0.0065430003671655915,0.0065430003671655915
2018-06-01,Turkey,0.0,-0.0032248900154235568,0.0032248900154235568
2018-06-01,Spain,0.0,0.001571032573413963,-0.001571032573413963
2018-06-01,Vietnam,0.0,0.00047870240779218474,-0.00047870240779218474
2018-06-01,Saudi Arabia,0.0,0.0,0.0
2018-07-01,Singapore,0.0048651920267586265,0.0011090450885098899,0.0037561469382487367
2018-07-01,Australia,0.0,0.0014153315161963915,-0.0014153315161963915
2018-07-01,Canada,0.0,0.0015831149955546522,-0.0015831149955546522
2018-07-01,Germany,0.0,0.0027837405898400182,-0.0027837405898400182
2018-07-01,Japan,0.0011153051769509066,0.00025423944664135727,0.0008610657303095494
2018-07-01,Switzerland,0.0,0.004221105723040734,-0.004221105723040734
2018-07-01,U.K.,0.0,0.0006155878915655123,-0.0006155878915655123
2018-07-01,NASDAQ,0.0,0.00141924333275032,-0.00141924333275032
2018-07-01,U.S.,0.0,0.0024082501034922766,-0.0024082501034922766
2018-07-01,France,0.0,0.002336556506829872,-0.002336556506829872
2018-07-01,Netherlands,0.0,0.0026351572150638716,-0.0026351572150638716
2018-07-01,Sweden,0.0,0.0035149592537452733,-0.0035149592537452733
2018-07-01,Italy,0.0,0.0019326580323892285,-0.0019326580323892285
2018-07-01,ChinaA,-0.008616994913642201,-0.001964287500704587,-0.006652707412937614
2018-07-01,Chile,0.012737573339024554,0.0029035941589732753,0.009833979180051279
2018-07-01,Indonesia,0.0,0.0016246849507150908,-0.0016246849507150908
2018-07-01,Philippines,0.0,0.004971287810837468,-0.004971287810837468
2018-07-01,Poland,0.0,0.007614261832045185,-0.007614261832045185
2018-07-01,US SmallCap,0.0,0.001125704287526839,-0.001125704287526839
2018-07-01,Malaysia,0.0,0.0032659110403385045,-0.0032659110403385045
2018-07-01,Taiwan,0.0,0.0023334959242208683,-0.0023334959242208683
2018-07-01,Mexico,0.0,0.005615132453451165,-0.005615132453451165
2018-07-01,Korea,-0.0029723556034699215,-0.00067756346824596,-0.0022947921352239617
2018-07-01,Brazil,0.0,0.007659292384529907,-0.007659292384529907
2018-07-01,South Africa,0.0,0.0035376457057770274,-0.0035376457057770274
2018-07-01,Denmark,0.0,0.003718155501812031,-0.003718155501812031
2018-07-01,India,0.0,0.0043063786612638185,-0.0043063786612638185
2018-07-01,ChinaH,-0.008493288385671902,-0.0019360879730173977,-0.006557200412654504
2018-07-01,Hong Kong,0.0045734315076971215,0.0010425368049916674,0.0035308947027054543
2018-07-01,Thailand,0.0,0.005061688858674807,-0.005061688858674807
2018-07-01,Turkey,0.0,-0.004480378002450569,0.004480378002450569
2018-07-01,Spain,0.0,0.002367820046329444,-0.002367820046329444
2018-07-01,Vietnam,0.0,0.00023337859091530425,-0.00023337859091530425
2018-07-01,Saudi Arabia,0.0,0.0,0.0
2018-08-01,Singapore,-0.005383320511712957,-0.0012679490559438765,-0.004115371455769081
2018-08-01,Australia,0.0,-0.001405740022198616,0.001405740022198616
2018-08-01,Canada,0.0,-0.0009626431429924669,0.0009626431429924669
2018-08-01,Germany,0.0,-0.0020293312974482536,0.0020293312974482536
2018-08-01,Japan,0.0005405925742972919,0.0001273273331467338,0.0004132652411505581
2018-08-01,Switzerland,0.0,0.0004190107764942381,-0.0004190107764942381
2018-08-01,U.K.,-0.008628396306776146,-0.002032271147088965,-0.0065961251596871814
2018-08-01,NASDAQ,0.0,0.003920710220773764,-0.003920710220773764
2018-08-01,U.S.,0.0,0.0021820997013856933,-0.0021820997013856933
2018-08-01,France,0.0,-0.0013249653692927494,0.0013249653692927494
2018-08-01,Netherlands,0.0,-0.0016902379724543376,0.0016902379724543376
2018-08-01,Sweden,0.0,-0.0009548984664476492,0.0009548984664476492
2018-08-01,Italy,0.0,-0.006354110517554705,0.006354110517554705
2018-08-01,ChinaA,-0.011048895920152717,-0.0026023784243754838,-0.008446517495777234
2018-08-01,Chile,0.0,-0.005928624676501107,0.005928624676501107
2018-08-01,Indonesia,0.0,-5.072857575042936e-05,5.072857575042936e-05
2018-08-01,Philippines,0.0,0.0014118452380304262,-0.0014118452380304262
2018-08-01,Poland,0.0,-0.0002157883331289,0.0002157883331289
2018-08-01,US SmallCap,0.0,0.002884547470688059,-0.002884547470688059
2018-08-01,Malaysia,0.0,5.136794489355708e-05,-5.136794489355708e-05
2018-08-01,Taiwan,0.0,0.0003413406963769011,-0.0003413406963769011
2018-08-01,Mexico,0.0,-0.002088469789954013,0.002088469789954013
2018-08-01,Korea,0.0025457874371863955,0.0005996166809297323,0.0019461707562566633
2018-08-01,Brazil,0.0,-0.007558461372439079,0.007558461372439079
2018-08-01,South Africa,0.0,-0.006857589885635477,0.006857589885635477
2018-08-01,Denmark,0.0,9.415717344239399e-05,-9.415717344239399e-05
2018-08-01,India,0.0,0.0005753947758827494,-0.0005753947758827494
2018-08-01,ChinaH,-0.01099543644739278,-0.0025897869600794723,-0.008405649487313307
2018-08-01,Hong Kong,-0.006413002447287545,-0.0015104730214580214,-0.004902529425829524
2018-08-01,Thailand,0.0,0.0011721063417090211,-0.0011721063417090211
2018-08-01,Turkey,0.0,-0.01917584058669755,0.01917584058669755
2018-08-01,Spain,0.0,-0.0039593465745164464,0.0039593465745164464
2018-08-01,Vietnam,0.0,0.0002870795706078306,-0.0002870795706078306
2018-08-01,Saudi Arabia,0.0,0.0,0.0
2018-09-01,Singapore,0.006475434830381068,0.001516191581386661,0.004959243248994407
2018-09-01,Australia,0.0,-0.000349116021527075,0.000349116021527075
2018-09-01,Canada,0.0,-3.258147915653773e-05,3.258147915653773e-05
2018-09-01,Germany,0.0,-0.0011096216046623268,0.0011096216046623268
2018-09-01,Japan,0.006495158719881402,0.001520809834213838,0.0049743488856675636
2018-09-01,Switzerland,0.0,1.5811439050614802e-05,-1.5811439050614802e-05
2018-09-01,U.K.,0.005456179564067223,0.0012775379164901325,0.00417864164757709
2018-09-01,NASDAQ,0.0,-0.0004584880784924565,0.0004584880784924565
2018-09-01,U.S.,0.0,0.0003714347783587518,-0.0003714347783587518
2018-09-01,France,0.0032179377608309583,0.0007534644807954959,0.0024644732800354623
2018-09-01,Netherlands,0.0,-0.002265513647233105,0.002265513647233105
2018-09-01,Sweden,0.0,0.0019396537760160433,-0.0019396537760160433
2018-09-01,Italy,0.0,0.0013974711963310133,-0.0013974711963310133
2018-09-01,ChinaA,0.0,-0.0010621447021123094,0.0010621447021123094
2018-09-01,Chile,0.0,0.0019402584854194761,-0.0019402584854194761
2018-09-01,Indonesia,0.0,-0.0005853868344597988,0.0005853868344597988
2018-09-01,Philippines,0.0,-0.005219154433994227,0.005219154433994227
2018-09-01,Poland,0.0,-0.00015683946047054487,0.00015683946047054487
2018-09-01,US SmallCap,0.0,-0.001569721729141975,0.001569721729141975
2018-09-01,Malaysia,-0.004034423219787415,-0.0009446405811843485,-0.003089782638603067
2018-09-01,Taiwan,0.0,0.00014555941794473955,-0.00014555941794473955
2018-09-01,Mexico,0.0,0.0010419561025370456,-0.0010419561025370456
2018-09-01,Korea,0.0020878252061766415,0.0004888541208321614,0.00159897108534448
2018-09-01,Brazil,0.0,0.0045770232867419006,-0.0045770232867419006
2018-09-01,South Africa,0.0,-0.0011386501410576516,0.0011386501410576516
2018-09-01,Denmark,0.0,-0.002367413398739917,0.002367413398739917
2018-09-01,India,0.0,-0.006040756906266174,0.006040756906266174
2018-09-01,ChinaH,0.0,-0.0011981931166618663,0.0011981931166618663
2018-09-01,Hong Kong,-0.0007386350175659365,-0.00017294779805311644,-0.0005656872195128201
2018-09-01,Thailand,0.0,0.0022653192519848458,-0.0022653192519848458
2018-09-01,Turkey,0.0,0.0119654337388675,-0.0119654337388675
2018-09-01,Spain,0.0,-2.4173932288456626e-05,2.4173932288456626e-05
2018-09-01,Vietnam,0.0,0.0011094233944065257,-0.0011094233944065257
2018-09-01,Saudi Arabia,0.0,0.0,0.0
2018-10-01,Singapore,-0.024366075246863166,-0.005670309818516017,-0.01869576542834715
2018-10-01,Australia,-0.02174669003193791,-0.005060744036904205,-0.016685945995033705
2018-10-01,Canada,0.0,-0.005088196587687652,0.005088196587687652
2018-10-01,Germany,0.0,-0.005529696410710962,0.005529696410710962
2018-10-01,Japan,-0.02384760798332799,-0.005549655589830537,-0.01829795239349745
2018-10-01,Switzerland,0.0,-0.0025827518464921024,0.0025827518464921024
2018-10-01,U.K.,-0.018027249772041405,-0.004195180813799982,-0.013832068958241423
2018-10-01,NASDAQ,0.0,-0.006000308427489922,0.006000308427489922
2018-10-01,U.S.,0.0,-0.004476355392008566,0.004476355392008566
2018-10-01,France,0.0,-0.006161380826418083,0.006161380826418083
2018-10-01,Netherlands,0.0,-0.005101517329730117,0.005101517329730117
2018-10-01,Sweden,0.0,-0.006588902084369323,0.006588902084369323
2018-10-01,Italy,0.0,-0.006139201260395518,0.006139201260395518
2018-10-01,ChinaA,0.0,-0.00752729474614508,0.00752729474614508
2018-10-01,Chile,0.0,-0.0054527941304818375,0.0054527941304818375
2018-10-01,Indonesia,0.0,-0.0020288053539058277,0.0020288053539058277
2018-10-01,Philippines,0.0,-0.0005569329609777261,0.0005569329609777261
2018-10-01,Poland,0.0,-0.006660131718690748,0.006660131718690748
2018-10-01,US SmallCap,0.0,-0.007113224934362427,0.007113224934362427
2018-10-01,Malaysia,-0.017948662094882217,-0.004176892415980663,-0.013771769678901554
2018-10-01,Taiwan,0.0,-0.007720416716499842,0.007720416716499842
2018-10-01,Mexico,0.0,-0.011371872066287645,0.011371872066287645
2018-10-01,Korea,-0.040754295436808,-0.009484066646793472,-0.03127022879001453
2018-10-01,Brazil,0.0,0.011677209480569727,-0.011677209480569727
2018-10-01,South Africa,0.0,-0.007078615545573183,0.007078615545573183
2018-10-01,Denmark,0.0,-0.006409950627295193,0.006409950627295193
2018-10-01,India,0.0,-0.004614362583687041,0.004614362583687041
2018-10-01,ChinaH,0.0,-0.00742787527584408,0.00742787527584408
2018-10-01,Hong Kong,-0.03130567013658644,-0.007285245857293425,-0.02402042427929301
2018-10-01,Thailand,0.0,-0.004737999792727862,0.004737999792727862
2018-10-01,Turkey,0.0,-0.0005726253443482628,0.0005726253443482628
2018-10-01,Spain,0.0,-0.004518038166382998,0.004518038166382998
2018-10-01,Vietnam,0.0,-0.006480856261289731,0.006480856261289731
2018-10-01,Saudi Arabia,0.0,0.0,0.0
2018-11-01,Singapore,0.007733669981115872,0.0018249865995791123,0.00590868338153676
2018-11-01,Australia,0.0,0.0006394651442285449,-0.0006394651442285449
2018-11-01,Canada,0.0,0.0001951041099934213,-0.0001951041099934213
2018-11-01,Germany,0.0,-0.00123047801182778,0.00123047801182778
2018-11-01,Japan,0.0009424412022281364,0.00022239668477674177,0.0007200445174513946
2018-11-01,Switzerland,0.0,0.00014440252932706752,-0.00014440252932706752
2018-11-01,U.K.,-0.0024891791296709175,-0.0005873949323793054,-0.001901784197291612
2018-11-01,NASDAQ,0.0,0.00029933603609494586,-0.00029933603609494586
2018-11-01,U.S.,0.0,0.0012308399300100122,-0.0012308399300100122
2018-11-01,France,0.0,-0.00109466875829655,0.00109466875829655
2018-11-01,Netherlands,0.0,0.0016021696815096932,-0.0016021696815096932
2018-11-01,Sweden,0.0,-0.0009244594910788582,0.0009244594910788582
2018-11-01,Italy,0.0,0.0004008049404643349,-0.0004008049404643349
2018-11-01,ChinaA,0.0,0.004421021995277633,-0.004421021995277633
2018-11-01,Chile,0.0,0.002014243409083446,-0.002014243409083446
2018-11-01,Indonesia,0.0,0.00733544437951835,-0.00733544437951835
2018-11-01,Philippines,0.0,0.002774747584574903,-0.002774747584574903
2018-11-01,Poland,0.0,0.004721155252295003,-0.004721155252295003
2018-11-01,US SmallCap,0.004044528012589152,0.0009544251878630754,0.003090102824726077
2018-11-01,Malaysia,-0.00228988917360698,-0.00054036661333602,-0.0017495225602709602
2018-11-01,Taiwan,0.0,-0.00044768221073350153,0.00044768221073350153
2018-11-01,Mexico,0.0,-0.002878830396322088,0.002878830396322088
2018-11-01,Korea,0.009210949533693637,0.002173594103373533,0.0070373554303201045
2018-11-01,Brazil,0.0,-0.0011788470229500414,0.0011788470229500414
2018-11-01,South Africa,0.0,0.005078851884821349,-0.005078851884821349
2018-11-01,Denmark,0.0,0.0020645765016831974,-0.0020645765016831974
2018-11-01,India,0.0,0.006325505444176708,-0.006325505444176708
2018-11-01,ChinaH,0.0,0.004332803515576379,-0.004332803515576379
2018-11-01,Hong Kong,0.01893922916939425,0.004469267440283923,0.014469961729110328
2018-11-01,Thailand,0.0,-0.00034688753673772104,0.00034688753673772104
2018-11-01,Turkey,0.0,0.00802089822991548,-0.00802089822991548
2018-11-01,Spain,0.0,0.0010818091540343033,-0.0010818091540343033
2018-11-01,Vietnam,0.0,0.0016592469819719311,-0.0016592469819719311
2018-11-01,Saudi Arabia,0.0,0.0,0.0
2018-12-01,Singapore,-0.0021651854072019063,-0.000514608883526222,-0.0016505765236756844
2018-12-01,Australia,0.0,-0.0018943278315719375,0.0018943278315719375
2018-12-01,Canada,0.0,-0.005160725972198756,0.005160725972198756
2018-12-01,Germany,0.0,-0.0035752724965545674,0.0035752724965545674
2018-12-01,Japan,-0.01780706778617076,-0.004232282021593435,-0.013574785764577324
2018-12-01,Switzerland,0.0,-0.0033675507078086233,0.0033675507078086233
2018-12-01,U.K.,-0.009350825385434205,-0.002222450694356737,-0.0071283746910774685
2018-12-01,NASDAQ,0.0,-0.005824872617801595,0.005824872617801595
2018-12-01,U.S.,0.0,-0.00560753543772696,0.00560753543772696
2018-12-01,France,-0.01228622363349032,-0.0029201193605653862,-0.009366104272924933
2018-12-01,Netherlands,0.0,-0.0038096083015796843,0.0038096083015796843
2018-12-01,Sweden,0.0,-0.0020200690749399416,0.0020200690749399416
2018-12-01,Italy,0.0,-0.0021344050255454653,0.0021344050255454653
2018-12-01,ChinaA,0.0,-0.003763531989424552,0.003763531989424552
2018-12-01,Chile,0.0,-0.002190866869685087,0.002190866869685087
2018-12-01,Indonesia,0.0,5.0970459839861584e-05,-5.0970459839861584e-05
2018-12-01,Philippines,0.0,0.0010130397047998082,-0.0010130397047998082
2018-12-01,Poland,0.0,6.898240205857797e-05,-6.898240205857797e-05
2018-12-01,US SmallCap,0.0,-0.007376292420116024,0.007376292420116024
2018-12-01,Malaysia,0.003846562979859651,0.0009142290881393715,0.0029323338917202793
2018-12-01,Taiwan,0.0,-0.0008654347266806554,0.0008654347266806554
2018-12-01,Mexico,0.0,0.0020443870563835943,-0.0020443870563835943
2018-12-01,Korea,0.0,-0.0008735123077482612,0.0008735123077482612
2018-12-01,Brazil,0.0,-0.0010010700928338506,0.0010010700928338506
2018-12-01,South Africa,0.0,-0.000155459362569895,0.000155459362569895
2018-12-01,Denmark,0.0,-0.0020925182438646618,0.0020925182438646618
2018-12-01,India,0.0,6.892399585778955e-05,-6.892399585778955e-05
2018-12-01,ChinaH,0.0,-0.00375832335937261,0.00375832335937261
2018-12-01,Hong Kong,-1.869298675630428e-05,-4.442842175286822e-06,-1.4250144581017459e-05
2018-12-01,Thailand,-0.007002910242689246,-0.0016644116524329603,-0.005338498590256285
2018-12-01,Turkey,0.0,-0.0029713755159258633,0.0029713755159258633
2018-12-01,Spain,0.0,-0.002460833646062759,0.002460833646062759
2018-12-01,Vietnam,0.0,-0.0031821027379186516,0.0031821027379186516
2018-12-01,Saudi Arabia,0.0,0.0,0.0
2019-01-01,Singapore,0.014443483486967078,0.0033962417822205808,0.011047241704746497
2019-01-01,Australia,0.0,0.004209007309180225,-0.004209007309180225
2019-01-01,Canada,0.0333160625887425,0.007833941436985226,0.025482121151757273
2019-01-01,Germany,0.0,0.003850135229223348,-0.003850135229223348
2019-01-01,Japan,0.015520394835389782,0.003649466796848178,0.011870928038541603
2019-01-01,Switzerland,0.0,0.003696951857159052,-0.003696951857159052
2019-01-01,U.K.,0.01872724277095683,0.004403525259117908,0.014323717511838923
2019-01-01,NASDAQ,0.0,0.005861852566293647,-0.005861852566293647
2019-01-01,U.S.,0.0,0.004800152780194212,-0.004800152780194212
2019-01-01,France,0.0,0.003486992634052971,-0.003486992634052971
2019-01-01,Netherlands,0.0,0.0043462840417450585,-0.0043462840417450585
2019-01-01,Sweden,0.0,0.003441157299356631,-0.003441157299356631
2019-01-01,Italy,0.0,0.004958364322843243,-0.004958364322843243
2019-01-01,ChinaA,0.0,0.006621707465028107,-0.006621707465028107
2019-01-01,Chile,0.0,0.007375580288835041,-0.007375580288835041
2019-01-01,Indonesia,0.0,0.0060104917767578965,-0.0060104917767578965
2019-01-01,Philippines,0.0,0.005053915989352503,-0.005053915989352503
2019-01-01,Poland,0.0,0.0031223763432101093,-0.0031223763432101093
2019-01-01,US SmallCap,0.02865047758905193,0.006736875432876959,0.02191360215617497
2019-01-01,Malaysia,0.003590602504877905,0.000844294540262108,0.002746307964615797
2019-01-01,Taiwan,0.0,0.0010301933194998476,-0.0010301933194998476
2019-01-01,Mexico,0.0,0.005856832566047447,-0.005856832566047447
2019-01-01,Korea,0.0,0.0060560236876426865,-0.0060560236876426865
2019-01-01,Brazil,0.0,0.01064428560223072,-0.01064428560223072
2019-01-01,South Africa,0.0,0.0071145228923314985,-0.0071145228923314985
2019-01-01,Denmark,0.0,0.0020551040467921703,-0.0020551040467921703
2019-01-01,India,0.0,-0.001130296313175666,0.001130296313175666
2019-01-01,ChinaH,0.0,0.006692994864200982,-0.006692994864200982
2019-01-01,Hong Kong,0.019866391098469965,0.004671384681641414,0.015195006416828551
2019-01-01,Thailand,0.0,0.0057995083834731466,-0.0057995083834731466
2019-01-01,Turkey,0.0,0.010185043789319394,-0.010185043789319394
2019-01-01,Spain,0.0,0.003850989722107967,-0.003850989722107967
2019-01-01,Vietnam,0.0,0.0023653571790839345,-0.0023653571790839345
2019-01-01,Saudi Arabia,0.0,0.0,0.0
2019-02-01,Singapore,-0.0004178524280334642,-9.872643316074023e-05,-0.000319125994872724
2019-02-01,Australia,0.010366443438109298,0.002449290506755481,0.007917152931353817
2019-02-01,Canada,0.0,0.0018156140611748238,-0.0018156140611748238
2019-02-01,Germany,0.0,0.001086323142572047,-0.001086323142572047
2019-02-01,Japan,-0.00019236504183508214,-4.545029099046728e-05,-0.00014691475084461486
2019-02-01,Switzerland,0.0,0.002718741990110048,-0.002718741990110048
2019-02-01,U.K.,0.012469000623484492,0.0029460639068898324,0.00952293671659466
2019-02-01,NASDAQ,0.0,0.002328253961626215,-0.002328253961626215
2019-02-01,U.S.,0.0,0.0020779023752791176,-0.0020779023752791176
2019-02-01,France,0.0,0.002678749394220269,-0.002678749394220269
2019-02-01,Netherlands,0.0,0.0029872111504495816,-0.0029872111504495816
2019-02-01,Sweden,0.0,0.0010868097063666034,-0.0010868097063666034
2019-02-01,Italy,0.0,0.0022173022224662347,-0.0022173022224662347
2019-02-01,ChinaA,0.0,0.0022318029259224895,-0.0022318029259224895
2019-02-01,Chile,0.0,-0.0018276539716864258,0.0018276539716864258
2019-02-01,Indonesia,0.0,-0.00355053069596141,0.00355053069596141
2019-02-01,Philippines,0.0,-0.0018618126043950095,0.0018618126043950095
2019-02-01,Poland,0.0,-0.0022428300798438263,0.0022428300798438263
2019-02-01,US SmallCap,0.0,0.0033584418346585656,-0.0033584418346585656
2019-02-01,Malaysia,0.005099239812219261,0.0012048027598186713,0.0038944370524005897
2019-02-01,Taiwan,0.0,0.0030744591332769167,-0.0030744591332769167
2019-02-01,Mexico,0.0,-0.002690994076826231,0.002690994076826231
2019-02-01,Korea,-0.005277456414303979,-0.0012469101840513292,-0.00403054623025265
2019-02-01,Brazil,0.0,-0.0028747144478344614,0.0028747144478344614
2019-02-01,South Africa,0.0,-0.003288765887120448,0.003288765887120448
2019-02-01,Denmark,0.0,0.0037322510345061738,-0.0037322510345061738
2019-02-01,India,0.0,0.0001452524540295261,-0.0001452524540295261
2019-02-01,ChinaH,0.0,0.002247604897740746,-0.002247604897740746
2019-02-01,Hong Kong,0.016031396370239835,0.0037877549010988695,0.012243641469140965
2019-02-01,Thailand,0.0,-0.0004298429140591637,0.0004298429140591637
2019-02-01,Turkey,0.0,-0.002114392611061977,0.002114392611061977
2019-02-01,Spain,0.0,0.0013381857386440476,-0.0013381857386440476
2019-02-01,Vietnam,0.0,0.005538087198254277,-0.005538087198254277
2019-02-01,Saudi Arabia,0.0,0.0,0.0
2019-03-01,Singapore,0.0017542092773696024,0.000411874155992381,0.0013423351213772213
2019-03-01,Australia,0.0,0.0005926333439442774,-0.0005926333439442774
2019-03-01,Canada,-0.0017323293592575726,-0.0004067369281132265,-0.0013255924311443461
2019-03-01,Germany,0.0,-0.001081943399086063,0.001081943399086063
2019-03-01,Japan,0.0,-0.00022237373721545637,0.00022237373721545637
2019-03-01,Switzerland,0.0,0.001164224947397127,-0.001164224947397127
2019-03-01,U.K.,0.0050141959942050325,0.0011772926809452994,0.0038369033132597333
2019-03-01,NASDAQ,0.0,0.0017718255901869125,-0.0017718255901869125
2019-03-01,U.S.,0.0,0.001274530655400955,-0.001274530655400955
2019-03-01,France,0.0,0.00020242812530072647,-0.00020242812530072647
2019-03-01,Netherlands,0.0,0.0006937522486268057,-0.0006937522486268057
2019-03-01,Sweden,0.0,-0.0007019131467653197,0.0007019131467653197
2019-03-01,Italy,0.0,0.0013390084946384054,-0.0013390084946384054
2019-03-01,ChinaA,0.0,0.0015948516831967407,-0.0015948516831967407
2019-03-01,Chile,0.0,-0.002856043242992129,0.002856043242992129
2019-03-01,Indonesia,0.0,0.0007540578450540534,-0.0007540578450540534
2019-03-01,Philippines,0.0,0.0013970755896673221,-0.0013970755896673221
2019-03-01,Poland,-0.00576886187277403,-0.0013544821279524054,-0.004414379744821625
2019-03-01,US SmallCap,0.0,-0.0013732472789799604,0.0013732472789799604
2019-03-01,Malaysia,0.0,-0.0018418553534466267,0.0018418553534466267
2019-03-01,Taiwan,0.0,0.0014975397916865885,-0.0014975397916865885
2019-03-01,Mexico,0.0,0.00021152202453988947,-0.00021152202453988947
2019-03-01,Korea,-0.008807910703447221,-0.0020680262234608142,-0.006739884479986406
2019-03-01,Brazil,-0.010710377168908087,-0.002514709968595522,-0.008195667200312565
2019-03-01,South Africa,0.0,-0.0010272857108028955,0.0010272857108028955
2019-03-01,Denmark,0.0,0.0014713782374699655,-0.0014713782374699655
2019-03-01,India,0.0,0.00570839434741697,-0.00570839434741697
2019-03-01,ChinaH,0.0,0.001601603394400531,-0.001601603394400531
2019-03-01,Hong Kong,0.0037152008001803787,0.0008722991114327052,0.0028429016887476736
2019-03-01,Thailand,0.0,-0.0009510436197461972,0.0009510436197461972
2019-03-01,Turkey,0.0,-0.009435103023660022,0.009435103023660022
2019-03-01,Spain,0.0,-0.0010853028511487728,0.0010853028511487728
2019-03-01,Vietnam,0.0,1.5221393534981507e-05,-1.5221393534981507e-05
2019-03-01,Saudi Arabia,0.0,0.0,0.0
2019-04-01,Singapore,0.01783954445561885,0.004218119170396487,0.013621425285222363
2019-04-01,Australia,0.004105432154625878,0.0009707199708642359,0.003134712183761642
2019-04-01,Canada,0.008538887023608674,0.002019000156519641,0.006519886867089033
2019-04-01,Germany,0.0,0.004281012096268001,-0.004281012096268001
2019-04-01,Japan,0.003823453454877617,0.0009040467572061938,0.002919406697671423
2019-04-01,Switzerland,0.0,0.0006343537540342684,-0.0006343537540342684
2019-04-01,U.K.,0.007971071924166425,0.0018847415849425194,0.006086330339223906
2019-04-01,NASDAQ,0.0,0.00312744852667791,-0.00312744852667791
2019-04-01,U.S.,0.0,0.002651732557311053,-0.002651732557311053
2019-04-01,France,0.0,0.002809405579189432,-0.002809405579189432
2019-04-01,Netherlands,0.0,0.0031564181953012155,-0.0031564181953012155
2019-04-01,Sweden,0.0,0.0032906014442041684,-0.0032906014442041684
2019-04-01,Italy,0.0,0.0011508045737253184,-0.0011508045737253184
2019-04-01,ChinaA,0.0,0.0014455967825986193,-0.0014455967825986193
2019-04-01,Chile,0.0,-0.0012132741292639004,0.0012132741292639004
2019-04-01,Indonesia,0.0,0.0008903557052051735,-0.0008903557052051735
2019-04-01,Philippines,0.0,0.0016402299350652806,-0.0016402299350652806
2019-04-01,Poland,0.004477588681898682,0.0010587155240008612,0.003418873157897821
2019-04-01,US SmallCap,0.0,0.0022247953379430623,-0.0022247953379430623
2019-04-01,Malaysia,0.0,-0.00071012638121405,0.00071012638121405
2019-04-01,Taiwan,0.0,0.0025970760773691356,-0.0025970760773691356
2019-04-01,Mexico,0.0,0.003429603661651861,-0.003429603661651861
2019-04-01,Korea,0.0,0.0006150660247526941,-0.0006150660247526941
2019-04-01,Brazil,0.0,-0.0004859858226883078,0.0004859858226883078
2019-04-01,South Africa,0.0,0.005304951143123461,-0.005304951143123461
2019-04-01,Denmark,0.0,-0.00035398561047229405,0.00035398561047229405
2019-04-01,India,0.0,0.0003761773756495315,-0.0003761773756495315
2019-04-01,ChinaH,0.0,0.0014232306994274918,-0.0014232306994274918
2019-04-01,Hong Kong,0.003150719442310568,0.000744980350435193,0.002405739091875375
2019-04-01,Thailand,0.0,0.0014533377743075036,-0.0014533377743075036
2019-04-01,Turkey,0.0,-0.0026240883834174117,0.0026240883834174117
2019-04-01,Spain,0.0,0.002419750089692429,-0.002419750089692429
2019-04-01,Vietnam,0.0,-7.451299884043133e-05,7.451299884043133e-05
2019-04-01,Saudi Arabia,0.0,0.0,0.0
2019-05-01,Singapore,0.0,-0.0058722138732365545,0.0058722138732365545
2019-05-01,Australia,0.0024804700138149876,0.0005853453333340517,0.001895124680480936
2019-05-01,Canada,-0.01127787549932449,-0.0026613713355473825,-0.008616504163777107
2019-05-01,Germany,0.0,-0.005292277509671391,0.005292277509671391
2019-05-01,Japan,-0.011344782740765225,-0.0026771602148023084,-0.008667622525962915
2019-05-01,Switzerland,0.0,-0.0004652608827844986,0.0004652608827844986
2019-05-01,U.K.,-0.014593523028572157,-0.0034438032123354162,-0.01114971981623674
2019-05-01,NASDAQ,0.0,-0.005218734238091206,0.005218734238091206
2019-05-01,U.S.,0.0,-0.004260670305445304,0.004260670305445304
2019-05-01,France,0.0,-0.0047143509959979004,0.0047143509959979004
2019-05-01,Netherlands,0.0,-0.004370378500173897,0.004370378500173897
2019-05-01,Sweden,0.0,-0.006483247340660805,0.006483247340660805
2019-05-01,Italy,0.0,-0.006145124642940117,0.006145124642940117
2019-05-01,ChinaA,0.0,-0.009031165994006841,0.009031165994006841
2019-05-01,Chile,0.0,-0.005758512623816425,0.005758512623816425
2019-05-01,Indonesia,-0.008808269262265722,-0.0020785896538564547,-0.006729679608409267
2019-05-01,Philippines,0.0,0.00010938628457329495,-0.00010938628457329495
2019-05-01,Poland,-0.011955924480426748,-0.002821378432851369,-0.00913454604757538
2019-05-01,US SmallCap,0.0,-0.005214301645997051,0.005214301645997051
2019-05-01,Malaysia,0.0,-0.00028749897618738084,0.00028749897618738084
2019-05-01,Taiwan,0.0,-0.005217082428230354,0.005217082428230354
2019-05-01,Mexico,0.0,-0.00469444991746382,0.00469444991746382
2019-05-01,Korea,0.0,-0.0063876689996997,0.0063876689996997
2019-05-01,Brazil,0.0,0.0011565660243091948,-0.0011565660243091948
2019-05-01,South Africa,0.0,-0.004982562631384523,0.004982562631384523
2019-05-01,Denmark,0.0,-0.002377610672245219,0.002377610672245219
2019-05-01,India,0.0,0.0002818145594384835,-0.0002818145594384835
2019-05-01,ChinaH,0.0,-0.009011686436218537,0.009011686436218537
2019-05-01,Hong Kong,-0.018963007586191818,-0.004474921258767338,-0.01448808632742448
2019-05-01,Thailand,0.0,-0.0013305700232527468,0.0013305700232527468
2019-05-01,Turkey,0.0,-0.0005532501116418442,0.0005532501116418442
2019-05-01,Spain,0.0,-0.004049495952413325,0.004049495952413325
2019-05-01,Vietnam,0.0,-0.0013333174228792343,0.0013333174228792343
2019-05-01,Saudi Arabia,0.0,0.0,0.0
2019-06-01,Singapore,0.027757477201014607,0.0062494240420060704,0.021508053159008535
2019-06-01,Australia,0.0,0.003188855109346952,-0.003188855109346952
2019-06-01,Canada,0.0,0.0037618875259875246,-0.0037618875259875246
2019-06-01,Germany,0.0,0.004462796227880951,-0.004462796227880951
2019-06-01,Japan,0.0,0.002220932140878935,-0.002220932140878935
2019-06-01,Switzerland,0.0,0.00432281775634312,-0.00432281775634312
2019-06-01,U.K.,0.014686736434105566,0.003306627727917251,0.011380108706188316
2019-06-01,NASDAQ,0.0,0.004624179363107398,-0.004624179363107398
2019-06-01,U.S.,0.0,0.004339378973046174,-0.004339378973046174
2019-06-01,France,0.0,0.005030582919870708,-0.005030582919870708
2019-06-01,Netherlands,0.0,0.00402048680930704,-0.00402048680930704
2019-06-01,Sweden,0.0,0.005912543966338446,-0.005912543966338446
2019-06-01,Italy,0.0,0.005916536646472516,-0.005916536646472516
2019-06-01,ChinaA,0.0,0.004533503379879975,-0.004533503379879975
2019-06-01,Chile,0.0,0.0035704886715881715,-0.0035704886715881715
2019-06-01,Indonesia,0.0,0.0034788482235687413,-0.0034788482235687413
2019-06-01,Philippines,0.0,0.001346688262855836,-0.001346688262855836
2019-06-01,Poland,0.017325616542275952,0.003900755237148125,0.013424861305127827
2019-06-01,US SmallCap,0.0,0.004350546730159618,-0.004350546730159618
2019-06-01,Malaysia,0.0,0.0015721013870130635,-0.0015721013870130635
2019-06-01,Taiwan,0.0,0.002606054314594633,-0.002606054314594633
2019-06-01,Mexico,0.0,0.002168711679833578,-0.002168711679833578
2019-06-01,Korea,0.0,0.005200602777874567,-0.005200602777874567
2019-06-01,Brazil,0.0168953398606602,0.003803881107725954,0.013091458752934248
2019-06-01,South Africa,0.0,0.004107690202585178,-0.004107690202585178
2019-06-01,Denmark,0.0,0.0034993544819526615,-0.0034993544819526615
2019-06-01,India,0.0,-0.00016947997747192322,0.00016947997747192322
2019-06-01,ChinaH,0.0,0.004336280582290244,-0.004336280582290244
2019-06-01,Hong Kong,0.019259265883193002,0.004336104407839131,0.014923161475353872
2019-06-01,Thailand,0.0,0.005691497989683259,-0.005691497989683259
2019-06-01,Turkey,0.0,0.0047597387409203384,-0.0047597387409203384
2019-06-01,Spain,0.012761890175704612,0.0028732605167221125,0.0098886296589825
2019-06-01,Vietnam,0.0,-0.001091125266424034,0.001091125266424034
2019-06-01,Saudi Arabia,0.00848651143597316,0.0019106854782462558,0.006575825957726905
2019-07-01,Singapore,-0.0027607811424787037,-0.0006204559097330295,-0.002140325232745674
2019-07-01,Australia,0.0,0.00035967090875478527,-0.00035967090875478527
2019-07-01,Canada,0.0,-0.0003567006738959776,0.0003567006738959776
2019-07-01,Germany,0.0,-0.002271861054067492,0.002271861054067492
2019-07-01,Japan,0.00038418857280286264,8.634225537827946e-05,0.0002978463174245832
2019-07-01,Switzerland,0.0,-0.0004394646616805111,0.0004394646616805111
2019-07-01,U.K.,-0.004998092370894676,-0.0011232675785842708,-0.0038748247923104055
2019-07-01,NASDAQ,0.0,0.0014058085286091997,-0.0014058085286091997
2019-07-01,U.S.,0.0,0.0009374279234506098,-0.0009374279234506098
2019-07-01,France,0.0,-0.0015948233688207012,0.0015948233688207012
2019-07-01,Netherlands,0.0,0.0005195086885753096,-0.0005195086885753096
2019-07-01,Sweden,0.0,-0.003012652228717876,0.003012652228717876
2019-07-01,Italy,0.0,-0.0010354614482373501,0.0010354614482373501
2019-07-01,ChinaA,0.0,-0.00057160113524984,0.00057160113524984
2019-07-01,Chile,0.0,-0.0032491822060694234,0.0032491822060694234
2019-07-01,Indonesia,0.0,0.0008895277194187249,-0.0008895277194187249
2019-07-01,Philippines,0.0021285068314138675,0.00047835904923348933,0.0016501477821803782
2019-07-01,Poland,-0.011808422271233935,-0.002653816077659888,-0.009154606193574048
2019-07-01,US SmallCap,0.0,0.0003735727786428569,-0.0003735727786428569
2019-07-01,Malaysia,0.0,-0.0012128948747462565,0.0012128948747462565
2019-07-01,Taiwan,0.0,0.001067297059089219,-0.001067297059089219
2019-07-01,Mexico,0.0,-0.0024794794887893715,0.0024794794887893715
2019-07-01,Korea,0.0,-0.0038429353078511305,0.0038429353078511305
2019-07-01,Brazil,0.007453542090619037,0.001675103530450942,0.005778438560168095
2019-07-01,South Africa,0.0,-0.0017667848996935414,0.0017667848996935414
2019-07-01,Denmark,0.0,-0.0017166197267718666,0.0017166197267718666
2019-07-01,India,0.0,-0.0035705139367102944,0.0035705139367102944
2019-07-01,ChinaH,0.0,-0.0004739124687378056,0.0004739124687378056
2019-07-01,Hong Kong,-0.009732550595312889,-0.0021872862142980165,-0.007545264381014872
2019-07-01,Thailand,0.0,-0.0016194235544824086,0.0016194235544824086
2019-07-01,Turkey,0.0,0.007646716120996007,-0.007646716120996007
2019-07-01,Spain,0.0,-0.0027510960685565395,0.0027510960685565395
2019-07-01,Vietnam,0.0,0.00240661910125354,-0.00240661910125354
2019-07-01,Saudi Arabia,0.0,-0.0007148726433634381,0.0007148726433634381
2019-08-01,Singapore,-0.017396627166971143,-0.003909144828402539,-0.013487482338568604
2019-08-01,Australia,0.0,-0.002586954683755144,0.002586954683755144
2019-08-01,Canada,0.0,-0.0007303345372086536,0.0007303345372086536
2019-08-01,Germany,0.0,-0.001906234874404708,0.001906234874404708
2019-08-01,Japan,0.0,-0.0006758185110600543,0.0006758185110600543
2019-08-01,Switzerland,0.0,0.00017481641444256387,-0.00017481641444256387
2019-08-01,U.K.,0.0,-0.002110323972778706,0.002110323972778706
2019-08-01,NASDAQ,0.0,-0.0015874773265706634,0.0015874773265706634
2019-08-01,U.S.,0.0,-0.0010231530600355756,0.0010231530600355756
2019-08-01,France,0.0,-0.0010999972427098762,0.0010999972427098762
2019-08-01,Netherlands,0.0,-0.0010282615970887055,0.0010282615970887055
2019-08-01,Sweden,0.0,-0.0027614310333350365,0.0027614310333350365
2019-08-01,Italy,-0.00401425441180543,-0.0009020312801549448,-0.0031122231316504856
2019-08-01,ChinaA,0.0,-0.002759883302477672,0.002759883302477672
2019-08-01,Chile,0.0,-0.004145941277856078,0.004145941277856078
2019-08-01,Indonesia,0.0,-0.002326679139932435,0.002326679139932435
2019-08-01,Philippines,-0.01020683250895381,-0.0022935472568211923,-0.007913285252132618
2019-08-01,Poland,-0.02591817971280643,-0.005823997790691569,-0.020094181922114863
2019-08-01,US SmallCap,0.0,-0.0031901200712259113,0.0031901200712259113
2019-08-01,Malaysia,0.0,-0.002682067792926204,0.002682067792926204
2019-08-01,Taiwan,0.0,-0.0017550881212872447,0.0017550881212872447
2019-08-01,Mexico,0.0,-0.00023936550386393458,0.00023936550386393458
2019-08-01,Korea,0.0,-0.003158907651983827,0.003158907651983827
2019-08-01,Brazil,-0.026477309792229706,-0.005949638263261537,-0.02052767152896817
2019-08-01,South Africa,0.0,-0.0057838120463863775,0.0057838120463863775
2019-08-01,Denmark,0.0,0.001415894752437096,-0.001415894752437096
2019-08-01,India,0.0,-0.0019050887557807022,0.0019050887557807022
2019-08-01,ChinaH,0.0,-0.0025888408537067683,0.0025888408537067683
2019-08-01,Hong Kong,-0.023994873705020694,-0.005391817365048741,-0.018603056339971953
2019-08-01,Thailand,-0.007529947430400449,-0.0016920322987422983,-0.0058379151316581505
2019-08-01,Turkey,0.0,-0.007251815020392868,0.007251815020392868
2019-08-01,Spain,0.0,-0.0022446339305947547,0.0022446339305947547
2019-08-01,Vietnam,0.0,-0.0007937457253955187,0.0007937457253955187
2019-08-01,Saudi Arabia,0.0,-0.005421845181916503,0.005421845181916503
2019-09-01,Singapore,0.0035452981429033464,0.0008120369426783534,0.002733261200224993
2019-09-01,Australia,0.00783204560208176,0.0017939000076376095,0.006038145594444151
2019-09-01,Canada,0.0,0.0014276740044971705,-0.0014276740044971705
2019-09-01,Germany,0.0,0.0015226149336444836,-0.0015226149336444836
2019-09-01,Japan,0.0,0.0019753545230353415,-0.0019753545230353415
2019-09-01,Switzerland,0.0,0.0003868804473232445,-0.0003868804473232445
2019-09-01,U.K.,0.0,0.0027444739248812856,-0.0027444739248812856
2019-09-01,NASDAQ,0.0,0.00033431781109955773,-0.00033431781109955773
2019-09-01,U.S.,0.0,0.0011611774689830334,-0.0011611774689830334
2019-09-01,France,0.0,0.0014724322528316574,-0.0014724322528316574
2019-09-01,Netherlands,0.0,0.0015943109393640252,-0.0015943109393640252
2019-09-01,Sweden,0.0,0.002595944330854877,-0.002595944330854877
2019-09-01,Italy,0.007072614856043064,0.0016199553078318598,0.005452659548211204
2019-09-01,ChinaA,0.0,-0.00013611243005007745,0.00013611243005007745
2019-09-01,Chile,0.0,0.0026524444678581427,-0.0026524444678581427
2019-09-01,Indonesia,0.0,-0.0017665030687027345,0.0017665030687027345
2019-09-01,Philippines,0.0,-0.0010714425035713607,0.0010714425035713607
2019-09-01,Poland,0.0,0.0008585710115797334,-0.0008585710115797334
2019-09-01,US SmallCap,0.0,0.001291188618263825,-0.001291188618263825
2019-09-01,Malaysia,0.0,-0.00020373986733145173,0.00020373986733145173
2019-09-01,Taiwan,0.0,0.0024605584367784475,-0.0024605584367784475
2019-09-01,Mexico,0.0,0.0016303920291815092,-0.0016303920291815092
2019-09-01,Korea,0.0,0.004243085142421388,-0.004243085142421388
2019-09-01,Brazil,0.0068169260135367464,0.0015613907590755279,0.005255535254461218
2019-09-01,South Africa,0.0,-0.0006946577152603661,0.0006946577152603661
2019-09-01,Denmark,0.0,-0.00047788330592254106,0.00047788330592254106
2019-09-01,India,0.0,0.0021900025811402426,-0.0021900025811402426
2019-09-01,ChinaH,0.0,-0.00012595986445681194,0.00012595986445681194
2019-09-01,Hong Kong,-0.0016181373791472509,-0.0003706281608012338,-0.001247509218346017
2019-09-01,Thailand,0.0,-0.0005318906576908528,0.0005318906576908528
2019-09-01,Turkey,0.033934814387458156,0.007772639088396175,0.02616217529906198
2019-09-01,Spain,0.0,0.002523510613990832,-0.002523510613990832
2019-09-01,Vietnam,0.0,0.0005441772432600225,-0.0005441772432600225
2019-09-01,Saudi Arabia,-0.0005316741340766968,-0.00012177792132969622,-0.00040989621274700055
2019-10-01,Singapore,0.015144753306402222,0.003434051591170954,0.011710701715231267
2019-10-01,Australia,0.004714347165776661,0.0010689716140258175,0.003645375551750844
2019-10-01,Canada,0.0,-0.000109506099730559,0.000109506099730559
2019-10-01,Germany,0.0,0.003743812526819789,-0.003743812526819789
2019-10-01,Japan,0.0,0.0030676806637626665,-0.0030676806637626665
2019-10-01,Switzerland,0.0,0.0011625932716293618,-0.0011625932716293618
2019-10-01,U.K.,0.0,0.0020603989930424085,-0.0020603989930424085
2019-10-01,NASDAQ,0.0,0.00234878651447077,-0.00234878651447077
2019-10-01,U.S.,0.0,0.0013705839672067475,-0.0013705839672067475
2019-10-01,France,0.0,0.002285798996955126,-0.002285798996955126
2019-10-01,Netherlands,0.0,0.000669189311609281,-0.000669189311609281
2019-10-01,Sweden,0.0,0.004305930169554145,-0.004305930169554145
2019-10-01,Italy,0.012781662610555909,0.00289822408708597,0.009883438523469939
2019-10-01,ChinaA,0.0,0.002545002902854411,-0.002545002902854411
2019-10-01,Chile,0.0,-0.004419646979034724,0.004419646979034724
2019-10-01,Indonesia,0.0,0.0015105367275466796,-0.0015105367275466796
2019-10-01,Philippines,0.012639805821466704,0.002866058258931856,0.009773747562534848
2019-10-01,Poland,0.0,0.003668069844402292,-0.003668069844402292
2019-10-01,US SmallCap,0.0,0.001666696451156519,-0.001666696451156519
2019-10-01,Malaysia,0.0,0.0007410449604889994,-0.0007410449604889994
2019-10-01,Taiwan,0.0,0.0051397129005102005,-0.0051397129005102005
2019-10-01,Mexico,0.0,0.0022399905657656924,-0.0022399905657656924
2019-10-01,Korea,0.0,0.0026776695316272706,-0.0026776695316272706
2019-10-01,Brazil,0.01773217154799208,0.004020745051922161,0.01371142649606992
2019-10-01,South Africa,0.0,0.002017404068105459,-0.002017404068105459
2019-10-01,Denmark,0.0,0.002407794428284134,-0.002407794428284134
2019-10-01,India,0.0,0.002423380763269952,-0.002423380763269952
2019-10-01,ChinaH,0.0,0.002462727980930767,-0.002462727980930767
2019-10-01,Hong Kong,0.013130971513344419,0.0029774293913363845,0.010153542122008034
2019-10-01,Thailand,0.0,-0.0009290651641565133,0.0009290651641565133
2019-10-01,Turkey,-0.023082094879686543,-0.005233832670990972,-0.01784826220869557
2019-10-01,Spain,0.0,0.001143287148594372,-0.001143287148594372
2019-10-01,Vietnam,0.0,-0.00019364054327126182,0.00019364054327126182
2019-10-01,Saudi Arabia,0.0,-0.0027187775065363735,0.0027187775065363735
2019-11-01,Singapore,-0.003627292648835918,-0.0008213223197428186,-0.0028059703290930996
2019-11-01,Australia,0.0035953233119177513,0.000814083551741374,0.002781239760176377
2019-11-01,Canada,0.007138889655592694,0.0016164478524226822,0.005522441803170012
2019-11-01,Germany,0.0,0.0011733062950356763,-0.0011733062950356763
2019-11-01,Japan,0.0,0.0003579658040408592,-0.0003579658040408592
2019-11-01,Switzerland,0.0,0.0007990624093309216,-0.0007990624093309216
2019-11-01,U.K.,0.0,0.0015501032077117323,-0.0015501032077117323
2019-11-01,NASDAQ,0.0,0.0030184611465650943,-0.0030184611465650943
2019-11-01,U.S.,0.0,0.0023563019294539265,-0.0023563019294539265
2019-11-01,France,0.0,0.0010807905932948888,-0.0010807905932948888
2019-11-01,Netherlands,0.0,0.001443907503525156,-0.001443907503525156
2019-11-01,Sweden,0.0,0.00043216003868106715,-0.00043216003868106715
2019-11-01,Italy,0.0014171748400659712,0.00032088872881477656,0.0010962861112511946
2019-11-01,ChinaA,0.0,0.0011504547289537313,-0.0011504547289537313
2019-11-01,Chile,0.0,-0.007479701840369778,0.007479701840369778
2019-11-01,Indonesia,0.0,-0.001692547837646368,0.001692547837646368
2019-11-01,Philippines,-0.009067987152537293,-0.0020532504444906474,-0.007014736708046646
2019-11-01,Poland,0.0,-0.0028198556772788615,0.0028198556772788615
2019-11-01,US SmallCap,0.0,0.0026639886622000673,-0.0026639886622000673
2019-11-01,Malaysia,0.0,-0.0013254981175424914,0.0013254981175424914
2019-11-01,Taiwan,0.0,0.0009952536750777005,-0.0009952536750777005
2019-11-01,Mexico,0.0,-0.0012885158232009354,0.0012885158232009354
2019-11-01,Korea,0.0,-0.0005764106914781261,0.0005764106914781261
2019-11-01,Brazil,0.0,-0.0028460426588524518,0.0028460426588524518
2019-11-01,South Africa,0.0,6.573976937122274e-05,-6.573976937122274e-05
2019-11-01,Denmark,0.0,0.002618107344341453,-0.002618107344341453
2019-11-01,India,0.0,-0.00026878189228379834,0.00026878189228379834
2019-11-01,ChinaH,0.0,0.001087865177111666,-0.001087865177111666
2019-11-01,Hong Kong,-0.004168838763568623,-0.0009439437771933822,-0.0032248949863752405
2019-11-01,Thailand,0.0,-0.00015444626727827582,0.00015444626727827582
2019-11-01,Turkey,0.02024927622213702,0.004585012605811115,0.015664263616325905
2019-11-01,Spain,0.0,-0.0002844970894524553,0.0002844970894524553
2019-11-01,Vietnam,0.0,-0.0013064950151582943,0.0013064950151582943
2019-11-01,Saudi Arabia,0.0,0.0009415098583754212,-0.0009415098583754212
2019-12-01,Singapore,0.009373544835079208,0.0021111033593270608,0.0072624414757521474
2019-12-01,Australia,0.004231206319992547,0.0009529493946317349,0.0032782569253608116
2019-12-01,Canada,0.0,0.001722118245777694,-0.001722118245777694
2019-12-01,Germany,0.0,0.0012453464404539214,-0.0012453464404539214
2019-12-01,Japan,0.0,0.0012717778865796103,-0.0012717778865796103
2019-12-01,Switzerland,0.0,0.0028676327652623172,-0.0028676327652623172
2019-12-01,U.K.,0.015361507110985176,0.0034597081293048833,0.011901798981680293
2019-12-01,NASDAQ,0.0,0.0023709823914626867,-0.0023709823914626867
2019-12-01,U.S.,0.0,0.0019594449958237167,-0.0019594449958237167
2019-12-01,France,0.008388698979729587,0.001889297049096685,0.0064994019306329025
2019-12-01,Netherlands,0.0,0.002421005388458581,-0.002421005388458581
2019-12-01,Sweden,0.0,0.0032600217794116508,-0.0032600217794116508
2019-12-01,Italy,0.007888965126811531,0.0017767473323964875,0.006112217794415044
2019-12-01,ChinaA,0.0,0.005398026862313273,-0.005398026862313273
2019-12-01,Chile,0.0,0.007066163729662017,-0.007066163729662017
2019-12-01,Indonesia,0.0,0.004517297078236718,-0.004517297078236718
2019-12-01,Philippines,0.0,0.0008574182919853792,-0.0008574182919853792
2019-12-01,Poland,0.0,0.001702897919064564,-0.001702897919064564
2019-12-01,US SmallCap,0.0,0.0018754951829015032,-0.0018754951829015032
2019-12-01,Malaysia,0.0,0.0026347048120544062,-0.0026347048120544062
2019-12-01,Taiwan,0.020767909178591275,0.0046773343067657985,0.016090574871825476
2019-12-01,Mexico,0.0,0.003095285437690868,-0.003095285437690868
2019-12-01,Korea,0.0,0.006670589860177311,-0.006670589860177311
2019-12-01,Brazil,0.0,0.008106367931817599,-0.008106367931817599
2019-12-01,South Africa,0.0,0.006338742734136267,-0.006338742734136267
2019-12-01,Denmark,0.0,0.0029910406969485344,-0.0029910406969485344
2019-12-01,India,0.0,0.001161745708703763,-0.001161745708703763
2019-12-01,ChinaH,0.0,0.005126037454368757,-0.005126037454368757
2019-12-01,Hong Kong,0.011666241861781161,0.0026274630162282757,0.009038778845552885
2019-12-01,Thailand,0.0,0.0005889914172365125,-0.0005889914172365125
2019-12-01,Turkey,0.0,0.0012893101410072093,-0.0012893101410072093
2019-12-01,Spain,0.0,0.0026004364803656915,-0.0026004364803656915
2019-12-01,Vietnam,0.0,-0.0018703910242085166,0.0018703910242085166
2019-12-01,Saudi Arabia,0.0,0.0038912282681995434,-0.0038912282681995434
2020-01-01,Singapore,0.0,-0.002355822429266853,0.002355822429266853
2020-01-01,Australia,0.000616745872287286,0.00013973029655124089,0.00047701557573604517
2020-01-01,Canada,-0.0011166464836855716,-0.0002529880641594393,-0.0008636584195261324
2020-01-01,Germany,-0.00920529279250503,-0.002085556384783678,-0.007119736407721353
2020-01-01,Japan,-0.004097614580029856,-0.0009283578960923405,-0.0031692566839375156
2020-01-01,Switzerland,0.0,0.0005351404687945924,-0.0005351404687945924
2020-01-01,U.K.,0.0,-0.0025301144109259907,0.0025301144109259907
2020-01-01,NASDAQ,0.0,0.001378686978185033,-0.001378686978185033
2020-01-01,U.S.,0.0,-2.9862962887063543e-05,2.9862962887063543e-05
2020-01-01,France,0.0,-0.0023657822030256287,0.0023657822030256287
2020-01-01,Netherlands,0.0,-0.0020208694238264668,0.0020208694238264668
2020-01-01,Sweden,0.0,-0.0017980204132019663,0.0017980204132019663
2020-01-01,Italy,-0.007197301815185095,-0.0016306248038189413,-0.005566677011366154
2020-01-01,ChinaA,0.0,-0.003275860537771696,0.003275860537771696
2020-01-01,Chile,0.0,-0.005190934895192049,0.005190934895192049
2020-01-01,Indonesia,0.0,-0.002314350215285481,0.002314350215285481
2020-01-01,Philippines,0.0,-0.005457364383396533,0.005457364383396533
2020-01-01,Poland,0.0,-0.0038199745036040103,0.0038199745036040103
2020-01-01,US SmallCap,-0.009628827060238142,-0.002181512550019906,-0.007447314510218236
2020-01-01,Malaysia,0.0,-0.002633939037831304,0.002633939037831304
2020-01-01,Taiwan,0.0,-0.00319148176267641,0.00319148176267641
2020-01-01,Mexico,0.0,0.0009304259248364429,-0.0009304259248364429
2020-01-01,Korea,0.0,-0.003874129893751409,0.003874129893751409
2020-01-01,Brazil,0.0,-0.0050440122349332695,0.0050440122349332695
2020-01-01,South Africa,0.0,-0.005938466523680884,0.005938466523680884
2020-01-01,Denmark,0.0,0.001180709031435248,-0.001180709031435248
2020-01-01,India,0.0,-0.0008768790296120999,0.0008768790296120999
2020-01-01,ChinaH,0.0,-0.0033686005774625606,0.0033686005774625606
2020-01-01,Hong Kong,0.0,-0.0030564647884220083,0.0030564647884220083
2020-01-01,Thailand,0.0,-0.005894449021557237,0.005894449021557237
2020-01-01,Turkey,0.004590872839301529,0.0010401107686146467,0.003550762070686882
2020-01-01,Spain,0.0,-0.0018416110557019152,0.0018416110557019152
2020-01-01,Vietnam,0.0,-0.002205824879661571,0.002205824879661571
2020-01-01,Saudi Arabia,0.0,-0.002377305085048521,0.002377305085048521
2020-02-01,Singapore,-0.020793045017259495,-0.004618650800391747,-0.016174394216867748
2020-02-01,Australia,0.0,-0.006733372994339416,0.006733372994339416
2020-02-01,Canada,0.0,-0.004784483224318843,0.004784483224318843
2020-02-01,Germany,0.0,-0.006204767005796617,0.006204767005796617
2020-02-01,Japan,-0.02720197690766765,-0.006042233463764019,-0.02115974344390363
2020-02-01,Switzerland,0.0,-0.0052236897577153975,0.0052236897577153975
2020-02-01,U.K.,-0.033992543704734555,-0.007550586701414072,-0.026441957003320485
2020-02-01,NASDAQ,0.0,-0.004090679867568549,0.004090679867568549
2020-02-01,U.S.,0.0,-0.005417566910023423,0.005417566910023423
2020-02-01,France,-0.0262892741938719,-0.005839499563265397,-0.0204497746306065
2020-02-01,Netherlands,0.0,-0.005270283642913293,0.005270283642913293
2020-02-01,Sweden,0.0,-0.004131869233921442,0.004131869233921442
2020-02-01,Italy,-0.01986497612493215,-0.004412503690682305,-0.015452472434249846
2020-02-01,ChinaA,0.0,0.0006399764135594811,-0.0006399764135594811
2020-02-01,Chile,0.0,-0.008072013364641072,0.008072013364641072
2020-02-01,Indonesia,0.0,-0.007342732484765703,0.007342732484765703
2020-02-01,Philippines,0.0,-0.003800655162608744,0.003800655162608744
2020-02-01,Poland,0.0,-0.010327377956318088,0.010327377956318088
2020-02-01,US SmallCap,0.0,-0.00554356076860991,0.00554356076860991
2020-02-01,Malaysia,0.0,-0.004217504317726844,0.004217504317726844
2020-02-01,Taiwan,-0.005599964065766234,-0.0012438908535545089,-0.004356073212211726
2020-02-01,Mexico,0.0,-0.006573061284910544,0.006573061284910544
2020-02-01,Korea,-0.018346200759944968,-0.0040751460285750616,-0.014271054731369907
2020-02-01,Brazil,0.0,-0.008539752147725583,0.008539752147725583
2020-02-01,South Africa,0.0,-0.00861780334743876,0.00861780334743876
2020-02-01,Denmark,0.0,-0.004072253096714684,0.004072253096714684
2020-02-01,India,0.0,-0.004860902633178052,0.004860902633178052
2020-02-01,ChinaH,0.0,0.0007701037576933249,-0.0007701037576933249
2020-02-01,Hong Kong,0.0,-0.0009250541328688796,0.0009250541328688796
2020-02-01,Thailand,0.0,-0.00788610776871591,0.00788610776871591
2020-02-01,Turkey,0.0,-0.009709948427864955,0.009709948427864955
2020-02-01,Spain,0.0,-0.004810867887434617,0.004810867887434617
2020-02-01,Vietnam,0.0,-0.004455129693345103,0.004455129693345103
2020-02-01,Saudi Arabia,0.0,-0.005486718411716695,0.005486718411716695
2020-03-01,Singapore,-0.05491846135676455,-0.012108242433599693,-0.04281021892316486
2020-03-01,Australia,0.0,-0.015498390594040781,0.015498390594040781
2020-03-01,Canada,0.0,-0.012974380352954847,0.012974380352954847
2020-03-01,Germany,0.0,-0.010306037515746352,0.010306037515746352
2020-03-01,Japan,-0.022164322124561424,-0.0048867171262716134,-0.01727760499828981
2020-03-01,Switzerland,0.0,-0.003135820054358112,0.003135820054358112
2020-03-01,U.K.,-0.04278480938328916,-0.009433054599305626,-0.03335175478398353
2020-03-01,NASDAQ,0.0,-0.006068871494407858,0.006068871494407858
2020-03-01,U.S.,0.0,-0.00747635719547282,0.00747635719547282
2020-03-01,France,-0.04896679591708312,-0.010796038736573447,-0.03817075718050967
2020-03-01,Netherlands,0.0,-0.006772070438955231,0.006772070438955231
2020-03-01,Sweden,0.0,-0.008380916718361123,0.008380916718361123
2020-03-01,Italy,-0.061859226558256,-0.013638519605576568,-0.04822070695267943
2020-03-01,ChinaA,0.0,-0.003994170091908607,0.003994170091908607
2020-03-01,Chile,0.0,-0.010745733223600859,0.010745733223600859
2020-03-01,Indonesia,0.0,-0.0175383978953292,0.0175383978953292
2020-03-01,Philippines,0.0,-0.012867686920801896,0.012867686920801896
2020-03-01,Poland,0.0,-0.012136546107603719,0.012136546107603719
2020-03-01,US SmallCap,0.0,-0.013152615139741574,0.013152615139741574
2020-03-01,Malaysia,0.0,-0.006098776238493826,0.006098776238493826
2020-03-01,Taiwan,0.0,-0.008291131715531471,0.008291131715531471
2020-03-01,Mexico,0.0,-0.017700205093234465,0.017700205093234465
2020-03-01,Korea,-0.03365193110755863,-0.007419467518620232,-0.0262324635889384
2020-03-01,Brazil,0.0,-0.023100933938921427,0.023100933938921427
2020-03-01,South Africa,0.0,-0.014824587890275175,0.014824587890275175
2020-03-01,Denmark,0.0,-0.0025918045447942788,0.0025918045447942788
2020-03-01,India,0.0,-0.014858533112930011,0.014858533112930011
2020-03-01,ChinaH,0.0,-0.004072261660484955,0.004072261660484955
2020-03-01,Hong Kong,0.0,-0.007405252374737238,0.007405252374737238
2020-03-01,Thailand,0.0,-0.01046625843222698,0.01046625843222698
2020-03-01,Turkey,-0.052987505548965266,-0.011682511623380605,-0.04130499392558466
2020-03-01,Spain,0.0,-0.013401335434356574,0.013401335434356574
2020-03-01,Vietnam,0.0,-0.01339274419786611,0.01339274419786611
2020-03-01,Saudi Arabia,0.0,-0.008611310648892034,0.008611310648892034
2020-04-01,Singapore,0.01884464322734238,0.004116116609317464,0.014728526618024915
2020-04-01,Australia,0.0,0.00762754247370413,-0.00762754247370413
2020-04-01,Canada,0.028446519904237893,0.0062133939943858655,0.022233125909852026
2020-04-01,Germany,0.0,0.004682754312165515,-0.004682754312165515
2020-04-01,Japan,0.012372636563877645,0.0027024769982237273,0.009670159565653917
2020-04-01,Switzerland,0.0,0.0020583038615708915,-0.0020583038615708915
2020-04-01,U.K.,0.0,0.0029677334700015687,-0.0029677334700015687
2020-04-01,NASDAQ,0.0,0.007754625353562515,-0.007754625353562515
2020-04-01,U.S.,0.0,0.006418142134012705,-0.006418142134012705
2020-04-01,France,0.0,0.0021731664874210257,-0.0021731664874210257
2020-04-01,Netherlands,0.0,0.0040771128333453475,-0.0040771128333453475
2020-04-01,Sweden,0.0,0.003896463026119208,-0.003896463026119208
2020-04-01,Italy,0.004116202786528191,0.0008990762230172991,0.003217126563510892
2020-04-01,ChinaA,0.0,0.003154700569521274,-0.003154700569521274
2020-04-01,Chile,0.0,0.008091612198472998,-0.008091612198472998
2020-04-01,Indonesia,0.0,0.005166911988033141,-0.005166911988033141
2020-04-01,Philippines,0.0,0.004416396259300294,-0.004416396259300294
2020-04-01,Poland,0.0,0.004463174474950428,-0.004463174474950428
2020-04-01,US SmallCap,0.0,0.006877192987063072,-0.006877192987063072
2020-04-01,Malaysia,0.0,0.002717770630298708,-0.002717770630298708
2020-04-01,Taiwan,0.03231536163997272,0.007058440702628829,0.025256920937343892
2020-04-01,Mexico,0.0,0.0021663388414869967,-0.0021663388414869967
2020-04-01,Korea,0.02012398435809213,0.00439555502657662,0.01572842933151551
2020-04-01,Brazil,0.0,0.002711072295806489,-0.002711072295806489
2020-04-01,South Africa,0.0,0.006100774807047081,-0.006100774807047081
2020-04-01,Denmark,0.0,0.004139713812465469,-0.004139713812465469
2020-04-01,India,0.0,0.007771016378901043,-0.007771016378901043
2020-04-01,ChinaH,0.0,0.0031353415203542964,-0.0031353415203542964
2020-04-01,Hong Kong,0.0,0.0036491093725314464,-0.0036491093725314464
2020-04-01,Thailand,0.0,0.00770873619254271,-0.00770873619254271
2020-04-01,Turkey,0.010816925199486304,0.0023626727732764447,0.00845425242620986
2020-04-01,Spain,0.0,0.0005747275448309904,-0.0005747275448309904
2020-04-01,Vietnam,0.0,0.007381096227722328,-0.007381096227722328
2020-04-01,Saudi Arabia,0.0,0.0054448064131593955,-0.0054448064131593955
2020-05-01,Singapore,0.0,-0.001653441115090396,0.001653441115090396
2020-05-01,Australia,0.0,0.00274656256345663,-0.00274656256345663
2020-05-01,Canada,0.0,0.0017912513527035187,-0.0017912513527035187
2020-05-01,Germany,0.0,0.004332554578256119,-0.004332554578256119
2020-05-01,Japan,0.01463001086017606,0.00323085237324149,0.011399158486934569
2020-05-01,Switzerland,0.0,0.0014360116891834528,-0.0014360116891834528
2020-05-01,U.K.,0.0,0.0008878133476350251,-0.0008878133476350251
2020-05-01,NASDAQ,0.0,0.003766814902942346,-0.003766814902942346
2020-05-01,U.S.,0.0,0.002601874170389022,-0.002601874170389022
2020-05-01,France,0.0,0.002472554764289094,-0.002472554764289094
2020-05-01,Netherlands,0.0,0.003888441469708406,-0.003888441469708406
2020-05-01,Sweden,0.0,0.004092512644997598,-0.004092512644997598
2020-05-01,Italy,0.013176212755700318,0.0029097994976865567,0.010266413258013762
2020-05-01,ChinaA,-0.0019064053927676306,-0.00042100545559742346,-0.0014853999371702072
2020-05-01,Chile,0.0,-0.002961528629851975,0.002961528629851975
2020-05-01,Indonesia,0.0,0.0022578083707746432,-0.0022578083707746432
2020-05-01,Philippines,0.0,0.0010739761348794391,-0.0010739761348794391
2020-05-01,Poland,0.0,0.004524500039695201,-0.004524500039695201
2020-05-01,US SmallCap,0.0,0.003554829191414435,-0.003554829191414435
2020-05-01,Malaysia,0.0,0.002574545942224615,-0.002574545942224615
2020-05-01,Taiwan,0.0,-0.001376983016508335,0.001376983016508335
2020-05-01,Mexico,0.0,0.0035453253736518345,-0.0035453253736518345
2020-05-01,Korea,0.004591496466173013,0.0010139737691408984,0.003577522697032115
2020-05-01,Brazil,0.0,0.004656229199314816,-0.004656229199314816
2020-05-01,South Africa,0.0,0.0015762244727116892,-0.0015762244727116892
2020-05-01,Denmark,0.0,0.004041390743420828,-0.004041390743420828
2020-05-01,India,0.0,-0.001388728841450117,0.001388728841450117
2020-05-01,ChinaH,-0.0015049398265785546,-0.0003323468763459583,-0.0011725929502325962
2020-05-01,Hong Kong,-0.0207193659330439,-0.004575609221114972,-0.016143756711928928
2020-05-01,Thailand,0.0,0.0026133628847527708,-0.0026133628847527708
2020-05-01,Turkey,0.014521695363204433,0.00320693226929938,0.011314763093905052
2020-05-01,Spain,0.0,0.0023532229160388184,-0.0023532229160388184
2020-05-01,Vietnam,0.0,0.007374875927013197,-0.007374875927013197
2020-05-01,Saudi Arabia,0.0,0.0020107683844042884,-0.0020107683844042884
2020-06-01,Singapore,0.0,0.002540049852567213,-0.002540049852567213
2020-06-01,Australia,0.0,0.003971198070570379,-0.003971198070570379
2020-06-01,Canada,0.0,0.0020784569470924073,-0.0020784569470924073
2020-06-01,Germany,0.0142841729385505,0.003227200566869559,0.011056972371680941
2020-06-01,Japan,-0.0003601076406668137,-8.135854887037861e-05,-0.00027874909179643505
2020-06-01,Switzerland,0.0,0.001731493079619165,-0.001731493079619165
2020-06-01,U.K.,0.0,0.0009207305963480917,-0.0009207305963480917
2020-06-01,NASDAQ,0.0,0.003438067489429273,-0.003438067489429273
2020-06-01,U.S.,0.0,0.001126047000358335,-0.001126047000358335
2020-06-01,France,0.0,0.0032924631990512766,-0.0032924631990512766
2020-06-01,Netherlands,0.0,0.0040212120308184855,-0.0040212120308184855
2020-06-01,Sweden,0.0,0.0018768271827125263,-0.0018768271827125263
2020-06-01,Italy,0.0,0.00429766147515785,-0.00429766147515785
2020-06-01,ChinaA,0.021164247081938446,0.004781604820525933,0.016382642261412513
2020-06-01,Chile,0.0,0.003471716764345994,-0.003471716764345994
2020-06-01,Indonesia,0.0,0.0037399012390077558,-0.0037399012390077558
2020-06-01,Philippines,0.0,0.004623236527534077,-0.004623236527534077
2020-06-01,Poland,0.0,0.0014413090982783306,-0.0014413090982783306
2020-06-01,US SmallCap,0.0,0.002001363834516772,-0.002001363834516772
2020-06-01,Malaysia,0.0,0.00157797382716857,-0.00157797382716857
2020-06-01,Taiwan,0.0,0.004901289094757622,-0.004901289094757622
2020-06-01,Mexico,0.0,-4.752023769532728e-05,4.752023769532728e-05
2020-06-01,Korea,0.02056909221757574,0.004647142424704408,0.015921949792871332
2020-06-01,Brazil,0.0,0.004189360863409752,-0.004189360863409752
2020-06-01,South Africa,0.0,0.005691853048175886,-0.005691853048175886
2020-06-01,Denmark,0.0,0.0012127800708267888,-0.0012127800708267888
2020-06-01,India,0.0,0.0037912012787674207,-0.0037912012787674207
2020-06-01,ChinaH,0.020733971638367196,0.004684393371086279,0.016049578267280918
2020-06-01,Hong Kong,0.027709990588540987,0.0062604742829698735,0.021449516305571112
2020-06-01,Thailand,0.0,0.0012525579461335745,-0.0012525579461335745
2020-06-01,Turkey,0.01844575964821796,0.004167421260520619,0.014278338387697341
2020-06-01,Spain,0.0,0.0024691927681727214,-0.0024691927681727214
2020-06-01,Vietnam,0.0,-0.0026367389045001866,0.0026367389045001866
2020-06-01,Saudi Arabia,0.0,-0.00040958930055924885,0.00040958930055924885
2020-07-01,Singapore,0.0,-7.619420608389094e-05,7.619420608389094e-05
2020-07-01,Australia,0.0,0.0023965199529909927,-0.0023965199529909927
2020-07-01,Canada,0.0,0.0035850859230474306,-0.0035850859230474306
2020-07-01,Germany,0.013020143392207384,0.0028841651145138257,0.01013597827769356
2020-07-01,Japan,-0.004248275028995641,-0.0009410592699633977,-0.0033072157590322434
2020-07-01,Switzerland,0.0,0.002416795904525354,-0.002416795904525354
2020-07-01,U.K.,0.0,0.0010228130886160227,-0.0010228130886160227
2020-07-01,NASDAQ,0.0,0.004070927608138063,-0.004070927608138063
2020-07-01,U.S.,0.0,0.0033487383042905333,-0.0033487383042905333
2020-07-01,France,0.0,0.0014709949186201665,-0.0014709949186201665
2020-07-01,Netherlands,0.0,0.0025526522438960534,-0.0025526522438960534
2020-07-01,Sweden,0.0,0.005736748060722833,-0.005736748060722833
2020-07-01,Italy,0.0,0.00204832238995354,-0.00204832238995354
2020-07-01,ChinaA,0.024067461616063077,0.005331318641966307,0.01873614297409677
2020-07-01,Chile,0.0,0.006333561875618926,-0.006333561875618926
2020-07-01,Indonesia,0.0,0.0028359149203189826,-0.0028359149203189826
2020-07-01,Philippines,0.0,-0.0016689646004560367,0.0016689646004560367
2020-07-01,Poland,0.0,0.0037113168905406756,-0.0037113168905406756
2020-07-01,US SmallCap,0.0,0.0016439405264234263,-0.0016439405264234263
2020-07-01,Malaysia,0.0,0.0049252169398427284,-0.0049252169398427284
2020-07-01,Taiwan,0.040217336471509234,0.008908768156824915,0.031308568314684315
2020-07-01,Mexico,0.0,0.0017132427962592164,-0.0017132427962592164
2020-07-01,Korea,0.018095753656018464,0.004008492060599049,0.014087261595419415
2020-07-01,Brazil,0.0,0.008458927184153071,-0.008458927184153071
2020-07-01,South Africa,0.0,0.003570509343314926,-0.003570509343314926
2020-07-01,Denmark,0.0,0.005478563712445892,-0.005478563712445892
2020-07-01,India,0.0,0.0061785437923717115,-0.0061785437923717115
2020-07-01,ChinaH,0.023616916890357133,0.005231515948457802,0.018385400941899332
2020-07-01,Hong Kong,0.0,-0.0004392034523617034,0.0004392034523617034
2020-07-01,Thailand,0.0,-0.0018808888697835278,0.0018808888697835278
2020-07-01,Turkey,-0.022633312856029347,-0.005013632292583385,-0.017619680563445962
2020-07-01,Spain,0.0,0.00018361693047499076,-0.00018361693047499076
2020-07-01,Vietnam,0.0,-0.0013740845832645946,0.0013740845832645946
2020-07-01,Saudi Arabia,0.0,0.0009735355226306653,-0.0009735355226306653
2020-08-01,Singapore,0.0,0.0013477400778302087,-0.0013477400778302087
2020-08-01,Australia,0.0,0.003839187527259837,-0.003839187527259837
2020-08-01,Canada,0.0,0.0033381269723040054,-0.0033381269723040054
2020-08-01,Germany,0.01761351643251364,0.003884162830981799,0.01372935360153184
2020-08-01,Japan,0.021352305724982267,0.004708647053557162,0.016643658671425105
2020-08-01,Switzerland,0.0,0.001550427369628584,-0.001550427369628584
2020-08-01,U.K.,0.0,0.002821819802057567,-0.002821819802057567
2020-08-01,NASDAQ,0.0,0.006016515722666202,-0.006016515722666202
2020-08-01,U.S.,0.0,0.0044588713960718096,-0.0044588713960718096
2020-08-01,France,0.013428580754607043,0.0029612936428525857,0.010467287111754457
2020-08-01,Netherlands,0.0,0.0014972913739081843,-0.0014972913739081843
2020-08-01,Sweden,0.0,0.0032474015252411882,-0.0032474015252411882
2020-08-01,Italy,0.010105629903953245,0.002228510826159413,0.007877119077793832
2020-08-01,ChinaA,0.01576451505718105,0.0034764178787447886,0.012288097178436264
2020-08-01,Chile,0.0,-0.006048246170152407,0.006048246170152407
2020-08-01,Indonesia,0.0,0.001892951858816577,-0.001892951858816577
2020-08-01,Philippines,0.0,0.0006925884387858429,-0.0006925884387858429
2020-08-01,Poland,0.0,0.0025596422905056785,-0.0025596422905056785
2020-08-01,US SmallCap,0.0,0.003494977561010929,-0.003494977561010929
2020-08-01,Malaysia,0.0,-0.0022647160084491307,0.0022647160084491307
2020-08-01,Taiwan,0.0,-0.0013103651590135866,0.0013103651590135866
2020-08-01,Mexico,0.0,0.0003791660008913264,-0.0003791660008913264
2020-08-01,Korea,0.00670592298373239,0.0014788016294553592,0.005227121354277031
2020-08-01,Brazil,0.0,-0.005514196054250331,0.005514196054250331
2020-08-01,South Africa,0.0,-0.0007320786098025397,0.0007320786098025397
2020-08-01,Denmark,0.0,0.002548649095576524,-0.002548649095576524
2020-08-01,India,0.0,0.002489347120690525,-0.002489347120690525
2020-08-01,ChinaH,0.0,0.0033325657188090275,-0.0033325657188090275
2020-08-01,Hong Kong,0.0,0.0048794019937521095,-0.0048794019937521095
2020-08-01,Thailand,0.0,-0.0010986413075344122,0.0010986413075344122
2020-08-01,Turkey,-0.022791667177514574,-0.005026057507948529,-0.017765609669566043
2020-08-01,Spain,0.0,0.0010202182558801654,-0.0010202182558801654
2020-08-01,Vietnam,0.0,0.004769966447357059,-0.004769966447357059
2020-08-01,Saudi Arabia,0.0,0.003147251966948038,-0.003147251966948038
2020-09-01,Singapore,0.0,-0.0019246253465018694,0.0019246253465018694
2020-09-01,Australia,0.0,-0.004183793107241871,0.004183793107241871
2020-09-01,Canada,0.0,-0.00309692821115196,0.00309692821115196
2020-09-01,Germany,-0.00888094277148438,-0.0019489596841922167,-0.006931983087292162
2020-09-01,Japan,0.0007458495126294651,0.00016367976553758131,0.0005821697470918838
2020-09-01,Switzerland,0.0,-0.0009764701391405414,0.0009764701391405414
2020-09-01,U.K.,0.0,-0.003093277314270458,0.003093277314270458
2020-09-01,NASDAQ,0.0,-0.003251283757805509,0.003251283757805509
2020-09-01,U.S.,0.0,-0.002419596680510817,0.002419596680510817
2020-09-01,France,0.0,-0.0029710230786179365,0.0029710230786179365
2020-09-01,Netherlands,0.0,-0.0007787632742800675,0.0007787632742800675
2020-09-01,Sweden,0.0,-0.0004728472444311253,0.0004728472444311253
2020-09-01,Italy,0.0,-0.0036390112835201958,0.0036390112835201958
2020-09-01,ChinaA,-0.008244558999001976,-0.0018093026288371517,-0.0064352563701648244
2020-09-01,Chile,0.0,-0.002582353675727294,0.002582353675727294
2020-09-01,Indonesia,0.0,-0.008020634559875601,0.008020634559875601
2020-09-01,Philippines,0.0,-0.0006220027839663396,0.0006220027839663396
2020-09-01,Poland,0.0,-0.006569690656205083,0.006569690656205083
2020-09-01,US SmallCap,0.0,-0.002127156151602967,0.002127156151602967
2020-09-01,Malaysia,-0.0048569822393712955,-0.0010658848744940293,-0.003791097364877266
2020-09-01,Taiwan,0.005217090448009126,0.001144912112777258,0.004072178335231868
2020-09-01,Mexico,0.0,0.0007003815529213565,-0.0007003815529213565
2020-09-01,Korea,0.009240656350874912,0.00202790031945221,0.007212756031422702
2020-09-01,Brazil,0.0,-0.004503605065441313,0.004503605065441313
2020-09-01,South Africa,0.0,-0.0006313823676208784,0.0006313823676208784
2020-09-01,Denmark,0.0,0.0007954636676293565,-0.0007954636676293565
2020-09-01,India,0.0,0.0003785172784666005,-0.0003785172784666005
2020-09-01,ChinaH,0.0,-0.0018751852161621597,0.0018751852161621597
2020-09-01,Hong Kong,0.0,-0.003277815299790019,0.003277815299790019
2020-09-01,Thailand,0.0,-0.005992327841597836,0.005992327841597836
2020-09-01,Turkey,0.0008506142682902571,0.00018667082519880743,0.0006639434430914497
2020-09-01,Spain,0.0,-0.003538535466403913,0.003538535466403913
2020-09-01,Vietnam,0.0,0.0015003490676695978,-0.0015003490676695978
2020-09-01,Saudi Arabia,0.0,0.0015303493758194963,-0.0015303493758194963
2020-10-01,Singapore,0.0,-0.0017158521142193685,0.0017158521142193685
2020-10-01,Australia,0.0,-4.814195647514688e-05,4.814195647514688e-05
2020-10-01,Canada,0.0,-0.00202352317230152,0.00202352317230152
2020-10-01,Germany,-0.02990570640353768,-0.006390783265484644,-0.023514923138053034
2020-10-01,Japan,-0.004665912266712262,-0.0009970951239191208,-0.0036688171427931415
2020-10-01,Switzerland,0.0,-0.0034380883605054286,0.0034380883605054286
2020-10-01,U.K.,0.0,-0.002957469238533866,0.002957469238533866
2020-10-01,NASDAQ,0.0,-0.001395744356889529,0.001395744356889529
2020-10-01,U.S.,0.0,-0.0016442331836423489,0.0016442331836423489
2020-10-01,France,0.0,-0.0029620929429526885,0.0029620929429526885
2020-10-01,Netherlands,0.0,-0.0015550623810088526,0.0015550623810088526
2020-10-01,Sweden,0.0,-0.002970443650255437,0.002970443650255437
2020-10-01,Italy,-0.019957446288885478,-0.004264862098349572,-0.015692584190535906
2020-10-01,ChinaA,0.015257391507595917,0.003260470794635936,0.01199692071295998
2020-10-01,Chile,0.0,-9.191790426590873e-05,9.191790426590873e-05
2020-10-01,Indonesia,0.0,0.005083257244194312,-0.005083257244194312
2020-10-01,Philippines,0.0,0.004689956362738588,-0.004689956362738588
2020-10-01,Poland,0.0,-0.009954095190965385,0.009954095190965385
2020-10-01,US SmallCap,0.0,0.0012948772968412701,-0.0012948772968412701
2020-10-01,Malaysia,0.0,-0.0009277483068324546,0.0009277483068324546
2020-10-01,Taiwan,0.0,0.0008055526659494426,-0.0008055526659494426
2020-10-01,Mexico,0.0,0.001444709597691835,-0.001444709597691835
2020-10-01,Korea,0.0008001188093639589,0.00017098361858718043,0.0006291351907767786
2020-10-01,Brazil,0.0,-0.0015648207766131217,0.0015648207766131217
2020-10-01,South Africa,0.0,0.00025726796090738506,-0.00025726796090738506
2020-10-01,Denmark,0.0,-0.0016995418570710118,0.0016995418570710118
2020-10-01,India,0.0,0.0001582244461684538,-0.0001582244461684538
2020-10-01,ChinaH,0.014881145536658378,0.003180067863425149,0.011701077673233229
2020-10-01,Hong Kong,-0.00331665235624722,-0.0007087612674893236,-0.002607891088757896
2020-10-01,Thailand,0.0,-0.0016349072560635832,0.0016349072560635832
2020-10-01,Turkey,0.0,-0.007713274307543096,0.007713274307543096
2020-10-01,Spain,0.0,-0.0025482143929428406,0.0025482143929428406
2020-10-01,Vietnam,0.0,0.004096871673625413,-0.004096871673625413
2020-10-01,Saudi Arabia,0.0,-0.0015522827403576895,0.0015522827403576895
2020-11-01,Singapore,0.054549004649814985,0.011609859915683309,0.04293914473413168
2020-11-01,Australia,0.0,0.009655983438233432,-0.009655983438233432
2020-11-01,Canada,0.0,0.008405082208850221,-0.008405082208850221
2020-11-01,Germany,0.04896675869683068,0.010421770528075067,0.038544988168755616
2020-11-01,Japan,0.03559929289116221,0.007576724932325154,0.028022567958837057
2020-11-01,Switzerland,0.0,0.005596226102026465,-0.005596226102026465
2020-11-01,U.K.,0.0,0.010518429878051043,-0.010518429878051043
2020-11-01,NASDAQ,0.0,0.007237338300020823,-0.007237338300020823
2020-11-01,U.S.,0.0,0.006650852309187569,-0.006650852309187569
2020-11-01,France,0.0,0.013929762244451088,-0.013929762244451088
2020-11-01,Netherlands,0.0,0.008475736820106376,-0.008475736820106376
2020-11-01,Sweden,0.0,0.00986018532872246,-0.00986018532872246
2020-11-01,Italy,0.0,0.01626340792849245,-0.01626340792849245
2020-11-01,ChinaA,0.007877585367195804,0.001676614691213988,0.006200970675981817
2020-11-01,Chile,0.0,0.008865122596583895,-0.008865122596583895
2020-11-01,Indonesia,0.0,0.00899515071418491,-0.00899515071418491
2020-11-01,Philippines,0.0,0.00478704538936363,-0.00478704538936363
2020-11-01,Poland,0.0,0.017144734780690087,-0.017144734780690087
2020-11-01,US SmallCap,0.0,0.011192559050423607,-0.011192559050423607
2020-11-01,Malaysia,0.0,0.00445933371725334,-0.00445933371725334
2020-11-01,Taiwan,0.0,0.006091630771943962,-0.006091630771943962
2020-11-01,Mexico,0.0,0.012338466978839249,-0.012338466978839249
2020-11-01,Korea,0.051647624565952545,0.010992348807056497,0.04065527575889605
2020-11-01,Brazil,0.0,0.014420185923625307,-0.014420185923625307
2020-11-01,South Africa,0.0,0.006738257443951582,-0.006738257443951582
2020-11-01,Denmark,0.0,0.005809848114310151,-0.005809848114310151
2020-11-01,India,0.0,0.005741851337187339,-0.005741851337187339
2020-11-01,ChinaH,0.007235780694988911,0.0015400171055130665,0.005695763589475844
2020-11-01,Hong Kong,0.03184752225613528,0.0067782221587537475,0.025069300097381536
2020-11-01,Thailand,0.0,0.015050278395923957,-0.015050278395923957
2020-11-01,Turkey,0.0,0.014468525062295103,-0.014468525062295103
2020-11-01,Spain,0.0,0.01792539484482289,-0.01792539484482289
2020-11-01,Vietnam,0.0,0.003166407423666288,-0.003166407423666288
2020-11-01,Saudi Arabia,0.0,0.00592085081159096,-0.00592085081159096
2020-12-01,Singapore,0.0,0.0018604127443489272,-0.0018604127443489272
2020-12-01,Australia,0.0,0.004133888236010602,-0.004133888236010602
2020-12-01,Canada,0.0,0.002519541075470195,-0.002519541075470195
2020-12-01,Germany,0.0,0.004212958079924618,-0.004212958079924618
2020-12-01,Japan,0.01283671458638162,0.0028083816646576397,0.01002833292172398
2020-12-01,Switzerland,0.0,0.0034026204826012813,-0.0034026204826012813
2020-12-01,U.K.,0.0,0.004013385376000226,-0.004013385376000226
2020-12-01,NASDAQ,0.0,0.0040169886915497515,-0.0040169886915497515
2020-12-01,U.S.,0.0,0.002684378892830576,-0.002684378892830576
2020-12-01,France,0.0,0.0019200582818578566,-0.0019200582818578566
2020-12-01,Netherlands,0.0,0.0044404185606382466,-0.0044404185606382466
2020-12-01,Sweden,0.0,0.0021453175778932253,-0.0021453175778932253
2020-12-01,Italy,0.0,0.002562680284082307,-0.002562680284082307
2020-12-01,ChinaA,0.008790935094703928,0.001923256980516925,0.006867678114187004
2020-12-01,Chile,0.039778532540602984,0.008702639657699686,0.0310758928829033
2020-12-01,Indonesia,0.0,0.004243479840361496,-0.004243479840361496
2020-12-01,Philippines,0.0,0.003740272389406309,-0.003740272389406309
2020-12-01,Poland,0.0,0.005787874989713004,-0.005787874989713004
2020-12-01,US SmallCap,0.0,0.006043625593567917,-0.006043625593567917
2020-12-01,Malaysia,0.013281546772358719,0.0029057008460214593,0.010375845926337258
2020-12-01,Taiwan,0.0,0.007197873860847816,-0.007197873860847816
2020-12-01,Mexico,0.0,0.004571677849772238,-0.004571677849772238
2020-12-01,Korea,0.05630850400960251,0.012319022064464533,0.04398948194513798
2020-12-01,Brazil,0.0,0.009543212891758485,-0.009543212891758485
2020-12-01,South Africa,0.0,0.006785690142018579,-0.006785690142018579
2020-12-01,Denmark,0.0,0.004856745962713421,-0.004856745962713421
2020-12-01,India,0.0,0.007077067053565662,-0.007077067053565662
2020-12-01,ChinaH,0.008319647675729909,0.0018201499948997013,0.006499497680830208
2020-12-01,Hong Kong,0.01621706929984336,0.0035479265173099205,0.012669142782533439
2020-12-01,Thailand,0.0,0.0020819527427333212,-0.0020819527427333212
2020-12-01,Turkey,0.0,0.01417410278583288,-0.01417410278583288
2020-12-01,Spain,0.0,0.0019748362127803088,-0.0019748362127803088
2020-12-01,Vietnam,0.0,0.005219609898969236,-0.005219609898969236
2020-12-01,Saudi Arabia,0.0,-0.0003020258467338091,0.0003020258467338091
2021-01-01,Singapore,0.0,0.0005778596146233599,-0.0005778596146233599
2021-01-01,Australia,0.0,-3.7930358089268494e-05,3.7930358089268494e-05
2021-01-01,Canada,0.0,-0.000765352259816761,0.000765352259816761
2021-01-01,Germany,-0.006262261379278252,-0.0013644671426898136,-0.0048977942365884385
2021-01-01,Japan,-0.0034354363970629668,-0.0007485379163674177,-0.002686898480695549
2021-01-01,Switzerland,0.0,-0.0015272492866326844,0.0015272492866326844
2021-01-01,U.K.,0.0,-0.00014193257046715002,0.00014193257046715002
2021-01-01,NASDAQ,0.0,0.0010737126518341725,-0.0010737126518341725
2021-01-01,U.S.,0.0,-0.0007576393589044649,0.0007576393589044649
2021-01-01,France,0.0,-0.0023583720622652495,0.0023583720622652495
2021-01-01,Netherlands,0.0,0.0018274398055884674,-0.0018274398055884674
2021-01-01,Sweden,0.0,0.0016572222555465961,-0.0016572222555465961
2021-01-01,Italy,0.0,-0.003138513983466207,0.003138513983466207
2021-01-01,ChinaA,0.025153836475352655,0.005480701188356806,0.01967313528699585
2021-01-01,Chile,0.0,2.6244543820936977e-05,-2.6244543820936977e-05
2021-01-01,Indonesia,0.0,-0.0021519761726878023,0.0021519761726878023
2021-01-01,Philippines,0.0,-0.005907774732481686,0.005907774732481686
2021-01-01,Poland,0.0,-0.0013901851819347602,0.0013901851819347602
2021-01-01,US SmallCap,0.0,0.0037459863538264085,-0.0037459863538264085
2021-01-01,Malaysia,0.0,-0.0030565171462859472,0.0030565171462859472
2021-01-01,Taiwan,0.0,0.004853477050056891,-0.004853477050056891
2021-01-01,Mexico,0.0,-0.003151760624245563,0.003151760624245563
2021-01-01,Korea,0.00344588961090378,0.0007508155387720806,0.0026950740721316995
2021-01-01,Brazil,0.0,-0.005823217598112611,0.005823217598112611
2021-01-01,South Africa,0.0,0.0011938141451340184,-0.0011938141451340184
2021-01-01,Denmark,0.0,-0.002788584157917437,0.002788584157917437
2021-01-01,India,0.0,-0.0016648819971148783,0.0016648819971148783
2021-01-01,ChinaH,0.024782750047771345,0.005399846173392356,0.01938290387437899
2021-01-01,Hong Kong,0.00681699147687945,0.0014853357786976551,0.005331655698181795
2021-01-01,Thailand,0.0,0.00010691884812517321,-0.00010691884812517321
2021-01-01,Turkey,0.0,-0.0024739519898065634,0.0024739519898065634
2021-01-01,Spain,-0.015259138688212295,-0.0033247723313989596,-0.011934366356813334
2021-01-01,Vietnam,0.0,-0.002494301952671444,0.002494301952671444
2021-01-01,Saudi Arabia,0.0,0.00013288910515067492,-0.00013288910515067492
2021-02-01,Singapore,0.0,0.0019324633583821878,-0.0019324633583821878
2021-02-01,Australia,0.0,0.0021859290355607888,-0.0021859290355607888
2021-02-01,Canada,0.0,0.0041396597003167685,-0.0041396597003167685
2021-02-01,Germany,0.006367349068099133,0.0013581661963255945,0.005009182871773538
2021-02-01,Japan,0.005121972028022005,0.0010925251926013038,0.0040294468354207
2021-02-01,Switzerland,0.0,-0.0017146452474550873,0.0017146452474550873
2021-02-01,U.K.,0.0,0.0031087276520281064,-0.0031087276520281064
2021-02-01,NASDAQ,0.0,0.0007475201182908362,-0.0007475201182908362
2021-02-01,U.S.,0.0,0.0020392321869124107,-0.0020392321869124107
2021-02-01,France,0.0,0.003683989694364665,-0.003683989694364665
2021-02-01,Netherlands,0.0,0.0027711215553322594,-0.0027711215553322594
2021-02-01,Sweden,0.0,0.002013152796983295,-0.002013152796983295
2021-02-01,Italy,0.0,0.00421545159512218,-0.00421545159512218
2021-02-01,ChinaA,-0.0036073062082344963,-0.0007694444421722525,-0.0028378617660622437
2021-02-01,Chile,0.027598099452380735,0.005886720730742863,0.02171137872163787
2021-02-01,Indonesia,0.0,0.0004698568761088186,-0.0004698568761088186
2021-02-01,Philippines,0.0,0.0011947912917894322,-0.0011947912917894322
2021-02-01,Poland,0.0,-0.002040721295360752,0.002040721295360752
2021-02-01,US SmallCap,0.0,0.004608311412131075,-0.004608311412131075
2021-02-01,Malaysia,0.0,6.346555513014808e-05,-6.346555513014808e-05
2021-02-01,Taiwan,0.0,0.003401201461894105,-0.003401201461894105
2021-02-01,Mexico,0.0,0.00031355824501124954,-0.00031355824501124954
2021-02-01,Korea,-0.0013901530193461882,-0.0002965219620289487,-0.0010936310573172394
2021-02-01,Brazil,0.0,-0.004667653266614711,0.004667653266614711
2021-02-01,South Africa,0.0,0.0028104837501665755,-0.0028104837501665755
2021-02-01,Denmark,0.0,-0.0001785929640754757,0.0001785929640754757
2021-02-01,India,0.0,0.003384134969196809,-0.003384134969196809
2021-02-01,ChinaH,-0.0032849889611649605,-0.0007006936347670516,-0.002584295326397909
2021-02-01,Hong Kong,0.016318972453788654,0.0034808640940618245,0.012838108359726829
2021-02-01,Thailand,0.0,0.0010626713039934605,-0.0010626713039934605
2021-02-01,Turkey,0.0,-0.0017076256871081433,0.0017076256871081433
2021-02-01,Spain,0.0,0.0038652321277347704,-0.0038652321277347704
2021-02-01,Vietnam,0.0,0.0058393777105041665,-0.0058393777105041665
2021-02-01,Saudi Arabia,0.0,0.004318165671499766,-0.004318165671499766
2021-03-01,Singapore,0.0,0.0039599760316074775,-0.0039599760316074775
2021-03-01,Australia,0.0,0.0009686984727615258,-0.0009686984727615258
2021-03-01,Canada,0.0,0.0037798414855671433,-0.0037798414855671433
2021-03-01,Germany,0.014450168316784348,0.003093174543796281,0.011356993772988067
2021-03-01,Japan,0.0012272540168816652,0.00026270357552726846,0.0009645504413543968
2021-03-01,Switzerland,0.0,0.0014563404153126824,-0.0014563404153126824
2021-03-01,U.K.,0.0,0.0028000955655436153,-0.0028000955655436153
2021-03-01,NASDAQ,0.0,0.00035987810190645625,-0.00035987810190645625
2021-03-01,U.S.,0.0,0.003312980003102859,-0.003312980003102859
2021-03-01,France,0.0,0.0019343042633795638,-0.0019343042633795638
2021-03-01,Netherlands,0.0,0.0034126685248110976,-0.0034126685248110976
2021-03-01,Sweden,0.0,0.004207240885629631,-0.004207240885629631
2021-03-01,Italy,0.0,0.0035813745214059597,-0.0035813745214059597
2021-03-01,ChinaA,-0.022224259578310163,-0.004757281193915355,-0.01746697838439481
2021-03-01,Chile,0.029714249924936376,0.006360573762248547,0.02335367616268783
2021-03-01,Indonesia,0.0,-0.004298796583879369,0.004298796583879369
2021-03-01,Philippines,0.0,-0.003175069111734191,0.003175069111734191
2021-03-01,Poland,0.0,-0.0022833006423615978,0.0022833006423615978
2021-03-01,US SmallCap,0.0,0.0007572057998734775,-0.0007572057998734775
2021-03-01,Malaysia,0.0,-0.001433368397527981,0.001433368397527981
2021-03-01,Taiwan,0.0,-0.00045928934521453674,0.00045928934521453674
2021-03-01,Mexico,0.0,0.006336579947566691,-0.006336579947566691
2021-03-01,Korea,0.0038221707863348225,0.0008181663437511866,0.0030040044425836358
2021-03-01,Brazil,0.0,0.0032519230999897724,-0.0032519230999897724
2021-03-01,South Africa,0.0,0.004825554638229024,-0.004825554638229024
2021-03-01,Denmark,0.0,0.0003478352234028273,-0.0003478352234028273
2021-03-01,India,0.0,0.0021119093376590877,-0.0021119093376590877
2021-03-01,ChinaH,-0.021301768830312838,-0.00455981464293556,-0.016741954187377277
2021-03-01,Hong Kong,0.0015147436007833949,0.00032424302911955057,0.0011905005716638442
2021-03-01,Thailand,0.0,0.002126209987259337,-0.002126209987259337
2021-03-01,Turkey,0.0,-0.011519511969947589,0.011519511969947589
2021-03-01,Spain,0.0,0.0003660604422265778,-0.0003660604422265778
2021-03-01,Vietnam,0.0,9.200745087183119e-05,-9.200745087183119e-05
2021-03-01,Saudi Arabia,0.0,0.007478998515698365,-0.007478998515698365
2021-04-01,Singapore,0.0,0.0024874939963470803,-0.0024874939963470803
2021-04-01,Australia,0.01682499899648949,0.003641107652084199,0.01318389134440529
2021-04-01,Canada,0.015788050310853372,0.003416700994177349,0.012371349316676022
2021-04-01,Germany,0.009626032011922329,0.0020831750911325976,0.0075428569207897315
2021-04-01,Japan,0.0,-0.0011690532361626096,0.0011690532361626096
2021-04-01,Switzerland,0.0,0.0027544561144580496,-0.0027544561144580496
2021-04-01,U.K.,0.0,0.003689199678185007,-0.003689199678185007
2021-04-01,NASDAQ,0.0,0.004168182763452869,-0.004168182763452869
2021-04-01,U.S.,0.0,0.004093742902750799,-0.004093742902750799
2021-04-01,France,0.0,0.004591634843530988,-0.004591634843530988
2021-04-01,Netherlands,0.0,0.003829291918146877,-0.003829291918146877
2021-04-01,Sweden,0.0,0.00266616600371033,-0.00266616600371033
2021-04-01,Italy,0.0,0.00020611072962608044,-0.00020611072962608044
2021-04-01,ChinaA,0.004736599934949907,0.001025050299949859,0.003711549635000048
2021-04-01,Chile,-0.03221700392056151,-0.006972100237679585,-0.025244903682881924
2021-04-01,Indonesia,0.0,0.00024722926431787966,-0.00024722926431787966
2021-04-01,Philippines,0.0,-0.0002584557221586159,0.0002584557221586159
2021-04-01,Poland,0.0,0.007148933386294037,-0.007148933386294037
2021-04-01,US SmallCap,0.007443203472002951,0.0016107879188334165,0.005832415553169535
2021-04-01,Malaysia,0.0,0.002767688841671917,-0.002767688841671917
2021-04-01,Taiwan,0.0,0.0058905606634098205,-0.0058905606634098205
2021-04-01,Mexico,0.0,0.0022130535135961786,-0.0022130535135961786
2021-04-01,Korea,0.007833700542800325,0.0016952956131811813,0.006138404929619143
2021-04-01,Brazil,0.0,0.004954033844719469,-0.004954033844719469
2021-04-01,South Africa,0.0,3.0049387472540364e-05,-3.0049387472540364e-05
2021-04-01,Denmark,0.0,0.005242082809210189,-0.005242082809210189
2021-04-01,India,0.0,-0.000573901302297545,0.000573901302297545
2021-04-01,ChinaH,0.0,0.0008490571457104542,-0.0008490571457104542
2021-04-01,Hong Kong,0.0,0.0023744168575481534,-0.0023744168575481534
2021-04-01,Thailand,0.0,-0.0008351681034360678,0.0008351681034360678
2021-04-01,Turkey,0.0,0.0011419364393257668,-0.0011419364393257668
2021-04-01,Spain,0.0,0.004000818327910286,-0.004000818327910286
2021-04-01,Vietnam,0.0,0.006099707089856146,-0.006099707089856146
2021-04-01,Saudi Arabia,0.0,0.0047117478451377,-0.0047117478451377
2021-05-01,Singapore,0.0,-8.09207099675909e-05,8.09207099675909e-05
2021-05-01,Australia,0.0,0.0028344012344621934,-0.0028344012344621934
2021-05-01,Canada,0.0,0.004336790891564872,-0.004336790891564872
2021-05-01,Germany,0.008590095450858506,0.0018929676914843136,0.006697127759374193
2021-05-01,Japan,0.0,0.001169326877924153,-0.001169326877924153
2021-05-01,Switzerland,0.0,0.0038360654044655917,-0.0038360654044655917
2021-05-01,U.K.,0.0,0.00356948241245856,-0.00356948241245856
2021-05-01,NASDAQ,0.0,-0.001139471952129822,0.001139471952129822
2021-05-01,U.S.,0.0,0.0005522337923188483,-0.0005522337923188483
2021-05-01,France,0.0,0.0031399483364048303,-0.0031399483364048303
2021-05-01,Netherlands,0.0,0.0015796363551797375,-0.0015796363551797375
2021-05-01,Sweden,0.0,0.003034895285557916,-0.003034895285557916
2021-05-01,Italy,0.021575023628680638,0.004754408481924542,0.016820615146756097
2021-05-01,ChinaA,0.0,0.000458293410353813,-0.000458293410353813
2021-05-01,Chile,-0.010700599353114147,-0.002358051662038124,-0.008342547691076023
2021-05-01,Indonesia,0.0,0.0010256774579300543,-0.0010256774579300543
2021-05-01,Philippines,0.0,0.004641163504773934,-0.004641163504773934
2021-05-01,Poland,0.0,0.01078324520303494,-0.01078324520303494
2021-05-01,US SmallCap,0.0007389974766852673,0.000162850151719075,0.0005761473249661924
2021-05-01,Malaysia,0.0,-0.0016196040563259153,0.0016196040563259153
2021-05-01,Taiwan,0.0,-0.0009449978889060368,0.0009449978889060368
2021-05-01,Mexico,0.0,0.006489554116728414,-0.006489554116728414
2021-05-01,Korea,0.003618149310764634,0.0007973182355685217,0.002820831075196112
2021-05-01,Brazil,0.0,0.007618978810659394,-0.007618978810659394
2021-05-01,South Africa,0.024292151193930148,0.005353171874494844,0.018938979319435303
2021-05-01,Denmark,0.0,0.003144203204517443,-0.003144203204517443
2021-05-01,India,0.0,0.00693699824789975,-0.00693699824789975
2021-05-01,ChinaH,0.0,0.0002778880823160022,-0.0002778880823160022
2021-05-01,Hong Kong,0.0,0.0010380246784371652,-0.0010380246784371652
2021-05-01,Thailand,0.0,-0.00023735000559268985,0.00023735000559268985
2021-05-01,Turkey,0.0,0.0012313223723142124,-0.0012313223723142124
2021-05-01,Spain,0.020198107366483614,0.00445098251732041,0.015747124849163206
2021-05-01,Vietnam,0.0,0.0025389868139610687,-0.0025389868139610687
2021-05-01,Saudi Arabia,0.0,-3.3460490079761496e-05,3.3460490079761496e-05
2021-06-01,Singapore,-0.00973870917927685,-0.002152392881817676,-0.0075863162974591745
2021-06-01,Australia,0.0,-0.0011613904267254135,0.0011613904267254135
2021-06-01,Canada,0.0,2.1088659159473466e-06,-2.1088659159473466e-06
2021-06-01,Germany,0.0,-0.0014565814017675534,0.0014565814017675534
2021-06-01,Japan,0.0,-0.00031252074145953743,0.00031252074145953743
2021-06-01,Switzerland,0.0,0.0016443621605639021,-0.0016443621605639021
2021-06-01,U.K.,0.0,-0.0017335588053922644,0.0017335588053922644
2021-06-01,NASDAQ,0.0,0.004519851444369195,-0.004519851444369195
2021-06-01,U.S.,0.0,0.0019010674608282575,-0.0019010674608282575
2021-06-01,France,-0.00771613347809819,-0.0017053749596254864,-0.006010758518472704
2021-06-01,Netherlands,0.0,-0.0002793594186117887,0.0002793594186117887
2021-06-01,Sweden,0.0,-0.001931976776961388,0.001931976776961388
2021-06-01,Italy,-0.011906465161941928,-0.0026314977057438856,-0.009274967456198043
2021-06-01,ChinaA,0.0,-0.0002383224274696223,0.0002383224274696223
2021-06-01,Chile,-0.0067689810790286025,-0.0014960408431399076,-0.005272940235888695
2021-06-01,Indonesia,0.0,-0.005265384793941894,0.005265384793941894
2021-06-01,Philippines,0.0,0.001528644979251966,-0.001528644979251966
2021-06-01,Poland,0.0,-0.0038557167749765824,0.0038557167749765824
2021-06-01,US SmallCap,0.0,0.001577830473406446,-0.001577830473406446
2021-06-01,Malaysia,0.0,-0.0031350238548335124,0.0031350238548335124
2021-06-01,Taiwan,0.0,0.0003412831883405714,-0.0003412831883405714
2021-06-01,Mexico,0.0,-0.0014912978858958458,0.0014912978858958458
2021-06-01,Korea,0.003233467820493552,0.0007146422582601065,0.0025188255622334453
2021-06-01,Brazil,0.0,0.004342705076839294,-0.004342705076839294
2021-06-01,South Africa,-0.02914837850937123,-0.0064422051490767105,-0.02270617336029452
2021-06-01,Denmark,0.0,0.0013735031207788872,-0.0013735031207788872
2021-06-01,India,0.0,-0.0006951834289661859,0.0006951834289661859
2021-06-01,ChinaH,0.0,-6.16867306451305e-05,6.16867306451305e-05
2021-06-01,Hong Kong,-0.006792179235494911,-0.0015011679648076974,-0.005291011270687213
2021-06-01,Thailand,0.0,-0.00280126762135273,0.00280126762135273
2021-06-01,Turkey,0.0,-0.0030470344477583166,0.0030470344477583166
2021-06-01,Spain,0.0,-0.004455064513788448,0.004455064513788448
2021-06-01,Vietnam,0.0,0.003780574793048324,-0.003780574793048324
2021-06-01,Saudi Arabia,0.0,0.0030655185285549886,-0.0030655185285549886
2021-07-01,Singapore,0.005185063752467064,0.0011675886516872144,0.004017475100779849
2021-07-01,Australia,0.0,-0.0010234223123003325,0.0010234223123003325
2021-07-01,Canada,0.0,-6.314510810853914e-05,6.314510810853914e-05
2021-07-01,Germany,0.0,6.052024409571777e-06,-6.052024409571777e-06
2021-07-01,Japan,0.0,-0.0010288184177506881,0.0010288184177506881
2021-07-01,Switzerland,0.0,0.0027190119512679194,-0.0027190119512679194
2021-07-01,U.K.,0.0,0.0008936124849345523,-0.0008936124849345523
2021-07-01,NASDAQ,0.0,0.0009608135636206606,-0.0009608135636206606
2021-07-01,U.S.,0.0,0.0019184583078784914,-0.0019184583078784914
2021-07-01,France,0.0,0.0013284473339074232,-0.0013284473339074232
2021-07-01,Netherlands,0.0,0.0036741975666523268,-0.0036741975666523268
2021-07-01,Sweden,0.0,0.0038998744206730647,-0.0038998744206730647
2021-07-01,Italy,0.0017660055557214955,0.0003976745791593984,0.001368330976562097
2021-07-01,ChinaA,0.0,-0.011391811859523997,0.011391811859523997
2021-07-01,Chile,0.0,-0.004706967973861034,0.004706967973861034
2021-07-01,Indonesia,0.0,-0.0011902195007092652,0.0011902195007092652
2021-07-01,Philippines,0.0,-0.009330026443704727,0.009330026443704727
2021-07-01,Poland,0.0056944254896278195,0.0012822882990405594,0.00441213719058726
2021-07-01,US SmallCap,0.0,-0.0029163943816072325,0.0029163943816072325
2021-07-01,Malaysia,0.0,-0.003266810311421184,0.003266810311421184
2021-07-01,Taiwan,0.0,-0.002321625447730942,0.002321625447730942
2021-07-01,Mexico,0.008315132481234751,0.001872427184284098,0.006442705296950653
2021-07-01,Korea,-0.019391197759370093,-0.0043665697332439645,-0.015024628026126129
2021-07-01,Brazil,0.0,-0.004932804206689275,0.004932804206689275
2021-07-01,South Africa,-0.004511982118606466,-0.0010160220529195911,-0.003495960065686875
2021-07-01,Denmark,0.0,0.0039034177539701747,-0.0039034177539701747
2021-07-01,India,0.0,0.0008582424528748143,-0.0008582424528748143
2021-07-01,ChinaH,0.0,-0.011352354801357314,0.011352354801357314
2021-07-01,Hong Kong,0.0,-0.002333773738714627,0.002333773738714627
2021-07-01,Thailand,0.0,-0.005713544155914151,0.005713544155914151
2021-07-01,Turkey,0.0,0.005593159623287508,-0.005593159623287508
2021-07-01,Spain,-0.006393033729937414,-0.0014396030577978746,-0.004953430672139539
2021-07-01,Vietnam,0.0,-0.0052188097275978704,0.0052188097275978704
2021-07-01,Saudi Arabia,0.0,0.000486754974234299,-0.000486754974234299
2021-08-01,Singapore,-0.004083450895249858,-0.0009086209362493728,-0.0031748299590004855
2021-08-01,Australia,0.0,0.0014682311019878387,-0.0014682311019878387
2021-08-01,Canada,0.0,0.0001908563171429321,-0.0001908563171429321
2021-08-01,Germany,0.0,0.0010609721007325229,-0.0010609721007325229
2021-08-01,Japan,0.0,0.0024117260952337335,-0.0024117260952337335
2021-08-01,Switzerland,0.0,0.000970140698361804,-0.000970140698361804
2021-08-01,U.K.,0.00820955821710793,0.0018267334822366986,0.00638282473487123
2021-08-01,NASDAQ,0.0,0.003252482256145189,-0.003252482256145189
2021-08-01,U.S.,0.0,0.0024176879245658305,-0.0024176879245658305
2021-08-01,France,0.0,0.0005121636025274606,-0.0005121636025274606
2021-08-01,Netherlands,0.0,0.0053245453345216655,-0.0053245453345216655
2021-08-01,Sweden,0.0,-0.000959020711774281,0.000959020711774281
2021-08-01,Italy,0.004686251733003483,0.00104275196307493,0.003643499769928553
2021-08-01,ChinaA,0.0,-4.3592302081610884e-05,4.3592302081610884e-05
2021-08-01,Chile,0.0,0.0037521989231594686,-0.0037521989231594686
2021-08-01,Indonesia,0.0,0.0064830405902755826,-0.0064830405902755826
2021-08-01,Philippines,0.0,0.009293003936598947,-0.009293003936598947
2021-08-01,Poland,0.0,0.004415460332498565,-0.004415460332498565
2021-08-01,US SmallCap,0.0,0.0017767597741761855,-0.0017767597741761855
2021-08-01,Malaysia,0.0,0.0067368770510765974,-0.0067368770510765974
2021-08-01,Taiwan,0.0,0.003111493183034654,-0.003111493183034654
2021-08-01,Mexico,0.01996987885793276,0.004443557787309,0.01552632107062376
2021-08-01,Korea,-0.004815470888090885,-0.0010715049057914566,-0.0037439659822994286
2021-08-01,Brazil,0.0,-0.001783089522453742,0.001783089522453742
2021-08-01,South Africa,0.0,0.000287153404310715,-0.000287153404310715
2021-08-01,Denmark,0.0,0.002813394440516084,-0.002813394440516084
2021-08-01,India,0.0,0.008675379272623625,-0.008675379272623625
2021-08-01,ChinaH,0.0,-2.0092070789396673e-05,2.0092070789396673e-05
2021-08-01,Hong Kong,-0.0023711878361754968,-0.0005276201347823662,-0.0018435677013931306
2021-08-01,Thailand,0.0,0.009282134187686421,-0.009282134187686421
2021-08-01,Turkey,0.0,0.007374372342557901,-0.007374372342557901
2021-08-01,Spain,0.0056875875308636,0.0012655622021327945,0.004422025328730805
2021-08-01,Vietnam,0.0,0.0008785810313883374,-0.0008785810313883374
2021-08-01,Saudi Arabia,0.0,0.0037798511720323093,-0.0037798511720323093
2021-09-01,Singapore,-0.001051032928347155,-0.00023900700368234296,-0.000812025924664812
2021-09-01,Australia,0.0,-0.002409983872528669,0.002409983872528669
2021-09-01,Canada,0.0,-0.0021073503284172847,0.0021073503284172847
2021-09-01,Germany,0.0,-0.004602307775055903,0.004602307775055903
2021-09-01,Japan,0.0,0.001693748548056562,-0.001693748548056562
2021-09-01,Switzerland,0.0,-0.0062333242264146615,0.0062333242264146615
2021-09-01,U.K.,0.0,-0.0012477771707918137,0.0012477771707918137
2021-09-01,NASDAQ,0.0,-0.004326346842295283,0.004326346842295283
2021-09-01,U.S.,0.0,-0.003821718347305053,0.003821718347305053
2021-09-01,France,0.0,-0.0034000831436919485,0.0034000831436919485
2021-09-01,Netherlands,0.0,-0.00615862688430496,0.00615862688430496
2021-09-01,Sweden,0.0,-0.004567667694554833,0.004567667694554833
2021-09-01,Italy,-0.011533494390812821,-0.002622739841909867,-0.008910754548902954
2021-09-01,ChinaA,0.0,-0.004225010836493129,0.004225010836493129
2021-09-01,Chile,0.0,-0.0052008442981428885,0.0052008442981428885
2021-09-01,Indonesia,0.0,0.002563585039073374,-0.002563585039073374
2021-09-01,Philippines,0.0,-0.0019086940286900387,0.0019086940286900387
2021-09-01,Poland,0.0,-0.004366978480300169,0.004366978480300169
2021-09-01,US SmallCap,0.0,-0.0024224431373991917,0.0024224431373991917
2021-09-01,Malaysia,0.0,-0.003069424294604452,0.003069424294604452
2021-09-01,Taiwan,0.0,-0.003595047864874757,0.003595047864874757
2021-09-01,Mexico,-0.021616828170079587,-0.004915710241516119,-0.016701117928563467
2021-09-01,Korea,-0.024295117880785578,-0.005524758713247401,-0.018770359167538178
2021-09-01,Brazil,-0.04698291939637967,-0.010684010449450668,-0.036298908946929
2021-09-01,South Africa,-0.017245668300224136,-0.003921699687771055,-0.01332396861245308
2021-09-01,Denmark,0.0,-0.004576612801751724,0.004576612801751724
2021-09-01,India,0.0,0.0004591086147596299,-0.0004591086147596299
2021-09-01,ChinaH,0.0,-0.004170298607103674,0.004170298607103674
2021-09-01,Hong Kong,0.0,-0.005005804691821045,0.005005804691821045
2021-09-01,Thailand,0.0,-0.005407061952263781,0.005407061952263781
2021-09-01,Turkey,0.0,-0.010388183804572371,0.010388183804572371
2021-09-01,Spain,-0.01098382716554665,-0.00249774440837968,-0.00848608275716697
2021-09-01,Vietnam,0.0,0.0006908565147973756,-0.0006908565147973756
2021-09-01,Saudi Arabia,0.0,0.0022149794854042838,-0.0022149794854042838
2021-10-01,Singapore,0.0,0.003341432763496384,-0.003341432763496384
2021-10-01,Australia,0.0,0.0032070757358407284,-0.0032070757358407284
2021-10-01,Canada,0.0,0.006027331630881662,-0.006027331630881662
2021-10-01,Germany,0.0,0.0016968290843775902,-0.0016968290843775902
2021-10-01,Japan,0.0,-0.0026548550683557527,0.0026548550683557527
2021-10-01,Switzerland,0.0,0.004916701761577583,-0.004916701761577583
2021-10-01,U.K.,0.014095007616387899,0.0032436312377720745,0.010851376378615824
2021-10-01,NASDAQ,0.0,0.005742562897955677,-0.005742562897955677
2021-10-01,U.S.,0.0,0.005516259634229644,-0.005516259634229644
2021-10-01,France,0.0,0.003507868770027229,-0.003507868770027229
2021-10-01,Netherlands,0.0,0.00503833542405848,-0.00503833542405848
2021-10-01,Sweden,0.0,0.003992684028406875,-0.003992684028406875
2021-10-01,Italy,0.016668167830390802,0.0038357829468799133,0.012832384883510888
2021-10-01,ChinaA,0.0,0.0024689162769236687,-0.0024689162769236687
2021-10-01,Chile,0.0,-0.004860494323759872,0.004860494323759872
2021-10-01,Indonesia,0.0,0.006223194590377491,-0.006223194590377491
2021-10-01,Philippines,0.0,0.0025799208932570793,-0.0025799208932570793
2021-10-01,Poland,0.014699004367638541,0.003382626744776383,0.011316377622862158
2021-10-01,US SmallCap,0.0,0.0033492591674677673,-0.0033492591674677673
2021-10-01,Malaysia,0.0,0.0020026742829992116,-0.0020026742829992116
2021-10-01,Taiwan,0.0,0.000503359762947191,-0.000503359762947191
2021-10-01,Mexico,-0.0005817357469747449,-0.00013387266558281686,-0.000447863081391928
2021-10-01,Korea,-0.00949058360832373,-0.0021840324102311774,-0.0073065511980925524
2021-10-01,Brazil,-0.030907022613438855,-0.0071125171935997366,-0.02379450541983912
2021-10-01,South Africa,0.0,-0.00019722362873289466,0.00019722362873289466
2021-10-01,Denmark,0.0,0.005303358768020599,-0.005303358768020599
2021-10-01,India,0.0,-0.0006824283471326599,0.0006824283471326599
2021-10-01,ChinaH,0.0,0.0023362963978622244,-0.0023362963978622244
2021-10-01,Hong Kong,0.0,0.0010508065142817676,-0.0010508065142817676
2021-10-01,Thailand,0.0,0.0015473631752463762,-0.0015473631752463762
2021-10-01,Turkey,0.0,0.0005607055254541416,-0.0005607055254541416
2021-10-01,Spain,0.012292847107747548,0.002828906799134057,0.009463940308613491
2021-10-01,Vietnam,0.0,0.004771006634603036,-0.004771006634603036
2021-10-01,Saudi Arabia,0.0,0.0017955128155044194,-0.0017955128155044194
2021-11-01,Singapore,-0.024767858064346112,-0.005814320836245845,-0.018953537228100267
2021-11-01,Australia,0.0,-0.004905302509224765,0.004905302509224765
2021-11-01,Canada,0.0,-0.003925241326647479,0.003925241326647479
2021-11-01,Germany,0.0,-0.005276866591466634,0.005276866591466634
2021-11-01,Japan,0.0,-0.002016249839648537,0.002016249839648537
2021-11-01,Switzerland,0.0,-0.0011829585148173652,0.0011829585148173652
2021-11-01,U.K.,-0.016980499108735295,-0.003986217521162953,-0.012994281587572341
2021-11-01,NASDAQ,0.0,0.00027672673161208583,-0.00027672673161208583
2021-11-01,U.S.,0.0,-0.0005621309236572449,0.0005621309236572449
2021-11-01,France,0.0,-0.0034789118141127576,0.0034789118141127576
2021-11-01,Netherlands,0.0,-0.004808746770394272,0.004808746770394272
2021-11-01,Sweden,0.0,-0.0048901374460569745,0.0048901374460569745
2021-11-01,Italy,-0.023270266995242605,-0.0054627573326662265,-0.01780750966257638
2021-11-01,ChinaA,0.0,-0.0048480171157798116,0.0048480171157798116
2021-11-01,Chile,0.0,0.005002696767496963,-0.005002696767496963
2021-11-01,Indonesia,0.0,-0.0019926226663335507,0.0019926226663335507
2021-11-01,Philippines,0.0,0.002296080359775042,-0.002296080359775042
2021-11-01,Poland,-0.037940690416144354,-0.008906678415833577,-0.029034012000310777
2021-11-01,US SmallCap,0.0,-0.0033871378240420327,0.0033871378240420327
2021-11-01,Malaysia,0.0,-0.0038263426355006334,0.0038263426355006334
2021-11-01,Taiwan,0.0,0.0017803891051345153,-0.0017803891051345153
2021-11-01,Mexico,-0.020005122884833818,-0.004696256031456658,-0.01530886685337716
2021-11-01,Korea,-0.012912973326508297,-0.003031354979310205,-0.009881618347198091
2021-11-01,Brazil,0.0,-0.0011636810785352252,0.0011636810785352252
2021-11-01,South Africa,0.0,-0.002876820713526386,0.002876820713526386
2021-11-01,Denmark,0.0,-0.004892064828810517,0.004892064828810517
2021-11-01,India,0.0,-0.0023273428288420007,0.0023273428288420007
2021-11-01,ChinaH,0.0,-0.004782327727301996,0.004782327727301996
2021-11-01,Hong Kong,0.0,-0.004309429204945434,0.004309429204945434
2021-11-01,Thailand,0.0,-0.004525220827814473,0.004525220827814473
2021-11-01,Turkey,0.0,-0.012286615798812787,0.012286615798812787
2021-11-01,Spain,-0.03700014305241519,-0.008685882409969882,-0.028314260642445306
2021-11-01,Vietnam,0.0,-0.0011980732032688764,0.0011980732032688764
2021-11-01,Saudi Arabia,0.0,-0.006179514315902323,0.006179514315902323
2021-12-01,Singapore,8.141690413561658e-05,1.9683729423338013e-05,6.173317471227857e-05
2021-12-01,Australia,0.0,0.003918314171779058,-0.003918314171779058
2021-12-01,Canada,0.0,0.0036960909972571137,-0.0036960909972571137
2021-12-01,Germany,0.0,0.004313971193171558,-0.004313971193171558
2021-12-01,Japan,0.0,0.0013822599544873293,-0.0013822599544873293
2021-12-01,Switzerland,0.0,0.0060107575208811605,-0.0060107575208811605
2021-12-01,U.K.,0.02406086194160958,0.005817065892877034,0.018243796048732545
2021-12-01,NASDAQ,0.0,0.0005785684650172367,-0.0005785684650172367
2021-12-01,U.S.,0.0,0.003460150739352091,-0.003460150739352091
2021-12-01,France,0.0,0.005442714107169028,-0.005442714107169028
2021-12-01,Netherlands,0.0,0.0023040795330871535,-0.0023040795330871535
2021-12-01,Sweden,0.0,0.005383252249924677,-0.005383252249924677
2021-12-01,Italy,0.02341379917825256,0.005660628989643504,0.017753170188609058
2021-12-01,ChinaA,0.0,-0.0024484767104092993,0.0024484767104092993
2021-12-01,Chile,0.0,-0.006621926044184165,0.006621926044184165
2021-12-01,Indonesia,0.0,0.000967859798634847,-0.000967859798634847
2021-12-01,Philippines,0.0,-0.0018114739291312757,0.0018114739291312757
2021-12-01,Poland,0.015479265194967926,0.00374233914940218,0.011736926045565746
2021-12-01,US SmallCap,0.0,0.0017266294041885927,-0.0017266294041885927
2021-12-01,Malaysia,0.0,0.0034073750530227258,-0.0034073750530227258
2021-12-01,Taiwan,0.0,0.0040705572472041745,-0.0040705572472041745
2021-12-01,Mexico,0.0,0.010148931332952476,-0.010148931332952476
2021-12-01,Korea,0.020138572226905828,0.004868794888423597,0.01526977733848223
2021-12-01,Brazil,0.0,0.0035229682709712077,-0.0035229682709712077
2021-12-01,South Africa,0.0,0.003210061444331359,-0.003210061444331359
2021-12-01,Denmark,0.0,0.0041881273734326145,-0.0041881273734326145
2021-12-01,India,0.0,0.00271817086941563,-0.00271817086941563
2021-12-01,ChinaH,0.0,-0.0024800702150579628,0.0024800702150579628
2021-12-01,Hong Kong,0.0,0.00041235774436134065,-0.00041235774436134065
2021-12-01,Thailand,0.0,0.005249529476632278,-0.005249529476632278
2021-12-01,Turkey,0.0,0.00353600932595129,-0.00353600932595129
2021-12-01,Spain,0.02033634913598574,0.004916610353846214,0.015419738782139526
2021-12-01,Vietnam,0.0,0.00044488778756024243,-0.00044488778756024243
2021-12-01,Saudi Arabia,0.016389295048460616,0.0039623521994374975,0.012426942849023119
2022-01-01,Singapore,-0.003540619371438261,-0.0008420657638014733,-0.0026985536076367875
2022-01-01,Australia,0.0,-0.006914111211747245,0.006914111211747245
2022-01-01,Canada,-0.002761237978168526,-0.0006567054300953005,-0.0021045325480732254
2022-01-01,Germany,0.0,-0.0029588814307827563,0.0029588814307827563
2022-01-01,Japan,0.0,-0.004070877419917244,0.004070877419917244
2022-01-01,Switzerland,0.0,-0.006254402734184822,0.006254402734184822
2022-01-01,U.K.,0.003281064895053682,0.0007803359037188041,0.0025007289913348777
2022-01-01,NASDAQ,0.0,-0.007179505162082727,0.007179505162082727
2022-01-01,U.S.,0.0,-0.004147101955877042,0.004147101955877042
2022-01-01,France,0.0,-0.003107246032016058,0.003107246032016058
2022-01-01,Netherlands,0.0,-0.0093209225471867,0.0093209225471867
2022-01-01,Sweden,0.0,-0.00813247588218412,0.00813247588218412
2022-01-01,Italy,-0.009470114928544913,-0.0022522781253816455,-0.007217836803163267
2022-01-01,ChinaA,0.0,-0.002366507573931617,0.002366507573931617
2022-01-01,Chile,0.0,0.010077380909817104,-0.010077380909817104
2022-01-01,Indonesia,0.0,0.0006426147912028182,-0.0006426147912028182
2022-01-01,Philippines,0.0,0.0030995783853311636,-0.0030995783853311636
2022-01-01,Poland,-0.007679077470214683,-0.0018263155558063543,-0.005852761914408328
2022-01-01,US SmallCap,0.0,-0.007715870378902697,0.007715870378902697
2022-01-01,Malaysia,0.0,-0.0029541155780548932,0.0029541155780548932
2022-01-01,Taiwan,0.0,-0.0015850013763459752,0.0015850013763459752
2022-01-01,Mexico,0.0,-0.004203740070549108,0.004203740070549108
2022-01-01,Korea,0.0,-0.008390799192844635,0.008390799192844635
2022-01-01,Brazil,0.0,0.010447539281303991,-0.010447539281303991
2022-01-01,South Africa,0.0,0.005754963575267136,-0.005754963575267136
2022-01-01,Denmark,0.0,-0.009071810982430246,0.009071810982430246
2022-01-01,India,0.0,-0.0008942265016481082,0.0008942265016481082
2022-01-01,ChinaH,0.0,-0.0023146392377488773,0.0023146392377488773
2022-01-01,Hong Kong,0.00346225234991266,0.0008234277293462205,0.0026388246205664395
2022-01-01,Thailand,0.0,8.824754297436821e-05,-8.824754297436821e-05
2022-01-01,Turkey,0.0,0.003954864144465655,-0.003954864144465655
2022-01-01,Spain,0.0,-0.001253526416976805,0.001253526416976805
2022-01-01,Vietnam,0.0,-0.004022587538500606,0.004022587538500606
2022-01-01,Saudi Arabia,0.031374662602736324,0.007461838299171541,0.023912824303564784
2022-02-01,Singapore,0.0,-0.0008735609448374031,0.0008735609448374031
2022-02-01,Australia,0.0,0.004735667645325763,-0.004735667645325763
2022-02-01,Canada,0.0006708621155772064,0.0001551139754558926,0.0005157481401213138
2022-02-01,Germany,0.0,-0.005546405784375371,0.005546405784375371
2022-02-01,Japan,0.0,-0.0009058383051218574,0.0009058383051218574
2022-02-01,Switzerland,0.0,-0.0003724538945261519,0.0003724538945261519
2022-02-01,U.K.,0.004756467399895017,0.001099770802960418,0.003656696596934599
2022-02-01,NASDAQ,0.0,-0.002622556375847825,0.002622556375847825
2022-02-01,U.S.,0.0,-0.002347290911383006,0.002347290911383006
2022-02-01,France,0.0,-0.003498760389487164,0.003498760389487164
2022-02-01,Netherlands,0.0,-0.0038699974437540626,0.0038699974437540626
2022-02-01,Sweden,0.0,-0.00634239910413918,0.00634239910413918
2022-02-01,Italy,-0.01641254051108561,-0.003794840022848765,-0.012617700488236846
2022-02-01,ChinaA,0.0,-0.003057446030394566,0.003057446030394566
2022-02-01,Chile,0.0,0.002810291556339606,-0.002810291556339606
2022-02-01,Indonesia,0.0,0.004235469211824831,-0.004235469211824831
2022-02-01,Philippines,0.0,0.0003274637301812828,-0.0003274637301812828
2022-02-01,Poland,-0.04171977937051934,-0.009646275565488,-0.03207350380503134
2022-02-01,US SmallCap,0.0,0.0008353885345994943,-0.0008353885345994943
2022-02-01,Malaysia,0.0,0.004339954483316279,-0.004339954483316279
2022-02-01,Taiwan,0.0,-0.0019961758284093058,0.0019961758284093058
2022-02-01,Mexico,0.01674812244200303,0.003872431894840193,0.012875690547162836
2022-02-01,Korea,0.0,0.0007810699539870117,-0.0007810699539870117
2022-02-01,Brazil,0.0,0.003687352656946847,-0.003687352656946847
2022-02-01,South Africa,0.0,0.0032961241826061543,-0.0032961241826061543
2022-02-01,Denmark,0.0,0.0010315836942540856,-0.0010315836942540856
2022-02-01,India,0.0,-0.0033338835285790453,0.0033338835285790453
2022-02-01,ChinaH,0.0,-0.0030716177534423294,0.0030716177534423294
2022-02-01,Hong Kong,0.0,-0.0021954988302306513,0.0021954988302306513
2022-02-01,Thailand,0.0,0.0041004730482771075,-0.0041004730482771075
2022-02-01,Turkey,0.0,-0.000757856234186695,0.000757856234186695
2022-02-01,Spain,-0.005290962389521687,-0.0012233545331743615,-0.0040676078563473255
2022-02-01,Vietnam,0.0,-0.001761794062040469,0.001761794062040469
2022-02-01,Saudi Arabia,0.010095034702869507,0.0023341323481651795,0.007760902354704327
2022-03-01,Singapore,0.0,0.0002584497870327747,-0.0002584497870327747
2022-03-01,Australia,0.0,0.008628628055705079,-0.008628628055705079
2022-03-01,Canada,0.01794223427885683,0.004172833514848127,0.013769400764008705
2022-03-01,Germany,0.0,-0.0022119024340037765,0.0022119024340037765
2022-03-01,Japan,0.0,-0.001088511878230313,0.001088511878230313
2022-03-01,Switzerland,0.0,0.0011662495888242798,-0.0011662495888242798
2022-03-01,U.K.,0.0038573610793959196,0.0008971082051883443,0.0029602528742075753
2022-03-01,NASDAQ,0.0,0.002710110161368982,-0.002710110161368982
2022-03-01,U.S.,0.0,0.0028893214434537267,-0.0028893214434537267
2022-03-01,France,-0.0023844072547827945,-0.0005545426701695368,-0.0018298645846132576
2022-03-01,Netherlands,0.0,-0.001311941363657132,0.001311941363657132
2022-03-01,Sweden,0.0,0.0013644833552284464,-0.0013644833552284464
2022-03-01,Italy,-0.009936174210670234,-0.002310860515544226,-0.007625313695126008
2022-03-01,ChinaA,0.0,-0.0062305364870082714,0.0062305364870082714
2022-03-01,Chile,0.0,0.008901265795459065,-0.008901265795459065
2022-03-01,Indonesia,0.0,0.0026837088928489804,-0.0026837088928489804
2022-03-01,Philippines,0.0,-0.001398681450768278,0.001398681450768278
2022-03-01,Poland,0.01707686997608962,0.0039715753488350205,0.013105294627254599
2022-03-01,US SmallCap,0.0,0.0009650625120567405,-0.0009650625120567405
2022-03-01,Malaysia,0.0,-5.608803909506598e-05,5.608803909506598e-05
2022-03-01,Taiwan,0.0,-0.0018636172139176253,0.0018636172139176253
2022-03-01,Mexico,0.031059586505270395,0.0072235420356340715,0.023836044469636324
2022-03-01,Korea,0.0,-8.943902008168733e-05,8.943902008168733e-05
2022-03-01,Brazil,0.0,0.011576977968696027,-0.011576977968696027
2022-03-01,South Africa,0.0,0.00587682433268163,-0.00587682433268163
2022-03-01,Denmark,0.0,0.0025368881543465856,-0.0025368881543465856
2022-03-01,India,0.0,0.002915471079773578,-0.002915471079773578
2022-03-01,ChinaH,0.0,-0.006026472023145108,0.006026472023145108
2022-03-01,Hong Kong,0.0,-1.5136054359806228e-05,1.5136054359806228e-05
2022-03-01,Thailand,0.0,-0.0010214728409607755,0.0010214728409607755
2022-03-01,Turkey,0.0,0.006567882678814591,-0.006567882678814591
2022-03-01,Spain,-0.003635586483428919,-0.0008455299874251569,-0.0027900564960037623
2022-03-01,Vietnam,0.0,-0.0008680048036102341,0.0008680048036102341
2022-03-01,Saudi Arabia,0.0,0.0033250557633360597,-0.0033250557633360597
2022-04-01,Singapore,0.0,-0.005917826112193647,0.005917826112193647
2022-04-01,Australia,0.0,-0.004760752211021701,0.004760752211021701
2022-04-01,Canada,-0.024883433050963445,-0.005769537570082947,-0.019113895480880497
2022-04-01,Germany,0.0,-0.006768356198403485,0.006768356198403485
2022-04-01,Japan,0.0,-0.00698943678814159,0.00698943678814159
2022-04-01,Switzerland,0.0,-0.004255679865450432,0.004255679865450432
2022-04-01,U.K.,-0.010997208354599034,-0.0025498413598292686,-0.008447366994769764
2022-04-01,NASDAQ,0.0,-0.010508045279840611,0.010508045279840611
2022-04-01,U.S.,0.0,-0.006921138825219165,0.006921138825219165
2022-04-01,France,0.0,-0.0053222036883015305,0.0053222036883015305
2022-04-01,Netherlands,0.0,-0.008392997603296402,0.008392997603296402
2022-04-01,Sweden,0.0,-0.006367513798266367,0.006367513798266367
2022-04-01,Italy,-0.025876694586126753,-0.005999837775537157,-0.019876856810589597
2022-04-01,ChinaA,0.0,-0.0032647007586802863,0.0032647007586802863
2022-04-01,Chile,0.0,-0.008889684977204772,0.008889684977204772
2022-04-01,Indonesia,0.0,0.0028228857223428247,-0.0028228857223428247
2022-04-01,Philippines,-0.028161694724903416,-0.006529643856607883,-0.021632050868295533
2022-04-01,Poland,-0.06260203969581571,-0.014515071905435824,-0.04808696779037988
2022-04-01,US SmallCap,0.0,-0.00786635376275567,0.00786635376275567
2022-04-01,Malaysia,0.0,-0.0016789276090536972,0.0016789276090536972
2022-04-01,Taiwan,0.0,-0.007803402434390292,0.007803402434390292
2022-04-01,Mexico,-0.03777001951814408,-0.008757455058005396,-0.02901256446013868
2022-04-01,Korea,0.0,-0.005220844737116103,0.005220844737116103
2022-04-01,Brazil,0.0,-0.01087002904590715,0.01087002904590715
2022-04-01,South Africa,0.0,-0.009687152422027298,0.009687152422027298
2022-04-01,Denmark,0.0,-0.0026166153647371377,0.0026166153647371377
2022-04-01,India,0.0,-0.0012816011828509241,0.0012816011828509241
2022-04-01,ChinaH,0.0,-0.0025799444952080194,0.0025799444952080194
2022-04-01,Hong Kong,0.0,-0.003956161246662498,0.003956161246662498
2022-04-01,Thailand,0.0,-0.003733569360272995,0.003733569360272995
2022-04-01,Turkey,0.0,0.005022361687555759,-0.005022361687555759
2022-04-01,Spain,-0.010800408506512801,-0.0025042108346925384,-0.008296197671820263
2022-04-01,Vietnam,0.0,-0.005504495394871845,0.005504495394871845
2022-04-01,Saudi Arabia,0.0,0.004690803577865333,-0.004690803577865333
2022-05-01,Singapore,0.0,-0.001921450020558794,0.001921450020558794
2022-05-01,Australia,0.0,-0.00030019230481597185,0.00030019230481597185
2022-05-01,Canada,0.0,0.0011042975103924151,-0.0011042975103924151
2022-05-01,Germany,0.0,0.0009276390344570177,-0.0009276390344570177
2022-05-01,Japan,0.0,0.001172746826109057,-0.001172746826109057
2022-05-01,Switzerland,0.0,-0.0025381470466353533,0.0025381470466353533
2022-05-01,U.K.,0.0,0.0016125076473705827,-0.0016125076473705827
2022-05-01,NASDAQ,0.0,-0.0014298810404293192,0.0014298810404293192
2022-05-01,U.S.,0.0,0.000137027998223751,-0.000137027998223751
2022-05-01,France,0.0,0.0004914715789135361,-0.0004914715789135361
2022-05-01,Netherlands,0.0,5.9486314523129186e-05,-5.9486314523129186e-05
2022-05-01,Sweden,0.0,-0.0007267403131206531,0.0007267403131206531
2022-05-01,Italy,0.0,0.0019911721299393816,-0.0019911721299393816
2022-05-01,ChinaA,0.0,0.0006809239777353522,-0.0006809239777353522
2022-05-01,Chile,0.0583497257167228,0.013809429831072539,0.044540295885650255
2022-05-01,Indonesia,0.0,-0.002105939594566388,0.002105939594566388
2022-05-01,Philippines,0.004769797628842084,0.0011288516759048516,0.003640945952937233
2022-05-01,Poland,0.010157731138723649,0.0024039954546504964,0.007753735684073152
2022-05-01,US SmallCap,0.0,0.00010671636495203974,-0.00010671636495203974
2022-05-01,Malaysia,0.0,-0.0020292339570985446,0.0020292339570985446
2022-05-01,Taiwan,0.0,0.0026868379110647693,-0.0026868379110647693
2022-05-01,Mexico,0.018253104587982426,0.004319899775205468,0.013933204812776958
2022-05-01,Korea,0.0,0.0015234776979736744,-0.0015234776979736744
2022-05-01,Brazil,0.026436129661212913,0.0062565483055394755,0.020179581355673437
2022-05-01,South Africa,0.002490299276466362,0.0005893706044770149,0.001900928671989347
2022-05-01,Denmark,0.0,-0.0029159592395450996,0.0029159592395450996
2022-05-01,India,0.0,-0.004163324821974308,0.004163324821974308
2022-05-01,ChinaH,0.0,0.0007523921937054608,-0.0007523921937054608
2022-05-01,Hong Kong,0.0,0.002062577670279325,-0.002062577670279325
2022-05-01,Thailand,0.0,0.001748163008329075,-0.001748163008329075
2022-05-01,Turkey,-0.02132712854979115,-0.00504741850264084,-0.01627971004715031
2022-05-01,Spain,0.0,0.003607900216204505,-0.003607900216204505
2022-05-01,Vietnam,0.0,-0.005093221656149557,0.005093221656149557
2022-05-01,Saudi Arabia,0.0,-0.00532352189342931,0.00532352189342931
2022-06-01,Singapore,0.0,-0.005521791795955792,0.005521791795955792
2022-06-01,Australia,-0.03842446695263401,-0.008754581734435348,-0.02966988521819866
2022-06-01,Canada,-0.033935028563097554,-0.007731713795333997,-0.026203314767763556
2022-06-01,Germany,0.0,-0.010087626300118092,0.010087626300118092
2022-06-01,Japan,0.0,-0.005991765528614313,0.005991765528614313
2022-06-01,Switzerland,0.0,-0.005280738988388793,0.005280738988388793
2022-06-01,U.K.,-0.027194900765525953,-0.006196051640876047,-0.020998849124649905
2022-06-01,NASDAQ,0.0,-0.0064595166325103134,0.0064595166325103134
2022-06-01,U.S.,0.0,-0.0061663140815056555,0.0061663140815056555
2022-06-01,France,0.0,-0.00788491094167821,0.00788491094167821
2022-06-01,Netherlands,0.0,-0.007887432015262671,0.007887432015262671
2022-06-01,Sweden,0.0,-0.01072871627432472,0.01072871627432472
2022-06-01,Italy,0.0,-0.010830250964303989,0.010830250964303989
2022-06-01,ChinaA,0.0,0.004354499753060736,-0.004354499753060736
2022-06-01,Chile,-0.060817804353837386,-0.01385665127849142,-0.046961153075345964
2022-06-01,Indonesia,0.0,-0.007166637198777642,0.007166637198777642
2022-06-01,Philippines,0.0,-0.009969320963883107,0.009969320963883107
2022-06-01,Poland,0.0,-0.00945808639808096,0.00945808639808096
2022-06-01,US SmallCap,0.0,-0.006142218051124172,0.006142218051124172
2022-06-01,Malaysia,-0.026836070716513345,-0.006114296258381743,-0.0207217744581316
2022-06-01,Taiwan,0.0,-0.011355774851999538,0.011355774851999538
2022-06-01,Mexico,0.0,-0.007310132361334032,0.007310132361334032
2022-06-01,Korea,0.0,-0.012091500660587784,0.012091500660587784
2022-06-01,Brazil,-0.06273452902702899,-0.01429335539294406,-0.04844117363408493
2022-06-01,South Africa,0.0,-0.00900823748485171,0.00900823748485171
2022-06-01,Denmark,0.0,-0.003968731487492741,0.003968731487492741
2022-06-01,India,0.0,-0.00497843564386093,0.00497843564386093
2022-06-01,ChinaH,0.0,0.0044079736321232235,-0.0044079736321232235
2022-06-01,Hong Kong,0.0,0.0009381562703796218,-0.0009381562703796218
2022-06-01,Thailand,0.0,-0.006059757359680649,0.006059757359680649
2022-06-01,Turkey,-0.03275004210472096,-0.007461727986113923,-0.02528831411860704
2022-06-01,Spain,0.0,-0.007716781883576681,0.007716781883576681
2022-06-01,Vietnam,0.0,-0.005725207508084592,0.005725207508084592
2022-06-01,Saudi Arabia,0.0,-0.008188775450556502,0.008188775450556502
2022-07-01,Singapore,0.0,0.003950602471815262,-0.003950602471815262
2022-07-01,Australia,0.0,0.00406019910929643,-0.00406019910929643
2022-07-01,Canada,0.014185314065570368,0.0033367216688487615,0.010848592396721606
2022-07-01,Germany,0.0,0.001587611394662052,-0.001587611394662052
2022-07-01,Japan,0.0,0.0038467706203945107,-0.0038467706203945107
2022-07-01,Switzerland,0.0,0.0031761410839942243,-0.0031761410839942243
2022-07-01,U.K.,0.011223426504377989,0.0026400155994278835,0.008583410904950106
2022-07-01,NASDAQ,0.0,0.008373130301486524,-0.008373130301486524
2022-07-01,U.S.,0.0,0.006232766044664092,-0.006232766044664092
2022-07-01,France,0.0,0.0042663761350238225,-0.0042663761350238225
2022-07-01,Netherlands,0.0,0.007038201193893876,-0.007038201193893876
2022-07-01,Sweden,0.0,0.007656347439857532,-0.007656347439857532
2022-07-01,Italy,0.006456186503510087,0.0015186478991450402,0.004937538604365047
2022-07-01,ChinaA,0.0,-0.006719531774358152,0.006719531774358152
2022-07-01,Chile,0.035498804129507934,0.00835015907364645,0.027148645055861485
2022-07-01,Indonesia,0.0,0.0021460049928334717,-0.0021460049928334717
2022-07-01,Philippines,0.0,0.0007598805047896649,-0.0007598805047896649
2022-07-01,Poland,0.0,-0.0003984110314307459,0.0003984110314307459
2022-07-01,US SmallCap,0.0,0.007057131464942805,-0.007057131464942805
2022-07-01,Malaysia,0.006784822457996971,0.0015959508552467099,0.0051888716027502614
2022-07-01,Taiwan,0.0,0.001150231045948053,-0.001150231045948053
2022-07-01,Mexico,0.0,-3.662001964184191e-05,3.662001964184191e-05
2022-07-01,Korea,0.0,0.0029607966169354636,-0.0029607966169354636
2022-07-01,Brazil,0.0,0.0037388967859948987,-0.0037388967859948987
2022-07-01,South Africa,0.0,-0.00021838020718431208,0.00021838020718431208
2022-07-01,Denmark,0.0,0.005406425251421435,-0.005406425251421435
2022-07-01,India,0.0,0.006175669752208111,-0.006175669752208111
2022-07-01,ChinaH,0.0,-0.006630037471222603,0.006630037471222603
2022-07-01,Hong Kong,0.0,-0.0024477287018215806,0.0024477287018215806
2022-07-01,Thailand,0.0,-0.001518030365583145,0.001518030365583145
2022-07-01,Turkey,-0.0035423135856102257,-0.0008332360104490743,-0.002709077575161151
2022-07-01,Spain,-0.004333748179609323,-0.0010194001621249879,-0.003314348017484335
2022-07-01,Vietnam,0.0,-0.0011626938974630165,0.0011626938974630165
2022-07-01,Saudi Arabia,0.0,0.0043091806932330145,-0.0043091806932330145
2022-08-01,Singapore,0.0,-0.0013309961454280492,0.0013309961454280492
2022-08-01,Australia,0.0,-0.0005563685878972511,0.0005563685878972511
2022-08-01,Canada,0.0,-0.002810949121091973,0.002810949121091973
2022-08-01,Germany,0.0,-0.004457109954488456,0.004457109954488456
2022-08-01,Japan,0.0,-0.0018065481596021605,0.0018065481596021605
2022-08-01,Switzerland,0.0,-0.0038177083823043305,0.0038177083823043305
2022-08-01,U.K.,-0.013287434721803422,-0.003131618233953921,-0.0101558164878495
2022-08-01,NASDAQ,0.0,-0.0031683407615993213,0.0031683407615993213
2022-08-01,U.S.,0.0,-0.0028530955545391055,0.0028530955545391055
2022-08-01,France,0.0,-0.0044404180604069475,0.0044404180604069475
2022-08-01,Netherlands,0.0,-0.007342873505814573,0.007342873505814573
2022-08-01,Sweden,0.0,-0.007021899216304579,0.007021899216304579
2022-08-01,Italy,0.0,-0.0032492467460128963,0.0032492467460128963
2022-08-01,ChinaA,0.0,0.00010451014575935962,-0.00010451014575935962
2022-08-01,Chile,0.008221554752220094,0.0019376780629638726,0.006283876689256221
2022-08-01,Indonesia,0.0,0.003769094373771028,-0.003769094373771028
2022-08-01,Philippines,0.010699224990326182,0.0025216220264022027,0.00817760296392398
2022-08-01,Poland,0.0,-0.009063707608914081,0.009063707608914081
2022-08-01,US SmallCap,0.0,-0.001431566750608639,0.001431566750608639
2022-08-01,Malaysia,0.0009116506170177565,0.00021486026121832682,0.0006967903557994297
2022-08-01,Taiwan,0.0,-0.0011226248677817649,0.0011226248677817649
2022-08-01,Mexico,0.0,-0.0034642315141149784,0.0034642315141149784
2022-08-01,Korea,0.0,-0.0021957580648843777,0.0021957580648843777
2022-08-01,Brazil,0.0,0.00457593329648895,-0.00457593329648895
2022-08-01,South Africa,0.0,-0.003120268500613794,0.003120268500613794
2022-08-01,Denmark,0.0,-0.005527921385801628,0.005527921385801628
2022-08-01,India,0.0,0.0028562536460111,-0.0028562536460111
2022-08-01,ChinaH,0.0,0.00034330035789841576,-0.00034330035789841576
2022-08-01,Hong Kong,-0.010440377305983793,-0.0024606161102810695,-0.007979761195702723
2022-08-01,Thailand,0.0,0.0039087468546075655,-0.0039087468546075655
2022-08-01,Turkey,0.06724780717333669,0.015849143461218504,0.05139866371211818
2022-08-01,Spain,-0.012538956828835655,-0.0029552149577456795,-0.009583741871089976
2022-08-01,Vietnam,0.0,0.0036712241485364313,-0.0036712241485364313
2022-08-01,Saudi Arabia,0.0,0.0011033898228105991,-0.0011033898228105991
2022-09-01,Singapore,0.0,-0.0036523749330386627,0.0036523749330386627
2022-09-01,Australia,0.0,-0.007601519012564595,0.007601519012564595
2022-09-01,Canada,-0.02571672124934528,-0.005825582229598285,-0.019891139019746994
2022-09-01,Germany,0.0,-0.006050741755753198,0.006050741755753198
2022-09-01,Japan,0.0,-0.007684319183801316,0.007684319183801316
2022-09-01,Switzerland,0.0,-0.0045842227724507195,0.0045842227724507195
2022-09-01,U.K.,-0.025936873061126568,-0.0058754529915080915,-0.020061420069618478
2022-09-01,NASDAQ,0.0,-0.007193671049846881,0.007193671049846881
2022-09-01,U.S.,0.0,-0.0063460343292762005,0.0063460343292762005
2022-09-01,France,0.0,-0.00595087115815986,0.00595087115815986
2022-09-01,Netherlands,0.0,-0.006915313809945749,0.006915313809945749
2022-09-01,Sweden,0.0,-0.006201709992858097,0.006201709992858097
2022-09-01,Italy,0.0,-0.004486556204618791,0.004486556204618791
2022-09-01,ChinaA,0.0,-0.010126333251483583,0.010126333251483583
2022-09-01,Chile,-0.03214516157758611,-0.007281810159167113,-0.024863351418418996
2022-09-01,Indonesia,0.0,-0.0005434087177751456,0.0005434087177751456
2022-09-01,Philippines,0.0,-0.012155851051842803,0.012155851051842803
2022-09-01,Poland,0.0,-0.009294362314822386,0.009294362314822386
2022-09-01,US SmallCap,0.0,-0.0065953120118989635,0.0065953120118989635
2022-09-01,Malaysia,-0.029022610527810144,-0.006574461903912705,-0.02244814862389744
2022-09-01,Taiwan,0.0,-0.011049127302094142,0.011049127302094142
2022-09-01,Mexico,0.0,-0.000280566969340169,0.000280566969340169
2022-09-01,Korea,0.0,-0.012616131455633204,0.012616131455633204
2022-09-01,Brazil,-0.01006781318516748,-0.00228065129352056,-0.00778716189164692
2022-09-01,South Africa,-0.026598051949724543,-0.006025229160353876,-0.020572822789370667
2022-09-01,Denmark,0.0,-0.008223604078079856,0.008223604078079856
2022-09-01,India,0.0,-0.004209085926541969,0.004209085926541969
2022-09-01,ChinaH,0.0,-0.009789473102637615,0.009789473102637615
2022-09-01,Hong Kong,-0.03258176077926207,-0.0073807125241334495,-0.025201048255128623
2022-09-01,Thailand,0.0,-0.004306953806207348,0.004306953806207348
2022-09-01,Turkey,0.0,-0.002691673760023227,0.002691673760023227
2022-09-01,Spain,0.0,-0.006113141346885833,0.006113141346885833
2022-09-01,Vietnam,0.0,-0.007683543833986118,0.007683543833986118
2022-09-01,Saudi Arabia,0.0,-0.005180925216595159,0.005180925216595159
2022-10-01,Singapore,0.0,1.4047944580720935e-05,-1.4047944580720935e-05
2022-10-01,Australia,0.0,0.003289405973056242,-0.003289405973056242
2022-10-01,Canada,0.0,0.0041121173869769915,-0.0041121173869769915
2022-10-01,Germany,0.0,0.0058379352972306705,-0.0058379352972306705
2022-10-01,Japan,0.0,0.0018492685604775284,-0.0018492685604775284
2022-10-01,Switzerland,0.0,0.0019267304781980007,-0.0019267304781980007
2022-10-01,U.K.,0.01713741655955109,0.003848691843605206,0.013288724715945882
2022-10-01,NASDAQ,0.0,0.0024597300833731363,-0.0024597300833731363
2022-10-01,U.S.,0.0,0.005056279030083849,-0.005056279030083849
2022-10-01,France,0.0,0.005914620908136719,-0.005914620908136719
2022-10-01,Netherlands,0.0,0.003580866609522799,-0.003580866609522799
2022-10-01,Sweden,0.0,0.004216319201073727,-0.004216319201073727
2022-10-01,Italy,0.0,0.007065625771865596,-0.007065625771865596
2022-10-01,ChinaA,0.0,-0.010513144100026945,0.010513144100026945
2022-10-01,Chile,0.008131237009589893,0.001826099368506519,0.006305137641083374
2022-10-01,Indonesia,0.0,0.0001160807497280122,-0.0001160807497280122
2022-10-01,Philippines,0.02537573870970981,0.005698840210725164,0.019676898498984647
2022-10-01,Poland,0.0,0.01031511875256317,-0.01031511875256317
2022-10-01,US SmallCap,0.0,0.006875226663154899,-0.006875226663154899
2022-10-01,Malaysia,0.008156865638777967,0.0018318550024304637,0.006325010636347503
2022-10-01,Taiwan,0.0,-0.0031945301082905216,0.0031945301082905216
2022-10-01,Mexico,0.0,0.00865603167556393,-0.00865603167556393
2022-10-01,Korea,0.0,0.005335868743382634,-0.005335868743382634
2022-10-01,Brazil,0.02398433365917677,0.005386360832603665,0.018597972826573106
2022-10-01,South Africa,0.0,0.0023479681798535,-0.0023479681798535
2022-10-01,Denmark,0.0,0.0060556842797039765,-0.0060556842797039765
2022-10-01,India,0.0,0.0016170784215229679,-0.0016170784215229679
2022-10-01,ChinaH,0.0,-0.010252583739168252,0.010252583739168252
2022-10-01,Hong Kong,-0.03384375955601295,-0.007600573920085348,-0.026243185635927604
2022-10-01,Thailand,0.0,0.00090871778328352,-0.00090871778328352
2022-10-01,Turkey,0.0635740235108523,0.014277345999098016,0.04929667751175428
2022-10-01,Spain,0.0,0.005725331104847539,-0.005725331104847539
2022-10-01,Vietnam,0.0,-0.006588445986956733,0.006588445986956733
2022-10-01,Saudi Arabia,0.0,0.0019772233889550927,-0.0019772233889550927
2022-11-01,Singapore,0.0,0.007518339015870075,-0.007518339015870075
2022-11-01,Australia,0.0,0.008209868727669437,-0.008209868727669437
2022-11-01,Canada,0.0,0.003971783426489457,-0.003971783426489457
2022-11-01,Germany,0.0,0.009093093321966067,-0.009093093321966067
2022-11-01,Japan,0.0,0.006275754832010289,-0.006275754832010289
2022-11-01,Switzerland,0.0,0.00512223220557769,-0.00512223220557769
2022-11-01,U.K.,0.03334610783410801,0.007379584516778465,0.025966523317329546
2022-11-01,NASDAQ,0.0,0.0029376500730639455,-0.0029376500730639455
2022-11-01,U.S.,0.0,0.003637931465897932,-0.003637931465897932
2022-11-01,France,0.0,0.00765596024190904,-0.00765596024190904
2022-11-01,Netherlands,0.0,0.011196006579234806,-0.011196006579234806
2022-11-01,Sweden,0.0,0.007104414050962084,-0.007104414050962084
2022-11-01,Italy,0.0,0.008537207085119994,-0.008537207085119994
2022-11-01,ChinaA,0.0,0.019281787706413537,-0.019281787706413537
2022-11-01,Chile,0.017979106591971928,0.003978825273752515,0.014000281318219412
2022-11-01,Indonesia,0.0,0.0007716179218283159,-0.0007716179218283159
2022-11-01,Philippines,0.0,0.008485954957222557,-0.008485954957222557
2022-11-01,Poland,0.0,0.0123009052382673,-0.0123009052382673
2022-11-01,US SmallCap,0.0,0.0015061904367625865,-0.0015061904367625865
2022-11-01,Malaysia,0.02622053089695825,0.005802674926606779,0.02041785597035147
2022-11-01,Taiwan,0.0,0.014460156787857828,-0.014460156787857828
2022-11-01,Mexico,0.0,0.003951062445281985,-0.003951062445281985
2022-11-01,Korea,0.0,0.009952019955292853,-0.009952019955292853
2022-11-01,Brazil,-0.008348493279771108,-0.0018475443086887601,-0.006500948971082348
2022-11-01,South Africa,0.058031566469207624,0.012842543769456994,0.04518902269975063
2022-11-01,Denmark,0.0,0.007899563483167412,-0.007899563483167412
2022-11-01,India,0.0,0.003396677608560981,-0.003396677608560981
2022-11-01,ChinaH,0.0,0.018422388313593312,-0.018422388313593312
2022-11-01,Hong Kong,0.07192616789318479,0.015917456921099558,0.056008710972085235
2022-11-01,Thailand,0.0,0.006877304048201017,-0.006877304048201017
2022-11-01,Turkey,0.06578510994629332,0.01455842406584184,0.05122668588045148
2022-11-01,Spain,0.0,0.006207390802248448,-0.006207390802248448
2022-11-01,Vietnam,0.0,0.002531172208399647,-0.002531172208399647
2022-11-01,Saudi Arabia,0.0,-0.004650621506868479,0.004650621506868479
2022-12-01,Singapore,0.0,-0.000589294908765105,0.000589294908765105
2022-12-01,Australia,0.0,-0.0011894730948550855,0.0011894730948550855
2022-12-01,Canada,0.0,-0.0035308053195268817,0.0035308053195268817
2022-12-01,Germany,0.0,3.909823474934243e-05,-3.909823474934243e-05
2022-12-01,Japan,0.0,9.440491870270183e-05,-9.440491870270183e-05
2022-12-01,Switzerland,0.0,-0.0005095797594013756,0.0005095797594013756
2022-12-01,U.K.,-0.0007770527219970487,-0.00016965795540403906,-0.0006073947665930096
2022-12-01,NASDAQ,0.0,-0.0062756188906636584,0.0062756188906636584
2022-12-01,U.S.,0.0,-0.0041836525255659575,0.0041836525255659575
2022-12-01,France,0.0,-0.0002629462298251679,0.0002629462298251679
2022-12-01,Netherlands,0.0,-0.0018627393415542703,0.0018627393415542703
2022-12-01,Sweden,0.0,-0.00030722926609527923,0.00030722926609527923
2022-12-01,Italy,0.0,-1.976409623079855e-05,1.976409623079855e-05
2022-12-01,ChinaA,0.0,0.0037437280617008597,-0.0037437280617008597
2022-12-01,Chile,-0.0064104948578270786,-0.0013996366268583496,-0.0050108582309687285
2022-12-01,Indonesia,0.0,-0.003145572884740171,0.003145572884740171
2022-12-01,Philippines,0.0,-0.0011073616629696354,0.0011073616629696354
2022-12-01,Poland,0.0,0.00546494911134852,-0.00546494911134852
2022-12-01,US SmallCap,0.0,-0.0047070197834025804,0.0047070197834025804
2022-12-01,Malaysia,0.005686731547755614,0.0012416136254491214,0.004445117922306493
2022-12-01,Taiwan,0.0,-0.004080260769426933,0.004080260769426933
2022-12-01,Mexico,-0.022336126523465113,-0.004876762477426095,-0.017459364046039018
2022-12-01,Korea,0.0,-0.003408944623847601,0.003408944623847601
2022-12-01,Brazil,-0.009537065526086158,-0.002082277034628635,-0.007454788491457523
2022-12-01,South Africa,0.0,-0.0030563918132292004,0.0030563918132292004
2022-12-01,Denmark,0.0,0.005014644435213753,-0.005014644435213753
2022-12-01,India,0.0,-0.0038947897879554262,0.0038947897879554262
2022-12-01,ChinaH,0.0,0.0034491309804267206,-0.0034491309804267206
2022-12-01,Hong Kong,0.0,0.005937265180041584,-0.005937265180041584
2022-12-01,Thailand,0.0,0.0027358462293106097,-0.0027358462293106097
2022-12-01,Turkey,0.02764345280087028,0.0060355385802528866,0.02160791422061739
2022-12-01,Spain,0.007438768332292335,0.0016241449135362843,0.005814623418756051
2022-12-01,Vietnam,0.0,-0.006599316265129498,0.006599316265129498
2022-12-01,Saudi Arabia,0.0,-0.0024566822070694596,0.0024566822070694596
2023-01-01,Singapore,0.0,0.005254822103600806,-0.005254822103600806
2023-01-01,Australia,0.0,0.007270047605033866,-0.007270047605033866
2023-01-01,Canada,0.0,0.0065084079245373615,-0.0065084079245373615
2023-01-01,Germany,0.0,0.008904900600047345,-0.008904900600047345
2023-01-01,Japan,0.0,0.004455492996368756,-0.004455492996368756
2023-01-01,Switzerland,0.0,0.004385441511100015,-0.004385441511100015
2023-01-01,U.K.,0.0,0.00473223490244507,-0.00473223490244507
2023-01-01,NASDAQ,0.0,0.007697630843676669,-0.007697630843676669
2023-01-01,U.S.,0.0,0.004509388073685262,-0.004509388073685262
2023-01-01,France,0.0,0.008007478513747937,-0.008007478513747937
2023-01-01,Netherlands,0.0,0.010506484747169715,-0.010506484747169715
2023-01-01,Sweden,0.0,0.005324020989594554,-0.005324020989594554
2023-01-01,Italy,0.0,0.009186402385503492,-0.009186402385503492
2023-01-01,ChinaA,0.0,0.008451766203990836,-0.008451766203990836
2023-01-01,Chile,0.03470128665365603,0.007496192153730016,0.027205094499926013
2023-01-01,Indonesia,0.0,0.0019183211401382837,-0.0019183211401382837
2023-01-01,Philippines,0.0,0.0038845885831726387,-0.0038845885831726387
2023-01-01,Poland,0.0,0.004515790136872371,-0.004515790136872371
2023-01-01,US SmallCap,0.0,0.006995392577632886,-0.006995392577632886
2023-01-01,Malaysia,0.009754398831209559,0.002107150916698431,0.007647247914511128
2023-01-01,Taiwan,0.0,0.009092024568088906,-0.009092024568088906
2023-01-01,Mexico,0.0,0.012213658180406694,-0.012213658180406694
2023-01-01,Korea,0.0,0.00869283393006579,-0.00869283393006579
2023-01-01,Brazil,0.023212285344708383,0.005014331399519236,0.018197953945189145
2023-01-01,South Africa,0.015999297841168356,0.003456177637998905,0.012543120203169451
2023-01-01,Denmark,0.0,0.0011819039947130888,-0.0011819039947130888
2023-01-01,India,0.0,-0.0020061331022609846,0.0020061331022609846
2023-01-01,ChinaH,0.0,0.008426988715762578,-0.008426988715762578
2023-01-01,Hong Kong,0.012480805155046902,0.0026961107986939346,0.009784694356352968
2023-01-01,Thailand,0.0,0.0031406869293304565,-0.0031406869293304565
2023-01-01,Turkey,-0.027280690535876444,-0.005893190658445745,-0.0213874998774307
2023-01-01,Spain,0.0373132734752609,0.008060435068212779,0.02925283840704812
2023-01-01,Vietnam,0.0,0.007385245944943258,-0.007385245944943258
2023-01-01,Saudi Arabia,0.0,0.0015952036791124296,-0.0015952036791124296
2023-02-01,Singapore,0.0,-0.0039954330428173005,0.0039954330428173005
2023-02-01,Australia,0.0,-0.00486293939266962,0.00486293939266962
2023-02-01,Canada,0.0,-0.0033431062940379075,0.0033431062940379075
2023-02-01,Germany,0.0,-0.0016226026894339456,0.0016226026894339456
2023-02-01,Japan,0.0,-0.0029869178390767564,0.0029869178390767564
2023-02-01,Switzerland,0.0,-0.0026202949144411894,0.0026202949144411894
2023-02-01,U.K.,0.0030057138867476954,0.0006680646219596507,0.0023376492647880446
2023-02-01,NASDAQ,0.0,-0.0007757411682731757,0.0007757411682731757
2023-02-01,U.S.,0.0,-0.0018897034075261694,0.0018897034075261694
2023-02-01,France,0.0,-8.962373274094201e-05,8.962373274094201e-05
2023-02-01,Netherlands,0.0,-0.0024939400308932633,0.0024939400308932633
2023-02-01,Sweden,0.0,0.001690595129965961,-0.001690595129965961
2023-02-01,Italy,0.0,0.0004615943254732222,-0.0004615943254732222
2023-02-01,ChinaA,0.0,-0.008011475296224705,0.008011475296224705
2023-02-01,Chile,-0.014135608772761727,-0.0031418493199174176,-0.01099375945284431
2023-02-01,Indonesia,0.0,-0.0005846272524693428,0.0005846272524693428
2023-02-01,Philippines,0.0,-0.003932386512863746,0.003932386512863746
2023-02-01,Poland,0.0,-0.003492339192019662,0.003492339192019662
2023-02-01,US SmallCap,0.0,-0.0013070764857967213,0.0013070764857967213
2023-02-01,Malaysia,-0.025213217375784896,-0.005604012613710943,-0.01960920476207395
2023-02-01,Taiwan,0.0,-0.0008733488568109242,0.0008733488568109242
2023-02-01,Mexico,0.0,-0.00012126903065566784,0.00012126903065566784
2023-02-01,Korea,0.0,-0.005077426755023938,0.005077426755023938
2023-02-01,Brazil,-0.03196805356770986,-0.0071053754369837215,-0.02486267813072614
2023-02-01,South Africa,0.0,-0.0061099523822515074,0.0061099523822515074
2023-02-01,Denmark,0.0,0.002029733642429417,-0.002029733642429417
2023-02-01,India,0.0,-0.0036257386157872835,0.0036257386157872835
2023-02-01,ChinaH,0.0,-0.007621428070275941,0.007621428070275941
2023-02-01,Hong Kong,-0.024627960570227387,-0.005473930582856983,-0.019154029987370404
2023-02-01,Thailand,0.0,-0.007174833654789612,0.007174833654789612
2023-02-01,Turkey,0.019985614912099416,0.0044421002044642095,0.015543514707635205
2023-02-01,Spain,0.009281894172495482,0.0020630390499766795,0.007218855122518802
2023-02-01,Vietnam,0.0,-0.00781832261375087,0.00781832261375087
2023-02-01,Saudi Arabia,0.0,-0.005677668007813398,0.005677668007813398
2023-03-01,Singapore,0.01702602732335835,0.003743820520672266,0.013282206802686084
2023-03-01,Australia,0.0,-0.00023204091540652685,0.00023204091540652685
2023-03-01,Canada,0.0,9.42660425280154e-05,-9.42660425280154e-05
2023-03-01,Germany,0.0,0.0029690204817797976,-0.0029690204817797976
2023-03-01,Japan,0.0,0.0021969745243350697,-0.0021969745243350697
2023-03-01,Switzerland,0.0,0.002628250953436769,-0.002628250953436769
2023-03-01,U.K.,0.0,0.00021750153505909907,-0.00021750153505909907
2023-03-01,NASDAQ,0.0,0.0050460087280246,-0.0050460087280246
2023-03-01,U.S.,0.0,0.002729914698329683,-0.002729914698329683
2023-03-01,France,0.0,0.0022776554778812645,-0.0022776554778812645
2023-03-01,Netherlands,0.0,0.003707716949039865,-0.003707716949039865
2023-03-01,Sweden,0.0,-0.000628425318574195,0.000628425318574195
2023-03-01,Italy,0.002360917970479365,0.00051913772823437,0.001841780242244995
2023-03-01,ChinaA,0.0,0.00335154366223773,-0.00335154366223773
2023-03-01,Chile,-0.0002649229447710936,-5.825339864633263e-05,-0.00020666954612476098
2023-03-01,Indonesia,0.0,0.003164171647028151,-0.003164171647028151
2023-03-01,Philippines,0.0,0.002030681544566499,-0.002030681544566499
2023-03-01,Poland,0.0,-0.0020458893342833197,0.0020458893342833197
2023-03-01,US SmallCap,0.0,-0.0035582092540860505,0.0035582092540860505
2023-03-01,Malaysia,0.0,0.0007231892762899335,-0.0007231892762899335
2023-03-01,Taiwan,0.0,0.002075933105337886,-0.002075933105337886
2023-03-01,Mexico,0.0,0.0022659358286079676,-0.0022659358286079676
2023-03-01,Korea,0.0,0.00324539110068468,-0.00324539110068468
2023-03-01,Brazil,-0.0008050666418248165,-0.00017702456109872767,-0.0006280420807260889
2023-03-01,South Africa,0.0,0.002567950088826574,-0.002567950088826574
2023-03-01,Denmark,0.0,0.005269862376309625,-0.005269862376309625
2023-03-01,India,0.0,0.0008893059005761602,-0.0008893059005761602
2023-03-01,ChinaH,0.0,0.003197475508454856,-0.003197475508454856
2023-03-01,Hong Kong,0.0040760440534533485,0.0008962735158745658,0.003179770537578783
2023-03-01,Thailand,0.0,0.003130614491681821,-0.003130614491681821
2023-03-01,Turkey,-0.01991498531014823,-0.004379067956195035,-0.015535917353953195
2023-03-01,Spain,0.004330089857464225,0.0009521351608833087,0.0033779546965809165
2023-03-01,Vietnam,0.0,0.0038350777062670896,-0.0038350777062670896
2023-03-01,Saudi Arabia,0.0,0.004302860154523624,-0.004302860154523624
2023-04-01,Singapore,0.0,-0.0004818119595979563,0.0004818119595979563
2023-04-01,Australia,0.0,0.00023715537207191892,-0.00023715537207191892
2023-04-01,Canada,0.0,0.0022980365426220114,-0.0022980365426220114
2023-04-01,Germany,0.010240778097214735,0.0022959257678989917,0.007944852329315744
2023-04-01,Japan,0.0,0.0002756441318096935,-0.0002756441318096935
2023-04-01,Switzerland,0.0,0.0043054970472217275,-0.0043054970472217275
2023-04-01,U.K.,0.019372870993159125,0.00434329045011474,0.015029580543044384
2023-04-01,NASDAQ,0.0,5.0459894764787754e-05,-5.0459894764787754e-05
2023-04-01,U.S.,0.0,0.0011873238645276547,-0.0011873238645276547
2023-04-01,France,0.0,0.003258469163165338,-0.003258469163165338
2023-04-01,Netherlands,0.0,-0.0014466355799817145,0.0014466355799817145
2023-04-01,Sweden,0.0,0.002650357030798854,-0.002650357030798854
2023-04-01,Italy,0.01207532289081171,0.0027072205566348005,0.00936810233417691
2023-04-01,ChinaA,0.0,-0.003956045824538547,0.003956045824538547
2023-04-01,Chile,-0.006465685905977414,-0.0014495709933127368,-0.005016114912664678
2023-04-01,Indonesia,0.0,0.0049639409930633946,-0.0049639409930633946
2023-04-01,Philippines,0.0,0.0006822962286596803,-0.0006822962286596803
2023-04-01,Poland,0.0,0.009987913648621899,-0.009987913648621899
2023-04-01,US SmallCap,0.0,-0.0013679597359362607,0.0013679597359362607
2023-04-01,Malaysia,0.0,-0.0009901297896316348,0.0009901297896316348
2023-04-01,Taiwan,0.0,-0.0032707323757711626,0.0032707323757711626
2023-04-01,Mexico,0.0,0.0019638233232503197,-0.0019638233232503197
2023-04-01,Korea,0.0,-0.0005681146757465539,0.0005681146757465539
2023-04-01,Brazil,0.0,0.0026187546478773057,-0.0026187546478773057
2023-04-01,South Africa,0.0,0.0007584477146831338,-0.0007584477146831338
2023-04-01,Denmark,0.0,0.0030810764009835965,-0.0030810764009835965
2023-04-01,India,0.0,0.0032228021481667964,-0.0032228021481667964
2023-04-01,ChinaH,0.0,-0.0038604145789081627,0.0038604145789081627
2023-04-01,Hong Kong,0.0019430720891531284,0.0004356260077137428,0.0015074460814393856
2023-04-01,Thailand,0.0,-0.0026692283849064934,0.0026692283849064934
2023-04-01,Turkey,-0.016769648273527994,-0.003759662324903556,-0.013009985948624438
2023-04-01,Spain,0.007373363467213831,0.001653067278653906,0.005720296188559925
2023-04-01,Vietnam,0.0,-0.0021226668227042364,0.0021226668227042364
2023-04-01,Saudi Arabia,0.0,0.004829194187442315,-0.004829194187442315
2023-05-01,Singapore,0.0,-0.005095589790895985,0.005095589790895985
2023-05-01,Australia,0.0,-0.0036893082656770802,0.0036893082656770802
2023-05-01,Canada,0.0,-0.004184176873743814,0.004184176873743814
2023-05-01,Germany,-0.024189693374383446,-0.005426559856330239,-0.018763133518053206
2023-05-01,Japan,0.0,0.0014028203417546326,-0.0014028203417546326
2023-05-01,Switzerland,0.0,-0.003644250319268618,0.003644250319268618
2023-05-01,U.K.,0.0,-0.004547372236669825,0.004547372236669825
2023-05-01,NASDAQ,0.0,0.00456395930510055,-0.00456395930510055
2023-05-01,U.S.,0.0,0.000334867524892208,-0.000334867524892208
2023-05-01,France,0.0,-0.006418223350293051,0.006418223350293051
2023-05-01,Netherlands,0.0,0.0005489382239051332,-0.0005489382239051332
2023-05-01,Sweden,0.0,-0.0066773358866166685,0.0066773358866166685
2023-05-01,Italy,-0.02499510168712041,-0.005607239964598229,-0.01938786172252218
2023-05-01,ChinaA,0.0,-0.006673458235388612,0.006673458235388612
2023-05-01,Chile,-0.006481934502110367,-0.001454115396012563,-0.005027819106097804
2023-05-01,Indonesia,0.0,-0.0024347169150380457,0.0024347169150380457
2023-05-01,Philippines,0.0,-0.0033891284408660138,0.0033891284408660138
2023-05-01,Poland,-0.013383927025186015,-0.0030024639002592985,-0.010381463124926717
2023-05-01,US SmallCap,0.0,-0.0007180686869676414,0.0007180686869676414
2023-05-01,Malaysia,0.0,-0.004079618789510154,0.004079618789510154
2023-05-01,Taiwan,0.0,0.005652483498858198,-0.005652483498858198
2023-05-01,Mexico,0.0,-0.0019252042941919631,0.0019252042941919631
2023-05-01,Korea,0.0,0.0036928579290736972,-0.0036928579290736972
2023-05-01,Brazil,0.0,0.0005089774009627983,-0.0005089774009627983
2023-05-01,South Africa,0.0,-0.010578936350571461,0.010578936350571461
2023-05-01,Denmark,0.0,-0.003200697428150229,0.003200697428150229
2023-05-01,India,0.0,0.0022129967833769324,-0.0022129967833769324
2023-05-01,ChinaH,0.0,-0.006489536096742119,0.006489536096742119
2023-05-01,Hong Kong,-0.02999952393590592,-0.006729899787485609,-0.02326962414842031
2023-05-01,Thailand,0.0,-0.002286053219485621,0.002286053219485621
2023-05-01,Turkey,-0.005744813517075059,-0.0012887544265805491,-0.0044560590904945095
2023-05-01,Spain,-0.01963187083061087,-0.004404087331957299,-0.015227783498653572
2023-05-01,Vietnam,0.0,0.0004592990200876271,-0.0004592990200876271
2023-05-01,Saudi Arabia,0.0,-0.0025699811698159957,0.0025699811698159957
2023-06-01,Singapore,0.006198824706874657,0.001417737837221921,0.0047810868696527365
2023-06-01,Australia,0.0,0.0040440128332319926,-0.0040440128332319926
2023-06-01,Canada,0.0,0.004942675642072873,-0.004942675642072873
2023-06-01,Germany,0.016946856288322678,0.003875928182849182,0.013070928105473497
2023-06-01,Japan,0.0,0.002970358860480926,-0.002970358860480926
2023-06-01,Switzerland,0.0,0.0019287391799046884,-0.0019287391799046884
2023-06-01,U.K.,0.013775786254832566,0.0031506703826126928,0.010625115872219874
2023-06-01,NASDAQ,0.0,0.00495440380770232,-0.00495440380770232
2023-06-01,U.S.,0.0,0.004918685584792295,-0.004918685584792295
2023-06-01,France,0.0,0.004765319918522714,-0.004765319918522714
2023-06-01,Netherlands,0.0,0.0034231861235750295,-0.0034231861235750295
2023-06-01,Sweden,0.0,0.0027594441731188532,-0.0027594441731188532
2023-06-01,Italy,0.035553022582516754,0.00813135839878471,0.027421664183732042
2023-06-01,ChinaA,0.0,0.0025075728024392097,-0.0025075728024392097
2023-06-01,Chile,0.0,0.006087771606644679,-0.006087771606644679
2023-06-01,Indonesia,0.0,0.00016637575262707665,-0.00016637575262707665
2023-06-01,Philippines,0.0,0.0016307139675373642,-0.0016307139675373642
2023-06-01,Poland,0.046945977328909066,0.01073704960405532,0.03620892772485375
2023-06-01,US SmallCap,0.0,0.006048955373485517,-0.006048955373485517
2023-06-01,Malaysia,0.0,-0.0014248657903039163,0.0014248657903039163
2023-06-01,Taiwan,0.0,0.00044600787176723956,-0.00044600787176723956
2023-06-01,Mexico,0.0,0.004270520353181427,-0.004270520353181427
2023-06-01,Korea,0.0,0.0004547434386837991,-0.0004547434386837991
2023-06-01,Brazil,0.0,0.011957616855408144,-0.011957616855408144
2023-06-01,South Africa,0.0,0.007320831366361213,-0.007320831366361213
2023-06-01,Denmark,0.0,0.0014226154124248372,-0.0014226154124248372
2023-06-01,India,0.0,0.0034961638905922294,-0.0034961638905922294
2023-06-01,ChinaH,0.0,0.0028280229102453642,-0.0028280229102453642
2023-06-01,Hong Kong,0.0,0.0025589798855702346,-0.0025589798855702346
2023-06-01,Thailand,0.0,-0.001260519035394261,0.001260519035394261
2023-06-01,Turkey,-0.013189574238825112,-0.003016597393775598,-0.010172976845049513
2023-06-01,Spain,0.02794443572280097,0.00639119280467692,0.02155324291812405
2023-06-01,Vietnam,0.0,0.004328226141673203,-0.004328226141673203
2023-06-01,Saudi Arabia,0.0,0.002516867283433998,-0.002516867283433998
2023-07-01,Singapore,0.0,0.0071339096659703595,-0.0071339096659703595
2023-07-01,Australia,0.0,0.0028030143080101356,-0.0028030143080101356
2023-07-01,Canada,0.0,0.0025633825375133575,-0.0025633825375133575
2023-07-01,Germany,0.010473566102200281,0.0023701212968979344,0.008103444805302347
2023-07-01,Japan,0.0,0.00234771952187079,-0.00234771952187079
2023-07-01,Switzerland,0.0,0.00280634334097157,-0.00280634334097157
2023-07-01,U.K.,0.0,0.0028212051582529865,-0.0028212051582529865
2023-07-01,NASDAQ,0.0,0.003178978154640784,-0.003178978154640784
2023-07-01,U.S.,0.0,0.002505551526581588,-0.002505551526581588
2023-07-01,France,0.0,0.0016406148899341837,-0.0016406148899341837
2023-07-01,Netherlands,0.0,0.0020921822669896606,-0.0020921822669896606
2023-07-01,Sweden,0.0,0.0011888261301926252,-0.0011888261301926252
2023-07-01,Italy,0.020743145216766446,0.004694081248274776,0.01604906396849167
2023-07-01,ChinaA,0.0,0.007769295484746835,-0.007769295484746835
2023-07-01,Chile,0.020443092675159532,0.004626180696341322,0.01581691197881821
2023-07-01,Indonesia,0.0,0.0007637553785604816,-0.0007637553785604816
2023-07-01,Philippines,0.0,0.0029287511892151226,-0.0029287511892151226
2023-07-01,Poland,0.029743308018977926,0.006730777949753436,0.02301253006922449
2023-07-01,US SmallCap,0.0,0.004769246359875405,-0.004769246359875405
2023-07-01,Malaysia,0.0,0.007594242823595704,-0.007594242823595704
2023-07-01,Taiwan,0.0,0.00014806767187683148,-0.00014806767187683148
2023-07-01,Mexico,0.0,0.0036229142993061615,-0.0036229142993061615
2023-07-01,Korea,0.021807074353965842,0.0049348436669066475,0.016872230687059196
2023-07-01,Brazil,0.0,0.0038237645788128396,-0.0038237645788128396
2023-07-01,South Africa,0.0,0.009256078058924914,-0.009256078058924914
2023-07-01,Denmark,0.0,0.000521124811366611,-0.000521124811366611
2023-07-01,India,0.0,0.00236216292234278,-0.00236216292234278
2023-07-01,ChinaH,0.0,0.007197780178115145,-0.007197780178115145
2023-07-01,Hong Kong,0.0,0.0022186161856245505,-0.0022186161856245505
2023-07-01,Thailand,0.0,0.006213629622501496,-0.006213629622501496
2023-07-01,Turkey,0.06603984839528744,0.014944523154601513,0.051095325240685927
2023-07-01,Spain,0.007204639407310967,0.0016303777652341873,0.005574261642076779
2023-07-01,Vietnam,0.0,0.008065320348499064,-0.008065320348499064
2023-07-01,Saudi Arabia,0.0,0.0017141719672095091,-0.0017141719672095091
2023-08-01,Singapore,0.0,-0.006996286549957234,0.006996286549957234
2023-08-01,Australia,0.0,-0.003250465666878882,0.003250465666878882
2023-08-01,Canada,0.0,-0.0034002334338285845,0.0034002334338285845
2023-08-01,Germany,-0.017892797340026537,-0.003972271064151059,-0.013920526275875478
2023-08-01,Japan,0.0,-0.002011008546089156,0.002011008546089156
2023-08-01,Switzerland,0.0,-0.002908780674763587,0.002908780674763587
2023-08-01,U.K.,0.0,-0.002183975005020478,0.002183975005020478
2023-08-01,NASDAQ,0.0,-0.0016857080420438365,0.0016857080420438365
2023-08-01,U.S.,0.0,-0.0013073427815752405,0.0013073427815752405
2023-08-01,France,0.0,-0.0031828345554523424,0.0031828345554523424
2023-08-01,Netherlands,0.0,-0.007396856088616855,0.007396856088616855
2023-08-01,Sweden,0.0,-0.00566256731378219,0.00566256731378219
2023-08-01,Italy,-0.01438298663799592,-0.0031930793465354134,-0.011189907291460507
2023-08-01,ChinaA,0.0,-0.007392128196521724,0.007392128196521724
2023-08-01,Chile,0.0,-0.007732499543948378,0.007732499543948378
2023-08-01,Indonesia,0.0,-0.0010800953245729409,0.0010800953245729409
2023-08-01,Philippines,0.0,-0.007837881885635509,0.007837881885635509
2023-08-01,Poland,-0.03387916984967207,-0.007521308351839397,-0.026357861497832674
2023-08-01,US SmallCap,0.0,-0.004110860710793618,0.004110860710793618
2023-08-01,Malaysia,0.0,-0.0025661613183916993,0.0025661613183916993
2023-08-01,Taiwan,0.0,-0.0039057224858459975,0.0039057224858459975
2023-08-01,Mexico,0.0,-0.003678669211727094,0.003678669211727094
2023-08-01,Korea,-0.02853075860070349,-0.006333940114233996,-0.022196818486469493
2023-08-01,Brazil,-0.03045483897160369,-0.006761093489817726,-0.023693745481785967
2023-08-01,South Africa,0.0,-0.009778596965519224,0.009778596965519224
2023-08-01,Denmark,0.0,0.0035960122026621718,-0.0035960122026621718
2023-08-01,India,0.0,-0.0014241155732073374,0.0014241155732073374
2023-08-01,ChinaH,0.0,-0.0068528272493593965,0.0068528272493593965
2023-08-01,Hong Kong,0.0,-0.007082583744474575,0.007082583744474575
2023-08-01,Thailand,0.0,-0.0024883620102499884,0.0024883620102499884
2023-08-01,Turkey,0.02764026796219588,0.00613624770599729,0.021504020256198592
2023-08-01,Spain,-0.010979039578016447,-0.0024373897719370975,-0.00854164980607935
2023-08-01,Vietnam,0.0,0.0002066132750110904,-0.0002066132750110904
2023-08-01,Saudi Arabia,0.0,-0.0018357738873218705,0.0018357738873218705
2023-09-01,Singapore,0.0,-0.00026468979547359793,0.00026468979547359793
2023-09-01,Australia,0.0,-0.002096822308596385,0.002096822308596385
2023-09-01,Canada,0.0,-0.0022971131142393276,0.0022971131142393276
2023-09-01,Germany,-0.020924909573991003,-0.0046262056889256695,-0.01629870388506533
2023-09-01,Japan,0.0,-0.0022145438218793404,0.0022145438218793404
2023-09-01,Switzerland,0.0,-0.004193148566190061,0.004193148566190061
2023-09-01,U.K.,0.0,-0.0005298355187135413,0.0005298355187135413
2023-09-01,NASDAQ,0.0,-0.00451663940879636,0.00451663940879636
2023-09-01,U.S.,0.0,-0.003735380150784219,0.003735380150784219
2023-09-01,France,0.0,-0.004197272037980694,0.004197272037980694
2023-09-01,Netherlands,0.0,-0.006256591478404457,0.006256591478404457
2023-09-01,Sweden,0.0,-0.00014277583048684188,0.00014277583048684188
2023-09-01,Italy,-0.014502702388901447,-0.003206345244125958,-0.011296357144775488
2023-09-01,ChinaA,0.0,-0.002282797217917489,0.002282797217917489
2023-09-01,Chile,0.0,-0.0045889039813981495,0.0045889039813981495
2023-09-01,Indonesia,0.0,-0.00275938650005457,0.00275938650005457
2023-09-01,Philippines,0.0,0.002211283479060226,-0.002211283479060226
2023-09-01,Poland,-0.03935315360239495,-0.008700433444111737,-0.03065272015828321
2023-09-01,US SmallCap,0.0,-0.004614995719258065,0.004614995719258065
2023-09-01,Malaysia,0.0,-0.0013791497514593243,0.0013791497514593243
2023-09-01,Taiwan,0.0,-0.003122750983580905,0.003122750983580905
2023-09-01,Mexico,0.0,-0.005008506740434404,0.005008506740434404
2023-09-01,Korea,-0.018849219868781568,-0.004167299642582702,-0.014681920226198866
2023-09-01,Brazil,0.000885337206217098,0.00019573570942022072,0.0006896014967968773
2023-09-01,South Africa,0.0,-0.0029243823972643942,0.0029243823972643942
2023-09-01,Denmark,0.0,-0.002242039217550634,0.002242039217550634
2023-09-01,India,0.0,0.001209088044914304,-0.001209088044914304
2023-09-01,ChinaH,0.0,-0.002345211451602328,0.002345211451602328
2023-09-01,Hong Kong,0.0,-0.004210548706394131,0.004210548706394131
2023-09-01,Thailand,0.0,-0.0074427226275942775,0.0074427226275942775
2023-09-01,Turkey,0.012437881996265911,0.002749842251210116,0.009688039745055796
2023-09-01,Spain,-0.010492041774356564,-0.0023196441147495203,-0.008172397659607044
2023-09-01,Vietnam,0.0,-0.006812266004530829,0.006812266004530829
2023-09-01,Saudi Arabia,0.0,-0.0033303494656848577,0.0033303494656848577
2023-10-01,Singapore,0.0,-0.003420637879388915,0.003420637879388915
2023-10-01,Australia,0.0,-0.003651558071419396,0.003651558071419396
2023-10-01,Canada,0.0,-0.004215357619897024,0.004215357619897024
2023-10-01,Germany,-0.015186693025476268,-0.0033540873394365543,-0.011832605686039714
2023-10-01,Japan,-0.01539773604151944,-0.0034006976651341538,-0.011997038376385286
2023-10-01,Switzerland,0.0,-0.003470120507160722,0.003470120507160722
2023-10-01,U.K.,0.0,-0.0030548144570968446,0.0030548144570968446
2023-10-01,NASDAQ,0.0,-0.002077715182247921,0.002077715182247921
2023-10-01,U.S.,0.0,-0.0015853306224171723,0.0015853306224171723
2023-10-01,France,0.0,-0.0028572585775819177,0.0028572585775819177
2023-10-01,Netherlands,0.0,-0.0009500561649141189,0.0009500561649141189
2023-10-01,Sweden,0.0,-0.0046168365439313765,0.0046168365439313765
2023-10-01,Italy,-0.0041985379794832085,-0.0009272764687812295,-0.003271261510701979
2023-10-01,ChinaA,0.0,-0.0032241182030497977,0.0032241182030497977
2023-10-01,Chile,0.0,-0.006840159660769297,0.006840159660769297
2023-10-01,Indonesia,0.0,-0.0063263605706675215,0.0063263605706675215
2023-10-01,Philippines,0.0,-0.0043181297182970264,0.0043181297182970264
2023-10-01,Poland,0.05626046112051196,0.012425516209395677,0.04383494491111628
2023-10-01,US SmallCap,0.0,-0.0051435502181145405,0.0051435502181145405
2023-10-01,Malaysia,0.0,-9.014180034545769e-05,9.014180034545769e-05
2023-10-01,Taiwan,0.0,-0.0012516296766788497,0.0012516296766788497
2023-10-01,Mexico,0.0,-0.004636928944714295,0.004636928944714295
2023-10-01,Korea,-0.022467346846079816,-0.004962070641761908,-0.01750527620431791
2023-10-01,Brazil,0.0,-0.002809056667157752,0.002809056667157752
2023-10-01,South Africa,0.0,-0.0008387058876129991,0.0008387058876129991
2023-10-01,Denmark,0.0,0.00022114056964342248,-0.00022114056964342248
2023-10-01,India,0.0,-0.0021894247659007063,0.0021894247659007063
2023-10-01,ChinaH,0.0,-0.003185886236832183,0.003185886236832183
2023-10-01,Hong Kong,0.0,-0.001571606437401396,0.001571606437401396
2023-10-01,Thailand,0.0,-0.00241482258713288,0.00241482258713288
2023-10-01,Turkey,-0.04432837686113874,-0.009790231972049424,-0.034538144889089316
2023-10-01,Spain,-0.015489906872894909,-0.0034210542376982523,-0.012068852635196657
2023-10-01,Vietnam,0.0,-0.010182023675101329,0.010182023675101329
2023-10-01,Saudi Arabia,0.0,-0.0021706618713759882,0.0021706618713759882
2023-11-01,Singapore,0.0,0.0014205749617114123,-0.0014205749617114123
2023-11-01,Australia,0.0,0.006898262295579199,-0.006898262295579199
2023-11-01,Canada,0.0,0.007566387192920674,-0.007566387192920674
2023-11-01,Germany,0.0,0.009644723180025766,-0.009644723180025766
2023-11-01,Japan,0.0,0.006170915992223462,-0.006170915992223462
2023-11-01,Switzerland,0.0,0.006679238035253521,-0.006679238035253521
2023-11-01,U.K.,0.0,0.00537279612828981,-0.00537279612828981
2023-11-01,NASDAQ,0.0,0.007849965883571593,-0.007849965883571593
2023-11-01,U.S.,0.0,0.006616495835093865,-0.006616495835093865
2023-11-01,France,0.0,0.006887814553429831,-0.006887814553429831
2023-11-01,Netherlands,0.0,0.009590896612075522,-0.009590896612075522
2023-11-01,Sweden,0.0,0.010829533661429478,-0.010829533661429478
2023-11-01,Italy,0.033859646603468366,0.007373164729272081,0.026486481874196284
2023-11-01,ChinaA,0.008249769102319154,0.0017964424520493212,0.0064533266502698325
2023-11-01,Chile,0.0,0.00783473773172233,-0.00783473773172233
2023-11-01,Indonesia,0.0,0.004857064609021034,-0.004857064609021034
2023-11-01,Philippines,0.0,0.005948486647623366,-0.005948486647623366
2023-11-01,Poland,0.03154821549358364,0.006869835130675545,0.024678380362908092
2023-11-01,US SmallCap,0.0,0.00654109324452303,-0.00654109324452303
2023-11-01,Malaysia,0.0,0.002141368163649051,-0.002141368163649051
2023-11-01,Taiwan,0.0,0.009536660904682968,-0.009536660904682968
2023-11-01,Mexico,0.0,0.0113148721236098,-0.0113148721236098
2023-11-01,Korea,0.051204568857132676,0.011150137669668457,0.04005443118746422
2023-11-01,Brazil,0.0,0.01036514429630923,-0.01036514429630923
2023-11-01,South Africa,0.0,0.005664715382894992,-0.005664715382894992
2023-11-01,Denmark,0.0,0.005657668734019321,-0.005657668734019321
2023-11-01,India,0.0,0.004892728364014372,-0.004892728364014372
2023-11-01,ChinaH,0.006268466155214131,0.0013650004710186868,0.004903465684195444
2023-11-01,Hong Kong,0.0,0.0002326080099911706,-0.0002326080099911706
2023-11-01,Thailand,0.0,0.0011453167798865143,-0.0011453167798865143
2023-11-01,Turkey,0.02609180524670942,0.0056816652701971206,0.0204101399765123
2023-11-01,Spain,0.049942450907899706,0.01087530303667756,0.039067147871222146
2023-11-01,Vietnam,0.0,0.007833431291112334,-0.007833431291112334
2023-11-01,Saudi Arabia,0.0,0.003457521872845789,-0.003457521872845789
2023-12-01,Singapore,0.0,0.005857561127547369,-0.005857561127547369
2023-12-01,Australia,0.0,0.00885833020505225,-0.00885833020505225
2023-12-01,Canada,0.0,0.0053811388729107885,-0.0053811388729107885
2023-12-01,Germany,0.0,0.0034730129270229004,-0.0034730129270229004
2023-12-01,Japan,0.015410204519060708,0.003354360814925559,0.01205584370413515
2023-12-01,Switzerland,0.0,0.004490113589422405,-0.004490113589422405
2023-12-01,U.K.,0.017094922798393114,0.0037210758039052053,0.013373846994487909
2023-12-01,NASDAQ,0.0,0.00443089630522798,-0.00443089630522798
2023-12-01,U.S.,0.0,0.0035733767921164606,-0.0035733767921164606
2023-12-01,France,0.0,0.0035878170145060024,-0.0035878170145060024
2023-12-01,Netherlands,0.0,0.005530323044398675,-0.005530323044398675
2023-12-01,Sweden,0.0,0.00955852073031006,-0.00955852073031006
2023-12-01,Italy,0.011262518155336881,0.002451528111189041,0.00881099004414784
2023-12-01,ChinaA,0.0,-0.0020065992889803574,0.0020065992889803574
2023-12-01,Chile,0.0,0.004735426949721624,-0.004735426949721624
2023-12-01,Indonesia,0.0,0.0037425873788042977,-0.0037425873788042977
2023-12-01,Philippines,0.0,0.00354599320525552,-0.00354599320525552
2023-12-01,Poland,0.030976904455476958,0.0067427862066738046,0.024234118248803154
2023-12-01,US SmallCap,0.0,0.009645491543470974,-0.009645491543470974
2023-12-01,Malaysia,0.0,0.001409137637991052,-0.001409137637991052
2023-12-01,Taiwan,0.0,0.0041926328111796494,-0.0041926328111796494
2023-12-01,Mexico,0.0,0.0074876545336870735,-0.0074876545336870735
2023-12-01,Korea,0.027706368094163908,0.006030883973279799,0.02167548412088411
2023-12-01,Brazil,0.026395777767639416,0.005745605940124778,0.02065017182751464
2023-12-01,South Africa,0.0,0.0048971799056298825,-0.0048971799056298825
2023-12-01,Denmark,0.0,0.002947633775790375,-0.002947633775790375
2023-12-01,India,0.0,0.006387153903129437,-0.006387153903129437
2023-12-01,ChinaH,0.0,-0.002055928656335161,0.002055928656335161
2023-12-01,Hong Kong,0.0,0.0041235978545159455,-0.0041235978545159455
2023-12-01,Thailand,0.0,0.00470462096555512,-0.00470462096555512
2023-12-01,Turkey,0.0,-0.005032964863160714,0.005032964863160714
2023-12-01,Spain,0.006271549831650393,0.0013651370413754462,0.004906412790274947
2023-12-01,Vietnam,0.0,0.002775213851990013,-0.002775213851990013
2023-12-01,Saudi Arabia,0.0,0.005911548040298196,-0.005911548040298196
2024-01-01,Singapore,0.0,-0.003739361853269097,0.003739361853269097
2024-01-01,Australia,0.0,-0.0016307973267358378,0.0016307973267358378
2024-01-01,Canada,0.0,-0.0006101057517454819,0.0006101057517454819
2024-01-01,Germany,-0.0036407447925675723,-0.000792123361330973,-0.0028486214312365993
2024-01-01,Japan,0.017601078292391464,0.0038294981094201433,0.01377158018297132
2024-01-01,Switzerland,0.0,-0.00025859316010544935,0.00025859316010544935
2024-01-01,U.K.,0.0,-0.001043780213347165,0.001043780213347165
2024-01-01,NASDAQ,0.0,0.0008670692161724824,-0.0008670692161724824
2024-01-01,U.S.,0.0,0.0013943138613722885,-0.0013943138613722885
2024-01-01,France,0.0,-1.9833039422339892e-05,1.9833039422339892e-05
2024-01-01,Netherlands,0.0,0.005034975438908262,-0.005034975438908262
2024-01-01,Sweden,0.0,-0.0034448945236221712,0.0034448945236221712
2024-01-01,Italy,-8.096444941460302e-05,-1.7615580182805837e-05,-6.334886923179718e-05
2024-01-01,ChinaA,0.0,-0.008821946973467878,0.008821946973467878
2024-01-01,Chile,0.0,-0.009115225338787822,0.009115225338787822
2024-01-01,Indonesia,0.0,-0.0013983572259010475,0.0013983572259010475
2024-01-01,Philippines,0.0,0.0010573625682773278,-0.0010573625682773278
2024-01-01,Poland,-0.013128982758025317,-0.0028564962791058864,-0.010272486478919431
2024-01-01,US SmallCap,0.0,-0.003229534560178838,0.003229534560178838
2024-01-01,Malaysia,0.0,-0.0003648194442580023,0.0003648194442580023
2024-01-01,Taiwan,0.0,-0.0010486041660029435,0.0010486041660029435
2024-01-01,Mexico,0.0,-0.0015402059894556012,0.0015402059894556012
2024-01-01,Korea,-0.03698787698281838,-0.008047518602220957,-0.02894035838059742
2024-01-01,Brazil,-0.022460281077084837,-0.004886723557097193,-0.017573557519987643
2024-01-01,South Africa,0.0,-0.005117963099781239,0.005117963099781239
2024-01-01,Denmark,0.0,0.004163821568079172,-0.004163821568079172
2024-01-01,India,0.0,0.0020640408749779873,-0.0020640408749779873
2024-01-01,ChinaH,0.0,-0.008671515287454037,0.008671515287454037
2024-01-01,Hong Kong,0.0,-0.00805336149248698,0.00805336149248698
2024-01-01,Thailand,0.0,-0.00633329634745026,0.00633329634745026
2024-01-01,Turkey,0.0,0.008566567197197394,-0.008566567197197394
2024-01-01,Spain,-0.005605848486760542,-0.0012196744895467684,-0.0043861739972137735
2024-01-01,Vietnam,0.0,-0.00019036652245349426,0.00019036652245349426
2024-01-01,Saudi Arabia,0.0,-0.0010376933501384863,0.0010376933501384863
2024-02-01,Singapore,0.0,0.0007036483331618764,-0.0007036483331618764
2024-02-01,Australia,0.0,-0.0003180286187911012,0.0003180286187911012
2024-02-01,Canada,0.0,0.0005658095423268259,-0.0005658095423268259
2024-02-01,Germany,0.0,0.0031618947969085064,-0.0031618947969085064
2024-02-01,Japan,0.011059353806179223,0.002416196856759136,0.008643156949420087
2024-02-01,Switzerland,0.0,-0.001789929483906535,0.001789929483906535
2024-02-01,U.K.,0.0025772991232282105,0.000563076482551151,0.0020142226406770596
2024-02-01,NASDAQ,0.0,0.005061488123163164,-0.005061488123163164
2024-02-01,U.S.,0.0,0.004344454540519415,-0.004344454540519415
2024-02-01,France,0.0,0.0021475717839914226,-0.0021475717839914226
2024-02-01,Netherlands,0.0,0.0040521748646286555,-0.0040521748646286555
2024-02-01,Sweden,0.0,0.003948950852557436,-0.003948950852557436
2024-02-01,Italy,0.021630811420326936,0.004725800392943554,0.01690501102738338
2024-02-01,ChinaA,0.0,0.006829434768095467,-0.006829434768095467
2024-02-01,Chile,0.0,0.004544400442713562,-0.004544400442713562
2024-02-01,Indonesia,0.0,0.0025268415569913443,-0.0025268415569913443
2024-02-01,Philippines,0.0,0.0042850861455409105,-0.0042850861455409105
2024-02-01,Poland,0.02315031144050369,0.005057773782794341,0.018092537657709348
2024-02-01,US SmallCap,0.0,0.004597572212266344,-0.004597572212266344
2024-02-01,Malaysia,0.0,0.001940548736431944,-0.001940548736431944
2024-02-01,Taiwan,0.0,0.0044351457184398264,-0.0044351457184398264
2024-02-01,Mexico,0.0,-0.00228773124349524,0.00228773124349524
2024-02-01,Korea,0.02518103628720225,0.005501437226204049,0.0196795990609982
2024-02-01,Brazil,0.0009586595184884282,0.00020944353131914173,0.0007492159871692865
2024-02-01,South Africa,0.0,-0.004415107406069339,0.004415107406069339
2024-02-01,Denmark,0.0,0.002907856216351847,-0.002907856216351847
2024-02-01,India,0.0,0.002233268924585565,-0.002233268924585565
2024-02-01,ChinaH,0.0,0.006991365406424719,-0.006991365406424719
2024-02-01,Hong Kong,0.0,0.003737842139188271,-0.003737842139188271
2024-02-01,Thailand,0.0,0.00045174739924585167,-0.00045174739924585167
2024-02-01,Turkey,0.0,0.002539147019860325,-0.002539147019860325
2024-02-01,Spain,-0.004822952096581334,-0.0010536964365448441,-0.00376925566003649
2024-02-01,Vietnam,0.0,0.005699211322282846,-0.005699211322282846
2024-02-01,Saudi Arabia,0.0,0.005380534567517244,-0.005380534567517244
2024-03-01,Singapore,0.0,0.003358701111229007,-0.003358701111229007
2024-03-01,Australia,0.0,0.0028940219872527705,-0.0028940219872527705
2024-03-01,Canada,0.0,0.0034894487612374893,-0.0034894487612374893
2024-03-01,Germany,0.0,0.0032197247345083636,-0.0032197247345083636
2024-03-01,Japan,0.008686265838595636,0.0019024506426017194,0.006783815195993917
2024-03-01,Switzerland,0.0,0.0006233838934384468,-0.0006233838934384468
2024-03-01,U.K.,0.0,0.004521743543985072,-0.004521743543985072
2024-03-01,NASDAQ,0.0,0.0015547284758333265,-0.0015547284758333265
2024-03-01,U.S.,0.0,0.002704554283600729,-0.002704554283600729
2024-03-01,France,0.0,0.0025491559629703003,-0.0025491559629703003
2024-03-01,Netherlands,0.0,0.003027946341382841,-0.003027946341382841
2024-03-01,Sweden,0.0,-4.550346236539533e-05,4.550346236539533e-05
2024-03-01,Italy,0.02734197150596462,0.005988390434747525,0.021353581071217095
2024-03-01,ChinaA,0.0,0.0007689013743817252,-0.0007689013743817252
2024-03-01,Chile,0.0,0.0017978486899048376,-0.0017978486899048376
2024-03-01,Indonesia,0.0,0.0008576008308696977,-0.0008576008308696977
2024-03-01,Philippines,0.0,-0.0002198993251575791,0.0002198993251575791
2024-03-01,Poland,0.0030649495899271583,0.0006712798600971117,0.0023936697298300464
2024-03-01,US SmallCap,0.0,0.0030083494209668877,-0.0030083494209668877
2024-03-01,Malaysia,0.0,0.0009515259270890883,-0.0009515259270890883
2024-03-01,Taiwan,0.0,0.0064550831864066465,-0.0064550831864066465
2024-03-01,Mexico,0.02071691250992729,0.0045373816838659995,0.01617953082606129
2024-03-01,Korea,0.02210501896009784,0.004841402313351305,0.017263616646746534
2024-03-01,Brazil,-0.006840337018004289,-0.0014981585640278482,-0.005342178453976441
2024-03-01,South Africa,0.0,0.004189644305303786,-0.004189644305303786
2024-03-01,Denmark,0.0,0.004421207518406476,-0.004421207518406476
2024-03-01,India,0.0,0.0006996541234734772,-0.0006996541234734772
2024-03-01,ChinaH,0.0,0.0008599895034492964,-0.0008599895034492964
2024-03-01,Hong Kong,0.0,-0.005425207562502854,0.005425207562502854
2024-03-01,Thailand,0.0,-0.00044405656600593306,0.00044405656600593306
2024-03-01,Turkey,0.0,0.0006009531258081784,-0.0006009531258081784
2024-03-01,Spain,0.04228447926238736,0.009261072161454114,0.033023407100933246
2024-03-01,Vietnam,0.0,0.0020486668734552437,-0.0020486668734552437
2024-03-01,Saudi Arabia,0.0,-0.0018312443468286835,0.0018312443468286835
2024-04-01,Singapore,0.0,0.0033971609663409376,-0.0033971609663409376
2024-04-01,Australia,0.0,-0.0032478916435426703,0.0032478916435426703
2024-04-01,Canada,0.0,-0.002889887804821646,0.002889887804821646
2024-04-01,Germany,0.0,-0.0036185257223340034,0.0036185257223340034
2024-04-01,Japan,-0.019510954744818815,-0.004198035858559424,-0.01531291888625939
2024-04-01,Switzerland,0.0,-0.004527604316631278,0.004527604316631278
2024-04-01,U.K.,0.0,0.001971707952373763,-0.001971707952373763
2024-04-01,NASDAQ,0.0,-0.0037752125988720674,0.0037752125988720674
2024-04-01,U.S.,0.0,-0.0035203041750405586,0.0035203041750405586
2024-04-01,France,0.0,-0.0027972166047883795,0.0027972166047883795
2024-04-01,Netherlands,0.0,-0.0038212049753401016,0.0038212049753401016
2024-04-01,Sweden,0.0,-0.0023952523522556743,0.0023952523522556743
2024-04-01,Italy,-0.015605545369978617,-0.00335773620063074,-0.012247809169347878
2024-04-01,ChinaA,0.0,0.005608682985052084,-0.005608682985052084
2024-04-01,Chile,0.0,-0.0006088445071923451,0.0006088445071923451
2024-04-01,Indonesia,0.0,-0.007319879381665646,0.007319879381665646
2024-04-01,Philippines,0.0,-0.004848755399212188,0.004848755399212188
2024-04-01,Poland,0.00506782297841046,0.0010904080741537337,0.003977414904256726
2024-04-01,US SmallCap,0.0,-0.006066201545117542,0.006066201545117542
2024-04-01,Malaysia,0.0,0.0012332533819566637,-0.0012332533819566637
2024-04-01,Taiwan,0.0,-0.0020243281282057344,0.0020243281282057344
2024-04-01,Mexico,0.0,-0.003197320668883185,0.003197320668883185
2024-04-01,Korea,-0.02422080288061221,-0.005211420986095557,-0.019009381894516654
2024-04-01,Brazil,-0.016148690584830323,-0.0034746009629232112,-0.012674089621907112
2024-04-01,South Africa,0.0,0.0027291820966073676,-0.0027291820966073676
2024-04-01,Denmark,0.0,-0.00042894358796235316,0.00042894358796235316
2024-04-01,India,0.0,0.001929177117728392,-0.001929177117728392
2024-04-01,ChinaH,0.0,0.005543069682796238,-0.005543069682796238
2024-04-01,Hong Kong,0.0,0.00445120479435768,-0.00445120479435768
2024-04-01,Thailand,0.0,-0.0016169004057357802,0.0016169004057357802
2024-04-01,Turkey,0.05746208274940577,0.012363715002392337,0.04509836774701344
2024-04-01,Spain,-0.01236915804744567,-0.002661385344925518,-0.009707772702520153
2024-04-01,Vietnam,0.0,-0.006566812135832762,0.006566812135832762
2024-04-01,Saudi Arabia,0.0,-0.0009414072083184184,0.0009414072083184184
2024-05-01,Singapore,0.0,0.0032616662436528152,-0.0032616662436528152
2024-05-01,Australia,0.0,0.0031475774088428185,-0.0031475774088428185
2024-05-01,Canada,0.0,0.002929354901917519,-0.002929354901917519
2024-05-01,Germany,0.0,0.0024692843630683362,-0.0024692843630683362
2024-05-01,Japan,0.00507574774166823,0.0010859713631735407,0.003989776378494689
2024-05-01,Switzerland,0.0,0.00668420154592684,-0.00668420154592684
2024-05-01,U.K.,0.0,0.003819301667860645,-0.003819301667860645
2024-05-01,NASDAQ,0.0,0.005930732854840025,-0.005930732854840025
2024-05-01,U.S.,0.0,0.0042113055431731656,-0.0042113055431731656
2024-05-01,France,0.0,0.0016549213972908818,-0.0016549213972908818
2024-05-01,Netherlands,0.0,0.004833039982747807,-0.004833039982747807
2024-05-01,Sweden,0.0,0.005632479032706779,-0.005632479032706779
2024-05-01,Italy,0.016177267881004317,0.003461174697264163,0.012716093183740153
2024-05-01,ChinaA,0.0,0.0017966361651584226,-0.0017966361651584226
2024-05-01,Chile,0.0,0.005076058022680306,-0.005076058022680306
2024-05-01,Indonesia,0.0,-0.005266845635366287,0.005266845635366287
2024-05-01,Philippines,0.0,-0.00515473100337366,0.00515473100337366
2024-05-01,Poland,0.014930318481778004,0.0031943861553968005,0.011735932326381204
2024-05-01,US SmallCap,0.0,0.004258877058071747,-0.004258877058071747
2024-05-01,Malaysia,0.0,0.0024612496158914815,-0.0024612496158914815
2024-05-01,Taiwan,0.0,0.0045036075223421,-0.0045036075223421
2024-05-01,Mexico,0.0,-0.0020621776394075804,0.0020621776394075804
2024-05-01,Korea,-0.013469351092562263,-0.002881807826455407,-0.010587543266106857
2024-05-01,Brazil,-0.01988611319427007,-0.004254693210326287,-0.01563141998394378
2024-05-01,South Africa,0.0,-0.00017189188758183615,0.00017189188758183615
2024-05-01,Denmark,0.0,0.004030362188223752,-0.004030362188223752
2024-05-01,India,0.0,0.0007043529446710269,-0.0007043529446710269
2024-05-01,ChinaH,0.0,0.0018393024089728843,-0.0018393024089728843
2024-05-01,Hong Kong,0.0,0.002128997572446753,-0.002128997572446753
2024-05-01,Thailand,0.0,-0.0011536986816327686,0.0011536986816327686
2024-05-01,Turkey,0.025797373424414616,0.0055194249615724104,0.020277948462842206
2024-05-01,Spain,0.022835076213752636,0.004885632640969326,0.01794944357278331
2024-05-01,Vietnam,0.0,0.0034076372277756905,-0.0034076372277756905
2024-05-01,Saudi Arabia,0.0,-0.006391305886118128,0.006391305886118128
2024-06-01,Singapore,0.0,0.0007153618452514593,-0.0007153618452514593
2024-06-01,Australia,0.0,0.0018184688274250956,-0.0018184688274250956
2024-06-01,Canada,0.0,-0.001711895582424968,0.001711895582424968
2024-06-01,Germany,0.0,-0.0015809218926973265,0.0015809218926973265
2024-06-01,Japan,0.0,-0.0006997404022218579,0.0006997404022218579
2024-06-01,Switzerland,0.0,2.4774544209591843e-05,-2.4774544209591843e-05
2024-06-01,U.K.,-0.005360024122847841,-0.0011515161643879564,-0.004208507958459885
2024-06-01,NASDAQ,0.0,0.00524023724951661,-0.00524023724951661
2024-06-01,U.S.,0.0,0.0031164054826577172,-0.0031164054826577172
2024-06-01,France,0.0,-0.006654027593135134,0.006654027593135134
2024-06-01,Netherlands,0.0,0.0026938926398209855,-0.0026938926398209855
2024-06-01,Sweden,0.0,-0.0017059080739476391,0.0017059080739476391
2024-06-01,Italy,-0.020412245056734165,-0.004385247080154755,-0.01602699797657941
2024-06-01,ChinaA,0.0,-0.0022020329106858505,0.0022020329106858505
2024-06-01,Chile,0.0,-0.004713744999189254,0.004713744999189254
2024-06-01,Indonesia,0.0,0.0022094407171047293,-0.0022094407171047293
2024-06-01,Philippines,0.0,0.0011040985834224982,-0.0011040985834224982
2024-06-01,Poland,0.005577383084649917,0.0011982122896764173,0.0043791707949735
2024-06-01,US SmallCap,0.0,-0.0008038653122936331,0.0008038653122936331
2024-06-01,Malaysia,0.0,-0.00012375324283806698,0.00012375324283806698
2024-06-01,Taiwan,0.0,0.010037074502405898,-0.010037074502405898
2024-06-01,Mexico,0.0,-0.009141903278205752,0.009141903278205752
2024-06-01,Korea,0.03483259078021097,0.007483229629498903,0.027349361150712067
2024-06-01,Brazil,-0.014519398769244182,-0.0031192625250903,-0.011400136244153881
2024-06-01,South Africa,0.0,0.008197298280748541,-0.008197298280748541
2024-06-01,Denmark,0.0,0.00268049114744287,-0.00268049114744287
2024-06-01,India,0.0,0.006111380015122245,-0.006111380015122245
2024-06-01,ChinaH,0.0,-0.002276536206318189,0.002276536206318189
2024-06-01,Hong Kong,0.0,-0.005605063387015638,0.005605063387015638
2024-06-01,Thailand,0.0,-0.0018327726299421318,0.0018327726299421318
2024-06-01,Turkey,0.0003269631553322217,7.024284777365947e-05,0.0002567203075585622
2024-06-01,Spain,-0.019479912780600402,-0.004184950278882483,-0.01529496250171792
2024-06-01,Vietnam,0.0,-0.002871942412404404,0.002871942412404404
2024-06-01,Saudi Arabia,0.0,0.001822981535714521,-0.001822981535714521
2024-07-01,Singapore,0.0,0.002599998568379201,-0.002599998568379201
2024-07-01,Australia,0.0,0.0015213694284897474,-0.0015213694284897474
2024-07-01,Canada,0.0,0.0042745639031536425,-0.0042745639031536425
2024-07-01,Germany,0.0,0.001667594412096304,-0.001667594412096304
2024-07-01,Japan,0.02326104975391049,0.005030693600126969,0.01823035615378352
2024-07-01,Switzerland,0.0,0.004178677284771478,-0.004178677284771478
2024-07-01,U.K.,0.0,0.003689990682371684,-0.003689990682371684
2024-07-01,NASDAQ,0.0,-0.0006318732775587323,0.0006318732775587323
2024-07-01,U.S.,0.0,0.0010572102356338113,-0.0010572102356338113
2024-07-01,France,0.0,0.0019957236617599954,-0.0019957236617599954
2024-07-01,Netherlands,0.0,-0.004384176135753017,0.004384176135753017
2024-07-01,Sweden,0.0,0.000522048788125031,-0.000522048788125031
2024-07-01,Italy,0.013699665573970905,0.0029628422042848276,0.010736823369686078
2024-07-01,ChinaA,0.0,-0.0018446416333263698,0.0018446416333263698
2024-07-01,Chile,0.0,-0.0004074867114975997,0.0004074867114975997
2024-07-01,Indonesia,0.0,0.0031130480988388384,-0.0031130480988388384
2024-07-01,Philippines,0.0,0.0035761593985892933,-0.0035761593985892933
2024-07-01,Poland,-0.016825398819378685,-0.0036388480767512456,-0.013186550742627439
2024-07-01,US SmallCap,0.0,0.008824099213412182,-0.008824099213412182
2024-07-01,Malaysia,0.021147125599470233,0.004573512826799721,0.016573612772670512
2024-07-01,Taiwan,0.0,-0.004281740219445342,0.004281740219445342
2024-07-01,Mexico,0.0,0.0007553204838093577,-0.0007553204838093577
2024-07-01,Korea,0.00047366522192955764,0.00010244011451646353,0.00037122510741309414
2024-07-01,Brazil,0.0,0.0011212082326061425,-0.0011212082326061425
2024-07-01,South Africa,0.0,0.004341617034223885,-0.004341617034223885
2024-07-01,Denmark,0.0,-0.0036179010420937783,0.0036179010420937783
2024-07-01,India,0.0,0.0034984968202633323,-0.0034984968202633323
2024-07-01,ChinaH,0.0,-0.0019422331646187854,0.0019422331646187854
2024-07-01,Hong Kong,0.0,0.00038119186320485993,-0.00038119186320485993
2024-07-01,Thailand,0.0,0.005369807195480343,-0.005369807195480343
2024-07-01,Turkey,-0.00634968707995937,-0.0013732540230945688,-0.004976433056864802
2024-07-01,Spain,0.012103532644975722,0.00261764472627771,0.009485887918698012
2024-07-01,Vietnam,0.0,-0.0013304056064921356,0.0013304056064921356
2024-07-01,Saudi Arabia,0.0,0.0035996858049311903,-0.0035996858049311903
2024-08-01,Singapore,0.0,0.004714806309805229,-0.004714806309805229
2024-08-01,Australia,0.0,0.003569135731387739,-0.003569135731387739
2024-08-01,Canada,0.0,0.003605073144994868,-0.003605073144994868
2024-08-01,Germany,0.0,0.004182799404292721,-0.004182799404292721
2024-08-01,Japan,0.0019862116254659966,0.00042927629962163444,0.001556935325844362
2024-08-01,Switzerland,0.0,0.004205627331360772,-0.004205627331360772
2024-08-01,U.K.,0.0,0.003936248194088276,-0.003936248194088276
2024-08-01,NASDAQ,0.0,0.0006491521039954871,-0.0006491521039954871
2024-08-01,U.S.,0.0,0.002141009549870075,-0.002141009549870075
2024-08-01,France,0.0,0.00335214798499834,-0.00335214798499834
2024-08-01,Netherlands,0.0,0.0014032994279609074,-0.0014032994279609074
2024-08-01,Sweden,0.0,0.004043023140550336,-0.004043023140550336
2024-08-01,Italy,0.02001984799321914,0.004326853269474957,0.01569299472374418
2024-08-01,ChinaA,0.0,0.0008275972990448977,-0.0008275972990448977
2024-08-01,Chile,0.0,0.0029769125957596456,-0.0029769125957596456
2024-08-01,Indonesia,0.0,0.008361529680651021,-0.008361529680651021
2024-08-01,Philippines,0.0,0.009032198516147902,-0.009032198516147902
2024-08-01,Poland,0.009286113161051096,0.0020069907176726563,0.007279122443378441
2024-08-01,US SmallCap,0.0,-0.0013198391469353046,0.0013198391469353046
2024-08-01,Malaysia,0.039945379376754984,0.008633322061949281,0.0313120573148057
2024-08-01,Taiwan,0.0,0.0028539251659523575,-0.0028539251659523575
2024-08-01,Mexico,0.0,-0.0046025037592283685,0.0046025037592283685
2024-08-01,Korea,-0.011265829602773407,-0.0024348632250663616,-0.008830966377707045
2024-08-01,Brazil,0.0,0.0060030677827514495,-0.0060030677827514495
2024-08-01,South Africa,0.0,0.0028187591032455606,-0.0028187591032455606
2024-08-01,Denmark,0.0,0.003310086549477507,-0.003310086549477507
2024-08-01,India,0.0,0.0009084121446433311,-0.0009084121446433311
2024-08-01,ChinaH,0.0,0.0004544336075855615,-0.0004544336075855615
2024-08-01,Hong Kong,0.0,0.0051876229610908434,-0.0051876229610908434
2024-08-01,Thailand,0.0,0.00737416189294469,-0.00737416189294469
2024-08-01,Turkey,-0.04101756744246747,-0.008865052115004202,-0.03215251532746327
2024-08-01,Spain,0.020123941035734588,0.004349350709090389,0.0157745903266442
2024-08-01,Vietnam,0.0,0.0020558754244057393,-0.0020558754244057393
2024-08-01,Saudi Arabia,0.0,0.000635016757837195,-0.000635016757837195
2024-09-01,Singapore,0.0,0.0075937216501409215,-0.0075937216501409215
2024-09-01,Australia,0.0,0.0054090420656794395,-0.0054090420656794395
2024-09-01,Canada,0.0,0.0024450458143880148,-0.0024450458143880148
2024-09-01,Germany,0.0,0.0033883038669810335,-0.0033883038669810335
2024-09-01,Japan,-0.005540286306952069,-0.0012171342383066725,-0.004323152068645397
2024-09-01,Switzerland,0.0,-0.0011214262955103681,0.0011214262955103681
2024-09-01,U.K.,0.0,0.00040186539172943833,-0.00040186539172943833
2024-09-01,NASDAQ,0.0,0.0025069364544845697,-0.0025069364544845697
2024-09-01,U.S.,0.0,0.0019419848099458807,-0.0019419848099458807
2024-09-01,France,0.0,0.001163736615282285,-0.001163736615282285
2024-09-01,Netherlands,0.0,-0.0013508335782054749,0.0013508335782054749
2024-09-01,Sweden,0.0,0.002745677344467071,-0.002745677344467071
2024-09-01,Italy,-0.0007138941258365214,-0.0001568339495363844,-0.000557060176300137
2024-09-01,ChinaA,0.0,0.021492178757312633,-0.021492178757312633
2024-09-01,Chile,0.0,0.002157137339976528,-0.002157137339976528
2024-09-01,Indonesia,0.0,0.00127074867414457,-0.00127074867414457
2024-09-01,Philippines,0.0,0.00515069622992979,-0.00515069622992979
2024-09-01,Poland,-0.006025018738636544,-0.0013236241210191418,-0.004701394617617403
2024-09-01,US SmallCap,0.0,0.0006355831206296016,-0.0006355831206296016
2024-09-01,Malaysia,0.0,0.0038927669270721905,-0.0038927669270721905
2024-09-01,Taiwan,0.0,0.0012134848971154548,-0.0012134848971154548
2024-09-01,Mexico,0.0,0.001105436473579629,-0.001105436473579629
2024-09-01,Korea,-0.013749871101316601,-0.003020681236042969,-0.010729189865273632
2024-09-01,Brazil,0.0,-0.0007549011901848416,0.0007549011901848416
2024-09-01,South Africa,0.030075607635300174,0.0066072491136184375,0.023468358521681738
2024-09-01,Denmark,0.0,-0.009095952730951254,0.009095952730951254
2024-09-01,India,0.0,0.0020045417189077566,-0.0020045417189077566
2024-09-01,ChinaH,0.0,0.02092180615721344,-0.02092180615721344
2024-09-01,Hong Kong,0.0,0.015459085024219235,-0.015459085024219235
2024-09-01,Thailand,0.0,0.01069915869753106,-0.01069915869753106
2024-09-01,Turkey,-0.005377166305719983,-0.001181298736772561,-0.004195867568947422
2024-09-01,Spain,0.021233303111577534,0.004664701204523545,0.01656860190705399
2024-09-01,Vietnam,0.0,5.0728742634452624e-05,-5.0728742634452624e-05
2024-09-01,Saudi Arabia,0.0,0.0008502278748096186,-0.0008502278748096186
2024-10-01,Singapore,0.0,-0.002997704952865879,0.002997704952865879
2024-10-01,Australia,0.0,-0.006351045799447798,0.006351045799447798
2024-10-01,Canada,0.0,-0.00215317762839036,0.00215317762839036
2024-10-01,Germany,-0.018833036147703867,-0.0042507674214013694,-0.014582268726302498
2024-10-01,Japan,0.0,-0.0036667849694147405,0.0036667849694147405
2024-10-01,Switzerland,0.0,-0.005164890136535507,0.005164890136535507
2024-10-01,U.K.,0.0,-0.005047215770358805,0.005047215770358805
2024-10-01,NASDAQ,0.0,-0.0004652097764135928,0.0004652097764135928
2024-10-01,U.S.,0.0,-0.0008610907219757731,0.0008610907219757731
2024-10-01,France,0.0,-0.006018040119547143,0.006018040119547143
2024-10-01,Netherlands,0.0,-0.010698993016956057,0.010698993016956057
2024-10-01,Sweden,0.0,-0.008310636808533254,0.008310636808533254
2024-10-01,Italy,-0.008764086018193869,-0.0019781245590100873,-0.006785961459183781
2024-10-01,ChinaA,0.0,-0.005614919593406328,0.005614919593406328
2024-10-01,Chile,-0.022000077090807053,-0.0049655939824298,-0.017034483108377255
2024-10-01,Indonesia,0.0,-0.0044167780802390946,0.0044167780802390946
2024-10-01,Philippines,0.0,-0.005490682443576397,0.005490682443576397
2024-10-01,Poland,-0.03536047389358815,-0.007981142777687703,-0.02737933111590045
2024-10-01,US SmallCap,0.0,-0.0013588360570123243,0.0013588360570123243
2024-10-01,Malaysia,-0.03347076246553819,-0.0075546197406582225,-0.02591614272487997
2024-10-01,Taiwan,0.0,0.003510297979115768,-0.003510297979115768
2024-10-01,Mexico,0.0,-0.004681003320868264,0.004681003320868264
2024-10-01,Korea,-0.02829170644249194,-0.006385665226701023,-0.021906041215790914
2024-10-01,Brazil,0.0,-0.005148243409030187,0.005148243409030187
2024-10-01,South Africa,0.0,-0.0022676654398492697,0.0022676654398492697
2024-10-01,Denmark,0.0,-0.005576950383528175,0.005576950383528175
2024-10-01,India,0.0,-0.007224060146761726,0.007224060146761726
2024-10-01,ChinaH,0.0,-0.005317701454627238,0.005317701454627238
2024-10-01,Hong Kong,0.0,-0.005580516441651203,0.005580516441651203
2024-10-01,Thailand,0.0,-0.003387214581631189,0.003387214581631189
2024-10-01,Turkey,0.0,-0.009005694127141533,0.009005694127141533
2024-10-01,Spain,-0.018555224891219625,-0.004188063190968202,-0.014367161700251423
2024-10-01,Vietnam,0.0,-0.002468286019364025,0.002468286019364025
2024-10-01,Saudi Arabia,0.0,-0.0015125044875516816,0.0015125044875516816
2024-11-01,Singapore,0.031472020182467274,0.007166135466467038,0.024305884716000235
2024-11-01,Australia,0.0,0.003106647300443331,-0.003106647300443331
2024-11-01,Canada,0.0,0.005969110750467586,-0.005969110750467586
2024-11-01,Germany,0.0,-0.00020817532744974278,0.00020817532744974278
2024-11-01,Japan,0.0,0.0005583966878004826,-0.0005583966878004826
2024-11-01,Switzerland,0.0,-0.0019528961422460495,0.0019528961422460495
2024-11-01,U.K.,0.0,0.0017856087837707943,-0.0017856087837707943
2024-11-01,NASDAQ,0.0,0.005638822592775665,-0.005638822592775665
2024-11-01,U.S.,0.0,0.005255358707183542,-0.005255358707183542
2024-11-01,France,0.0,-0.0038053254957474436,0.0038053254957474436
2024-11-01,Netherlands,0.0,-0.0006672415391528286,0.0006672415391528286
2024-11-01,Sweden,0.0,-0.0026660365472055423,0.0026660365472055423
2024-11-01,Italy,-0.02191738216918749,-0.004990557605902427,-0.016926824563285064
2024-11-01,ChinaA,-0.017631335883267655,-0.004014630794646755,-0.0136167050886209
2024-11-01,Chile,0.0,-0.0014236480526227942,0.0014236480526227942
2024-11-01,Indonesia,0.0,-0.007035196761767181,0.007035196761767181
2024-11-01,Philippines,0.0,-0.006973850287975062,0.006973850287975062
2024-11-01,Poland,-0.008223807481679567,-0.0018725495891964326,-0.006351257892483135
2024-11-01,US SmallCap,0.0,0.009817882262065149,-0.009817882262065149
2024-11-01,Malaysia,-0.005717543574918435,-0.0013018767640508566,-0.004415666810867578
2024-11-01,Taiwan,0.0,-0.004012841650148759,0.004012841650148759
2024-11-01,Mexico,0.0,-0.002623079404889956,0.002623079404889956
2024-11-01,Korea,0.0,-0.005326010211206083,0.005326010211206083
2024-11-01,Brazil,0.0,-0.006311516007878851,0.006311516007878851
2024-11-01,South Africa,0.0,-0.003878516624175836,0.003878516624175836
2024-11-01,Denmark,0.0,-0.003072742866967592,0.003072742866967592
2024-11-01,India,0.0,-0.00040270193042967156,0.00040270193042967156
2024-11-01,ChinaH,0.0,-0.003728317701138026,0.003728317701138026
2024-11-01,Hong Kong,0.0,-0.003203590237193733,0.003203590237193733
2024-11-01,Thailand,0.0,-0.003875247803337703,0.003875247803337703
2024-11-01,Turkey,0.028527187602980085,0.006495601161127878,0.022031586441852206
2024-11-01,Spain,-0.01422792667518611,-0.003239679225235883,-0.010988247449950228
2024-11-01,Vietnam,0.0,-0.0017283003313762943,0.0017283003313762943
2024-11-01,Saudi Arabia,0.0,-0.002565268212815936,0.002565268212815936
2024-12-01,Singapore,-0.005713108370507686,-0.0012894888716553769,-0.004423619498852309
2024-12-01,Australia,0.0,-0.007160723336236489,0.007160723336236489
2024-12-01,Canada,0.0,-0.0050272222663354195,0.0050272222663354195
2024-12-01,Germany,0.0,-0.0008960601054257773,0.0008960601054257773
2024-12-01,Japan,0.0,-0.00039465924536586993,0.00039465924536586993
2024-12-01,Switzerland,0.0,-0.0035375268356693454,0.0035375268356693454
2024-12-01,U.K.,0.0,-0.0023322491623638123,0.0023322491623638123
2024-12-01,NASDAQ,0.0,0.0004926284667840621,-0.0004926284667840621
2024-12-01,U.S.,0.0,-0.0021161693717888152,0.0021161693717888152
2024-12-01,France,0.0,3.143756574287313e-05,-3.143756574287313e-05
2024-12-01,Netherlands,0.0,-0.000493480127712432,0.000493480127712432
2024-12-01,Sweden,0.0,-0.0026647666989825813,0.0026647666989825813
2024-12-01,Italy,0.0012345873780401629,0.0002786550826319282,0.0009559322954082346
2024-12-01,ChinaA,0.010396255867202322,0.0023465083065539725,0.00804974756064835
2024-12-01,Chile,0.0,8.359227888267246e-05,-8.359227888267246e-05
2024-12-01,Indonesia,0.0,-0.00383104676590925,0.00383104676590925
2024-12-01,Philippines,0.0,-0.0010207242188179997,0.0010207242188179997
2024-12-01,Poland,0.0,-0.001085122103038219,0.001085122103038219
2024-12-01,US SmallCap,0.0,-0.007312147035539217,0.007312147035539217
2024-12-01,Malaysia,0.01079607508133493,0.002436750324359803,0.008359324756975128
2024-12-01,Taiwan,0.0,0.003659377604738965,-0.003659377604738965
2024-12-01,Mexico,0.0,-0.0025059992994610524,0.0025059992994610524
2024-12-01,Korea,0.0,-0.006736116522562218,0.006736116522562218
2024-12-01,Brazil,0.0,-0.0071689812074402105,0.0071689812074402105
2024-12-01,South Africa,-0.023427851349945846,-0.005287831359632867,-0.018140019990312978
2024-12-01,Denmark,0.0,-0.012125168551207006,0.012125168551207006
2024-12-01,India,0.0,-0.002436340692044236,0.002436340692044236
2024-12-01,ChinaH,0.010616492022138152,0.0023962171607377915,0.00822027486140036
2024-12-01,Hong Kong,0.0,-0.00046952664160319,0.00046952664160319
2024-12-01,Thailand,0.0,-0.002397688497186672,0.002397688497186672
2024-12-01,Turkey,0.0,-6.967184282797716e-05,6.967184282797716e-05
2024-12-01,Spain,-0.008047797354698539,-0.0018164446492547736,-0.006231352705443765
2024-12-01,Vietnam,0.0,-0.00027302233309919427,0.00027302233309919427
2024-12-01,Saudi Arabia,0.0,0.0027414955801438267,-0.0027414955801438267
2025-01-01,Singapore,0.019063690694832672,0.004214820126105939,0.014848870568726732
2025-01-01,Australia,0.0,0.004772634001664457,-0.004772634001664457
2025-01-01,Canada,0.0,0.0024619126561376027,-0.0024619126561376027
2025-01-01,Germany,0.0,0.008095879534549339,-0.008095879534549339
2025-01-01,Japan,0.0,0.0013491423937198209,-0.0013491423937198209
2025-01-01,Switzerland,0.0,0.007051323691231041,-0.007051323691231041
2025-01-01,U.K.,0.0,0.0045919435652776825,-0.0045919435652776825
2025-01-01,NASDAQ,0.0,0.0014401115110260307,-0.0014401115110260307
2025-01-01,U.S.,0.0,0.0024056465012455446,-0.0024056465012455446
2025-01-01,France,0.0,0.006903550537375292,-0.006903550537375292
2025-01-01,Netherlands,0.0,0.004486044657917505,-0.004486044657917505
2025-01-01,Sweden,0.0,0.008456542227629755,-0.008456542227629755
2025-01-01,Italy,0.0,0.006611908354436478,-0.006611908354436478
2025-01-01,ChinaA,0.002633855494635304,0.0005823230834862762,0.002051532411149028
2025-01-01,Chile,0.0,0.007646377778954498,-0.007646377778954498
2025-01-01,Indonesia,0.0,4.8957323239528276e-05,-4.8957323239528276e-05
2025-01-01,Philippines,0.0,-0.008024133131709995,0.008024133131709995
2025-01-01,Poland,0.0,0.012075135588580437,-0.012075135588580437
2025-01-01,US SmallCap,0.0,0.0022694350770934165,-0.0022694350770934165
2025-01-01,Malaysia,-0.018316290013532525,-0.004049576182305329,-0.014266713831227195
2025-01-01,Taiwan,0.0,0.002793412641642383,-0.002793412641642383
2025-01-01,Mexico,0.0,0.0032402091761247753,-0.0032402091761247753
2025-01-01,Korea,0.0,0.005959411598545343,-0.005959411598545343
2025-01-01,Brazil,0.0,0.010772297210237359,-0.010772297210237359
2025-01-01,South Africa,0.0,0.005045386457086961,-0.005045386457086961
2025-01-01,Denmark,0.0,-0.001400517748783795,0.001400517748783795
2025-01-01,India,0.0,-0.0030041035967600465,0.0030041035967600465
2025-01-01,ChinaH,0.003163373044849817,0.0006993949172406598,0.002463978127609157
2025-01-01,Hong Kong,-0.008953775986805104,-0.001979603836315886,-0.006974172150489217
2025-01-01,Thailand,0.0,-0.0019882189911507734,0.0019882189911507734
2025-01-01,Turkey,0.006360281465269257,0.0014062042212414701,0.004954077244027787
2025-01-01,Spain,0.031216146501545795,0.006901624907807053,0.02431452159373874
2025-01-01,Vietnam,0.0,-0.0008281268636340211,0.0008281268636340211
2025-01-01,Saudi Arabia,0.0,0.00218163335730407,-0.00218163335730407
2025-02-01,Singapore,0.010182041781505313,0.0023005742560066817,0.00788146752549863
2025-02-01,Australia,0.0,-0.004040424091333706,0.004040424091333706
2025-02-01,Canada,0.0,0.0003067963786184781,-0.0003067963786184781
2025-02-01,Germany,0.0,0.003339314682262659,-0.003339314682262659
2025-02-01,Japan,0.0,-0.0012339719503887598,0.0012339719503887598
2025-02-01,Switzerland,0.0,0.0031072304135858733,-0.0031072304135858733
2025-02-01,U.K.,0.0,0.0037410499308832765,-0.0037410499308832765
2025-02-01,NASDAQ,0.0,-0.003502153516330831,0.003502153516330831
2025-02-01,U.S.,0.0,-0.0011691316568620952,0.0011691316568620952
2025-02-01,France,0.0,0.0019017706697692378,-0.0019017706697692378
2025-02-01,Netherlands,0.0,-0.0003234442595530752,0.0003234442595530752
2025-02-01,Sweden,0.0,0.004965015883516692,-0.004965015883516692
2025-02-01,Italy,0.0,0.005371993831563106,-0.005371993831563106
2025-02-01,ChinaA,0.04662709462277791,0.010535126040868769,0.03609196858190915
2025-02-01,Chile,0.0,0.0036143700929346916,-0.0036143700929346916
2025-02-01,Indonesia,0.0,-0.014059132434679728,0.014059132434679728
2025-02-01,Philippines,0.0,0.0034340650696881286,-0.0034340650696881286
2025-02-01,Poland,0.0,0.006866782254702963,-0.006866782254702963
2025-02-01,US SmallCap,0.0,-0.004793972659853704,0.004793972659853704
2025-02-01,Malaysia,0.0015342984232442937,0.0003466659761658948,0.001187632447078399
2025-02-01,Taiwan,0.0,-0.003928021038698242,0.003928021038698242
2025-02-01,Mexico,0.0,0.002906543533980855,-0.002906543533980855
2025-02-01,Korea,0.0,-0.00010807179441286163,0.00010807179441286163
2025-02-01,Brazil,0.0,-0.004228546184804521,0.004228546184804521
2025-02-01,South Africa,0.0,-0.00024857056426482745,0.00024857056426482745
2025-02-01,Denmark,0.0,0.00491555252403198,-0.00491555252403198
2025-02-01,India,0.0,-0.007166855417579412,0.007166855417579412
2025-02-01,ChinaH,0.04595179959553487,0.010382546981754458,0.03556925261378041
2025-02-01,Hong Kong,0.02722010056711586,0.0061502264432234145,0.021069874123892444
2025-02-01,Thailand,0.0,-0.008117205756362399,0.008117205756362399
2025-02-01,Turkey,-0.018141095925303486,-0.004098877136539389,-0.014042218788764098
2025-02-01,Spain,0.03804435903733118,0.008595905896451718,0.02944845314087946
2025-02-01,Vietnam,0.0,0.003678552350271502,-0.003678552350271502
2025-02-01,Saudi Arabia,0.0,-0.0013485478977103393,0.0013485478977103393
2025-03-01,Singapore,0.00855505919889622,0.0018498781460171022,0.006705181052879117
2025-03-01,Australia,0.0,-0.002438829575029225,0.002438829575029225
2025-03-01,Canada,0.0,-0.0017083211927694365,0.0017083211927694365
2025-03-01,Germany,0.0,0.0015136820158316812,-0.0015136820158316812
2025-03-01,Japan,0.0,-0.0006743158958685448,0.0006743158958685448
2025-03-01,Switzerland,0.0,-0.0008367957811909254,0.0008367957811909254
2025-03-01,U.K.,0.0,0.0013600810260825014,-0.0013600810260825014
2025-03-01,NASDAQ,0.0,-0.007360081986556304,0.007360081986556304
2025-03-01,U.S.,0.0,-0.005094495452157202,0.005094495452157202
2025-03-01,France,0.0,-0.0001318486609118674,0.0001318486609118674
2025-03-01,Netherlands,0.0,-0.0025867494191563244,0.0025867494191563244
2025-03-01,Sweden,0.0,-0.0029957663741578596,0.0029957663741578596
2025-03-01,Italy,0.0,0.002243800212029957,-0.002243800212029957
2025-03-01,ChinaA,0.008170357099028198,0.0017666932152378319,0.006403663883790367
2025-03-01,Chile,0.0,0.004192664489679687,-0.004192664489679687
2025-03-01,Indonesia,0.0,0.005274471945288995,-0.005274471945288995
2025-03-01,Philippines,0.0,0.005819454347111827,-0.005819454347111827
2025-03-01,Poland,0.0,0.006558762849015036,-0.006558762849015036
2025-03-01,US SmallCap,-0.02847164284144058,-0.0061564822228676805,-0.0223151606185729
2025-03-01,Malaysia,0.0,-0.0015295319141405367,0.0015295319141405367
2025-03-01,Taiwan,0.0,-0.010601068149574155,0.010601068149574155
2025-03-01,Mexico,0.0,0.001256696360258473,-0.001256696360258473
2025-03-01,Korea,0.0,-0.0011138423022361134,0.0011138423022361134
2025-03-01,Brazil,0.0,0.005913941204264455,-0.005913941204264455
2025-03-01,South Africa,0.0,0.0074686850791876435,-0.0074686850791876435
2025-03-01,Denmark,0.0,-0.014563994004202312,0.014563994004202312
2025-03-01,India,0.0,0.008332394878189441,-0.008332394878189441
2025-03-01,ChinaH,0.008126046321953065,0.00175711180425766,0.0063689345176954045
2025-03-01,Hong Kong,-8.260414761522306e-05,-1.786166569875837e-05,-6.47424819164647e-05
2025-03-01,Thailand,0.0,-0.0019278918061504855,0.0019278918061504855
2025-03-01,Turkey,-0.025109893899319467,-0.005429564295610285,-0.019680329603709183
2025-03-01,Spain,0.01390115625323385,0.003005875770040739,0.01089528048319311
2025-03-01,Vietnam,0.0,0.002018283976452933,-0.002018283976452933
2025-03-01,Saudi Arabia,0.0,0.0006239613935686074,-0.0006239613935686074
2025-04-01,Singapore,0.004737166597666527,0.001028162056906455,0.0037090045407600714
2025-04-01,Australia,0.0,0.00591580787117282,-0.00591580787117282
2025-04-01,Canada,0.0,0.003968907061099275,-0.003968907061099275
2025-04-01,Germany,0.0,0.006544572300424995,-0.006544572300424995
2025-04-01,Japan,0.0,0.004712627997949443,-0.004712627997949443
2025-04-01,Switzerland,0.0,0.003685760538087689,-0.003685760538087689
2025-04-01,U.K.,0.0,0.002852642742904788,-0.002852642742904788
2025-04-01,NASDAQ,0.0,0.0007986845641125094,-0.0007986845641125094
2025-04-01,U.S.,0.0,-0.0006123103802470251,0.0006123103802470251
2025-04-01,France,0.0,0.002780634718033452,-0.002780634718033452
2025-04-01,Netherlands,0.0,0.003544725639656402,-0.003544725639656402
2025-04-01,Sweden,0.0,0.002874072104017211,-0.002874072104017211
2025-04-01,Italy,0.0,0.003783906945923674,-0.003783906945923674
2025-04-01,ChinaA,-0.01876944660931985,-0.004073750085618727,-0.014695696523701124
2025-04-01,Chile,0.015054617026162473,0.003267477655352615,0.011787139370809857
2025-04-01,Indonesia,0.0,0.004713773537985594,-0.004713773537985594
2025-04-01,Philippines,0.0,0.005185188242844992,-0.005185188242844992
2025-04-01,Poland,0.01965627338494371,0.004266228357798195,0.015390045027145517
2025-04-01,US SmallCap,0.0,-0.0020869826100516735,0.0020869826100516735
2025-04-01,Malaysia,0.0,0.00380915409337379,-0.00380915409337379
2025-04-01,Taiwan,0.0,0.0022020644924791726,-0.0022020644924791726
2025-04-01,Mexico,0.0,0.011766828913917624,-0.011766828913917624
2025-04-01,Korea,0.0,0.004129363080709846,-0.004129363080709846
2025-04-01,Brazil,0.0,0.0045920451490648285,-0.0045920451490648285
2025-04-01,South Africa,0.0,0.0034386531951413474,-0.0034386531951413474
2025-04-01,Denmark,0.0,0.0009451722279124204,-0.0009451722279124204
2025-04-01,India,0.0,0.004279232586960464,-0.004279232586960464
2025-04-01,ChinaH,-0.01976966818686425,-0.004290839743186785,-0.015478828443677466
2025-04-01,Hong Kong,0.0001115024915066763,2.4200675372947717e-05,8.730181613372859e-05
2025-04-01,Thailand,0.0,0.006826065132599989,-0.006826065132599989
2025-04-01,Turkey,0.0,-0.006142737940605743,0.006142737940605743
2025-04-01,Spain,0.027587570025331014,0.005987649401282872,0.02159992062404814
2025-04-01,Vietnam,0.0,-0.003483444597311103,0.003483444597311103
2025-04-01,Saudi Arabia,0.0,-0.0018577577928781072,0.0018577577928781072
2025-05-01,Singapore,0.02714537426082952,0.00599661180318855,0.021148762457640972
2025-05-01,Australia,0.0,0.00398217418854838,-0.00398217418854838
2025-05-01,Canada,0.0,0.005389008056085487,-0.005389008056085487
2025-05-01,Germany,0.0,0.004020661349857041,-0.004020661349857041
2025-05-01,Japan,0.0,0.003714209563926371,-0.003714209563926371
2025-05-01,Switzerland,0.0,0.0014614902009147733,-0.0014614902009147733
2025-05-01,U.K.,0.0,0.004877867040723093,-0.004877867040723093
2025-05-01,NASDAQ,0.0,0.008955619812244141,-0.008955619812244141
2025-05-01,U.S.,0.0,0.005841720412913458,-0.005841720412913458
2025-05-01,France,0.0,0.0017696211990989028,-0.0017696211990989028
2025-05-01,Netherlands,0.0,0.00785592461443383,-0.00785592461443383
2025-05-01,Sweden,0.0,0.0030104968710699715,-0.0030104968710699715
2025-05-01,Italy,0.0,0.00633562440709405,-0.00633562440709405
2025-05-01,ChinaA,0.010184846094469834,0.0022499070271389315,0.007934939067330903
2025-05-01,Chile,0.008231945577579444,0.001818497013133839,0.006413448564445604
2025-05-01,Indonesia,0.0,0.008359601356818425,-0.008359601356818425
2025-05-01,Philippines,0.0,0.0006376578762737227,-0.0006376578762737227
2025-05-01,Poland,0.016858005052990427,0.003724056670121056,0.013133948382869371
2025-05-01,US SmallCap,0.0,0.004955146256667277,-0.004955146256667277
2025-05-01,Malaysia,0.0,-0.00041441657124478343,0.00041441657124478343
2025-05-01,Taiwan,0.0,0.011622121228546757,-0.011622121228546757
2025-05-01,Mexico,0.0,0.0042116463503334475,-0.0042116463503334475
2025-05-01,Korea,0.0,0.0073575515240891474,-0.0073575515240891474
2025-05-01,Brazil,0.0,4.721206276976221e-05,-4.721206276976221e-05
2025-05-01,South Africa,0.0,0.0048982056655835745,-0.0048982056655835745
2025-05-01,Denmark,0.0,0.005321779400231597,-0.005321779400231597
2025-05-01,India,0.0,0.001280501771101345,-0.001280501771101345
2025-05-01,ChinaH,0.01352391346582526,0.0029875314421982887,0.010536382023626972
2025-05-01,Hong Kong,0.03934852594072125,0.008692377302555173,0.03065614863816608
2025-05-01,Thailand,0.0,-0.003246856348329361,0.003246856348329361
2025-05-01,Turkey,0.0,-0.0005658104437307742,0.0005658104437307742
2025-05-01,Spain,0.02611378651069571,0.0057687265208182315,0.02034505998987748
2025-05-01,Vietnam,0.0,0.010326985404000177,-0.010326985404000177
2025-05-01,Saudi Arabia,0.0,-0.004392584294176945,0.004392584294176945
2025-06-01,Singapore,0.009852398683461992,0.002167993567838261,0.007684405115623731
2025-06-01,Australia,0.0,0.0037867986224568145,-0.0037867986224568145
2025-06-01,Canada,0.0,0.0034022732225866027,-0.0034022732225866027
2025-06-01,Germany,0.0,0.002262536429437183,-0.002262536429437183
2025-06-01,Japan,0.0,0.0015508680342619843,-0.0015508680342619843
2025-06-01,Switzerland,0.0,0.0008610253046190947,-0.0008610253046190947
2025-06-01,U.K.,0.0,0.001596973665118957,-0.001596973665118957
2025-06-01,NASDAQ,0.0,0.0064336616392612215,-0.0064336616392612215
2025-06-01,U.S.,0.0,0.004926632316346932,-0.004926632316346932
2025-06-01,France,0.0,0.0021825715136690902,-0.0021825715136690902
2025-06-01,Netherlands,0.0,0.0038202475691946707,-0.0038202475691946707
2025-06-01,Sweden,0.0,0.002620993605252812,-0.002620993605252812
2025-06-01,Italy,0.0,0.002190467920567609,-0.002190467920567609
2025-06-01,ChinaA,0.014035011342971509,0.0030883661221682676,0.010946645220803242
2025-06-01,Chile,0.023171480390639095,0.005098821318357761,0.018072659072281335
2025-06-01,Indonesia,0.0,-0.003917511454478048,0.003917511454478048
2025-06-01,Philippines,0.0,-0.0008161496114226163,0.0008161496114226163
2025-06-01,Poland,0.029175205924439805,0.006419924813915111,0.022755281110524696
2025-06-01,US SmallCap,0.0,0.005264867404824151,-0.005264867404824151
2025-06-01,Malaysia,0.0,0.0027086447670831883,-0.0027086447670831883
2025-06-01,Taiwan,0.0,0.008485053255211655,-0.008485053255211655
2025-06-01,Mexico,0.0,0.0021552338858630417,-0.0021552338858630417
2025-06-01,Korea,0.0,0.016973916200485883,-0.016973916200485883
2025-06-01,Brazil,0.0,0.007637823319452338,-0.007637823319452338
2025-06-01,South Africa,0.0,0.0042579435723950005,-0.0042579435723950005
2025-06-01,Denmark,0.0,0.0004675612754912699,-0.0004675612754912699
2025-06-01,India,0.0,0.0033684557334850212,-0.0033684557334850212
2025-06-01,ChinaH,0.014112385485275719,0.003105392092007887,0.011006993393267831
2025-06-01,Hong Kong,0.02578110286079018,0.005673061654294485,0.020108041206495696
2025-06-01,Thailand,0.0,-0.0028206793691204273,0.0028206793691204273
2025-06-01,Turkey,0.0,0.010836636633318616,-0.010836636633318616
2025-06-01,Spain,0.010086830008548878,0.002219579544128613,0.007867250464420265
2025-06-01,Vietnam,0.0,0.003663760579902327,-0.003663760579902327
2025-06-01,Saudi Arabia,0.0,0.0017433544404184648,-0.0017433544404184648
2025-07-01,Singapore,0.00823735857622998,0.001806539599386134,0.006430818976843847
2025-07-01,Australia,0.0,-0.00030961646558318103,0.00030961646558318103
2025-07-01,Canada,0.0,0.0003497202216518924,-0.0003497202216518924
2025-07-01,Germany,0.0,-0.0018252983348794572,0.0018252983348794572
2025-07-01,Japan,0.0,-0.001414196429858342,0.001414196429858342
2025-07-01,Switzerland,0.0,-0.0024949753708347375,0.0024949753708347375
2025-07-01,U.K.,0.0,0.0009615220026503168,-0.0009615220026503168
2025-07-01,NASDAQ,0.0,0.0037536361113678822,-0.0037536361113678822
2025-07-01,U.S.,0.0,0.0022559320206153918,-0.0022559320206153918
2025-07-01,France,0.0,-0.0012460141268448844,0.0012460141268448844
2025-07-01,Netherlands,0.0,-0.00618618128171702,0.00618618128171702
2025-07-01,Sweden,0.0,-0.0033829290718392583,0.0033829290718392583
2025-07-01,Italy,0.004823181416215614,0.0010577745454180085,0.0037654068707976057
2025-07-01,ChinaA,0.020827632210650558,0.004567719372878241,0.016259912837772318
2025-07-01,Chile,-0.022534483482560038,-0.004942049855694044,-0.017592433626865994
2025-07-01,Indonesia,0.0,-0.001816882769341035,0.001816882769341035
2025-07-01,Philippines,0.0,-0.004207335246292368,0.004207335246292368
2025-07-01,Poland,0.0,0.00041989932803992194,-0.00041989932803992194
2025-07-01,US SmallCap,0.0,0.0017436748269075008,-0.0017436748269075008
2025-07-01,Malaysia,0.0,-0.0023867350780363422,0.0023867350780363422
2025-07-01,Taiwan,0.0,0.004733511325657445,-0.004733511325657445
2025-07-01,Mexico,0.0,-5.9218371865567684e-05,5.9218371865567684e-05
2025-07-01,Korea,0.0,0.00393845936277599,-0.00393845936277599
2025-07-01,Brazil,0.0,-0.006883807093268938,0.006883807093268938
2025-07-01,South Africa,0.0,-0.00020377282807347086,0.00020377282807347086
2025-07-01,Denmark,0.0,-0.0164659606013877,0.0164659606013877
2025-07-01,India,0.0,-0.00503975621275605,0.00503975621275605
2025-07-01,ChinaH,0.021231084303975228,0.0046562006713796135,0.016574883632595613
2025-07-01,Hong Kong,0.02198498388895217,0.004821538800297748,0.01716344508865442
2025-07-01,Thailand,0.0,0.014051176423538843,-0.014051176423538843
2025-07-01,Turkey,0.0,0.005764403143523252,-0.005764403143523252
2025-07-01,Spain,0.006528872525116602,0.0014318505922520357,0.005097021932864566
2025-07-01,Vietnam,0.0,0.015690189817361984,-0.015690189817361984
2025-07-01,Saudi Arabia,0.0,-0.0011851313817885364,0.0011851313817885364
2025-08-01,Singapore,0.0,0.007208933267107809,-0.007208933267107809
2025-08-01,Australia,0.0,0.004041724462077357,-0.004041724462077357
2025-08-01,Canada,0.0,0.005553526043381476,-0.005553526043381476
2025-08-01,Germany,0.0,0.001241432251128556,-0.001241432251128556
2025-08-01,Japan,0.0,0.00699203042238779,-0.00699203042238779
2025-08-01,Switzerland,0.0,0.004485677389538787,-0.004485677389538787
2025-08-01,U.K.,0.0,0.004659782742277102,-0.004659782742277102
2025-08-01,NASDAQ,0.0,0.0016650144379039902,-0.0016650144379039902
2025-08-01,U.S.,0.0,0.002044825711921824,-0.002044825711921824
2025-08-01,France,0.0,0.0014106840760678139,-0.0014106840760678139
2025-08-01,Netherlands,0.0,0.002790661431119626,-0.002790661431119626
2025-08-01,Sweden,0.0,0.005473975537860799,-0.005473975537860799
2025-08-01,Italy,0.024881929648220374,0.005373623684546909,0.019508305963673464
2025-08-01,ChinaA,0.022865121093794807,0.004938063807620998,0.01792705728617381
2025-08-01,Chile,0.05223862988249754,0.01128171097473326,0.04095691890776428
2025-08-01,Indonesia,0.0,0.0007805653768217108,-0.0007805653768217108
2025-08-01,Philippines,0.0,0.001535334437258208,-0.001535334437258208
2025-08-01,Poland,-0.009022551977241814,-0.0019485546211818765,-0.007073997356059937
2025-08-01,US SmallCap,0.0,0.007205587565684549,-0.007205587565684549
2025-08-01,Malaysia,0.0,0.004722558943140856,-0.004722558943140856
2025-08-01,Taiwan,0.0,-0.0009945271995787724,0.0009945271995787724
2025-08-01,Mexico,0.0,0.0032345869096870967,-0.0032345869096870967
2025-08-01,Korea,0.0,-0.0014854928656948708,0.0014854928656948708
2025-08-01,Brazil,0.0,0.010461749106472394,-0.010461749106472394
2025-08-01,South Africa,0.0,0.007752377666314875,-0.007752377666314875
2025-08-01,Denmark,0.0,0.0069370676534701295,-0.0069370676534701295
2025-08-01,India,0.0,-0.00224049677651403,0.00224049677651403
2025-08-01,ChinaH,0.01932379344362864,0.004173261302159576,0.015150532141469063
2025-08-01,Hong Kong,0.012006399722589631,0.002592961029453742,0.009413438693135889
2025-08-01,Thailand,0.0,0.0003328887493830889,-0.0003328887493830889
2025-08-01,Turkey,0.0,0.0025593507397258194,-0.0025593507397258194
2025-08-01,Spain,0.031310896300984735,0.006762054885859615,0.02454884141512512
2025-08-01,Vietnam,0.0,0.013230415451508368,-0.013230415451508368
2025-08-01,Saudi Arabia,0.0,-0.0010251848989139892,0.0010251848989139892
2025-09-01,Singapore,0.0,-0.00033048700416504843,0.00033048700416504843
2025-09-01,Australia,0.0,-0.0002463116754137911,0.0002463116754137911
2025-09-01,Canada,0.0,0.003950426693901008,-0.003950426693901008
2025-09-01,Germany,0.0,-0.0005438270741341768,0.0005438270741341768
2025-09-01,Japan,0.0,0.0017273585261794488,-0.0017273585261794488
2025-09-01,Switzerland,0.0,-0.0004896279600916952,0.0004896279600916952
2025-09-01,U.K.,0.0,0.0014059715395755151,-0.0014059715395755151
2025-09-01,NASDAQ,0.0,0.005949350137606842,-0.005949350137606842
2025-09-01,U.S.,0.0,0.003815328911122335,-0.003815328911122335
2025-09-01,France,0.0,0.0029686218391672963,-0.0029686218391672963
2025-09-01,Netherlands,0.0,0.013746004489078797,-0.013746004489078797
2025-09-01,Sweden,0.0,0.0019350668476092823,-0.0019350668476092823
2025-09-01,Italy,0.0,0.0015784908514301953,-0.0015784908514301953
2025-09-01,ChinaA,0.04679080337385766,0.010028121951159498,0.03676268142269816
2025-09-01,Chile,-0.003330776802831358,-0.0007138461740870129,-0.002616930628744345
2025-09-01,Indonesia,0.0,-0.0029142735290760926,0.0029142735290760926
2025-09-01,Philippines,0.0,-0.005417596951331332,0.005417596951331332
2025-09-01,Poland,0.010810748860196479,0.0023169405125875453,0.008493808347608933
2025-09-01,US SmallCap,0.0,0.0032607795079676585,-0.0032607795079676585
2025-09-01,Malaysia,0.0,0.004335560693189764,-0.004335560693189764
2025-09-01,Taiwan,0.0,0.009610727316459414,-0.009610727316459414
2025-09-01,Mexico,0.0,0.01033681733717661,-0.01033681733717661
2025-09-01,Korea,0.05103227783382481,0.010937147231136693,0.040095130602688114
2025-09-01,Brazil,0.0,0.0057373668655250325,-0.0057373668655250325
2025-09-01,South Africa,0.0,0.012374846774423194,-0.012374846774423194
2025-09-01,Denmark,0.0,-0.0032380418601443157,0.0032380418601443157
2025-09-01,India,0.0,0.00042399056054245356,-0.00042399056054245356
2025-09-01,ChinaH,0.045956129931797034,0.009849236220143078,0.03610689371165396
2025-09-01,Hong Kong,0.007178925862393468,0.0015385746521855298,0.005640351210207939
2025-09-01,Thailand,0.0,0.0027289634261751083,-0.0027289634261751083
2025-09-01,Turkey,0.0,-0.0001245682839112538,0.0001245682839112538
2025-09-01,Spain,0.0209869432319043,0.0044978844331872055,0.016489058798717093
2025-09-01,Vietnam,0.0,0.00037121630806675066,-0.00037121630806675066
2025-09-01,Saudi Arabia,0.0,0.009318048414950807,-0.009318048414950807
2025-10-01,Singapore,0.0,-0.0003752782104211242,0.0003752782104211242
2025-10-01,Australia,0.0,-0.0011261765135650997,0.0011261765135650997
2025-10-01,Canada,0.0,0.0004102341136792437,-0.0004102341136792437
2025-10-01,Germany,0.0,-0.0022666018343783434,0.0022666018343783434
2025-10-01,Japan,0.0,0.0036763818030788485,-0.0036763818030788485
2025-10-01,Switzerland,0.0,0.0006510473843476079,-0.0006510473843476079
2025-10-01,U.K.,0.0,0.002074223415337883,-0.002074223415337883
2025-10-01,NASDAQ,0.0,0.0051167865219379546,-0.0051167865219379546
2025-10-01,U.S.,0.0,0.0025369808021547696,-0.0025369808021547696
2025-10-01,France,0.0,0.00089570039250288,-0.00089570039250288
2025-10-01,Netherlands,0.0,0.002999730916389391,-0.002999730916389391
2025-10-01,Sweden,0.0,0.0017836878832715368,-0.0017836878832715368
2025-10-01,Italy,-0.0030779138064022426,-0.0006480342408557276,-0.002429879565546515
2025-10-01,ChinaA,-0.019899957632587482,-0.004189803467098668,-0.015710154165488814
2025-10-01,Chile,0.03664678460775344,0.007715736286601285,0.028931048321152154
2025-10-01,Indonesia,0.0,0.004551524791077857,-0.004551524791077857
2025-10-01,Philippines,0.0,0.0004495562359229178,-0.0004495562359229178
2025-10-01,Poland,0.023820752705655496,0.005015300741727175,0.01880545196392832
2025-10-01,US SmallCap,0.0,0.0019602967791814887,-0.0019602967791814887
2025-10-01,Malaysia,0.0,0.0003253586280576779,-0.0003253586280576779
2025-10-01,Taiwan,0.0,0.010662628271526633,-0.010662628271526633
2025-10-01,Mexico,0.0,-0.0008469950594993282,0.0008469950594993282
2025-10-01,Korea,0.0,0.024206457529796176,-0.024206457529796176
2025-10-01,Brazil,0.0,0.0007334216787526295,-0.0007334216787526295
2025-10-01,South Africa,0.0,0.000647107037005698,-0.000647107037005698
2025-10-01,Denmark,0.0,-0.0035540924852930267,0.0035540924852930267
2025-10-01,India,0.0,0.004831195137225946,-0.004831195137225946
2025-10-01,ChinaH,0.0,-0.004290469421829636,0.004290469421829636
2025-10-01,Hong Kong,0.0009685054412317919,0.00020391236657368034,0.0007645930746581116
2025-10-01,Thailand,0.0,0.004945952605415718,-0.004945952605415718
2025-10-01,Turkey,0.0,-0.004144424381391423,0.004144424381391423
2025-10-01,Spain,0.00830979624536445,0.0017495722233447023,0.006560224022019748
2025-10-01,Vietnam,-0.0066891575137341995,-0.0014083575382651983,-0.005280799975469002
2025-10-01,Saudi Arabia,0.0,0.0010292560667329717,-0.0010292560667329717
2025-11-01,Singapore,0.0,0.0001995074290475618,-0.0001995074290475618
2025-11-01,Australia,0.0,-0.0034978706385462824,0.0034978706385462824
2025-11-01,Canada,0.0,0.0046651554617922,-0.0046651554617922
2025-11-01,Germany,0.0,0.00041413384784930055,-0.00041413384784930055
2025-11-01,Japan,0.0,-0.000788332866910325,0.000788332866910325
2025-11-01,Switzerland,0.0,0.004808492422236687,-0.004808492422236687
2025-11-01,U.K.,0.0,0.0021033499528859087,-0.0021033499528859087
2025-11-01,NASDAQ,0.0,-0.0015969506031372005,0.0015969506031372005
2025-11-01,U.S.,0.0,0.00027038084189826825,-0.00027038084189826825
2025-11-01,France,0.0,0.0007109468075909918,-0.0007109468075909918
2025-11-01,Netherlands,0.0,-0.0021201913664264656,0.0021201913664264656
2025-11-01,Sweden,0.0,-0.0004922663546794264,0.0004922663546794264
2025-11-01,Italy,0.0,0.0015892820719516157,-0.0015892820719516157
2025-11-01,ChinaA,-0.013172876111821646,-0.0027923247795525736,-0.010380551332269072
2025-11-01,Chile,0.04614222329754685,0.00978101307593415,0.036361210221612705
2025-11-01,Indonesia,0.0,0.0014948942519962627,-0.0014948942519962627
2025-11-01,Philippines,0.0,0.0021566914252302252,-0.0021566914252302252
2025-11-01,Poland,0.008200998694136584,0.0017384094161612147,0.00646258927797537
2025-11-01,US SmallCap,0.0,0.0010567831751629878,-0.0010567831751629878
2025-11-01,Malaysia,0.0,0.001292885217598751,-0.001292885217598751
2025-11-01,Taiwan,0.0,-0.005523828163640584,0.005523828163640584
2025-11-01,Mexico,0.0,0.0031795475577317284,-0.0031795475577317284
2025-11-01,Korea,-0.038390459238652565,-0.00813783032046358,-0.030252628918188987
2025-11-01,Brazil,0.0,0.00851363011153741,-0.00851363011153741
2025-11-01,South Africa,0.0,0.004621366003405048,-0.004621366003405048
2025-11-01,Denmark,0.0,0.0038249526682265773,-0.0038249526682265773
2025-11-01,India,0.0,0.0011227280286049465,-0.0011227280286049465
2025-11-01,ChinaH,-0.01295664255375488,-0.0027464885994173335,-0.010210153954337546
2025-11-01,Hong Kong,0.013310438105561564,0.002821484528766332,0.010488953576795232
2025-11-01,Thailand,0.0,-0.0021339768824080556,0.0021339768824080556
2025-11-01,Turkey,0.0,-0.003633054653084783,0.003633054653084783
2025-11-01,Spain,0.017295087840381706,0.003666131976895807,0.013628955863485899
2025-11-01,Vietnam,0.0,0.006032215555985211,-0.006032215555985211
2025-11-01,Saudi Arabia,0.0,-0.009231406575974937,0.009231406575974937
2025-12-01,Singapore,0.0,0.0013179182183738047,-0.0013179182183738047
2025-12-01,Australia,0.0,0.004170258647779812,-0.004170258647779812
2025-12-01,Canada,0.0,0.0033760231787809242,-0.0033760231787809242
2025-12-01,Germany,0.0,0.0048594062549971615,-0.0048594062549971615
2025-12-01,Japan,0.0,0.00048310969366152445,-0.00048310969366152445
2025-12-01,Switzerland,0.0,0.005116332283970963,-0.005116332283970963
2025-12-01,U.K.,0.0,0.004354267988844547,-0.004354267988844547
2025-12-01,NASDAQ,0.0,-0.0005183489455653052,0.0005183489455653052
2025-12-01,U.S.,0.0,6.568105522297311e-05,-6.568105522297311e-05
2025-12-01,France,0.0,0.0017609587949268925,-0.0017609587949268925
2025-12-01,Netherlands,0.0,0.0028948255199896405,-0.0028948255199896405
2025-12-01,Sweden,0.0,0.005154679545724778,-0.005154679545724778
2025-12-01,Italy,0.02447426786448067,0.005191154582521779,0.01928311328195889
2025-12-01,ChinaA,-0.00744267493500165,-0.0015786407302964128,-0.005864034204705237
2025-12-01,Chile,0.03988993090535533,0.00846091898488774,0.03142901192046759
2025-12-01,Indonesia,0.0,-0.0007294710726068018,0.0007294710726068018
2025-12-01,Philippines,0.0,0.001217444079331188,-0.001217444079331188
2025-12-01,Poland,0.04128155653651481,0.008756092013652073,0.032525464522862736
2025-12-01,US SmallCap,0.0,-0.0006456842380892293,0.0006456842380892293
2025-12-01,Malaysia,0.0,0.007306716815274975,-0.007306716815274975
2025-12-01,Taiwan,0.0,0.006272932000853543,-0.006272932000853543
2025-12-01,Mexico,0.0,0.00380729216238032,-0.00380729216238032
2025-12-01,Korea,0.06430964340611149,0.01364050201282951,0.05066914139328198
2025-12-01,Brazil,0.0,-0.0012740500169982091,0.0012740500169982091
2025-12-01,South Africa,0.0,0.01001964916775187,-0.01001964916775187
2025-12-01,Denmark,0.0,0.005778220041865582,-0.005778220041865582
2025-12-01,India,0.0,-0.0007123843802730647,0.0007123843802730647
2025-12-01,ChinaH,0.0,-0.0017966744112667985,0.0017966744112667985
2025-12-01,Hong Kong,-0.002570058209482146,-0.0005451263966454941,-0.002024931812836652
2025-12-01,Thailand,0.0,0.0028033777098956138,-0.0028033777098956138
2025-12-01,Turkey,0.0,0.0042490571484978135,-0.0042490571484978135
2025-12-01,Spain,0.03680429164409941,0.007806434426666301,0.028997857217433108
2025-12-01,Vietnam,0.0,0.007126978954046698,-0.007126978954046698
2025-12-01,Saudi Arabia,0.0,-0.00013335968247371136,0.00013335968247371136
2026-01-01,Singapore,0.0,0.004373205217287226,-0.004373205217287226
2026-01-01,Australia,0.0,0.006948922681213694,-0.006948922681213694
2026-01-01,Canada,0.0,0.0013210827104553201,-0.0013210827104553201
2026-01-01,Germany,0.0,0.0019118003106802458,-0.0019118003106802458
2026-01-01,Japan,0.0,0.007538431560984662,-0.007538431560984662
2026-01-01,Switzerland,0.0,0.003025877672895038,-0.003025877672895038
2026-01-01,U.K.,0.0,0.006027413741669447,-0.006027413741669447
2026-01-01,NASDAQ,0.0,0.0011066708757567856,-0.0011066708757567856
2026-01-01,U.S.,0.0,0.0016441521829063013,-0.0016441521829063013
2026-01-01,France,0.0,0.0013674814099359398,-0.0013674814099359398
2026-01-01,Netherlands,0.0,0.016987026353283127,-0.016987026353283127
2026-01-01,Sweden,0.0,0.007177137899564447,-0.007177137899564447
2026-01-01,Italy,0.0,0.0030420270728068366,-0.0030420270728068366
2026-01-01,ChinaA,0.025705669334191075,0.005336290126351448,0.020369379207839627
2026-01-01,Chile,0.07309273964840621,0.015173464647931576,0.05791927500047463
2026-01-01,Indonesia,0.0,-0.005222541191772439,0.005222541191772439
2026-01-01,Philippines,0.0,0.005706772557291442,-0.005706772557291442
2026-01-01,Poland,0.03879134644492249,0.008052771407379202,0.030738575037543292
2026-01-01,US SmallCap,0.0,0.006172791966225555,-0.006172791966225555
2026-01-01,Malaysia,0.0,0.00791810443593736,-0.00791810443593736
2026-01-01,Taiwan,0.0,0.012700469344525346,-0.012700469344525346
2026-01-01,Mexico,0.0,0.011041972775881915,-0.011041972775881915
2026-01-01,Korea,0.15309445424560073,0.03178117690572368,0.12131327733987704
2026-01-01,Brazil,0.09262362578685109,0.0192279194650583,0.07339570632179279
2026-01-01,South Africa,0.0,0.008732596266798886,-0.008732596266798886
2026-01-01,Denmark,0.0,0.0099703819944523,-0.0099703819944523
2026-01-01,India,0.0,-0.005432933746103704,0.005432933746103704
2026-01-01,ChinaH,0.0,0.005597525098607392,-0.005597525098607392
2026-01-01,Hong Kong,0.05700817063237908,0.01183443753640334,0.045173733095975735
2026-01-01,Thailand,0.0,0.007191724301339489,-0.007191724301339489
2026-01-01,Turkey,0.0,0.02704088498677152,-0.02704088498677152
2026-01-01,Spain,0.028604599893444944,0.005938084785701124,0.02266651510774382
2026-01-01,Vietnam,0.0,-0.0036253690434335174,0.0036253690434335174
2026-01-01,Saudi Arabia,0.0,0.01199089306587142,-0.01199089306587142
2026-02-01,Singapore,0.0,0.0011704763160486945,-0.0011704763160486945
2026-02-01,Australia,0.0,0.009958047114048353,-0.009958047114048353
2026-02-01,Canada,0.0,0.007536270462059523,-0.007536270462059523
2026-02-01,Germany,0.0,0.003151933371192196,-0.003151933371192196
2026-02-01,Japan,0.0,0.010465759551980383,-0.010465759551980383
2026-02-01,Switzerland,0.0,0.007159339586232693,-0.007159339586232693
2026-02-01,U.K.,0.0,0.006952522157257098,-0.006952522157257098
2026-02-01,NASDAQ,0.0,-0.004064215451501755,0.004064215451501755
2026-02-01,U.S.,0.0,-0.0009279254396918695,0.0009279254396918695
2026-02-01,France,0.0,0.0062449767562062245,-0.0062449767562062245
2026-02-01,Netherlands,0.0,0.000476213915649709,-0.000476213915649709
2026-02-01,Sweden,0.0,0.005378569780820928,-0.005378569780820928
2026-02-01,Italy,0.017274064916463435,0.0034107797815353586,0.013863285134928077
2026-02-01,ChinaA,-0.03571178862848541,-0.00705132504743648,-0.028660463581048932
2026-02-01,Chile,0.0,-0.0077378500984616495,0.0077378500984616495
2026-02-01,Indonesia,0.0,-0.001736576527755157,0.001736576527755157
2026-02-01,Philippines,0.0,0.008916023518963569,-0.008916023518963569
2026-02-01,Poland,0.007389471899783237,0.001459057927238842,0.0059304139725443955
2026-02-01,US SmallCap,0.0,0.000979728242659081,-0.000979728242659081
2026-02-01,Malaysia,0.0,-0.0004143246563260023,0.0004143246563260023
2026-02-01,Taiwan,0.0,0.015573574756235642,-0.015573574756235642
2026-02-01,Mexico,0.0,0.008762536222540099,-0.008762536222540099
2026-02-01,Korea,0.1395928715768797,0.02756273907290378,0.11203013250397591
2026-02-01,Brazil,0.024382011490148108,0.004814250277854454,0.019567761212293654
2026-02-01,South Africa,0.0,0.01268429971556122,-0.01268429971556122
2026-02-01,Denmark,0.0,-0.0226764585020447,0.0226764585020447
2026-02-01,India,0.0,0.0013140796422366106,-0.0013140796422366106
2026-02-01,ChinaH,0.0,-0.007118594539336339,0.007118594539336339
2026-02-01,Hong Kong,0.016392258711929758,0.0032366663468457973,0.01315559236508396
2026-02-01,Thailand,0.0,0.025554379219885494,-0.025554379219885494
2026-02-01,Turkey,0.0,-0.0010369229720772416,0.0010369229720772416
2026-02-01,Spain,0.005223748903227641,0.001031433957734256,0.004192314945493386
2026-02-01,Vietnam,0.0,0.0063205006708126526,-0.0063205006708126526
2026-02-01,Saudi Arabia,0.0,-0.006795305467293427,0.006795305467293427
2026-03-01,Singapore,0.0,-0.0066197573297029095,0.0066197573297029095
2026-03-01,Australia,0.0,-0.011496385222714418,0.011496385222714418
2026-03-01,Canada,0.0,-0.007039041486938887,0.007039041486938887
2026-03-01,Germany,0.0,-0.015599920116094772,0.015599920116094772
2026-03-01,Japan,0.0,-0.016451680411621077,0.016451680411621077
2026-03-01,Switzerland,0.0,-0.015464553074233483,0.015464553074233483
2026-03-01,U.K.,0.0,-0.008683952444242473,0.008683952444242473
2026-03-01,NASDAQ,0.0,-0.0058785736359966735,0.0058785736359966735
2026-03-01,U.S.,0.0,-0.00626110727824591,0.00626110727824591
2026-03-01,France,0.0,-0.013988727439157238,0.013988727439157238
2026-03-01,Netherlands,0.0,-0.0138331736501123,0.0138331736501123
2026-03-01,Sweden,0.0,-0.017129650440264887,0.017129650440264887
2026-03-01,Italy,0.0,-0.010832029965146955,0.010832029965146955
2026-03-01,ChinaA,0.0,-0.009689543863152872,0.009689543863152872
2026-03-01,Chile,-0.04652730737649534,-0.009087222139454978,-0.03744008523704036
2026-03-01,Indonesia,0.0,-0.018935258311530725,0.018935258311530725
2026-03-01,Philippines,0.0,-0.016830768192005838,0.016830768192005838
2026-03-01,Poland,-0.043590224577620164,-0.008513582155963604,-0.03507664242165656
2026-03-01,US SmallCap,0.0,-0.006290136515429409,0.006290136515429409
2026-03-01,Malaysia,-0.024775407198207554,-0.004838870794386436,-0.019936536403821117
2026-03-01,Taiwan,0.0,-0.016452016307123243,0.016452016307123243
2026-03-01,Mexico,0.0,-0.010463269017987905,0.010463269017987905
2026-03-01,Korea,-0.15814455929646115,-0.030887124605004406,-0.12725743469145676
2026-03-01,Brazil,-0.011835615495679356,-0.0023116073813621847,-0.00952400811431717
2026-03-01,South Africa,0.0,-0.022627540412290332,0.022627540412290332
2026-03-01,Denmark,0.0,-0.005985853728106761,0.005985853728106761
2026-03-01,India,0.0,-0.01817284157813635,0.01817284157813635
2026-03-01,ChinaH,0.0,-0.009352221907987684,0.009352221907987684
2026-03-01,Hong Kong,-0.04391008572392181,-0.008576054055889026,-0.035334031668032784
2026-03-01,Thailand,0.0,-0.011384124848768726,0.011384124848768726
2026-03-01,Turkey,0.0,-0.008909521630235308,0.008909521630235308
2026-03-01,Spain,0.0,-0.01109189370569898,0.01109189370569898
2026-03-01,Vietnam,-0.07254661845933703,-0.014169039099376706,-0.058377579359960324
2026-03-01,Saudi Arabia,0.0,0.00592678893988163,-0.00592678893988163
2026-04-01,Singapore,0.0,0.0032694426035210365,-0.0032694426035210365
2026-04-01,Australia,0.0,0.00726392993836362,-0.00726392993836362
2026-04-01,Canada,0.0,0.008005832885988995,-0.008005832885988995
2026-04-01,Germany,0.0,0.009160799020458021,-0.009160799020458021
2026-04-01,Japan,0.0,0.010441582320980188,-0.010441582320980188
2026-04-01,Switzerland,0.0,0.006813962287063513,-0.006813962287063513
2026-04-01,U.K.,0.0,0.006422024974328171,-0.006422024974328171
2026-04-01,NASDAQ,0.0,0.017496283011027063,-0.017496283011027063
2026-04-01,U.S.,0.0,0.011986458398559986,-0.011986458398559986
2026-04-01,France,0.0,0.006317817466927006,-0.006317817466927006
2026-04-01,Netherlands,0.0,0.012324482320019743,-0.012324482320019743
2026-04-01,Sweden,0.0,0.0065749106193797495,-0.0065749106193797495
2026-04-01,Italy,0.0,0.010643032072208106,-0.010643032072208106
2026-04-01,ChinaA,0.0,0.004056698678057719,-0.004056698678057719
2026-04-01,Chile,0.029513181456747816,0.005753536676582721,0.023759644780165096
2026-04-01,Indonesia,0.0,-0.008496398604727949,0.008496398604727949
2026-04-01,Philippines,0.0,-0.0026132208535701437,0.0026132208535701437
2026-04-01,Poland,0.04398639830214958,0.008575061833746515,0.03541133646840307
2026-04-01,US SmallCap,0.0,0.014033972627196266,-0.014033972627196266
2026-04-01,Malaysia,0.0,0.004875365424594696,-0.004875365424594696
2026-04-01,Taiwan,0.0,0.02995464298851107,-0.02995464298851107
2026-04-01,Mexico,0.0,0.0030088307593160875,-0.0030088307593160875
2026-04-01,Korea,0.21894955085596224,0.04268378429540914,0.1762657665605531
2026-04-01,Brazil,0.023971733193015793,0.004673242236842535,0.019298490956173257
2026-04-01,South Africa,0.0,0.002434486804152464,-0.002434486804152464
2026-04-01,Denmark,0.0,0.01080261643490384,-0.01080261643490384
2026-04-01,India,0.0,0.00985424624244576,-0.00985424624244576
2026-04-01,ChinaH,0.0,0.0037782167605186013,-0.0037782167605186013
2026-04-01,Hong Kong,0.021985827406305832,0.004286093809729767,0.017699733596576065
2026-04-01,Thailand,0.0,0.004693591113620261,-0.004693591113620261
2026-04-01,Turkey,0.06602974760465309,0.012872369424002281,0.05315737818065081
2026-04-01,Spain,0.0,0.007236231665407826,-0.007236231665407826
2026-04-01,Vietnam,0.09985318961761402,0.019466182918322993,0.08038700669929102
2026-04-01,Saudi Arabia,0.0,-0.0006509851528866639,0.0006509851528866639
2026-05-01,Singapore,0.0,0.004741513713367179,-0.004741513713367179
2026-05-01,Australia,0.0,0.0014895567826296646,-0.0014895567826296646
2026-05-01,Canada,0.0,0.0012692204201128984,-0.0012692204201128984
2026-05-01,Germany,0.0,0.0021798834685203307,-0.0021798834685203307
2026-05-01,Japan,0.0,0.006058087907912315,-0.006058087907912315
2026-05-01,Switzerland,0.0,0.004105452448590224,-0.004105452448590224
2026-05-01,U.K.,0.0,0.0004550470859444996,-0.0004550470859444996
2026-05-01,NASDAQ,0.0,0.010370624919234907,-0.010370624919234907
2026-05-01,U.S.,0.0,0.006473898746318111,-0.006473898746318111
2026-05-01,France,0.0,0.0007441041075520057,-0.0007441041075520057
2026-05-01,Netherlands,0.0,0.010997222243637653,-0.010997222243637653
2026-05-01,Sweden,0.0,0.0040805923545914665,-0.0040805923545914665
2026-05-01,Italy,0.0,0.003044214233887037,-0.003044214233887037
2026-05-01,ChinaA,0.0,-0.004128207298510682,0.004128207298510682
2026-05-01,Chile,0.00109395292072865,0.00020448668821727693,0.0008894662325113731
2026-05-01,Indonesia,0.0,-0.015081126345880732,0.015081126345880732
2026-05-01,Philippines,0.0,-0.001360360245663563,0.001360360245663563
2026-05-01,Poland,0.04807038345890053,0.008985536149305062,0.039084847309595466
2026-05-01,US SmallCap,0.0,0.005373134737767042,-0.005373134737767042
2026-05-01,Malaysia,0.0,-0.0021121631196547885,0.0021121631196547885
2026-05-01,Taiwan,0.0,0.02033076137996817,-0.02033076137996817
2026-05-01,Mexico,0.0,0.004513747988589053,-0.004513747988589053
2026-05-01,Korea,0.23037027742260566,0.04306186692427945,0.1873084104983262
2026-05-01,Brazil,-0.05982509263364472,-0.011182780203006806,-0.04864231243063792
2026-05-01,South Africa,0.0,0.003033591002502156,-0.003033591002502156
2026-05-01,Denmark,0.0,0.003590510167156888,-0.003590510167156888
2026-05-01,India,0.0,-0.0005422590087331543,0.0005422590087331543
2026-05-01,ChinaH,0.0,-0.004295065487896623,0.004295065487896623
2026-05-01,Hong Kong,-0.0070387672379485025,-0.0013157185966116902,-0.005723048641336812
2026-05-01,Thailand,0.0,0.006388278197778955,-0.006388278197778955
2026-05-01,Turkey,-0.05545178410172886,-0.010365301350582168,-0.04508648275114669
2026-05-01,Spain,0.0,0.0030511793796345805,-0.0030511793796345805
2026-05-01,Vietnam,-0.0072289734212909774,-0.0013512728071934804,-0.005877700614097497
2026-05-01,Saudi Arabia,0.0,-0.0007812341023201247,0.0007812341023201247
2026-06-01,Singapore,0.0,0.003349838513823603,-0.003349838513823603
2026-06-01,Australia,0.0,-0.003708848035190682,0.003708848035190682
2026-06-01,Canada,0.0,-0.002292914126711644,0.002292914126711644
2026-06-01,Germany,0.0,-0.00411876183494589,0.00411876183494589
2026-06-01,Japan,0.0,-0.0004990137064104315,0.0004990137064104315
2026-06-01,Switzerland,0.0,0.0021506583570157925,-0.0021506583570157925
2026-06-01,U.K.,0.0,-0.000799033113263843,0.000799033113263843
2026-06-01,NASDAQ,0.0,-0.0034638407646227273,0.0034638407646227273
2026-06-01,U.S.,0.0,-0.0012002549120200988,0.0012002549120200988
2026-06-01,France,0.0,0.0009677966193997281,-0.0009677966193997281
2026-06-01,Netherlands,0.0,0.014889988521076536,-0.014889988521076536
2026-06-01,Sweden,0.0,-0.004002443802209733,0.004002443802209733
2026-06-01,Italy,0.0,0.0013599691116291984,-0.0013599691116291984
2026-06-01,ChinaA,0.0,-0.009481934514515225,0.009481934514515225
2026-06-01,Chile,-0.014550450760479361,-0.00269832632312809,-0.011852124437351272
2026-06-01,Indonesia,0.0,-0.011428559366836967,0.011428559366836967
2026-06-01,Philippines,0.0,0.010421088875369314,-0.010421088875369314
2026-06-01,Poland,-0.03651671947065365,-0.006771888170611052,-0.029744831300042598
2026-06-01,US SmallCap,0.0,0.004707340220680673,-0.004707340220680673
2026-06-01,Malaysia,-0.028717401967995066,-0.00532553409771744,-0.023391867870277624
2026-06-01,Taiwan,0.0,0.0012363249239319852,-0.0012363249239319852
2026-06-01,Mexico,0.0,-0.0039011142352539507,0.0039011142352539507
2026-06-01,Korea,0.0,0.00022485232405711358,-0.00022485232405711358
2026-06-01,Brazil,-0.01912196245210494,-0.0035460959583826566,-0.015575866493722283
2026-06-01,South Africa,0.0,-0.00850841735733847,0.00850841735733847
2026-06-01,Denmark,0.0,0.002235329611430376,-0.002235329611430376
2026-06-01,India,0.0,0.0019353557679739545,-0.0019353557679739545
2026-06-01,ChinaH,0.0,-0.009346318261478151,0.009346318261478151
2026-06-01,Hong Kong,-0.05823879563020631,-0.010800165428764054,-0.047438630201442254
2026-06-01,Thailand,0.0,-0.0025244319535702763,0.0025244319535702763
2026-06-01,Turkey,0.009764768414542789,0.0018108395462067804,0.007953928868336008
2026-06-01,Spain,0.0,0.006287731690967629,-0.006287731690967629
2026-06-01,Vietnam,-0.00032989065660213865,-6.117698050161534e-05,-0.0002687136761005233
2026-06-01,Saudi Arabia,0.0,-0.0033980237733911727,0.0033980237733911727
2026-07-01,Singapore,0.0,0.013042758798360376,-0.013042758798360376
2026-07-01,Australia,0.0,0.006041599257038105,-0.006041599257038105
2026-07-01,Canada,0.0,0.003565249023872064,-0.003565249023872064
2026-07-01,Germany,0.0,0.00397404053221153,-0.00397404053221153
2026-07-01,Japan,0.0,0.0012725409757539767,-0.0012725409757539767
2026-07-01,Switzerland,0.0,0.0004043437201320204,-0.0004043437201320204
2026-07-01,U.K.,0.0,0.0068074269725705416,-0.0068074269725705416
2026-07-01,NASDAQ,0.0,-0.003970130796515857,0.003970130796515857
2026-07-01,U.S.,0.0,-8.010351368720737e-05,8.010351368720737e-05
2026-07-01,France,0.0,0.0023267463674172227,-0.0023267463674172227
2026-07-01,Netherlands,0.0,-0.011864008267718332,0.011864008267718332
2026-07-01,Sweden,0.0,0.0055002421577507185,-0.0055002421577507185
2026-07-01,Italy,0.0,0.004124212201900628,-0.004124212201900628
2026-07-01,ChinaA,0.0,0.01078593539629062,-0.01078593539629062
2026-07-01,Chile,-0.0013232268617101115,-0.0002505155768953636,-0.0010727112848147478
2026-07-01,Indonesia,0.0,0.013974750482040024,-0.013974750482040024
2026-07-01,Philippines,0.0,0.007586004604249413,-0.007586004604249413
2026-07-01,Poland,0.06911599152910021,0.013085157951094283,0.05603083357800592
2026-07-01,US SmallCap,0.0,-0.0037610041370241946,0.0037610041370241946
2026-07-01,Malaysia,0.0,0.005190147693152387,-0.005190147693152387
2026-07-01,Taiwan,0.0,-0.007201050786210112,0.007201050786210112
2026-07-01,Mexico,0.0,0.0024647889548103027,-0.0024647889548103027
2026-07-01,Korea,0.0,-0.02228631775027891,0.02228631775027891
2026-07-01,Brazil,0.04215246806611334,0.007980377485307728,0.034172090580805614
2026-07-01,South Africa,-0.0019845895320920633,-0.0003757258909405828,-0.0016088636411514805
2026-07-01,Denmark,0.0,0.0003665461031056325,-0.0003665461031056325
2026-07-01,India,0.0,0.002033551890424519,-0.002033551890424519
2026-07-01,ChinaH,0.0,0.010660250868673319,-0.010660250868673319
2026-07-01,Hong Kong,0.07156259912678432,0.013548353893911147,0.05801424523287318
2026-07-01,Thailand,0.0007015954390072717,0.00013282725074286443,0.0005687681882644072
2026-07-01,Turkey,-0.019250922579687045,-0.003644617650510494,-0.015606304929176551
2026-07-01,Spain,0.0,0.004046804743169104,-0.004046804743169104
2026-07-01,Vietnam,0.0,-0.007560079029771835,0.007560079029771835
2026-07-01,Saudi Arabia,0.0,-0.0005595155452754741,0.0005595155452754741
