============================================================
  ASADO MONTHLY UPDATE
  Started: 2026-08-09 12:51:58
  Python:  /Users/arjundivecha/Dropbox/AAA Backup/A Working/ASADO/venv/bin/python
  Log:     /Users/arjundivecha/Dropbox/AAA Backup/A Working/ASADO/Data/logs/monthly_update_2026_08_09_125158.log
============================================================

Checking Python dependencies ...
  All Python dependencies satisfied.


============================================================
  STAGE 1: DATA COLLECTION
============================================================

────────────────────────────────────────────────────────────
STEP: Program 1: External Sources (7)
CMD:  /Users/arjundivecha/Dropbox/AAA Backup/A Working/ASADO/venv/bin/python /Users/arjundivecha/Dropbox/AAA Backup/A Working/ASADO/scripts/collect_external.py --force
CWD:  /Users/arjundivecha/Dropbox/AAA Backup/A Working/ASADO
────────────────────────────────────────────────────────────
2026-08-09 12:52:06,013 - INFO - ============================================================
2026-08-09 12:52:06,017 - INFO - EXTERNAL DATA COLLECTION — UPDATE
2026-08-09 12:52:06,017 - INFO - ============================================================
2026-08-09 12:52:06,017 - INFO - Project directory: /Users/arjundivecha/Dropbox/AAA Backup/A Working/ASADO
2026-08-09 12:52:06,017 - INFO - --force: bypassing download cache
2026-08-09 12:52:06,018 - INFO -   Cleared cache: oecd_bci.csv
2026-08-09 12:52:06,018 - INFO -   Cleared cache: gpr_export.xls
2026-08-09 12:52:06,019 - INFO -   Cleared cache: epu_all_country.xlsx
2026-08-09 12:52:06,019 - INFO -   Cleared cache: oecd_cci.csv
2026-08-09 12:52:06,020 - INFO -   Cleared cache: ofac_sdn.csv
2026-08-09 12:52:06,021 - INFO -   Cleared cache: undp_hdi_timeseries.csv
2026-08-09 12:52:06,024 - INFO -   Cleared cache: faostat_trade_indicators.csv
2026-08-09 12:52:06,024 - INFO -   Cleared cache: faostat_trade_indicators.zip
2026-08-09 12:52:06,025 - INFO -   Cleared cache: ilostat_EAP_DWAP_SEX_AGE_RT.csv
2026-08-09 12:52:06,026 - INFO -   Cleared cache: ilostat_UNE_DEAP_SEX_AGE_RT.csv
2026-08-09 12:52:06,026 - INFO - Loaded country mapping for 43 countries
2026-08-09 12:52:06,292 - INFO - Loaded existing panel: 137,976 rows, 7 sources
2026-08-09 12:52:06,293 - INFO - [1/7] Economic Policy Uncertainty indices ...
2026-08-09 12:52:06,293 - INFO - [2/7] Geopolitical Risk indices ...
2026-08-09 12:52:06,294 - INFO -   Downloading EPU Excel ...
2026-08-09 12:52:06,295 - INFO - [3/7] BIS Credit-to-GDP Gap ...
2026-08-09 12:52:06,296 - INFO - [4/7] BIS Residential Property Prices ...
2026-08-09 12:52:06,296 - INFO - [5/7] OECD Composite Leading Indicators ...
2026-08-09 12:52:06,296 - INFO - [6/7] World Bank indicators (27) ...
2026-08-09 12:52:06,296 - INFO - [7/7] BIS Real Effective Exchange Rates ...
2026-08-09 12:52:06,298 - INFO -   Downloading GPR Excel ...
2026-08-09 12:52:06,425 - INFO -   Querying 26 indicators for 39 economies
2026-08-09 12:52:06,426 - INFO -   --- WDI indicators (source 2, 20 indicators) ---
2026-08-09 12:52:06,434 - INFO -   Querying BIS SDMX WS_CREDIT_GAP ...
2026-08-09 12:52:06,434 - INFO -   Querying BIS SDMX WS_SPP ...
2026-08-09 12:52:06,435 - INFO -   Trying SDMX API ...
2026-08-09 12:52:06,435 - INFO - Request https://stats.bis.org/api/v1/data/WS_CREDIT_GAP?startPeriod=2000-Q1
2026-08-09 12:52:06,436 - INFO - Request https://stats.bis.org/api/v1/data/WS_EER/M.R.B.AU?startPeriod=2000-01
2026-08-09 12:52:06,436 - INFO - with headers {'User-Agent': 'python-requests/2.33.1', 'Accept-Encoding': 'gzip, deflate, zstd', 'Accept': '*/*', 'Connection': 'keep-alive'}
2026-08-09 12:52:06,436 - INFO - Request https://sdmx.oecd.org/public/rest/data/OECD.SDD.STES,DSD_STES@DF_CLI,4.1/AUS+AUT+BEL+BRA+CAN+CHE+CHL+CHN+DEU+DNK+ESP+FIN+FRA+GBR+GRC+IDN+IND+IRL+ITA+JPN+KOR+MEX+NLD+NOR+NZL+POL+PRT+RUS+SAU+SWE+TUR+USA+ZAF.M.LI........?startPeriod=2000-01
2026-08-09 12:52:06,436 - INFO - with headers {'User-Agent': 'python-requests/2.33.1', 'Accept-Encoding': 'gzip, deflate, zstd', 'Accept': '*/*', 'Connection': 'keep-alive'}
2026-08-09 12:52:06,436 - INFO - Request https://stats.bis.org/api/v1/data/WS_SPP?startPeriod=2000-Q1
2026-08-09 12:52:06,436 - INFO - with headers {'User-Agent': 'python-requests/2.33.1', 'Accept-Encoding': 'gzip, deflate, zstd', 'Accept': '*/*', 'Connection': 'keep-alive'}
2026-08-09 12:52:06,437 - INFO - with headers {'User-Agent': 'python-requests/2.33.1', 'Accept-Encoding': 'gzip, deflate, zstd', 'Accept': '*/*', 'Connection': 'keep-alive'}
2026-08-09 12:52:06,766 - INFO -   Saved epu_all_country.xlsx (0.1 MB)
2026-08-09 12:52:07,067 - INFO -   Matched 21 T2 countries to EPU columns
2026-08-09 12:52:07,103 - WARNING - xml.Reader got no structure=… argument for StructureSpecificData
2026-08-09 12:52:07,142 - INFO - Request https://stats.bis.org/api/v1/data/WS_EER/M.R.B.BR?startPeriod=2000-01
2026-08-09 12:52:07,142 - INFO - with headers {'User-Agent': 'python-requests/2.33.1', 'Accept-Encoding': 'gzip, deflate, zstd', 'Accept': '*/*', 'Connection': 'keep-alive', 'Cookie': 'c7433a849bcd78486014ee1ceaae0775=a12be6487cf92e5a0bfc44e8efd283ac'}
2026-08-09 12:52:07,321 - INFO -       → EPU: 8,498 obs, 21 countries, 1 variable(s), 1985-01 to 2026-07
2026-08-09 12:52:07,348 - INFO -   Saved gpr_export.xls (2.7 MB)
2026-08-09 12:52:07,351 - WARNING - xml.Reader got no structure=… argument for StructureSpecificData
2026-08-09 12:52:07,375 - INFO - Request https://stats.bis.org/api/v1/data/WS_EER/M.R.B.CA?startPeriod=2000-01
2026-08-09 12:52:07,375 - INFO - with headers {'User-Agent': 'python-requests/2.33.1', 'Accept-Encoding': 'gzip, deflate, zstd', 'Accept': '*/*', 'Connection': 'keep-alive', 'Cookie': 'c7433a849bcd78486014ee1ceaae0775=a12be6487cf92e5a0bfc44e8efd283ac'}
2026-08-09 12:52:07,622 - INFO -   Country-specific GPR columns: 23
2026-08-09 12:52:07,623 - INFO -   Global GPR columns: ['GPR', 'GPRT', 'GPRA']
2026-08-09 12:52:07,651 - WARNING - xml.Reader got no structure=… argument for StructureSpecificData
2026-08-09 12:52:07,675 - INFO - Request https://stats.bis.org/api/v1/data/WS_EER/M.R.B.CL?startPeriod=2000-01
2026-08-09 12:52:07,675 - INFO - with headers {'User-Agent': 'python-requests/2.33.1', 'Accept-Encoding': 'gzip, deflate, zstd', 'Accept': '*/*', 'Connection': 'keep-alive', 'Cookie': 'c7433a849bcd78486014ee1ceaae0775=a12be6487cf92e5a0bfc44e8efd283ac'}
2026-08-09 12:52:07,719 - WARNING - xml.Reader got no structure=… argument for StructureSpecificData
2026-08-09 12:52:07,838 - WARNING - xml.Reader got no structure=… argument for StructureSpecificData
2026-08-09 12:52:07,957 - WARNING - xml.Reader got no structure=… argument for StructureSpecificData
2026-08-09 12:52:07,980 - INFO - Request https://stats.bis.org/api/v1/data/WS_EER/M.R.B.CN?startPeriod=2000-01
2026-08-09 12:52:07,981 - INFO - with headers {'User-Agent': 'python-requests/2.33.1', 'Accept-Encoding': 'gzip, deflate, zstd', 'Accept': '*/*', 'Connection': 'keep-alive', 'Cookie': 'c7433a849bcd78486014ee1ceaae0775=a12be6487cf92e5a0bfc44e8efd283ac'}
2026-08-09 12:52:08,311 - WARNING - xml.Reader got no structure=… argument for StructureSpecificData
2026-08-09 12:52:08,343 - INFO - Request https://stats.bis.org/api/v1/data/WS_EER/M.R.B.DK?startPeriod=2000-01
2026-08-09 12:52:08,343 - INFO - with headers {'User-Agent': 'python-requests/2.33.1', 'Accept-Encoding': 'gzip, deflate, zstd', 'Accept': '*/*', 'Connection': 'keep-alive', 'Cookie': 'c7433a849bcd78486014ee1ceaae0775=a12be6487cf92e5a0bfc44e8efd283ac'}
2026-08-09 12:52:08,637 - WARNING - xml.Reader got no structure=… argument for StructureSpecificData
2026-08-09 12:52:08,661 - INFO - Request https://stats.bis.org/api/v1/data/WS_EER/M.R.B.FR?startPeriod=2000-01
2026-08-09 12:52:08,666 - INFO - with headers {'User-Agent': 'python-requests/2.33.1', 'Accept-Encoding': 'gzip, deflate, zstd', 'Accept': '*/*', 'Connection': 'keep-alive', 'Cookie': 'c7433a849bcd78486014ee1ceaae0775=a12be6487cf92e5a0bfc44e8efd283ac'}
2026-08-09 12:52:08,719 - INFO -     WB_GDP_Growth_Real: 1092 obs, 42 countries
2026-08-09 12:52:08,917 - WARNING - xml.Reader got no structure=… argument for StructureSpecificData
2026-08-09 12:52:08,939 - INFO - Request https://stats.bis.org/api/v1/data/WS_EER/M.R.B.DE?startPeriod=2000-01
2026-08-09 12:52:08,939 - INFO - with headers {'User-Agent': 'python-requests/2.33.1', 'Accept-Encoding': 'gzip, deflate, zstd', 'Accept': '*/*', 'Connection': 'keep-alive', 'Cookie': 'c7433a849bcd78486014ee1ceaae0775=a12be6487cf92e5a0bfc44e8efd283ac'}
2026-08-09 12:52:08,980 - INFO -       → GPR: 75,848 obs, 43 countries, 4 variable(s), 1985-01 to 2026-07
2026-08-09 12:52:09,377 - WARNING - xml.Reader got no structure=… argument for StructureSpecificData
2026-08-09 12:52:09,401 - INFO - Request https://stats.bis.org/api/v1/data/WS_EER/M.R.B.HK?startPeriod=2000-01
2026-08-09 12:52:09,401 - INFO - with headers {'User-Agent': 'python-requests/2.33.1', 'Accept-Encoding': 'gzip, deflate, zstd', 'Accept': '*/*', 'Connection': 'keep-alive', 'Cookie': 'c7433a849bcd78486014ee1ceaae0775=a12be6487cf92e5a0bfc44e8efd283ac'}
2026-08-09 12:52:09,539 - INFO -   Received 132 series
2026-08-09 12:52:09,606 - INFO -       → BIS Credit Gap: 4,160 obs, 40 countries, 1 variable(s), 2000-03 to 2025-12
2026-08-09 12:52:09,750 - INFO -     WB_Inflation_CPI: 1089 obs, 42 countries
2026-08-09 12:52:09,897 - INFO -   Received 244 series
2026-08-09 12:52:09,972 - INFO -       → BIS Property: 3,961 obs, 40 countries, 1 variable(s), 2000-03 to 2026-03
2026-08-09 12:52:10,075 - WARNING - xml.Reader got no structure=… argument for StructureSpecificData
2026-08-09 12:52:10,097 - INFO - Request https://stats.bis.org/api/v1/data/WS_EER/M.R.B.IN?startPeriod=2000-01
2026-08-09 12:52:10,101 - INFO - with headers {'User-Agent': 'python-requests/2.33.1', 'Accept-Encoding': 'gzip, deflate, zstd', 'Accept': '*/*', 'Connection': 'keep-alive', 'Cookie': 'c7433a849bcd78486014ee1ceaae0775=a12be6487cf92e5a0bfc44e8efd283ac'}
2026-08-09 12:52:10,299 - WARNING - xml.Reader got no structure=… argument for StructureSpecificData
2026-08-09 12:52:10,322 - INFO - Request https://stats.bis.org/api/v1/data/WS_EER/M.R.B.ID?startPeriod=2000-01
2026-08-09 12:52:10,325 - INFO - with headers {'User-Agent': 'python-requests/2.33.1', 'Accept-Encoding': 'gzip, deflate, zstd', 'Accept': '*/*', 'Connection': 'keep-alive', 'Cookie': 'c7433a849bcd78486014ee1ceaae0775=a12be6487cf92e5a0bfc44e8efd283ac'}
2026-08-09 12:52:10,526 - WARNING - xml.Reader got no structure=… argument for StructureSpecificData
2026-08-09 12:52:10,559 - INFO - Request https://stats.bis.org/api/v1/data/WS_EER/M.R.B.IT?startPeriod=2000-01
2026-08-09 12:52:10,559 - INFO - with headers {'User-Agent': 'python-requests/2.33.1', 'Accept-Encoding': 'gzip, deflate, zstd', 'Accept': '*/*', 'Connection': 'keep-alive', 'Cookie': 'c7433a849bcd78486014ee1ceaae0775=a12be6487cf92e5a0bfc44e8efd283ac'}
2026-08-09 12:52:10,636 - INFO -     WB_Domestic_Credit_GDP: 973 obs, 42 countries
2026-08-09 12:52:10,751 - WARNING - xml.Reader got no structure=… argument for StructureSpecificData
2026-08-09 12:52:10,771 - INFO - Request https://stats.bis.org/api/v1/data/WS_EER/M.R.B.JP?startPeriod=2000-01
2026-08-09 12:52:10,771 - INFO - with headers {'User-Agent': 'python-requests/2.33.1', 'Accept-Encoding': 'gzip, deflate, zstd', 'Accept': '*/*', 'Connection': 'keep-alive', 'Cookie': 'c7433a849bcd78486014ee1ceaae0775=a12be6487cf92e5a0bfc44e8efd283ac'}
2026-08-09 12:52:10,975 - WARNING - xml.Reader got no structure=… argument for StructureSpecificData
2026-08-09 12:52:11,073 - INFO - Request https://stats.bis.org/api/v1/data/WS_EER/M.R.B.KR?startPeriod=2000-01
2026-08-09 12:52:11,074 - INFO - with headers {'User-Agent': 'python-requests/2.33.1', 'Accept-Encoding': 'gzip, deflate, zstd', 'Accept': '*/*', 'Connection': 'keep-alive', 'Cookie': 'c7433a849bcd78486014ee1ceaae0775=a12be6487cf92e5a0bfc44e8efd283ac'}
2026-08-09 12:52:11,407 - WARNING - xml.Reader got no structure=… argument for StructureSpecificData
2026-08-09 12:52:11,527 - INFO - Request https://stats.bis.org/api/v1/data/WS_EER/M.R.B.MY?startPeriod=2000-01
2026-08-09 12:52:11,540 - INFO - with headers {'User-Agent': 'python-requests/2.33.1', 'Accept-Encoding': 'gzip, deflate, zstd', 'Accept': '*/*', 'Connection': 'keep-alive', 'Cookie': 'c7433a849bcd78486014ee1ceaae0775=a12be6487cf92e5a0bfc44e8efd283ac'}
2026-08-09 12:52:11,917 - WARNING - xml.Reader got no structure=… argument for StructureSpecificData
2026-08-09 12:52:12,418 - INFO - Request https://stats.bis.org/api/v1/data/WS_EER/M.R.B.MX?startPeriod=2000-01
2026-08-09 12:52:12,418 - INFO - with headers {'User-Agent': 'python-requests/2.33.1', 'Accept-Encoding': 'gzip, deflate, zstd', 'Accept': '*/*', 'Connection': 'keep-alive', 'Cookie': 'c7433a849bcd78486014ee1ceaae0775=a12be6487cf92e5a0bfc44e8efd283ac'}
2026-08-09 12:52:12,439 - INFO -     WB_Market_Cap_GDP: 926 obs, 42 countries
2026-08-09 12:52:12,637 - WARNING - xml.Reader got no structure=… argument for StructureSpecificData
2026-08-09 12:52:12,668 - INFO - Request https://stats.bis.org/api/v1/data/WS_EER/M.R.B.US?startPeriod=2000-01
2026-08-09 12:52:12,668 - INFO - with headers {'User-Agent': 'python-requests/2.33.1', 'Accept-Encoding': 'gzip, deflate, zstd', 'Accept': '*/*', 'Connection': 'keep-alive', 'Cookie': 'c7433a849bcd78486014ee1ceaae0775=a12be6487cf92e5a0bfc44e8efd283ac'}
2026-08-09 12:52:12,990 - WARNING - xml.Reader got no structure=… argument for StructureSpecificData
2026-08-09 12:52:13,202 - INFO - Request https://stats.bis.org/api/v1/data/WS_EER/M.R.B.NL?startPeriod=2000-01
2026-08-09 12:52:13,207 - INFO - with headers {'User-Agent': 'python-requests/2.33.1', 'Accept-Encoding': 'gzip, deflate, zstd', 'Accept': '*/*', 'Connection': 'keep-alive', 'Cookie': 'c7433a849bcd78486014ee1ceaae0775=a12be6487cf92e5a0bfc44e8efd283ac'}
2026-08-09 12:52:13,424 - WARNING - xml.Reader got no structure=… argument for StructureSpecificData
2026-08-09 12:52:13,452 - INFO - Request https://stats.bis.org/api/v1/data/WS_EER/M.R.B.PH?startPeriod=2000-01
2026-08-09 12:52:13,452 - INFO - with headers {'User-Agent': 'python-requests/2.33.1', 'Accept-Encoding': 'gzip, deflate, zstd', 'Accept': '*/*', 'Connection': 'keep-alive', 'Cookie': 'c7433a849bcd78486014ee1ceaae0775=a12be6487cf92e5a0bfc44e8efd283ac'}
2026-08-09 12:52:13,654 - WARNING - xml.Reader got no structure=… argument for StructureSpecificData
2026-08-09 12:52:13,679 - INFO - Request https://stats.bis.org/api/v1/data/WS_EER/M.R.B.PL?startPeriod=2000-01
2026-08-09 12:52:13,679 - INFO - with headers {'User-Agent': 'python-requests/2.33.1', 'Accept-Encoding': 'gzip, deflate, zstd', 'Accept': '*/*', 'Connection': 'keep-alive', 'Cookie': 'c7433a849bcd78486014ee1ceaae0775=a12be6487cf92e5a0bfc44e8efd283ac'}
2026-08-09 12:52:13,955 - INFO -     WB_Current_Account_GDP: 1071 obs, 42 countries
2026-08-09 12:52:13,956 - INFO -       → OECD CLI (SDMX): 6,360 obs, 20 countries, 1 variable(s), 2000-01 to 2026-06
2026-08-09 12:52:13,962 - WARNING - xml.Reader got no structure=… argument for StructureSpecificData
2026-08-09 12:52:13,980 - INFO - Request https://stats.bis.org/api/v1/data/WS_EER/M.R.B.SA?startPeriod=2000-01
2026-08-09 12:52:13,980 - INFO - with headers {'User-Agent': 'python-requests/2.33.1', 'Accept-Encoding': 'gzip, deflate, zstd', 'Accept': '*/*', 'Connection': 'keep-alive', 'Cookie': 'c7433a849bcd78486014ee1ceaae0775=a12be6487cf92e5a0bfc44e8efd283ac'}
2026-08-09 12:52:14,180 - WARNING - xml.Reader got no structure=… argument for StructureSpecificData
2026-08-09 12:52:14,196 - INFO - Request https://stats.bis.org/api/v1/data/WS_EER/M.R.B.SG?startPeriod=2000-01
2026-08-09 12:52:14,196 - INFO - with headers {'User-Agent': 'python-requests/2.33.1', 'Accept-Encoding': 'gzip, deflate, zstd', 'Accept': '*/*', 'Connection': 'keep-alive', 'Cookie': 'c7433a849bcd78486014ee1ceaae0775=a12be6487cf92e5a0bfc44e8efd283ac'}
2026-08-09 12:52:14,402 - WARNING - xml.Reader got no structure=… argument for StructureSpecificData
2026-08-09 12:52:14,417 - INFO - Request https://stats.bis.org/api/v1/data/WS_EER/M.R.B.ZA?startPeriod=2000-01
2026-08-09 12:52:14,417 - INFO - with headers {'User-Agent': 'python-requests/2.33.1', 'Accept-Encoding': 'gzip, deflate, zstd', 'Accept': '*/*', 'Connection': 'keep-alive', 'Cookie': 'c7433a849bcd78486014ee1ceaae0775=a12be6487cf92e5a0bfc44e8efd283ac'}
2026-08-09 12:52:14,612 - WARNING - xml.Reader got no structure=… argument for StructureSpecificData
2026-08-09 12:52:14,624 - INFO - Request https://stats.bis.org/api/v1/data/WS_EER/M.R.B.ES?startPeriod=2000-01
2026-08-09 12:52:14,624 - INFO - with headers {'User-Agent': 'python-requests/2.33.1', 'Accept-Encoding': 'gzip, deflate, zstd', 'Accept': '*/*', 'Connection': 'keep-alive', 'Cookie': 'c7433a849bcd78486014ee1ceaae0775=a12be6487cf92e5a0bfc44e8efd283ac'}
2026-08-09 12:52:14,824 - WARNING - xml.Reader got no structure=… argument for StructureSpecificData
2026-08-09 12:52:14,838 - INFO - Request https://stats.bis.org/api/v1/data/WS_EER/M.R.B.SE?startPeriod=2000-01
2026-08-09 12:52:14,838 - INFO - with headers {'User-Agent': 'python-requests/2.33.1', 'Accept-Encoding': 'gzip, deflate, zstd', 'Accept': '*/*', 'Connection': 'keep-alive', 'Cookie': 'c7433a849bcd78486014ee1ceaae0775=a12be6487cf92e5a0bfc44e8efd283ac'}
2026-08-09 12:52:15,099 - WARNING - xml.Reader got no structure=… argument for StructureSpecificData
2026-08-09 12:52:15,115 - INFO - Request https://stats.bis.org/api/v1/data/WS_EER/M.R.B.CH?startPeriod=2000-01
2026-08-09 12:52:15,115 - INFO - with headers {'User-Agent': 'python-requests/2.33.1', 'Accept-Encoding': 'gzip, deflate, zstd', 'Accept': '*/*', 'Connection': 'keep-alive', 'Cookie': 'c7433a849bcd78486014ee1ceaae0775=a12be6487cf92e5a0bfc44e8efd283ac'}
2026-08-09 12:52:15,312 - WARNING - xml.Reader got no structure=… argument for StructureSpecificData
2026-08-09 12:52:15,324 - INFO - Request https://stats.bis.org/api/v1/data/WS_EER/M.R.B.TW?startPeriod=2000-01
2026-08-09 12:52:15,324 - INFO - with headers {'User-Agent': 'python-requests/2.33.1', 'Accept-Encoding': 'gzip, deflate, zstd', 'Accept': '*/*', 'Connection': 'keep-alive', 'Cookie': 'c7433a849bcd78486014ee1ceaae0775=a12be6487cf92e5a0bfc44e8efd283ac'}
2026-08-09 12:52:15,423 - INFO -     WB_FDI_Inflows_GDP: 1083 obs, 42 countries
2026-08-09 12:52:15,524 - WARNING - xml.Reader got no structure=… argument for StructureSpecificData
2026-08-09 12:52:15,539 - INFO - Request https://stats.bis.org/api/v1/data/WS_EER/M.R.B.TH?startPeriod=2000-01
2026-08-09 12:52:15,539 - INFO - with headers {'User-Agent': 'python-requests/2.33.1', 'Accept-Encoding': 'gzip, deflate, zstd', 'Accept': '*/*', 'Connection': 'keep-alive', 'Cookie': 'c7433a849bcd78486014ee1ceaae0775=a12be6487cf92e5a0bfc44e8efd283ac'}
2026-08-09 12:52:15,762 - WARNING - xml.Reader got no structure=… argument for StructureSpecificData
2026-08-09 12:52:15,775 - INFO - Request https://stats.bis.org/api/v1/data/WS_EER/M.R.B.TR?startPeriod=2000-01
2026-08-09 12:52:15,779 - INFO - with headers {'User-Agent': 'python-requests/2.33.1', 'Accept-Encoding': 'gzip, deflate, zstd', 'Accept': '*/*', 'Connection': 'keep-alive', 'Cookie': 'c7433a849bcd78486014ee1ceaae0775=a12be6487cf92e5a0bfc44e8efd283ac'}
2026-08-09 12:52:15,988 - WARNING - xml.Reader got no structure=… argument for StructureSpecificData
2026-08-09 12:52:16,004 - INFO - Request https://stats.bis.org/api/v1/data/WS_EER/M.R.B.GB?startPeriod=2000-01
2026-08-09 12:52:16,004 - INFO - with headers {'User-Agent': 'python-requests/2.33.1', 'Accept-Encoding': 'gzip, deflate, zstd', 'Accept': '*/*', 'Connection': 'keep-alive', 'Cookie': 'c7433a849bcd78486014ee1ceaae0775=a12be6487cf92e5a0bfc44e8efd283ac'}
2026-08-09 12:52:16,196 - WARNING - xml.Reader got no structure=… argument for StructureSpecificData
2026-08-09 12:52:16,212 - INFO - Request https://stats.bis.org/api/v1/data/WS_EER/M.R.B.VN?startPeriod=2000-01
2026-08-09 12:52:16,212 - INFO - with headers {'User-Agent': 'python-requests/2.33.1', 'Accept-Encoding': 'gzip, deflate, zstd', 'Accept': '*/*', 'Connection': 'keep-alive', 'Cookie': 'c7433a849bcd78486014ee1ceaae0775=a12be6487cf92e5a0bfc44e8efd283ac'}
2026-08-09 12:52:16,301 - INFO -     WB_Govt_Debt_GDP: 418 obs, 22 countries
2026-08-09 12:52:16,569 - INFO - Request https://stats.bis.org/api/v1/data/WS_EER/M.R.B.AT?startPeriod=2000-01
2026-08-09 12:52:16,569 - INFO - with headers {'User-Agent': 'python-requests/2.33.1', 'Accept-Encoding': 'gzip, deflate, zstd', 'Accept': '*/*', 'Connection': 'keep-alive', 'Cookie': 'c7433a849bcd78486014ee1ceaae0775=a12be6487cf92e5a0bfc44e8efd283ac'}
2026-08-09 12:52:16,853 - WARNING - xml.Reader got no structure=… argument for StructureSpecificData
2026-08-09 12:52:16,868 - INFO - Request https://stats.bis.org/api/v1/data/WS_EER/M.R.B.BE?startPeriod=2000-01
2026-08-09 12:52:16,868 - INFO - with headers {'User-Agent': 'python-requests/2.33.1', 'Accept-Encoding': 'gzip, deflate, zstd', 'Accept': '*/*', 'Connection': 'keep-alive', 'Cookie': 'c7433a849bcd78486014ee1ceaae0775=a12be6487cf92e5a0bfc44e8efd283ac'}
2026-08-09 12:52:17,380 - WARNING - xml.Reader got no structure=… argument for StructureSpecificData
2026-08-09 12:52:17,392 - INFO - Request https://stats.bis.org/api/v1/data/WS_EER/M.R.B.FI?startPeriod=2000-01
2026-08-09 12:52:17,392 - INFO - with headers {'User-Agent': 'python-requests/2.33.1', 'Accept-Encoding': 'gzip, deflate, zstd', 'Accept': '*/*', 'Connection': 'keep-alive', 'Cookie': 'c7433a849bcd78486014ee1ceaae0775=a12be6487cf92e5a0bfc44e8efd283ac'}
2026-08-09 12:52:17,424 - INFO -     WB_Unemployment: 1092 obs, 42 countries
2026-08-09 12:52:17,591 - WARNING - xml.Reader got no structure=… argument for StructureSpecificData
2026-08-09 12:52:17,605 - INFO - Request https://stats.bis.org/api/v1/data/WS_EER/M.R.B.GR?startPeriod=2000-01
2026-08-09 12:52:17,605 - INFO - with headers {'User-Agent': 'python-requests/2.33.1', 'Accept-Encoding': 'gzip, deflate, zstd', 'Accept': '*/*', 'Connection': 'keep-alive', 'Cookie': 'c7433a849bcd78486014ee1ceaae0775=a12be6487cf92e5a0bfc44e8efd283ac'}
2026-08-09 12:52:17,891 - WARNING - xml.Reader got no structure=… argument for StructureSpecificData
2026-08-09 12:52:17,937 - INFO - Request https://stats.bis.org/api/v1/data/WS_EER/M.R.B.IE?startPeriod=2000-01
2026-08-09 12:52:17,937 - INFO - with headers {'User-Agent': 'python-requests/2.33.1', 'Accept-Encoding': 'gzip, deflate, zstd', 'Accept': '*/*', 'Connection': 'keep-alive', 'Cookie': 'c7433a849bcd78486014ee1ceaae0775=a12be6487cf92e5a0bfc44e8efd283ac'}
2026-08-09 12:52:18,129 - WARNING - xml.Reader got no structure=… argument for StructureSpecificData
2026-08-09 12:52:18,141 - INFO - Request https://stats.bis.org/api/v1/data/WS_EER/M.R.B.NZ?startPeriod=2000-01
2026-08-09 12:52:18,141 - INFO - with headers {'User-Agent': 'python-requests/2.33.1', 'Accept-Encoding': 'gzip, deflate, zstd', 'Accept': '*/*', 'Connection': 'keep-alive', 'Cookie': 'c7433a849bcd78486014ee1ceaae0775=a12be6487cf92e5a0bfc44e8efd283ac'}
2026-08-09 12:52:18,221 - INFO -     WB_Population: 1092 obs, 42 countries
2026-08-09 12:52:18,334 - WARNING - xml.Reader got no structure=… argument for StructureSpecificData
2026-08-09 12:52:18,349 - INFO - Request https://stats.bis.org/api/v1/data/WS_EER/M.R.B.NO?startPeriod=2000-01
2026-08-09 12:52:18,349 - INFO - with headers {'User-Agent': 'python-requests/2.33.1', 'Accept-Encoding': 'gzip, deflate, zstd', 'Accept': '*/*', 'Connection': 'keep-alive', 'Cookie': 'c7433a849bcd78486014ee1ceaae0775=a12be6487cf92e5a0bfc44e8efd283ac'}
2026-08-09 12:52:18,558 - WARNING - xml.Reader got no structure=… argument for StructureSpecificData
2026-08-09 12:52:18,573 - INFO - Request https://stats.bis.org/api/v1/data/WS_EER/M.R.B.PT?startPeriod=2000-01
2026-08-09 12:52:18,573 - INFO - with headers {'User-Agent': 'python-requests/2.33.1', 'Accept-Encoding': 'gzip, deflate, zstd', 'Accept': '*/*', 'Connection': 'keep-alive', 'Cookie': 'c7433a849bcd78486014ee1ceaae0775=a12be6487cf92e5a0bfc44e8efd283ac'}
2026-08-09 12:52:18,858 - WARNING - xml.Reader got no structure=… argument for StructureSpecificData
2026-08-09 12:52:18,874 - INFO - Request https://stats.bis.org/api/v1/data/WS_EER/M.R.B.RU?startPeriod=2000-01
2026-08-09 12:52:18,874 - INFO - with headers {'User-Agent': 'python-requests/2.33.1', 'Accept-Encoding': 'gzip, deflate, zstd', 'Accept': '*/*', 'Connection': 'keep-alive', 'Cookie': 'c7433a849bcd78486014ee1ceaae0775=a12be6487cf92e5a0bfc44e8efd283ac'}
2026-08-09 12:52:19,085 - WARNING - xml.Reader got no structure=… argument for StructureSpecificData
2026-08-09 12:52:19,102 - INFO -   BIS REER: no data for 1 codes: ['VN']
2026-08-09 12:52:19,115 - INFO -       → BIS REER: 13,356 obs, 42 countries, 1 variable(s), 2000-01 to 2026-06
2026-08-09 12:52:19,269 - INFO -     WB_Population_Growth: 1092 obs, 42 countries
2026-08-09 12:52:20,190 - INFO -     WB_OldAge_Dependency: 1092 obs, 42 countries
2026-08-09 12:52:21,251 - INFO -     WB_Labor_Force: 1092 obs, 42 countries
2026-08-09 12:52:22,436 - INFO -     WB_Female_LFP: 1092 obs, 42 countries
2026-08-09 12:52:23,431 - INFO -     WB_Female_Labor_Share: 1092 obs, 42 countries
2026-08-09 12:52:24,419 - INFO -     WB_FX_Reserves: 1088 obs, 42 countries
2026-08-09 12:52:25,481 - INFO -     WB_Import_Cover_Months: 1068 obs, 42 countries
2026-08-09 12:52:26,501 - INFO -     WB_External_Debt_GNI: 298 obs, 12 countries
2026-08-09 12:52:27,589 - INFO -     WB_CO2_Per_Capita: 1050 obs, 42 countries
2026-08-09 12:52:28,456 - INFO -     WB_Renewable_Energy_Share: 924 obs, 42 countries
2026-08-09 12:52:29,253 - INFO -     WB_Trade_Openness: 1087 obs, 42 countries
2026-08-09 12:52:29,254 - INFO -   --- WGI indicators (source 3, 6 indicators) ---
2026-08-09 12:52:29,834 - INFO -     WB_Control_Corruption: 1008 obs, 42 countries
2026-08-09 12:52:30,270 - INFO -     WB_Govt_Effectiveness: 1008 obs, 42 countries
2026-08-09 12:52:30,719 - INFO -     WB_Political_Stability: 1008 obs, 42 countries
2026-08-09 12:52:31,497 - INFO -     WB_Regulatory_Quality: 1008 obs, 42 countries
2026-08-09 12:52:31,922 - INFO -     WB_Rule_of_Law: 1008 obs, 42 countries
2026-08-09 12:52:32,351 - INFO -     WB_Voice_Accountability: 1008 obs, 42 countries
2026-08-09 12:52:32,351 - INFO -   World Bank: 26/26 indicators succeeded, 0 failed
2026-08-09 12:52:32,352 - INFO -       → World Bank: 25,859 obs, 42 countries, 26 variable(s), 2000-12 to 2025-12
2026-08-09 12:52:32,353 - INFO - 
------------------------------------------------------------
2026-08-09 12:52:32,353 - INFO - MERGING fresh data with existing panel ...
2026-08-09 12:52:32,363 - INFO -   EPU: replaced 8,691 old rows with 8,498 fresh rows
2026-08-09 12:52:32,369 - INFO -   GPR: replaced 75,696 old rows with 75,848 fresh rows
2026-08-09 12:52:32,374 - INFO -   BIS Credit Gap: replaced 4,160 old rows with 4,160 fresh rows
2026-08-09 12:52:32,381 - INFO -   BIS Property Prices: replaced 3,949 old rows with 3,961 fresh rows
2026-08-09 12:52:32,386 - INFO -   OECD CLI: replaced 6,340 old rows with 6,360 fresh rows
2026-08-09 12:52:32,390 - INFO -   BIS REER: replaced 13,314 old rows with 13,356 fresh rows
2026-08-09 12:52:32,400 - INFO -   World Bank: replaced 25,826 old rows with 25,859 fresh rows
2026-08-09 12:52:32,400 - INFO - Merged panel: 138,042 rows
2026-08-09 12:52:32,400 - INFO - 
============================================================
2026-08-09 12:52:32,400 - INFO - QUALITY CHECKS
2026-08-09 12:52:32,400 - INFO - ============================================================
2026-08-09 12:52:32,401 - INFO - Countries present: 43/34
2026-08-09 12:52:32,405 - INFO - No duplicate rows
2026-08-09 12:52:32,405 - INFO - 
Date ranges by variable:
2026-08-09 12:52:32,408 - INFO -   BIS_Credit_GDP_Gap                  2000-03 → 2025-12  (40 ctry)
2026-08-09 12:52:32,412 - INFO -   BIS_Property_Price                  2000-03 → 2026-03  (40 ctry)
2026-08-09 12:52:32,413 - INFO -   BIS_REER                            2000-01 → 2026-06  (42 ctry)
2026-08-09 12:52:32,414 - INFO -   EPU                                 1985-01 → 2026-07  (21 ctry)
2026-08-09 12:52:32,415 - INFO -   GPR                                 1985-01 → 2026-07  (23 ctry)
2026-08-09 12:52:32,416 - INFO -   Global_GPR                          1985-01 → 2026-07  (43 ctry)
2026-08-09 12:52:32,418 - INFO -   Global_GPR_Act                      1985-01 → 2026-07  (43 ctry)
2026-08-09 12:52:32,419 - INFO -   Global_GPR_Threat                   1985-01 → 2026-07  (43 ctry)
2026-08-09 12:52:32,419 - INFO -   OECD_CLI                            2000-01 → 2026-06  (20 ctry)
2026-08-09 12:52:32,420 - INFO -   WB_CO2_Per_Capita                   2000-12 → 2024-12  (42 ctry)
2026-08-09 12:52:32,421 - INFO -   WB_Control_Corruption               2000-12 → 2024-12  (42 ctry)
2026-08-09 12:52:32,422 - INFO -   WB_Current_Account_GDP              2000-12 → 2025-12  (42 ctry)
2026-08-09 12:52:32,423 - INFO -   WB_Domestic_Credit_GDP              2000-12 → 2025-12  (42 ctry)
2026-08-09 12:52:32,424 - INFO -   WB_External_Debt_GNI                2000-12 → 2024-12  (12 ctry)
2026-08-09 12:52:32,424 - INFO -   WB_FDI_Inflows_GDP                  2000-12 → 2025-12  (42 ctry)
2026-08-09 12:52:32,428 - INFO -   WB_FX_Reserves                      2000-12 → 2025-12  (42 ctry)
2026-08-09 12:52:32,429 - INFO -   WB_Female_LFP                       2000-12 → 2025-12  (42 ctry)
2026-08-09 12:52:32,429 - INFO -   WB_Female_Labor_Share               2000-12 → 2025-12  (42 ctry)
2026-08-09 12:52:32,430 - INFO -   WB_GDP_Growth_Real                  2000-12 → 2025-12  (42 ctry)
2026-08-09 12:52:32,431 - INFO -   WB_Govt_Debt_GDP                    2000-12 → 2024-12  (22 ctry)
2026-08-09 12:52:32,432 - INFO -   WB_Govt_Effectiveness               2000-12 → 2024-12  (42 ctry)
2026-08-09 12:52:32,433 - INFO -   WB_Import_Cover_Months              2000-12 → 2025-12  (42 ctry)
2026-08-09 12:52:32,434 - INFO -   WB_Inflation_CPI                    2000-12 → 2025-12  (42 ctry)
2026-08-09 12:52:32,435 - INFO -   WB_Labor_Force                      2000-12 → 2025-12  (42 ctry)
2026-08-09 12:52:32,435 - INFO -   WB_Market_Cap_GDP                   2000-12 → 2025-12  (42 ctry)
2026-08-09 12:52:32,436 - INFO -   WB_OldAge_Dependency                2000-12 → 2025-12  (42 ctry)
2026-08-09 12:52:32,437 - INFO -   WB_Political_Stability              2000-12 → 2024-12  (42 ctry)
2026-08-09 12:52:32,438 - INFO -   WB_Population                       2000-12 → 2025-12  (42 ctry)
2026-08-09 12:52:32,438 - INFO -   WB_Population_Growth                2000-12 → 2025-12  (42 ctry)
2026-08-09 12:52:32,439 - INFO -   WB_Regulatory_Quality               2000-12 → 2024-12  (42 ctry)
2026-08-09 12:52:32,440 - INFO -   WB_Renewable_Energy_Share           2000-12 → 2021-12  (42 ctry)
2026-08-09 12:52:32,440 - INFO -   WB_Rule_of_Law                      2000-12 → 2024-12  (42 ctry)
2026-08-09 12:52:32,443 - INFO -   WB_Trade_Openness                   2000-12 → 2025-12  (42 ctry)
2026-08-09 12:52:32,445 - INFO -   WB_Unemployment                     2000-12 → 2025-12  (42 ctry)
2026-08-09 12:52:32,445 - INFO -   WB_Voice_Accountability             2000-12 → 2024-12  (42 ctry)
2026-08-09 12:52:32,464 - WARNING - Outlier issues: ['EPU: 1 outliers > 10x std', 'GPR: 6 outliers > 10x std', 'Global_GPR_Act: 43 outliers > 10x std', 'WB_Inflation_CPI: 4 outliers > 10x std']
2026-08-09 12:52:32,464 - INFO - 
Coverage matrix (obs count per source):
2026-08-09 12:52:32,473 - INFO -   bis_credit          : 40/34 countries
2026-08-09 12:52:32,473 - INFO -   bis_property        : 40/34 countries
2026-08-09 12:52:32,473 - INFO -   bis_reer            : 42/34 countries
2026-08-09 12:52:32,473 - INFO -   epu                 : 21/34 countries
2026-08-09 12:52:32,473 - INFO -   gpr                 : 43/34 countries
2026-08-09 12:52:32,473 - INFO -   oecd                : 20/34 countries
2026-08-09 12:52:32,473 - INFO -   worldbank           : 42/34 countries
2026-08-09 12:52:32,501 - INFO - Backed up existing panel → external_factors_panel_2026_08_09_125232.parquet
2026-08-09 12:52:32,744 - INFO - 
Saved: /Users/arjundivecha/Dropbox/AAA Backup/A Working/ASADO/Data/processed/external_factors_panel.parquet
2026-08-09 12:52:32,744 - INFO - Saved: /Users/arjundivecha/Dropbox/AAA Backup/A Working/ASADO/Data/processed/external_factors_panel.csv
2026-08-09 12:52:32,744 - INFO - Saved: /Users/arjundivecha/Dropbox/AAA Backup/A Working/ASADO/Data/processed/external_variable_catalog.csv
2026-08-09 12:52:32,762 - INFO - Saved run history → run_history.json
2026-08-09 12:52:32,765 - INFO - 
Delta vs. previous: 137,976 → 138,042 (+66 rows)
2026-08-09 12:52:32,766 - INFO -   Date range extended: 2026-06 → 2026-07
2026-08-09 12:52:32,766 - INFO - 
============================================================
2026-08-09 12:52:32,766 - INFO - COLLECTION SUMMARY
2026-08-09 12:52:32,766 - INFO - ============================================================
2026-08-09 12:52:32,766 - INFO -   [OK  ] EPU                       SUCCESS
2026-08-09 12:52:32,766 - INFO -   [OK  ] GPR                       SUCCESS
2026-08-09 12:52:32,766 - INFO -   [OK  ] BIS Credit Gap            SUCCESS
2026-08-09 12:52:32,766 - INFO -   [OK  ] BIS Property Prices       SUCCESS
2026-08-09 12:52:32,766 - INFO -   [OK  ] OECD CLI                  SUCCESS
2026-08-09 12:52:32,766 - INFO -   [OK  ] BIS REER                  SUCCESS
2026-08-09 12:52:32,766 - INFO -   [OK  ] World Bank                SUCCESS
2026-08-09 12:52:32,771 - INFO - 
Sources OK    : 7/7 (need >= 5)
2026-08-09 12:52:32,771 - INFO - Variables     : 35
2026-08-09 12:52:32,771 - INFO - Countries     : 43/34
2026-08-09 12:52:32,771 - INFO - Total rows    : 138,042
2026-08-09 12:52:32,771 - INFO - Date range    : 1985-01 → 2026-07
2026-08-09 12:52:32,771 - INFO - Elapsed       : 26.7s
2026-08-09 12:52:32,772 - INFO - 
Success criteria:
2026-08-09 12:52:32,773 - INFO -   Sources >= 5    : PASS (7)
2026-08-09 12:52:32,773 - INFO -   EPU >= 25 ctry  : FAIL (21)
2026-08-09 12:52:32,773 - INFO -   BIS CG >= 20    : PASS (40)
2026-08-09 12:52:32,773 - INFO - 
ALL CRITICAL CRITERIA MET.
2026-08-09 12:52:32,773 - INFO - ============================================================


────────────────────────────────────────────────────────────
STEP: Program 2: Extended Sources (12)
CMD:  /Users/arjundivecha/Dropbox/AAA Backup/A Working/ASADO/venv/bin/python /Users/arjundivecha/Dropbox/AAA Backup/A Working/ASADO/scripts/collect_extended.py --force
CWD:  /Users/arjundivecha/Dropbox/AAA Backup/A Working/ASADO
────────────────────────────────────────────────────────────
2026-08-09 12:52:33,713 - INFO - ============================================================
2026-08-09 12:52:33,713 - INFO - EXTENDED DATA COLLECTION — UPDATE
2026-08-09 12:52:33,713 - INFO - ============================================================
2026-08-09 12:52:33,713 - INFO - Project directory: /Users/arjundivecha/Dropbox/AAA Backup/A Working/ASADO
2026-08-09 12:52:33,713 - INFO - --force: bypassing download cache
2026-08-09 12:52:33,714 - INFO - Loaded country mapping for 43 countries
2026-08-09 12:52:33,780 - INFO - Loaded existing panel: 77,393 rows, 12 sources
2026-08-09 12:52:33,780 - INFO - [1/12] BIS Central Bank Policy Rates ...
2026-08-09 12:52:33,872 - INFO -   Querying BIS SDMX WS_CBPOL ...
2026-08-09 12:52:33,873 - INFO - Request https://stats.bis.org/api/v1/data/WS_CBPOL?startPeriod=2000-01
2026-08-09 12:52:33,873 - INFO - with headers {'User-Agent': 'python-requests/2.33.1', 'Accept-Encoding': 'gzip, deflate, zstd', 'Accept': '*/*', 'Connection': 'keep-alive'}
2026-08-09 12:52:37,143 - WARNING - xml.Reader got no structure=… argument for StructureSpecificData
2026-08-09 12:52:42,827 - INFO -   Received 82 series
2026-08-09 12:52:43,955 - INFO -       → BIS Policy Rates: 9,077 obs, 30 countries, 1 variable(s), 2000-01 to 2026-08
2026-08-09 12:52:43,967 - INFO - [2/12] BIS Debt Service Ratios ...
2026-08-09 12:52:43,967 - INFO -   Querying BIS SDMX WS_DSR ...
2026-08-09 12:52:43,967 - INFO - Request https://stats.bis.org/api/v1/data/WS_DSR?startPeriod=2000-Q1
2026-08-09 12:52:43,967 - INFO - with headers {'User-Agent': 'python-requests/2.33.1', 'Accept-Encoding': 'gzip, deflate, zstd', 'Accept': '*/*', 'Connection': 'keep-alive'}
2026-08-09 12:52:44,781 - WARNING - xml.Reader got no structure=… argument for StructureSpecificData
2026-08-09 12:52:44,881 - INFO -   Received 66 series
2026-08-09 12:52:44,920 - INFO -       → BIS Debt Service: 3,424 obs, 33 countries, 1 variable(s), 2000-03 to 2025-12
2026-08-09 12:52:44,921 - INFO - [3/12] OECD Business Confidence Index ...
2026-08-09 12:52:44,921 - INFO -   Downloading OECD BCI CSV ...
2026-08-09 12:52:48,091 - INFO -   Saved oecd_bci.csv (7.2 MB)
2026-08-09 12:52:48,151 - INFO -   BCI CSV: 23395 rows
2026-08-09 12:52:48,542 - INFO -       → OECD BCI: 8,482 obs, 27 countries, 1 variable(s), 2000-01 to 2026-06
2026-08-09 12:52:48,544 - INFO - [4/12] OECD Consumer Confidence Index ...
2026-08-09 12:52:48,544 - INFO -   Downloading OECD CCI CSV ...
2026-08-09 12:52:52,234 - INFO -   Saved oecd_cci.csv (2.3 MB)
2026-08-09 12:52:52,256 - INFO -   CCI CSV: 7826 rows
2026-08-09 12:52:52,390 - INFO -       → OECD CCI: 8,779 obs, 28 countries, 1 variable(s), 2000-01 to 2026-06
2026-08-09 12:52:52,391 - INFO - [5/12] ECB Exchange Rates ...
2026-08-09 12:52:52,391 - INFO - Request https://data-api.ecb.europa.eu/service/data/EXR/M.AUD.EUR.SP00.A?startPeriod=2000-01
2026-08-09 12:52:52,391 - INFO - with headers {'User-Agent': 'python-requests/2.33.1', 'Accept-Encoding': 'gzip, deflate, zstd', 'Accept': '*/*', 'Connection': 'keep-alive'}
2026-08-09 12:52:53,794 - INFO - Request https://data-api.ecb.europa.eu/service/data/EXR/M.BRL.EUR.SP00.A?startPeriod=2000-01
2026-08-09 12:52:53,794 - INFO - with headers {'User-Agent': 'python-requests/2.33.1', 'Accept-Encoding': 'gzip, deflate, zstd', 'Accept': '*/*', 'Connection': 'keep-alive'}
2026-08-09 12:53:01,397 - INFO - Request https://data-api.ecb.europa.eu/service/data/EXR/M.CAD.EUR.SP00.A?startPeriod=2000-01
2026-08-09 12:53:01,397 - INFO - with headers {'User-Agent': 'python-requests/2.33.1', 'Accept-Encoding': 'gzip, deflate, zstd', 'Accept': '*/*', 'Connection': 'keep-alive'}
2026-08-09 12:53:01,961 - INFO - Request https://data-api.ecb.europa.eu/service/data/EXR/M.CHF.EUR.SP00.A?startPeriod=2000-01
2026-08-09 12:53:01,961 - INFO - with headers {'User-Agent': 'python-requests/2.33.1', 'Accept-Encoding': 'gzip, deflate, zstd', 'Accept': '*/*', 'Connection': 'keep-alive'}
2026-08-09 12:53:02,580 - INFO - Request https://data-api.ecb.europa.eu/service/data/EXR/M.CNY.EUR.SP00.A?startPeriod=2000-01
2026-08-09 12:53:02,581 - INFO - with headers {'User-Agent': 'python-requests/2.33.1', 'Accept-Encoding': 'gzip, deflate, zstd', 'Accept': '*/*', 'Connection': 'keep-alive'}
2026-08-09 12:53:03,128 - INFO - Request https://data-api.ecb.europa.eu/service/data/EXR/M.DKK.EUR.SP00.A?startPeriod=2000-01
2026-08-09 12:53:03,128 - INFO - with headers {'User-Agent': 'python-requests/2.33.1', 'Accept-Encoding': 'gzip, deflate, zstd', 'Accept': '*/*', 'Connection': 'keep-alive'}
2026-08-09 12:53:03,743 - INFO - Request https://data-api.ecb.europa.eu/service/data/EXR/M.GBP.EUR.SP00.A?startPeriod=2000-01
2026-08-09 12:53:03,743 - INFO - with headers {'User-Agent': 'python-requests/2.33.1', 'Accept-Encoding': 'gzip, deflate, zstd', 'Accept': '*/*', 'Connection': 'keep-alive'}
2026-08-09 12:53:04,300 - INFO - Request https://data-api.ecb.europa.eu/service/data/EXR/M.HKD.EUR.SP00.A?startPeriod=2000-01
2026-08-09 12:53:04,300 - INFO - with headers {'User-Agent': 'python-requests/2.33.1', 'Accept-Encoding': 'gzip, deflate, zstd', 'Accept': '*/*', 'Connection': 'keep-alive'}
2026-08-09 12:53:06,305 - INFO - Request https://data-api.ecb.europa.eu/service/data/EXR/M.IDR.EUR.SP00.A?startPeriod=2000-01
2026-08-09 12:53:06,305 - INFO - with headers {'User-Agent': 'python-requests/2.33.1', 'Accept-Encoding': 'gzip, deflate, zstd', 'Accept': '*/*', 'Connection': 'keep-alive'}
2026-08-09 12:53:06,883 - INFO - Request https://data-api.ecb.europa.eu/service/data/EXR/M.INR.EUR.SP00.A?startPeriod=2000-01
2026-08-09 12:53:06,883 - INFO - with headers {'User-Agent': 'python-requests/2.33.1', 'Accept-Encoding': 'gzip, deflate, zstd', 'Accept': '*/*', 'Connection': 'keep-alive'}
2026-08-09 12:53:07,578 - INFO - Request https://data-api.ecb.europa.eu/service/data/EXR/M.JPY.EUR.SP00.A?startPeriod=2000-01
2026-08-09 12:53:07,578 - INFO - with headers {'User-Agent': 'python-requests/2.33.1', 'Accept-Encoding': 'gzip, deflate, zstd', 'Accept': '*/*', 'Connection': 'keep-alive'}
2026-08-09 12:53:08,352 - INFO - Request https://data-api.ecb.europa.eu/service/data/EXR/M.KRW.EUR.SP00.A?startPeriod=2000-01
2026-08-09 12:53:08,352 - INFO - with headers {'User-Agent': 'python-requests/2.33.1', 'Accept-Encoding': 'gzip, deflate, zstd', 'Accept': '*/*', 'Connection': 'keep-alive'}
2026-08-09 12:53:09,229 - INFO - Request https://data-api.ecb.europa.eu/service/data/EXR/M.MXN.EUR.SP00.A?startPeriod=2000-01
2026-08-09 12:53:09,229 - INFO - with headers {'User-Agent': 'python-requests/2.33.1', 'Accept-Encoding': 'gzip, deflate, zstd', 'Accept': '*/*', 'Connection': 'keep-alive'}
2026-08-09 12:53:09,661 - INFO - Request https://data-api.ecb.europa.eu/service/data/EXR/M.MYR.EUR.SP00.A?startPeriod=2000-01
2026-08-09 12:53:09,661 - INFO - with headers {'User-Agent': 'python-requests/2.33.1', 'Accept-Encoding': 'gzip, deflate, zstd', 'Accept': '*/*', 'Connection': 'keep-alive'}
2026-08-09 12:53:10,287 - INFO - Request https://data-api.ecb.europa.eu/service/data/EXR/M.NOK.EUR.SP00.A?startPeriod=2000-01
2026-08-09 12:53:10,287 - INFO - with headers {'User-Agent': 'python-requests/2.33.1', 'Accept-Encoding': 'gzip, deflate, zstd', 'Accept': '*/*', 'Connection': 'keep-alive'}
2026-08-09 12:53:10,845 - INFO - Request https://data-api.ecb.europa.eu/service/data/EXR/M.NZD.EUR.SP00.A?startPeriod=2000-01
2026-08-09 12:53:10,845 - INFO - with headers {'User-Agent': 'python-requests/2.33.1', 'Accept-Encoding': 'gzip, deflate, zstd', 'Accept': '*/*', 'Connection': 'keep-alive'}
2026-08-09 12:53:11,451 - INFO - Request https://data-api.ecb.europa.eu/service/data/EXR/M.PHP.EUR.SP00.A?startPeriod=2000-01
2026-08-09 12:53:11,451 - INFO - with headers {'User-Agent': 'python-requests/2.33.1', 'Accept-Encoding': 'gzip, deflate, zstd', 'Accept': '*/*', 'Connection': 'keep-alive'}
2026-08-09 12:53:12,068 - INFO - Request https://data-api.ecb.europa.eu/service/data/EXR/M.PLN.EUR.SP00.A?startPeriod=2000-01
2026-08-09 12:53:12,068 - INFO - with headers {'User-Agent': 'python-requests/2.33.1', 'Accept-Encoding': 'gzip, deflate, zstd', 'Accept': '*/*', 'Connection': 'keep-alive'}
2026-08-09 12:53:12,681 - INFO - Request https://data-api.ecb.europa.eu/service/data/EXR/M.SEK.EUR.SP00.A?startPeriod=2000-01
2026-08-09 12:53:12,681 - INFO - with headers {'User-Agent': 'python-requests/2.33.1', 'Accept-Encoding': 'gzip, deflate, zstd', 'Accept': '*/*', 'Connection': 'keep-alive'}
2026-08-09 12:53:15,356 - INFO - Request https://data-api.ecb.europa.eu/service/data/EXR/M.SGD.EUR.SP00.A?startPeriod=2000-01
2026-08-09 12:53:15,357 - INFO - with headers {'User-Agent': 'python-requests/2.33.1', 'Accept-Encoding': 'gzip, deflate, zstd', 'Accept': '*/*', 'Connection': 'keep-alive'}
2026-08-09 12:53:15,908 - INFO - Request https://data-api.ecb.europa.eu/service/data/EXR/M.THB.EUR.SP00.A?startPeriod=2000-01
2026-08-09 12:53:15,908 - INFO - with headers {'User-Agent': 'python-requests/2.33.1', 'Accept-Encoding': 'gzip, deflate, zstd', 'Accept': '*/*', 'Connection': 'keep-alive'}
2026-08-09 12:53:18,081 - INFO - Request https://data-api.ecb.europa.eu/service/data/EXR/M.TRY.EUR.SP00.A?startPeriod=2000-01
2026-08-09 12:53:18,081 - INFO - with headers {'User-Agent': 'python-requests/2.33.1', 'Accept-Encoding': 'gzip, deflate, zstd', 'Accept': '*/*', 'Connection': 'keep-alive'}
2026-08-09 12:53:18,662 - INFO - Request https://data-api.ecb.europa.eu/service/data/EXR/M.TWD.EUR.SP00.A?startPeriod=2000-01
2026-08-09 12:53:18,662 - INFO - with headers {'User-Agent': 'python-requests/2.33.1', 'Accept-Encoding': 'gzip, deflate, zstd', 'Accept': '*/*', 'Connection': 'keep-alive'}
2026-08-09 12:53:19,285 - INFO - Request https://data-api.ecb.europa.eu/service/data/EXR/M.USD.EUR.SP00.A?startPeriod=2000-01
2026-08-09 12:53:19,285 - INFO - with headers {'User-Agent': 'python-requests/2.33.1', 'Accept-Encoding': 'gzip, deflate, zstd', 'Accept': '*/*', 'Connection': 'keep-alive'}
2026-08-09 12:53:21,056 - INFO - Request https://data-api.ecb.europa.eu/service/data/EXR/M.ZAR.EUR.SP00.A?startPeriod=2000-01
2026-08-09 12:53:21,056 - INFO - with headers {'User-Agent': 'python-requests/2.33.1', 'Accept-Encoding': 'gzip, deflate, zstd', 'Accept': '*/*', 'Connection': 'keep-alive'}
2026-08-09 12:53:21,710 - INFO -       → ECB FX: 10,458 obs, 33 countries, 26 variable(s), 2000-01 to 2026-07
2026-08-09 12:53:21,711 - INFO - [6/12] ND-GAIN Climate Vulnerability Index ...
2026-08-09 12:53:21,711 - INFO -   Downloading ND-GAIN ZIP ...
2026-08-09 12:53:22,139 - WARNING - Retrying (Retry(total=2, connect=None, read=None, redirect=None, status=None)) after connection broken by 'SSLError(SSLCertVerificationError(1, '[SSL: CERTIFICATE_VERIFY_FAILED] certificate verify failed: unable to get local issuer certificate (_ssl.c:1081)'))': /assets/gain/files/resources-2026-23-00-11h22.zip
2026-08-09 12:53:26,292 - WARNING - Retrying (Retry(total=1, connect=None, read=None, redirect=None, status=None)) after connection broken by 'SSLError(SSLCertVerificationError(1, '[SSL: CERTIFICATE_VERIFY_FAILED] certificate verify failed: unable to get local issuer certificate (_ssl.c:1081)'))': /assets/gain/files/resources-2026-23-00-11h22.zip
2026-08-09 12:53:34,445 - WARNING - Retrying (Retry(total=0, connect=None, read=None, redirect=None, status=None)) after connection broken by 'SSLError(SSLCertVerificationError(1, '[SSL: CERTIFICATE_VERIFY_FAILED] certificate verify failed: unable to get local issuer certificate (_ssl.c:1081)'))': /assets/gain/files/resources-2026-23-00-11h22.zip
2026-08-09 12:53:34,597 - ERROR -   ND-GAIN FAILED: HTTPSConnectionPool(host='gain-new.crc.nd.edu', port=443): Max retries exceeded with url: /assets/gain/files/resources-2026-23-00-11h22.zip (Caused by SSLError(SSLCertVerificationError(1, '[SSL: CERTIFICATE_VERIFY_FAILED] certificate verify failed: unable to get local issuer certificate (_ssl.c:1081)')))
2026-08-09 12:53:34,597 - WARNING -   ND-GAIN: returned no data
2026-08-09 12:53:34,597 - INFO - [7/12] ILOSTAT Labor Market ...
2026-08-09 12:53:34,597 - INFO -   Fetching ILO_Unemployment_Rate ...
2026-08-09 12:53:34,598 - INFO -   Downloading ILOSTAT UNE_DEAP_SEX_AGE_RT ...
2026-08-09 12:53:51,124 - INFO -   Saved ilostat_UNE_DEAP_SEX_AGE_RT.csv (14.9 MB)
2026-08-09 12:53:51,226 - INFO -     UNE_DEAP_SEX_AGE_RT: 79016 rows
2026-08-09 12:53:52,199 - INFO -   Fetching ILO_LFP_Rate ...
2026-08-09 12:53:52,199 - INFO -   Downloading ILOSTAT EAP_DWAP_SEX_AGE_RT ...
2026-08-09 12:54:07,971 - INFO -   Saved ilostat_EAP_DWAP_SEX_AGE_RT.csv (15.0 MB)
2026-08-09 12:54:08,081 - INFO -     EAP_DWAP_SEX_AGE_RT: 79813 rows
2026-08-09 12:54:09,020 - INFO -       → ILOSTAT: 2,142 obs, 43 countries, 2 variable(s), 2000-12 to 2026-12
2026-08-09 12:54:09,020 - INFO - [8/12] UNDP Human Development Index ...
2026-08-09 12:54:09,020 - INFO -   Downloading UNDP HDI CSV ...
2026-08-09 12:54:09,202 - INFO -   Saved undp_hdi_timeseries.csv (2.0 MB)
2026-08-09 12:54:09,219 - INFO -   UNDP HDI CSV: 206 rows, cols: ['iso3', 'country', 'hdicode', 'region', 'hdi_rank_2023', 'hdi_1990', 'hdi_1991', 'hdi_1992', 'hdi_1993', 'hdi_1994']
2026-08-09 12:54:09,220 - INFO -   Found 103 HDI year columns
2026-08-09 12:54:09,278 - INFO -       → UNDP HDI: 4,727 obs, 42 countries, 4 variable(s), 1990-12 to 2023-12
2026-08-09 12:54:09,279 - INFO - [9/12] OFAC Sanctions List ...
2026-08-09 12:54:09,279 - INFO -   Downloading OFAC SDN CSV ...
2026-08-09 12:54:19,512 - INFO -   Saved ofac_sdn.csv (5.6 MB)
2026-08-09 12:54:19,557 - INFO -   OFAC SDN: 19200 entries
2026-08-09 12:54:20,158 - INFO -       → OFAC: 68 obs, 34 countries, 2 variable(s), 2026-08 to 2026-08
2026-08-09 12:54:20,158 - INFO - [10/12] FAOSTAT Food Trade ...
2026-08-09 12:54:20,158 - INFO -   Downloading FAOSTAT bulk ZIP ...
2026-08-09 12:54:20,310 - INFO -   ZIP: 0.9 MB
2026-08-09 12:54:20,317 - INFO -   Extracted: Trade_CropsLivestockIndicators_E_All_Data_(Normalized).csv
2026-08-09 12:54:20,386 - INFO -   FAOSTAT CSV: 116294 rows, cols: ['Area Code', 'Area Code (M49)', 'Area', 'Item Code', 'Item Code (CPC)', 'Item', 'Indicator Code', 'Indicator']
2026-08-09 12:54:21,752 - INFO -       → FAOSTAT: 2,435 obs, 33 countries, 5 variable(s), 2010-12 to 2024-12
2026-08-09 12:54:21,754 - INFO - [11/12] FRED Economic Data ...
2026-08-09 12:54:22,058 - INFO -     VIXCLS: 320 monthly obs
2026-08-09 12:54:22,344 - INFO -     DGS10: 320 monthly obs
2026-08-09 12:54:22,644 - INFO -     DGS2: 320 monthly obs
2026-08-09 12:54:22,893 - INFO -     T10Y2Y: 320 monthly obs
2026-08-09 12:54:23,334 - INFO -     DTWEXBGS: 247 monthly obs
2026-08-09 12:54:23,542 - INFO -     BAMLH0A0HYM2: 37 monthly obs
2026-08-09 12:54:23,553 - INFO -       → FRED: 23,339 obs, 34 countries, 6 variable(s), 2000-01 to 2026-07
2026-08-09 12:54:23,555 - INFO - [12/12] EIA Energy Data ...
2026-08-09 12:54:23,974 - INFO -     AUS: 26 obs
2026-08-09 12:54:24,291 - INFO -     AUT: 26 obs
2026-08-09 12:54:24,615 - INFO -     BEL: 26 obs
2026-08-09 12:54:24,881 - INFO -     BRA: 25 obs
2026-08-09 12:54:25,183 - INFO -     CAN: 26 obs
2026-08-09 12:54:25,498 - INFO -     CHE: 26 obs
2026-08-09 12:54:25,825 - INFO -     CHL: 26 obs
2026-08-09 12:54:26,271 - INFO -     CHN: 25 obs
2026-08-09 12:54:26,542 - INFO -     DEU: 26 obs
2026-08-09 12:54:26,815 - INFO -     DNK: 26 obs
2026-08-09 12:54:27,107 - INFO -     ESP: 26 obs
2026-08-09 12:54:27,378 - INFO -     FIN: 26 obs
2026-08-09 12:54:27,704 - INFO -     FRA: 26 obs
2026-08-09 12:54:28,036 - INFO -     GBR: 26 obs
2026-08-09 12:54:28,284 - INFO -     GRC: 26 obs
2026-08-09 12:54:28,576 - INFO -     HKG: 25 obs
2026-08-09 12:54:28,860 - INFO -     IDN: 25 obs
2026-08-09 12:54:29,161 - INFO -     IND: 25 obs
2026-08-09 12:54:29,417 - INFO -     IRL: 26 obs
2026-08-09 12:54:29,684 - INFO -     ITA: 26 obs
2026-08-09 12:54:30,005 - INFO -     JPN: 26 obs
2026-08-09 12:54:30,410 - INFO -     KOR: 26 obs
2026-08-09 12:54:30,690 - INFO -     MEX: 26 obs
2026-08-09 12:54:30,973 - INFO -     MYS: 25 obs
2026-08-09 12:54:31,240 - INFO -     NLD: 26 obs
2026-08-09 12:54:31,530 - INFO -     NOR: 26 obs
2026-08-09 12:54:31,831 - INFO -     NZL: 26 obs
2026-08-09 12:54:32,092 - INFO -     PHL: 25 obs
2026-08-09 12:54:32,373 - INFO -     POL: 26 obs
2026-08-09 12:54:32,644 - INFO -     PRT: 26 obs
2026-08-09 12:54:33,136 - INFO -     RUS: 25 obs
2026-08-09 12:54:33,430 - INFO -     SAU: 25 obs
2026-08-09 12:54:33,687 - INFO -     SGP: 25 obs
2026-08-09 12:54:34,018 - INFO -     SWE: 26 obs
2026-08-09 12:54:34,280 - INFO -     THA: 25 obs
2026-08-09 12:54:34,595 - INFO -     TUR: 26 obs
2026-08-09 12:54:34,863 - INFO -     TWN: 25 obs
2026-08-09 12:54:35,152 - INFO -     USA: 26 obs
2026-08-09 12:54:35,411 - INFO -     VNM: 25 obs
2026-08-09 12:54:35,682 - INFO -     ZAF: 25 obs
2026-08-09 12:54:35,684 - INFO -       → EIA: 1,103 obs, 43 countries, 1 variable(s), 2000-12 to 2025-12
2026-08-09 12:54:35,684 - INFO - 
------------------------------------------------------------
2026-08-09 12:54:35,684 - INFO - MERGING fresh data with existing panel ...
2026-08-09 12:54:35,687 - INFO -   BIS Policy Rates: replaced 9,031 old rows with 9,077 fresh rows
2026-08-09 12:54:35,692 - INFO -   BIS Debt Service: replaced 3,424 old rows with 3,424 fresh rows
2026-08-09 12:54:35,695 - INFO -   OECD BCI: replaced 8,458 old rows with 8,482 fresh rows
2026-08-09 12:54:35,697 - INFO -   OECD CCI: replaced 8,752 old rows with 8,779 fresh rows
2026-08-09 12:54:35,700 - INFO -   ECB FX: replaced 10,426 old rows with 10,458 fresh rows
2026-08-09 12:54:35,701 - INFO -   ND-GAIN: KEPT 3,567 existing rows (source did not succeed this run)
2026-08-09 12:54:35,703 - INFO -   ILOSTAT: replaced 2,140 old rows with 2,142 fresh rows
2026-08-09 12:54:35,708 - INFO -   UNDP HDI: replaced 4,727 old rows with 4,727 fresh rows
2026-08-09 12:54:35,711 - INFO -   OFAC Sanctions: replaced 68 old rows with 68 fresh rows
2026-08-09 12:54:35,713 - INFO -   FAOSTAT: replaced 2,435 old rows with 2,435 fresh rows
2026-08-09 12:54:35,716 - INFO -   FRED: replaced 23,262 old rows with 23,339 fresh rows
2026-08-09 12:54:35,719 - INFO -   EIA: replaced 1,103 old rows with 1,103 fresh rows
2026-08-09 12:54:35,719 - INFO - Merged panel: 77,601 rows
2026-08-09 12:54:35,719 - INFO - 
============================================================
2026-08-09 12:54:35,719 - INFO - QUALITY CHECKS
2026-08-09 12:54:35,719 - INFO - ============================================================
2026-08-09 12:54:35,720 - INFO - Countries present: 43/34
2026-08-09 12:54:35,724 - INFO - No duplicate rows
2026-08-09 12:54:35,724 - INFO - 
Date ranges by variable:
2026-08-09 12:54:35,725 - INFO -   BIS_DSR_Private                          2000-03 → 2025-12  (33 ctry)
2026-08-09 12:54:35,726 - INFO -   BIS_Policy_Rate                          2000-01 → 2026-08  (30 ctry)
2026-08-09 12:54:35,727 - INFO -   ECB_FX_AUD_EUR                           2000-01 → 2026-07  (1 ctry)
2026-08-09 12:54:35,728 - INFO -   ECB_FX_BRL_EUR                           2000-01 → 2026-07  (1 ctry)
2026-08-09 12:54:35,728 - INFO -   ECB_FX_CAD_EUR                           2000-01 → 2026-07  (1 ctry)
2026-08-09 12:54:35,729 - INFO -   ECB_FX_CHF_EUR                           2000-01 → 2026-07  (1 ctry)
2026-08-09 12:54:35,729 - INFO -   ECB_FX_CNY_EUR                           2000-01 → 2026-07  (2 ctry)
2026-08-09 12:54:35,730 - INFO -   ECB_FX_DKK_EUR                           2000-01 → 2026-07  (1 ctry)
2026-08-09 12:54:35,730 - INFO -   ECB_FX_EUR_EUR                           2000-01 → 2026-07  (5 ctry)
2026-08-09 12:54:35,731 - INFO -   ECB_FX_GBP_EUR                           2000-01 → 2026-07  (1 ctry)
2026-08-09 12:54:35,731 - INFO -   ECB_FX_HKD_EUR                           2000-01 → 2026-07  (1 ctry)
2026-08-09 12:54:35,732 - INFO -   ECB_FX_IDR_EUR                           2000-01 → 2026-07  (1 ctry)
2026-08-09 12:54:35,732 - INFO -   ECB_FX_INR_EUR                           2000-01 → 2026-07  (1 ctry)
2026-08-09 12:54:35,733 - INFO -   ECB_FX_JPY_EUR                           2000-01 → 2026-07  (1 ctry)
2026-08-09 12:54:35,733 - INFO -   ECB_FX_KRW_EUR                           2000-01 → 2026-07  (1 ctry)
2026-08-09 12:54:35,734 - INFO -   ECB_FX_MXN_EUR                           2000-01 → 2026-07  (1 ctry)
2026-08-09 12:54:35,734 - INFO -   ECB_FX_MYR_EUR                           2000-01 → 2026-07  (1 ctry)
2026-08-09 12:54:35,735 - INFO -   ECB_FX_NOK_EUR                           2000-01 → 2026-07  (1 ctry)
2026-08-09 12:54:35,735 - INFO -   ECB_FX_NZD_EUR                           2000-01 → 2026-07  (1 ctry)
2026-08-09 12:54:35,736 - INFO -   ECB_FX_PHP_EUR                           2000-01 → 2026-07  (1 ctry)
2026-08-09 12:54:35,736 - INFO -   ECB_FX_PLN_EUR                           2000-01 → 2026-07  (1 ctry)
2026-08-09 12:54:35,737 - INFO -   ECB_FX_SEK_EUR                           2000-01 → 2026-07  (1 ctry)
2026-08-09 12:54:35,737 - INFO -   ECB_FX_SGD_EUR                           2000-01 → 2026-07  (1 ctry)
2026-08-09 12:54:35,740 - INFO -   ECB_FX_THB_EUR                           2000-01 → 2026-07  (1 ctry)
2026-08-09 12:54:35,741 - INFO -   ECB_FX_TRY_EUR                           2000-01 → 2026-07  (1 ctry)
2026-08-09 12:54:35,741 - INFO -   ECB_FX_TWD_EUR                           2000-01 → 2020-10  (1 ctry)
2026-08-09 12:54:35,742 - INFO -   ECB_FX_USD_EUR                           2000-01 → 2026-07  (3 ctry)
2026-08-09 12:54:35,742 - INFO -   ECB_FX_ZAR_EUR                           2000-01 → 2026-07  (1 ctry)
2026-08-09 12:54:35,742 - INFO -   EIA_Petroleum_Consumption_TBPD           2000-12 → 2025-12  (43 ctry)
2026-08-09 12:54:35,743 - INFO -   FAO_AgExport_GDP_Share                   2010-12 → 2024-12  (32 ctry)
2026-08-09 12:54:35,743 - INFO -   FAO_Import_Dependency                    2010-12 → 2024-12  (33 ctry)
2026-08-09 12:54:35,744 - INFO -   FAO_Self_Sufficiency                     2010-12 → 2024-12  (33 ctry)
2026-08-09 12:54:35,744 - INFO -   FAO_Terms_of_Trade                       2010-12 → 2024-12  (33 ctry)
2026-08-09 12:54:35,745 - INFO -   FAO_Trade_Openness                       2010-12 → 2024-12  (32 ctry)
2026-08-09 12:54:35,745 - INFO -   FRED_HY_OAS                              2023-08 → 2026-07  (34 ctry)
2026-08-09 12:54:35,746 - INFO -   FRED_USD_Broad_Index                     2006-01 → 2026-07  (34 ctry)
2026-08-09 12:54:35,746 - INFO -   FRED_UST_10Y                             2000-01 → 2026-07  (3 ctry)
2026-08-09 12:54:35,747 - INFO -   FRED_UST_2Y                              2000-01 → 2026-07  (3 ctry)
2026-08-09 12:54:35,747 - INFO -   FRED_VIX                                 2000-01 → 2026-07  (34 ctry)
2026-08-09 12:54:35,748 - INFO -   FRED_Yield_Curve_10Y2Y                   2000-01 → 2026-07  (3 ctry)
2026-08-09 12:54:35,748 - INFO -   ILO_LFP_Rate                             2000-12 → 2026-12  (43 ctry)
2026-08-09 12:54:35,749 - INFO -   ILO_Unemployment_Rate                    2000-12 → 2026-12  (43 ctry)
2026-08-09 12:54:35,749 - INFO -   NDGAIN_Readiness                         1995-12 → 2023-12  (41 ctry)
2026-08-09 12:54:35,750 - INFO -   NDGAIN_Score                             1995-12 → 2023-12  (41 ctry)
2026-08-09 12:54:35,751 - INFO -   NDGAIN_Vulnerability                     1995-12 → 2023-12  (41 ctry)
2026-08-09 12:54:35,751 - INFO -   OECD_BCI                                 2000-01 → 2026-06  (27 ctry)
2026-08-09 12:54:35,752 - INFO -   OECD_CCI                                 2000-01 → 2026-06  (28 ctry)
2026-08-09 12:54:35,753 - INFO -   OFAC_Sanctioned                          2026-08 → 2026-08  (34 ctry)
2026-08-09 12:54:35,753 - INFO -   OFAC_Sanctions_Count                     2026-08 → 2026-08  (34 ctry)
2026-08-09 12:54:35,754 - INFO -   UNDP_GDI                                 1990-12 → 2023-12  (42 ctry)
2026-08-09 12:54:35,754 - INFO -   UNDP_GII                                 1990-12 → 2023-12  (41 ctry)
2026-08-09 12:54:35,757 - INFO -   UNDP_HDI                                 1990-12 → 2023-12  (42 ctry)
2026-08-09 12:54:35,758 - INFO -   UNDP_IHDI                                2010-12 → 2023-12  (41 ctry)
2026-08-09 12:54:35,776 - WARNING - Outlier issues: ['BIS_Policy_Rate: 1 outliers > 10x std', 'OECD_BCI: 1 outliers > 10x std', 'UNDP_HDI: 5 outliers > 10x std']
2026-08-09 12:54:35,776 - INFO - 
Coverage matrix:
2026-08-09 12:54:35,780 - INFO -   bis_debt_service    : 33/34 countries
2026-08-09 12:54:35,780 - INFO -   bis_policy_rate     : 30/34 countries
2026-08-09 12:54:35,781 - INFO -   ecb_fx              : 33/34 countries
2026-08-09 12:54:35,781 - INFO -   eia                 : 43/34 countries
2026-08-09 12:54:35,781 - INFO -   faostat             : 33/34 countries
2026-08-09 12:54:35,781 - INFO -   fred                : 34/34 countries
2026-08-09 12:54:35,781 - INFO -   ilostat             : 43/34 countries
2026-08-09 12:54:35,781 - INFO -   ndgain              : 41/34 countries
2026-08-09 12:54:35,781 - INFO -   oecd_bci            : 27/34 countries
2026-08-09 12:54:35,781 - INFO -   oecd_cci            : 28/34 countries
2026-08-09 12:54:35,781 - INFO -   ofac                : 34/34 countries
2026-08-09 12:54:35,781 - INFO -   undp_hdi            : 42/34 countries
2026-08-09 12:54:35,801 - INFO - Backed up existing panel → extended_factors_panel_2026_08_09_125435.parquet
2026-08-09 12:54:35,892 - INFO - 
Saved: /Users/arjundivecha/Dropbox/AAA Backup/A Working/ASADO/Data/processed/extended_factors_panel.parquet
2026-08-09 12:54:35,892 - INFO - Saved: /Users/arjundivecha/Dropbox/AAA Backup/A Working/ASADO/Data/processed/extended_factors_panel.csv
2026-08-09 12:54:35,892 - INFO - Saved: /Users/arjundivecha/Dropbox/AAA Backup/A Working/ASADO/Data/processed/extended_variable_catalog.csv
2026-08-09 12:54:35,908 - INFO - Saved run history → extended_run_history.json
2026-08-09 12:54:35,909 - INFO - 
Delta vs. previous: 77,393 → 77,601 (+208 rows)
2026-08-09 12:54:35,909 - INFO - 
============================================================
2026-08-09 12:54:35,909 - INFO - COLLECTION SUMMARY
2026-08-09 12:54:35,909 - INFO - ============================================================
2026-08-09 12:54:35,909 - INFO -   [OK  ] BIS Policy Rates          SUCCESS
2026-08-09 12:54:35,909 - INFO -   [OK  ] BIS Debt Service          SUCCESS
2026-08-09 12:54:35,909 - INFO -   [OK  ] OECD BCI                  SUCCESS
2026-08-09 12:54:35,909 - INFO -   [OK  ] OECD CCI                  SUCCESS
2026-08-09 12:54:35,909 - INFO -   [OK  ] ECB FX                    SUCCESS
2026-08-09 12:54:35,909 - INFO -   [WARN] ND-GAIN                   NO DATA
2026-08-09 12:54:35,909 - INFO -   [OK  ] ILOSTAT                   SUCCESS
2026-08-09 12:54:35,909 - INFO -   [OK  ] UNDP HDI                  SUCCESS
2026-08-09 12:54:35,909 - INFO -   [OK  ] OFAC Sanctions            SUCCESS
2026-08-09 12:54:35,909 - INFO -   [OK  ] FAOSTAT                   SUCCESS
2026-08-09 12:54:35,909 - INFO -   [OK  ] FRED                      SUCCESS
2026-08-09 12:54:35,909 - INFO -   [OK  ] EIA                       SUCCESS
2026-08-09 12:54:35,910 - INFO - 
Sources OK    : 11/12
2026-08-09 12:54:35,910 - INFO - Variables     : 53
2026-08-09 12:54:35,910 - INFO - Countries     : 43/34
2026-08-09 12:54:35,910 - INFO - Total rows    : 77,601
2026-08-09 12:54:35,910 - INFO - Date range    : 1990-12 → 2026-12
2026-08-09 12:54:35,910 - INFO - Elapsed       : 122.2s
2026-08-09 12:54:35,910 - INFO - ============================================================


────────────────────────────────────────────────────────────
STEP: World Bank Commodity Price Intelligence
CMD:  /Users/arjundivecha/Dropbox/AAA Backup/A Working/ASADO/venv/bin/python /Users/arjundivecha/Dropbox/AAA Backup/A Working/ASADO/scripts/collect_wb_commodity_prices.py --force
CWD:  /Users/arjundivecha/Dropbox/AAA Backup/A Working/ASADO
────────────────────────────────────────────────────────────
2026-08-09 12:54:36,802 - INFO - Downloading World Bank commodity workbook: https://thedocs.worldbank.org/en/doc/74e8be41ceb20fa0da750cda2f6b9e4e-0050012026/related/CMO-Historical-Data-Monthly.xlsx
2026-08-09 12:54:36,971 - INFO - Downloaded CMO-Historical-Data-Monthly_20260809_125436.xlsx (564.4 KB, sha256=7902a77505eb)
2026-08-09 12:54:37,391 - INFO - Monthly Prices parsed: data_start=6 names_row=4 units_row=5 code_row=None
2026-08-09 12:54:37,499 - INFO - Monthly Indices parsed: data_start=9 code_row=None
2026-08-09 12:54:40,379 - INFO - Backed up existing commodity outputs to /Users/arjundivecha/Dropbox/AAA Backup/A Working/ASADO/Data/backups/wb_commodity_2026_08_09_125440
2026-08-09 12:54:40,521 - INFO - World Bank commodity collection: 71 price series, 16 index series, 371 projected variables, latest=2026-07-01
2026-08-09 12:54:40,600 - INFO - wb_commodity_prices: 71 series, latest=2026-07-01, age_days=39, status=ok
2026-08-09 12:54:40,605 - INFO - wb_commodity_indices: 16 series; global commodity features: 87 series x 7 feature types (commodity_panel)
2026-08-09 12:54:40,605 - INFO - source_updated_label: Updated on August 04, 2026


────────────────────────────────────────────────────────────
STEP: Program 3: IMF Datasets (7)
CMD:  /Users/arjundivecha/Dropbox/AAA Backup/A Working/ASADO/venv/bin/python /Users/arjundivecha/Dropbox/AAA Backup/A Working/ASADO/scripts/collect_imf.py --force
CWD:  /Users/arjundivecha/Dropbox/AAA Backup/A Working/ASADO
────────────────────────────────────────────────────────────
============================================================
ASADO IMF Data Collector (Program 3)
============================================================
Countries: 43 T2 names, 40 unique ISO3 codes

Collecting CPI (Consumer Prices) ...
  OK: 24,228 rows, 2 vars, 41 countries, 2000-01 → 2026-07

Collecting WEO (World Economic Outlook) ...
  OK: 12,642 rows, 6 vars, 43 countries, 1980-12 → 2031-12

Collecting BOP_AGG (Balance of Payments) ...
  OK: 3,387 rows, 4 vars, 43 countries, 2005-12 → 2024-12

Collecting MFS_IR (Interest Rates) ...
  OK: 22,064 rows, 4 vars, 34 countries, 2000-01 → 2026-06

Collecting ER (Exchange Rates) ...
    Exchange rates: 10175 records
  OK: 10,175 rows, 1 vars, 33 countries, 2000-01 → 2026-07

Collecting LS (Labor Statistics) ...
  OK: 3,138 rows, 1 vars, 12 countries, 2000-01 → 2026-05

Collecting ITG (International Trade in Goods) ...
  OK: 49,840 rows, 8 vars, 40 countries, 2000-01 → 2026-05

============================================================
Total: 125,474 rows, 26 variables, 43 countries
============================================================
  Backup: imf_factors_panel_2026_08_09_125642.parquet

  Saved: imf_factors_panel.parquet (125,474 rows)
  Saved: imf_factors_panel.csv
  Saved: imf_variable_catalog.csv (26 variables)

Variable summary:
  IMF_BOP_Current_Account             | 43 ctry |    855 obs | 2005-12 → 2024-12
  IMF_BOP_Direct_Investment_Net       | 42 ctry |    840 obs | 2005-12 → 2024-12
  IMF_BOP_Financial_Account_Bal       | 43 ctry |    852 obs | 2005-12 → 2024-12
  IMF_BOP_Portfolio_Investment_Net    | 42 ctry |    840 obs | 2005-12 → 2024-12
  IMF_CPI_Index                       | 41 ctry | 12,360 obs | 2000-01 → 2026-07
  IMF_CPI_Inflation_YoY               | 41 ctry | 11,868 obs | 2001-01 → 2026-07
  IMF_Discount_Rate                   | 10 ctry |  2,683 obs | 2000-01 → 2026-06
  IMF_Employment_Index                | 12 ctry |  3,138 obs | 2000-01 → 2026-05
  IMF_Export_Price_Index              | 14 ctry |  3,236 obs | 2000-01 → 2025-12
  IMF_Exports_USD                     | 40 ctry |  9,684 obs | 2005-01 → 2026-05
  IMF_Exports_YoY                     | 24 ctry |  2,273 obs | 2000-01 → 2024-04
  IMF_Govt_Bond_Yield                 | 29 ctry |  7,258 obs | 2000-01 → 2026-06
  IMF_Import_Price_Index              | 19 ctry |  4,856 obs | 2000-01 → 2026-04
  IMF_Imports_USD                     | 38 ctry |  9,196 obs | 2005-01 → 2026-05
  IMF_Imports_YoY                     | 23 ctry |  2,203 obs | 2000-01 → 2024-04
  IMF_Money_Market_Rate               | 26 ctry |  7,028 obs | 2000-01 → 2026-06
  IMF_TBill_Rate                      | 20 ctry |  5,095 obs | 2000-01 → 2026-06
  IMF_Trade_Balance_USD               | 38 ctry |  9,196 obs | 2005-01 → 2026-05
  IMF_Trade_Openness_USD              | 38 ctry |  9,196 obs | 2005-01 → 2026-05
  IMF_WEO_CA_GDP                      | 43 ctry |  2,186 obs | 1980-12 → 2031-12
  IMF_WEO_Debt_GDP                    | 43 ctry |  1,761 obs | 1980-12 → 2031-12
  IMF_WEO_GDP_Growth                  | 43 ctry |  2,222 obs | 1980-12 → 2031-12
  IMF_WEO_Inflation                   | 43 ctry |  2,220 obs | 1980-12 → 2031-12
  IMF_WEO_Population                  | 43 ctry |  2,227 obs | 1980-12 → 2031-12
  IMF_WEO_Unemployment                | 43 ctry |  2,026 obs | 1980-12 → 2031-12
  IMF_XRate_LCU_per_USD               | 33 ctry | 10,175 obs | 2000-01 → 2026-07

  CPI:   0%|          | 0/40 [00:00<?, ?it/s]
  CPI:   2%|▎         | 1/40 [00:01<00:43,  1.11s/it]
  CPI:   5%|▌         | 2/40 [00:02<00:45,  1.20s/it]
  CPI:   8%|▊         | 3/40 [00:03<00:44,  1.20s/it]
  CPI:  10%|█         | 4/40 [00:04<00:43,  1.22s/it]
  CPI:  12%|█▎        | 5/40 [00:06<00:42,  1.21s/it]
  CPI:  15%|█▌        | 6/40 [00:07<00:40,  1.20s/it]
  CPI:  18%|█▊        | 7/40 [00:08<00:39,  1.19s/it]
  CPI:  20%|██        | 8/40 [00:09<00:38,  1.19s/it]
  CPI:  22%|██▎       | 9/40 [00:10<00:37,  1.21s/it]
  CPI:  25%|██▌       | 10/40 [00:12<00:36,  1.21s/it]
  CPI:  28%|██▊       | 11/40 [00:13<00:34,  1.20s/it]
  CPI:  30%|███       | 12/40 [00:14<00:33,  1.19s/it]
  CPI:  32%|███▎      | 13/40 [00:15<00:33,  1.23s/it]
  CPI:  35%|███▌      | 14/40 [00:16<00:31,  1.21s/it]
  CPI:  38%|███▊      | 15/40 [00:17<00:29,  1.20s/it]
  CPI:  40%|████      | 16/40 [00:19<00:28,  1.19s/it]
  CPI:  42%|████▎     | 17/40 [00:20<00:27,  1.20s/it]
  CPI:  45%|████▌     | 18/40 [00:21<00:26,  1.20s/it]
  CPI:  48%|████▊     | 19/40 [00:22<00:25,  1.20s/it]
  CPI:  50%|█████     | 20/40 [00:24<00:24,  1.23s/it]
  CPI:  52%|█████▎    | 21/40 [00:25<00:23,  1.22s/it]
  CPI:  55%|█████▌    | 22/40 [00:26<00:21,  1.21s/it]
  CPI:  57%|█████▊    | 23/40 [00:27<00:20,  1.20s/it]
  CPI:  60%|██████    | 24/40 [00:28<00:19,  1.19s/it]
  CPI:  62%|██████▎   | 25/40 [00:30<00:18,  1.22s/it]
  CPI:  65%|██████▌   | 26/40 [00:31<00:16,  1.21s/it]
  CPI:  68%|██████▊   | 27/40 [00:32<00:15,  1.18s/it]
  CPI:  70%|███████   | 28/40 [00:33<00:14,  1.19s/it]
  CPI:  72%|███████▎  | 29/40 [00:34<00:13,  1.20s/it]
  CPI:  75%|███████▌  | 30/40 [00:36<00:11,  1.20s/it]
  CPI:  78%|███████▊  | 31/40 [00:37<00:11,  1.26s/it]
  CPI:  80%|████████  | 32/40 [00:39<00:11,  1.45s/it]
  CPI:  82%|████████▎ | 33/40 [00:41<00:10,  1.55s/it]
  CPI:  85%|████████▌ | 34/40 [00:43<00:09,  1.65s/it]
  CPI:  88%|████████▊ | 35/40 [00:44<00:08,  1.65s/it]
  CPI:  90%|█████████ | 36/40 [00:46<00:06,  1.73s/it]
  CPI:  92%|█████████▎| 37/40 [00:48<00:04,  1.66s/it]
  CPI:  95%|█████████▌| 38/40 [00:49<00:03,  1.70s/it]
  CPI:  98%|█████████▊| 39/40 [00:51<00:01,  1.67s/it]
  CPI: 100%|██████████| 40/40 [00:53<00:00,  1.81s/it]
  CPI: 100%|██████████| 40/40 [00:53<00:00,  1.34s/it]

  WEO:   0%|          | 0/6 [00:00<?, ?it/s]
  WEO:  17%|█▋        | 1/6 [00:02<00:14,  2.99s/it]
  WEO:  33%|███▎      | 2/6 [00:04<00:09,  2.33s/it]
  WEO:  50%|█████     | 3/6 [00:06<00:06,  2.04s/it]
  WEO:  67%|██████▋   | 4/6 [00:08<00:04,  2.08s/it]
  WEO:  83%|████████▎ | 5/6 [00:11<00:02,  2.23s/it]
  WEO: 100%|██████████| 6/6 [00:14<00:00,  2.43s/it]
  WEO: 100%|██████████| 6/6 [00:14<00:00,  2.34s/it]

  BOP_AGG:   0%|          | 0/6 [00:00<?, ?it/s]
  BOP_AGG:  17%|█▋        | 1/6 [00:02<00:12,  2.45s/it]
  BOP_AGG:  33%|███▎      | 2/6 [00:03<00:07,  1.84s/it]
  BOP_AGG:  50%|█████     | 3/6 [00:09<00:10,  3.42s/it]
  BOP_AGG:  67%|██████▋   | 4/6 [00:13<00:07,  3.96s/it]
  BOP_AGG:  83%|████████▎ | 5/6 [00:17<00:03,  3.82s/it]
  BOP_AGG: 100%|██████████| 6/6 [00:24<00:00,  4.73s/it]
  BOP_AGG: 100%|██████████| 6/6 [00:24<00:00,  4.01s/it]

  MFS_IR:   0%|          | 0/4 [00:00<?, ?it/s]
  MFS_IR:  25%|██▌       | 1/4 [00:02<00:06,  2.31s/it]
  MFS_IR:  50%|█████     | 2/4 [00:04<00:04,  2.18s/it]
  MFS_IR:  75%|███████▌  | 3/4 [00:06<00:02,  2.08s/it]
  MFS_IR: 100%|██████████| 4/4 [00:08<00:00,  2.13s/it]
  MFS_IR: 100%|██████████| 4/4 [00:08<00:00,  2.14s/it]

  LS:   0%|          | 0/2 [00:00<?, ?it/s]
  LS:  50%|█████     | 1/2 [00:01<00:01,  1.82s/it]
  LS: 100%|██████████| 2/2 [00:03<00:00,  1.78s/it]
  LS: 100%|██████████| 2/2 [00:03<00:00,  1.78s/it]

  ITG:   0%|          | 0/6 [00:00<?, ?it/s]
  ITG:  17%|█▋        | 1/6 [00:05<00:25,  5.03s/it]
  ITG:  33%|███▎      | 2/6 [00:07<00:15,  3.76s/it]
  ITG:  50%|█████     | 3/6 [00:09<00:08,  2.88s/it]
  ITG:  67%|██████▋   | 4/6 [00:11<00:04,  2.43s/it]
  ITG:  83%|████████▎ | 5/6 [00:13<00:02,  2.19s/it]
  ITG: 100%|██████████| 6/6 [00:15<00:00,  2.06s/it]
  ITG: 100%|██████████| 6/6 [00:15<00:00,  2.51s/it]


────────────────────────────────────────────────────────────
STEP: Program 4: Bilateral Data (trade + banking + portfolio)
CMD:  /Users/arjundivecha/Dropbox/AAA Backup/A Working/ASADO/venv/bin/python /Users/arjundivecha/Dropbox/AAA Backup/A Working/ASADO/scripts/collect_bilateral.py
CWD:  /Users/arjundivecha/Dropbox/AAA Backup/A Working/ASADO
────────────────────────────────────────────────────────────
Universe: 40 unique ISO3 codes from 34 T2 countries

============================================================
Collecting bilateral trade from IMF IMTS ...
============================================================

  Trade matrix: 1520 pairs, 39 reporters, year=2025
  Saved: /Users/arjundivecha/Dropbox/AAA Backup/A Working/ASADO/Data/processed/bilateral_trade_matrix.parquet

============================================================
Collecting banking exposure from BIS LBS ...
============================================================

  Banking matrix: 933 pairs, 26 reporters, quarter=2026-Q1
  Failed queries: 14
  Saved: /Users/arjundivecha/Dropbox/AAA Backup/A Working/ASADO/Data/processed/bilateral_banking_matrix.parquet

============================================================
Collecting bilateral portfolio ownership from IMF PIP ...
============================================================

  Portfolio matrix: 85,611 rows, 37 reporters on latest date 2024-12-01

============================================================
Collecting U.S. TIC Table 2 supplement ...
============================================================

  U.S. TIC supplement: 6,468 rows, 28 tracked counterparts on latest date 2026-05-01
  Saved: /Users/arjundivecha/Dropbox/AAA Backup/A Working/ASADO/Data/processed/bilateral_portfolio_matrix.parquet

Done.

  IMF IMTS reporters:   0%|          | 0/40 [00:00<?, ?it/s]
  IMF IMTS reporters:   2%|▎         | 1/40 [00:03<02:08,  3.29s/it]
  IMF IMTS reporters:   5%|▌         | 2/40 [00:06<02:09,  3.42s/it]
  IMF IMTS reporters:   8%|▊         | 3/40 [00:10<02:12,  3.59s/it]
  IMF IMTS reporters:  10%|█         | 4/40 [00:14<02:12,  3.68s/it]
  IMF IMTS reporters:  12%|█▎        | 5/40 [00:20<02:34,  4.41s/it]
  IMF IMTS reporters:  15%|█▌        | 6/40 [00:23<02:17,  4.05s/it]
  IMF IMTS reporters:  18%|█▊        | 7/40 [00:27<02:15,  4.09s/it]
  IMF IMTS reporters:  20%|██        | 8/40 [00:30<01:59,  3.74s/it]
  IMF IMTS reporters:  22%|██▎       | 9/40 [00:33<01:44,  3.39s/it]
  IMF IMTS reporters:  25%|██▌       | 10/40 [00:35<01:35,  3.18s/it]
  IMF IMTS reporters:  28%|██▊       | 11/40 [00:38<01:27,  3.01s/it]
  IMF IMTS reporters:  30%|███       | 12/40 [00:41<01:21,  2.93s/it]
  IMF IMTS reporters:  32%|███▎      | 13/40 [00:43<01:16,  2.83s/it]
  IMF IMTS reporters:  35%|███▌      | 14/40 [00:46<01:11,  2.77s/it]
  IMF IMTS reporters:  38%|███▊      | 15/40 [00:51<01:27,  3.50s/it]
  IMF IMTS reporters:  40%|████      | 16/40 [00:54<01:17,  3.25s/it]
  IMF IMTS reporters:  42%|████▎     | 17/40 [00:56<01:09,  3.04s/it]
  IMF IMTS reporters:  45%|████▌     | 18/40 [00:59<01:03,  2.91s/it]
  IMF IMTS reporters:  48%|████▊     | 19/40 [01:02<01:00,  2.88s/it]
  IMF IMTS reporters:  50%|█████     | 20/40 [01:05<00:56,  2.81s/it]
  IMF IMTS reporters:  52%|█████▎    | 21/40 [01:07<00:52,  2.75s/it]
  IMF IMTS reporters:  55%|█████▌    | 22/40 [01:10<00:48,  2.72s/it]
  IMF IMTS reporters:  57%|█████▊    | 23/40 [01:12<00:45,  2.67s/it]
  IMF IMTS reporters:  60%|██████    | 24/40 [01:15<00:42,  2.65s/it]
  IMF IMTS reporters:  62%|██████▎   | 25/40 [01:18<00:39,  2.62s/it]
  IMF IMTS reporters:  65%|██████▌   | 26/40 [01:20<00:37,  2.66s/it]
  IMF IMTS reporters:  68%|██████▊   | 27/40 [01:22<00:32,  2.49s/it]
  IMF IMTS reporters:  70%|███████   | 28/40 [01:25<00:30,  2.54s/it]
  IMF IMTS reporters:  72%|███████▎  | 29/40 [01:28<00:28,  2.56s/it]
  IMF IMTS reporters:  75%|███████▌  | 30/40 [01:31<00:28,  2.89s/it]
  IMF IMTS reporters:  78%|███████▊  | 31/40 [01:35<00:28,  3.16s/it]
  IMF IMTS reporters:  80%|████████  | 32/40 [01:40<00:29,  3.68s/it]
  IMF IMTS reporters:  82%|████████▎ | 33/40 [01:45<00:28,  4.13s/it]
  IMF IMTS reporters:  85%|████████▌ | 34/40 [01:50<00:25,  4.27s/it]
  IMF IMTS reporters:  88%|████████▊ | 35/40 [01:54<00:20,  4.15s/it]
  IMF IMTS reporters:  90%|█████████ | 36/40 [01:58<00:16,  4.13s/it]
  IMF IMTS reporters:  92%|█████████▎| 37/40 [02:01<00:11,  3.93s/it]
  IMF IMTS reporters:  95%|█████████▌| 38/40 [02:05<00:07,  3.92s/it]
  IMF IMTS reporters:  98%|█████████▊| 39/40 [02:09<00:03,  3.83s/it]
  IMF IMTS reporters: 100%|██████████| 40/40 [02:13<00:00,  4.03s/it]
  IMF IMTS reporters: 100%|██████████| 40/40 [02:13<00:00,  3.34s/it]

  BIS LBS reporters:   0%|          | 0/40 [00:00<?, ?it/s]
  BIS LBS reporters:   2%|▎         | 1/40 [00:01<01:02,  1.60s/it]
  BIS LBS reporters:   5%|▌         | 2/40 [00:03<01:02,  1.63s/it]
  BIS LBS reporters:   8%|▊         | 3/40 [00:04<00:59,  1.62s/it]
  BIS LBS reporters:  10%|█         | 4/40 [00:06<00:57,  1.59s/it]
  BIS LBS reporters:  12%|█▎        | 5/40 [00:07<00:43,  1.25s/it]
  BIS LBS reporters:  15%|█▌        | 6/40 [00:08<00:46,  1.37s/it]
  BIS LBS reporters:  18%|█▊        | 7/40 [00:10<00:47,  1.43s/it]
  BIS LBS reporters:  20%|██        | 8/40 [00:11<00:47,  1.48s/it]
  BIS LBS reporters:  22%|██▎       | 9/40 [00:13<00:46,  1.51s/it]
  BIS LBS reporters:  25%|██▌       | 10/40 [00:13<00:36,  1.23s/it]
  BIS LBS reporters:  28%|██▊       | 11/40 [00:15<00:35,  1.21s/it]
  BIS LBS reporters:  30%|███       | 12/40 [00:17<00:45,  1.63s/it]
  BIS LBS reporters:  32%|███▎      | 13/40 [00:19<00:43,  1.61s/it]
  BIS LBS reporters:  35%|███▌      | 14/40 [00:20<00:41,  1.60s/it]
  BIS LBS reporters:  38%|███▊      | 15/40 [00:21<00:32,  1.29s/it]
  BIS LBS reporters:  40%|████      | 16/40 [00:23<00:33,  1.38s/it]
  BIS LBS reporters:  42%|████▎     | 17/40 [00:24<00:32,  1.43s/it]
  BIS LBS reporters:  45%|████▌     | 18/40 [00:26<00:32,  1.48s/it]
  BIS LBS reporters:  48%|████▊     | 19/40 [00:28<00:38,  1.81s/it]
  BIS LBS reporters:  50%|█████     | 20/40 [00:29<00:32,  1.64s/it]
  BIS LBS reporters:  52%|█████▎    | 21/40 [00:30<00:25,  1.32s/it]
  BIS LBS reporters:  55%|█████▌    | 22/40 [00:31<00:19,  1.09s/it]
  BIS LBS reporters:  57%|█████▊    | 23/40 [00:36<00:39,  2.30s/it]
  BIS LBS reporters:  60%|██████    | 24/40 [00:37<00:33,  2.08s/it]
  BIS LBS reporters:  62%|██████▎   | 25/40 [00:39<00:29,  2.00s/it]
  BIS LBS reporters:  65%|██████▌   | 26/40 [00:41<00:26,  1.86s/it]
  BIS LBS reporters:  68%|██████▊   | 27/40 [00:42<00:23,  1.78s/it]
  BIS LBS reporters:  70%|███████   | 28/40 [00:43<00:17,  1.44s/it]
  BIS LBS reporters:  72%|███████▎  | 29/40 [00:43<00:12,  1.17s/it]
  BIS LBS reporters:  75%|███████▌  | 30/40 [00:45<00:12,  1.29s/it]
  BIS LBS reporters:  78%|███████▊  | 31/40 [00:46<00:09,  1.09s/it]
  BIS LBS reporters:  80%|████████  | 32/40 [00:48<00:10,  1.33s/it]
  BIS LBS reporters:  82%|████████▎ | 33/40 [00:49<00:09,  1.41s/it]
  BIS LBS reporters:  85%|████████▌ | 34/40 [00:51<00:08,  1.45s/it]
  BIS LBS reporters:  88%|████████▊ | 35/40 [00:52<00:07,  1.48s/it]
  BIS LBS reporters:  90%|█████████ | 36/40 [00:54<00:06,  1.50s/it]
  BIS LBS reporters:  92%|█████████▎| 37/40 [00:55<00:04,  1.55s/it]
  BIS LBS reporters:  95%|█████████▌| 38/40 [00:56<00:02,  1.27s/it]
  BIS LBS reporters:  98%|█████████▊| 39/40 [00:57<00:01,  1.05s/it]
  BIS LBS reporters: 100%|██████████| 40/40 [00:57<00:00,  1.11it/s]
  BIS LBS reporters: 100%|██████████| 40/40 [00:57<00:00,  1.44s/it]

  IMF PIP equity_fund_shares:   0%|          | 0/40 [00:00<?, ?it/s]
  IMF PIP equity_fund_shares:   2%|▎         | 1/40 [00:01<00:58,  1.51s/it]
  IMF PIP equity_fund_shares:   5%|▌         | 2/40 [00:02<00:51,  1.36s/it]
  IMF PIP equity_fund_shares:   8%|▊         | 3/40 [00:04<00:49,  1.33s/it]
  IMF PIP equity_fund_shares:  10%|█         | 4/40 [00:05<00:46,  1.29s/it]
  IMF PIP equity_fund_shares:  12%|█▎        | 5/40 [00:06<00:46,  1.34s/it]
  IMF PIP equity_fund_shares:  15%|█▌        | 6/40 [00:08<00:47,  1.38s/it]
  IMF PIP equity_fund_shares:  18%|█▊        | 7/40 [00:09<00:45,  1.37s/it]
  IMF PIP equity_fund_shares:  20%|██        | 8/40 [00:10<00:42,  1.34s/it]
  IMF PIP equity_fund_shares:  22%|██▎       | 9/40 [00:13<00:53,  1.72s/it]
  IMF PIP equity_fund_shares:  25%|██▌       | 10/40 [00:14<00:47,  1.57s/it]
  IMF PIP equity_fund_shares:  28%|██▊       | 11/40 [00:15<00:42,  1.47s/it]
  IMF PIP equity_fund_shares:  30%|███       | 12/40 [00:17<00:40,  1.43s/it]
  IMF PIP equity_fund_shares:  32%|███▎      | 13/40 [00:18<00:37,  1.38s/it]
  IMF PIP equity_fund_shares:  35%|███▌      | 14/40 [00:19<00:34,  1.34s/it]
  IMF PIP equity_fund_shares:  38%|███▊      | 15/40 [00:20<00:32,  1.32s/it]
  IMF PIP equity_fund_shares:  40%|████      | 16/40 [00:22<00:31,  1.30s/it]
  IMF PIP equity_fund_shares:  42%|████▎     | 17/40 [00:23<00:29,  1.30s/it]
  IMF PIP equity_fund_shares:  45%|████▌     | 18/40 [00:26<00:39,  1.79s/it]
  IMF PIP equity_fund_shares:  48%|████▊     | 19/40 [00:27<00:34,  1.63s/it]
  IMF PIP equity_fund_shares:  50%|█████     | 20/40 [00:29<00:31,  1.59s/it]
  IMF PIP equity_fund_shares:  52%|█████▎    | 21/40 [00:30<00:28,  1.48s/it]
  IMF PIP equity_fund_shares:  55%|█████▌    | 22/40 [00:31<00:25,  1.40s/it]
  IMF PIP equity_fund_shares:  57%|█████▊    | 23/40 [00:32<00:22,  1.35s/it]
  IMF PIP equity_fund_shares:  60%|██████    | 24/40 [00:34<00:21,  1.32s/it]
  IMF PIP equity_fund_shares:  62%|██████▎   | 25/40 [00:35<00:19,  1.31s/it]
  IMF PIP equity_fund_shares:  65%|██████▌   | 26/40 [00:36<00:18,  1.30s/it]
  IMF PIP equity_fund_shares:  68%|██████▊   | 27/40 [00:37<00:13,  1.06s/it]
  IMF PIP equity_fund_shares:  70%|███████   | 28/40 [00:38<00:13,  1.12s/it]
  IMF PIP equity_fund_shares:  72%|███████▎  | 29/40 [00:39<00:13,  1.19s/it]
  IMF PIP equity_fund_shares:  75%|███████▌  | 30/40 [00:41<00:12,  1.22s/it]
  IMF PIP equity_fund_shares:  78%|███████▊  | 31/40 [00:41<00:09,  1.01s/it]
  IMF PIP equity_fund_shares:  80%|████████  | 32/40 [00:42<00:08,  1.11s/it]
  IMF PIP equity_fund_shares:  82%|████████▎ | 33/40 [00:44<00:08,  1.16s/it]
  IMF PIP equity_fund_shares:  85%|████████▌ | 34/40 [00:45<00:07,  1.19s/it]
  IMF PIP equity_fund_shares:  88%|████████▊ | 35/40 [00:46<00:05,  1.18s/it]
  IMF PIP equity_fund_shares:  90%|█████████ | 36/40 [00:47<00:04,  1.18s/it]
  IMF PIP equity_fund_shares:  92%|█████████▎| 37/40 [00:49<00:03,  1.19s/it]
  IMF PIP equity_fund_shares:  95%|█████████▌| 38/40 [00:50<00:02,  1.21s/it]
  IMF PIP equity_fund_shares:  98%|█████████▊| 39/40 [00:51<00:01,  1.21s/it]
  IMF PIP equity_fund_shares: 100%|██████████| 40/40 [00:52<00:00,  1.22s/it]
  IMF PIP equity_fund_shares: 100%|██████████| 40/40 [00:52<00:00,  1.32s/it]

  IMF PIP debt_long:   0%|          | 0/40 [00:00<?, ?it/s]
  IMF PIP debt_long:   2%|▎         | 1/40 [00:01<00:48,  1.24s/it]
  IMF PIP debt_long:   5%|▌         | 2/40 [00:02<00:47,  1.24s/it]
  IMF PIP debt_long:   8%|▊         | 3/40 [00:03<00:45,  1.24s/it]
  IMF PIP debt_long:  10%|█         | 4/40 [00:04<00:43,  1.21s/it]
  IMF PIP debt_long:  12%|█▎        | 5/40 [00:06<00:42,  1.20s/it]
  IMF PIP debt_long:  15%|█▌        | 6/40 [00:07<00:41,  1.23s/it]
  IMF PIP debt_long:  18%|█▊        | 7/40 [00:08<00:44,  1.36s/it]
  IMF PIP debt_long:  20%|██        | 8/40 [00:10<00:45,  1.42s/it]
  IMF PIP debt_long:  22%|██▎       | 9/40 [00:12<00:46,  1.51s/it]
  IMF PIP debt_long:  25%|██▌       | 10/40 [00:13<00:45,  1.50s/it]
  IMF PIP debt_long:  28%|██▊       | 11/40 [00:15<00:43,  1.51s/it]
  IMF PIP debt_long:  30%|███       | 12/40 [00:17<00:45,  1.62s/it]
  IMF PIP debt_long:  32%|███▎      | 13/40 [00:18<00:45,  1.68s/it]
  IMF PIP debt_long:  35%|███▌      | 14/40 [00:20<00:42,  1.62s/it]
  IMF PIP debt_long:  38%|███▊      | 15/40 [00:22<00:40,  1.61s/it]
  IMF PIP debt_long:  40%|████      | 16/40 [00:23<00:38,  1.58s/it]
  IMF PIP debt_long:  42%|████▎     | 17/40 [00:25<00:41,  1.81s/it]
  IMF PIP debt_long:  45%|████▌     | 18/40 [00:27<00:41,  1.89s/it]
  IMF PIP debt_long:  48%|████▊     | 19/40 [00:29<00:37,  1.77s/it]
  IMF PIP debt_long:  50%|█████     | 20/40 [00:31<00:35,  1.76s/it]
  IMF PIP debt_long:  52%|█████▎    | 21/40 [00:32<00:33,  1.75s/it]
  IMF PIP debt_long:  55%|█████▌    | 22/40 [00:34<00:32,  1.83s/it]
  IMF PIP debt_long:  57%|█████▊    | 23/40 [00:36<00:31,  1.84s/it]
  IMF PIP debt_long:  60%|██████    | 24/40 [00:38<00:30,  1.89s/it]
  IMF PIP debt_long:  62%|██████▎   | 25/40 [00:40<00:27,  1.84s/it]
  IMF PIP debt_long:  65%|██████▌   | 26/40 [00:42<00:25,  1.84s/it]
  IMF PIP debt_long:  68%|██████▊   | 27/40 [00:43<00:19,  1.50s/it]
  IMF PIP debt_long:  70%|███████   | 28/40 [00:44<00:18,  1.53s/it]
  IMF PIP debt_long:  72%|███████▎  | 29/40 [00:46<00:19,  1.75s/it]
  IMF PIP debt_long:  75%|███████▌  | 30/40 [00:48<00:17,  1.78s/it]
  IMF PIP debt_long:  78%|███████▊  | 31/40 [00:50<00:14,  1.65s/it]
  IMF PIP debt_long:  80%|████████  | 32/40 [00:52<00:14,  1.85s/it]
  IMF PIP debt_long:  82%|████████▎ | 33/40 [00:54<00:12,  1.81s/it]
  IMF PIP debt_long:  85%|████████▌ | 34/40 [00:56<00:11,  1.84s/it]
  IMF PIP debt_long:  88%|████████▊ | 35/40 [00:58<00:09,  1.89s/it]
  IMF PIP debt_long:  90%|█████████ | 36/40 [01:00<00:08,  2.02s/it]
  IMF PIP debt_long:  92%|█████████▎| 37/40 [01:02<00:05,  1.95s/it]
  IMF PIP debt_long:  95%|█████████▌| 38/40 [01:04<00:03,  1.92s/it]
  IMF PIP debt_long:  98%|█████████▊| 39/40 [01:05<00:01,  1.82s/it]
  IMF PIP debt_long: 100%|██████████| 40/40 [01:07<00:00,  1.89s/it]
  IMF PIP debt_long: 100%|██████████| 40/40 [01:07<00:00,  1.69s/it]

  IMF PIP debt_short:   0%|          | 0/40 [00:00<?, ?it/s]
  IMF PIP debt_short:   2%|▎         | 1/40 [00:01<01:16,  1.96s/it]
  IMF PIP debt_short:   5%|▌         | 2/40 [00:04<01:19,  2.08s/it]
  IMF PIP debt_short:   8%|▊         | 3/40 [00:05<01:12,  1.96s/it]
  IMF PIP debt_short:  10%|█         | 4/40 [00:09<01:37,  2.72s/it]
  IMF PIP debt_short:  12%|█▎        | 5/40 [00:11<01:22,  2.36s/it]
  IMF PIP debt_short:  15%|█▌        | 6/40 [00:13<01:12,  2.12s/it]
  IMF PIP debt_short:  18%|█▊        | 7/40 [00:14<01:03,  1.94s/it]
  IMF PIP debt_short:  20%|██        | 8/40 [00:16<00:57,  1.79s/it]
  IMF PIP debt_short:  22%|██▎       | 9/40 [00:17<00:52,  1.69s/it]
  IMF PIP debt_short:  25%|██▌       | 10/40 [00:19<00:50,  1.68s/it]
  IMF PIP debt_short:  28%|██▊       | 11/40 [00:20<00:48,  1.66s/it]
  IMF PIP debt_short:  30%|███       | 12/40 [00:22<00:44,  1.60s/it]
  IMF PIP debt_short:  32%|███▎      | 13/40 [00:24<00:43,  1.62s/it]
  IMF PIP debt_short:  35%|███▌      | 14/40 [00:25<00:41,  1.60s/it]
  IMF PIP debt_short:  38%|███▊      | 15/40 [00:29<00:54,  2.17s/it]
  IMF PIP debt_short:  40%|████      | 16/40 [00:31<00:52,  2.20s/it]
  IMF PIP debt_short:  42%|████▎     | 17/40 [00:33<00:49,  2.13s/it]
  IMF PIP debt_short:  45%|████▌     | 18/40 [00:35<00:46,  2.11s/it]
  IMF PIP debt_short:  48%|████▊     | 19/40 [00:37<00:40,  1.95s/it]
  IMF PIP debt_short:  50%|█████     | 20/40 [00:38<00:38,  1.91s/it]
  IMF PIP debt_short:  52%|█████▎    | 21/40 [00:40<00:35,  1.87s/it]
  IMF PIP debt_short:  55%|█████▌    | 22/40 [00:42<00:32,  1.81s/it]
  IMF PIP debt_short:  57%|█████▊    | 23/40 [00:44<00:32,  1.88s/it]
  IMF PIP debt_short:  60%|██████    | 24/40 [00:45<00:28,  1.78s/it]
  IMF PIP debt_short:  62%|██████▎   | 25/40 [00:47<00:25,  1.69s/it]
  IMF PIP debt_short:  65%|██████▌   | 26/40 [00:48<00:21,  1.57s/it]
  IMF PIP debt_short:  68%|██████▊   | 27/40 [00:49<00:16,  1.24s/it]
  IMF PIP debt_short:  70%|███████   | 28/40 [00:50<00:14,  1.25s/it]
  IMF PIP debt_short:  72%|███████▎  | 29/40 [00:51<00:13,  1.24s/it]
  IMF PIP debt_short:  75%|███████▌  | 30/40 [00:52<00:12,  1.26s/it]
  IMF PIP debt_short:  78%|███████▊  | 31/40 [00:53<00:09,  1.03s/it]
  IMF PIP debt_short:  80%|████████  | 32/40 [00:54<00:08,  1.10s/it]
  IMF PIP debt_short:  82%|████████▎ | 33/40 [00:55<00:07,  1.12s/it]
  IMF PIP debt_short:  85%|████████▌ | 34/40 [00:57<00:06,  1.16s/it]
  IMF PIP debt_short:  88%|████████▊ | 35/40 [00:58<00:05,  1.17s/it]
  IMF PIP debt_short:  90%|█████████ | 36/40 [00:59<00:04,  1.18s/it]
  IMF PIP debt_short:  92%|█████████▎| 37/40 [01:00<00:03,  1.18s/it]
  IMF PIP debt_short:  95%|█████████▌| 38/40 [01:03<00:03,  1.67s/it]
  IMF PIP debt_short:  98%|█████████▊| 39/40 [01:05<00:01,  1.66s/it]
  IMF PIP debt_short: 100%|██████████| 40/40 [01:06<00:00,  1.54s/it]
  IMF PIP debt_short: 100%|██████████| 40/40 [01:06<00:00,  1.66s/it]


────────────────────────────────────────────────────────────
STEP: Program 4b: PIT bilateral edge vintages (loop graph machine)
CMD:  /Users/arjundivecha/Dropbox/AAA Backup/A Working/ASADO/venv/bin/python /Users/arjundivecha/Dropbox/AAA Backup/A Working/ASADO/scripts/loop/collect_pit_edges.py
CWD:  /Users/arjundivecha/Dropbox/AAA Backup/A Working/ASADO
────────────────────────────────────────────────────────────
13:03:13 [pit_edges] 31 sovereign reporters: ['AUS', 'BRA', 'CAN', 'CHE', 'CHL', 'CHN', 'DEU', 'DNK', 'ESP', 'FRA', 'GBR', 'HKG', 'IDN', 'IND', 'ITA', 'JPN', 'KOR', 'MEX', 'MYS', 'NLD', 'PHL', 'POL', 'SAU', 'SGP', 'SWE', 'THA', 'TUR', 'TWN', 'USA', 'VNM', 'ZAF']
13:03:13 [pit_edges] collecting holder history (warehouse, instant) ...
13:03:13 [pit_edges] holder: 18,078 rows, 25 vintages
13:03:13 [pit_edges] collecting bank history (BIS LBS, ~1 min) ...
13:03:46 [pit_edges] bank: 25/40 reporters done
13:03:53 [pit_edges] bank: 30/40 reporters done
13:03:59 [pit_edges] bank: 35/40 reporters done
13:04:03 [pit_edges] bank: 14 failed queries (first 5: ['CN: HTTP 404', 'IN: HTTP 404', 'ID: HTTP 404', 'MY: HTTP 404', 'PL: HTTP 404'])
13:04:04 [pit_edges] bank: 51,434 rows, 109 vintages
13:04:04 [pit_edges] collecting trade history (IMF IMTS, ~2 min) ...
13:04:21 [pit_edges] trade: 5/31 reporters done (8,090 obs)
13:04:40 [pit_edges] trade: 10/31 reporters done (16,190 obs)
13:04:59 [pit_edges] trade: 15/31 reporters done (24,290 obs)
13:05:18 [pit_edges] trade: 20/31 reporters done (32,386 obs)
13:05:32 [pit_edges] trade: 25/31 reporters done (40,478 obs)
13:05:45 [pit_edges] trade: 30/31 reporters done (46,954 obs)
13:05:48 [pit_edges] trade: 24,288 rows, 27 vintages
13:05:48 [pit_edges] stored trade: 24,288 rows, 27 vintages, 1999-12-31 -> 2025-12-31
13:05:48 [pit_edges] stored bank: 51,434 rows, 109 vintages, 1999-03-31 -> 2026-03-31
13:05:48 [pit_edges] stored holder: 18,078 rows, 25 vintages, 1997-12-01 -> 2024-12-01
13:05:48 [pit_edges] done


────────────────────────────────────────────────────────────
STEP: Program 5: Macrostructure Panel (FSI + QPSD + backstop)
CMD:  /Users/arjundivecha/Dropbox/AAA Backup/A Working/ASADO/venv/bin/python /Users/arjundivecha/Dropbox/AAA Backup/A Working/ASADO/scripts/collect_macrostructure.py --force
CWD:  /Users/arjundivecha/Dropbox/AAA Backup/A Working/ASADO
────────────────────────────────────────────────────────────
Universe: 40 unique ISO3 codes from 43 T2 countries

============================================================
Collecting IMF Financial Soundness Indicators ...
============================================================

============================================================
Collecting World Bank QPSD debt structure ...
============================================================

============================================================
Collecting OECD institutional-depth indicators ...
============================================================

============================================================
Collecting OECD household sticky-capital proxy ...
============================================================

Macrostructure coverage:
  Rows:       97,105
  Variables:  26
  Countries:  43
  Date range: 1995-03-01 -> 2026-08-01

Saved: /Users/arjundivecha/Dropbox/AAA Backup/A Working/ASADO/Data/processed/macrostructure_panel.parquet
Saved: /Users/arjundivecha/Dropbox/AAA Backup/A Working/ASADO/Data/processed/macrostructure_panel.csv
Saved: /Users/arjundivecha/Dropbox/AAA Backup/A Working/ASADO/Data/processed/macrostructure_variable_catalog.csv
Saved: /Users/arjundivecha/Dropbox/AAA Backup/A Working/ASADO/Data/processed/macrostructure_formula_catalog.json

Done.

  IMF FSIC:   0%|          | 0/6 [00:00<?, ?it/s]
  IMF FSIC:  17%|█▋        | 1/6 [00:02<00:13,  2.63s/it]
  IMF FSIC:  33%|███▎      | 2/6 [00:05<00:10,  2.58s/it]
  IMF FSIC:  50%|█████     | 3/6 [00:07<00:07,  2.54s/it]
  IMF FSIC:  67%|██████▋   | 4/6 [00:10<00:05,  2.57s/it]
  IMF FSIC:  83%|████████▎ | 5/6 [00:12<00:02,  2.51s/it]
  IMF FSIC: 100%|██████████| 6/6 [00:15<00:00,  2.45s/it]
  IMF FSIC: 100%|██████████| 6/6 [00:15<00:00,  2.50s/it]

  World Bank QPSD:   0%|          | 0/6 [00:00<?, ?it/s]
  World Bank QPSD:  17%|█▋        | 1/6 [00:02<00:12,  2.52s/it]
  World Bank QPSD:  33%|███▎      | 2/6 [00:05<00:10,  2.59s/it]
  World Bank QPSD:  50%|█████     | 3/6 [00:07<00:07,  2.62s/it]
  World Bank QPSD:  67%|██████▋   | 4/6 [00:10<00:05,  2.56s/it]
  World Bank QPSD:  83%|████████▎ | 5/6 [00:13<00:02,  2.73s/it]
  World Bank QPSD: 100%|██████████| 6/6 [00:15<00:00,  2.71s/it]
  World Bank QPSD: 100%|██████████| 6/6 [00:15<00:00,  2.66s/it]


────────────────────────────────────────────────────────────
STEP: Program 5c: Ken French style factors (regional benchmark)
CMD:  /Users/arjundivecha/Dropbox/AAA Backup/A Working/ASADO/venv/bin/python /Users/arjundivecha/Dropbox/AAA Backup/A Working/ASADO/scripts/collect_ff_factors.py --force
CWD:  /Users/arjundivecha/Dropbox/AAA Backup/A Working/ASADO
────────────────────────────────────────────────────────────
================================================================
  KEN FRENCH FACTOR INGEST (isolated regional benchmark corpus)
================================================================

================================================================
  KEN FRENCH FACTOR PANEL — SUMMARY
================================================================
  rows:       542,125
  regions:    8 (Asia_Pacific_ex_Japan, Developed, Developed_ex_US, Emerging, Europe, Japan, North_America, US)
  variables:  ['CMA', 'HML', 'Mkt_RF', 'RF', 'RMW', 'SMB', 'WML']
  monthly: 26,892 rows, 1927-01-01..2026-06-01, 8 regions
  daily  : 515,233 rows, 1926-11-03..2026-06-30, 7 regions

  -> /Users/arjundivecha/Dropbox/AAA Backup/A Working/ASADO/Data/processed/ff_factors_panel.parquet
  NOTE: isolated table `ff_factors` — NOT unioned into unified_panel/feature_panel.
2026-08-09 13:06:53,645 - INFO -   [F-F_Research_Data_5_Factors_2x3_CSV.zip] US/monthly/5f: 4,536 rows (1963-07-01..2026-06-01)
2026-08-09 13:06:53,947 - INFO -   [F-F_Research_Data_5_Factors_2x3_daily_CSV.zip] US/daily/5f: 95,124 rows (1963-07-01..2026-06-30)
2026-08-09 13:06:54,045 - INFO -   [F-F_Momentum_Factor_CSV.zip] US/monthly/mom: 1,194 rows (1927-01-01..2026-06-01)
2026-08-09 13:06:54,167 - INFO -   [F-F_Momentum_Factor_daily_CSV.zip] US/daily/mom: 26,173 rows (1926-11-03..2026-06-30)
2026-08-09 13:06:54,344 - INFO -   [Developed_5_Factors_CSV.zip] Developed/monthly/5f: 2,592 rows (1990-07-01..2026-06-01)
2026-08-09 13:06:54,461 - INFO -   [Developed_5_Factors_Daily_CSV.zip] Developed/daily/5f: 56,352 rows (1990-07-02..2026-06-30)
2026-08-09 13:06:54,560 - INFO -   [Developed_Mom_Factor_CSV.zip] Developed/monthly/mom: 428 rows (1990-11-01..2026-06-01)
2026-08-09 13:06:54,663 - INFO -   [Developed_Mom_Factor_Daily_CSV.zip] Developed/daily/mom: 9,304 rows (1990-11-01..2026-06-30)
2026-08-09 13:06:54,761 - INFO -   [Developed_ex_US_5_Factors_CSV.zip] Developed_ex_US/monthly/5f: 2,592 rows (1990-07-01..2026-06-01)
2026-08-09 13:06:54,880 - INFO -   [Developed_ex_US_5_Factors_Daily_CSV.zip] Developed_ex_US/daily/5f: 56,352 rows (1990-07-02..2026-06-30)
2026-08-09 13:06:54,976 - INFO -   [Developed_ex_US_Mom_Factor_CSV.zip] Developed_ex_US/monthly/mom: 428 rows (1990-11-01..2026-06-01)
2026-08-09 13:06:55,082 - INFO -   [Developed_ex_US_Mom_Factor_Daily_CSV.zip] Developed_ex_US/daily/mom: 9,304 rows (1990-11-01..2026-06-30)
2026-08-09 13:06:55,179 - INFO -   [North_America_5_Factors_CSV.zip] North_America/monthly/5f: 2,592 rows (1990-07-01..2026-06-01)
2026-08-09 13:06:55,299 - INFO -   [North_America_5_Factors_Daily_CSV.zip] North_America/daily/5f: 56,352 rows (1990-07-02..2026-06-30)
2026-08-09 13:06:55,394 - INFO -   [North_America_Mom_Factor_CSV.zip] North_America/monthly/mom: 428 rows (1990-11-01..2026-06-01)
2026-08-09 13:06:55,501 - INFO -   [North_America_Mom_Factor_Daily_CSV.zip] North_America/daily/mom: 9,304 rows (1990-11-01..2026-06-30)
2026-08-09 13:06:55,597 - INFO -   [Europe_5_Factors_CSV.zip] Europe/monthly/5f: 2,592 rows (1990-07-01..2026-06-01)
2026-08-09 13:06:55,718 - INFO -   [Europe_5_Factors_Daily_CSV.zip] Europe/daily/5f: 56,352 rows (1990-07-02..2026-06-30)
2026-08-09 13:06:55,813 - INFO -   [Europe_Mom_Factor_CSV.zip] Europe/monthly/mom: 428 rows (1990-11-01..2026-06-01)
2026-08-09 13:06:55,920 - INFO -   [Europe_Mom_Factor_Daily_CSV.zip] Europe/daily/mom: 9,304 rows (1990-11-01..2026-06-30)
2026-08-09 13:06:56,019 - INFO -   [Japan_5_Factors_CSV.zip] Japan/monthly/5f: 2,592 rows (1990-07-01..2026-06-01)
2026-08-09 13:06:56,138 - INFO -   [Japan_5_Factors_Daily_CSV.zip] Japan/daily/5f: 56,352 rows (1990-07-02..2026-06-30)
2026-08-09 13:06:56,232 - INFO -   [Japan_Mom_Factor_CSV.zip] Japan/monthly/mom: 428 rows (1990-11-01..2026-06-01)
2026-08-09 13:06:56,337 - INFO -   [Japan_Mom_Factor_Daily_CSV.zip] Japan/daily/mom: 9,304 rows (1990-11-01..2026-06-30)
2026-08-09 13:06:56,438 - INFO -   [Asia_Pacific_ex_Japan_5_Factors_CSV.zip] Asia_Pacific_ex_Japan/monthly/5f: 2,592 rows (1990-07-01..2026-06-01)
2026-08-09 13:06:56,553 - INFO -   [Asia_Pacific_ex_Japan_5_Factors_Daily_CSV.zip] Asia_Pacific_ex_Japan/daily/5f: 56,352 rows (1990-07-02..2026-06-30)
2026-08-09 13:06:56,654 - INFO -   [Asia_Pacific_ex_Japan_Mom_Factor_CSV.zip] Asia_Pacific_ex_Japan/monthly/mom: 428 rows (1990-11-01..2026-06-01)
2026-08-09 13:06:56,763 - INFO -   [Asia_Pacific_ex_Japan_Mom_Factor_Daily_CSV.zip] Asia_Pacific_ex_Japan/daily/mom: 9,304 rows (1990-11-01..2026-06-30)
2026-08-09 13:06:56,869 - INFO -   [Emerging_5_Factors_CSV.zip] Emerging/monthly/5f: 2,604 rows (1989-07-01..2026-06-01)
2026-08-09 13:06:56,969 - INFO -   [Emerging_Mom_Factor_CSV.zip] Emerging/monthly/mom: 438 rows (1990-01-01..2026-06-01)
2026-08-09 13:06:57,033 - INFO - OK datasets: 30 | skipped: 0
2026-08-09 13:06:57,064 - INFO -   backed up prior panel -> /Users/arjundivecha/Dropbox/AAA Backup/A Working/ASADO/Data/backups/ff_factors_panel_2026_08_09_130657.parquet
2026-08-09 13:06:57,147 - INFO -   wrote region map -> /Users/arjundivecha/Dropbox/AAA Backup/A Working/ASADO/config/ff_region_map.json


────────────────────────────────────────────────────────────
STEP: Program 6: Bloomberg (rates + credit + ETF passive layer)
CMD:  conda run -p /Users/arjundivecha/Dropbox/AAA Backup/A Working/OpusBloomberg/.venv python /Users/arjundivecha/Dropbox/AAA Backup/A Working/ASADO/scripts/collect_bloomberg.py --force
────────────────────────────────────────────────────────────
[2026-08-09 13:06:59] ============================================================
[2026-08-09 13:06:59] STEP 1: Checking Parallels Windows VM...
[2026-08-09 13:06:59] ============================================================
[2026-08-09 13:07:00]   OK: 'Windows 11' is running
[2026-08-09 13:07:00]   Detecting VM IP address...
[2026-08-09 13:07:01]   Found IP(s): 10.211.55.3 -> using 10.211.55.3
[2026-08-09 13:07:01] 
[2026-08-09 13:07:01] ============================================================
[2026-08-09 13:07:01] STEP 2: Checking Bloomberg Terminal...
[2026-08-09 13:07:01] ============================================================
[2026-08-09 13:07:02]   OK: Bloomberg is running (7 processes found)
[2026-08-09 13:07:02]       - bplus64.exe
[2026-08-09 13:07:02]       - blpwtk2_subprocess.exe
[2026-08-09 13:07:02]       - bbsvchost.exe
[2026-08-09 13:07:02]       - blpsmarthost.exe
[2026-08-09 13:07:02]       - bplus.wtk2.exe
[2026-08-09 13:07:02]       ... and 2 more
[2026-08-09 13:07:02] 
[2026-08-09 13:07:02] ============================================================
[2026-08-09 13:07:02] STEP 3: Ensuring bbcomm.exe is running...
[2026-08-09 13:07:02] ============================================================
[2026-08-09 13:07:02]   OK: bbcomm.exe is already running
[2026-08-09 13:07:02] 
[2026-08-09 13:07:02] ============================================================
[2026-08-09 13:07:02] STEP 4: Ensuring port forwarding...
[2026-08-09 13:07:02] ============================================================
[2026-08-09 13:07:03]   OK: Port forwarding already configured
[2026-08-09 13:07:03]       10.211.55.3:8194 -> 127.0.0.1:8194
[2026-08-09 13:07:03] 
[2026-08-09 13:07:03] ============================================================
[2026-08-09 13:07:03] STEP 5: Ensuring Windows Firewall rule...
[2026-08-09 13:07:03] ============================================================
[2026-08-09 13:07:04]   OK: Firewall rule 'Bloomberg API' already exists
[2026-08-09 13:07:04] 
[2026-08-09 13:07:04] ============================================================
[2026-08-09 13:07:04] STEP 6: Testing TCP connectivity from macOS...
[2026-08-09 13:07:04] ============================================================
[2026-08-09 13:07:04]   OK: Port 8194 is reachable on 10.211.55.3
[2026-08-09 13:07:04] 
[2026-08-09 13:07:04] ============================================================
[2026-08-09 13:07:04] STEP 7: Testing Bloomberg data pull...
[2026-08-09 13:07:04] ============================================================
[2026-08-09 13:07:04]   blpapi version: 3.25.12.1
[2026-08-09 13:07:04]   Connecting to 10.211.55.3:8194...
[2026-08-09 13:07:04]   Session started OK
[2026-08-09 13:07:04]   Reference data service opened OK
[2026-08-09 13:07:04]   OK: APPLE INC — Last Price: $313.330000
2026-08-09 13:06:59,994 - INFO - ============================================================
2026-08-09 13:06:59,994 - INFO - ASADO Bloomberg Data Collector
2026-08-09 13:06:59,994 - INFO - Started: 2026-08-09 13:06:59
2026-08-09 13:06:59,994 - INFO - ============================================================
2026-08-09 13:06:59,994 - INFO - 
Setting up Bloomberg connection ...
2026-08-09 13:07:04,442 - INFO -   Bloomberg connection OK
2026-08-09 13:07:04,602 - INFO -   Existing panel loaded: 106,209 rows, 31 variables
2026-08-09 13:07:04,602 - INFO - 
------------------------------------------------------------
2026-08-09 13:07:04,602 - INFO - COLLECTING DATA FROM BLOOMBERG
2026-08-09 13:07:04,602 - INFO - ------------------------------------------------------------

2026-08-09 13:07:05,472 - INFO -   Ping OK — Bloomberg is responsive

2026-08-09 13:07:05,472 - INFO - [1/11] Government Bond Yields (2Y, 5Y, 10Y, 30Y) ...
2026-08-09 13:07:40,124 - INFO -   Pulled 105/105 series (0 errors)
2026-08-09 13:07:40,139 - INFO -   Bond yields: 29,444 rows, 32 countries
2026-08-09 13:07:40,139 - INFO - 
2026-08-09 13:07:40,139 - INFO - [2/11] Sovereign 5Y CDS Spreads ...
2026-08-09 13:07:49,594 - INFO -   Pulled 20/20 countries (0 errors)
2026-08-09 13:07:49,598 - INFO -   CDS spreads: 5,550 rows, 20 countries
2026-08-09 13:07:49,598 - INFO - 
2026-08-09 13:07:49,598 - INFO - [3/11] Inflation Breakeven Rates ...
2026-08-09 13:07:50,251 - WARNING -   Error: France breakeven (JGFR10 Index): Security error for JGFR10 Index: Unknown/Invalid securityInvalid Security [nid:53618]
2026-08-09 13:07:50,462 - WARNING -   Error: Germany breakeven (DBIBE10 Index): Security error for DBIBE10 Index: Unknown/Invalid securityInvalid Security [nid:53282]
2026-08-09 13:07:50,642 - WARNING -   Error: Italy breakeven (ITIBY10 Index): Security error for ITIBY10 Index: Unknown/Invalid securityInvalid Security [nid:53363]
2026-08-09 13:07:52,128 - INFO -   Pulled 6/9 countries (3 errors)
2026-08-09 13:07:52,130 - INFO -   Breakevens: 1,781 rows, 6 countries
2026-08-09 13:07:52,130 - INFO - 
2026-08-09 13:07:52,130 - INFO - [4/11] Sovereign Credit Ratings (S&P, Moody's, Fitch) ...
2026-08-09 13:07:52,459 - WARNING -   Unmappable rating Australia BBG_Rating_Moody_LC: {'error': 'BAD_FLD: Field not valid'} — skipped
2026-08-09 13:07:52,459 - WARNING -   Unmappable rating Australia BBG_Rating_Moody_FC: {'error': 'BAD_FLD: Field not valid'} — skipped
2026-08-09 13:07:52,737 - WARNING -   Unmappable rating Brazil BBG_Rating_Moody_LC: {'error': 'BAD_FLD: Field not valid'} — skipped
2026-08-09 13:07:52,737 - WARNING -   Unmappable rating Brazil BBG_Rating_Moody_FC: {'error': 'BAD_FLD: Field not valid'} — skipped
2026-08-09 13:07:52,984 - WARNING -   Unmappable rating Canada BBG_Rating_Moody_LC: {'error': 'BAD_FLD: Field not valid'} — skipped
2026-08-09 13:07:52,984 - WARNING -   Unmappable rating Canada BBG_Rating_Moody_FC: {'error': 'BAD_FLD: Field not valid'} — skipped
2026-08-09 13:07:53,241 - WARNING -   Unmappable rating Chile BBG_Rating_Moody_LC: {'error': 'BAD_FLD: Field not valid'} — skipped
2026-08-09 13:07:53,241 - WARNING -   Unmappable rating Chile BBG_Rating_Moody_FC: {'error': 'BAD_FLD: Field not valid'} — skipped
2026-08-09 13:07:53,514 - WARNING -   Unmappable rating ChinaA BBG_Rating_Moody_LC: {'error': 'BAD_FLD: Field not valid'} — skipped
2026-08-09 13:07:53,514 - WARNING -   Unmappable rating ChinaA BBG_Rating_Moody_FC: {'error': 'BAD_FLD: Field not valid'} — skipped
2026-08-09 13:07:53,860 - WARNING -   Unmappable rating ChinaH BBG_Rating_Moody_LC: {'error': 'BAD_FLD: Field not valid'} — skipped
2026-08-09 13:07:53,860 - WARNING -   Unmappable rating ChinaH BBG_Rating_Moody_FC: {'error': 'BAD_FLD: Field not valid'} — skipped
2026-08-09 13:07:54,097 - WARNING -   Unmappable rating Denmark BBG_Rating_Moody_LC: {'error': 'BAD_FLD: Field not valid'} — skipped
2026-08-09 13:07:54,097 - WARNING -   Unmappable rating Denmark BBG_Rating_Moody_FC: {'error': 'BAD_FLD: Field not valid'} — skipped
2026-08-09 13:07:54,364 - WARNING -   Unmappable rating France BBG_Rating_Moody_LC: {'error': 'BAD_FLD: Field not valid'} — skipped
2026-08-09 13:07:54,364 - WARNING -   Unmappable rating France BBG_Rating_Moody_FC: {'error': 'BAD_FLD: Field not valid'} — skipped
2026-08-09 13:07:54,615 - WARNING -   Unmappable rating Germany BBG_Rating_Moody_LC: {'error': 'BAD_FLD: Field not valid'} — skipped
2026-08-09 13:07:54,615 - WARNING -   Unmappable rating Germany BBG_Rating_Moody_FC: {'error': 'BAD_FLD: Field not valid'} — skipped
2026-08-09 13:07:54,859 - WARNING -   Unmappable rating India BBG_Rating_Moody_LC: {'error': 'BAD_FLD: Field not valid'} — skipped
2026-08-09 13:07:54,860 - WARNING -   Unmappable rating India BBG_Rating_Moody_FC: {'error': 'BAD_FLD: Field not valid'} — skipped
2026-08-09 13:07:55,108 - WARNING -   Unmappable rating Indonesia BBG_Rating_Moody_LC: {'error': 'BAD_FLD: Field not valid'} — skipped
2026-08-09 13:07:55,109 - WARNING -   Unmappable rating Indonesia BBG_Rating_Moody_FC: {'error': 'BAD_FLD: Field not valid'} — skipped
2026-08-09 13:07:55,400 - WARNING -   Unmappable rating Italy BBG_Rating_Moody_LC: {'error': 'BAD_FLD: Field not valid'} — skipped
2026-08-09 13:07:55,400 - WARNING -   Unmappable rating Italy BBG_Rating_Moody_FC: {'error': 'BAD_FLD: Field not valid'} — skipped
2026-08-09 13:07:55,644 - WARNING -   Unmappable rating Japan BBG_Rating_Moody_LC: {'error': 'BAD_FLD: Field not valid'} — skipped
2026-08-09 13:07:55,644 - WARNING -   Unmappable rating Japan BBG_Rating_Moody_FC: {'error': 'BAD_FLD: Field not valid'} — skipped
2026-08-09 13:07:55,924 - WARNING -   Unmappable rating Korea BBG_Rating_Moody_LC: {'error': 'BAD_FLD: Field not valid'} — skipped
2026-08-09 13:07:55,924 - WARNING -   Unmappable rating Korea BBG_Rating_Moody_FC: {'error': 'BAD_FLD: Field not valid'} — skipped
2026-08-09 13:07:56,190 - WARNING -   Unmappable rating Malaysia BBG_Rating_Moody_LC: {'error': 'BAD_FLD: Field not valid'} — skipped
2026-08-09 13:07:56,190 - WARNING -   Unmappable rating Malaysia BBG_Rating_Moody_FC: {'error': 'BAD_FLD: Field not valid'} — skipped
2026-08-09 13:07:56,471 - WARNING -   Unmappable rating Mexico BBG_Rating_Moody_LC: {'error': 'BAD_FLD: Field not valid'} — skipped
2026-08-09 13:07:56,471 - WARNING -   Unmappable rating Mexico BBG_Rating_Moody_FC: {'error': 'BAD_FLD: Field not valid'} — skipped
2026-08-09 13:07:56,689 - WARNING -   Unmappable rating NASDAQ BBG_Rating_Moody_LC: {'error': 'BAD_FLD: Field not valid'} — skipped
2026-08-09 13:07:56,689 - WARNING -   Unmappable rating NASDAQ BBG_Rating_Moody_FC: {'error': 'BAD_FLD: Field not valid'} — skipped
2026-08-09 13:07:56,955 - WARNING -   Unmappable rating Netherlands BBG_Rating_Moody_LC: {'error': 'BAD_FLD: Field not valid'} — skipped
2026-08-09 13:07:56,955 - WARNING -   Unmappable rating Netherlands BBG_Rating_Moody_FC: {'error': 'BAD_FLD: Field not valid'} — skipped
2026-08-09 13:07:57,230 - WARNING -   Unmappable rating Philippines BBG_Rating_Moody_LC: {'error': 'BAD_FLD: Field not valid'} — skipped
2026-08-09 13:07:57,230 - WARNING -   Unmappable rating Philippines BBG_Rating_Moody_FC: {'error': 'BAD_FLD: Field not valid'} — skipped
2026-08-09 13:07:57,443 - WARNING -   Unmappable rating Poland BBG_Rating_Moody_LC: {'error': 'BAD_FLD: Field not valid'} — skipped
2026-08-09 13:07:57,443 - WARNING -   Unmappable rating Poland BBG_Rating_Moody_FC: {'error': 'BAD_FLD: Field not valid'} — skipped
2026-08-09 13:07:57,745 - WARNING -   Unmappable rating Saudi Arabia BBG_Rating_Moody_LC: {'error': 'BAD_FLD: Field not valid'} — skipped
2026-08-09 13:07:57,745 - WARNING -   Unmappable rating Saudi Arabia BBG_Rating_Moody_FC: {'error': 'BAD_FLD: Field not valid'} — skipped
2026-08-09 13:07:58,025 - WARNING -   Unmappable rating Singapore BBG_Rating_Moody_LC: {'error': 'BAD_FLD: Field not valid'} — skipped
2026-08-09 13:07:58,025 - WARNING -   Unmappable rating Singapore BBG_Rating_Moody_FC: {'error': 'BAD_FLD: Field not valid'} — skipped
2026-08-09 13:07:58,269 - WARNING -   Unmappable rating South Africa BBG_Rating_Moody_LC: {'error': 'BAD_FLD: Field not valid'} — skipped
2026-08-09 13:07:58,271 - WARNING -   Unmappable rating South Africa BBG_Rating_Moody_FC: {'error': 'BAD_FLD: Field not valid'} — skipped
2026-08-09 13:07:58,532 - WARNING -   Unmappable rating Spain BBG_Rating_Moody_LC: {'error': 'BAD_FLD: Field not valid'} — skipped
2026-08-09 13:07:58,533 - WARNING -   Unmappable rating Spain BBG_Rating_Moody_FC: {'error': 'BAD_FLD: Field not valid'} — skipped
2026-08-09 13:07:58,839 - WARNING -   Unmappable rating Sweden BBG_Rating_Moody_LC: {'error': 'BAD_FLD: Field not valid'} — skipped
2026-08-09 13:07:58,839 - WARNING -   Unmappable rating Sweden BBG_Rating_Moody_FC: {'error': 'BAD_FLD: Field not valid'} — skipped
2026-08-09 13:07:59,072 - WARNING -   Unmappable rating Switzerland BBG_Rating_Moody_LC: {'error': 'BAD_FLD: Field not valid'} — skipped
2026-08-09 13:07:59,073 - WARNING -   Unmappable rating Switzerland BBG_Rating_Moody_FC: {'error': 'BAD_FLD: Field not valid'} — skipped
2026-08-09 13:07:59,398 - WARNING -   Unmappable rating Taiwan BBG_Rating_Moody_LC: {'error': 'BAD_FLD: Field not valid'} — skipped
2026-08-09 13:07:59,398 - WARNING -   Unmappable rating Taiwan BBG_Rating_Moody_FC: {'error': 'BAD_FLD: Field not valid'} — skipped
2026-08-09 13:07:59,630 - WARNING -   Unmappable rating Thailand BBG_Rating_Moody_LC: {'error': 'BAD_FLD: Field not valid'} — skipped
2026-08-09 13:07:59,630 - WARNING -   Unmappable rating Thailand BBG_Rating_Moody_FC: {'error': 'BAD_FLD: Field not valid'} — skipped
2026-08-09 13:07:59,907 - WARNING -   Unmappable rating Turkey BBG_Rating_Moody_LC: {'error': 'BAD_FLD: Field not valid'} — skipped
2026-08-09 13:07:59,907 - WARNING -   Unmappable rating Turkey BBG_Rating_Moody_FC: {'error': 'BAD_FLD: Field not valid'} — skipped
2026-08-09 13:08:00,210 - WARNING -   Unmappable rating U.K. BBG_Rating_Moody_LC: {'error': 'BAD_FLD: Field not valid'} — skipped
2026-08-09 13:08:00,210 - WARNING -   Unmappable rating U.K. BBG_Rating_Moody_FC: {'error': 'BAD_FLD: Field not valid'} — skipped
2026-08-09 13:08:00,496 - WARNING -   Unmappable rating U.S. BBG_Rating_Moody_LC: {'error': 'BAD_FLD: Field not valid'} — skipped
2026-08-09 13:08:00,496 - WARNING -   Unmappable rating U.S. BBG_Rating_Moody_FC: {'error': 'BAD_FLD: Field not valid'} — skipped
2026-08-09 13:08:00,742 - WARNING -   Unmappable rating US SmallCap BBG_Rating_Moody_LC: {'error': 'BAD_FLD: Field not valid'} — skipped
2026-08-09 13:08:00,742 - WARNING -   Unmappable rating US SmallCap BBG_Rating_Moody_FC: {'error': 'BAD_FLD: Field not valid'} — skipped
2026-08-09 13:08:00,742 - INFO -   Pulled 32/32 countries (0 errors)
2026-08-09 13:08:00,744 - INFO -   Ratings: 94 rows, 32 countries
2026-08-09 13:08:00,744 - INFO - 
2026-08-09 13:08:00,744 - INFO - [6/11] OIS 10Y Swap Rates ...
2026-08-09 13:08:01,399 - WARNING -   Error OIS (BCSW10 Curncy): Security error for BCSW10 Curncy: Unknown/Invalid securityInvalid Security [nid:53670]
2026-08-09 13:08:02,881 - WARNING -   Error OIS (IRSW10 Curncy): Security error for IRSW10 Curncy: Unknown/Invalid securityInvalid Security [nid:54348]
2026-08-09 13:08:03,740 - WARNING -   Error OIS (MPSW10 Curncy): Security error for MPSW10 Curncy: Unknown/Invalid securityInvalid Security [nid:53363]
2026-08-09 13:08:06,239 - WARNING -   Error OIS (THSW10 Curncy): Security error for THSW10 Curncy: Unknown/Invalid securityInvalid Security [nid:53615]
2026-08-09 13:08:06,416 - WARNING -   Error OIS (TYSW10 Curncy): Security error for TYSW10 Curncy: Unknown/Invalid securityInvalid Security [nid:53629]
2026-08-09 13:08:06,748 - INFO -   Pulled 11/17 unique tickers (5 errors)
2026-08-09 13:08:06,752 - INFO -   OIS rates: 4,304 rows, 17 countries
2026-08-09 13:08:06,752 - INFO - 
2026-08-09 13:08:06,752 - INFO - [7/11] WIRP — Central Bank Rate Probabilities ...
2026-08-09 13:08:09,618 - WARNING -   Error: Philippines WIRP (PPCBKRPO Index): Unknown/Invalid Security  [nid:24061]
2026-08-09 13:08:09,838 - WARNING -   Error: Poland WIRP (PORTEFCT Index): Unknown/Invalid Security  [nid:21939]
2026-08-09 13:08:10,593 - WARNING -   Error: Taiwan WIRP (TABIRATE Index): Unknown/Invalid Security  [nid:24057]
2026-08-09 13:08:11,070 - WARNING -   Error: Turkey WIRP (TRINT1W Index): Unknown/Invalid Security  [nid:21932]
2026-08-09 13:08:17,555 - INFO -   Pulled 17/22 unique CB tickers (4 errors)
2026-08-09 13:08:17,558 - INFO -   WIRP: 6,993 rows, 25 countries
2026-08-09 13:08:17,558 - INFO - 
2026-08-09 13:08:17,558 - INFO - [8/11] ECFC — Consensus Macro Forecasts (GDP, CPI) ...
2026-08-09 13:08:18,308 - INFO -   Australia: GDP fallback ticker worked (EHGDAUY Index)
2026-08-09 13:08:18,511 - WARNING -   Error: Brazil CPI (BZCPIYOY Index): Security error for BZCPIYOY Index: Unknown/Invalid securityInvalid Security [nid:53672]
2026-08-09 13:08:18,710 - WARNING -   Error: Brazil GDP (ECGDBZ Index): Security error for ECGDBZ Index: Unknown/Invalid securityInvalid Security [nid:53283]
2026-08-09 13:08:19,710 - INFO -   Canada: GDP fallback ticker worked (EHGDCAY Index)
2026-08-09 13:08:19,946 - WARNING -   Error: Chile CPI (CLCPIYOY Index): Security error for CLCPIYOY Index: Unknown/Invalid securityInvalid Security [nid:52865]
2026-08-09 13:08:20,524 - INFO -   Chile: GDP fallback ticker worked (EHGDCLY Index)
2026-08-09 13:08:20,744 - WARNING -   Error: ChinaA CPI (CHCPIYOY Index): Security error for CHCPIYOY Index: Unknown/Invalid securityInvalid Security [nid:53217]
2026-08-09 13:08:21,324 - INFO -   ChinaA: GDP fallback ticker worked (EHGDCHY Index)
2026-08-09 13:08:21,897 - INFO -   Denmark: GDP fallback ticker worked (EHGDDKY Index)
2026-08-09 13:08:22,677 - INFO -   France: GDP fallback ticker worked (EHGDFRY Index)
2026-08-09 13:08:23,523 - INFO -   Germany: GDP fallback ticker worked (EHGDDEY Index)
2026-08-09 13:08:24,276 - WARNING -   Error: India CPI (INCPIYOY Index): Security error for INCPIYOY Index: Unknown/Invalid securityInvalid Security [nid:53504]
2026-08-09 13:08:25,386 - INFO -   Indonesia: GDP fallback ticker worked (EHGDIDY Index)
2026-08-09 13:08:26,253 - INFO -   Italy: GDP fallback ticker worked (EHGDITY Index)
2026-08-09 13:08:26,702 - WARNING -   Error: Japan GDP (ECGDJN Index): Security error for ECGDJN Index: Unknown/Invalid securityInvalid Security [nid:54058]
2026-08-09 13:08:27,340 - WARNING -   Error: Korea GDP (ECGDKO Index): Security error for ECGDKO Index: Unknown/Invalid securityInvalid Security [nid:51583]
2026-08-09 13:08:28,323 - INFO -   Malaysia: GDP fallback ticker worked (EHGDMYY Index)
2026-08-09 13:08:28,519 - WARNING -   Error: Mexico CPI (MXCPIYOY Index): Security error for MXCPIYOY Index: Unknown/Invalid securityInvalid Security [nid:54472]
2026-08-09 13:08:29,058 - INFO -   Mexico: GDP fallback ticker worked (EHGDMXY Index)
2026-08-09 13:08:29,806 - INFO -   NASDAQ: GDP fallback ticker worked (EHGDUSY Index)
2026-08-09 13:08:30,362 - INFO -   Netherlands: GDP fallback ticker worked (EHGDNLY Index)
2026-08-09 13:08:30,542 - WARNING -   Error: Philippines CPI (PHCPIYOY Index): Security error for PHCPIYOY Index: Unknown/Invalid securityInvalid Security [nid:51424]
2026-08-09 13:08:31,063 - INFO -   Philippines: GDP fallback ticker worked (EHGDPHY Index)
2026-08-09 13:08:31,864 - INFO -   Poland: GDP fallback ticker worked (EHGDPLY Index)
2026-08-09 13:08:32,403 - INFO -   Saudi Arabia: GDP fallback ticker worked (EHGDSAY Index)
2026-08-09 13:08:33,195 - INFO -   Singapore: GDP fallback ticker worked (EHGDSGY Index)
2026-08-09 13:08:34,022 - INFO -   South Africa: GDP fallback ticker worked (EHGDZAY Index)
2026-08-09 13:08:34,229 - WARNING -   Error: Spain CPI (SPCPIYOY Index): Security error for SPCPIYOY Index: Unknown/Invalid securityInvalid Security [nid:54348]
2026-08-09 13:08:34,775 - INFO -   Spain: GDP fallback ticker worked (EHGDESY Index)
2026-08-09 13:08:35,638 - INFO -   Sweden: GDP fallback ticker worked (EHGDSEY Index)
2026-08-09 13:08:36,086 - WARNING -   Error: Switzerland GDP (ECGDSW Index): Security error for ECGDSW Index: Unknown/Invalid securityInvalid Security [nid:51535]
2026-08-09 13:08:37,032 - INFO -   Taiwan: GDP fallback ticker worked (EHGDTWY Index)
2026-08-09 13:08:37,832 - INFO -   Thailand: GDP fallback ticker worked (EHGDTHY Index)
2026-08-09 13:08:38,037 - WARNING -   Error: Turkey CPI (TUCPIYOY Index): Security error for TUCPIYOY Index: Unknown/Invalid securityInvalid Security [nid:51534]
2026-08-09 13:08:38,228 - WARNING -   Error: Turkey GDP (ECGDTU Index): Security error for ECGDTU Index: Unknown/Invalid securityInvalid Security [nid:54363]
2026-08-09 13:08:39,252 - INFO -   U.K.: GDP fallback ticker worked (EHGDGBY Index)
2026-08-09 13:08:39,792 - INFO -   Vietnam: GDP fallback ticker worked (EHGDVNY Index)
2026-08-09 13:08:39,805 - INFO -   Pulled 45 unique ticker series (18 errors, 24 GDP fallbacks used)
2026-08-09 13:08:39,808 - INFO -   ECFC: 4,463 rows, 32 countries
2026-08-09 13:08:39,809 - INFO - 
2026-08-09 13:08:39,809 - INFO - [9/11] DDIS — Sovereign Debt Metrics ...
2026-08-09 13:08:40,019 - WARNING -   Error: Australia DDIS (AUDEGDP Index): Security error for AUDEGDP Index: Unknown/Invalid securityInvalid Security [nid:53671]
2026-08-09 13:08:40,228 - WARNING -   Error: Brazil DDIS (BZDEGDP Index): Security error for BZDEGDP Index: Unknown/Invalid securityInvalid Security [nid:55036]
2026-08-09 13:08:40,447 - WARNING -   Error: Canada DDIS (CADEGDP Index): Security error for CADEGDP Index: Unknown/Invalid securityInvalid Security [nid:53646]
2026-08-09 13:08:40,657 - WARNING -   Error: France DDIS (FRDEGDP Index): Security error for FRDEGDP Index: Unknown/Invalid securityInvalid Security [nid:53201]
2026-08-09 13:08:40,843 - WARNING -   Error: Germany DDIS (DEDEGDP Index): Security error for DEDEGDP Index: Unknown/Invalid securityInvalid Security [nid:53729]
2026-08-09 13:08:41,061 - WARNING -   Error: India DDIS (INDEGDP Index): Security error for INDEGDP Index: Unknown/Invalid securityInvalid Security [nid:51424]
2026-08-09 13:08:41,520 - WARNING -   Error: Italy DDIS (ITDEGDP Index): Security error for ITDEGDP Index: Unknown/Invalid securityInvalid Security [nid:53615]
2026-08-09 13:08:41,718 - WARNING -   Error: Japan DDIS (JPDEGDP Index): Security error for JPDEGDP Index: Unknown/Invalid securityInvalid Security [nid:53504]
2026-08-09 13:08:41,919 - WARNING -   Error: Korea DDIS (KODEGDP Index): Security error for KODEGDP Index: Unknown/Invalid securityInvalid Security [nid:54348]
2026-08-09 13:08:42,110 - WARNING -   Error: Mexico DDIS (MXDEGDP Index): Security error for MXDEGDP Index: Unknown/Invalid securityInvalid Security [nid:51672]
2026-08-09 13:08:42,319 - WARNING -   Error: NASDAQ DDIS (USDEGDP Index): Security error for USDEGDP Index: Unknown/Invalid securityInvalid Security [nid:51535]
2026-08-09 13:08:42,540 - WARNING -   Error: Poland DDIS (PLDEGDP Index): Security error for PLDEGDP Index: Unknown/Invalid securityInvalid Security [nid:54057]
2026-08-09 13:08:42,742 - WARNING -   Error: South Africa DDIS (ZADEGDP Index): Security error for ZADEGDP Index: Unknown/Invalid securityInvalid Security [nid:54057]
2026-08-09 13:08:42,944 - WARNING -   Error: Spain DDIS (ESDEGDP Index): Security error for ESDEGDP Index: Unknown/Invalid securityInvalid Security [nid:51424]
2026-08-09 13:08:43,172 - WARNING -   Error: Thailand DDIS (THDEGDP Index): Security error for THDEGDP Index: Unknown/Invalid securityInvalid Security [nid:53283]
2026-08-09 13:08:43,385 - WARNING -   Error: Turkey DDIS (TRDEGDP Index): Security error for TRDEGDP Index: Unknown/Invalid securityInvalid Security [nid:53363]
2026-08-09 13:08:43,590 - WARNING -   Error: U.K. DDIS (GBDEGDP Index): Security error for GBDEGDP Index: Unknown/Invalid securityInvalid Security [nid:52865]
2026-08-09 13:08:43,590 - INFO -   Pulled 1/18 unique tickers (17 errors)
2026-08-09 13:08:43,591 - INFO -   DDIS: 61 rows, 1 countries
2026-08-09 13:08:43,591 - INFO - 
2026-08-09 13:08:43,591 - INFO - [10/11] ETF Passive / Mechanical-Flow Layer ...
2026-08-09 13:09:07,286 - INFO -   Pulled 34/34 ETF proxies (0 errors)
2026-08-09 13:09:07,514 - INFO -   ETF passive layer: 32,299 rows, 11 variables, 43 countries
2026-08-09 13:09:07,515 - INFO - 
2026-08-09 13:09:07,515 - INFO - [11/11] PMI — Manufacturing & Services ...
2026-08-09 13:09:08,203 - WARNING -   Error: Brazil mfg (MPMIBZMA Index): Security error for MPMIBZMA Index: Unknown/Invalid securityInvalid Security [nid:53292]
2026-08-09 13:09:08,401 - WARNING -   Error: Brazil svc (MPMIBZSA Index): Security error for MPMIBZSA Index: Unknown/Invalid securityInvalid Security [nid:53364]
2026-08-09 13:09:10,444 - WARNING -   Error: Hong Kong mfg (MPMIHKMA Index): Security error for MPMIHKMA Index: Unknown/Invalid securityInvalid Security [nid:51415]
2026-08-09 13:09:11,845 - WARNING -   Error: Japan mfg (JNPMMAFI Index): Security error for JNPMMAFI Index: Unknown/Invalid securityInvalid Security [nid:52865]
2026-08-09 13:09:12,050 - WARNING -   Error: Japan svc (JNPMSVFI Index): Security error for JNPMSVFI Index: Unknown/Invalid securityInvalid Security [nid:53292]
2026-08-09 13:09:12,273 - WARNING -   Error: Korea mfg (MPMIKOMA Index): Security error for MPMIKOMA Index: Unknown/Invalid securityInvalid Security [nid:53244]
2026-08-09 13:09:14,194 - WARNING -   Error: Saudi Arabia mfg (MPMISAMA Index): Security error for MPMISAMA Index: Unknown/Invalid securityInvalid Security [nid:54363]
2026-08-09 13:09:14,385 - WARNING -   Error: Singapore mfg (MPMISGMA Index): Security error for MPMISGMA Index: Unknown/Invalid securityInvalid Security [nid:53363]
2026-08-09 13:09:14,556 - WARNING -   Error: South Africa mfg (MPMIZAMA Index): Security error for MPMIZAMA Index: Unknown/Invalid securityInvalid Security [nid:51534]
2026-08-09 13:09:15,277 - WARNING -   Error: Sweden mfg (MPMISEMA Index): Security error for MPMISEMA Index: Unknown/Invalid securityInvalid Security [nid:53618]
2026-08-09 13:09:15,488 - WARNING -   Error: Sweden svc (MPMISESA Index): Security error for MPMISESA Index: Unknown/Invalid securityInvalid Security [nid:53351]
2026-08-09 13:09:16,946 - INFO -   Pulled 30/41 unique tickers (11 errors)
2026-08-09 13:09:16,951 - INFO -   PMI: 1,330 rows, 23 countries
2026-08-09 13:09:16,951 - INFO - 
2026-08-09 13:09:16,952 - INFO - [11/11] M2 — Money Supply YoY ...
2026-08-09 13:09:29,663 - INFO -   Pulled 12/58 unique tickers (44 errors)
2026-08-09 13:09:29,667 - INFO -   M2: 3,429 rows, 13 countries
2026-08-09 13:09:29,668 - INFO - 
2026-08-09 13:09:29,668 - INFO -   Computing derived signal: Yield Curve Slope (10Y-2Y) ...
2026-08-09 13:09:29,675 - INFO -   Yield curve slope: 7,854 rows, 27 countries
2026-08-09 13:09:29,675 - INFO -   Computing derived signal: MIPD (from CDS spreads) ...
2026-08-09 13:09:29,676 - INFO -   MIPD: 5,550 rows, 20 countries
2026-08-09 13:09:29,676 - INFO -   Computing derived signal: Z-Spread vs OIS ...
2026-08-09 13:09:29,680 - INFO -   Z-spread OIS: 4,270 rows, 17 countries
2026-08-09 13:09:29,680 - INFO - ------------------------------------------------------------
2026-08-09 13:09:29,680 - INFO - MERGING fresh data with existing panel ...
2026-08-09 13:09:29,682 - WARNING -   Dropping 822 rows for 9 non-T2 countries: Austria, Belgium, Finland, Greece, Ireland, New Zealand, Norway, Portugal, Russian Federation
2026-08-09 13:09:29,723 - INFO -   Backed up existing panel → bloomberg_factors_panel_20260809_130929.parquet
2026-08-09 13:09:29,867 - INFO - 
Saved: /Users/arjundivecha/Dropbox/AAA Backup/A Working/ASADO/Data/processed/bloomberg_factors_panel.parquet
2026-08-09 13:09:29,867 - INFO - Saved: /Users/arjundivecha/Dropbox/AAA Backup/A Working/ASADO/Data/processed/bloomberg_factors_panel.csv
2026-08-09 13:09:29,867 - INFO - Saved: /Users/arjundivecha/Dropbox/AAA Backup/A Working/ASADO/Data/processed/bloomberg_variable_catalog.csv
2026-08-09 13:09:29,870 - INFO - 
Delta vs. previous: 106,209 → 106,600 (+391 rows)
2026-08-09 13:09:29,870 - INFO - 
============================================================
2026-08-09 13:09:29,870 - INFO - BLOOMBERG COLLECTION SUMMARY
2026-08-09 13:09:29,870 - INFO - ============================================================
2026-08-09 13:09:29,870 - INFO -   [OK  ] Bond Yields               SUCCESS
2026-08-09 13:09:29,870 - INFO -   [OK  ] CDS Spreads               SUCCESS
2026-08-09 13:09:29,870 - INFO -   [OK  ] Breakevens                SUCCESS
2026-08-09 13:09:29,870 - INFO -   [OK  ] Credit Ratings            SUCCESS
2026-08-09 13:09:29,870 - INFO -   [OK  ] OIS Rates                 SUCCESS
2026-08-09 13:09:29,870 - INFO -   [OK  ] WIRP                      SUCCESS
2026-08-09 13:09:29,870 - INFO -   [OK  ] ECFC                      SUCCESS
2026-08-09 13:09:29,870 - INFO -   [OK  ] DDIS                      SUCCESS
2026-08-09 13:09:29,870 - INFO -   [OK  ] ETF Passive               SUCCESS
2026-08-09 13:09:29,870 - INFO -   [OK  ] PMI                       SUCCESS
2026-08-09 13:09:29,870 - INFO -   [OK  ] M2                        SUCCESS
2026-08-09 13:09:29,870 - INFO -   [OK  ] Yield Curve               SUCCESS
2026-08-09 13:09:29,870 - INFO -   [OK  ] MIPD                      SUCCESS
2026-08-09 13:09:29,870 - INFO -   [OK  ] Z-Spread OIS              SUCCESS
2026-08-09 13:09:29,872 - INFO - 
Categories OK : 14/14
2026-08-09 13:09:29,872 - INFO - Variables     : 31
2026-08-09 13:09:29,872 - INFO - Countries     : 34/34
2026-08-09 13:09:29,872 - INFO - Total rows    : 106,600
2026-08-09 13:09:29,872 - INFO - Date range    : 1975-12 → 2026-08
2026-08-09 13:09:29,872 - INFO - Elapsed       : 149.9s
2026-08-09 13:09:29,872 - INFO - ============================================================


────────────────────────────────────────────────────────────
STEP: Program 6a: T2 Bloomberg Master (live blpapi -> T2 Bloomberg Master.xlsx)
CMD:  conda run -p /Users/arjundivecha/Dropbox/AAA Backup/A Working/OpusBloomberg/.venv python /Users/arjundivecha/Dropbox/AAA Backup/A Working/ASADO/scripts/collect_t2_bloomberg.py
────────────────────────────────────────────────────────────
== 1084 ticker-field series in 24 batched requests (by field), 19991231->20260809, USD, MONTHLY ==
[2026-08-09 13:09:31] 
[2026-08-09 13:09:31] ============================================================
[2026-08-09 13:09:31]   BLOOMBERG API CONNECTION SETUP
[2026-08-09 13:09:31]   2026-08-09 13:09:31
[2026-08-09 13:09:31] ============================================================
[2026-08-09 13:09:31] ============================================================
[2026-08-09 13:09:31] STEP 1: Checking Parallels Windows VM...
[2026-08-09 13:09:31] ============================================================
[2026-08-09 13:09:31]   OK: 'Windows 11' is running
[2026-08-09 13:09:31]   Detecting VM IP address...
[2026-08-09 13:09:31]   Found IP(s): 10.211.55.3 -> using 10.211.55.3
[2026-08-09 13:09:31] 
[2026-08-09 13:09:31] ============================================================
[2026-08-09 13:09:31] STEP 2: Checking Bloomberg Terminal...
[2026-08-09 13:09:31] ============================================================
[2026-08-09 13:09:32]   OK: Bloomberg is running (7 processes found)
[2026-08-09 13:09:32]       - bplus64.exe
[2026-08-09 13:09:32]       - blpwtk2_subprocess.exe
[2026-08-09 13:09:32]       - bbsvchost.exe
[2026-08-09 13:09:32]       - blpsmarthost.exe
[2026-08-09 13:09:32]       - bplus.wtk2.exe
[2026-08-09 13:09:32]       ... and 2 more
[2026-08-09 13:09:32] 
[2026-08-09 13:09:32] ============================================================
[2026-08-09 13:09:32] STEP 3: Ensuring bbcomm.exe is running...
[2026-08-09 13:09:32] ============================================================
[2026-08-09 13:09:33]   OK: bbcomm.exe is already running
[2026-08-09 13:09:33] 
[2026-08-09 13:09:33] ============================================================
[2026-08-09 13:09:33] STEP 4: Ensuring port forwarding...
[2026-08-09 13:09:33] ============================================================
[2026-08-09 13:09:34]   OK: Port forwarding already configured
[2026-08-09 13:09:34]       10.211.55.3:8194 -> 127.0.0.1:8194
[2026-08-09 13:09:34] 
[2026-08-09 13:09:34] ============================================================
[2026-08-09 13:09:34] STEP 5: Ensuring Windows Firewall rule...
[2026-08-09 13:09:34] ============================================================
[2026-08-09 13:09:34]   OK: Firewall rule 'Bloomberg API' already exists
[2026-08-09 13:09:34] 
[2026-08-09 13:09:34] ============================================================
[2026-08-09 13:09:34] STEP 6: Testing TCP connectivity from macOS...
[2026-08-09 13:09:34] ============================================================
[2026-08-09 13:09:34]   OK: Port 8194 is reachable on 10.211.55.3
[2026-08-09 13:09:34] 
[2026-08-09 13:09:34] ============================================================
[2026-08-09 13:09:34] STEP 7: Testing Bloomberg data pull...
[2026-08-09 13:09:34] ============================================================
[2026-08-09 13:09:34]   blpapi version: 3.25.12.1
[2026-08-09 13:09:34]   Connecting to 10.211.55.3:8194...
[2026-08-09 13:09:34]   Session started OK
[2026-08-09 13:09:34]   Reference data service opened OK
[2026-08-09 13:09:35]   OK: APPLE INC — Last Price: $313.330000
[2026-08-09 13:09:35] 
[2026-08-09 13:09:35] ============================================================
[2026-08-09 13:09:35]   ALL CHECKS PASSED — Bloomberg API is ready!
[2026-08-09 13:09:35]   Host: 10.211.55.3  Port: 8194
[2026-08-09 13:09:35] ============================================================
[2026-08-09 13:09:35] 
  probe: {'PX_LAST': '313.330000'}
    [1/24] BEST_CUR_EV_TO_EBITDA: 34 tickers (5.6s)
    [2/24] BEST_DIV_YLD: 34 tickers (8.3s)
    [3/24] BEST_EPS: 34 tickers (10.6s)
    [4/24] BEST_PE_RATIO: 34 tickers (12.8s)
    [5/24] BEST_PX_BPS_RATIO: 34 tickers (15.3s)
    [6/24] BEST_PX_CPS_RATIO: 34 tickers (17.8s)
    [7/24] BEST_PX_SALES_RATIO: 34 tickers (20.4s)
    [8/24] BEST_ROE: 34 tickers (23.4s)
    [9/24] EARN_YLD: 34 tickers (28.7s)
    [10/24] IN090: 34 tickers (33.6s)
    [11/24] INDX_ADJ_POS_PX_EE: 34 tickers (36.6s)
    [12/24] IX109: 34 tickers (44.1s)
    [13/24] LONG_TERM_PRICE_EARNINGS_RATIO: 34 tickers (51.9s)
    [14/24] MOV_AVG_120D: 34 tickers (56.3s)
    [15/24] OPER_MARGIN: 34 tickers (63.3s)
    [16/24] PE_RATIO: 34 tickers (67.8s)
    [17/24] PX_LAST: 310 tickers (72.4s)
    [18/24] RSI_14D: 34 tickers (78.2s)
    [19/24] TOTAL_DEBT_TO_CURRENT_EV: 34 tickers (84.2s)
    [20/24] TRAIL_12M_EPS: 34 tickers (88.8s)
    [21/24] VOLATILITY_360D: 26 tickers (93.1s)
    [22/24] tot_return_index_gross_dvds: 34 tickers (96.3s)
    [23/24] volatility_20D: 34 tickers (100.6s)
    [24/24] volatility_360D: 34 tickers (108.4s)
  all pulls done in 108.4s
== 25 no-override series pulling in LOCAL terms ==
    [1/1] local PX_LAST: 25 tickers (1.9s)
  local-terms pulls done in 1.9s

== wrote /Users/arjundivecha/Dropbox/AAA Backup/A Working/ASADO/Data/work/t2/T2 Bloomberg Master.xlsx (41 sheets) ==


────────────────────────────────────────────────────────────
STEP: Program 6b: T2 Master (P2P + Bloomberg → T2 Master.xlsx)
CMD:  /Users/arjundivecha/Dropbox/AAA Backup/A Working/ASADO/venv/bin/python /Users/arjundivecha/Dropbox/AAA Backup/A Working/ASADO/scripts/build_t2_master.py
CWD:  /Users/arjundivecha/Dropbox/AAA Backup/A Working/ASADO
────────────────────────────────────────────────────────────
2026-08-09 13:11:28,717 - INFO - === PHASE 1: P2P Score Calculation ===
2026-08-09 13:11:28,976 - INFO - P2P: downloading 34 tickers via yfinance ...
2026-08-09 13:11:34,742 - INFO - P2P: downloaded prices for 33 tickers
2026-08-09 13:11:37,961 - INFO - P2P: computed scores for 320 months, 34 tickers
2026-08-09 13:11:38,046 - INFO - P2P scores saved: /Users/arjundivecha/Dropbox/AAA Backup/A Working/ASADO/Data/work/t2/P2P_Country_Historical_Scores.xlsx
2026-08-09 13:11:38,046 - INFO - === PHASE 2: T2 Master Generation ===
2026-08-09 13:11:38,238 - INFO - Bloomberg master freshness OK: latest 2026-07-31 (month 2026-07 >= required 2026-07).
2026-08-09 13:11:38,238 - INFO - Loading Bloomberg file: /Users/arjundivecha/Dropbox/AAA Backup/A Working/ASADO/Data/work/t2/T2 Bloomberg Master.xlsx
2026-08-09 13:11:38,254 - INFO - Loading P2P scores: /Users/arjundivecha/Dropbox/AAA Backup/A Working/ASADO/Data/work/t2/P2P_Country_Historical_Scores.xlsx
2026-08-09 13:11:38,279 - INFO - Processing Tot Return Index → forward + trailing returns
2026-08-09 13:11:38,745 - INFO -   Gold 12-month change
2026-08-09 13:11:38,820 - INFO -   Copper 12-month change
2026-08-09 13:11:38,895 - INFO -   Oil 12-month change
2026-08-09 13:11:38,991 - INFO -   Agriculture 12-month change
2026-08-09 13:11:39,068 - INFO -   Currency 12-month change
2026-08-09 13:11:39,143 - INFO -   10Yr Bond 12-month change
2026-08-09 13:11:39,217 - INFO -   Trailing EPS 36-month change
2026-08-09 13:11:39,311 - INFO -   120MA Signal
2026-08-09 13:11:39,417 - INFO -   sheet: Gold
2026-08-09 13:11:41,596 - INFO -   cleaned: 34 winsorized, 0 local outliers
2026-08-09 13:11:41,630 - INFO -   sheet: LT Growth
2026-08-09 13:11:43,607 - INFO -   cleaned: 2414 winsorized, 44 local outliers
2026-08-09 13:11:43,652 - INFO -   sheet: Advance Decline
2026-08-09 13:11:45,980 - INFO -   cleaned: 495 winsorized, 4 local outliers
2026-08-09 13:11:46,018 - INFO -   sheet: Oil
2026-08-09 13:11:48,311 - INFO -   sheet: Copper
2026-08-09 13:11:50,619 - INFO -   sheet: Agriculture
2026-08-09 13:11:52,852 - INFO -   sheet: Debt to EV
2026-08-09 13:11:55,015 - INFO -   cleaned: 473 winsorized, 34 local outliers
2026-08-09 13:11:55,051 - INFO -   sheet: EV to EBITDA
2026-08-09 13:11:56,872 - INFO -   cleaned: 545 winsorized, 39 local outliers
2026-08-09 13:11:56,902 - INFO -   sheet: Budget Def
2026-08-09 13:11:57,106 - INFO -   cleaned: 32 winsorized, 6 local outliers
2026-08-09 13:11:57,110 - INFO -   sheet: Debt to GDP
2026-08-09 13:11:57,254 - INFO -   cleaned: 2 winsorized, 1 local outliers
2026-08-09 13:11:57,256 - INFO -   sheet: REER
2026-08-09 13:11:59,520 - INFO -   cleaned: 2 winsorized, 8 local outliers
2026-08-09 13:11:59,557 - INFO -   sheet: GDP
2026-08-09 13:11:59,765 - INFO -   cleaned: 27 winsorized, 6 local outliers
2026-08-09 13:11:59,770 - INFO -   sheet: Bloom Country Risk
2026-08-09 13:12:00,269 - INFO -   cleaned: 2 winsorized, 5 local outliers
2026-08-09 13:12:00,276 - INFO -   sheet: Current Account
2026-08-09 13:12:01,036 - INFO -   cleaned: 146 winsorized, 1 local outliers
2026-08-09 13:12:01,050 - INFO -   sheet: Inflation
2026-08-09 13:12:03,303 - INFO -   cleaned: 884 winsorized, 7 local outliers
2026-08-09 13:12:03,343 - INFO -   sheet: PX_LAST
2026-08-09 13:12:05,552 - INFO -   cleaned: 335 winsorized, 7 local outliers
2026-08-09 13:12:05,588 - INFO -   sheet: 120MA
2026-08-09 13:12:07,787 - INFO -   cleaned: 889 winsorized, 2 local outliers
2026-08-09 13:12:07,824 - INFO -   sheet: RSI14
2026-08-09 13:12:10,133 - INFO -   cleaned: 285 winsorized, 12 local outliers
2026-08-09 13:12:10,172 - INFO -   sheet: Tot Return Index 
2026-08-09 13:12:12,585 - INFO -   cleaned: 351 winsorized, 8 local outliers
2026-08-09 13:12:12,623 - INFO -   sheet: MCAP
2026-08-09 13:12:14,877 - INFO -   cleaned: 1429 winsorized, 5 local outliers
2026-08-09 13:12:14,918 - INFO -   sheet: Earnings Yield
2026-08-09 13:12:17,211 - INFO -   cleaned: 633 winsorized, 54 local outliers
2026-08-09 13:12:17,249 - INFO -   sheet: Best PE 
2026-08-09 13:12:19,958 - INFO -   cleaned: 2097 winsorized, 36 local outliers
2026-08-09 13:12:20,004 - INFO -   sheet: Trailing PE
2026-08-09 13:12:22,184 - INFO -   cleaned: 671 winsorized, 54 local outliers
2026-08-09 13:12:22,219 - INFO -   sheet: Positive PE 
2026-08-09 13:12:23,914 - INFO -   cleaned: 527 winsorized, 16 local outliers
2026-08-09 13:12:23,943 - INFO -   sheet: Best ROE
2026-08-09 13:12:25,813 - INFO -   cleaned: 404 winsorized, 26 local outliers
2026-08-09 13:12:25,842 - INFO -   sheet: Best Cash Flow
2026-08-09 13:12:27,728 - INFO -   cleaned: 542 winsorized, 73 local outliers
2026-08-09 13:12:27,758 - INFO -   sheet: Best PBK
2026-08-09 13:12:29,592 - INFO -   cleaned: 552 winsorized, 8 local outliers
2026-08-09 13:12:29,620 - INFO -   sheet: Best Price Sales
2026-08-09 13:12:31,844 - INFO -   cleaned: 2199 winsorized, 9 local outliers
2026-08-09 13:12:31,882 - INFO -   sheet: Best Div Yield
2026-08-09 13:12:33,637 - INFO -   cleaned: 538 winsorized, 36 local outliers
2026-08-09 13:12:33,663 - INFO -   sheet: BEST EPS
2026-08-09 13:12:35,699 - INFO -   cleaned: 2079 winsorized, 19 local outliers
2026-08-09 13:12:35,734 - INFO -   sheet: Trailing EPS
2026-08-09 13:12:37,969 - INFO -   cleaned: 715 winsorized, 20 local outliers
2026-08-09 13:12:38,005 - INFO -   sheet: Shiller PE
2026-08-09 13:12:39,854 - INFO -   cleaned: 1409 winsorized, 2 local outliers
2026-08-09 13:12:39,891 - INFO -   sheet: Operating Margin
2026-08-09 13:12:42,146 - INFO -   cleaned: 451 winsorized, 30 local outliers
2026-08-09 13:12:42,182 - INFO -   sheet: 360 Day Vol
2026-08-09 13:12:44,438 - INFO -   cleaned: 475 winsorized, 5 local outliers
2026-08-09 13:12:44,474 - INFO -   sheet: 20 Day Vol
2026-08-09 13:12:46,769 - INFO -   cleaned: 564 winsorized, 166 local outliers
2026-08-09 13:12:46,810 - INFO -   sheet: 10Yr Bond
2026-08-09 13:12:48,802 - INFO -   cleaned: 1320 winsorized, 9 local outliers
2026-08-09 13:12:48,835 - INFO -   sheet: Currency
2026-08-09 13:12:50,776 - INFO -   cleaned: 141 winsorized, 14 local outliers
2026-08-09 13:12:50,808 - INFO -   sheet: Currency Vol
2026-08-09 13:12:52,739 - INFO -   cleaned: 131 winsorized, 6 local outliers
2026-08-09 13:12:52,772 - INFO -   sheet: MCAP Adj
2026-08-09 13:12:54,767 - INFO -   cleaned: 1429 winsorized, 5 local outliers
2026-08-09 13:12:54,799 - INFO -   sheet: Mcap Weights
2026-08-09 13:12:54,888 - INFO - P2P sheet written
2026-08-09 13:12:55,711 - INFO - Wrote 3.8 MB → /Users/arjundivecha/Dropbox/AAA Backup/A Working/ASADO/Data/work/t2/T2 Master.xlsx
2026-08-09 13:12:55,712 - INFO - Wrote 3.8 MB → /Users/arjundivecha/Dropbox/AAA Backup/A Working/ASADO/Data/work/gdelt/T2 Master.xlsx
2026-08-09 13:12:55,713 - INFO - Wrote 3.8 MB → /Users/arjundivecha/Dropbox/AAA Backup/A Working/ASADO/Data/work/econ/T2 Master.xlsx


────────────────────────────────────────────────────────────
STEP: Vintage Snapshot (Data/processed -> Data/vintages)
CMD:  /Users/arjundivecha/Dropbox/AAA Backup/A Working/ASADO/venv/bin/python /Users/arjundivecha/Dropbox/AAA Backup/A Working/ASADO/scripts/snapshot_vintages.py --force
CWD:  /Users/arjundivecha/Dropbox/AAA Backup/A Working/ASADO
────────────────────────────────────────────────────────────
Building manifest for /Users/arjundivecha/Dropbox/AAA Backup/A Working/ASADO/Data/processed ...
Copying 40 files (177 MB) -> /Users/arjundivecha/Dropbox/AAA Backup/A Working/ASADO/Data/vintages/2026_08/processed/
Vintage 2026_08 written. Manifest: /Users/arjundivecha/Dropbox/AAA Backup/A Working/ASADO/Data/vintages/2026_08/manifest.json



============================================================
  STAGE 2A: DUCKDB PASS 1 (existing CSVs)
============================================================

────────────────────────────────────────────────────────────
STEP: DuckDB Rebuild (pass 1)
CMD:  /Users/arjundivecha/Dropbox/AAA Backup/A Working/ASADO/venv/bin/python /Users/arjundivecha/Dropbox/AAA Backup/A Working/ASADO/scripts/setup_duckdb.py
CWD:  /Users/arjundivecha/Dropbox/AAA Backup/A Working/ASADO
────────────────────────────────────────────────────────────
OPTIONAL NOT FOUND (will skip): /Users/arjundivecha/Dropbox/AAA Backup/A Working/ASADO/Data/processed/wb_commodity_factor_panel.parquet
============================================================
ASADO DuckDB Setup
============================================================
Database path: /Users/arjundivecha/Dropbox/AAA Backup/A Working/ASADO/Data/asado.duckdb

Removed existing database (clean rebuild)
Loading T2 Master CSV ...
  t2_master: 1,081,744 rows, 111 variables, 34 countries

Loading raw T2 workbook factors ...
  t2_raw: 477,965 rows, 53 variables, 34 countries

Creating country_reference table ...
  country_reference: 40 canonical ISO3 mappings

Loading External Factors Panel ...
  external_factors: 138,042 rows, 35 variables, 43 countries

Loading Extended Factors Panel ...
  extended_factors: broadcast 38,280 global U.S. Treasury rows
  extended_factors: 115,881 rows, 53 variables, 43 countries

Loading GDELT normalized CSV ...
  gdelt_panel: 417,350 rows, 93 variables, 34 countries

Loading IMF Factors Panel ...
  imf_factors: 125,474 rows, 26 variables, 43 countries

Loading Macrostructure Panel ...
  macrostructure_factors: 97,105 rows, 26 variables, 43 countries

Loading World Bank Commodity Price Intelligence ...
  wb_commodity: 71 prices, 16 indices, 87 projected variables, 438,313 factor rows, latest=2026-07-01

Loading JST Macrohistory (isolated annual calibration corpus) ...
  jst_macrohistory: 83,725 rows, 52 variables, 13 countries (annual 1870-2020; NOT in unified_panel)

Loading Ken French factors (isolated regional benchmark corpus) ...
  ff_factors: 542,125 rows, 8 regions, 7 variables (monthly+daily; NOT in unified_panel)

Loading bilateral portfolio matrix ...
  bilateral_portfolio_matrix: 92,079 rows, 38 reporters, 40 counterparts

Loading Bloomberg Factors Panel ...
  bloomberg_factors: 106,600 rows, 31 variables, 34 countries

Loading Factor Returns Panel ...
  factor_returns: 106,426 rows, 390 factors, 3 sources

Loading Factor Top-20 Membership Panel ...
  factor_top20_membership: 749,227 rows, 393 factors, 34 countries

Loading Demographic Inflation Factors (DIP) ...
  demographics_dip: 20,026 rows, 4 variables, 34 countries

Creating country_factor_attribution view ...
  country_factor_attribution: 731,448 rows (view)

Creating unified_panel view ...
  unified_panel: 2,580,187 rows, 431 variables (commodities excluded — see commodity_panel)
Creating commodity_panel view (global series) ...
  commodity_panel: 438,313 rows, 609 variables, 87 global series (date-keyed, no country)

Creating indexes ...
  Indexes created on factor tables, country_reference, commodity, bilateral ownership, and optimizer panels

============================================================
Total rows loaded:  5,093,676
Database size:      195.6 MB
Elapsed:            6.5s
Database path:      /Users/arjundivecha/Dropbox/AAA Backup/A Working/ASADO/Data/asado.duckdb
============================================================


────────────────────────────────────────────────────────────
STEP: Normalization Layer (pass 1)
CMD:  /Users/arjundivecha/Dropbox/AAA Backup/A Working/ASADO/venv/bin/python /Users/arjundivecha/Dropbox/AAA Backup/A Working/ASADO/scripts/build_normalized_panel.py
CWD:  /Users/arjundivecha/Dropbox/AAA Backup/A Working/ASADO
────────────────────────────────────────────────────────────
============================================================
ASADO Normalization Layer
============================================================
Database: /Users/arjundivecha/Dropbox/AAA Backup/A Working/ASADO/Data/asado.duckdb
  unified_panel:    2,580,187 rows, 431 variables
  normalized_panel: 964,935 rows, 299 variables
  feature_panel:    3,545,122 rows, 730 variables
  feature_panel_t2: 3,315,909 rows, 34 countries (T2-only default view)

  Top normalized variables by row count:
                 variable  rows
        Global_GPR_Act_TS 20468
            Global_GPR_TS 20468
     Global_GPR_Threat_TS 20468
              BIS_REER_CS 13356
          FRED_UST_10Y_TS 12728
           FRED_UST_2Y_TS 12728
FRED_Yield_Curve_10Y2Y_TS 12728
              BIS_REER_TS 12390
         IMF_CPI_Index_CS 12360
 IMF_CPI_Inflation_YoY_CS 11868
                   GPR_CS 11477
         IMF_CPI_Index_TS 11417

Completed in 11.7s



============================================================
  STAGE 2B: WORKBOOK EXPORTS
============================================================

────────────────────────────────────────────────────────────
STEP: Econ Workbook Export (Econ.xlsx)
CMD:  /Users/arjundivecha/Dropbox/AAA Backup/A Working/ASADO/venv/bin/python /Users/arjundivecha/Dropbox/AAA Backup/A Working/ASADO/scripts/build_econ_panel.py
CWD:  /Users/arjundivecha/Dropbox/AAA Backup/A Working/ASADO
────────────────────────────────────────────────────────────
2026-08-09 13:13:15,495 - INFO - Econ redundancy prune: 146 -> 123 sheets (23 redundant dropped).
2026-08-09 13:13:15,502 - INFO - Querying unified_panel for 123 variables ...
2026-08-09 13:13:15,910 - INFO - Loaded 123 variables, 0 missing from DB
2026-08-09 13:13:15,913 - INFO - Backed up existing parquet to /Users/arjundivecha/Dropbox/AAA Backup/A Working/ASADO/Data/backups/2026_08_09_131315
2026-08-09 13:13:16,229 - INFO - Saved local parquet: /Users/arjundivecha/Dropbox/AAA Backup/A Working/ASADO/Data/processed/econ_workbook_panel.parquet (366197 rows)
2026-08-09 13:13:16,291 - INFO - Building workbook: INDEX + 123 data sheets ...
2026-08-09 13:13:25,908 - INFO - Wrote /Users/arjundivecha/Dropbox/AAA Backup/A Working/ASADO/Data/work/econ/Econ.xlsx (2.6 MB, 124 sheets: 1 INDEX + 123 data, 0 empty)


────────────────────────────────────────────────────────────
STEP: GDELT Ingest (GKG source -> panels + workbooks, in-repo)
CMD:  /Users/arjundivecha/Dropbox/AAA Backup/A Working/ASADO/venv/bin/python /Users/arjundivecha/Dropbox/AAA Backup/A Working/ASADO/scripts/gdelt_ingest/build_fullhistory_workbook.py --daily --save-panels --country-day-dir /Users/arjundivecha/Dropbox/AAA Backup/A Working/ASADO/Data/gdelt/country_day --manifest-dir /Users/arjundivecha/Dropbox/AAA Backup/A Working/ASADO/Data/gdelt/manifests/country_day --lookups-dir /Users/arjundivecha/Dropbox/AAA Backup/A Working/ASADO/Data/gdelt/lookups --panels-dir /Users/arjundivecha/Dropbox/AAA Backup/A Working/ASADO/Data/gdelt/panels --output /Users/arjundivecha/Dropbox/AAA Backup/A Working/ASADO/Data/gdelt/spreadsheet/GDELT.xlsx --output-daily /Users/arjundivecha/Dropbox/AAA Backup/A Working/ASADO/Data/gdelt/spreadsheet/GDELT_DAILY.xlsx
CWD:  /Users/arjundivecha/Dropbox/AAA Backup/A Working/ASADO
────────────────────────────────────────────────────────────
masterfilelist is 384.6h old – refreshing
fetching 39 new dates (2026-07-02 → 2026-08-09) with 4 workers
  [1/39] ok 2026-07-05
  [2/39] ok 2026-07-04
  [3/39] ok 2026-07-03
  [4/39] ok 2026-07-02
  [5/39] ok 2026-07-06
  [6/39] ok 2026-07-07
  [7/39] ok 2026-07-08
  [8/39] ok 2026-07-11
  [9/39] ok 2026-07-10
  [10/39] ok 2026-07-09
  [11/39] ok 2026-07-12
  [12/39] ok 2026-07-13
  [13/39] ok 2026-07-14
  [14/39] ok 2026-07-15
  [15/39] ok 2026-07-16
  [16/39] ok 2026-07-19
  [17/39] ok 2026-07-18
  [18/39] ok 2026-07-17
  [19/39] ok 2026-07-20
  [20/39] ok 2026-07-22
  [21/39] ok 2026-07-23
  [22/39] ok 2026-07-21
  [23/39] ok 2026-07-24
  [24/39] ok 2026-07-25
  [25/39] ok 2026-07-26
  [26/39] ok 2026-07-27
  [27/39] ok 2026-07-28
  [28/39] ok 2026-07-30
  [29/39] ok 2026-07-29
  [30/39] ok 2026-07-31
  [31/39] ok 2026-08-01
  [32/39] ok 2026-08-02
  [33/39] ok 2026-08-03
  [34/39] ok 2026-08-04
  [35/39] ok 2026-08-05
  [36/39] ok 2026-08-06
  [37/39] ok 2026-08-07
  [38/39] ok 2026-08-09
  [39/39] ok 2026-08-08
fetch complete: 39 dates processed
loading country-day parquet files...
  loaded 981528 rows, 4174 dates, 249 countries
computing daily signals...
  daily signal panel: 981528 rows
building monthly metronome...
  monthly panel: 33510 rows, 139 months, 249 countries
building daily metronome...
  daily metronome panel: 981528 rows, 4174 days, 249 countries
  saved /Users/arjundivecha/Dropbox/AAA Backup/A Working/ASADO/Data/gdelt/panels/country_signal_daily.parquet
  saved /Users/arjundivecha/Dropbox/AAA Backup/A Working/ASADO/Data/gdelt/panels/country_signal_daily.csv
  saved /Users/arjundivecha/Dropbox/AAA Backup/A Working/ASADO/Data/gdelt/panels/country_signal_monthly_fullhistory.parquet
  saved /Users/arjundivecha/Dropbox/AAA Backup/A Working/ASADO/Data/gdelt/panels/country_signal_monthly_fullhistory.csv
  saved /Users/arjundivecha/Dropbox/AAA Backup/A Working/ASADO/Data/gdelt/panels/country_signal_daily_metronome.parquet
  saved /Users/arjundivecha/Dropbox/AAA Backup/A Working/ASADO/Data/gdelt/panels/country_signal_daily_metronome.csv
exporting workbook to /Users/arjundivecha/Dropbox/AAA Backup/A Working/ASADO/Data/gdelt/spreadsheet/GDELT.xlsx...
  saved /Users/arjundivecha/Dropbox/AAA Backup/A Working/ASADO/Data/gdelt/spreadsheet/GDELT.xlsx (46 sheets, 139 dates, 34 country buckets)
saved /Users/arjundivecha/Dropbox/AAA Backup/A Working/ASADO/Data/gdelt/spreadsheet/GDELT_DAILY.xlsx (37 sheets, 4174 daily dates, 34 country buckets)

done.

  GDELT.xlsx -> /Users/arjundivecha/Dropbox/AAA Backup/A Working/ASADO/Data/work/gdelt/GDELT.xlsx (for normalize/optimizer)


============================================================
  STAGE 2C: T2 PIPELINE STEP TWOS
============================================================

────────────────────────────────────────────────────────────
STEP: T2 Normalize (ASADO → Normalized_T2_MasterCSV.csv)
CMD:  /Users/arjundivecha/Dropbox/AAA Backup/A Working/ASADO/venv/bin/python /Users/arjundivecha/Dropbox/AAA Backup/A Working/ASADO/scripts/t2_normalize.py --no-xlsx
CWD:  /Users/arjundivecha/Dropbox/AAA Backup/A Working/ASADO
────────────────────────────────────────────────────────────
2026-08-09 13:18:58,974 - INFO - Wrote /Users/arjundivecha/Dropbox/AAA Backup/A Working/ASADO/Data/work/t2/Normalized_T2_MasterCSV.csv (1085246 rows, 111 variables)

  Copied Normalized_T2_MasterCSV.csv → gdelt/
  Copied Normalized_T2_MasterCSV.csv → econ/

────────────────────────────────────────────────────────────
STEP: Benchmark Returns (ASADO -> Portfolio_Data.xlsx)
CMD:  /Users/arjundivecha/Dropbox/AAA Backup/A Working/ASADO/venv/bin/python /Users/arjundivecha/Dropbox/AAA Backup/A Working/ASADO/scripts/build_benchmark_rets.py
CWD:  /Users/arjundivecha/Dropbox/AAA Backup/A Working/ASADO
────────────────────────────────────────────────────────────
Reading data from /Users/arjundivecha/Dropbox/AAA Backup/A Working/ASADO/Data/work/t2/T2 Master.xlsx ...
  1MRet: shape=(319, 34) range=2000-02-01..2026-08-01
  aligned: 34 common assets, 319 rows
  equal_weight: mean=0.7495% ann=9.3742% last=2026-07-01
  mcap_weight: mean=0.6876% ann=8.5710% last=2026-07-01
  us_market: mean=0.7797% ann=9.7684% last=2026-07-01
  saved /Users/arjundivecha/Dropbox/AAA Backup/A Working/ASADO/Data/work/t2/Portfolio_Data.xlsx (returns 2000-02-01..2026-08-01, 319 rows)
done.

  Copied Portfolio_Data.xlsx -> gdelt/
  Copied Portfolio_Data.xlsx -> econ/

────────────────────────────────────────────────────────────
STEP: GDELT Normalize (ASADO -> GDELT_Factors_MasterCSV.csv)
CMD:  /Users/arjundivecha/Dropbox/AAA Backup/A Working/ASADO/venv/bin/python /Users/arjundivecha/Dropbox/AAA Backup/A Working/ASADO/scripts/gdelt_normalize.py
CWD:  /Users/arjundivecha/Dropbox/AAA Backup/A Working/ASADO
────────────────────────────────────────────────────────────
2026-08-09 13:19:02,513 - INFO - Wrote /Users/arjundivecha/Dropbox/AAA Backup/A Working/ASADO/Data/work/gdelt/GDELT_Factors_MasterCSV.csv (420512 rows, 93 vars, window 2015-09-01..2026-09-01)


────────────────────────────────────────────────────────────
STEP: Econ Normalize (ASADO → Econ_Factors_MasterCSV.csv)
CMD:  /Users/arjundivecha/Dropbox/AAA Backup/A Working/ASADO/venv/bin/python /Users/arjundivecha/Dropbox/AAA Backup/A Working/ASADO/scripts/econ_normalize.py
CWD:  /Users/arjundivecha/Dropbox/AAA Backup/A Working/ASADO
────────────────────────────────────────────────────────────
2026-08-09 13:19:11,122 - INFO - Wrote /Users/arjundivecha/Dropbox/AAA Backup/A Working/ASADO/Data/work/econ/Econ_Factors_MasterCSV.csv (2071382 rows, 217 vars, window 2000-02-01..2026-08-01)


────────────────────────────────────────────────────────────
STEP: T2 Optimizer Step Three (ASADO → T2_Top_20_Exposure.csv)
CMD:  /Users/arjundivecha/Dropbox/AAA Backup/A Working/ASADO/venv/bin/python /Users/arjundivecha/Dropbox/AAA Backup/A Working/ASADO/scripts/t2_optimizer.py --step three
CWD:  /Users/arjundivecha/Dropbox/AAA Backup/A Working/ASADO
────────────────────────────────────────────────────────────
2026-08-09 13:19:11,966 - INFO - Step Three: 85 factors (soft 15-25% band)
2026-08-09 13:19:47,239 - INFO - Wrote /Users/arjundivecha/Dropbox/AAA Backup/A Working/ASADO/Data/work/t2/T2_Top_20_Exposure.csv (10846 rows)


────────────────────────────────────────────────────────────
STEP: T2 Optimizer Step Four (ASADO → T2_Optimizer.xlsx)
CMD:  /Users/arjundivecha/Dropbox/AAA Backup/A Working/ASADO/venv/bin/python /Users/arjundivecha/Dropbox/AAA Backup/A Working/ASADO/scripts/t2_optimizer.py --step four
CWD:  /Users/arjundivecha/Dropbox/AAA Backup/A Working/ASADO
────────────────────────────────────────────────────────────
2026-08-09 13:19:48,515 - INFO - Step Four: 110 factors
2026-08-09 13:20:24,850 - INFO - Wrote /Users/arjundivecha/Dropbox/AAA Backup/A Working/ASADO/Data/work/t2/T2_Optimizer.xlsx (318 rows x 82 factors)


────────────────────────────────────────────────────────────
STEP: GDELT Optimizer Step Three (ASADO -> GDELT_Top_20_Exposure.csv)
CMD:  /Users/arjundivecha/Dropbox/AAA Backup/A Working/ASADO/venv/bin/python /Users/arjundivecha/Dropbox/AAA Backup/A Working/ASADO/scripts/t2_optimizer.py --pipeline gdelt --step three
CWD:  /Users/arjundivecha/Dropbox/AAA Backup/A Working/ASADO
────────────────────────────────────────────────────────────
2026-08-09 13:20:25,489 - INFO - Step Three: 92 factors (soft 15-25% band)
2026-08-09 13:20:43,656 - INFO - Wrote /Users/arjundivecha/Dropbox/AAA Backup/A Working/ASADO/Data/work/gdelt/GDELT_Top_20_Exposure.csv (4522 rows)


────────────────────────────────────────────────────────────
STEP: GDELT Optimizer Step Four (ASADO -> GDELT_Optimizer.xlsx)
CMD:  /Users/arjundivecha/Dropbox/AAA Backup/A Working/ASADO/venv/bin/python /Users/arjundivecha/Dropbox/AAA Backup/A Working/ASADO/scripts/t2_optimizer.py --pipeline gdelt --step four
CWD:  /Users/arjundivecha/Dropbox/AAA Backup/A Working/ASADO
────────────────────────────────────────────────────────────
2026-08-09 13:20:44,408 - INFO - Step Four: 92 factors
2026-08-09 13:20:58,998 - INFO - Wrote /Users/arjundivecha/Dropbox/AAA Backup/A Working/ASADO/Data/work/gdelt/GDELT_Optimizer.xlsx (131 rows x 92 factors)


────────────────────────────────────────────────────────────
STEP: Econ Optimizer Step Three (ASADO → Econ_Top_20_Exposure.csv)
CMD:  /Users/arjundivecha/Dropbox/AAA Backup/A Working/ASADO/venv/bin/python /Users/arjundivecha/Dropbox/AAA Backup/A Working/ASADO/scripts/t2_optimizer.py --pipeline econ --step three
CWD:  /Users/arjundivecha/Dropbox/AAA Backup/A Working/ASADO
────────────────────────────────────────────────────────────
2026-08-09 13:21:00,254 - INFO - Step Three: 216 factors (soft 15-25% band)
2026-08-09 13:22:38,548 - INFO - Wrote /Users/arjundivecha/Dropbox/AAA Backup/A Working/ASADO/Data/work/econ/Econ_Top_20_Exposure.csv (10846 rows)


────────────────────────────────────────────────────────────
STEP: Econ Optimizer Step Four (ASADO → Econ_Optimizer.xlsx)
CMD:  /Users/arjundivecha/Dropbox/AAA Backup/A Working/ASADO/venv/bin/python /Users/arjundivecha/Dropbox/AAA Backup/A Working/ASADO/scripts/t2_optimizer.py --pipeline econ --step four
CWD:  /Users/arjundivecha/Dropbox/AAA Backup/A Working/ASADO
────────────────────────────────────────────────────────────
2026-08-09 13:22:40,439 - INFO - Step Four: 216 factors
2026-08-09 13:23:54,893 - INFO - Wrote /Users/arjundivecha/Dropbox/AAA Backup/A Working/ASADO/Data/work/econ/Econ_Optimizer.xlsx (318 rows x 216 factors)


────────────────────────────────────────────────────────────
STEP: Optimizer Returns + Top-20 Membership (ingest)
CMD:  /Users/arjundivecha/Dropbox/AAA Backup/A Working/ASADO/venv/bin/python /Users/arjundivecha/Dropbox/AAA Backup/A Working/ASADO/scripts/collect_optimizer_returns.py --force
CWD:  /Users/arjundivecha/Dropbox/AAA Backup/A Working/ASADO
────────────────────────────────────────────────────────────
2026-08-09 13:23:55,354 - INFO - ============================================================
2026-08-09 13:23:55,354 - INFO - ASADO Optimizer Returns Collector
2026-08-09 13:23:55,354 - INFO - force=True dry_run=False
2026-08-09 13:23:55,354 - INFO - log: /Users/arjundivecha/Dropbox/AAA Backup/A Working/ASADO/Data/logs/collect_optimizer_returns_20260809_132355.log
2026-08-09 13:23:55,354 - INFO - ============================================================
2026-08-09 13:23:55,415 - INFO - existing factor_returns_panel: 106,426 rows
2026-08-09 13:23:55,415 - INFO - existing factor_top20_membership_panel: 749,227 rows
2026-08-09 13:23:55,415 - INFO - [econ_optimizer] reading returns: Econ_Optimizer.xlsx
2026-08-09 13:23:55,657 - INFO - [econ_optimizer] reading exposure: Econ_Top_20_Exposure.csv
2026-08-09 13:23:55,904 - INFO - [econ_optimizer] OK — returns=68,688 membership=484,832 factors=216 countries=34 dates 2000-02-01..2026-07-01
2026-08-09 13:23:55,931 - INFO - [t2_optimizer] reading returns: T2_Optimizer.xlsx
2026-08-09 13:23:56,007 - INFO - [t2_optimizer] reading exposure: T2_Top_20_Exposure.csv
2026-08-09 13:23:56,098 - INFO - [t2_optimizer] OK — returns=26,076 membership=165,726 factors=82 countries=34 dates 2000-02-01..2026-07-01
2026-08-09 13:23:56,125 - INFO - [gdelt_optimizer] reading returns: GDELT_Optimizer.xlsx
2026-08-09 13:23:56,158 - INFO - [gdelt_optimizer] reading exposure: GDELT_Top_20_Exposure.csv
2026-08-09 13:23:56,222 - INFO - [gdelt_optimizer] OK — returns=12,052 membership=97,888 factors=92 countries=34 dates 2015-09-01..2026-07-01
2026-08-09 13:23:56,259 - INFO - [summary] factor_returns_panel (final): rows=106,816 factors=390 sources=3 dates 2000-02-01..2026-07-01
2026-08-09 13:23:56,291 - INFO - [summary] factor_top20_membership_panel (final): rows=748,446 factors=393 sources=3 dates 2000-02-01..2026-09-01 countries=34
2026-08-09 13:23:56,293 - INFO - [backup] factor_returns_panel.parquet -> backups/2026_08_09_132356/
2026-08-09 13:23:56,294 - INFO - [backup] factor_top20_membership_panel.parquet -> backups/2026_08_09_132356/
2026-08-09 13:23:56,310 - INFO - [write] factor_returns_panel.parquet: 106,816 rows -> /Users/arjundivecha/Dropbox/AAA Backup/A Working/ASADO/Data/processed/factor_returns_panel.parquet
2026-08-09 13:23:56,423 - INFO - [write] factor_top20_membership_panel.parquet: 748,446 rows -> /Users/arjundivecha/Dropbox/AAA Backup/A Working/ASADO/Data/processed/factor_top20_membership_panel.parquet
2026-08-09 13:23:56,424 - INFO - done in 1.1s



============================================================
  STAGE 2D: DUCKDB PASS 2 (fresh CSVs)
============================================================

────────────────────────────────────────────────────────────
STEP: DuckDB Rebuild (pass 2 — fresh T2 + GDELT CSVs)
CMD:  /Users/arjundivecha/Dropbox/AAA Backup/A Working/ASADO/venv/bin/python /Users/arjundivecha/Dropbox/AAA Backup/A Working/ASADO/scripts/setup_duckdb.py
CWD:  /Users/arjundivecha/Dropbox/AAA Backup/A Working/ASADO
────────────────────────────────────────────────────────────
OPTIONAL NOT FOUND (will skip): /Users/arjundivecha/Dropbox/AAA Backup/A Working/ASADO/Data/processed/wb_commodity_factor_panel.parquet
============================================================
ASADO DuckDB Setup
============================================================
Database path: /Users/arjundivecha/Dropbox/AAA Backup/A Working/ASADO/Data/asado.duckdb

Removed existing database (clean rebuild)
Loading T2 Master CSV ...
  t2_master: 1,085,246 rows, 111 variables, 34 countries

Loading raw T2 workbook factors ...
  t2_raw: 477,965 rows, 53 variables, 34 countries

Creating country_reference table ...
  country_reference: 40 canonical ISO3 mappings

Loading External Factors Panel ...
  external_factors: 138,042 rows, 35 variables, 43 countries

Loading Extended Factors Panel ...
  extended_factors: broadcast 38,280 global U.S. Treasury rows
  extended_factors: 115,881 rows, 53 variables, 43 countries

Loading GDELT normalized CSV ...
  gdelt_panel: 420,512 rows, 93 variables, 34 countries

Loading IMF Factors Panel ...
  imf_factors: 125,474 rows, 26 variables, 43 countries

Loading Macrostructure Panel ...
  macrostructure_factors: 97,105 rows, 26 variables, 43 countries

Loading World Bank Commodity Price Intelligence ...
  wb_commodity: 71 prices, 16 indices, 87 projected variables, 438,313 factor rows, latest=2026-07-01

Loading JST Macrohistory (isolated annual calibration corpus) ...
  jst_macrohistory: 83,725 rows, 52 variables, 13 countries (annual 1870-2020; NOT in unified_panel)

Loading Ken French factors (isolated regional benchmark corpus) ...
  ff_factors: 542,125 rows, 8 regions, 7 variables (monthly+daily; NOT in unified_panel)

Loading bilateral portfolio matrix ...
  bilateral_portfolio_matrix: 92,079 rows, 38 reporters, 40 counterparts

Loading Bloomberg Factors Panel ...
  bloomberg_factors: 106,600 rows, 31 variables, 34 countries

Loading Factor Returns Panel ...
  factor_returns: 106,816 rows, 390 factors, 3 sources

Loading Factor Top-20 Membership Panel ...
  factor_top20_membership: 748,446 rows, 393 factors, 34 countries

Loading Demographic Inflation Factors (DIP) ...
  demographics_dip: 20,026 rows, 4 variables, 34 countries

Creating country_factor_attribution view ...
  country_factor_attribution: 730,501 rows (view)

Creating unified_panel view ...
  unified_panel: 2,586,851 rows, 431 variables (commodities excluded — see commodity_panel)
Creating commodity_panel view (global series) ...
  commodity_panel: 438,313 rows, 609 variables, 87 global series (date-keyed, no country)

Creating indexes ...
  Indexes created on factor tables, country_reference, commodity, bilateral ownership, and optimizer panels

============================================================
Total rows loaded:  5,099,949
Database size:      196.6 MB
Elapsed:            5.6s
Database path:      /Users/arjundivecha/Dropbox/AAA Backup/A Working/ASADO/Data/asado.duckdb
============================================================


────────────────────────────────────────────────────────────
STEP: Normalization Layer (pass 2)
CMD:  /Users/arjundivecha/Dropbox/AAA Backup/A Working/ASADO/venv/bin/python /Users/arjundivecha/Dropbox/AAA Backup/A Working/ASADO/scripts/build_normalized_panel.py
CWD:  /Users/arjundivecha/Dropbox/AAA Backup/A Working/ASADO
────────────────────────────────────────────────────────────
============================================================
ASADO Normalization Layer
============================================================
Database: /Users/arjundivecha/Dropbox/AAA Backup/A Working/ASADO/Data/asado.duckdb
  unified_panel:    2,586,851 rows, 431 variables
  normalized_panel: 964,935 rows, 299 variables
  feature_panel:    3,551,786 rows, 730 variables
  feature_panel_t2: 3,322,573 rows, 34 countries (T2-only default view)

  Top normalized variables by row count:
                 variable  rows
        Global_GPR_Act_TS 20468
            Global_GPR_TS 20468
     Global_GPR_Threat_TS 20468
              BIS_REER_CS 13356
          FRED_UST_10Y_TS 12728
           FRED_UST_2Y_TS 12728
FRED_Yield_Curve_10Y2Y_TS 12728
              BIS_REER_TS 12390
         IMF_CPI_Index_CS 12360
 IMF_CPI_Inflation_YoY_CS 11868
                   GPR_CS 11477
         IMF_CPI_Index_TS 11417

Completed in 12.0s


────────────────────────────────────────────────────────────
STEP: Daily Panels (T2 + GDELT + optimizer returns)
CMD:  /Users/arjundivecha/Dropbox/AAA Backup/A Working/ASADO/venv/bin/python /Users/arjundivecha/Dropbox/AAA Backup/A Working/ASADO/scripts/build_daily_panels.py --rebuild --no-backup
CWD:  /Users/arjundivecha/Dropbox/AAA Backup/A Working/ASADO
────────────────────────────────────────────────────────────
2026-08-09 13:24:15,364 - INFO - ======================================================================
2026-08-09 13:24:15,364 - INFO - ASADO Daily Panels — Stage 1 Build
2026-08-09 13:24:15,364 - INFO - ======================================================================
2026-08-09 13:24:15,372 - INFO - Loading t2_factors_daily ...
2026-08-09 13:24:16,577 - INFO -   t2_factors_daily: 35,827,024 rows | 111 vars | 34 countries | 2000-01-01 → 2026-08-07 | 1.2s
2026-08-09 13:24:16,577 - INFO - Loading gdelt_factors_daily ...
2026-08-09 13:24:16,811 - INFO -   gdelt_factors_daily: 5,159,024 rows | 37 vars | 34 countries | 2015-02-18 → 2026-08-06 | 0.2s
2026-08-09 13:24:16,811 - INFO - Loading gdelt_raw_daily ...
2026-08-09 13:24:18,296 - INFO -   gdelt_raw_daily: 964,833 rows | 249 ISO3 countries | 2015-02-18 00:00:00 → 2026-08-06 00:00:00 | 1.5s
2026-08-09 13:24:18,296 - INFO - Loading factor_returns_daily from optimizer outputs ...
2026-08-09 13:24:21,311 - INFO -   T2 optimizer: 1,030,002 rows | 106 factors | 1999-12-31 → 2026-08-07
2026-08-09 13:24:21,427 - INFO -   GDELT optimizer: 147,708 rows | 36 factors | 2015-02-18 → 2026-08-06
2026-08-09 13:24:21,429 - INFO -   factor_returns_daily: 1,177,710 rows | 142 factors | 2 sources | 1999-12-31 → 2026-08-07 | 3.1s
2026-08-09 13:24:21,431 - INFO - Loading t2_levels_daily (parsing T2 Master Daily.xlsx, this takes 3-5 min) ...
2026-08-09 13:24:21,478 - INFO -   parsing 48 sheets (skipping 19 return sheets) ...
2026-08-09 13:24:31,640 - INFO -     sheet 10/48 done (3,199,638 rows so far)
2026-08-09 13:24:43,273 - INFO -     sheet 20/48 done (6,503,078 rows so far)
2026-08-09 13:24:54,191 - INFO -     sheet 30/48 done (9,806,518 rows so far)
2026-08-09 13:25:04,485 - INFO -     sheet 40/48 done (13,109,958 rows so far)
2026-08-09 13:25:11,917 - INFO -   t2_levels_daily: 15,435,932 rows | 48 vars | 34 countries | 2000-01-01 → 2026-08-07 | 50.5s
2026-08-09 13:25:11,920 - INFO - Building variable_meta ...
2026-08-09 13:25:11,938 - INFO -   variable_meta: 229 rows | 0.0s
2026-08-09 13:25:11,939 - INFO - Building daily_calendar ...
2026-08-09 13:25:12,008 - INFO -   daily_calendar: 330,344 rows | 224,281 trading days | 0.1s
2026-08-09 13:25:12,008 - INFO - Creating t2_factors_monthly_from_daily view ...
2026-08-09 13:25:12,009 - INFO - Creating indexes on daily tables ...
2026-08-09 13:25:30,246 - INFO - ======================================================================
2026-08-09 13:25:30,247 - INFO - Done in 74.9s | DB now 2374.3 MB
2026-08-09 13:25:30,247 - INFO - ======================================================================


────────────────────────────────────────────────────────────
STEP: QA: source alignment (advisory)
CMD:  /Users/arjundivecha/Dropbox/AAA Backup/A Working/ASADO/venv/bin/python /Users/arjundivecha/Dropbox/AAA Backup/A Working/ASADO/scripts/qa/check_source_alignment.py
CWD:  /Users/arjundivecha/Dropbox/AAA Backup/A Working/ASADO
────────────────────────────────────────────────────────────
=== Country naming ===
[PASS] T2 uses 34 labels, all present in canonical config
         (config lists 43 total; 9 extra not in T2 universe)
[WARN] GDELT raw labels differ from T2 (rename required before join)
         GDELT-only: ['China A', 'China H', 'U.S. NASDAQ']
[PASS] GDELT reconciles to T2 country set after known rename map
         map={'China A': 'ChinaA', 'China H': 'ChinaH', 'U.S. NASDAQ': 'NASDAQ'}

=== Date grain ===
[PASS] T2 dates are all monthly first-of-month
         2000-02-01 .. 2026-08-01 (319 months)
[PASS] GDELT dates are all monthly first-of-month
         2015-03-01 .. 2026-09-01 (139 months)
[WARN] GDELT carries forward-labeled month(s) beyond T2 (open-month convention)
         [datetime.date(2026, 9, 1)]

=== Sleeve resolution ===
[PASS] T2 distinguishes China sovereign sleeves
         ['ChinaA', 'ChinaH']
[PASS] T2 distinguishes USA sovereign sleeves
         ['U.S.', 'NASDAQ', 'US SmallCap']
[WARN] GDELT broadcasts ONE value across China sovereign sleeves (no sleeve resolution)
         ['China A', 'China H'] are bit-identical -> a date x country join duplicates sentiment
[WARN] GDELT broadcasts ONE value across USA sovereign sleeves (no sleeve resolution)
         ['U.S.', 'U.S. NASDAQ', 'US SmallCap'] are bit-identical -> a date x country join duplicates sentiment

=== T2 internal consistency ===
[PASS] All 58 T2 sheets share one identical country-column set
[WARN] 14 T2 sheets have shorter/different date axes (natural factor histories)
         LT Growth (314 vs 319); EV to EBITDA (254 vs 319); Budget Def (26 vs 319); Debt to GDP (16 vs 319); REER (318 vs 319); GDP (26 vs 319); Bloom Country Risk (66 vs 319); Current Account (106 vs 319)

=== Warehouse: country labels per table ===
[PASS] bloomberg_factors: country labels clean
         34 countries, all in the 34 T2 universe
[PASS] country_factor_attribution: country labels clean
         34 countries, all in the 34 T2 universe
[WARN] country_reference: 9 off-universe country labels
         e.g. ['Austria', 'Belgium', 'Finland', 'Greece', 'Ireland', 'New Zealand', 'Norway', 'Portugal', 'Russian Federation']
[PASS] daily_calendar: country labels clean
         34 countries, all in the 34 T2 universe
[WARN] demographics_dip: 9 off-universe country labels
         e.g. ['Austria', 'Belgium', 'Finland', 'Greece', 'Ireland', 'New Zealand', 'Norway', 'Portugal', 'Russian Federation']
[WARN] extended_factors: 9 off-universe country labels
         e.g. ['Austria', 'Belgium', 'Finland', 'Greece', 'Ireland', 'New Zealand', 'Norway', 'Portugal', 'Russian Federation']
[WARN] external_factors: 9 off-universe country labels
         e.g. ['Austria', 'Belgium', 'Finland', 'Greece', 'Ireland', 'New Zealand', 'Norway', 'Portugal', 'Russian Federation']
[PASS] factor_top20_membership: country labels clean
         34 countries, all in the 34 T2 universe
[WARN] feature_panel: 9 off-universe country labels
         e.g. ['Austria', 'Belgium', 'Finland', 'Greece', 'Ireland', 'New Zealand', 'Norway', 'Portugal', 'Russian Federation']
[PASS] feature_panel_t2: country labels clean
         34 countries, all in the 34 T2 universe
[PASS] gdelt_factors_daily: country labels clean
         34 countries, all in the 34 T2 universe
[PASS] gdelt_panel: country labels clean
         34 countries, all in the 34 T2 universe
[WARN] imf_factors: 9 off-universe country labels
         e.g. ['Austria', 'Belgium', 'Finland', 'Greece', 'Ireland', 'New Zealand', 'Norway', 'Portugal', 'Russian Federation']
[PASS] jst_macrohistory: country labels clean
         13 countries, all in the 34 T2 universe; missing 21: ['Brazil', 'Chile', 'ChinaA', 'ChinaH', 'Hong Kong', 'India']
[WARN] macrostructure_factors: 9 off-universe country labels
         e.g. ['Austria', 'Belgium', 'Finland', 'Greece', 'Ireland', 'New Zealand', 'Norway', 'Portugal', 'Russian Federation']
[WARN] normalized_panel: 9 off-universe country labels
         e.g. ['Austria', 'Belgium', 'Finland', 'Greece', 'Ireland', 'New Zealand', 'Norway', 'Portugal', 'Russian Federation']
[PASS] t2_factors_daily: country labels clean
         34 countries, all in the 34 T2 universe
[PASS] t2_factors_monthly_from_daily: country labels clean
         34 countries, all in the 34 T2 universe
[PASS] t2_levels_daily: country labels clean
         34 countries, all in the 34 T2 universe
[PASS] t2_master: country labels clean
         34 countries, all in the 34 T2 universe
[PASS] t2_raw: country labels clean
         34 countries, all in the 34 T2 universe
[WARN] unified_panel: 9 off-universe country labels
         e.g. ['Austria', 'Belgium', 'Finland', 'Greece', 'Ireland', 'New Zealand', 'Norway', 'Portugal', 'Russian Federation']

=== Warehouse: date coverage per source ===
[WARN] source 'bis_credit': 2000-03-01 00:00:00 .. 2025-12-01 00:00:00 (104 dates, monthly)
         251d behind newest source
[WARN] source 'bis_debt_service': 2000-03-01 00:00:00 .. 2025-12-01 00:00:00 (104 dates, monthly)
         251d behind newest source
[PASS] source 'bis_policy_rate': 2000-01-01 00:00:00 .. 2026-08-01 00:00:00 (320 dates, monthly)
[WARN] source 'bis_property': 2000-03-01 00:00:00 .. 2026-03-01 00:00:00 (105 dates, monthly)
         161d behind newest source
[PASS] source 'bis_reer': 2000-01-01 00:00:00 .. 2026-06-01 00:00:00 (318 dates, monthly)
[PASS] source 'bloomberg': 1975-12-01 00:00:00 .. 2026-08-01 00:00:00 (345 dates, monthly)
[PASS] source 'demographics_dip': 1950-12-01 00:00:00 .. 2100-12-01 00:00:00 (151 dates, monthly)
[PASS] source 'ecb_fx': 2000-01-01 00:00:00 .. 2026-07-01 00:00:00 (319 dates, monthly)
[WARN] source 'eia': 2000-12-01 00:00:00 .. 2025-12-01 00:00:00 (26 dates, monthly)
         251d behind newest source
[PASS] source 'epu': 1985-01-01 00:00:00 .. 2026-07-01 00:00:00 (499 dates, monthly)
[WARN] source 'faostat': 2010-12-01 00:00:00 .. 2024-12-01 00:00:00 (15 dates, monthly)
         616d behind newest source
[PASS] source 'fred': 2000-01-01 00:00:00 .. 2026-07-01 00:00:00 (319 dates, monthly)
[PASS] source 'gdelt': 2015-09-01 00:00:00 .. 2026-09-01 00:00:00 (133 dates, monthly)
[PASS] source 'gpr': 1985-01-01 00:00:00 .. 2026-07-01 00:00:00 (499 dates, monthly)
[PASS] source 'ilostat': 2000-12-01 00:00:00 .. 2026-12-01 00:00:00 (27 dates, monthly)
[WARN] source 'imf_bop': 2005-12-01 00:00:00 .. 2024-12-01 00:00:00 (20 dates, monthly)
         616d behind newest source
[PASS] source 'imf_cpi': 2000-01-01 00:00:00 .. 2026-07-01 00:00:00 (319 dates, monthly)
[PASS] source 'imf_er': 2000-01-01 00:00:00 .. 2026-07-01 00:00:00 (319 dates, monthly)
[WARN] source 'imf_fsi': 2001-03-01 00:00:00 .. 2026-03-01 00:00:00 (101 dates, monthly)
         161d behind newest source
[PASS] source 'imf_itg': 2000-01-01 00:00:00 .. 2026-05-01 00:00:00 (317 dates, monthly)
[PASS] source 'imf_ls': 2000-01-01 00:00:00 .. 2026-05-01 00:00:00 (317 dates, monthly)
[PASS] source 'imf_mfs_cbs': 1997-12-01 00:00:00 .. 2026-06-01 00:00:00 (343 dates, monthly)
[PASS] source 'imf_mfs_ir': 2000-01-01 00:00:00 .. 2026-06-01 00:00:00 (318 dates, monthly)
[PASS] source 'imf_weo': 1980-12-01 00:00:00 .. 2031-12-01 00:00:00 (52 dates, monthly)
[PASS] source 'macrostructure_derived': 1997-12-01 00:00:00 .. 2026-08-01 00:00:00 (327 dates, monthly)
[WARN] source 'ndgain': 1995-12-01 00:00:00 .. 2023-12-01 00:00:00 (29 dates, monthly)
         982d behind newest source
[PASS] source 'oecd': 2000-01-01 00:00:00 .. 2026-06-01 00:00:00 (318 dates, monthly)
[PASS] source 'oecd_bci': 2000-01-01 00:00:00 .. 2026-06-01 00:00:00 (318 dates, monthly)
[PASS] source 'oecd_cci': 2000-01-01 00:00:00 .. 2026-06-01 00:00:00 (318 dates, monthly)
[WARN] source 'oecd_household_dashboard': 2010-12-01 00:00:00 .. 2025-12-01 00:00:00 (16 dates, monthly)
         251d behind newest source
[WARN] source 'oecd_institutional_investors': 2010-03-01 00:00:00 .. 2026-03-01 00:00:00 (65 dates, monthly)
         161d behind newest source
[PASS] source 'ofac': 2026-08-01 00:00:00 .. 2026-08-01 00:00:00 (1 dates, monthly)
[WARN] source 'portfolio_ownership': 1997-12-01 00:00:00 .. 2024-12-01 00:00:00 (25 dates, monthly)
         616d behind newest source
[WARN] source 'qpsd': 1995-03-01 00:00:00 .. 2026-03-01 00:00:00 (125 dates, monthly)
         161d behind newest source
[PASS] source 't2': 2000-02-01 00:00:00 .. 2026-08-01 00:00:00 (319 dates, monthly)
[PASS] source 't2_raw': 2000-02-01 00:00:00 .. 2026-08-01 00:00:00 (319 dates, monthly)
[WARN] source 'undp_hdi': 1990-12-01 00:00:00 .. 2023-12-01 00:00:00 (34 dates, monthly)
         982d behind newest source
[WARN] source 'worldbank': 2000-12-01 00:00:00 .. 2025-12-01 00:00:00 (26 dates, monthly)
         251d behind newest source

=== Warehouse: cross-source value agreement (cross_source.yaml) ===
[PASS] sentinel Australia SOV_10Y_YIELD_PCT = 5.011 (expected 4.767 +/- 2.0)
[PASS] sentinel Canada SOV_10Y_YIELD_PCT = 3.643 (expected 3.385 +/- 2.0)
[PASS] pair 'sov10y_loop_vs_bbg': all 32 countries agree (max gap 1.485 <= 2.0)

RESULT: OK (warnings are by-design caveats)


────────────────────────────────────────────────────────────
STEP: Prediction Markets (Kalshi + Polymarket)
CMD:  /Users/arjundivecha/Dropbox/AAA Backup/A Working/ASADO/venv/bin/python /Users/arjundivecha/Dropbox/AAA Backup/A Working/ASADO/scripts/build_predmkt_panel.py
CWD:  /Users/arjundivecha/Dropbox/AAA Backup/A Working/ASADO
────────────────────────────────────────────────────────────
2026-08-09 13:25:33,669 - INFO - Kalshi auth: signed requests enabled (key_id=a3139307...)
2026-08-09 13:25:33,669 - INFO - Polling prediction markets: 152 active curated entries
2026-08-09 13:26:19,424 - WARNING - polymarket:0x1591b72dc504383d8fa2024e72a585c520b3c673614100d2e167507485e17e38: Polymarket conditionId '0x1591b72dc504383d8fa2024e72a585c520b3c673614100d2e167507485e17e38' did not resolve to an exact match (got 0 candidates).
2026-08-09 13:26:19,424 - WARNING - polymarket:0x0220e320852050a884e73bfe20447cbabe17ce934107cebc48a829b4a558204f: Polymarket conditionId '0x0220e320852050a884e73bfe20447cbabe17ce934107cebc48a829b4a558204f' did not resolve to an exact match (got 0 candidates).
2026-08-09 13:26:19,424 - WARNING - polymarket:0xffe381a80c1e36f9e0b03a542aa8fe56e74a67d2566a4e29396d4427aa4244c9: Polymarket conditionId '0xffe381a80c1e36f9e0b03a542aa8fe56e74a67d2566a4e29396d4427aa4244c9' did not resolve to an exact match (got 0 candidates).
2026-08-09 13:26:19,424 - WARNING - polymarket:0x518a5b030b205706b8ffe6bbad9bd3de59548348e5c0471827f5de21e513333c: Polymarket conditionId '0x518a5b030b205706b8ffe6bbad9bd3de59548348e5c0471827f5de21e513333c' did not resolve to an exact match (got 0 candidates).
2026-08-09 13:26:19,424 - WARNING - polymarket:0xda2386dbc3f5c6ae7ecebc6c9c01ee682a83ea61f0cc57f5d64fed6e872bd275: Polymarket conditionId '0xda2386dbc3f5c6ae7ecebc6c9c01ee682a83ea61f0cc57f5d64fed6e872bd275' did not resolve to an exact match (got 0 candidates).
2026-08-09 13:26:19,424 - WARNING - polymarket:0xa0b56d7e621c7cbcfa47fe1a9c24f3409e189180fd6bda55b7a8113129839afc: Polymarket conditionId '0xa0b56d7e621c7cbcfa47fe1a9c24f3409e189180fd6bda55b7a8113129839afc' did not resolve to an exact match (got 0 candidates).
2026-08-09 13:26:19,424 - WARNING - polymarket:0xa93b28a6384aefff4e7d5adb2061c444e4a0e95b8ad17755f9cee123c7099b35: Polymarket conditionId '0xa93b28a6384aefff4e7d5adb2061c444e4a0e95b8ad17755f9cee123c7099b35' did not resolve to an exact match (got 0 candidates).
2026-08-09 13:26:19,424 - WARNING - polymarket:0xe546672750517f62c45a5a00067481981e62b9c20fa8220203232c9dc8fd2093: Polymarket conditionId '0xe546672750517f62c45a5a00067481981e62b9c20fa8220203232c9dc8fd2093' did not resolve to an exact match (got 0 candidates).
2026-08-09 13:26:19,424 - WARNING - polymarket:0xde04b189b3f19eaccda02529a3ea67abfc46bff5c0c8fc42d8a2d0ed7b8f0d41: Polymarket conditionId '0xde04b189b3f19eaccda02529a3ea67abfc46bff5c0c8fc42d8a2d0ed7b8f0d41' did not resolve to an exact match (got 0 candidates).
2026-08-09 13:26:19,424 - WARNING - polymarket:0x2e17fe4fd80ffaa342b1ce15d59e56c0347a90422d90e6345048be78e1963b17: Polymarket conditionId '0x2e17fe4fd80ffaa342b1ce15d59e56c0347a90422d90e6345048be78e1963b17' did not resolve to an exact match (got 0 candidates).
2026-08-09 13:26:19,424 - WARNING - polymarket:0xfd1be18abbc39bdf1b16659499488e584e6c06c7b1959b425b5fb4b046d01a33: Polymarket conditionId '0xfd1be18abbc39bdf1b16659499488e584e6c06c7b1959b425b5fb4b046d01a33' did not resolve to an exact match (got 0 candidates).
2026-08-09 13:26:19,424 - WARNING - polymarket:0x1b3f1f2bec1c92ff851c9b02c3c8bbc320e5aac7bc371ad0f615c5521a4494e7: Polymarket conditionId '0x1b3f1f2bec1c92ff851c9b02c3c8bbc320e5aac7bc371ad0f615c5521a4494e7' did not resolve to an exact match (got 0 candidates).
2026-08-09 13:26:19,424 - WARNING - kalshi:KXCPI-26MAY-T1.0: missing probability fields
2026-08-09 13:26:19,424 - WARNING - kalshi:KXCPI-26MAY-T-0.2: missing probability fields
2026-08-09 13:26:19,424 - WARNING - polymarket:0x51a7c8afb7a0e09b8b47643171d90f400de23a176c4ea06f6552d6e53213839c: Polymarket conditionId '0x51a7c8afb7a0e09b8b47643171d90f400de23a176c4ea06f6552d6e53213839c' did not resolve to an exact match (got 0 candidates).
2026-08-09 13:26:19,424 - WARNING - polymarket:0xd9933a54c518e773050255ea9dba01a71e1a41f49311ed078ae4a6f7e76b1625: Polymarket conditionId '0xd9933a54c518e773050255ea9dba01a71e1a41f49311ed078ae4a6f7e76b1625' did not resolve to an exact match (got 0 candidates).
2026-08-09 13:26:19,424 - WARNING - polymarket:0x0c38dd9305e3205557885183f0730270779e7e426b0ec3e7743f23963b6d6e4a: Polymarket conditionId '0x0c38dd9305e3205557885183f0730270779e7e426b0ec3e7743f23963b6d6e4a' did not resolve to an exact match (got 0 candidates).
2026-08-09 13:26:19,424 - WARNING - polymarket:0x26ca74d41edc9e3a6643698fbe8eae446377e4579d2f55f505da4ff6a1cf0f66: Polymarket conditionId '0x26ca74d41edc9e3a6643698fbe8eae446377e4579d2f55f505da4ff6a1cf0f66' did not resolve to an exact match (got 0 candidates).
2026-08-09 13:26:19,424 - WARNING - polymarket:0x3fe18d2b6303ee3a7e406aab679dbc0b0f7504dc6b477a31c69c6ffb04e9e11c: Polymarket conditionId '0x3fe18d2b6303ee3a7e406aab679dbc0b0f7504dc6b477a31c69c6ffb04e9e11c' did not resolve to an exact match (got 0 candidates).
2026-08-09 13:26:19,424 - WARNING - polymarket:0x17c9dead8bed402d330e2aa5bcfb4d6f7764d3cc60d6508a03be003f4e88e64b: Polymarket conditionId '0x17c9dead8bed402d330e2aa5bcfb4d6f7764d3cc60d6508a03be003f4e88e64b' did not resolve to an exact match (got 0 candidates).
2026-08-09 13:26:19,424 - WARNING - polymarket:0x6114a8a3f9ac214f48a7e20d169f1c7a5c84082cb6f7058ed9fe1137b11fd0e7: Polymarket conditionId '0x6114a8a3f9ac214f48a7e20d169f1c7a5c84082cb6f7058ed9fe1137b11fd0e7' did not resolve to an exact match (got 0 candidates).
2026-08-09 13:26:19,424 - WARNING - polymarket:0x20af55ab35186377b81219db6cb8615240cba42cea41731091be9484a5f5b122: Polymarket conditionId '0x20af55ab35186377b81219db6cb8615240cba42cea41731091be9484a5f5b122' did not resolve to an exact match (got 0 candidates).
2026-08-09 13:26:19,424 - WARNING - polymarket:0x9769f78cbc95a5ed11895e6064bac471d8fd8f930b260cf581b68d3f58630d27: Polymarket conditionId '0x9769f78cbc95a5ed11895e6064bac471d8fd8f930b260cf581b68d3f58630d27' did not resolve to an exact match (got 0 candidates).
2026-08-09 13:26:19,424 - WARNING - polymarket:0x348cd9adf4f6855f58bd9c6dbf9ff251c4142ef77233a5dc95c65b4b61cd2187: Polymarket conditionId '0x348cd9adf4f6855f58bd9c6dbf9ff251c4142ef77233a5dc95c65b4b61cd2187' did not resolve to an exact match (got 0 candidates).
2026-08-09 13:26:19,424 - WARNING - polymarket:0xb8e6d129a06d0ccb21d7b32eb529ea455eddba3cf29bfa097112202cbdf5bf21: Polymarket conditionId '0xb8e6d129a06d0ccb21d7b32eb529ea455eddba3cf29bfa097112202cbdf5bf21' did not resolve to an exact match (got 0 candidates).
2026-08-09 13:26:19,424 - WARNING - polymarket:0xa70fc3695a65833b91b45df6db6015096f3e1471b70352ca411b4209010e7633: Polymarket conditionId '0xa70fc3695a65833b91b45df6db6015096f3e1471b70352ca411b4209010e7633' did not resolve to an exact match (got 0 candidates).
2026-08-09 13:26:19,424 - WARNING - polymarket:0x182390641d3b1b47cc64274b9da290efd04221c586651ba190880713da6347d9: Polymarket conditionId '0x182390641d3b1b47cc64274b9da290efd04221c586651ba190880713da6347d9' did not resolve to an exact match (got 0 candidates).
2026-08-09 13:26:19,424 - WARNING - polymarket:0x6cb3ec9e0fb1c258898f648f8b33422f59ba3e8a71aee551449d7cb147bb8ead: Polymarket conditionId '0x6cb3ec9e0fb1c258898f648f8b33422f59ba3e8a71aee551449d7cb147bb8ead' did not resolve to an exact match (got 0 candidates).
2026-08-09 13:26:19,424 - WARNING - polymarket:0x5efa976ebe94080bbda7e45605333ff8f30156cc91604d66c41eb52fd3e25f3e: Polymarket conditionId '0x5efa976ebe94080bbda7e45605333ff8f30156cc91604d66c41eb52fd3e25f3e' did not resolve to an exact match (got 0 candidates).
2026-08-09 13:26:19,424 - WARNING - polymarket:0xa48ee32a0cbe5bc1a48844bd14e1691701d3bf8f45f4dd8cb8d1d304561393b6: Polymarket conditionId '0xa48ee32a0cbe5bc1a48844bd14e1691701d3bf8f45f4dd8cb8d1d304561393b6' did not resolve to an exact match (got 0 candidates).
2026-08-09 13:26:19,424 - WARNING - polymarket:0x4d0c4865bdecc5f7971dbab47bb6c069d93909dec75bdff52fb766ae6094a6d6: Polymarket conditionId '0x4d0c4865bdecc5f7971dbab47bb6c069d93909dec75bdff52fb766ae6094a6d6' did not resolve to an exact match (got 0 candidates).
2026-08-09 13:26:19,424 - WARNING - polymarket:0x495e6b49e7397bb4e6f8ce69e246ccb33b744678bd9bf88cbecbd3a113b05423: Polymarket conditionId '0x495e6b49e7397bb4e6f8ce69e246ccb33b744678bd9bf88cbecbd3a113b05423' did not resolve to an exact match (got 0 candidates).
2026-08-09 13:26:19,424 - WARNING - polymarket:0xbad704f2ae063322169bf3add805258727ecd3e6c0ad37fc7e6590c993375732: Polymarket conditionId '0xbad704f2ae063322169bf3add805258727ecd3e6c0ad37fc7e6590c993375732' did not resolve to an exact match (got 0 candidates).
2026-08-09 13:26:19,424 - WARNING - polymarket:0xa57a027158ce73973cdd13eed901c6e767a1b9e2f88c665dab8757a65b60d203: Polymarket conditionId '0xa57a027158ce73973cdd13eed901c6e767a1b9e2f88c665dab8757a65b60d203' did not resolve to an exact match (got 0 candidates).
2026-08-09 13:26:19,424 - WARNING - polymarket:0x60c6fe27d5b273f54fe30b4003c3b2553acd5f76220d9ea289343d536d6dd9ad: Polymarket conditionId '0x60c6fe27d5b273f54fe30b4003c3b2553acd5f76220d9ea289343d536d6dd9ad' did not resolve to an exact match (got 0 candidates).
2026-08-09 13:26:19,424 - WARNING - polymarket:0xc5ab3fb332af0bebf7ed6df1b1d5e1cc32a91e960c57d7602a5224830cf0084b: Polymarket conditionId '0xc5ab3fb332af0bebf7ed6df1b1d5e1cc32a91e960c57d7602a5224830cf0084b' did not resolve to an exact match (got 0 candidates).
2026-08-09 13:26:19,424 - WARNING - polymarket:0x9772347ce628f4427ab437333679512aba5a98a4d14ff2a138f99fe7a40ba5fe: Polymarket conditionId '0x9772347ce628f4427ab437333679512aba5a98a4d14ff2a138f99fe7a40ba5fe' did not resolve to an exact match (got 0 candidates).
2026-08-09 13:26:19,424 - WARNING - polymarket:0xb215decbedd846168842f6e207f09bd5f50ce51d2191f238887d976ec21b6f66: Polymarket conditionId '0xb215decbedd846168842f6e207f09bd5f50ce51d2191f238887d976ec21b6f66' did not resolve to an exact match (got 0 candidates).
2026-08-09 13:26:19,424 - WARNING - polymarket:0x7e045734da5d2a0743da450cc5cff8e2c1e1298a9731f7fbadd7c13823c5c79c: Polymarket conditionId '0x7e045734da5d2a0743da450cc5cff8e2c1e1298a9731f7fbadd7c13823c5c79c' did not resolve to an exact match (got 0 candidates).
2026-08-09 13:26:19,424 - WARNING - polymarket:0x5f879a52e5349db7f66d386ca75f1a9bb608fdd6a738a1582681613730b23281: Polymarket conditionId '0x5f879a52e5349db7f66d386ca75f1a9bb608fdd6a738a1582681613730b23281' did not resolve to an exact match (got 0 candidates).
2026-08-09 13:26:19,424 - WARNING - polymarket:0x7ae064ed7f3c9f4d201ce007b05b3a23f8e824170981c4d301f07301d554f451: Polymarket conditionId '0x7ae064ed7f3c9f4d201ce007b05b3a23f8e824170981c4d301f07301d554f451' did not resolve to an exact match (got 0 candidates).
2026-08-09 13:26:19,424 - WARNING - polymarket:0xeda0e0633f131b761cbe6c6e5e16ae347c48d9448a08c5826bfc2c794b63758e: Polymarket conditionId '0xeda0e0633f131b761cbe6c6e5e16ae347c48d9448a08c5826bfc2c794b63758e' did not resolve to an exact match (got 0 candidates).
2026-08-09 13:26:19,424 - WARNING - polymarket:0x0443a503a38b90446c8a3826db5ee1323144197ef2b4ed09bcdf545ac104dfcb: Polymarket conditionId '0x0443a503a38b90446c8a3826db5ee1323144197ef2b4ed09bcdf545ac104dfcb' did not resolve to an exact match (got 0 candidates).
2026-08-09 13:26:19,424 - WARNING - polymarket:0xa5d0dfc81e6a87faa737df4ca52fae7e18b63d9f7568e364c6c7d8c45fb39e8b: Polymarket conditionId '0xa5d0dfc81e6a87faa737df4ca52fae7e18b63d9f7568e364c6c7d8c45fb39e8b' did not resolve to an exact match (got 0 candidates).
2026-08-09 13:26:19,424 - WARNING - polymarket:0xba8af64c1b08f322ca7f66f3cfdbdfd50c0eae6fc88d2fcf29c30ceb62682421: Polymarket conditionId '0xba8af64c1b08f322ca7f66f3cfdbdfd50c0eae6fc88d2fcf29c30ceb62682421' did not resolve to an exact match (got 0 candidates).
2026-08-09 13:26:19,424 - WARNING - polymarket:0x46f19d5bedd6d601d597d308d86814245974014d8a108395a7690d7a099cacdd: Polymarket conditionId '0x46f19d5bedd6d601d597d308d86814245974014d8a108395a7690d7a099cacdd' did not resolve to an exact match (got 0 candidates).
2026-08-09 13:26:19,424 - WARNING - polymarket:0xa4c71c6f43ceb1dec4b91e60cf22a4480f0b73683a3ea4aaba812ca20cba17e3: Polymarket conditionId '0xa4c71c6f43ceb1dec4b91e60cf22a4480f0b73683a3ea4aaba812ca20cba17e3' did not resolve to an exact match (got 0 candidates).
2026-08-09 13:26:19,424 - WARNING - polymarket:0xbaf252e7ac957d6636a6916da51892c9f42e59bfbf808bd4d8e16f194694d2b5: Polymarket conditionId '0xbaf252e7ac957d6636a6916da51892c9f42e59bfbf808bd4d8e16f194694d2b5' did not resolve to an exact match (got 0 candidates).
2026-08-09 13:26:19,424 - WARNING - polymarket:0xe3f8272f4957b7dcc492d988e5c7cd6dbb2f4111cd309571514a280938d617f1: Polymarket conditionId '0xe3f8272f4957b7dcc492d988e5c7cd6dbb2f4111cd309571514a280938d617f1' did not resolve to an exact match (got 0 candidates).
2026-08-09 13:26:19,424 - WARNING - polymarket:0x9118beb9f9d8462c85b24f3cfb39ccbd244f723e6b381aaf622c66fdc3dcf178: Polymarket conditionId '0x9118beb9f9d8462c85b24f3cfb39ccbd244f723e6b381aaf622c66fdc3dcf178' did not resolve to an exact match (got 0 candidates).
2026-08-09 13:26:19,424 - WARNING - polymarket:0x4e4a7df876b0c04f0b8b29b9073eddfbaf5c787192da825ae7ca1031bc8cfd15: Polymarket conditionId '0x4e4a7df876b0c04f0b8b29b9073eddfbaf5c787192da825ae7ca1031bc8cfd15' did not resolve to an exact match (got 0 candidates).
2026-08-09 13:26:19,424 - WARNING - polymarket:0xdde06286a7b9464d344f410ab0b3d2ebc6469904e72c27fd982f65fdbf78768d: Polymarket conditionId '0xdde06286a7b9464d344f410ab0b3d2ebc6469904e72c27fd982f65fdbf78768d' did not resolve to an exact match (got 0 candidates).
2026-08-09 13:26:19,424 - WARNING - polymarket:0x4ede078cae84a5877ac32d7fb48811e5c23549a1904b7df06ff7935c6d79d831: Polymarket conditionId '0x4ede078cae84a5877ac32d7fb48811e5c23549a1904b7df06ff7935c6d79d831' did not resolve to an exact match (got 0 candidates).
2026-08-09 13:26:19,424 - WARNING - polymarket:0xb01e70a56199a6d5467f47a2b94e75e7c7218c128c8d0b8beb6dafed2f0d15c2: Polymarket conditionId '0xb01e70a56199a6d5467f47a2b94e75e7c7218c128c8d0b8beb6dafed2f0d15c2' did not resolve to an exact match (got 0 candidates).
2026-08-09 13:26:19,424 - WARNING - polymarket:0xa7cb4135c6d9c36da0e343874dd5b455de739c6d1b9f9f5583dd9320aacf5db2: Polymarket conditionId '0xa7cb4135c6d9c36da0e343874dd5b455de739c6d1b9f9f5583dd9320aacf5db2' did not resolve to an exact match (got 0 candidates).
2026-08-09 13:26:19,424 - WARNING - polymarket:0xb5c0abeecb5502e6e8d83155c27819174d8317af3c425c3afc5a8c45257a3793: Polymarket conditionId '0xb5c0abeecb5502e6e8d83155c27819174d8317af3c425c3afc5a8c45257a3793' did not resolve to an exact match (got 0 candidates).
2026-08-09 13:26:19,424 - WARNING - polymarket:0x8bf1c1536ecb1c08fe13c6b71e8ab1f58bf3461c4cb79f5f1679f869a06aef86: Polymarket conditionId '0x8bf1c1536ecb1c08fe13c6b71e8ab1f58bf3461c4cb79f5f1679f869a06aef86' did not resolve to an exact match (got 0 candidates).
2026-08-09 13:26:19,424 - WARNING - polymarket:0xd175952df3f4312096d408a699c922af54d31b17b8d22afb35e8f09016053de9: Polymarket conditionId '0xd175952df3f4312096d408a699c922af54d31b17b8d22afb35e8f09016053de9' did not resolve to an exact match (got 0 candidates).
2026-08-09 13:26:19,424 - WARNING - polymarket:0x56f429da08529abec24c531b7accf689d84e68096c4983d375ff37f316f46dae: Polymarket conditionId '0x56f429da08529abec24c531b7accf689d84e68096c4983d375ff37f316f46dae' did not resolve to an exact match (got 0 candidates).
2026-08-09 13:26:19,424 - WARNING - polymarket:0x5649a937907e0db6814f3fcbfa68e9f78a700d8c0e38ce652a572d97e205640d: Polymarket conditionId '0x5649a937907e0db6814f3fcbfa68e9f78a700d8c0e38ce652a572d97e205640d' did not resolve to an exact match (got 0 candidates).
2026-08-09 13:26:19,424 - WARNING - polymarket:0x639d8b6161b0f21aa3bbefc68223b09572d14228e903809b706c84443e8067ff: Polymarket conditionId '0x639d8b6161b0f21aa3bbefc68223b09572d14228e903809b706c84443e8067ff' did not resolve to an exact match (got 0 candidates).
2026-08-09 13:26:19,424 - WARNING - kalshi:KXFEDDECISION-26JUL-H26: missing probability fields
2026-08-09 13:26:19,424 - WARNING - kalshi:KXFEDDECISION-26JUL-H25: missing probability fields
2026-08-09 13:26:19,424 - WARNING - kalshi:KXFEDDECISION-26JUL-H0: missing probability fields
2026-08-09 13:26:19,424 - WARNING - kalshi:KXFEDDECISION-26JUL-C26: missing probability fields
2026-08-09 13:26:19,424 - WARNING - kalshi:KXFEDDECISION-26JUL-C25: missing probability fields
2026-08-09 13:26:19,424 - WARNING - kalshi:KXFEDDECISION-26JUN-H26: missing probability fields
2026-08-09 13:26:19,424 - WARNING - kalshi:KXFED-26JUN-T5.25: missing probability fields
2026-08-09 13:26:19,424 - WARNING - kalshi:KXFED-26JUN-T5.00: missing probability fields
2026-08-09 13:26:19,424 - WARNING - kalshi:KXFED-26JUN-T4.75: missing probability fields
2026-08-09 13:26:19,424 - WARNING - kalshi:KXFED-26JUN-T4.50: missing probability fields
2026-08-09 13:26:19,424 - WARNING - kalshi:KXFED-26JUN-T4.25: missing probability fields
2026-08-09 13:26:19,424 - WARNING - kalshi:KXFED-26JUN-T4.00: missing probability fields
2026-08-09 13:26:19,424 - WARNING - kalshi:KXCPI-26JUN-T-0.3: missing probability fields
2026-08-09 13:26:19,424 - WARNING - kalshi:KXCPI-26JUN-T-0.2: missing probability fields
2026-08-09 13:26:19,424 - WARNING - kalshi:KXU3-26JUL-T5.0: missing probability fields
2026-08-09 13:26:19,424 - WARNING - kalshi:KXU3-26JUL-T4.9: missing probability fields
2026-08-09 13:26:19,424 - WARNING - kalshi:KXU3-26JUL-T4.8: missing probability fields
2026-08-09 13:26:19,424 - WARNING - kalshi:KXU3-26JUL-T4.7: missing probability fields
2026-08-09 13:26:19,424 - WARNING - kalshi:KXU3-26JUL-T4.6: missing probability fields
2026-08-09 13:26:19,424 - WARNING - kalshi:KXU3-26JUL-T4.5: missing probability fields
2026-08-09 13:26:19,424 - WARNING - kalshi:KXPAYROLLS-26JUL-T90000: missing probability fields
2026-08-09 13:26:19,424 - WARNING - kalshi:KXPAYROLLS-26JUL-T80000: missing probability fields
2026-08-09 13:26:19,424 - WARNING - kalshi:KXPAYROLLS-26JUL-T70000: missing probability fields
2026-08-09 13:26:19,424 - WARNING - kalshi:KXPAYROLLS-26JUL-T60000: missing probability fields
2026-08-09 13:26:19,424 - WARNING - kalshi:KXPAYROLLS-26JUL-T50000: missing probability fields
2026-08-09 13:26:19,424 - WARNING - kalshi:KXPAYROLLS-26JUL-T40000: missing probability fields
2026-08-09 13:26:19,424 - WARNING - kalshi:KXGDP-26JUL30-T4.0: missing probability fields
2026-08-09 13:26:19,424 - WARNING - kalshi:KXGDP-26JUL30-T3.5: missing probability fields
2026-08-09 13:26:19,424 - WARNING - kalshi:KXGDP-26JUL30-T3.0: missing probability fields
2026-08-09 13:26:19,424 - WARNING - kalshi:KXGDP-26JUL30-T0.0: missing probability fields
2026-08-09 13:26:19,424 - WARNING - kalshi:KXGDP-26JUL30-T0.5: missing probability fields
2026-08-09 13:26:19,424 - WARNING - kalshi:KXGDP-26JUL30-T2.5: missing probability fields
2026-08-09 13:26:19,424 - INFO - Pulled snapshot rows: daily=118 meta=59 outcomes=118 spillover=503
2026-08-09 13:26:19,425 - INFO - Backing up DuckDB -> asado.duckdb.predmkt.backup
2026-08-09 13:26:20,139 - INFO - Prediction-markets build completed in 46.7s


────────────────────────────────────────────────────────────
STEP: Event Log (curated event registry)
CMD:  /Users/arjundivecha/Dropbox/AAA Backup/A Working/ASADO/venv/bin/python /Users/arjundivecha/Dropbox/AAA Backup/A Working/ASADO/scripts/build_event_log.py
CWD:  /Users/arjundivecha/Dropbox/AAA Backup/A Working/ASADO
────────────────────────────────────────────────────────────
============================================================
  ASADO Event Log Builder
============================================================

  Loading: /Users/arjundivecha/Dropbox/AAA Backup/A Working/ASADO/config/event_log_seed.yaml
  Events in seed: 146
  Valid T2 countries: 43

  Validating ...
  ✓ All 146 events pass validation

  Connecting to: /Users/arjundivecha/Dropbox/AAA Backup/A Working/ASADO/Data/asado.duckdb
  Creating event_log table ...
  Inserting 146 events ...
  ✓ event_log table: 146 rows
  Categories: central_bank=34, geopolitical=21, macro_release=18, regulatory=16, financial_crisis=15, election=15, oil_supply=14, trade_policy=13

  Done.


────────────────────────────────────────────────────────────
STEP: Variable Registry (semantic layer)
CMD:  /Users/arjundivecha/Dropbox/AAA Backup/A Working/ASADO/venv/bin/python /Users/arjundivecha/Dropbox/AAA Backup/A Working/ASADO/scripts/build_variable_registry.py --bootstrap-seed
CWD:  /Users/arjundivecha/Dropbox/AAA Backup/A Working/ASADO
────────────────────────────────────────────────────────────
======================================================================
  ASADO VARIABLE REGISTRY BUILD
======================================================================

  Scanning live DB for the variable universe (facts layer) ...
  Universe: 1428 distinct variables / 1586 (variable, surface) pairs
    feature_panel             730
    commodity_panel           609
    t2_factors_daily          111
    t2_levels_daily           48
    gdelt_factors_daily       37
    gdelt_raw_daily           30
    predmkt_signals_daily     13
    graph_features_daily      7

  Seed bootstrap: appended 0 skeleton entries -> variable_registry_seed.yaml

  Loading registry into DuckDB (1440 curated rows, 1586 fact rows) ...
  Rendering dictionary ...

  DONE.
    seed:       /Users/arjundivecha/Dropbox/AAA Backup/A Working/ASADO/config/variable_registry_seed.yaml  (1440 entries)
    tables:     variable_registry, variable_registry_facts, view variable_registry_full
    dictionary: /Users/arjundivecha/Dropbox/AAA Backup/A Working/ASADO/docs/VARIABLE_DICTIONARY.md
    note: 12 seed entries reference variables no longer live (kept in seed; flagged by CI as warnings): ['country_location_mentions', 'daily_defensive_CS', 'daily_defensive_TS', 'daily_metronome_CS', 'daily_metronome_TS']

  Neo4j already running (bolt://localhost:7687)

────────────────────────────────────────────────────────────
STEP: Neo4j Knowledge Graph
CMD:  /Users/arjundivecha/Dropbox/AAA Backup/A Working/ASADO/venv/bin/python /Users/arjundivecha/Dropbox/AAA Backup/A Working/ASADO/scripts/setup_neo4j.py
CWD:  /Users/arjundivecha/Dropbox/AAA Backup/A Working/ASADO
────────────────────────────────────────────────────────────
============================================================
ASADO Neo4j Knowledge Graph Setup
============================================================
Connected to Neo4j

Clearing graph ...
  Cleared existing graph

Creating constraints ...
  Constraints created

Creating nodes ...
  Country nodes: 43
  Factor nodes: 431
  Factor return properties applied: 390 factor x source pairs
  Daily factor stats applied: 142 factor x source pairs
  Commodity nodes: 4
  CentralBank nodes: 31
  DataSource nodes: 38
  SanctionsProgram nodes: 6
  CrisisEvent nodes: 15 (from event_log)

Creating edges ...
  HAS_CENTRAL_BANK edges: 31
  EXPORT_EXPOSED_TO edges: 28
  SUBJECT_TO edges: 31
  HAS_CRISIS_HISTORY edges: 378 (from event_log)
  DATA_AVAILABLE_FROM edges: 1244
  HAS_FACTOR_EXPOSURE edges: 13759 (latest edge date 2100-12-01 00:00:00)
  TRADES_WITH fallback reporters: TWN
  TRADES_WITH edges: 1540 (year=2025, threshold=$100M)
  HAS_BANKING_EXPOSURE_TO edges: 933 (quarter=2026-Q1)
  HOLDS_PORTFOLIO edges: 3149 (imf_pip=2024-12-01, us_tic=2026-05-01)

============================================================
Graph populated in 17.8s
============================================================


────────────────────────────────────────────────────────────
STEP: Country-State Embeddings
CMD:  /Users/arjundivecha/Dropbox/AAA Backup/A Working/ASADO/venv/bin/python /Users/arjundivecha/Dropbox/AAA Backup/A Working/ASADO/scripts/build_embeddings.py
CWD:  /Users/arjundivecha/Dropbox/AAA Backup/A Working/ASADO
────────────────────────────────────────────────────────────
============================================================
Building country-state embeddings
============================================================

  Querying latest values per country-variable ...
  Raw: 13759 country-variable pairs
  Countries: 43
  Variables: 431

  Pivoting to wide format ...
  Wide shape: (43, 431)
  Found 68 infinite values — converting to NaN before coverage filtering ...
  After dropping >50% missing: 385 variables (dropped 46)
  Imputing remaining missing values with column median ...
  Standardizing (z-score) ...
  PCA: 385 -> 43 dimensions ...
  Explained variance: 100.0%

  Built 43 embeddings of dimension 43

============================================================
Writing embeddings to Neo4j
============================================================
  Updated 43 Country nodes with embeddings
  Created vector index: countryStateIndex (43d, cosine)
  Index status: ONLINE

  Testing similarity search (top 5 similar to first country) ...
  Countries most similar to Australia:
    Switzerland: 0.6641
    Germany: 0.6387
    New Zealand: 0.6264
    Netherlands: 0.6235
    U.K.: 0.6228

  Done.

Total time: 2.8s


────────────────────────────────────────────────────────────
STEP: Schema Cache Refresh
CMD:  /Users/arjundivecha/Dropbox/AAA Backup/A Working/ASADO/venv/bin/python /Users/arjundivecha/Dropbox/AAA Backup/A Working/ASADO/scripts/build_schema_registry.py
CWD:  /Users/arjundivecha/Dropbox/AAA Backup/A Working/ASADO
────────────────────────────────────────────────────────────
Schema cache written to /Users/arjundivecha/Dropbox/AAA Backup/A Working/ASADO/Data/cache/query_assistant
  DuckDB tables/views: 43
  Variables: 743
  Returns catalog: 5 monthly country-return vars, 5 daily country-return vars, 3 monthly factor sources, 2 daily factor sources, 2 alias rows.
  Neo4j labels: 7


────────────────────────────────────────────────────────────
STEP: Factor Reference (docs/factor_reference.md)
CMD:  /Users/arjundivecha/Dropbox/AAA Backup/A Working/ASADO/venv/bin/python /Users/arjundivecha/Dropbox/AAA Backup/A Working/ASADO/scripts/build_factor_reference.py
CWD:  /Users/arjundivecha/Dropbox/AAA Backup/A Working/ASADO
────────────────────────────────────────────────────────────
Wrote /Users/arjundivecha/Dropbox/AAA Backup/A Working/ASADO/docs/factor_reference.md  (792 lines, 48.3 KB)


  DuckDB Verification:
    t2_master           :  1,085,246 rows, 111 vars
    t2_raw              :    477,965 rows,  53 vars
    country_reference   :         40 rows,  40 iso3
    external_factors    :    138,042 rows,  35 vars
    extended_factors    :    115,881 rows,  53 vars
    gdelt_panel         :    420,512 rows,  93 vars
    imf_factors         :    125,474 rows,  26 vars
    macrostructure_factors:     97,105 rows,  26 vars
    bloomberg_factors   :    106,600 rows,  31 vars
    wb_commodity_prices :     50,457 rows,  71 commodities
    demographics_dip    :     20,026 rows,   4 vars
    factor_returns      :    106,816 rows,  390 factors
    factor_top20_membership:    748,446 rows,  393 factors
    normalized_panel    :    964,935 rows, 299 vars
    unified_panel       :  2,586,851 rows, 431 vars (view)
    feature_panel       :  3,551,786 rows, 730 vars (view)
    wb_commodity_canonical:         71 prices,  16 indices, latest 2026-07-01
    bilateral_portfolio_matrix:     92,079 rows


============================================================
  ASADO MONTHLY UPDATE — SUMMARY
  2026-08-09 13:26:49
============================================================

  [OK  ]  Program 1: External Sources (7)        27.9s
  [OK  ]  Program 2: Extended Sources (12)      123.0s
  [OK  ]  World Bank Commodity Price Intelligence     4.6s
  [OK  ]  Program 3: IMF Datasets (7)           122.0s
  [OK  ]  Program 4: Bilateral Data (trade + banking + portfolio)   389.8s
  [OK  ]  Program 4b: PIT bilateral edge vintages (loop graph machine)   155.9s
  [OK  ]  Program 5: Macrostructure Panel (FSI + QPSD + backstop)    63.9s
  [OK  ]  Program 5c: Ken French style factors (regional benchmark)     4.9s
  [OK  ]  Program 6: Bloomberg                  152.7s
  [OK  ]  Program 6a: T2 Bloomberg Master       117.9s
  [OK  ]  Program 6b: T2 Master (P2P + Bloomberg → T2 Master.xlsx)    88.1s
  [OK  ]  Vintage Snapshot (Data/processed -> Data/vintages)     0.2s
  [OK  ]  DuckDB Rebuild (pass 1)                 6.9s
  [OK  ]  Normalization Layer (pass 1)           12.1s
  [OK  ]  Econ Workbook Export (Econ.xlsx)       11.0s
  [OK  ]  GDELT Ingest (GKG source -> panels + workbooks, in-repo)   329.0s
  [OK  ]  T2 Normalize (ASADO → Normalized_T2_MasterCSV.csv)     3.9s
  [OK  ]  Benchmark Returns (ASADO -> Portfolio_Data.xlsx)     0.7s
  [OK  ]  GDELT Normalize (ASADO -> GDELT_Factors_MasterCSV.csv)     2.9s
  [OK  ]  Econ Normalize (ASADO → Econ_Factors_MasterCSV.csv)     8.6s
  [OK  ]  T2 Optimizer Step Three (ASADO → T2_Top_20_Exposure.csv)    36.1s
  [OK  ]  T2 Optimizer Step Four (ASADO → T2_Optimizer.xlsx)    37.6s
  [OK  ]  GDELT Optimizer Step Three (ASADO -> GDELT_Top_20_Exposure.csv)    18.8s
  [OK  ]  GDELT Optimizer Step Four (ASADO -> GDELT_Optimizer.xlsx)    15.4s
  [OK  ]  Econ Optimizer Step Three (ASADO → Econ_Top_20_Exposure.csv)    99.5s
  [OK  ]  Econ Optimizer Step Four (ASADO → Econ_Optimizer.xlsx)    76.4s
  [OK  ]  Optimizer Returns + Top-20 Membership (ingest)     1.5s
  [OK  ]  DuckDB Rebuild (pass 2 — fresh T2 + GDELT CSVs)     6.1s
  [OK  ]  Normalization Layer (pass 2)           12.4s
  [OK  ]  Daily Panels (T2 + GDELT + optimizer returns)    75.4s
  [OK  ]  QA: source alignment (advisory)         2.6s
  [OK  ]  Prediction Markets (Kalshi + Polymarket)    47.2s
  [OK  ]  Event Log (curated event registry)      0.6s
  [OK  ]  Variable Registry (semantic layer)      2.6s
  [OK  ]  Neo4j Knowledge Graph                  18.3s
  [OK  ]  Country-State Embeddings                4.9s
  [OK  ]  Schema Cache Refresh                    3.1s
  [OK  ]  Factor Reference (docs/factor_reference.md)     0.1s

  Total elapsed: 2084.5s (34.7 min)
  Log file:      /Users/arjundivecha/Dropbox/AAA Backup/A Working/ASADO/Data/logs/monthly_update_2026_08_09_125158.log

  ALL STEPS COMPLETED SUCCESSFULLY.
============================================================
EXIT=0 Sun Aug  9 13:26:50 PDT 2026
