date,country,macro_identity,trees_primitives,trees_states,neural_primitives,neural_states,value_momentum
2018-07-01,Australia,Australia,-0.06811523723167062,-0.043680037033134764,-0.10511136265061073,-0.056616398162844306,0.4375
2018-07-01,Brazil,Brazil,0.006454161007795563,-0.011625978195643857,-0.08577451785315178,-0.04357014673225061,0.5
2018-07-01,Canada,Canada,-0.07855310798446513,-0.06668801014818289,-0.008382035037259365,-0.07448944026848459,0.515625
2018-07-01,Chile,Chile,-0.12950602838341638,-0.10223660441235653,-0.12594670715485048,-0.12470041503399089,0.734375
2018-07-01,ChinaA,China,0.004897894247913611,0.04942896897897536,-0.016412400446734404,0.0282243652108399,0.84375
2018-07-01,ChinaH,China,0.004897894247913611,0.034529092675780235,-0.10665128912906685,-0.03251391010425796,0.78125
2018-07-01,Denmark,Denmark,0.12551824013034008,0.09547590772082942,0.04897564740374773,0.0678741073508117,0.1875
2018-07-01,France,France,0.02117619641896185,-0.07079572700977846,0.04502813703428664,-0.04787426324584117,0.625
2018-07-01,Germany,Germany,0.009931573229817983,-0.04071746617357036,-0.03327596403191535,0.010892295359039218,0.5
2018-07-01,Hong Kong,Hong Kong,-0.04872780935240087,0.033622867688034144,-0.02222755917546632,-0.03760828927796337,0.78125
2018-07-01,Indonesia,Indonesia,-0.02628889535225138,-0.03644173691584185,0.0031820563254665087,-0.054614118158443595,0.1875
2018-07-01,Italy,Italy,0.04596452857339542,0.0019006179456077157,0.1241689768433362,-0.10915772219933588,0.671875
2018-07-01,Japan,Japan,-0.05540420698077653,0.03796541498272715,-0.07491917212499714,-0.0061621725887653685,0.71875
2018-07-01,Korea,Korea,-0.028512012151285782,0.023107382544199234,0.004616344831527983,0.08055954053636315,0.796875
2018-07-01,Malaysia,Malaysia,-0.07122016618616392,-0.08030399014224823,-0.22317765826062805,-0.0902890366756112,0.546875
2018-07-01,Mexico,Mexico,0.08001573577224959,0.12000063974854501,0.014552016666996199,0.01519090668396986,0.203125
2018-07-01,NASDAQ,US,-0.04766962046508781,-0.06685034211758555,-0.06614928691641893,-0.08077712142702917,0.453125
2018-07-01,Netherlands,Netherlands,-0.023790776751143355,-0.06468736710474754,-0.034146984008311995,-0.09442369763115309,0.3125
2018-07-01,Philippines,Philippines,0.04071367411989871,-0.06226093693890368,-0.14962344167905517,-0.10559932762101629,0.25
2018-07-01,Poland,Poland,0.027006580281210533,0.061609355597063487,0.08985971945595696,0.05284613198080777,0.578125
2018-07-01,Singapore,Singapore,-0.0004630879841111043,-0.017501451377244688,-0.018736784752007365,-0.059471120116654716,0.78125
2018-07-01,South Africa,South Africa,-0.06360183689175755,-0.0957626312877602,-0.24499008537179467,-0.2612430832421271,0.421875
2018-07-01,Spain,Spain,-0.024192837644287712,-0.012323858134621007,0.14511709112249468,0.07083068245227081,0.5
2018-07-01,Sweden,Sweden,-0.03927753711335061,-0.0331326330219132,0.01818230542175461,0.019996699319841462,0.21875
2018-07-01,Switzerland,Switzerland,-0.048223120689704885,-0.04607041026182518,-0.013899909415185971,-0.0047336823690136,0.1875
2018-07-01,Taiwan,Taiwan,0.004535418218451433,-0.03096777645184194,0.017706980362045693,-0.011721136322944591,0.453125
2018-07-01,Thailand,Thailand,0.006456618243455645,-0.02559999049922644,-0.04846950170733906,-0.07079796667144728,0.671875
2018-07-01,Turkey,Turkey,0.031916140054794706,-0.007301316823467524,0.014434016968529868,-0.2823982908162032,0.5
2018-07-01,U.K.,U.K.,-0.0069723940858986855,0.04221843109137238,-0.03046744416576056,0.025878635843858192,0.65625
2018-07-01,U.S.,US,-0.05603399343716095,-0.09377507197133986,-0.04562177695091668,-0.05877899027836979,0.40625
2018-07-01,US SmallCap,US,0.009823569397391641,0.01891786186679851,-0.04044131411335407,-0.012289553666042575,0.546875
2018-07-01,Vietnam,Vietnam,-0.009324984161760665,-0.027007593354009582,-0.09510821565935514,-0.01029134400643298,0.53125
2018-08-01,Australia,Australia,-0.07325273839407098,-0.03576390894955518,-0.10466830629871839,-0.06102516948685317,0.578125
2018-08-01,Brazil,Brazil,-0.00774375218141323,-0.040976522344922245,-0.12911438597972102,-0.028677913151168282,0.328125
2018-08-01,Canada,Canada,-0.01626541682234652,-0.05690517505110591,-0.01863856887975611,-0.015029475962594952,0.609375
2018-08-01,Chile,Chile,-0.07814167561877332,-0.10644380919636828,-0.06301981372811354,-0.11119871310840142,0.578125
2018-08-01,ChinaA,China,0.02277120488295897,0.01620355625400488,0.041577732921912205,0.08349674889234752,0.78125
2018-08-01,ChinaH,China,0.0225475212905237,0.021232952013778224,-0.04220206621387358,-0.02987808716708765,0.75
2018-08-01,Denmark,Denmark,0.11360838095842457,0.0916695774753994,0.03360327166086616,0.03758536251168154,0.203125
2018-08-01,France,France,-9.617337642304699e-05,-0.05381121795777434,0.08336808750142308,-0.0427350290448114,0.65625
2018-08-01,Germany,Germany,0.02443807629037328,-0.04306954159247042,-0.02374677868490562,-0.01394189212225932,0.515625
2018-08-01,Hong Kong,Hong Kong,-0.07624037999532439,0.019961514550833302,0.001623843072424606,-0.0276312766508503,0.765625
2018-08-01,Indonesia,Indonesia,-0.034004365841745446,0.006334458222122641,-0.0006124362698701931,0.0017794700791296178,0.15625
2018-08-01,Italy,Italy,0.06710161123260881,-0.0014436788731466994,0.13788971679548634,-0.053032538416489375,0.65625
2018-08-01,Japan,Japan,-0.0393968706928739,-0.002963830475975336,-0.038419216816661494,-0.00467944392137766,0.78125
2018-08-01,Korea,Korea,-0.017615606500315524,0.0016553498974331577,0.03189015557048282,0.07879382864361167,0.75
2018-08-01,Malaysia,Malaysia,-0.061856858600131195,-0.07135303910367907,-0.1760289005215729,-0.08459795677687228,0.65625
2018-08-01,Mexico,Mexico,-0.0518145486010481,-0.03751862527772323,-0.024626310621010984,-0.12658908903020014,0.203125
2018-08-01,NASDAQ,US,-0.04222764830267127,-0.08159838705896601,-0.06554561220660098,-0.05631833189630636,0.5
2018-08-01,Netherlands,Netherlands,-0.013470341440152078,-0.07450198451286441,-7.277811490786004e-06,-0.10180327415060955,0.34375
2018-08-01,Philippines,Philippines,0.05690813535372098,-0.0203811928400112,-0.06625874290608298,-0.1207406344123361,0.234375
2018-08-01,Poland,Poland,-0.018808495332182568,-0.04325886722769362,0.10887689397655438,0.03853872620083386,0.46875
2018-08-01,Singapore,Singapore,-0.004055923889291025,0.0015980190454784812,0.023914577184605938,-0.019709065164993073,0.6875
2018-08-01,South Africa,South Africa,-0.08299376017851946,-0.09840232700387253,-0.23476584062868325,-0.2724716266088959,0.34375
2018-08-01,Spain,Spain,-0.03411396667142856,-0.042073802567697494,0.1397518801326195,0.026957219819716643,0.546875
2018-08-01,Sweden,Sweden,-0.08170313006639933,-0.04461235141850581,-0.01768862361987941,-0.012867135752293955,0.265625
2018-08-01,Switzerland,Switzerland,-0.049852417030740406,-0.037608642469039964,0.0014190843695037602,-0.037101386264375286,0.21875
2018-08-01,Taiwan,Taiwan,0.004524327886648851,-0.016155053181995664,0.036086931646294104,-0.021453652052943382,0.46875
2018-08-01,Thailand,Thailand,-0.005154253447961284,-0.0015161926339992155,-0.034335633862454286,-0.04795478365534998,0.578125
2018-08-01,Turkey,Turkey,0.12939089642895651,0.14222218860308553,0.16045075850411292,-0.09267011062165043,0.5
2018-08-01,U.K.,U.K.,-0.014573986703093768,-0.019358603291030355,-0.03214163330840074,0.019858133306743242,0.703125
2018-08-01,U.S.,US,-0.04199729468161728,-0.07941960263054065,-0.038595227643841365,-0.02839193786698496,0.5
2018-08-01,US SmallCap,US,0.025257494681021963,0.015292458675106094,-0.035554421539836026,-0.010051244335400217,0.640625
2018-08-01,Vietnam,Vietnam,-0.02985827379094638,-0.019794894362098872,-0.10468212572380231,-0.022470690070176994,0.53125
2018-09-01,Australia,Australia,-0.046881669527817624,-0.060775896003618476,-0.1023376011133826,-0.08502982667930242,0.609375
2018-09-01,Brazil,Brazil,0.06533794082776498,-0.002558536090627524,-0.0074031980228050145,-0.0349706611279553,0.328125
2018-09-01,Canada,Canada,-0.025652395779450603,-0.02805831309394922,-0.021125065088276683,-0.014234716653642737,0.640625
2018-09-01,Chile,Chile,-0.08529462729042042,-0.09101170787330255,-0.08186123447281116,-0.13546099748531998,0.59375
2018-09-01,ChinaA,China,0.005526961400023643,0.019840254375612904,0.085021593030746,0.11536790306693712,0.640625
2018-09-01,ChinaH,China,0.003502312166047362,0.0079701657747255,0.003933863552169011,-0.010454530353787581,0.625
2018-09-01,Denmark,Denmark,0.1508384749666145,0.08970555827278266,-0.006885249361193996,0.03167038592450423,0.1875
2018-09-01,France,France,-0.01688497050086168,-0.04217772754867945,0.039167761891029815,-0.016303321594656764,0.703125
2018-09-01,Germany,Germany,-0.006252423042565518,-0.04229210933247794,-0.006079019020932155,0.0249169897283722,0.578125
2018-09-01,Hong Kong,Hong Kong,-0.09582075894961382,0.0006463374707525154,-0.006576791803409551,0.004784108806285705,0.765625
2018-09-01,Indonesia,Indonesia,0.010011680153141075,0.023574508291745507,0.1997167186427915,0.10253342225880181,0.125
2018-09-01,Italy,Italy,0.04981215575908925,-0.005482740501168663,0.21484293240553565,-0.08146827139993443,0.625
2018-09-01,Japan,Japan,-0.04724353658372227,-0.007745360790980482,-0.05068672228259698,-0.0028219309084826514,0.734375
2018-09-01,Korea,Korea,-0.006705565879988164,0.026723554012187133,-0.03808506047745519,0.058902132876593946,0.6875
2018-09-01,Malaysia,Malaysia,-0.07132874170065098,-0.014477426101221495,-0.22863333677778946,-0.13742881739969814,0.703125
2018-09-01,Mexico,Mexico,-0.025677036362448755,-0.08334654459572742,0.025836947016617828,-0.021937833738617754,0.28125
2018-09-01,NASDAQ,US,-0.03377073716659455,-0.06279713434858683,-0.05329330689793975,-0.06965316468885023,0.5
2018-09-01,Netherlands,Netherlands,-0.026887177865038643,-0.06768910413100927,-0.01817568636599666,-0.07849617188921536,0.421875
2018-09-01,Philippines,Philippines,-0.04634372288674679,-0.09893526456115481,-0.16144194085946545,-0.15108242062840005,0.234375
2018-09-01,Poland,Poland,-0.01251135526376416,-0.004872746650084397,0.08389296899780865,-0.0135379330916236,0.421875
2018-09-01,Singapore,Singapore,0.00464278541855772,-0.03727366150645058,0.01811534716684551,-0.014602821818419445,0.734375
2018-09-01,South Africa,South Africa,-0.0626013023295975,-0.05359364383170122,-0.12319026442745958,-0.25982116250489423,0.328125
2018-09-01,Spain,Spain,-0.0452686156104672,-0.0015472315232770957,0.07893710231368341,0.08219881072186497,0.5625
2018-09-01,Sweden,Sweden,-0.08296082895482774,-0.039704654582970726,-0.016945684261652584,-0.0652744240528019,0.234375
2018-09-01,Switzerland,Switzerland,-0.09493170477702395,-0.05555075491693459,-0.0419750692221738,-0.029331384752706822,0.25
2018-09-01,Taiwan,Taiwan,-0.010239518659740317,-0.02577912458911655,0.022392993976818754,-0.02651751066712047,0.46875
2018-09-01,Thailand,Thailand,0.012419367240999176,0.023038509568193647,-0.05079674002808465,-0.05334625667360328,0.609375
2018-09-01,Turkey,Turkey,0.07035151672904212,0.0630910049356464,0.13237562225659816,0.08590009203308772,0.515625
2018-09-01,U.K.,U.K.,0.03612522597881751,-0.0030599421143802192,-0.010968118392865166,0.02482061106350888,0.71875
2018-09-01,U.S.,US,-0.023940896492166696,-0.06065644672647924,-0.016143448618077375,-0.0183426399897234,0.515625
2018-09-01,US SmallCap,US,0.03587236516510116,0.010634225019414502,0.001582890857337805,0.01216781148807046,0.625
2018-09-01,Vietnam,Vietnam,-0.014599254899699071,-0.019794894362098872,-0.1319566521776036,-0.022106252015706096,0.53125
2018-10-01,Australia,Australia,-0.033312225384952696,-0.049980261418518926,-0.15730799248300614,-0.08204467329963389,0.625
2018-10-01,Brazil,Brazil,0.027756428630769273,0.0007625333541009475,-0.007041075911184916,0.006835213192366681,0.234375
2018-10-01,Canada,Canada,-0.07827565192171956,-0.10370671934044269,-0.031489472396285065,-0.026971619696740057,0.609375
2018-10-01,Chile,Chile,-0.01564802194422131,-0.1075864308319331,-0.019395542945130375,-0.13524963511984311,0.390625
2018-10-01,ChinaA,China,-0.00409193590536493,-0.009871797797976747,0.06491425466681155,0.04360237510104027,0.59375
2018-10-01,ChinaH,China,-0.00409193590536493,-0.009752294233277704,0.021026532503798948,0.0011666168963117216,0.59375
2018-10-01,Denmark,Denmark,0.09866593901497174,0.06763323810762775,-0.008969538937502668,0.013878116383012333,0.265625
2018-10-01,France,France,-0.06090337043963455,-0.023483428688777175,0.06188369277150538,-0.0030479009421733195,0.625
2018-10-01,Germany,Germany,-0.02754128577862525,-0.014310593446986514,0.011856873839397947,0.008629202512468587,0.5
2018-10-01,Hong Kong,Hong Kong,-0.06990180008449011,-0.0015757465373550193,0.0414534449311294,-0.0011481116870679705,0.7734375
2018-10-01,Indonesia,Indonesia,-0.049648720311100084,0.0184804178797885,0.0512648898482847,0.05218741830915459,0.171875
2018-10-01,Italy,Italy,0.05058071340421211,0.08016677087770313,0.30944499567843714,0.046849129689401525,0.515625
2018-10-01,Japan,Japan,-0.09329317151643403,-0.04345654336566526,-0.09121181979447973,-0.021798776253302614,0.734375
2018-10-01,Korea,Korea,-0.011592876230735832,0.014997168431343452,-0.040336598160644194,0.030219274463160046,0.78125
2018-10-01,Malaysia,Malaysia,-0.060403071046331094,-0.0336280439776588,-0.24612413120946025,-0.1903694212379257,0.734375
2018-10-01,Mexico,Mexico,-0.05377752967561854,-0.01861760292842654,-0.004525730301099373,0.010610375699506683,0.3125
2018-10-01,NASDAQ,US,-0.0247242983693289,-0.03695783951198596,-0.02323952176244462,-0.07222840825913956,0.5
2018-10-01,Netherlands,Netherlands,-0.07242757688969374,-0.0822388540076411,0.016062941061704784,-0.09537636312211109,0.40625
2018-10-01,Philippines,Philippines,-0.03847858563356912,-0.09703190307409527,-0.17068486062235252,-0.14733518600505185,0.328125
2018-10-01,Poland,Poland,0.0008756925051624093,-0.006036147472457746,0.13116620258788242,0.016788937455051348,0.578125
2018-10-01,Singapore,Singapore,-0.01742627610813543,-0.07001259159641263,0.022497696989103772,-0.020151335942841974,0.765625
2018-10-01,South Africa,South Africa,-0.06020239446369363,-0.07393544507376078,-0.12428711462637772,-0.25221966804576756,0.375
2018-10-01,Spain,Spain,-0.030184079396476857,-0.032423210081523934,0.13600546422873291,0.06632499814538242,0.5078125
2018-10-01,Sweden,Sweden,-0.11539063990218704,-0.02606970310386545,-0.03653273823678596,-0.07563113078801632,0.203125
2018-10-01,Switzerland,Switzerland,-0.09270019361438774,-0.04482687228179613,-0.032295132563025714,-0.04365023298589357,0.34375
2018-10-01,Taiwan,Taiwan,-0.023373934043225922,-0.024632669676575444,-0.0007316166141003149,-0.0012699525331788912,0.625
2018-10-01,Thailand,Thailand,0.002128322553674832,0.0059218927981441565,-0.0336704067937341,-0.04045754532889862,0.578125
2018-10-01,Turkey,Turkey,0.06728887413049164,0.06050019911543901,0.14111058340935398,0.1248100661703113,0.5
2018-10-01,U.K.,U.K.,0.016806610768509384,-0.053127783730133174,-0.00969755739648786,0.016495309018690375,0.6875
2018-10-01,U.S.,US,-0.02271937428456442,-0.031286687637352595,-0.006682479433160115,-0.006854646779001288,0.515625
2018-10-01,US SmallCap,US,0.034742240784815165,0.04532022978477808,-0.001747767729022979,0.017472980125878113,0.59375
2018-10-01,Vietnam,Vietnam,-0.012735301335625743,-0.030991102077532,-0.132167334610617,-0.023146765739300634,0.53125
2018-11-01,Australia,Australia,-0.08194061048495602,-0.03551900692839062,-0.08330257367601329,-0.06050368536485741,0.609375
2018-11-01,Brazil,Brazil,-0.03728501333318521,-0.02725286854545137,-0.07028310515728496,-0.03436294403108617,0.15625
2018-11-01,Canada,Canada,-0.0501900539826417,-0.08436324889140057,-0.06433998759187338,-0.020529052524403284,0.625
2018-11-01,Chile,Chile,-0.03221374438012324,-0.06574378354767149,0.06473378810722451,-0.15728901167480494,0.359375
2018-11-01,ChinaA,China,0.03892098908924167,0.021523559476303633,0.18981938410672458,0.12125876674540238,0.53125
2018-11-01,ChinaH,China,0.027141997275025292,-0.007185931740889865,0.15349730550670143,0.05685914348919981,0.53125
2018-11-01,Denmark,Denmark,0.03590479141817475,0.012979676613888155,0.03088217465191134,0.009406466218168038,0.25
2018-11-01,France,France,-0.006215236663794178,-0.017799413515769788,0.11341811778723772,0.06924096152057063,0.609375
2018-11-01,Germany,Germany,0.03165842968705394,0.07375060910805713,0.09069031799147281,0.044926082154171945,0.46875
2018-11-01,Hong Kong,Hong Kong,-0.04632194412788816,-0.017689254323306796,0.029799359891386292,0.04832555262491217,0.78125
2018-11-01,Indonesia,Indonesia,0.046276491707410036,0.0403405621649615,0.21739298407292887,0.11850058039061355,0.171875
2018-11-01,Italy,Italy,0.02682665442503949,0.05302209413140278,0.4060444101792584,0.0376564665093366,0.5625
2018-11-01,Japan,Japan,-0.05417314238265304,-0.01776988168729154,-0.000274928805476516,0.03240954669041836,0.75
2018-11-01,Korea,Korea,0.0576444847691832,0.07780263786680561,-0.03578500264981695,0.14003126780906142,0.71875
2018-11-01,Malaysia,Malaysia,-0.09757337833077293,-0.04368757496474135,-0.2260068389335429,-0.1939539332179633,0.71875
2018-11-01,Mexico,Mexico,0.0500180896296165,0.036607556793960855,0.025989857029398208,0.0265598014469895,0.609375
2018-11-01,NASDAQ,US,-0.04344486787167329,-0.049545355740845565,-0.022886180507679342,-0.11841193884309294,0.5
2018-11-01,Netherlands,Netherlands,-0.011679354088261523,-0.039475941623613744,0.008396836469235908,-0.020774575979050643,0.40625
2018-11-01,Philippines,Philippines,0.05328631835443064,-0.016459504918818986,-0.11107001219195003,-0.07773984802172136,0.203125
2018-11-01,Poland,Poland,-0.011352123032896268,-0.07026237308997445,0.2068643749084071,0.100805762757138,0.546875
2018-11-01,Singapore,Singapore,-0.012627310465308027,-0.07871100271350746,0.023011061721616,0.00015916589084951673,0.734375
2018-11-01,South Africa,South Africa,0.007954916183971691,0.04141441446517241,-0.14994082494837724,-0.1511216704442433,0.375
2018-11-01,Spain,Spain,0.04918424085981758,0.020128977577650527,0.172304980949464,0.12217287671437278,0.5
2018-11-01,Sweden,Sweden,-0.07734111909098917,-0.021723031073804414,0.03243542622934943,0.05819915438625127,0.359375
2018-11-01,Switzerland,Switzerland,-0.06493133861030483,-0.041137119439141306,-0.022954633193891363,-0.009858152335460581,0.375
2018-11-01,Taiwan,Taiwan,-0.02850474108219026,-0.0746560070429771,0.03193022140702935,0.03155539108705513,0.5625
2018-11-01,Thailand,Thailand,0.03059053285805444,-0.03439096809874258,-0.024778321762888682,-0.10314837786689167,0.578125
2018-11-01,Turkey,Turkey,0.07497333027685285,0.06305221163410395,0.16777939208073891,-0.07780325440498918,0.5
2018-11-01,U.K.,U.K.,0.030280699453088856,0.06742387056251671,0.07021891352061792,0.03500852900091006,0.6875
2018-11-01,U.S.,US,-0.04340424814291534,-0.05334036099734947,-0.0166723700681197,-0.13701680495202423,0.53125
2018-11-01,US SmallCap,US,-0.027300818980014078,-0.03706502424485732,-0.04384135285970986,-0.05642821873016414,0.65625
2018-11-01,Vietnam,Vietnam,-0.00785270528445634,-0.038203801069442725,-0.11875405668608816,-0.030793528297401496,0.53125
2018-12-01,Australia,Australia,-0.04766170030175278,-0.04510375902241048,-0.024377240007400693,-0.08511844509945823,0.59375
2018-12-01,Brazil,Brazil,-0.030099593481320172,-0.05253746328089397,-0.09201970546412967,-0.06720041980801932,0.609375
2018-12-01,Canada,Canada,-0.055496798580341775,-0.08093742697139915,-0.07043225432619679,-0.01354050564873693,0.59375
2018-12-01,Chile,Chile,-0.06576344206578634,-0.11059995683266469,0.027272226881378852,-0.11193904443365021,0.578125
2018-12-01,ChinaA,China,0.13955766990869908,0.12885599651674515,0.23012930651117297,0.16385220681993784,0.46875
2018-12-01,ChinaH,China,0.12777867809448268,0.07890901473962246,0.1551825722580714,0.05893996173264407,0.40625
2018-12-01,Denmark,Denmark,0.08257439726172366,0.05642476822157895,0.06234537410721548,-0.042729098061325646,0.21875
2018-12-01,France,France,0.0027595748207578374,0.006765480457697381,0.13741471286938994,0.07995133296934692,0.625
2018-12-01,Germany,Germany,0.10198424659328896,0.07561856481082137,0.11671508640835694,0.07159144389962219,0.46875
2018-12-01,Hong Kong,Hong Kong,0.07145844755737188,0.12511082891560102,0.12260092393337031,0.09961019545541361,0.671875
2018-12-01,Indonesia,Indonesia,-0.010023359383668695,0.00578492053459812,0.06326565898837735,0.03553808696391589,0.28125
2018-12-01,Italy,Italy,0.04656201948369887,-0.02004010268198642,0.28430441012726976,0.07326767949418653,0.5625
2018-12-01,Japan,Japan,0.03982972521148094,0.0760703428483841,0.08090862605089237,0.038676735735469786,0.703125
2018-12-01,Korea,Korea,0.06105135778168551,0.08974150491589372,0.07886643499205444,0.14962440789719356,0.546875
2018-12-01,Malaysia,Malaysia,-0.09570438728015783,-0.11287150416911236,-0.11791386734697222,-0.15468651489312543,0.734375
2018-12-01,Mexico,Mexico,0.10527402780868626,0.09085822326561806,0.19590861742453416,0.021430253749995704,0.4375
2018-12-01,NASDAQ,US,-0.051895560465984536,-0.037702614590841475,-0.038453536460799916,-0.13327758208200852,0.5
2018-12-01,Netherlands,Netherlands,0.06821171483881783,0.053228057367182266,0.06749178251236478,0.01644466258459166,0.375
2018-12-01,Philippines,Philippines,0.05292475467528787,-0.009753499944954443,-0.08621954768053865,-0.04830098237700481,0.28125
2018-12-01,Poland,Poland,0.01319715360005519,-0.034724895574239314,0.1805725701619701,0.04971101705511209,0.53125
2018-12-01,Singapore,Singapore,-0.0033060647890968044,-0.01833316762017604,0.004163601013418951,-0.0006136753641611068,0.6875
2018-12-01,South Africa,South Africa,0.053444190049647636,0.03320189571080703,-0.2222161128077837,-0.19361496404941206,0.203125
2018-12-01,Spain,Spain,0.06366585570599313,-0.01280246357290922,0.22781398879604187,0.14620176095520113,0.578125
2018-12-01,Sweden,Sweden,-0.059921809522560154,0.03225542846388944,0.043055584807885156,0.07728745547277305,0.375
2018-12-01,Switzerland,Switzerland,-0.05271301476236932,-0.06118987555280041,0.002067191416082059,0.0068817287045699685,0.453125
2018-12-01,Taiwan,Taiwan,-0.016446572155252345,-0.053982562631598716,0.04573970423961446,0.023373097180739617,0.59375
2018-12-01,Thailand,Thailand,-0.03089841908942252,-0.016744169221337486,0.0063102885147057215,-0.003832043349924621,0.640625
2018-12-01,Turkey,Turkey,0.05421914861427256,0.04366568728277674,0.0073860850745571666,0.04529383755802763,0.5
2018-12-01,U.K.,U.K.,0.06697374717322463,0.08076963685493666,0.09907260865743782,0.028978729639121455,0.71875
2018-12-01,U.S.,US,-0.02122300041365987,0.01886712363463908,-0.04630347948378216,-0.1279159181694981,0.53125
2018-12-01,US SmallCap,US,-0.025117393127680313,0.007661979515231791,-0.04087562079538726,-0.09133861722556008,0.609375
2018-12-01,Vietnam,Vietnam,-0.04819049291776316,-0.03761078274172303,-0.05715634286998754,-0.018324708828889223,0.421875
2019-01-01,Australia,Australia,-0.07226855441072677,-0.05386858564080797,0.022256986909578152,0.01960065496783319,0.5625
2019-01-01,Brazil,Brazil,-0.046864063878229834,-0.05690588380995838,-0.09731127640128834,-0.05438281318496431,0.578125
2019-01-01,Canada,Canada,0.038565940745371355,0.06717433986279552,0.00755904991057213,0.03432532748471449,0.609375
2019-01-01,Chile,Chile,-0.041178650632944694,-0.06472055839207562,0.10370747815469843,-0.010381102378651554,0.375
2019-01-01,ChinaA,China,0.09600699840549352,0.10084596226947898,0.20290750898040225,0.12996944338236288,0.53125
2019-01-01,ChinaH,China,0.08422800659127713,0.058548105043519746,0.14249456292718238,0.05749381915479336,0.5
2019-01-01,Denmark,Denmark,0.09469568725474427,0.04520777347028403,0.04607500312864693,0.011683816213848112,0.234375
2019-01-01,France,France,0.09601209502758913,0.06922561917519432,0.14114500647175096,0.17978672255169048,0.578125
2019-01-01,Germany,Germany,0.11214388863655865,0.13899193115442454,0.1455493082550748,0.06806751704490548,0.421875
2019-01-01,Hong Kong,Hong Kong,0.03559147884901298,0.017134397856798985,0.09034354764113617,0.0779294435858254,0.796875
2019-01-01,Indonesia,Indonesia,-0.004178938302872408,0.010985753993127963,0.07211175463989278,0.03263778351533761,0.34375
2019-01-01,Italy,Italy,0.02434006827510161,-0.02353537647300085,0.18948527491912784,0.12657543599197688,0.59375
2019-01-01,Japan,Japan,0.10903126891462948,0.1689511241892382,0.06851947866911373,0.20226308450142236,0.75
2019-01-01,Korea,Korea,0.10710812659292032,0.18147296202105648,0.0365816630776329,0.1769867024690929,0.546875
2019-01-01,Malaysia,Malaysia,-0.058240642163234616,-0.08828315230842186,-0.01795825371965675,-0.10136157937448369,0.65625
2019-01-01,Mexico,Mexico,0.0968092090123444,0.12413860637400846,0.1420196710398411,0.03549328507644847,0.296875
2019-01-01,NASDAQ,US,-0.03290119241130095,-0.006578603580213887,-0.008775489425161917,-0.07317553261399849,0.515625
2019-01-01,Netherlands,Netherlands,0.00567754352374444,0.041288803902199495,0.07395202136888976,0.057102883532921395,0.46875
2019-01-01,Philippines,Philippines,0.017728467357936227,0.0075103558698367025,-0.12406119642785196,-0.07016167795365932,0.234375
2019-01-01,Poland,Poland,-0.03565870822179758,-0.06630067224973486,0.09882920150441714,0.058086063959880294,0.578125
2019-01-01,Singapore,Singapore,0.0029817896478243483,-0.04338434649722993,0.0006188937977680744,0.01469169200957508,0.71875
2019-01-01,South Africa,South Africa,0.09691307643645533,0.059164797616668235,-0.22230591524183138,-0.1194897685175996,0.15625
2019-01-01,Spain,Spain,0.06969782803198436,0.05106237782391068,0.17563780506599058,0.1714580418656633,0.609375
2019-01-01,Sweden,Sweden,-0.05430933315078805,0.03998896968934243,0.12786074595840285,0.10182580672476063,0.390625
2019-01-01,Switzerland,Switzerland,-0.06444567994794217,0.015515884399359733,0.03532873741101947,0.04889380224084923,0.5
2019-01-01,Taiwan,Taiwan,-0.03181851669212614,-0.022129348568174327,0.04085664595883316,0.023089975031106023,0.53125
2019-01-01,Thailand,Thailand,-0.021753021852271043,0.003378236652186256,0.028017491242615575,0.02872825493056205,0.59375
2019-01-01,Turkey,Turkey,-0.07481177346289045,-0.05927091788553883,-0.09598222356681359,-0.05298861314706231,0.484375
2019-01-01,U.K.,U.K.,0.07147977958679899,0.14599628807567558,0.09747645657881053,0.012546653877242426,0.6875
2019-01-01,U.S.,US,-0.036115874483682045,0.0016958715593860876,-0.008909767386387797,-0.07570735089807416,0.546875
2019-01-01,US SmallCap,US,-0.015174561511748558,0.0373389215124668,-0.06012527099395279,-0.023907873922855413,0.6875
2019-01-01,Vietnam,Vietnam,-0.0014474952168232833,-0.023961440772180764,-0.11114743692816742,-0.023625838261097196,0.421875
2019-02-01,Australia,Australia,-0.020230914204975782,0.013352724279284717,0.04969387366198255,0.016520112995468055,0.671875
2019-02-01,Brazil,Brazil,-0.06447708459841028,-0.051688958246627115,-0.10167814991334477,-0.04856349739224054,0.453125
2019-02-01,Canada,Canada,0.024905292233355126,0.026802394307442228,0.06072579644911659,0.014231701559919357,0.578125
2019-02-01,Chile,Chile,-0.03996240473899386,-0.050764795413032096,0.1501037163925103,0.03267083306867455,0.34375
2019-02-01,ChinaA,China,0.09926729610323136,0.1351422005381182,0.06614399730544691,0.06717553337494724,0.421875
2019-02-01,ChinaH,China,0.08748830428901498,0.10154327651945715,0.058844897155858084,-0.0019395902926762345,0.375
2019-02-01,Denmark,Denmark,0.08131540636156762,0.030011979173775693,0.058578971704878316,-0.02667290077775577,0.296875
2019-02-01,France,France,0.126089450959007,0.08605019423513031,0.13768144805861007,0.06545818173423915,0.546875
2019-02-01,Germany,Germany,0.10317961631255212,0.11709421336096835,0.15247800239315987,0.1421321437214352,0.421875
2019-02-01,Hong Kong,Hong Kong,0.04871177713256468,0.06554977548717962,0.10059247700025875,0.09968428726350578,0.890625
2019-02-01,Indonesia,Indonesia,-0.04099286475272801,-0.0276724347573929,0.05435493983110834,-0.02931482928686532,0.515625
2019-02-01,Italy,Italy,0.1290404060585901,0.07859972179477809,0.11755595434048226,0.007455902082659772,0.5625
2019-02-01,Japan,Japan,0.06956180584106426,0.12835302827510098,0.0979776072251469,0.0838824699336297,0.6875
2019-02-01,Korea,Korea,0.023574280575769085,0.041064897246359464,0.08000926113615014,0.014594156536546096,0.640625
2019-02-01,Malaysia,Malaysia,-0.02911598406103338,-0.10730594526003484,-0.07741315001824467,-0.052704317247918214,0.65625
2019-02-01,Mexico,Mexico,0.07624424107333357,0.06786739284666356,0.0767505204632649,0.00357157051359637,0.359375
2019-02-01,NASDAQ,US,0.05888067153551145,0.02365059245325418,0.026335803230696193,-0.11525917456660723,0.515625
2019-02-01,Netherlands,Netherlands,0.04366347179054393,0.07198553290005441,0.1754215175131262,0.1291135511095417,0.359375
2019-02-01,Philippines,Philippines,-0.08927234776912092,-0.05547443235076409,-0.2570932895748594,-0.15024450554079413,0.4375
2019-02-01,Poland,Poland,-0.038948617477634076,-0.020229039255205555,0.06337048590144569,-0.016191801283498047,0.609375
2019-02-01,Singapore,Singapore,0.028520540107435797,0.021194251414319114,0.007755372304920457,0.02091139687631317,0.734375
2019-02-01,South Africa,South Africa,0.09408778153565517,0.10305666521422745,0.2989966162663137,0.004893012618533655,0.28125
2019-02-01,Spain,Spain,0.03317140436273315,0.07849768910246734,0.02744313044711903,0.07055103925360581,0.578125
2019-02-01,Sweden,Sweden,0.01637609249444585,0.03593042031969053,0.07433574884974749,0.11748212975874418,0.3125
2019-02-01,Switzerland,Switzerland,0.04910177094763704,0.0477091055102848,0.08756894920202486,-0.01682881474871702,0.453125
2019-02-01,Taiwan,Taiwan,0.007710651046536086,-0.026961909635543062,0.05879427602079314,0.0753329481510842,0.578125
2019-02-01,Thailand,Thailand,-0.037966540656137464,0.00036209808797287024,0.044778092240242345,0.01052108635894743,0.5625
2019-02-01,Turkey,Turkey,-0.05633543579004112,-0.02181386233038193,-0.2912001487260109,-0.2045576110236158,0.484375
2019-02-01,U.K.,U.K.,0.11512575224085984,0.12618294138449368,0.09093162744498369,0.017862490209455774,0.78125
2019-02-01,U.S.,US,0.06088559562027593,0.023990706198343866,0.0494576890419455,-0.10887566963562804,0.546875
2019-02-01,US SmallCap,US,0.05888067153551145,0.020907843775611293,0.02708209345501687,-0.1445602916982494,0.59375
2019-02-01,Vietnam,Vietnam,0.005820759940728977,0.005327311753447554,-0.18676714057927268,-0.043702835847289415,0.25
2019-03-01,Australia,Australia,-0.003312808220277445,-0.00782271681381897,-0.0314107169673558,-0.03373522372257115,0.5625
2019-03-01,Brazil,Brazil,-0.06582964336815027,-0.061985537118683084,-0.10223493597513664,-0.045434706855012816,0.609375
2019-03-01,Canada,Canada,-0.012855023751423063,-0.016067677346800056,0.06961397689663602,0.025551709512742552,0.734375
2019-03-01,Chile,Chile,-0.0622502808058549,-0.09786118421925619,0.031430738569526315,-0.052387993690855436,0.421875
2019-03-01,ChinaA,China,-0.017487423585407308,-0.09887240702126017,-0.0918593541825264,-0.10312852574625636,0.46875
2019-03-01,ChinaH,China,-0.017487423585407308,-0.058998488148735526,-0.04970092644667741,-0.023831805237345505,0.421875
2019-03-01,Denmark,Denmark,0.03494924060956986,0.0012634057717729897,0.04016583688054441,-0.05997652769312599,0.171875
2019-03-01,France,France,0.028063323585761687,0.05235040238610009,0.1008027167094037,-0.022751997005459962,0.5625
2019-03-01,Germany,Germany,0.0513883480615155,0.08320414825819067,0.08971634189344607,0.08947390622512344,0.390625
2019-03-01,Hong Kong,Hong Kong,-0.04016087556747716,0.03498971887609721,0.020258475201079137,-0.02804981416970982,0.78125
2019-03-01,Indonesia,Indonesia,-0.06919804543072366,-0.007812806039682,0.07166930501899914,0.030291272622185925,0.484375
2019-03-01,Italy,Italy,0.06238662195992471,-0.023820297134994756,0.19120292009318915,-0.08564324497946046,0.546875
2019-03-01,Japan,Japan,0.07483049209060667,0.14431875688988405,0.031099189292409537,0.12859891750527902,0.625
2019-03-01,Korea,Korea,-0.038875414066122306,-0.0030912127032118267,-0.16207990291793387,0.07605737512200411,0.75
2019-03-01,Malaysia,Malaysia,-0.05804759943460967,-0.09619247761325464,-0.1564806872652913,-0.2368186926406941,0.5625
2019-03-01,Mexico,Mexico,0.013796942888821186,0.024970326516587236,0.031406835752195814,0.1313036150996001,0.546875
2019-03-01,NASDAQ,US,0.03194829497584527,-0.0034756254418311797,0.06263782705198163,-0.11077241648573342,0.484375
2019-03-01,Netherlands,Netherlands,-0.05229234361464602,0.0035530808293703434,0.12343928134248229,0.02575272990899925,0.421875
2019-03-01,Philippines,Philippines,-0.0482787978617424,-0.09187945163427827,-0.2837869297543048,-0.17737226347086643,0.484375
2019-03-01,Poland,Poland,-0.046910618164131834,-0.018878350207590846,0.04418063512392072,0.014975850541340058,0.71875
2019-03-01,Singapore,Singapore,0.011139407530597573,-0.03624111556590377,0.00958121498498303,0.024451446613553172,0.703125
2019-03-01,South Africa,South Africa,0.011840643804422075,0.030608198616072262,0.2527230021635924,-0.03828145886606073,0.171875
2019-03-01,Spain,Spain,-0.002743286820955272,0.03049950616592675,-0.04796949462271059,0.020646800297228683,0.59375
2019-03-01,Sweden,Sweden,0.0003678513094582409,0.0376642407462337,0.13434551925214555,0.09258452597651726,0.390625
2019-03-01,Switzerland,Switzerland,-0.027255090743292913,0.01207850003935296,0.07900089217337376,0.04324768643878241,0.46875
2019-03-01,Taiwan,Taiwan,-0.00648661229643802,-0.013498363341021578,0.035176708539373436,0.050860258895317256,0.40625
2019-03-01,Thailand,Thailand,-0.05082660648773875,-0.030219490901108162,0.030777634063738245,0.023355853877083433,0.53125
2019-03-01,Turkey,Turkey,-0.17239304703777164,-0.055049243096224984,-0.29776390480120374,-0.2810723900821569,0.5
2019-03-01,U.K.,U.K.,0.019047386676582633,0.03710186236061233,0.062003576556629705,0.024288519998328314,0.734375
2019-03-01,U.S.,US,0.03194829497584527,-0.0062489159096051445,0.06626266414263964,-0.13015447845600783,0.546875
2019-03-01,US SmallCap,US,0.006510575550168627,-0.035144063416305646,0.07186699862773809,-0.03202224397158548,0.609375
2019-03-01,Vietnam,Vietnam,-0.014574158941071814,-0.01185900462960159,-0.13645005383036105,-0.024284676671454897,0.09375
2019-04-01,Australia,Australia,-0.019685936135912997,-0.017137967563753978,-0.0782778500866816,-0.06999127144585593,0.640625
2019-04-01,Brazil,Brazil,-0.055556608068635674,-0.05284312426240831,-0.057181401897511905,-0.02023936403425389,0.515625
2019-04-01,Canada,Canada,-0.017960085379439272,-0.03183182542798807,0.03964691974372729,0.014395842366704027,0.6875
2019-04-01,Chile,Chile,-0.08515427575178577,-0.10551560075920834,-0.10017757532891548,-0.1290788228915055,0.40625
2019-04-01,ChinaA,China,0.035154165085770545,0.017794847566480552,0.04758099233402496,-0.055238720267971636,0.484375
2019-04-01,ChinaH,China,0.035154165085770545,0.01729502705795266,0.05042901282665209,-0.05482514891340076,0.546875
2019-04-01,Denmark,Denmark,0.049670706400656975,0.019827303025195576,0.044679714110472404,0.026992432269692338,0.296875
2019-04-01,France,France,0.03194574678956742,0.01097190934438461,-0.04961019088506896,-0.0622688948879416,0.609375
2019-04-01,Germany,Germany,0.039047990251063064,0.12366103388047157,0.0881757640001012,0.10300821182131648,0.4375
2019-04-01,Hong Kong,Hong Kong,-0.03977751610298082,0.018196123788649942,0.01312608664338363,-0.025871649404861707,0.859375
2019-04-01,Indonesia,Indonesia,-0.05202005313590351,0.017652194185668473,0.12286614834715738,0.06741284272719975,0.46875
2019-04-01,Italy,Italy,0.05774015449539327,-0.01341035111017598,0.22010870674139096,-0.10061690132559041,0.5625
2019-04-01,Japan,Japan,-0.009911455644750374,0.10520615164956695,-0.049404114764638365,0.06342799712779534,0.65625
2019-04-01,Korea,Korea,-0.037671859945647354,-0.015183525771413693,-0.16353243491220326,0.05387832460620866,0.578125
2019-04-01,Malaysia,Malaysia,-0.023048122299652793,-0.09269245684769296,-0.14977079695529855,-0.2374220387442674,0.5
2019-04-01,Mexico,Mexico,0.01143815282570328,0.012924456310141798,-0.007235069969856289,0.07859208869575746,0.359375
2019-04-01,NASDAQ,US,0.01095612833171868,-0.018736433762283032,0.09382897073893488,-0.03706575511557558,0.515625
2019-04-01,Netherlands,Netherlands,-0.03861385100534462,-0.04103055628369209,0.09658019718592417,-0.0043344375174606715,0.4375
2019-04-01,Philippines,Philippines,-0.02565023210907349,-0.09849352979194612,-0.23210556807101784,-0.13380677706586838,0.46875
2019-04-01,Poland,Poland,-0.050837503398874245,-0.0742509786789064,0.0015908724980848322,-0.06093913304836801,0.734375
2019-04-01,Singapore,Singapore,0.009303425391074614,-0.009015224019436652,0.03771620881574951,0.02089501666295242,0.65625
2019-04-01,South Africa,South Africa,-0.010397559651262158,-0.006979602673179356,0.27776911407638244,-0.04163596527542085,0.171875
2019-04-01,Spain,Spain,-0.004996424643078282,0.06394353517044722,-0.07055164450891871,0.05245314324238662,0.65625
2019-04-01,Sweden,Sweden,-0.012883894893154911,0.0239845439710169,0.04175506795935553,0.1229748539766581,0.421875
2019-04-01,Switzerland,Switzerland,0.045208990408725266,0.052208906813806105,0.06629547173736301,0.011889298714104417,0.46875
2019-04-01,Taiwan,Taiwan,-0.02305349961528986,-0.025940601579742477,0.06332951849526486,0.03864033813631167,0.390625
2019-04-01,Thailand,Thailand,-0.05932706464147673,-0.0025990857023321465,0.048195336095065974,-0.0007181111415816809,0.5
2019-04-01,Turkey,Turkey,-0.09188895433819222,-0.017098173418278115,-0.10182283748807802,-0.2447144894952451,0.5
2019-04-01,U.K.,U.K.,0.03106536995244884,0.09562933156214602,0.06496679854330528,0.050322047769995173,0.71875
2019-04-01,U.S.,US,0.012961052416483158,-0.018396320017193338,0.09110017772954625,-0.08541884207507229,0.546875
2019-04-01,US SmallCap,US,-0.006456149266680221,-0.01334043596663501,0.10330967902767466,0.007117496993318897,0.625
2019-04-01,Vietnam,Vietnam,0.006931671025677114,-0.09135784535822727,-0.24588369513787628,-0.04862904554681324,0.078125
2019-05-01,Australia,Australia,-0.06086509900069223,-0.03616806189597228,-0.051547264595062856,-0.07156038953533923,0.609375
2019-05-01,Brazil,Brazil,-0.04617458622694132,-0.030319383213415325,-0.0444747342741192,-0.016369126539361907,0.578125
2019-05-01,Canada,Canada,-0.01980674429663798,0.012684806205811382,0.04969954671307869,0.009203361538844407,0.640625
2019-05-01,Chile,Chile,-0.06109346204297275,-0.1322138831491735,-0.16367759383583658,-0.2411453332490547,0.359375
2019-05-01,ChinaA,China,-0.024988819866928136,0.03734889762054634,0.11106202047220272,0.01246617594016811,0.578125
2019-05-01,ChinaH,China,-0.02314613372816497,0.03753358163086486,0.07065026814160028,-0.01114194753647703,0.5625
2019-05-01,Denmark,Denmark,0.028500453795472742,0.015359120300352413,0.05033996192505408,0.033136040415230605,0.375
2019-05-01,France,France,0.014887946716552285,0.06716286851070244,-0.046646584473025665,-0.030412067704879794,0.484375
2019-05-01,Germany,Germany,0.019115289648104883,0.0771993986772084,0.057117875109861646,0.08623662022492072,0.421875
2019-05-01,Hong Kong,Hong Kong,-0.03893321574502376,0.0201430068227286,0.02728504501826191,-0.036802430835854424,0.828125
2019-05-01,Indonesia,Indonesia,-0.04266702968174578,0.027909361584219004,0.11963311836744588,0.10073462253592891,0.5625
2019-05-01,Italy,Italy,0.04125712346899371,0.00799200137220226,0.1690738896595274,-0.05669397328785494,0.5625
2019-05-01,Japan,Japan,0.003348852148762191,0.06790935480200137,0.004763372594556834,0.037411028921689224,0.625
2019-05-01,Korea,Korea,-0.04548728144566613,-0.014708697293322096,-0.0003055790205082308,0.016984668690995148,0.515625
2019-05-01,Malaysia,Malaysia,-0.021289647153955663,-0.10055919914173238,-0.14136064511469248,-0.20553166484223054,0.453125
2019-05-01,Mexico,Mexico,-0.006780439725586599,-0.022157752155934775,-0.022193658965626487,-0.022562024377929042,0.3125
2019-05-01,NASDAQ,US,-0.0209175400298212,-0.003486778770686776,0.09705882829629116,-0.012017402615152935,0.515625
2019-05-01,Netherlands,Netherlands,-0.05278635111093012,-0.04501726910470524,0.032058818411076356,-0.03838072127932965,0.40625
2019-05-01,Philippines,Philippines,0.00979322146662107,-0.054267692586270636,-0.21918980382512582,-0.10767533909044709,0.5625
2019-05-01,Poland,Poland,0.014364335182545637,-0.0416717587899785,0.07280005028117356,-0.0069073933855678706,0.671875
2019-05-01,Singapore,Singapore,0.013653019817976762,0.055190314413514324,0.0055590496343371505,0.018849433497972832,0.5625
2019-05-01,South Africa,South Africa,-0.022640773875982605,-0.041425309110499034,0.2670024564097298,-0.05352391632303172,0.203125
2019-05-01,Spain,Spain,-0.03072011973001227,0.02256969783205977,-0.05926214700358745,-0.006333079348620483,0.578125
2019-05-01,Sweden,Sweden,-0.025648087423140054,-0.04569005968038471,0.029922297014304117,0.0920876825054785,0.421875
2019-05-01,Switzerland,Switzerland,0.04293825755230199,0.0146927868748204,0.0365713401516671,-0.020039849828340825,0.53125
2019-05-01,Taiwan,Taiwan,-0.002039473265362907,-0.025188752134167967,0.04368857379685828,-0.006730428858234846,0.5625
2019-05-01,Thailand,Thailand,-0.04540421072176702,-0.12633562222895497,0.06742609971411233,-0.03358332720097007,0.484375
2019-05-01,Turkey,Turkey,-0.10049477772926636,-0.017098173418278115,-0.059810620395699676,-0.2081242929018047,0.515625
2019-05-01,U.K.,U.K.,0.0080368202710621,-0.004704492075937239,0.05418732840516961,0.054328666693725214,0.671875
2019-05-01,U.S.,US,-0.019601821548152633,0.0069813567405929595,0.08681472034192528,-0.12848238491156164,0.546875
2019-05-01,US SmallCap,US,-0.03978844906710224,-0.006749500160478858,0.10432468551159248,-0.025190126885661895,0.53125
2019-05-01,Vietnam,Vietnam,0.018199992986347134,-0.10377758743188702,-0.19211312799731103,-0.03654474659248293,0.265625
2019-06-01,Australia,Australia,-0.004765122412699766,-0.02161067301014931,-0.04445226840764331,-0.06998114987245896,0.5
2019-06-01,Brazil,Brazil,-0.04669642572661037,-0.021498908879547928,-0.13219688972423707,-0.02728105683769359,0.6875
2019-06-01,Canada,Canada,-0.013546873073183308,-0.020544100124891156,0.046149126520106595,0.06677962578863474,0.546875
2019-06-01,Chile,Chile,-0.0864891130141932,-0.12105536801712542,-0.09515927868293449,-0.20248104199095662,0.34375
2019-06-01,ChinaA,China,0.005407999291616937,0.002107513558688323,0.2003001721337888,0.10167862757658161,0.453125
2019-06-01,ChinaH,China,-0.004527749398546692,-0.01326844585449024,0.19689570893850195,0.08684419558752259,0.453125
2019-06-01,Denmark,Denmark,-0.007343381692504598,0.017166970984445314,0.03274867242881781,0.03231217591423034,0.25
2019-06-01,France,France,-0.006745890120120002,0.009840079965230213,-0.09802851555884143,0.07761240275552417,0.515625
2019-06-01,Germany,Germany,0.03709113939043385,0.10679737802735861,0.06370555594302389,0.10518603200963313,0.453125
2019-06-01,Hong Kong,Hong Kong,-0.030923001394656105,-0.00786320816798865,0.03225204326362299,-0.008381635817396425,0.765625
2019-06-01,Indonesia,Indonesia,0.007151719649208632,0.0883561475312064,0.23536031024525983,0.11290302076967551,0.515625
2019-06-01,Italy,Italy,0.049854247075907895,0.009269998819869292,0.07896293604615075,-0.019829315740692577,0.609375
2019-06-01,Japan,Japan,-0.00609235890696818,0.09475809419657029,-0.051371991729979416,0.11909390102342358,0.515625
2019-06-01,Korea,Korea,-0.0005912562727026418,-0.005113228806058965,-0.03442247661001971,-0.06284155794276707,0.53125
2019-06-01,Malaysia,Malaysia,-0.045394656254252874,-0.08785875579628243,-0.05063421701606764,-0.17700973415048968,0.4375
2019-06-01,Mexico,Mexico,0.023675572993300985,0.024112744089739856,-0.029515200309075222,0.06087600167209882,0.609375
2019-06-01,NASDAQ,US,-0.03242565718087595,-0.01746321136997491,0.07488811989245485,-0.021206750050774735,0.453125
2019-06-01,Netherlands,Netherlands,-0.03876062841538232,-0.04182904572171359,-0.03555903684192571,0.03665911002081218,0.453125
2019-06-01,Philippines,Philippines,-0.06253875471364496,-0.04712388547950093,-0.21188781688438643,-0.07600314702649386,0.609375
2019-06-01,Poland,Poland,0.0016168412681694753,-0.030525123270001196,-0.03281873347668474,-0.028460560636246034,0.8125
2019-06-01,Singapore,Singapore,0.021518806228118494,0.02494599741668273,0.04397893037778726,0.02492883118902352,0.671875
2019-06-01,South Africa,South Africa,-0.0031965312299173376,0.017043201155229528,0.3168528898045153,0.020683447985510525,0.265625
2019-06-01,Spain,Spain,-0.010247432319416903,0.016966167639439984,-0.03008172636259649,0.05481236824971113,0.671875
2019-06-01,Sweden,Sweden,-0.015853452555637915,0.03157355990943146,0.05992156654875244,0.1254860040316647,0.484375
2019-06-01,Switzerland,Switzerland,0.038296951079440936,0.00672482303281698,0.029644037852907857,0.003876846323377316,0.5625
2019-06-01,Taiwan,Taiwan,-0.038057483033556674,-0.06931695157483046,0.017077630474259965,-0.04000707038452972,0.46875
2019-06-01,Thailand,Thailand,-0.09285435135049233,-0.050082543178647784,0.02238494285685674,-0.048849358033560275,0.4375
2019-06-01,Turkey,Turkey,-0.10388351858066995,-0.02909190149935184,-0.12324629410433681,-0.09094568653475751,0.5
2019-06-01,U.K.,U.K.,0.02890840614757471,0.08970575605749728,0.08543248582859377,0.05421236916973289,0.640625
2019-06-01,U.S.,US,-0.031312554559925654,-0.01693636537823337,0.08135307169242534,-0.03644759039892499,0.515625
2019-06-01,US SmallCap,US,-0.012336956355434133,0.048712281017094974,0.04949808155195107,0.01713533470089868,0.40625
2019-06-01,Vietnam,Vietnam,0.023483954887943786,-0.03130825782991532,-0.11365860464554163,-0.00823495254962384,0.359375
2019-07-01,Australia,Australia,-0.01937899314553404,-0.0052202017590100925,-0.06124092578252975,-0.0797122233637817,0.5703125
2019-07-01,Brazil,Brazil,-0.05707406841675079,0.0013449867121310237,-0.10274498048071402,-0.06048782314185225,0.6875
2019-07-01,Canada,Canada,0.03625286382073799,-0.020280028458244736,0.05549828073327301,0.031590759780534994,0.53125
2019-07-01,Chile,Chile,-0.06453461817859586,-0.12411709638279858,-0.11570555027661529,-0.1598033310083318,0.34375
2019-07-01,ChinaA,China,0.053869896280208635,0.010930283166505173,0.104488688098288,0.09375178442143092,0.4375
2019-07-01,ChinaH,China,0.05273953884328639,0.0035261463366213705,0.06928292844273948,0.09653003687152066,0.421875
2019-07-01,Denmark,Denmark,0.012452570468843346,0.03667628462911787,0.08621443164670428,0.06635831036512857,0.34375
2019-07-01,France,France,-0.04258617733543513,-0.03001294954767442,0.11430776556349526,-0.034402367082499594,0.53125
2019-07-01,Germany,Germany,0.004011056196575201,0.04514246936608324,0.06055997867741658,0.08346890493744794,0.453125
2019-07-01,Hong Kong,Hong Kong,-0.0400567893505271,-0.061933700288559934,-0.03253155978246617,-0.06303855882029917,0.78125
2019-07-01,Indonesia,Indonesia,-0.029050301396805023,0.012424712365202865,0.020638533488766667,0.0445784864151479,0.5625
2019-07-01,Italy,Italy,0.00789621594655834,-0.04030697292172922,-0.021582058108371865,-0.06273701411874551,0.578125
2019-07-01,Japan,Japan,0.020818502995747425,0.06272773328097618,0.012846400577838,0.08880154503807587,0.609375
2019-07-01,Korea,Korea,-0.013201548984792573,-0.035524229730091963,-0.03668567015594572,-0.06661075804571055,0.53125
2019-07-01,Malaysia,Malaysia,-0.04299947183798315,-0.1003836865817593,-0.06116203659391477,-0.12167296208232235,0.5625
2019-07-01,Mexico,Mexico,-0.012938139671195009,0.01589024217366788,0.034407339057905786,0.0364844977930807,0.359375
2019-07-01,NASDAQ,US,0.04560700748660605,0.02351786402078553,0.071757995105411,0.010345969619609055,0.375
2019-07-01,Netherlands,Netherlands,-0.015506123876969645,-0.01739721287538381,0.15810236120429566,-0.005079435997747123,0.375
2019-07-01,Philippines,Philippines,0.0018579935216100352,-0.09108411810983666,-0.005587708458589309,-0.08485649401608072,0.6484375
2019-07-01,Poland,Poland,-0.029485867852569816,-0.07135245957992774,-0.047373461105440565,-0.12590155070596035,0.828125
2019-07-01,Singapore,Singapore,0.0412460904675889,0.013734025634259656,0.08367271425935484,0.03966195761101442,0.71875
2019-07-01,South Africa,South Africa,0.014931154511054832,0.02174602092028652,0.1442217677803149,0.07005284980937625,0.421875
2019-07-01,Spain,Spain,0.03581927350129807,0.016895663176710776,0.09444696490670904,0.017477900326307836,0.609375
2019-07-01,Sweden,Sweden,-0.01968197813061187,0.0022368212751268466,0.008092253491195817,0.03315655857427774,0.328125
2019-07-01,Switzerland,Switzerland,-0.00587779415033822,-0.0035345816950247827,-0.021549925270502993,-0.06736150533857482,0.53125
2019-07-01,Taiwan,Taiwan,-0.024295664676880612,-0.06225028893969535,0.01824487939231746,-0.045402297483513376,0.5
2019-07-01,Thailand,Thailand,-0.028847605641993398,-0.03500348636996074,-0.0069226956434859785,-0.017404745534273184,0.5625
2019-07-01,Turkey,Turkey,-0.1311702605212738,-0.12284764164946956,-0.06762291688233392,-0.19090476704881576,0.5
2019-07-01,U.K.,U.K.,0.05069806706824531,0.020732877095880096,0.005017253398889254,0.059939956962368826,0.609375
2019-07-01,U.S.,US,0.029161174032385707,0.01087259156871264,0.07150189513549449,-0.07910920125138844,0.4375
2019-07-01,US SmallCap,US,0.0670109993610276,0.054295764569845986,0.05114651874121598,0.03159456052931496,0.359375
2019-07-01,Vietnam,Vietnam,-0.011206459746393248,0.012568895230709188,-0.01020666472362014,-0.06534970841014749,0.390625
2019-08-01,Australia,Australia,-0.028977348097840944,-0.028514824208476692,-0.05150196349121999,-0.05803511341128316,0.5
2019-08-01,Brazil,Brazil,-0.04495842179441786,-0.0012898336222434501,-0.13342271392760183,-0.07747449776756056,0.65625
2019-08-01,Canada,Canada,0.01842078795401229,-0.03738044805702832,0.0725414650816924,0.026768008656032998,0.59375
2019-08-01,Chile,Chile,-0.08744343825614413,-0.11855049393912925,-0.15063315428787036,-0.20027554641107953,0.375
2019-08-01,ChinaA,China,-0.04891495385699299,-0.12971429415489444,-0.031559648071592436,-0.14026909381142275,0.53125
2019-08-01,ChinaH,China,-0.046386923179349185,-0.13102274161875385,-0.03456572659232435,-0.11136789332598826,0.453125
2019-08-01,Denmark,Denmark,0.026229285319793936,0.06100510503430179,0.08861599459400063,0.10466288332876918,0.328125
2019-08-01,France,France,-0.05571403658667934,-0.02574377938763024,0.11350863504991847,-0.04259227344452922,0.5625
2019-08-01,Germany,Germany,-0.0006109560565401,0.038833602791207775,0.07356907396410038,0.08851795619103094,0.40625
2019-08-01,Hong Kong,Hong Kong,-0.018118483079797916,-0.0534876110617733,-0.021592501431427998,-0.07104883644667094,0.8125
2019-08-01,Indonesia,Indonesia,0.018318753259442648,0.03989516711734781,0.08085112986508172,0.09118492318681053,0.578125
2019-08-01,Italy,Italy,0.01211575439981779,-0.007199525175448353,-0.054893747548885125,-0.04225403515599893,0.640625
2019-08-01,Japan,Japan,-0.0007631547291376498,0.0836116464986357,0.02988124646678,0.07303954021277946,0.546875
2019-08-01,Korea,Korea,-0.03461247051134655,-0.028932270532343034,-0.00737657680790702,-0.017409484838412946,0.578125
2019-08-01,Malaysia,Malaysia,-0.054559738373142846,-0.1104719009053377,-0.012528101499147253,-0.1194828510109178,0.453125
2019-08-01,Mexico,Mexico,0.04415936344062826,0.059400842479484975,0.08927807435564163,0.13533556713286266,0.3125
2019-08-01,NASDAQ,US,0.013491050510998814,0.008623191404104905,0.07000844647974507,-0.06498697586833566,0.375
2019-08-01,Netherlands,Netherlands,0.0030599174541672356,-0.022151257910759628,0.16802987583086834,-0.031582705119631446,0.40625
2019-08-01,Philippines,Philippines,0.010765212400855852,-0.05382890572182267,0.02287120691279573,-0.08927412863617125,0.640625
2019-08-01,Poland,Poland,-0.04756699193349924,-0.10007304427881021,-0.043273490720652064,-0.13373515485731588,0.734375
2019-08-01,Singapore,Singapore,0.058512084484302396,-0.0013127387643905343,0.035183704891220635,0.03957720670289862,0.796875
2019-08-01,South Africa,South Africa,0.021580161051692155,0.012178773982322092,0.11845981090865038,0.01165960511384316,0.390625
2019-08-01,Spain,Spain,0.019621889653189086,0.01890828406209086,0.11054321866919521,0.02961003822895603,0.546875
2019-08-01,Sweden,Sweden,-0.015289973462816332,0.0216828550134027,0.020578993384318133,0.03406211034122422,0.4375
2019-08-01,Switzerland,Switzerland,0.03614659354901782,0.06886058444723217,-0.042885466010824616,-0.12503238001947126,0.515625
2019-08-01,Taiwan,Taiwan,-0.03283417724840464,-0.053672722406794854,0.018564486356449927,-0.020012239655404232,0.4375
2019-08-01,Thailand,Thailand,-0.0476242061969384,0.0038794172000910735,0.007922096038517248,-0.009606111989253277,0.59375
2019-08-01,Turkey,Turkey,-0.12486378882705837,-0.1290656125915418,-0.1346459977349852,-0.18468009024217347,0.53125
2019-08-01,U.K.,U.K.,0.019037737897669264,0.04534820688275348,0.10958937755997582,0.06761676379753777,0.578125
2019-08-01,U.S.,US,0.013491050510998814,0.00662000958148079,0.06683001822550268,-0.061831546483782265,0.46875
2019-08-01,US SmallCap,US,0.03890483194881712,0.028420250932347273,0.02091580557793058,0.08079336838883944,0.4375
2019-08-01,Vietnam,Vietnam,-0.0009209406558973454,0.008825789388289786,-0.0048983346607671206,-0.06216833191561617,0.28125
2019-09-01,Australia,Australia,-0.015874922509139012,0.017158418242098614,0.01576829504689463,0.05576357365746601,0.640625
2019-09-01,Brazil,Brazil,-0.054287353982934564,-0.029883055876148944,-0.13222605795693065,-0.07913637434604234,0.65625
2019-09-01,Canada,Canada,0.004327789146346756,-0.03226231698034562,0.09640248690059626,0.025301152344644407,0.5
2019-09-01,Chile,Chile,-0.09757342248203131,-0.1175109348234834,-0.2149767304999049,-0.1887978274816639,0.390625
2019-09-01,ChinaA,China,-0.010987618831495053,-0.025651139260393162,0.14613334880709883,0.04178372033934233,0.609375
2019-09-01,ChinaH,China,-0.012117976268417308,-0.043513668790207544,0.10322174887080468,0.04082601970449325,0.546875
2019-09-01,Denmark,Denmark,0.033092553602920696,0.0438303776633711,0.12596338049807274,0.0441903288097579,0.234375
2019-09-01,France,France,-0.02626082766216554,-0.02864200296839007,0.1104660412088167,0.004992698965204162,0.484375
2019-09-01,Germany,Germany,0.05359854472083081,0.06788725848036711,0.09790105629479942,0.10104791874065742,0.421875
2019-09-01,Hong Kong,Hong Kong,-0.011545383055813308,-0.005498859257379583,0.03803905618884096,-0.04563016794750399,0.828125
2019-09-01,Indonesia,Indonesia,-0.021999279192391627,0.019576487648393304,0.09059249277182747,0.09034034050066506,0.5625
2019-09-01,Italy,Italy,0.10816764703586419,0.03197271288784165,-0.025419053780848307,-0.0023344037606879333,0.78125
2019-09-01,Japan,Japan,0.01887555614156931,0.10092567615862107,0.02567049320864998,0.12675447852088903,0.53125
2019-09-01,Korea,Korea,0.02951626850521839,0.031632319999786426,-0.05030770895616743,-0.007489208591906831,0.53125
2019-09-01,Malaysia,Malaysia,-0.06110570790197878,-0.1010698389739049,-0.05982179642347084,-0.12624710909183692,0.40625
2019-09-01,Mexico,Mexico,0.030130886114755732,0.08413607158616687,0.05217061826828341,0.11383037730063936,0.28125
2019-09-01,NASDAQ,US,0.05120300492868693,0.03249645643784005,0.04298975134993256,0.02872227136090544,0.28125
2019-09-01,Netherlands,Netherlands,0.020980736908544916,-0.02164266540724151,0.16090777033889803,-0.04045209062310233,0.390625
2019-09-01,Philippines,Philippines,0.0322967801088441,-0.0724238877710059,-0.059313056068399594,-0.09014009946629639,0.578125
2019-09-01,Poland,Poland,-0.0036757620275130708,-0.058294487187218205,0.042794607333259585,-0.14966374511547811,0.59375
2019-09-01,Singapore,Singapore,0.04976299174314398,0.00196431714053924,0.02198710613268265,0.05452954863470473,0.78125
2019-09-01,South Africa,South Africa,0.05035151991116871,0.12050803552390404,0.19106669686422328,0.112603403961212,0.515625
2019-09-01,Spain,Spain,0.062313894673314024,0.015017900201733297,0.07172913159732561,0.06273551175929538,0.59375
2019-09-01,Sweden,Sweden,0.011372762543004782,0.029335744910561432,0.028164460286868306,0.04906944638224106,0.28125
2019-09-01,Switzerland,Switzerland,0.05641098314904533,0.054355629532082686,-0.08833285427746267,-0.09909072197443834,0.515625
2019-09-01,Taiwan,Taiwan,-0.04415041239551733,-0.05972535516902963,0.0004655140679707265,-0.013033750999826064,0.40625
2019-09-01,Thailand,Thailand,-0.02479758863388709,-0.010063636680223437,0.0015770751043219823,-0.01863366749028865,0.515625
2019-09-01,Turkey,Turkey,-0.06643417661771439,-0.060499132013952794,0.04530948009536946,-0.03464857177928758,0.96875
2019-09-01,U.K.,U.K.,0.0766918295716392,0.04190510749761826,0.07392085900960363,0.1002872556867614,0.609375
2019-09-01,U.S.,US,0.029158806831256632,0.002150057689087487,0.05106058101936829,-0.014921559607434513,0.40625
2019-09-01,US SmallCap,US,0.0929004335986185,0.12610489535732125,-0.0007239749535028379,0.19823356193447145,0.375
2019-09-01,Vietnam,Vietnam,0.010662972984487786,0.01621533733015874,-0.04861260410177663,-0.054715209060432785,0.28125
2019-10-01,Australia,Australia,-0.009605235567211262,0.04333179216314302,0.006601914278111609,0.07758733803190572,0.671875
2019-10-01,Brazil,Brazil,-0.08245203003757498,-0.04715988406305974,-0.136484018219802,-0.07732909159140085,0.640625
2019-10-01,Canada,Canada,0.021317179929730406,-0.017044030929593196,0.05499448146274996,0.012770075071757096,0.5625
2019-10-01,Chile,Chile,-0.06770343466327561,-0.0830693583544627,-0.11925640196053561,-0.15491650479605057,0.34375
2019-10-01,ChinaA,China,-0.041290475854011105,-0.0012519135463141904,0.07978831331677172,0.07827080809977026,0.578125
2019-10-01,ChinaH,China,-0.042420833290933366,-0.023980405745960772,0.062328965231360875,0.07584546527455575,0.5625
2019-10-01,Denmark,Denmark,0.04232856148533576,0.03681800478605303,0.11626548539023523,0.07353935594226305,0.40625
2019-10-01,France,France,-0.02389998687786785,-0.01612901045158197,0.10373197954794729,-0.04761341739926293,0.46875
2019-10-01,Germany,Germany,0.019316529197400942,0.016729232144132335,0.006630750166496386,0.05739759086255854,0.453125
2019-10-01,Hong Kong,Hong Kong,-0.031101042961971314,-0.0599140305484062,0.0771224726847957,-0.012694087812090566,0.75
2019-10-01,Indonesia,Indonesia,0.008000624765218758,0.07295992319822125,0.13836674546821406,0.15344141523326188,0.578125
2019-10-01,Italy,Italy,0.032715388335908605,0.004608612738504655,-0.01496232101552759,-0.0480817127886652,0.75
2019-10-01,Japan,Japan,0.015025873151813404,0.07319456032988247,0.04393227436312808,0.08871847363672021,0.53125
2019-10-01,Korea,Korea,-0.01908660346550297,-0.011150388977879266,-0.07476644087232623,-0.06826716386889821,0.53125
2019-10-01,Malaysia,Malaysia,-0.05821955792191065,-0.10406215771332421,0.026387208702163652,-0.12936215105415833,0.4375
2019-10-01,Mexico,Mexico,0.01693976979614223,-0.0125592571532308,-0.06253059619726153,-0.03589385326961515,0.171875
2019-10-01,NASDAQ,US,0.05070289557897403,0.019391259817151965,0.000632820812338392,0.03326222003452858,0.34375
2019-10-01,Netherlands,Netherlands,0.008151398385717972,-0.012185113052017426,0.1345339973979169,-0.024074990992903653,0.515625
2019-10-01,Philippines,Philippines,0.014203380005061106,-0.030646917632319366,0.08888510503408735,-0.04793554698397544,0.65625
2019-10-01,Poland,Poland,-0.035017389301138596,-0.03728424412459992,0.06676620714684157,-0.0770958803885928,0.515625
2019-10-01,Singapore,Singapore,0.021915034674125616,-0.018514305552908034,-0.03286895768848422,0.033883913998826606,0.6875
2019-10-01,South Africa,South Africa,0.08527927549777874,0.09745521587682467,0.24954139691068056,0.18777466051454955,0.5
2019-10-01,Spain,Spain,0.05580099088446448,-0.00733584370429289,0.1448334429579828,0.036109245472888366,0.5625
2019-10-01,Sweden,Sweden,0.03124804656680232,0.019761285742381795,-0.0041887626108879725,0.015606364711505644,0.21875
2019-10-01,Switzerland,Switzerland,0.06807791634989269,0.07220249370614745,-0.09656752855225081,-0.11029210500308104,0.53125
2019-10-01,Taiwan,Taiwan,-0.07260656991572727,-0.08365809306175735,-0.0016168610075374444,-0.042107054643190686,0.390625
2019-10-01,Thailand,Thailand,-0.03207489092382698,0.026866439628272353,0.016743888600178235,0.020656095293530026,0.515625
2019-10-01,Turkey,Turkey,-0.06459187340743416,-0.014970854336659012,-0.05203202721582287,-0.09552703278897189,0.921875
2019-10-01,U.K.,U.K.,-0.0005315047179464821,-0.003218034849799856,0.056825708342132755,0.08302730000462087,0.546875
2019-10-01,U.S.,US,0.034257062124753726,0.018729004397552772,0.01293950658074814,0.0002958835764869175,0.453125
2019-10-01,US SmallCap,US,0.10014774871216588,0.13333520130793122,-0.04211016318521223,0.1758205896378539,0.40625
2019-10-01,Vietnam,Vietnam,-0.010730296440265647,0.004962911073318177,0.0010231838184322928,-0.05728718442134459,0.296875
2019-11-01,Australia,Australia,-0.019115997240746828,0.02827445640451223,0.0664447566853825,0.04124086274843622,0.734375
2019-11-01,Brazil,Brazil,-0.09388294921274515,-0.08191406182779784,-0.16338807066082997,-0.08104828364471425,0.375
2019-11-01,Canada,Canada,0.05822228926151744,-0.0019035499169351277,0.07973592790097393,0.021007433610752933,0.625
2019-11-01,Chile,Chile,-0.05618124840331151,-0.08080118409284082,-0.12598932088930517,-0.14196060730626267,0.375
2019-11-01,ChinaA,China,0.007958568419305818,0.010918790489884814,0.08748365466513951,0.08779824582996552,0.578125
2019-11-01,ChinaH,China,0.006828210982383565,-0.011809701709761774,0.02643581882445047,0.054925643599139345,0.5625
2019-11-01,Denmark,Denmark,0.05915243131112141,0.03619457759469984,0.14732313935073282,0.10093705379532895,0.390625
2019-11-01,France,France,0.016823765218741574,-0.04205017532743205,0.10212245438808312,0.015626735580001994,0.46875
2019-11-01,Germany,Germany,0.023712632007281003,0.006359092301625844,-0.007128411385668722,0.045217794147559,0.390625
2019-11-01,Hong Kong,Hong Kong,0.009214425546038452,0.019209663534787775,-0.016057209139164284,-0.007393225440072023,0.75
2019-11-01,Indonesia,Indonesia,0.003495317203686293,0.045804752789477196,0.11511863283342089,0.12883020427448383,0.5625
2019-11-01,Italy,Italy,0.0008882709320687174,0.008920896631368316,-0.012600892698219696,-0.022280451854284677,0.859375
2019-11-01,Japan,Japan,-0.038920589814755796,-0.0449313196728159,-0.05215481822295484,0.01608427769981518,0.5
2019-11-01,Korea,Korea,-0.0071303297242835545,-0.06204938740302725,-0.057786563853633885,-0.005653950872671252,0.59375
2019-11-01,Malaysia,Malaysia,-0.03701631413821763,-0.08787074071445064,0.07290005172663379,-0.11882272716992269,0.34375
2019-11-01,Mexico,Mexico,-0.027217139870849887,-0.03309666917933947,-0.08849170497998553,-0.0003310614407589837,0.328125
2019-11-01,NASDAQ,US,0.02627683013775865,2.6690908786250467e-05,0.06010987613925657,0.030669075507595272,0.34375
2019-11-01,Netherlands,Netherlands,0.051613634931408525,0.0288847932919335,0.038630591035913306,0.008565337387738941,0.5625
2019-11-01,Philippines,Philippines,0.023597892961994816,-0.03603273752759654,0.0553296133405647,-0.06464081101946687,0.578125
2019-11-01,Poland,Poland,-0.026216145186856835,-0.028729466555608645,0.07486184187453755,-0.025583090552317937,0.5
2019-11-01,Singapore,Singapore,0.05078127741912676,0.04041244376280556,-0.02067229831824499,0.0329979415884418,0.6875
2019-11-01,South Africa,South Africa,0.04803124207588273,0.14806170065295565,0.31067319264701543,0.23176038922252343,0.4375
2019-11-01,Spain,Spain,0.04048224090185891,-0.04736916927558461,0.13409443142050254,0.02092087156638767,0.5625
2019-11-01,Sweden,Sweden,0.029791213476838236,-0.004237607925180346,-0.037845678768364234,-0.017484219100611598,0.203125
2019-11-01,Switzerland,Switzerland,0.06091361661853677,-0.0013087051504175528,-0.12015932824901181,-0.08669683122829742,0.515625
2019-11-01,Taiwan,Taiwan,0.033575896636287794,-0.006308033984868658,-0.032595048476863495,-0.037619530913618984,0.484375
2019-11-01,Thailand,Thailand,-0.032942264875611776,-0.06639813182124861,-0.046394291628306855,0.048778090419910144,0.453125
2019-11-01,Turkey,Turkey,-0.04662319689903348,-0.018665552567311804,-0.08389308590579922,-0.07096994257378839,0.984375
2019-11-01,U.K.,U.K.,0.03206696755856181,0.03233294476475135,0.04105805173879021,0.045301836210718774,0.578125
2019-11-01,U.S.,US,0.0415185228415296,0.014089215244408159,0.05319960647753223,-0.019555937617082672,0.4375
2019-11-01,US SmallCap,US,0.04304299132915268,0.08592072113571156,0.0015059940723763984,0.17607505609723917,0.421875
2019-11-01,Vietnam,Vietnam,-0.01849814383058646,-0.0023744454103987135,0.13480024544699065,0.03261087800823652,0.3125
2019-12-01,Australia,Australia,-0.016657978846522817,0.017123781652053336,0.010190901426140646,0.014354559643103715,0.734375
2019-12-01,Brazil,Brazil,-0.06010388744451632,-0.08113492258903877,-0.17001271810308732,-0.10200965319182893,0.546875
2019-12-01,Canada,Canada,0.056205777079331776,0.007232818341129984,0.019372658782438875,0.006110751654696666,0.5
2019-12-01,Chile,Chile,-0.021699964103655135,-0.0787053070935688,-0.07413514917681054,-0.09736048674450619,0.375
2019-12-01,ChinaA,China,0.017824165450892986,0.012834976955123902,0.06529335789672815,0.04103194746479161,0.515625
2019-12-01,ChinaH,China,0.011044854801328451,-0.02844906931818442,0.005502157082548335,0.02469488550353328,0.46875
2019-12-01,Denmark,Denmark,0.05293584233994536,0.03187135984309328,0.1371518460756492,0.09726239387627023,0.359375
2019-12-01,France,France,0.035478365574364554,-0.010459624681824814,0.004367107796745491,0.034025599565471173,0.640625
2019-12-01,Germany,Germany,0.042381089576899886,0.039614042950473466,-0.030056530590895365,0.03378469763374342,0.5625
2019-12-01,Hong Kong,Hong Kong,-0.010084557080369825,-0.06493934725499832,0.0051647384690047,-0.024862234905349088,0.6875
2019-12-01,Indonesia,Indonesia,-0.026683093997986063,0.014642901877533782,0.0760189850724802,0.0606426782206622,0.296875
2019-12-01,Italy,Italy,0.011404164084285833,-0.028038106104768604,-0.06269779322116285,0.01491834911501395,0.921875
2019-12-01,Japan,Japan,-0.04806852699049287,-0.04523447308807883,-0.07177297293375219,0.01087332209278941,0.609375
2019-12-01,Korea,Korea,0.00793187284845015,-0.03838984662194031,-0.03660408797195591,0.017755179249206124,0.59375
2019-12-01,Malaysia,Malaysia,-0.016806813124787625,-0.0927390058514353,0.08976085836000146,-0.11598641403102156,0.40625
2019-12-01,Mexico,Mexico,0.003938811254443597,0.011097271021026391,-0.06604556009856093,0.051627028267311234,0.5625
2019-12-01,NASDAQ,US,0.02687937100707018,0.011059144249360716,0.0062033791662101274,-0.0136092258561471,0.40625
2019-12-01,Netherlands,Netherlands,0.05433492274541249,0.03844247856663931,-0.02453386738912269,0.026985394907801354,0.484375
2019-12-01,Philippines,Philippines,0.010848258995936222,-0.06470643055408001,0.037005097506055046,-0.07772132105359396,0.5625
2019-12-01,Poland,Poland,-0.07682017146938087,-0.029316893673007657,0.04904675359810004,-0.011320270720717463,0.484375
2019-12-01,Singapore,Singapore,0.06738866965545307,0.046925087939639065,0.0024259370788399758,0.03722713587634961,0.703125
2019-12-01,South Africa,South Africa,0.04313840835793524,0.02915150080600294,0.216369960515878,0.11327434244419556,0.34375
2019-12-01,Spain,Spain,0.020476669097910755,-0.06616156897598816,0.1042203660522236,0.01766057708342038,0.53125
2019-12-01,Sweden,Sweden,0.026274034285423558,0.014247577397123758,-0.100787554962016,-0.018395225499002167,0.40625
2019-12-01,Switzerland,Switzerland,0.05667462801590156,0.0426106179712432,-0.12154800517492,-0.04845804776212244,0.546875
2019-12-01,Taiwan,Taiwan,0.01055339762267565,-0.042521406713268234,-0.029637224479166394,-0.016779935595803194,0.671875
2019-12-01,Thailand,Thailand,-0.042939239177906915,-0.0049037351726427345,-0.08262470092341097,0.03315414589803316,0.375
2019-12-01,Turkey,Turkey,0.021881863145177476,-0.08449249103402688,-0.13901158009502623,-0.13774685198199377,0.53125
2019-12-01,U.K.,U.K.,0.03198279105136474,0.021408979415328353,0.00812320981624529,0.029851571520978604,0.671875
2019-12-01,U.S.,US,0.03597051433081662,0.036399462414414885,-0.0004464418999923468,-0.037855246296274875,0.375
2019-12-01,US SmallCap,US,0.054065105693226784,0.04210048953015272,-0.030323952294781357,0.11815532329892114,0.40625
2019-12-01,Vietnam,Vietnam,-0.01380445081068397,-0.013154877322216294,0.11511667548528716,-0.006410408140393723,0.21875
2020-01-01,Australia,Australia,-0.025823272941212432,-0.038697116356311685,0.015182844672114434,0.035941357778966926,0.703125
2020-01-01,Brazil,Brazil,-0.04575561097794266,-0.09493173314628751,-0.13219456626229878,-0.10443114992632949,0.390625
2020-01-01,Canada,Canada,0.013095498332277276,0.05215382722229836,0.06300863702853683,0.00917951424177426,0.703125
2020-01-01,Chile,Chile,-0.06430689406560225,-0.10663095899233563,-0.11524870016966707,-0.1410568733238706,0.34375
2020-01-01,ChinaA,China,-0.004530587108561176,-0.11432206617326943,-0.046584009283970204,-0.07478043443207087,0.609375
2020-01-01,ChinaH,China,0.0035816417360827416,-0.09151908662863198,-0.053466775237685185,-0.05237335960606261,0.5625
2020-01-01,Denmark,Denmark,0.03113692619053349,0.06148901583620364,0.08955568868447714,0.12091074209633834,0.375
2020-01-01,France,France,0.0008786854466559628,0.010714892054807634,-0.012074041545112714,-0.02294570458079341,0.625
2020-01-01,Germany,Germany,0.02110083963093382,-0.005434345777342969,0.015353810216743216,0.03945854734882458,0.65625
2020-01-01,Hong Kong,Hong Kong,0.010515117056576092,-0.02679571846121101,0.009082337444102011,-0.06088971752231452,0.53125
2020-01-01,Indonesia,Indonesia,-0.020870563232336575,0.023473437491543393,0.09665986461340269,0.03595165477180226,0.1875
2020-01-01,Italy,Italy,-0.04937963741742321,-0.024766661275677407,-0.0794195463348204,-0.016646229407062625,0.8125
2020-01-01,Japan,Japan,-0.08780857024508051,-0.053354679360167856,-0.06378179884640231,0.022734509685022736,0.6875
2020-01-01,Korea,Korea,-0.0609906437140537,-0.07651077354148725,-0.016489896876796868,-0.016378388077104976,0.578125
2020-01-01,Malaysia,Malaysia,-0.018359783079086138,-0.10563987154074254,0.05531035951254752,-0.11868546532811444,0.40625
2020-01-01,Mexico,Mexico,-0.02915775324072167,-0.024531006699435285,-0.04411979187010465,0.050153904101371855,0.328125
2020-01-01,NASDAQ,US,0.031414427074224274,0.03526371932848159,0.009143682924877779,-0.08044484412545898,0.515625
2020-01-01,Netherlands,Netherlands,0.04203463243837979,0.04914271661159564,-0.012947321676051199,0.0362110233461264,0.546875
2020-01-01,Philippines,Philippines,0.019839557227164267,-0.012711863377928739,0.01883434439749139,-0.09183066927997513,0.359375
2020-01-01,Poland,Poland,-0.045610099510861146,-0.05821877248613842,0.030969624209783466,0.014147002945799507,0.5
2020-01-01,Singapore,Singapore,0.05122075889046697,0.010240616789019719,0.037716176666898235,0.032337792246456304,0.625
2020-01-01,South Africa,South Africa,0.026269588735410247,0.03373156298672482,0.183216291427467,0.09374601826001264,0.3125
2020-01-01,Spain,Spain,0.028042603883524888,-0.0762795252138069,0.07448023307925979,0.014702398072765292,0.5625
2020-01-01,Sweden,Sweden,0.01752893224643393,0.0071886844658787565,-0.07557084511821197,-0.018116277596760634,0.421875
2020-01-01,Switzerland,Switzerland,0.04557704840401611,0.009633151548946523,-0.11170245367985626,0.04879082565592727,0.53125
2020-01-01,Taiwan,Taiwan,0.011038071490756404,0.04151886660014818,-0.005625383550520223,-0.040050951169919864,0.546875
2020-01-01,Thailand,Thailand,-0.028834593424276966,0.03425484505031674,-0.05376235102158207,0.04422766786285143,0.359375
2020-01-01,Turkey,Turkey,-0.036815431676186644,-0.06600404262893032,-0.10597823706680161,-0.05900435808798202,0.65625
2020-01-01,U.K.,U.K.,0.025469304374736625,0.005364964402768926,0.019223110234780797,0.015422141893987974,0.625
2020-01-01,U.S.,US,0.03752380442474977,0.05150561928877359,-0.019522500694051093,-0.06439372769367836,0.53125
2020-01-01,US SmallCap,US,0.053656181641187184,0.09126897017723323,0.02271237483313605,0.04144071068191278,0.640625
2020-01-01,Vietnam,Vietnam,0.021846377367057614,-0.02509217189796479,0.1284903366210939,-0.01758845223176821,0.265625
2020-02-01,Australia,Australia,0.010624754434069413,-0.018398562465433643,0.012903915815048114,-0.01285137816976109,0.609375
2020-02-01,Brazil,Brazil,-0.06648518904737781,-0.11019097563407541,-0.13282631340290826,-0.09860475439042456,0.34375
2020-02-01,Canada,Canada,0.008387519750306622,0.058961359949117706,0.10510055192139792,0.049120632788252974,0.53125
2020-02-01,Chile,Chile,0.001813358930433601,-0.020606770805154273,-0.09734802265863038,-0.09102968668377456,0.375
2020-02-01,ChinaA,China,-0.07104529473583653,-0.08076235178330579,-0.024318764277969425,-0.06416991846320093,0.640625
2020-02-01,ChinaH,China,-0.05965630769736113,-0.06671699442594374,-0.030410276407306362,-0.03238156389987931,0.546875
2020-02-01,Denmark,Denmark,0.028893854398596635,0.0777789596691228,0.10469470218834913,0.1079341885867439,0.484375
2020-02-01,France,France,0.02598488659038953,0.04020040089454094,0.07795633117693868,-0.014027582767730605,0.671875
2020-02-01,Germany,Germany,0.03572551951472236,0.031162152919465485,0.07452324616110095,0.048440783834656206,0.625
2020-02-01,Hong Kong,Hong Kong,0.000901787333251981,-0.04034026513267541,0.02152869161535913,-0.00805209927853059,0.609375
2020-02-01,Indonesia,Indonesia,-0.007880769828122209,0.03282987588329328,0.05514991812250475,0.04342393399592352,0.203125
2020-02-01,Italy,Italy,-0.02552036493633925,0.00011601893770993126,-0.022883821229162646,-0.020370658715183367,0.8125
2020-02-01,Japan,Japan,-0.03923505908596959,-0.05439284173722719,0.0032295708904949167,-0.004528600553382729,0.671875
2020-02-01,Korea,Korea,-0.01458560705019454,-0.055831228501355426,-0.07100184013850715,-0.05544632495493257,0.6875
2020-02-01,Malaysia,Malaysia,-0.02827290464414821,-0.0863896627675289,0.10226839474345646,-0.10696503477321177,0.40625
2020-02-01,Mexico,Mexico,-0.022398818713030927,-0.04720054033293038,-0.02030190167277517,-0.011211454005845344,0.28125
2020-02-01,NASDAQ,US,0.03867959100954707,0.030146634686604782,0.07321386411301717,-0.018606188131176614,0.5
2020-02-01,Netherlands,Netherlands,0.051616182174141156,0.05261309345879188,0.06386660206557593,0.03085652915299923,0.515625
2020-02-01,Philippines,Philippines,0.004290078378202375,-0.026658899665781253,0.025955723785839536,-0.09608288010160962,0.34375
2020-02-01,Poland,Poland,-0.010939317082249761,-0.03928340953403596,0.05501812760358121,0.007604010689975595,0.5
2020-02-01,Singapore,Singapore,0.06994860653178331,0.028642351121299963,0.0782052735685048,0.033610869691744524,0.65625
2020-02-01,South Africa,South Africa,0.06669972561239515,0.07121370064100746,0.11976941723183893,0.0587775808071537,0.3125
2020-02-01,Spain,Spain,0.03350792365432702,-0.021826457251791206,0.13040664537035912,-0.021190394967837697,0.625
2020-02-01,Sweden,Sweden,0.02051272256430266,0.004944428078617951,-0.01292342957177224,-0.008669902224222797,0.453125
2020-02-01,Switzerland,Switzerland,0.04777672479342143,0.032606579926900386,-0.10539434391133752,-0.013455365459370532,0.53125
2020-02-01,Taiwan,Taiwan,0.021653181036803883,0.022966462811943648,-0.04009941547288303,-0.06710674973250519,0.671875
2020-02-01,Thailand,Thailand,0.03655044122387584,0.09282934278331363,0.07826957103816276,0.15897282103232432,0.34375
2020-02-01,Turkey,Turkey,-0.024975227186597376,-0.09574932461550176,-0.16013201078050132,-0.09905449585071582,0.53125
2020-02-01,U.K.,U.K.,0.026733940348036483,0.0451164873186278,0.10736476254195561,0.05037332413979595,0.6875
2020-02-01,U.S.,US,0.034478078167889004,0.04274292421969875,0.046382738926041944,-0.03678177232188293,0.484375
2020-02-01,US SmallCap,US,0.05935555742331604,0.0742074883729812,0.11067735114996914,0.11742793247946212,0.609375
2020-02-01,Vietnam,Vietnam,0.00023384794652334985,-0.07763269963274715,0.0867105894911313,-0.12908759601853764,0.234375
2020-03-01,Australia,Australia,0.05844204502364926,0.059403806761557015,-0.04771322414763768,-0.010771002976081866,0.578125
2020-03-01,Brazil,Brazil,-0.10306659316697983,-0.06755230762635683,-0.1356804204584113,-0.049434832652623883,0.453125
2020-03-01,Canada,Canada,0.04802523919032539,0.07443555783856848,0.16345408986243445,0.0607780622823038,0.625
2020-03-01,Chile,Chile,0.029770092573554268,-0.007770650697221947,0.06407798318209035,-0.07587020864008487,0.390625
2020-03-01,ChinaA,China,-0.005924078848175257,0.014734559480874238,0.09139607747643257,0.17589688114408358,0.5625
2020-03-01,ChinaH,China,-0.012703389497739786,-0.019405981215731144,0.02278740490007471,0.1692267948178997,0.453125
2020-03-01,Denmark,Denmark,0.024681303482858147,0.054385146218638145,0.12869124240014004,0.08380392502534374,0.46875
2020-03-01,France,France,-0.014564513989448784,-0.0326921806109676,0.03716040561752504,0.046864773808174026,0.640625
2020-03-01,Germany,Germany,0.06500243908998311,0.106715372818305,0.1025534082985178,0.10941581267587204,0.609375
2020-03-01,Hong Kong,Hong Kong,0.0337776038796134,0.01847708445917894,0.06573157662775928,0.042062266033966775,0.484375
2020-03-01,Indonesia,Indonesia,0.05809584543227016,0.09732459032227532,0.27701951574297257,0.19630418756769538,0.3125
2020-03-01,Italy,Italy,0.026765800831784484,-0.035516735083010974,-0.07755101341896105,-0.0341025861325071,0.765625
2020-03-01,Japan,Japan,0.06959986052387504,0.0883382493413047,0.07495893796261585,0.14340179036835055,0.8125
2020-03-01,Korea,Korea,0.04524328606714363,0.06643162035619954,0.001241107452112311,0.0834827517084302,0.640625
2020-03-01,Malaysia,Malaysia,-0.008851111130193115,-0.0355210796410208,-0.034329229572939844,-0.06609208143579678,0.40625
2020-03-01,Mexico,Mexico,0.014534704970578849,0.09496653650883544,0.06261674603956076,0.14382184788353403,0.53125
2020-03-01,NASDAQ,US,0.059882642646551826,0.05560912226389443,0.1159988365910068,0.05962087220492228,0.515625
2020-03-01,Netherlands,Netherlands,0.05589085731281079,0.03758337148033718,0.12601568763414062,0.024674956372319718,0.515625
2020-03-01,Philippines,Philippines,0.011668497883057231,-0.01933334821742247,0.07742559883938059,-0.03748652831994842,0.3125
2020-03-01,Poland,Poland,0.05641299136698616,0.0691238049493169,0.028968706350828353,0.020302542642298662,0.5
2020-03-01,Singapore,Singapore,0.07148048613419687,0.09611489353390754,0.09826335706507291,0.09185016064140804,0.671875
2020-03-01,South Africa,South Africa,0.08715803493562804,0.13065741771110334,0.16769223322645088,0.11899051908414843,0.28125
2020-03-01,Spain,Spain,0.005456651633924243,0.014152643673682155,0.05948955693739563,0.08410024132935348,0.59375
2020-03-01,Sweden,Sweden,0.020169070014401082,0.02920538660400009,0.028299767884953763,0.017384212892574056,0.421875
2020-03-01,Switzerland,Switzerland,0.029415445921301447,0.03739129901672332,-0.026753527060533525,-0.01461678769338082,0.5625
2020-03-01,Taiwan,Taiwan,0.015381568036881382,0.021304634655180836,-0.0025265030705658,-0.06366307660984505,0.59375
2020-03-01,Thailand,Thailand,0.08444738445415186,0.1477428795129118,-0.020203875486944155,0.08807824339788622,0.375
2020-03-01,Turkey,Turkey,-0.020942773085885057,0.054799815405886715,-0.06175969173742894,-0.013002165292788487,0.65625
2020-03-01,U.K.,U.K.,0.03914972369964753,0.045818174213002355,0.08168465142296706,0.10269860397159826,0.671875
2020-03-01,U.S.,US,0.054921864683359065,0.07057245868589138,0.10377992528103082,0.061113505014576894,0.515625
2020-03-01,US SmallCap,US,0.04894000401781688,0.10674271954415249,0.14440086827405832,0.15712519523197702,0.46875
2020-03-01,Vietnam,Vietnam,0.1191853028729904,0.07147009883720606,0.07518392597742354,-0.03624738115402929,0.109375
2020-04-01,Australia,Australia,0.07662972157556641,0.09982160746858575,0.07357530153515233,0.06826417255837065,0.546875
2020-04-01,Brazil,Brazil,0.09406177015409338,0.0638306988300056,0.34075985271611375,0.03473999046049142,0.515625
2020-04-01,Canada,Canada,0.06859291371920397,0.08487715245623915,0.053779303259084865,0.08787191435989403,0.671875
2020-04-01,Chile,Chile,0.0912227699873074,0.07738399525002827,0.11677369101866297,0.05171258667772077,0.515625
2020-04-01,ChinaA,China,-0.00013484451363004156,0.10547039477618468,0.25687370328442616,0.28753668008612904,0.625
2020-04-01,ChinaH,China,-0.01314618340740981,0.06449222035127318,0.21967191666084182,0.2662854005895356,0.484375
2020-04-01,Denmark,Denmark,0.03789896378102514,0.010370659298152105,0.08883826158731692,0.11577551763503771,0.5
2020-04-01,France,France,0.07323652657458841,0.11419781516196659,0.02622079993057348,-0.025458087987416497,0.609375
2020-04-01,Germany,Germany,0.05099673885809339,0.13184095319417663,0.11182829663892425,0.10673532446820942,0.625
2020-04-01,Hong Kong,Hong Kong,0.008461393302061748,-0.009666113079975207,0.08472487573642556,0.00931971622767478,0.515625
2020-04-01,Indonesia,Indonesia,0.05731108838961316,0.0874345875186336,0.34857482064177275,0.07142771886277771,0.265625
2020-04-01,Italy,Italy,0.033914584547863766,-0.025150277002438385,-0.23532376202227306,-0.18877886372306135,0.765625
2020-04-01,Japan,Japan,0.09143780750181027,0.07913352567157353,0.010655946056713592,-0.025677142717126098,0.734375
2020-04-01,Korea,Korea,0.07313225228476157,0.09982160746858575,0.10765219102540378,0.07194337482387526,0.65625
2020-04-01,Malaysia,Malaysia,-0.013270432409376972,-0.0159459569178044,-0.07183693850278597,-0.09757832824403058,0.390625
2020-04-01,Mexico,Mexico,0.10419008486871277,0.1327400637755493,0.11985411708339141,0.05163946735392794,0.46875
2020-04-01,NASDAQ,US,0.020270872094793065,-0.017095155293059203,0.05068006317980685,0.0983962024001065,0.5
2020-04-01,Netherlands,Netherlands,0.013142737976726736,0.010805918856121099,0.011519052667554625,0.002693687907941899,0.484375
2020-04-01,Philippines,Philippines,-0.008853540110785197,-0.017606363367880833,0.0009987184616591128,-0.06291016280833003,0.34375
2020-04-01,Poland,Poland,0.04464315355148757,0.1959090687056904,0.20326887205430283,0.2865253968417632,0.484375
2020-04-01,Singapore,Singapore,0.06028714533289799,0.15426247400687673,0.10873439907413496,0.17414524671394793,0.65625
2020-04-01,South Africa,South Africa,-0.06402434118334623,-0.05764472507151058,-0.23956641203362625,-0.24818282878657044,0.21875
2020-04-01,Spain,Spain,0.04631861320251075,0.007320404607948271,-0.03362327124139129,-0.07540485078588338,0.578125
2020-04-01,Sweden,Sweden,0.06879224601291063,0.054980891614357624,0.017134599207880782,0.005690500377140384,0.515625
2020-04-01,Switzerland,Switzerland,0.0498310438280376,0.04658131778087238,0.012667171850088702,0.004651015609282634,0.515625
2020-04-01,Taiwan,Taiwan,-0.024425345363699433,-0.06173520400115462,-0.05778496125219083,-0.06475660059421419,0.640625
2020-04-01,Thailand,Thailand,0.14050515979653386,0.17232029582254735,0.1266274183156653,0.07624992202845318,0.265625
2020-04-01,Turkey,Turkey,-0.043326238601129594,-0.00017595944790882098,0.035284023705228706,0.013054696668908305,0.828125
2020-04-01,U.K.,U.K.,0.058594189729026094,0.10291302623581522,0.032874795301697554,0.017144600445175344,0.421875
2020-04-01,U.S.,US,0.010126529464339135,-0.002604829376775252,0.020382868635265297,0.07467694071349246,0.484375
2020-04-01,US SmallCap,US,0.052128305934363836,0.07420259549269809,0.09008163110604256,0.19818237800602614,0.515625
2020-04-01,Vietnam,Vietnam,0.017810063257995567,-0.009264914922601451,-0.16028926463843993,0.06407573313738842,0.15625
2020-05-01,Australia,Australia,0.09560142952358983,0.14700439141542077,-0.07425470589416874,-0.1122098650949873,0.375
2020-05-01,Brazil,Brazil,0.08357853860349457,0.05475561649363707,0.2603968768578392,-0.06621883783585113,0.296875
2020-05-01,Canada,Canada,0.11582354320130238,0.12984199733596127,-0.1460320147316454,-0.05978032044759607,0.5625
2020-05-01,Chile,Chile,0.047953065769625075,0.07738399525002827,0.047610491109317796,-0.031849646959873704,0.515625
2020-05-01,ChinaA,China,0.0007058062422301021,0.07643503004753069,0.41705007827594115,0.2548639407244972,0.796875
2020-05-01,ChinaH,China,-0.03688820355647385,0.009115958212454953,0.33004600006387586,0.20008871854477006,0.6875
2020-05-01,Denmark,Denmark,0.054380741905199786,0.004802048963053829,-0.050570844595544076,0.010379336243285284,0.53125
2020-05-01,France,France,0.07317956581838451,0.10959852031050518,-0.06846024663008989,-0.11330445419274415,0.578125
2020-05-01,Germany,Germany,0.09801443838870727,0.08267533240411709,-0.0008309662794030413,-0.04562671863078027,0.578125
2020-05-01,Hong Kong,Hong Kong,0.0036181117882805435,-0.07637097321014417,0.05795079365543421,-0.04052630489466824,0.65625
2020-05-01,Indonesia,Indonesia,0.13288968988481636,0.13648325073351836,0.2003125649456465,-0.0471836567883773,0.21875
2020-05-01,Italy,Italy,-0.004165853458474808,0.03412513056820447,-0.19253683820713388,-0.15115621404042417,0.640625
2020-05-01,Japan,Japan,0.060475234393876406,0.09087909707203277,-0.08420716876196326,-0.06460376076387143,0.78125
2020-05-01,Korea,Korea,0.07053791336684766,0.0683639815283734,-0.08325639150131453,-0.09625011225352996,0.796875
2020-05-01,Malaysia,Malaysia,-0.01782393899032332,-0.023608852700041393,-0.16645943478601116,-0.10337185256155769,0.625
2020-05-01,Mexico,Mexico,0.19873607006710328,0.17669560130326495,0.2382776218121738,0.16326149301139978,0.328125
2020-05-01,NASDAQ,US,0.04418988097152658,0.03583431468717331,-0.1266402038633331,-0.02458997665762431,0.484375
2020-05-01,Netherlands,Netherlands,0.06487154154668975,0.006128543959318045,0.048301801117650214,-0.059238948066231825,0.46875
2020-05-01,Philippines,Philippines,-0.01816801085803536,-0.0170746288630204,-0.12599868149043186,-0.0774606406998857,0.4375
2020-05-01,Poland,Poland,0.13943517280267206,0.23894090445747893,0.1530030304826708,0.2507177902103958,0.515625
2020-05-01,Singapore,Singapore,0.10400762442854869,0.12984199733596127,-0.09590872650878306,-0.04567063232587619,0.578125
2020-05-01,South Africa,South Africa,-0.026662929274389232,-0.014934806438865796,-0.24479082464673604,-0.23190838579038228,0.1875
2020-05-01,Spain,Spain,0.08223176766966522,0.10420363775379195,-0.0652315876693792,-0.05754999907269771,0.59375
2020-05-01,Sweden,Sweden,0.05288000558539964,0.08208216583137423,-0.07614319007249452,-0.06733994980973079,0.46875
2020-05-01,Switzerland,Switzerland,0.007981542885308647,-0.03671655847170015,0.007894452732048505,-0.06948243149251959,0.546875
2020-05-01,Taiwan,Taiwan,-0.036247921052369514,-0.0788513999590695,-0.13332862026301737,-0.12006525275989768,0.578125
2020-05-01,Thailand,Thailand,0.1049055789210524,0.12559727622770103,-0.002385237533283119,-0.07346105218491579,0.3125
2020-05-01,Turkey,Turkey,-0.02113698782913881,-0.013621878560920814,-0.02262806804879513,-0.09194203312906948,0.828125
2020-05-01,U.K.,U.K.,0.09056936502223144,0.12984199733596127,-0.012834986921669796,-0.031884722025491946,0.515625
2020-05-01,U.S.,US,0.039364373223898394,0.040219387097909995,-0.1387675279221892,-0.0028337653767100644,0.4375
2020-05-01,US SmallCap,US,0.09140594109876625,0.13350456438040179,-0.06880958639548132,0.03351937339235701,0.390625
2020-05-01,Vietnam,Vietnam,0.0010287262451223675,0.039065023915619404,-0.21947251376852742,0.015051018721865962,0.1875
2020-06-01,Australia,Australia,0.05417744403739956,0.08339444479395695,-0.15313398508081932,-0.1913075369549083,0.359375
2020-06-01,Brazil,Brazil,-0.06380483398807267,-0.06744139773467658,0.021183169753955653,-0.252273903213328,0.234375
2020-06-01,Canada,Canada,0.05889236225873348,0.07651104536299182,-0.11502471147686204,-0.04704907508312228,0.578125
2020-06-01,Chile,Chile,0.016672050066894352,0.033434682680911265,-0.037548620879277586,-0.16131643313723734,0.546875
2020-06-01,ChinaA,China,0.056836645030893196,0.06816305448278998,0.26870563308214684,0.1620018165196542,0.8125
2020-06-01,ChinaH,China,0.01376923626445992,0.006061221835932135,0.19133587188548845,0.07411620316476603,0.71875
2020-06-01,Denmark,Denmark,0.06368657126737953,0.05079985576360066,0.022192914591307518,-0.0079624982209095,0.515625
2020-06-01,France,France,0.011979406516892433,-0.01396887735261862,-0.1414524416701567,-0.12823879801351504,0.5625
2020-06-01,Germany,Germany,0.05086383149360815,0.007872530869107944,0.014747410105234462,-0.03373617991431329,0.640625
2020-06-01,Hong Kong,Hong Kong,-0.02675876085918379,-0.04199361159780135,0.02112805236039659,-0.04643242972023201,0.671875
2020-06-01,Indonesia,Indonesia,0.13275035501386534,0.1302178718515819,0.12815244822522656,-0.05744514770427103,0.203125
2020-06-01,Italy,Italy,-0.0332177759906703,-0.08570297665262774,-0.2319894988776182,-0.15364459555911783,0.640625
2020-06-01,Japan,Japan,-0.046712524405740544,-0.0690711488758965,-0.13156246343342284,-0.08121738529222247,0.71875
2020-06-01,Korea,Korea,0.007360197623878385,-0.002639069614292007,-0.09539363228586385,-0.10446962322196743,0.84375
2020-06-01,Malaysia,Malaysia,-0.03996325526355389,-0.054248352378839154,-0.2175752361163258,-0.18252316251201278,0.484375
2020-06-01,Mexico,Mexico,0.10943183084064415,0.1318475125725607,0.1092871737893475,-0.040703194867487455,0.296875
2020-06-01,NASDAQ,US,0.05349526016363533,-0.0003857489284669023,-0.09684220763866794,-0.06597205293079288,0.515625
2020-06-01,Netherlands,Netherlands,0.00689084460291689,-0.014033944770524102,-0.05134733879286636,-0.06434884856500646,0.453125
2020-06-01,Philippines,Philippines,-0.021667267975790435,-0.04816216892124291,-0.19379604028973121,-0.16277240661267123,0.421875
2020-06-01,Poland,Poland,0.04070959249661518,0.13383621685484773,0.13737756978720173,0.14873784188817601,0.484375
2020-06-01,Singapore,Singapore,0.05778357715524855,0.0930292064548254,-0.03513016278489205,-0.015451231275644298,0.640625
2020-06-01,South Africa,South Africa,-0.050910160957232234,-0.001917750020160344,-0.30252068437675117,-0.2503947883847692,0.234375
2020-06-01,Spain,Spain,0.019889382756047007,0.06567733594828871,-0.07694499873200387,-0.1010334313503285,0.53125
2020-06-01,Sweden,Sweden,0.046045990205402315,0.0057729787904864,-0.07945321389791671,-0.05284174791411786,0.5
2020-06-01,Switzerland,Switzerland,0.02145102047813681,-0.036509677284751206,-0.04282222669587697,-0.0576472156247269,0.484375
2020-06-01,Taiwan,Taiwan,-0.016692260235363972,-0.06479516369595306,-0.16464468773649155,-0.1189602911013289,0.609375
2020-06-01,Thailand,Thailand,0.10033381062609133,0.11451097115579038,-0.09306099486602383,-0.15252961634948262,0.390625
2020-06-01,Turkey,Turkey,-0.05245382281281276,-0.029572263772812236,-0.0747859126438668,-0.15538063549466996,0.734375
2020-06-01,U.K.,U.K.,0.09083268622388056,0.12027697550481653,-0.0012971336450494052,-0.040780243125062815,0.53125
2020-06-01,U.S.,US,0.030289909177018428,-0.014825714767062263,-0.14667092137928378,-0.09888835571279732,0.46875
2020-06-01,US SmallCap,US,0.008109023571607612,0.02135058402457375,-0.10498519295544952,-0.026238676805633066,0.46875
2020-06-01,Vietnam,Vietnam,-0.022705585847878067,-0.006765867630251651,-0.2875119014772288,-0.08268917978863478,0.203125
2020-07-01,Australia,Australia,-0.014485340963602173,-0.014793815547602295,-0.03341027502484127,-0.14280612280671054,0.40625
2020-07-01,Brazil,Brazil,0.07288979186197589,0.010715755017219303,0.11821226282916991,-0.06994222656677998,0.1875
2020-07-01,Canada,Canada,0.016237334564908598,0.029668168451286826,-0.16392120890957612,-0.02712396165697854,0.53125
2020-07-01,Chile,Chile,-0.025310757906423936,-0.08750246955116825,-0.18640646421817952,-0.2035101145119416,0.515625
2020-07-01,ChinaA,China,-0.01971376098966379,-0.04056973760264233,0.21799282145092921,0.04083808239231572,0.796875
2020-07-01,ChinaH,China,-0.01646450519163014,-0.06521408270086938,0.19083545472517474,-0.003732179436468407,0.625
2020-07-01,Denmark,Denmark,0.06075644043876324,0.06514727967510972,-0.1043575535222005,0.06179604671254703,0.515625
2020-07-01,France,France,-0.04039978577373193,-0.06793099662415181,-0.05406941895173473,-0.0861212236451652,0.53125
2020-07-01,Germany,Germany,-0.0031624949025119515,-0.004077848123162696,-0.12093524827869273,-0.004939911561385002,0.671875
2020-07-01,Hong Kong,Hong Kong,-0.018516287938697012,-0.03844908974441083,-0.12745265300036762,-0.04462461008234431,0.5625
2020-07-01,Indonesia,Indonesia,0.0907569580283875,0.04280582162047815,-0.11157805050118405,-0.06123571484010963,0.1875
2020-07-01,Italy,Italy,-0.05991014091997142,-0.08061583970479491,-0.13519758330508969,-0.08123492409322233,0.59375
2020-07-01,Japan,Japan,-0.06740567289469,-0.08770844090917855,-0.038429751492982944,-0.026595284681377278,0.765625
2020-07-01,Korea,Korea,0.03216682319026018,-0.015380242821952512,-0.1393291836923205,-0.12245645731748335,0.8125
2020-07-01,Malaysia,Malaysia,-0.0705396057276057,-0.08992328049558201,-0.1958267458453254,-0.16083419557579862,0.5625
2020-07-01,Mexico,Mexico,0.0729337082810864,0.026805895890437293,-0.04336516455528544,-0.044776250731875814,0.34375
2020-07-01,NASDAQ,US,0.07761859404028155,0.07078417898919968,-0.03056411442249349,0.037061310333148606,0.515625
2020-07-01,Netherlands,Netherlands,0.023294336230700503,0.010434354109176702,-0.12971983254969532,-0.014587921943313807,0.46875
2020-07-01,Philippines,Philippines,-0.025988342848886094,-0.05351116534739833,-0.173684474723799,-0.2142371621040942,0.375
2020-07-01,Poland,Poland,0.02107560052454512,0.059811131871156914,0.1702693734920946,0.04762895124374188,0.515625
2020-07-01,Singapore,Singapore,0.08649243908911565,0.07530776028175139,-0.02924643399035942,0.005765424539465859,0.59375
2020-07-01,South Africa,South Africa,-0.08848675930972218,-0.06377668655202166,-0.31937128564302314,-0.24090310949926116,0.21875
2020-07-01,Spain,Spain,0.0038682973512258485,0.001717658452141592,-0.08626866878890052,-0.09513098804372218,0.5625
2020-07-01,Sweden,Sweden,0.0021467918948525917,-0.013374671484587116,-0.18142733132609473,-0.018433447666252482,0.484375
2020-07-01,Switzerland,Switzerland,0.028156028617883338,0.001087387825150131,-0.034102520142202955,-0.04207288060568111,0.46875
2020-07-01,Taiwan,Taiwan,-0.014207522501064676,0.010007577913174415,-0.22157280668390217,-0.14693069231720607,0.609375
2020-07-01,Thailand,Thailand,0.018122294651261164,0.03710230335514203,-0.029198967941302483,-0.11934278696864027,0.34375
2020-07-01,Turkey,Turkey,-0.08366878651522237,-0.08536437243088846,-0.11615414468797,-0.12661235813047966,0.75
2020-07-01,U.K.,U.K.,0.08959156652551578,0.05097804977149423,-0.038262706603049104,0.011344470596245791,0.5
2020-07-01,U.S.,US,0.04189900715031791,0.014415228642438889,-0.025225035146833354,0.04648367875572269,0.5
2020-07-01,US SmallCap,US,0.07298440618944868,0.12438674917290946,-0.12781444612780463,0.06678620369569505,0.609375
2020-07-01,Vietnam,Vietnam,-0.08875571659553547,-0.0906632230305098,-0.315911585091062,-0.20693635254661472,0.375
2020-08-01,Australia,Australia,-0.06726806928956866,-0.024870326581107594,-0.15580574991486887,-0.20847415747087664,0.421875
2020-08-01,Brazil,Brazil,-0.008521121786955908,-0.010160016143257202,-0.015176029734759039,-0.08175686354225536,0.21875
2020-08-01,Canada,Canada,-0.029331390211063665,0.029992110801610013,-0.16208380491671046,-0.01586921468226353,0.515625
2020-08-01,Chile,Chile,-0.1014771234633953,-0.11203259100938465,-0.28421368770823924,-0.27315171426790547,0.484375
2020-08-01,ChinaA,China,-0.0015124269656950932,0.023054516645830896,0.07951960027920782,-0.007662131251818539,0.796875
2020-08-01,ChinaH,China,0.00046128398752963255,0.02378331416075358,0.07588860344407786,0.011930169259661116,0.59375
2020-08-01,Denmark,Denmark,0.044494436247051405,0.07770197313194166,0.011799165466098691,0.06484075707476356,0.515625
2020-08-01,France,France,-0.051298454775306784,-0.0647322245748089,0.0027100711127683533,-0.08362866902524607,0.640625
2020-08-01,Germany,Germany,0.010692870677873684,0.001819644673450107,0.07678997054127322,0.023047879892694866,0.65625
2020-08-01,Hong Kong,Hong Kong,-0.032542453514076,-0.029997378826125794,-0.08432350579151167,-0.020103975434016666,0.59375
2020-08-01,Indonesia,Indonesia,0.05175797390125536,0.02051702786678876,-0.14661934810864574,-0.053479936440150755,0.1875
2020-08-01,Italy,Italy,-0.06350541574601054,-0.04078459985738235,-0.07142252412142178,-0.10327968237502626,0.640625
2020-08-01,Japan,Japan,-0.06067708945427147,-0.053992196251387625,-0.06329832349200303,-0.021202715519855135,0.71875
2020-08-01,Korea,Korea,-0.03117270093861281,-0.027471409380034666,-0.10945983474480053,-0.06546278660684922,0.859375
2020-08-01,Malaysia,Malaysia,-0.13349487663780232,-0.1380064101532199,-0.20844993001295378,-0.20181828796086607,0.546875
2020-08-01,Mexico,Mexico,0.06981293174115785,0.007617137006220215,-0.15844627593606056,-0.03825307584558736,0.34375
2020-08-01,NASDAQ,US,0.05251095208725676,0.0661190400295828,-0.028436528853309,0.02265224870202506,0.515625
2020-08-01,Netherlands,Netherlands,0.0016052161694956341,0.0022322407079519192,0.02547071933942938,-0.015286632036066436,0.5
2020-08-01,Philippines,Philippines,-0.01576335840782417,-0.03854849994682041,-0.25004386705569287,-0.2170916977175227,0.421875
2020-08-01,Poland,Poland,-0.0010257145138889562,0.06375783251866585,0.15639056729731385,0.09270237572088016,0.53125
2020-08-01,Singapore,Singapore,0.05324114742491548,0.07765734353185189,-0.016308705691390986,0.0712657667542837,0.609375
2020-08-01,South Africa,South Africa,-0.12016172923131584,-0.10509340053624662,-0.2973533711209446,-0.24833363735956027,0.265625
2020-08-01,Spain,Spain,-0.0021692436156236297,-0.025669030049634414,0.0028544095803737877,-0.05993984830640363,0.578125
2020-08-01,Sweden,Sweden,-0.008032353636535743,-0.017615450377710198,-0.09779318785519049,-0.0031964657725648037,0.515625
2020-08-01,Switzerland,Switzerland,0.0473251694304358,0.08065743245598742,-0.09387118013029269,-0.031115720873016547,0.421875
2020-08-01,Taiwan,Taiwan,-0.01346895447399367,0.03202376262761307,-0.2092213915438321,-0.21911353207692305,0.578125
2020-08-01,Thailand,Thailand,-0.0011821322324045615,0.04898372144734495,-0.16099064845753716,-0.14366214480590211,0.34375
2020-08-01,Turkey,Turkey,-0.03637445041584944,-0.05380870939990813,0.028375916863557043,-0.08372922152079065,0.6875
2020-08-01,U.K.,U.K.,0.055657242872606344,0.05223209180422929,0.026633070097536408,0.027973468552174325,0.53125
2020-08-01,U.S.,US,0.035006943630259815,0.026292023428886296,-0.1147387682917299,0.053045650296831975,0.4375
2020-08-01,US SmallCap,US,0.031944297751865774,0.09836201217885884,-0.0720246848968084,0.13964988266282605,0.578125
2020-08-01,Vietnam,Vietnam,-0.0766905343625626,-0.08226301657810606,-0.19788138207532222,-0.23871732472247686,0.25
2020-09-01,Australia,Australia,-0.05939336451057223,-0.04441481558670492,-0.13774767477385116,-0.12651013430579125,0.421875
2020-09-01,Brazil,Brazil,-0.0074394029299116446,-0.06318835516995985,-0.03555159858895258,-0.06017488069638098,0.28125
2020-09-01,Canada,Canada,-0.021097662997939932,0.014466256136942794,-0.0723587424001152,-0.031519476493111806,0.484375
2020-09-01,Chile,Chile,-0.10373503837505622,-0.09762250356617434,-0.25793632193584937,-0.2620774393336102,0.578125
2020-09-01,ChinaA,China,-0.05214675004479105,-0.011758820158276711,-0.02286768135506132,-0.0019021840127515163,0.78125
2020-09-01,ChinaH,China,-0.05214675004479105,-0.00598461224942205,-0.034651158177894804,-0.004327254084467724,0.625
2020-09-01,Denmark,Denmark,0.04359766130897459,0.04161644298991314,0.004930197725925279,0.06059996951071768,0.5
2020-09-01,France,France,-0.061784538440803075,-0.058807503104456926,-0.0325499653967771,-0.04205356190064097,0.59375
2020-09-01,Germany,Germany,0.025294547699435437,0.015205186208826393,0.08832997053650987,0.006874493611331373,0.65625
2020-09-01,Hong Kong,Hong Kong,-0.0320315420196582,-0.037042340132479444,-0.09031917429625413,-0.010434032927013233,0.640625
2020-09-01,Indonesia,Indonesia,-0.016068942075689444,-0.031114244180394816,-0.23374533893394392,-0.03599858280770074,0.171875
2020-09-01,Italy,Italy,-0.07016623922995242,-0.08540447799746317,0.008278545090519885,-0.029849707058880248,0.625
2020-09-01,Japan,Japan,-0.060261767740794656,-0.03533033397548952,-0.03974709597108504,-0.05504573468338099,0.671875
2020-09-01,Korea,Korea,-0.012821652860773705,-0.014127533224925819,-0.05864178199038757,-0.04615929120176736,0.84375
2020-09-01,Malaysia,Malaysia,-0.09470057349545183,-0.08876484532194705,-0.1590462482011946,-0.17690218226086918,0.671875
2020-09-01,Mexico,Mexico,-0.011264769694708817,0.01282193185634125,-0.10944880174601485,0.010276224629222504,0.296875
2020-09-01,NASDAQ,US,0.05096043136240684,0.08880682380309832,-0.017844358603813216,0.006521256631046581,0.5
2020-09-01,Netherlands,Netherlands,0.026707178007051875,0.05956523061420216,0.03938151942835347,-0.03762299302135379,0.46875
2020-09-01,Philippines,Philippines,-0.014777226411211306,-0.05131697686060173,-0.2235214378559374,-0.20122671814603327,0.328125
2020-09-01,Poland,Poland,-0.024765227386093724,0.045306745244443114,0.13601963618270219,0.0691161615868726,0.625
2020-09-01,Singapore,Singapore,0.04179396141429664,0.029118211809970474,0.06170232003870155,0.08743675510482835,0.609375
2020-09-01,South Africa,South Africa,-0.05937940616773309,-0.10087784011250128,-0.2051574332193544,-0.18160272584923381,0.40625
2020-09-01,Spain,Spain,0.019523884845808456,-0.0004053713355464325,0.07612652579381989,-0.0475262886678844,0.546875
2020-09-01,Sweden,Sweden,0.0064418620562249704,0.02090410091624596,-0.018990962762915318,0.013456760688696324,0.5625
2020-09-01,Switzerland,Switzerland,0.06827952316054693,0.07013110799520729,-0.09144065487056284,-0.019104606043598687,0.421875
2020-09-01,Taiwan,Taiwan,-0.033632201469019615,-0.01806704247713678,-0.15926186835529227,-0.1411229037195617,0.625
2020-09-01,Thailand,Thailand,0.03133701782899399,0.04634087559188832,-0.08021040814787944,0.009934471153871239,0.28125
2020-09-01,Turkey,Turkey,-0.02948511368234613,-0.02788629197763112,0.08583728377868104,-0.06051222385516859,0.65625
2020-09-01,U.K.,U.K.,0.04399294900941811,0.046566750523470396,0.05762868845627753,0.04574560302605621,0.484375
2020-09-01,U.S.,US,0.05096043136240684,0.08397064417314867,-0.04922548619092572,-0.0017887021271195853,0.4375
2020-09-01,US SmallCap,US,0.004472163254943807,0.06689752828643819,0.06475919870174729,0.16408262515554772,0.546875
2020-09-01,Vietnam,Vietnam,-0.08123384953471859,-0.1155666028654502,-0.25968362388888083,-0.2792315465873246,0.15625
2020-10-01,Australia,Australia,-0.029742442780142493,-0.05088998752170355,-0.0922716855837997,-0.07905387551716885,0.421875
2020-10-01,Brazil,Brazil,-0.051757028678491815,-0.09638893642313194,-0.04519307528694612,-0.039300675411002794,0.21875
2020-10-01,Canada,Canada,-0.056666430995104156,-0.03416624857550951,-0.026570376034267595,0.022321563331033398,0.5
2020-10-01,Chile,Chile,-0.0970041561971036,-0.13704833141640146,-0.2574991927610116,-0.24606090370320752,0.53125
2020-10-01,ChinaA,China,-0.0836217264421388,0.007324753490008835,-0.09630007029822811,-0.030871184886210937,0.828125
2020-10-01,ChinaH,China,-0.0836217264421388,0.007324753490008835,-0.1512736508923457,-0.021169500136932154,0.640625
2020-10-01,Denmark,Denmark,0.0257267732062325,0.029504925227560385,0.029318531692199615,0.020419107592936976,0.515625
2020-10-01,France,France,-0.11172310149697835,-0.05699504756626325,-0.04064978973152597,-0.017080246102225652,0.578125
2020-10-01,Germany,Germany,-0.02100746660011535,0.030558549521457857,0.09439139724437909,0.046080601390294657,0.671875
2020-10-01,Hong Kong,Hong Kong,-0.039848232714046944,-0.043251160083671025,-0.1437289584228556,-0.02369242872480421,0.6875
2020-10-01,Indonesia,Indonesia,0.05759068695522472,0.012434331018892786,-0.14660957095087168,-0.005069631476697695,0.265625
2020-10-01,Italy,Italy,-0.11133818472910793,-0.12114063510059467,-0.014364143122113347,-0.048549105855189775,0.65625
2020-10-01,Japan,Japan,-0.0494984449344506,-0.05059700953605481,-0.094691548266046,-0.06423144137087584,0.703125
2020-10-01,Korea,Korea,-0.04936038312528701,-0.0168701574735066,0.10033538133389058,-0.07077476348534824,0.796875
2020-10-01,Malaysia,Malaysia,-0.08431858676199208,-0.08011999768512253,-0.1644390805303037,-0.18299087913037174,0.515625
2020-10-01,Mexico,Mexico,0.13193962955548985,0.05885463136779279,0.04821873546388962,0.036983971534865434,0.359375
2020-10-01,NASDAQ,US,0.05539088379285932,0.11012429737302301,-0.02029334264233492,-0.0016383247451941165,0.515625
2020-10-01,Netherlands,Netherlands,0.006719812497261217,0.07262783739199515,0.04591785045191685,-0.002855720450228582,0.46875
2020-10-01,Philippines,Philippines,-0.057237607702717186,-0.04636811346826425,-0.24115365884619736,-0.1725989051458973,0.390625
2020-10-01,Poland,Poland,0.0039379743026372125,0.05704945592276288,0.11498858734792197,0.09335794796043008,0.625
2020-10-01,Singapore,Singapore,0.029659846067046875,0.02536836642429825,0.04200457814389637,0.08983825691633796,0.609375
2020-10-01,South Africa,South Africa,-0.05582996923906372,-0.08742331374577601,-0.0982431277343092,-0.15421146252076112,0.390625
2020-10-01,Spain,Spain,-0.03414609489189184,-0.02781203305057793,0.07596499956168608,-0.02360015069349954,0.53125
2020-10-01,Sweden,Sweden,-0.006608553934382144,0.02741946048471636,-0.014420740904946279,0.020384871996809183,0.53125
2020-10-01,Switzerland,Switzerland,-0.0016241043679647302,0.036444409432383626,-0.10528292935503564,-0.030408173918198843,0.40625
2020-10-01,Taiwan,Taiwan,-0.014625267468205815,-0.03919589280492632,-0.14553403684779945,-0.12331625147709699,0.5625
2020-10-01,Thailand,Thailand,0.14657391640968376,0.14728618083072215,0.10414903436755223,0.10550938842704452,0.390625
2020-10-01,Turkey,Turkey,0.00014975809713791213,0.05845420100870678,-0.015670478449856407,-0.03868121665658956,0.5
2020-10-01,U.K.,U.K.,0.03654477303125041,-0.01376983816621888,0.07871892085922198,0.05271953628297936,0.453125
2020-10-01,U.S.,US,0.051604452655729646,0.09540115756973723,-0.0010862276670040583,0.01398580624900347,0.453125
2020-10-01,US SmallCap,US,0.010283145919681963,0.10436640871468932,0.11417375285136233,0.19217244153105295,0.546875
2020-10-01,Vietnam,Vietnam,-0.11905589408214708,-0.05194195066548232,-0.2684686115252163,-0.23197841064230879,0.234375
2020-11-01,Australia,Australia,-0.0538242098304743,-0.025153868780080503,-0.03221416496725494,-0.0810750240688315,0.40625
2020-11-01,Brazil,Brazil,0.003580867901521661,-0.0655705882176574,0.024512540513300523,-0.014344570553313798,0.203125
2020-11-01,Canada,Canada,-0.03846499269025221,-0.004972816937995131,0.010145692495847975,0.04568902415741044,0.53125
2020-11-01,Chile,Chile,-0.11925310427150171,-0.1370660658724227,-0.18736463650693222,-0.19005206072559042,0.546875
2020-11-01,ChinaA,China,-0.026310919986110074,0.04458639159988084,-0.14331084755755144,-0.021997608055615833,0.78125
2020-11-01,ChinaH,China,-0.026310919986110074,0.04845898440851172,-0.15567373446605362,0.04630811718731297,0.625
2020-11-01,Denmark,Denmark,-0.005475867150230957,0.06713441127769333,0.0709506243435787,0.04311108208335594,0.515625
2020-11-01,France,France,-0.07916664481985368,-0.07101713622466099,0.011533879446436548,-0.004930687602664167,0.5625
2020-11-01,Germany,Germany,0.023753242607565197,-0.0009309272080655056,0.1092771872564281,0.062266027033598556,0.703125
2020-11-01,Hong Kong,Hong Kong,-0.0731797915428925,-0.058561127309995506,-0.16011319339722768,-0.024764456687061516,0.65625
2020-11-01,Indonesia,Indonesia,-0.04882688279862453,-0.08084436067797807,-0.18515304903475424,-0.23661565156215253,0.203125
2020-11-01,Italy,Italy,-0.10563256614854513,-0.08866718791717457,0.004155019393615544,-0.07771919722614448,0.59375
2020-11-01,Japan,Japan,-0.0987631519396388,-0.08604615241069863,-0.02819129130945409,-0.04725046904670348,0.703125
2020-11-01,Korea,Korea,-0.03853900689019154,0.03931071307284059,0.08468044614814772,0.020543639772123246,0.828125
2020-11-01,Malaysia,Malaysia,-0.10050397356363282,-0.10732676635239827,-0.18747407041644065,-0.15519359624861556,0.5625
2020-11-01,Mexico,Mexico,0.04693005975380454,-8.130370717671781e-05,0.016751591863039515,0.025828750843830576,0.375
2020-11-01,NASDAQ,US,0.04174781334202134,0.0871621052914256,-0.018661222434133304,-0.012723845277111116,0.515625
2020-11-01,Netherlands,Netherlands,-0.007520914980632144,0.02221447485781117,0.03590596143466557,-0.019195791312703478,0.46875
2020-11-01,Philippines,Philippines,-0.04718948050809808,-0.03467235009884714,-0.2406379027593514,-0.1687538511433665,0.390625
2020-11-01,Poland,Poland,0.0681403887902487,0.12949475991336334,0.15955608509605443,0.04024848599919906,0.546875
2020-11-01,Singapore,Singapore,0.042994938763131846,0.02198421589000816,0.0785399820731432,0.07588656650906254,0.609375
2020-11-01,South Africa,South Africa,0.08434958531334465,-0.04625366793459415,0.1572537933412309,0.03953720640762076,0.421875
2020-11-01,Spain,Spain,-0.006541989311501067,-0.029524488010629624,0.13248146232147714,0.05753682849847548,0.5625
2020-11-01,Sweden,Sweden,0.0008317187795931474,-0.014608885787366483,0.013252991892498393,0.00401895810777134,0.53125
2020-11-01,Switzerland,Switzerland,0.0074979465240526955,0.03090977000772045,-0.054046049916449734,-0.026029747536051633,0.4375
2020-11-01,Taiwan,Taiwan,-0.007509588303653223,-0.03740992449511138,-0.0632581494006034,-0.08964676403506666,0.546875
2020-11-01,Thailand,Thailand,0.13369973704508106,0.1836889124076113,0.1462480642445496,0.13957446963139716,0.359375
2020-11-01,Turkey,Turkey,-0.04562586676808751,0.03301055177384811,0.0536305336624673,-0.04856787917547459,0.578125
2020-11-01,U.K.,U.K.,0.08254880880990687,0.06025934748112993,0.12912625950751824,0.07432494718887887,0.484375
2020-11-01,U.S.,US,0.03313347098106824,0.07357262846258825,-0.01268288096785554,0.010082952887344367,0.4375
2020-11-01,US SmallCap,US,-0.0012068586155770987,0.07104631320235487,0.059930427743472375,0.16747409761663995,0.515625
2020-11-01,Vietnam,Vietnam,-0.07315824489412538,-0.10004512759132589,-0.2585322733969257,-0.25691597148828565,0.296875
2020-12-01,Australia,Australia,-0.09973661321136912,-0.035999142653617214,-0.06412185897369127,-0.07174752579141708,0.40625
2020-12-01,Brazil,Brazil,-0.06247018448544277,-0.04146871364071515,-0.010672684318866083,-0.047250999904754176,0.21875
2020-12-01,Canada,Canada,-0.029296406591755437,-0.04246162265625465,-0.0276107415247398,-0.026186573499699536,0.484375
2020-12-01,Chile,Chile,-0.08570176482700774,-0.10263152060546749,-0.17708083316787643,-0.1918724295471837,0.671875
2020-12-01,ChinaA,China,-0.05107043562621523,-0.027717363483301147,-0.19135341085005583,-0.08030434983853478,0.859375
2020-12-01,ChinaH,China,-0.047979156092424036,-0.020556520676072478,-0.200638985754818,-0.07214435916496921,0.6875
2020-12-01,Denmark,Denmark,0.0642506354875997,0.0791639131517265,0.026204317277314298,0.02384297279176888,0.5
2020-12-01,France,France,-0.0612361412662108,-0.10944924506432414,-0.058672791170551214,-0.12029899959877914,0.5
2020-12-01,Germany,Germany,0.012982039233145944,0.001662321056182357,0.03531455518563105,0.0031746224608642237,0.578125
2020-12-01,Hong Kong,Hong Kong,-0.015166144767932078,-0.05499339671147903,-0.19839464108951957,-0.1049430559261792,0.671875
2020-12-01,Indonesia,Indonesia,-0.044417815795310914,-0.006347439134937325,-0.13534068347713743,-0.09702356262383352,0.296875
2020-12-01,Italy,Italy,-0.07544164746029383,-0.11760781620375561,-0.11130144518549062,-0.1596270189532849,0.515625
2020-12-01,Japan,Japan,-0.05809353073780675,-0.11915540304957348,-0.10335514585052517,-0.12653860690266233,0.71875
2020-12-01,Korea,Korea,-0.03610786790585538,0.006924988218815105,0.008390677246590154,-0.05481024167965065,0.84375
2020-12-01,Malaysia,Malaysia,-0.10201895420787448,-0.11366380701745042,-0.13875798378003973,-0.1550262078816236,0.640625
2020-12-01,Mexico,Mexico,-0.10562536826522063,-0.04885242322910752,-0.022180936472140304,-0.03545058179839374,0.390625
2020-12-01,NASDAQ,US,0.013827455812732616,0.07856514291415403,-0.039600715772527384,-0.06500384673397845,0.46875
2020-12-01,Netherlands,Netherlands,0.0037820029807542864,-0.027695763370971464,0.021004233534582056,-0.009380857955298872,0.5
2020-12-01,Philippines,Philippines,-0.04526886738151058,-0.09260360460152481,-0.2698292989654711,-0.2043382273816073,0.484375
2020-12-01,Poland,Poland,0.019245757392986715,0.03832025436959162,0.023593254260403155,-0.005740852792963729,0.5
2020-12-01,Singapore,Singapore,0.039800767886427696,0.04714946390588785,0.050728272937206914,0.05725347393381315,0.5625
2020-12-01,South Africa,South Africa,-0.040727868653146385,-0.09955179937823146,0.07966949026792215,-0.017953553482767656,0.453125
2020-12-01,Spain,Spain,-0.08137587059064391,-0.11314976468255371,0.007172015985051832,-0.0734134870172416,0.515625
2020-12-01,Sweden,Sweden,0.013648283453439648,0.0347483857744339,-0.07318443774490181,-0.016903748381351537,0.515625
2020-12-01,Switzerland,Switzerland,0.02507521853091241,0.04219129037305196,-0.05244902723228813,-0.04957070095942963,0.4375
2020-12-01,Taiwan,Taiwan,0.012240890723252004,0.013135875564884953,-0.09235504340347243,-0.0734360598190032,0.53125
2020-12-01,Thailand,Thailand,0.023118721894731093,0.06661608358605339,0.05442448118840873,-0.012780961571483791,0.359375
2020-12-01,Turkey,Turkey,-0.059677845476223276,-0.07009143518059911,-0.12429901519753823,-0.1266700296801506,0.5
2020-12-01,U.K.,U.K.,0.012051068333991125,-0.035060650571700484,0.07519390835785893,-0.023799358753529988,0.390625
2020-12-01,U.S.,US,0.011037877892802004,0.05849800749941311,-0.037556056882932884,-0.03455466887404065,0.4375
2020-12-01,US SmallCap,US,-0.0219009271042266,0.020226341633709444,0.006968916506816088,0.03338673340919433,0.46875
2020-12-01,Vietnam,Vietnam,-0.08728195000832573,-0.07516271067734577,-0.14981371658038517,-0.23448799023857672,0.390625
2021-01-01,Australia,Australia,-0.07773632980937173,-0.06534994882835599,0.007431274777973881,-0.03953864144314328,0.46875
2021-01-01,Brazil,Brazil,-0.09319271170335809,-0.039884575991652044,0.04071738485092816,-0.025962648763118948,0.265625
2021-01-01,Canada,Canada,0.00512124930372726,0.0063459966688337015,-0.023656213647310843,-0.026736250161250318,0.484375
2021-01-01,Chile,Chile,-0.06108978043369016,-0.0963364791156548,-0.06825986515211006,-0.16055398503761564,0.546875
2021-01-01,ChinaA,China,-0.05222715155287491,-0.052365353098967796,-0.01657535967909529,-0.1334609261515463,0.796875
2021-01-01,ChinaH,China,-0.048796630452324574,-0.04074331351656764,-0.03318716806507059,-0.13316479308384369,0.609375
2021-01-01,Denmark,Denmark,0.06259315366236418,0.05398786680610375,-0.020461556202980347,-0.00604613969726011,0.515625
2021-01-01,France,France,-0.06383651997780915,-0.0811498850332396,-0.06214917298379824,-0.10736371339892446,0.546875
2021-01-01,Germany,Germany,0.038543137440822314,-0.011816259292145945,0.0580122959790515,0.00019143934384185067,0.625
2021-01-01,Hong Kong,Hong Kong,0.0055560245334049,-0.036587895961042255,-0.12699845504494625,-0.13709131072073685,0.65625
2021-01-01,Indonesia,Indonesia,-0.06088764817175593,-0.05604343803262746,-0.09234351118562338,-0.10863356700611378,0.21875
2021-01-01,Italy,Italy,-0.07357788895017511,-0.10890133047850224,-0.11007623995831309,-0.1086977336123695,0.625
2021-01-01,Japan,Japan,-0.04928471500952586,-0.05235119639685003,-0.06649838123665174,-0.08103131789900521,0.71875
2021-01-01,Korea,Korea,-0.0729687840879802,0.031561581571989766,-0.009616687892838838,-0.05847073282962377,0.84375
2021-01-01,Malaysia,Malaysia,-0.08983997930044348,-0.08922891816338542,-0.07939594793545744,-0.11029765431215051,0.546875
2021-01-01,Mexico,Mexico,-0.06908729429700372,-0.10937411175203719,0.0158378835992685,-0.021732178807587165,0.390625
2021-01-01,NASDAQ,US,0.01473910619541077,0.08395684989788142,-0.05818016803839078,-0.04404318610243303,0.515625
2021-01-01,Netherlands,Netherlands,-0.0020401862572143646,-0.012829845691338632,0.03583294028741932,-0.02968853150558877,0.5
2021-01-01,Philippines,Philippines,-0.023880171402368634,-0.15796087203559336,-0.26887981158395485,-0.22127911584251614,0.46875
2021-01-01,Poland,Poland,-0.09235791447904967,0.017045405404784778,0.007332925899797716,-0.006949427275807836,0.484375
2021-01-01,Singapore,Singapore,-0.02614302819622306,-0.06436738697973846,0.04010227823461089,0.013957627802876568,0.59375
2021-01-01,South Africa,South Africa,-0.045467583184994734,-0.12249076411928443,0.11458774610397086,-0.06593355147360093,0.3125
2021-01-01,Spain,Spain,-0.07897937847793644,-0.07293962216416482,-0.001160559097779931,-0.0254804740965756,0.640625
2021-01-01,Sweden,Sweden,0.015380012776603239,0.03460715898801324,-0.05989775516121516,-0.03663484352254508,0.546875
2021-01-01,Switzerland,Switzerland,0.024843913734567378,0.0360759289081925,-0.006162236689497083,-0.016873161797618788,0.390625
2021-01-01,Taiwan,Taiwan,0.0011878297219996628,0.018724917221366873,-0.11828945133256895,-0.05977931777064746,0.5625
2021-01-01,Thailand,Thailand,-0.049443890458792286,0.01962407287717091,0.14178636566013203,-0.007973852942303936,0.375
2021-01-01,Turkey,Turkey,-0.05081419999667591,-0.08334923732931504,-0.16184147891954265,-0.19781643732352644,0.53125
2021-01-01,U.K.,U.K.,0.012140322221443674,-0.0012657316476926157,0.01465652840273736,-0.007279862036488141,0.390625
2021-01-01,U.S.,US,0.01473910619541077,0.08867516581915902,-0.030712040236125546,-0.05564882039905404,0.421875
2021-01-01,US SmallCap,US,0.009555284935007995,0.0721772440272215,0.021918446141873594,0.013917923163989342,0.515625
2021-01-01,Vietnam,Vietnam,-0.07406372913168127,-0.04395087405429035,-0.11520672477100266,-0.20551280560777102,0.390625
2021-02-01,Australia,Australia,-0.07185153604181635,0.00867110687797656,-0.0076957536043146205,-0.05497071844492518,0.46875
2021-02-01,Brazil,Brazil,-0.03894139590102635,-0.05191141273143145,0.11374670621341154,0.02634039753358085,0.265625
2021-02-01,Canada,Canada,0.017297355447815112,0.04409785452063043,-0.042559136691775495,-0.025385293406920105,0.453125
2021-02-01,Chile,Chile,-0.05387026584376557,-0.10719986259018949,-0.04079825421020221,-0.06768612883474197,0.640625
2021-02-01,ChinaA,China,-0.07794609653141989,-0.05549908842471227,-0.11877822858572144,-0.09385117911967927,0.796875
2021-02-01,ChinaH,China,-0.06933175417046673,-0.027287647529234283,-0.12259270495240991,-0.11004439506108868,0.59375
2021-02-01,Denmark,Denmark,0.045711849150139455,0.0495178261776488,-0.025336391868471555,-0.0002194929948037723,0.484375
2021-02-01,France,France,-0.05053326334669615,-0.07986658962463261,-0.10231246536058715,-0.11757884932057693,0.5625
2021-02-01,Germany,Germany,0.038564320533642144,0.02206184975610708,0.057602743478675805,0.04225881079148468,0.65625
2021-02-01,Hong Kong,Hong Kong,-0.0031919106183283617,-0.0351637724451086,-0.09310416851615932,-0.10710184737031737,0.6875
2021-02-01,Indonesia,Indonesia,-0.06910551017561153,-0.03227007480824802,0.022898207713382846,-0.08047094176719304,0.21875
2021-02-01,Italy,Italy,-0.048658611681117916,-0.050385882321729705,-0.09974031945024554,-0.08165545718907714,0.59375
2021-02-01,Japan,Japan,-0.07841367020786377,-0.08117403029633884,-0.18557581599325795,-0.0827983277685644,0.703125
2021-02-01,Korea,Korea,-0.10902476357428922,-0.047138653332531935,-0.10757758980137551,-0.03961941263722202,0.90625
2021-02-01,Malaysia,Malaysia,-0.09642784977998087,-0.03311607329662502,-0.10772522913497058,-0.028030809045965856,0.53125
2021-02-01,Mexico,Mexico,-0.10784970178513996,-0.08721139469182468,-0.004330807858574895,-0.02318609607379714,0.328125
2021-02-01,NASDAQ,US,0.060094596419289076,0.03691509996857123,-0.06693981338216026,-0.03943601250006677,0.484375
2021-02-01,Netherlands,Netherlands,0.035816419212859094,0.04574442100074966,0.03444180537644785,0.012685262871595132,0.515625
2021-02-01,Philippines,Philippines,-0.0776024090501898,-0.04747549482622872,-0.2465741545159136,-0.15058277571531153,0.515625
2021-02-01,Poland,Poland,-0.03498186989885541,-0.0362623881664257,-0.04530040054393783,-0.048200864943836325,0.46875
2021-02-01,Singapore,Singapore,0.0015602294715007237,-0.053730879667032286,0.02790657888723123,0.046556362847635965,0.515625
2021-02-01,South Africa,South Africa,-0.030662785372247498,-0.05804144576990082,0.09487724413284956,-0.026897475908535744,0.390625
2021-02-01,Spain,Spain,-0.064676262720172,-0.0877464497207387,-0.03509494107631263,-0.06206425103742119,0.609375
2021-02-01,Sweden,Sweden,0.02278396602220756,0.041945742350532056,-0.06206451720220128,0.018592379527801378,0.546875
2021-02-01,Switzerland,Switzerland,0.045911177731030206,0.06359661048725813,-0.07079462010802363,-0.06018033458557022,0.34375
2021-02-01,Taiwan,Taiwan,0.005930017988086466,0.027476500862469905,-0.17601199174883933,-0.02792854489928823,0.578125
2021-02-01,Thailand,Thailand,-0.05955399834914479,-0.03360547883005673,0.06078293133529414,0.01010537877066299,0.390625
2021-02-01,Turkey,Turkey,-0.04814440173400682,-0.08158309744431272,-0.13410747210745919,-0.1580781376816475,0.53125
2021-02-01,U.K.,U.K.,0.003254553994434091,0.01177811275194654,0.01190763873288092,0.023990432230618013,0.40625
2021-02-01,U.S.,US,0.060094596419289076,0.03691509996857123,-0.03704094224260045,-0.049442651458946676,0.40625
2021-02-01,US SmallCap,US,0.060094596419289076,0.03691509996857123,-0.027450632602456223,-0.006536863862757524,0.5
2021-02-01,Vietnam,Vietnam,-0.08132220921964675,-0.011207033196200129,-0.13502800312597904,-0.18995129162802993,0.40625
2021-03-01,Australia,Australia,-0.034227572527684116,-0.0020548630892773994,0.07795013124251457,0.02331069055882921,0.515625
2021-03-01,Brazil,Brazil,0.008530956058911191,-0.04934645215726258,0.04355714883776812,-0.02738680321093973,0.21875
2021-03-01,Canada,Canada,-0.004143523119122903,0.006572055922640662,0.041974550860885446,0.03800602060492125,0.46875
2021-03-01,Chile,Chile,-0.039974875373663524,-0.11142734986265576,-0.003883441983370691,-0.013423745111580478,0.625
2021-03-01,ChinaA,China,-0.0742471817882971,-0.04185264288341885,-0.11230360943540561,-0.004223364097985188,0.78125
2021-03-01,ChinaH,China,-0.065632839427344,-0.017146776133806465,-0.11735761214738501,-0.005746572163067188,0.578125
2021-03-01,Denmark,Denmark,0.05304821064241373,0.02168809577136415,0.013003918992658115,-0.04350603351987346,0.484375
2021-03-01,France,France,-0.016809429521468723,-0.04525358389505815,0.02164115063887606,-0.048778767382259336,0.515625
2021-03-01,Germany,Germany,0.0663605509941259,0.0019541274626852824,-0.01525273637057548,-0.043049371812402634,0.640625
2021-03-01,Hong Kong,Hong Kong,0.014659391918817224,-0.04041572122935816,-0.06686991559695384,-0.07454229240399804,0.640625
2021-03-01,Indonesia,Indonesia,-0.048886585885938166,-0.005786603805813334,-0.015349399807833683,-0.012135537408891697,0.234375
2021-03-01,Italy,Italy,0.011967024122869548,-0.033969621291483273,0.020331342987957402,-0.0516258719794354,0.59375
2021-03-01,Japan,Japan,-0.07137861899571506,-0.07267398301186978,-0.004898416808593922,-0.020620253867852087,0.734375
2021-03-01,Korea,Korea,-0.0870334189203123,0.011125898949985922,-0.05826102648924694,0.02659512447908167,0.921875
2021-03-01,Malaysia,Malaysia,-0.1005401449135429,-0.010630718609237207,-0.09591339590317537,-0.0949084899570565,0.5625
2021-03-01,Mexico,Mexico,-0.06878060625751631,-0.07897769316882189,0.09997692184977243,0.047251801902735174,0.296875
2021-03-01,NASDAQ,US,0.047449562910208215,0.03691509996857123,-0.09198164709336655,-0.04874930592834788,0.484375
2021-03-01,Netherlands,Netherlands,0.04954492701209945,0.018856975858168066,-0.0014074014873978512,-0.04142584123478993,0.5
2021-03-01,Philippines,Philippines,-0.03675873171862823,-0.08164825572976797,0.04614246722096675,-0.03285262873954742,0.359375
2021-03-01,Poland,Poland,-0.030146682505362118,-0.02902888681319596,0.01543430497269245,0.05411020171711031,0.59375
2021-03-01,Singapore,Singapore,5.231080653878527e-05,0.00043197817659348416,0.061723635043217095,0.05932550210810361,0.578125
2021-03-01,South Africa,South Africa,0.025771776528319242,-0.062041667296124564,0.11422400451666122,0.021789758663650113,0.515625
2021-03-01,Spain,Spain,-0.03318460875644367,-0.1051029240538044,-0.03248053557628725,-0.07383417183335646,0.46875
2021-03-01,Sweden,Sweden,0.018840677640889,0.00015198837190866926,-0.04186235499845184,-0.03831511642443379,0.53125
2021-03-01,Switzerland,Switzerland,0.05326811456581457,0.011559112373488337,-0.03153441553201754,-0.02255810753445362,0.328125
2021-03-01,Taiwan,Taiwan,0.02373945998093534,-0.005008891709848407,-0.16107965836358276,-0.00622795624179571,0.578125
2021-03-01,Thailand,Thailand,-0.048889882214258856,0.014031261228525316,0.12261756165284998,0.12136031548169715,0.4375
2021-03-01,Turkey,Turkey,-0.04389924759916598,-0.058557073806397034,-0.04602630287627407,-0.06791476031268118,0.546875
2021-03-01,U.K.,U.K.,0.021129625438101374,0.050117352257667766,0.03666663167404986,0.04511723983096369,0.453125
2021-03-01,U.S.,US,0.047449562910208215,0.03691509996857123,-0.06165893951867203,-0.011938029196306316,0.40625
2021-03-01,US SmallCap,US,0.047449562910208215,0.03691509996857123,-0.06765601811703235,-0.016554388425283062,0.5625
2021-03-01,Vietnam,Vietnam,-0.07476430056177054,-0.05789671523664751,-0.16830140683894668,-0.1925307772510798,0.34375
2021-04-01,Australia,Australia,-0.017855800182935262,-0.009446731065187277,-0.06089232878238722,0.05297751649931155,0.609375
2021-04-01,Brazil,Brazil,0.10597821498195152,-0.11122166967872077,-0.036732499114843366,-0.07386657193172247,0.390625
2021-04-01,Canada,Canada,0.009129752560644386,-0.001404082391948636,-0.11117802198549821,-0.022126410705814708,0.609375
2021-04-01,Chile,Chile,-0.06735279545986421,-0.07406779115952392,-0.11563535374596287,0.02806033961276218,0.84375
2021-04-01,ChinaA,China,-0.055477699212336085,-0.03897050724357517,-0.15057422858211503,-0.026715540657342423,0.65625
2021-04-01,ChinaH,China,-0.055477699212336085,-0.03897050724357517,-0.14766962606295983,-0.028170364967594477,0.5
2021-04-01,Denmark,Denmark,0.07219774010255547,0.07964638076880051,0.0031703000259590344,-0.039880975079488706,0.3125
2021-04-01,France,France,-0.028282972978927342,0.0033067918371355084,-0.10714672919265843,-0.044517500783903804,0.5
2021-04-01,Germany,Germany,0.07011924059401374,0.011985011767358021,-0.09525064774254355,-0.16329321928852467,0.625
2021-04-01,Hong Kong,Hong Kong,0.02159280901907122,0.012841988951059646,-0.060552424827540086,-0.016835507752802348,0.578125
2021-04-01,Indonesia,Indonesia,-0.002146992412236339,0.05914118903367595,0.07743543128787962,0.12746552493590346,0.421875
2021-04-01,Italy,Italy,0.03034243448040341,-0.031212454624688895,-0.07921522198205722,-0.06631678812904614,0.609375
2021-04-01,Japan,Japan,-0.066012164526104,-0.029784533679943773,-0.12804882963171918,0.02465378546291253,0.546875
2021-04-01,Korea,Korea,-0.04252486261691894,0.007727246428543878,-0.0715823348946319,0.022811735789107546,0.859375
2021-04-01,Malaysia,Malaysia,-0.07543043577946004,-0.010893195327252797,-0.17403565386110306,0.013398007710796127,0.390625
2021-04-01,Mexico,Mexico,-0.031864467515963904,0.0019446160297922274,-0.00266429789914786,0.02793985903152232,0.453125
2021-04-01,NASDAQ,US,0.052806598367615504,0.033151484358880975,-0.1035095455864331,-0.0821894068289535,0.46875
2021-04-01,Netherlands,Netherlands,0.04701206260844125,0.028877559904370128,-0.06965834271853619,-0.10074749566219984,0.484375
2021-04-01,Philippines,Philippines,-0.038184518364416116,-0.08069794183661784,-0.024434351832910293,-0.006344547147393666,0.4375
2021-04-01,Poland,Poland,-0.08786845209991193,-0.005354100545029972,-0.06340798773783489,0.07595848092512184,0.53125
2021-04-01,Singapore,Singapore,0.015714690020525765,-0.01380179513760269,-0.07152847412261197,-0.05370624864385996,0.53125
2021-04-01,South Africa,South Africa,0.07003464384474195,-0.011944489626013141,0.019206069747141136,0.023622361564745575,0.59375
2021-04-01,Spain,Spain,0.012277739419690396,-0.044287356395183414,-0.055220769410721085,-0.0676186914040452,0.578125
2021-04-01,Sweden,Sweden,0.0582092513237123,0.004357259311992906,-0.14219617094976064,-0.11259775324182554,0.5
2021-04-01,Switzerland,Switzerland,0.06052943389988176,0.027164139090437852,-0.08625682921842086,-0.095428988360618,0.09375
2021-04-01,Taiwan,Taiwan,-0.00017163695655188563,-0.010740494738840391,-0.14805124142328685,-0.06614362226771567,0.59375
2021-04-01,Thailand,Thailand,-0.04893992288130304,0.009437754854981231,0.08316607045757525,0.14142772785522326,0.359375
2021-04-01,Turkey,Turkey,-0.018127465024882227,-0.03751613867189812,0.022945561722401458,0.0548820123846063,0.546875
2021-04-01,U.K.,U.K.,-0.001401557476057842,0.02118278725244623,-0.009758843821496376,-0.013735039045670252,0.421875
2021-04-01,U.S.,US,0.07107744030020956,0.030321919181210747,-0.10645921931211591,-0.07864530421420354,0.34375
2021-04-01,US SmallCap,US,0.06528865871025796,0.01252489313191504,-0.09903622252656431,-0.07571933727491548,0.640625
2021-04-01,Vietnam,Vietnam,-0.041284738503280155,0.015153136426272102,0.030864179844900013,-0.004108855623215028,0.46875
2021-05-01,Australia,Australia,-0.028726189505909296,-0.01396784848897737,-0.0783935340532227,0.015724821399488605,0.515625
2021-05-01,Brazil,Brazil,0.022655269772066913,-0.060808150339664524,-0.030646814306016304,-0.08648767054128437,0.5
2021-05-01,Canada,Canada,-0.029897303004847713,-0.010529174711976895,-0.14595231734105354,-0.07161655778586457,0.546875
2021-05-01,Chile,Chile,-0.12367095931030704,-0.08677428326406687,-0.20918365419491808,-0.03498141731357181,0.8125
2021-05-01,ChinaA,China,-0.0784256712585846,-0.05444243637786403,-0.11931599773409506,-0.03804649428963585,0.5625
2021-05-01,ChinaH,China,-0.06754502440547586,-0.05437674961206165,-0.12589726934524495,-0.030005721005746486,0.390625
2021-05-01,Denmark,Denmark,0.06378858666677836,0.0673859953796951,-0.004120092610367407,-0.025969361796769133,0.28125
2021-05-01,France,France,0.03629575822147704,5.859170220693863e-06,-0.08253582358018964,-0.025794338081232052,0.5625
2021-05-01,Germany,Germany,-0.019398553148816767,0.014134986016591963,-0.08988315807573792,-0.1726654405676427,0.625
2021-05-01,Hong Kong,Hong Kong,0.035204118020964056,0.0049293801759799395,-0.07699051453321243,-0.029698990139993133,0.515625
2021-05-01,Indonesia,Indonesia,-0.025953708989900303,0.0824448207667854,0.05552244550913139,0.14102824919508367,0.296875
2021-05-01,Italy,Italy,0.03262672377464168,-0.02341315886686652,-0.06515078610959864,-0.0481344404963584,0.8125
2021-05-01,Japan,Japan,-0.040080035509780954,-0.011772770871051958,-0.06353770473259039,-0.010708831279724622,0.53125
2021-05-01,Korea,Korea,-0.02446893873727176,-0.020706868593054116,-0.06869854757566474,-0.022106153605999823,0.90625
2021-05-01,Malaysia,Malaysia,-0.06875674437406219,-0.0036374152648333434,-0.13814328413192203,-0.012148467922607653,0.359375
2021-05-01,Mexico,Mexico,-0.06873359772987421,-0.04468589186097853,-0.04844427415293562,-0.03132988738993435,0.609375
2021-05-01,NASDAQ,US,0.0629252954342915,0.01252489313191504,-0.08167802828900561,-0.08458040174293087,0.40625
2021-05-01,Netherlands,Netherlands,0.04101857519128736,0.03263302492867809,-0.05312639791514111,-0.07184496613456323,0.53125
2021-05-01,Philippines,Philippines,-0.04885490934150495,-0.07124570469245242,-0.034021631409611945,0.0015272856954993558,0.40625
2021-05-01,Poland,Poland,-0.0652880230778798,-0.016393542132598242,-0.03286097004666702,0.024805634163799658,0.546875
2021-05-01,Singapore,Singapore,0.020958098758589103,-0.030442275374011816,-0.0912122673586635,-0.07058363262175822,0.59375
2021-05-01,South Africa,South Africa,0.013252354595024454,-0.04968741887717819,-0.0058534190155358976,0.018825020395025174,0.625
2021-05-01,Spain,Spain,0.002268437646040884,-0.033990698632523395,-0.04495121375956501,-0.06554100923561333,0.640625
2021-05-01,Sweden,Sweden,0.043743120775366184,-0.002823887296006757,-0.10507623101410837,-0.1468641430272435,0.5625
2021-05-01,Switzerland,Switzerland,0.05157137083979922,0.04682279127318094,-0.08574350772461557,-0.04867635843053944,0.125
2021-05-01,Taiwan,Taiwan,0.0067709439686007376,-0.029339616904626914,-0.13219878106805416,-0.03840438424661759,0.5625
2021-05-01,Thailand,Thailand,-0.04177295065944994,0.01641321287430086,0.09921741861237282,0.1268530382537419,0.359375
2021-05-01,Turkey,Turkey,-0.0607738346936329,-0.03336158028571331,-0.0951126632309216,-0.017696984896746856,0.515625
2021-05-01,U.K.,U.K.,0.012472597381403987,0.026642158260631755,-0.029122745991426696,-0.023510748662333082,0.484375
2021-05-01,U.S.,US,0.0629252954342915,0.01252489313191504,-0.10740177417857498,-0.07889795521274766,0.28125
2021-05-01,US SmallCap,US,0.06820378916331636,0.015327880445231139,-0.09929340972700655,-0.0857851961597726,0.625
2021-05-01,Vietnam,Vietnam,-0.02469629756246912,0.02100084132689812,0.003723193027601754,-0.0217325542499923,0.40625
2021-06-01,Australia,Australia,-0.052815134764141486,-0.016648205430722082,-0.10504705787187996,-0.008543029261118513,0.546875
2021-06-01,Brazil,Brazil,-0.016532409774988807,-0.05137489515976788,-0.06319677380124822,-0.08589795754753264,0.421875
2021-06-01,Canada,Canada,-0.01807722458193612,-0.010302938654447601,-0.18782943191662388,-0.07422630188942375,0.59375
2021-06-01,Chile,Chile,-0.04464516430925716,-0.042690249086583226,-0.14939391508102567,0.048253924883963725,0.75
2021-06-01,ChinaA,China,-0.08546423233185697,-0.02877502354979837,-0.1524983947797388,-0.02312333256765029,0.53125
2021-06-01,ChinaH,China,-0.08237295279806574,-0.02877502354979837,-0.13760790046396584,-0.022564229756656222,0.40625
2021-06-01,Denmark,Denmark,0.05476529414228999,0.08526679887221958,-0.04727862991584242,-0.008825554361638118,0.265625
2021-06-01,France,France,-0.02511200615983407,-0.0071171739697409205,-0.1248651555944336,0.0006648124085571923,0.625
2021-06-01,Germany,Germany,-0.030318202739736972,-0.03140092052455962,-0.08866531637433464,-0.16278486489437038,0.46875
2021-06-01,Hong Kong,Hong Kong,0.03916556995132536,0.017420073317754428,-0.07836843254052912,-0.003309595835653551,0.734375
2021-06-01,Indonesia,Indonesia,-0.05610845625433972,0.0571175107081648,0.03349221200809803,0.10718849405931773,0.296875
2021-06-01,Italy,Italy,0.00010532476384125973,-0.019874342499769555,-0.08375673086974506,-0.04365247016694583,0.765625
2021-06-01,Japan,Japan,-0.05640346417852132,0.0008672046458763367,-0.0924892545291192,-0.019392475887240565,0.484375
2021-06-01,Korea,Korea,-0.027589845116392522,-0.020706868593054116,-0.08093685793014876,-0.027928063092062826,0.890625
2021-06-01,Malaysia,Malaysia,-0.0661556201444176,-0.05179861917286062,-0.07991907310433376,0.020954254632768454,0.375
2021-06-01,Mexico,Mexico,-0.04093478718614517,-0.054715027126260946,-0.08961265918185837,-0.03988237525967488,0.578125
2021-06-01,NASDAQ,US,0.011289041248946124,0.02637492967279904,-0.05616817755644288,-0.10440010566560232,0.421875
2021-06-01,Netherlands,Netherlands,0.04590533420366605,0.013543506325168198,-0.08903639006104579,-0.06671733764317875,0.53125
2021-06-01,Philippines,Philippines,-0.06277542841601644,-0.04113090017927441,-0.15158970923713838,-0.03864430780497147,0.390625
2021-06-01,Poland,Poland,-0.108521932462097,-0.03545022370000668,-0.054153881018070574,-0.06708480346795147,0.53125
2021-06-01,Singapore,Singapore,-0.02946866767153645,-0.030227071671197547,-0.11644827568068891,-0.06337644800484646,0.71875
2021-06-01,South Africa,South Africa,-0.04762505939458632,-0.04753306833065492,-0.0359028683696762,-0.0047348672169007676,0.640625
2021-06-01,Spain,Spain,-0.023502834134102018,-0.02230135500061646,-0.07810457742374187,-0.03926398226626904,0.609375
2021-06-01,Sweden,Sweden,0.004692232714672444,0.010614922652826549,-0.1276669441554369,-0.10120080798621818,0.546875
2021-06-01,Switzerland,Switzerland,0.025798477109241495,0.050893900683792875,-0.09547712395055796,-0.08227856652295176,0.15625
2021-06-01,Taiwan,Taiwan,0.0022135606006745967,-0.029339616904626914,-0.1494240131432716,-0.0453231618649447,0.609375
2021-06-01,Thailand,Thailand,-0.04584857823726478,0.06343042079020442,0.026587231983973312,-0.0006274926911002485,0.296875
2021-06-01,Turkey,Turkey,-0.06121903792709693,-0.05902821272806616,-0.11345686809684272,-0.06370436989152739,0.515625
2021-06-01,U.K.,U.K.,0.0029428309248573196,0.01652544174079287,-0.07343561680637815,-0.031215971736193723,0.5
2021-06-01,U.S.,US,0.011289041248946124,0.01252489313191504,-0.10036269978394034,-0.09715914576356985,0.328125
2021-06-01,US SmallCap,US,0.016567534977970998,0.015327880445231139,-0.09226882129645654,-0.1035276067836468,0.609375
2021-06-01,Vietnam,Vietnam,-0.0440871035437093,0.014593711742942474,0.017209645813752648,-0.010059354321982456,0.359375
2021-07-01,Australia,Australia,-0.023725074838627222,0.01548526643773029,-0.11615540181404446,-0.03594800251548311,0.515625
2021-07-01,Brazil,Brazil,-0.027724287272078037,-0.13076807189883963,-0.08066708530048214,-0.15770167704475474,0.5
2021-07-01,Canada,Canada,0.03435322243279394,0.013493645512695648,-0.06758791291778345,-0.015514353782051541,0.5625
2021-07-01,Chile,Chile,-0.06731902634759279,-0.10167628161437184,-0.1838735717848763,-0.04605067679603356,0.640625
2021-07-01,ChinaA,China,-0.07775515126724736,-0.06179877237360576,-0.06422134503738913,-0.07826626518027291,0.484375
2021-07-01,ChinaH,China,-0.07775515126724736,-0.0589634305010778,-0.051138076925679746,-0.0816216214474441,0.375
2021-07-01,Denmark,Denmark,0.06210963115880101,0.09241035205079061,0.00023782574679844827,0.06160115945585848,0.34375
2021-07-01,France,France,0.03562249999704596,0.006963750513828002,-0.15295852535646354,0.023829201445288665,0.609375
2021-07-01,Germany,Germany,0.0076211345306481555,-0.03744897047789189,0.021140940366660893,-0.03126522188780305,0.515625
2021-07-01,Hong Kong,Hong Kong,0.014695461365552439,-0.0069776991759279965,0.1828185638973567,0.06726249776533784,0.578125
2021-07-01,Indonesia,Indonesia,-0.029246870739553597,0.02376661603063433,0.007297632759260271,0.05970890619567944,0.296875
2021-07-01,Italy,Italy,0.014336323750511148,-0.08194656496569132,-0.10304494885046202,-0.024961555060478778,0.71875
2021-07-01,Japan,Japan,-0.06846330835235484,-0.015810082461742474,-0.12784871365214498,-0.06428456629634083,0.484375
2021-07-01,Korea,Korea,0.011345534638943944,-0.04520017474046781,-0.0973107476169794,-0.055608739926020334,0.875
2021-07-01,Malaysia,Malaysia,-0.07473172998820046,-0.059714080046954665,-0.04663956274312954,-0.05332079754976826,0.390625
2021-07-01,Mexico,Mexico,-0.06678744604109783,-0.06767833399107878,-0.14182074487792387,-0.02118293656992361,0.640625
2021-07-01,NASDAQ,US,0.08806390840398806,0.05643254681177423,-0.06781758837972153,-0.0699220772931458,0.265625
2021-07-01,Netherlands,Netherlands,0.050578102438303144,0.05888911583842349,-0.02468331351303724,-0.01717270822267105,0.484375
2021-07-01,Philippines,Philippines,-0.03990929586027206,-0.04517786007361599,-0.11163302126466633,-0.02059470033535174,0.375
2021-07-01,Poland,Poland,-0.02977927480767289,-0.016741328748715194,0.013328227390872784,-0.07424630976038167,0.671875
2021-07-01,Singapore,Singapore,0.03492657650105259,-0.022951060850844973,0.028197008799827814,-0.03018748516431291,0.671875
2021-07-01,South Africa,South Africa,-0.04689271032946507,-0.043396159578813556,0.10315553593210433,0.014145586551844027,0.71875
2021-07-01,Spain,Spain,0.05442292965107319,-0.03016391868565153,-0.06868722238552782,0.0019173587043362743,0.6875
2021-07-01,Sweden,Sweden,0.016582799367607377,0.06893699051342202,0.01437998838496557,-0.025494454508514463,0.578125
2021-07-01,Switzerland,Switzerland,0.04427526199296923,0.06477914720668536,0.06375148714738724,-0.004073728569601097,0.171875
2021-07-01,Taiwan,Taiwan,-0.007220687633444265,0.03300903439084647,0.1317307797799265,0.07977303074503632,0.609375
2021-07-01,Thailand,Thailand,-0.031421068682169956,0.03703786248785805,0.019308162146753037,0.00814983485401366,0.28125
2021-07-01,Turkey,Turkey,-0.03117818037660675,-0.0883096159563466,-0.18566976592900133,-0.10790930755399467,0.515625
2021-07-01,U.K.,U.K.,-0.005705119132436563,0.02603679264309112,0.13729574455768773,0.01243924874253231,0.609375
2021-07-01,U.S.,US,0.09484133132537642,0.05643254681177423,-0.085884987062781,-0.04619797624396782,0.28125
2021-07-01,US SmallCap,US,0.09572660123203663,0.05643254681177423,-0.08505723767998469,-0.05214121938739767,0.578125
2021-07-01,Vietnam,Vietnam,-0.04725641395322398,0.020908865025608642,0.024034717876089257,0.031771655322754236,0.46875
2021-08-01,Australia,Australia,0.0462800532791313,0.02198744937602366,-0.11574440138579929,-0.04352119143362916,0.5
2021-08-01,Brazil,Brazil,0.015029210550891875,-0.1308049609697885,-0.0571529842842704,-0.21752797667399582,0.4375
2021-08-01,Canada,Canada,0.05861133896981059,0.05202366112369497,-0.04890231321820128,-0.03172085269139399,0.578125
2021-08-01,Chile,Chile,-0.06275334502267267,-0.06042033885855087,-0.1436370279950591,-0.05261795373121943,0.46875
2021-08-01,ChinaA,China,-0.11244577035077326,-0.04347496868524106,-0.017834745587085837,0.018105015397434775,0.46875
2021-08-01,ChinaH,China,-0.11367730192838275,-0.04535566051741659,-0.01958094347818789,0.0179153772948972,0.40625
2021-08-01,Denmark,Denmark,0.07665512904843884,0.12133765103962282,-0.03482633378589707,0.05749048479128721,0.3125
2021-08-01,France,France,0.0219368744011355,0.012196093700105753,-0.09902236411310718,0.04871206477714665,0.578125
2021-08-01,Germany,Germany,-0.01731245450213137,-0.006933296202207364,0.05558851035417456,-0.02123545618114275,0.46875
2021-08-01,Hong Kong,Hong Kong,0.00025628667241043256,0.040798929804415615,0.15834812082899288,0.053410004751119455,0.65625
2021-08-01,Indonesia,Indonesia,-0.03247578157258747,-0.07535884372039034,-0.18006921179744387,-0.15025831672516848,0.25
2021-08-01,Italy,Italy,-0.019109883729204483,-0.04739931978533905,-0.07110815242657283,-0.02862793845373127,0.71875
2021-08-01,Japan,Japan,-0.056619023542051616,-0.03567866253641367,-0.15406542620326577,-0.04725123833622524,0.5625
2021-08-01,Korea,Korea,-0.03506250468847566,-0.05553047118824608,-0.08230956841177572,-0.0494606863251964,0.875
2021-08-01,Malaysia,Malaysia,-0.04440892852168757,-0.06251317574455428,-0.010009311912526986,-0.08048975814975746,0.375
2021-08-01,Mexico,Mexico,-0.048657709062055035,-0.06899912028742236,-0.1464963451024567,-0.022228445697105637,0.625
2021-08-01,NASDAQ,US,0.09633607040368751,0.08101742859202862,-0.05081999193676673,-0.0665396648971609,0.390625
2021-08-01,Netherlands,Netherlands,0.09167854981506902,0.03971559356735632,3.696333303253828e-05,0.004332682526255361,0.515625
2021-08-01,Philippines,Philippines,-0.03355238291811079,-0.015032545948355396,-0.08458640312882523,-0.027000049910196708,0.453125
2021-08-01,Poland,Poland,-0.005086814766471232,-0.04545378056967572,0.04683474504367796,-0.10223868039981603,0.59375
2021-08-01,Singapore,Singapore,0.03100311842957088,0.0039999842811971175,-0.0036478524767493657,-0.04192744687707535,0.703125
2021-08-01,South Africa,South Africa,0.04303336329902778,-0.047507936757922295,0.10068193041961127,-0.006399508883569628,0.5625
2021-08-01,Spain,Spain,0.049995992722508265,-0.04647293273978234,-0.04770017212121988,0.014764869177551408,0.71875
2021-08-01,Sweden,Sweden,0.01599294017547784,0.019912309483180905,-0.01978467162916599,-0.028652374572092448,0.53125
2021-08-01,Switzerland,Switzerland,0.050695718647469176,0.05066368330500061,0.060231245778256504,-0.00469940463964911,0.203125
2021-08-01,Taiwan,Taiwan,0.00889489441064915,0.03133518515576478,0.14676919188391532,0.04968162799474597,0.546875
2021-08-01,Thailand,Thailand,0.01096337863263051,0.036003968433045555,0.0195852845933788,0.0362904136420851,0.28125
2021-08-01,Turkey,Turkey,-0.06672359935449122,-0.07237347749580161,-0.12777986067673466,-0.09446449353302279,0.515625
2021-08-01,U.K.,U.K.,0.045091816702296075,-0.013223641717966464,0.0917020394742786,-0.000761056527098956,0.640625
2021-08-01,U.S.,US,0.10311349332507591,0.08101742859202862,-0.06464235589841541,-0.05350199912509618,0.359375
2021-08-01,US SmallCap,US,0.0747334594571601,0.05847283230057712,-0.062056474036627673,-0.06064943556609126,0.625
2021-08-01,Vietnam,Vietnam,-0.01967037459446268,0.004437059741434813,-0.004878910871976476,0.04333445831201124,0.578125
2021-09-01,Australia,Australia,0.0434990516624838,0.018484877858655976,-0.08514793329318503,-0.06460906189268918,0.40625
2021-09-01,Brazil,Brazil,-0.02103181410120429,-0.09181346904064497,-0.06628471311013319,-0.21997708112139344,0.625
2021-09-01,Canada,Canada,0.05861133896981059,0.04045900214377168,-0.0542461134164855,-0.03636733158150383,0.53125
2021-09-01,Chile,Chile,-0.04884698641531403,-0.07517042425513816,-0.1852353751115749,-0.08755839608424529,0.5625
2021-09-01,ChinaA,China,-0.06662085641939104,-0.09920891135420719,0.009589168403528376,0.013955050559104076,0.390625
2021-09-01,ChinaH,China,-0.06662085641939104,-0.09920891135420719,0.015473052690434162,0.017415125227600806,0.328125
2021-09-01,Denmark,Denmark,0.12327397056958961,0.09150096935095013,-0.02784558121998729,0.05237960794316371,0.390625
2021-09-01,France,France,-0.0237848004960949,0.008413461730215788,-0.10539607172909168,0.04140961053159757,0.5625
2021-09-01,Germany,Germany,-0.046376277580813585,-0.0014080762582313437,0.037655994231453604,-0.02654260365675026,0.421875
2021-09-01,Hong Kong,Hong Kong,0.0037370568116503466,0.02322599832503523,0.13050311607830284,0.02762404585717587,0.59375
2021-09-01,Indonesia,Indonesia,-0.05503265766028796,-0.01999904043082955,-0.022430857515368392,-0.017639947951721902,0.25
2021-09-01,Italy,Italy,-0.03996268098129034,-0.04739931978533905,-0.07518967093138604,-0.028404559316540005,0.734375
2021-09-01,Japan,Japan,-0.0525102765132371,-0.029181723642797395,-0.10152353612220848,-0.04605542147833487,0.515625
2021-09-01,Korea,Korea,-0.05418210413498674,-0.08029622346640865,-0.05509541281517315,-0.03979246875853227,0.90625
2021-09-01,Malaysia,Malaysia,-0.07297515087630649,-0.08014141801210435,-0.08005965078306086,-0.08549579485520398,0.390625
2021-09-01,Mexico,Mexico,-0.06035363110018323,-0.044762825348134014,-0.14453758655225657,-0.018916081726079476,0.671875
2021-09-01,NASDAQ,US,0.10399876323173612,0.08592587937733571,-0.03256520637016272,-0.03940909201523311,0.234375
2021-09-01,Netherlands,Netherlands,0.03451402857839614,0.05587768395057818,-0.007919317803078807,-0.015119286742463146,0.5625
2021-09-01,Philippines,Philippines,-0.04712116268487154,-0.05529395565625843,-0.13789973156473442,-0.09035335569532921,0.375
2021-09-01,Poland,Poland,0.004573569564969841,-0.03149471671410979,-0.02893782431554952,-0.04432906541822916,0.5625
2021-09-01,Singapore,Singapore,0.014125749847854786,0.0029330920582706452,-0.004180818408992797,-0.03425850466349217,0.78125
2021-09-01,South Africa,South Africa,0.03718141218032439,-0.034287515314356615,0.10080373745593979,0.01942023806077677,0.703125
2021-09-01,Spain,Spain,-0.005223596774494295,-0.03432543171924318,-0.05479663660874415,0.029726452287094727,0.6875
2021-09-01,Sweden,Sweden,-0.0038274484572945362,0.018046787035208976,-0.02166002451477895,-0.017911318015876032,0.53125
2021-09-01,Switzerland,Switzerland,0.0560981434578994,0.054450778199322494,0.03955780107818202,-0.004543973183676694,0.265625
2021-09-01,Taiwan,Taiwan,0.0170450253370193,0.04413695883297962,0.11700839015532702,0.0582778766744774,0.546875
2021-09-01,Thailand,Thailand,0.004287855862361764,0.06129463688570572,-0.007245867535173336,-0.012105867922849579,0.3125
2021-09-01,Turkey,Turkey,-0.06314239679791962,-0.05861202414088827,-0.10629260953705326,-0.05228080493018203,0.609375
2021-09-01,U.K.,U.K.,0.057962908590737244,-0.03690401056946575,0.0473617341874131,-0.015798846849083822,0.609375
2021-09-01,U.S.,US,0.10399876323173612,0.08418181888594164,-0.05465442837673652,-0.04103204395818284,0.328125
2021-09-01,US SmallCap,US,0.07730088803773287,0.06403744937473885,-0.05424114774714581,-0.0622903710231343,0.59375
2021-09-01,Vietnam,Vietnam,-0.01697998568307613,-0.004922405881027508,-0.015472620494300562,0.020347576390909353,0.515625
2021-10-01,Australia,Australia,0.04874362966310304,0.01722269539968335,-0.12650338093047422,-0.04646821614452813,0.484375
2021-10-01,Brazil,Brazil,-0.04279094741933542,-0.11829778432608905,-0.0969836862334587,-0.20602470312768742,0.6484375
2021-10-01,Canada,Canada,0.03071687094012607,0.028054094062511057,-0.04437441873277308,-0.025149944767702444,0.578125
2021-10-01,Chile,Chile,-0.0454527567633414,-0.050192155351372544,-0.15510191706669907,-0.06597813059174028,0.59375
2021-10-01,ChinaA,China,-0.012338940134311166,-0.016143802414143232,0.046590010720049896,0.02981627288943574,0.359375
2021-10-01,ChinaH,China,-0.014513258772120929,-0.01846588367480896,0.05466538152730098,0.04393075125974133,0.3125
2021-10-01,Denmark,Denmark,0.0895868834041312,0.06749259408191238,0.010615973662073164,-0.013598235558563734,0.265625
2021-10-01,France,France,0.009626064919287091,0.005850225100945999,-0.14310156365037838,0.047100819906529076,0.6171875
2021-10-01,Germany,Germany,-0.013687366403149537,-0.016389558850790475,0.027243895652148905,-0.018026120957177177,0.421875
2021-10-01,Hong Kong,Hong Kong,0.053100030029552256,0.059007953702549784,0.14340756821149797,0.03164615572602977,0.578125
2021-10-01,Indonesia,Indonesia,-0.06348879132963453,0.019327102572746415,0.013042309956213104,0.0361486632280921,0.34375
2021-10-01,Italy,Italy,-0.03632460637253222,-0.058862379478936716,-0.08444269149348974,-0.02709318815769903,0.734375
2021-10-01,Japan,Japan,-0.05059856538267768,-0.009695436205232595,-0.13364305201309262,-0.04622513426739697,0.453125
2021-10-01,Korea,Korea,-0.04864814109858219,-0.020185875294377223,-0.04082515754773368,0.005556370421459768,0.84375
2021-10-01,Malaysia,Malaysia,-0.06384115313391538,-0.04768242026857454,-0.13620901253303386,-0.07387963668832082,0.390625
2021-10-01,Mexico,Mexico,-0.006186908468360792,0.021214171397637555,-0.048020312226371195,0.036811622942621636,0.859375
2021-10-01,NASDAQ,US,0.0861748876293476,0.0734241452012367,-0.049786545559757964,-0.014860359473522516,0.359375
2021-10-01,Netherlands,Netherlands,0.060599851008372896,0.04042959676512452,0.002469917957822962,0.014009698595771017,0.5625
2021-10-01,Philippines,Philippines,-0.0376298088092763,-0.037795263896510264,-0.15971638916952724,-0.05795199626210484,0.328125
2021-10-01,Poland,Poland,-0.050322495032719766,-0.06503870167757347,-0.09197284278965713,-0.07484302264515158,0.703125
2021-10-01,Singapore,Singapore,0.037272685728698546,0.016455061359063824,-0.006760888360964088,-0.043500898726560905,0.59375
2021-10-01,South Africa,South Africa,0.08876609401634139,-0.021518297726261883,0.11712169865497324,0.05227557482335732,0.5
2021-10-01,Spain,Spain,-0.02438918511582233,-0.029010359055426652,-0.07304754544850979,0.022194103823761833,0.703125
2021-10-01,Sweden,Sweden,0.003821929953982185,-0.016537187884120178,0.01782125665756945,-0.02335209315635526,0.4375
2021-10-01,Switzerland,Switzerland,0.08330983498154476,0.10350642760776445,0.1502709666609735,0.05626562179429022,0.1875
2021-10-01,Taiwan,Taiwan,0.03907819908380017,0.04489387249802812,0.24646202830932387,0.08335667928786393,0.5625
2021-10-01,Thailand,Thailand,0.007315768270225658,0.06709706328166568,0.03665077545250893,0.040398432996373454,0.359375
2021-10-01,Turkey,Turkey,-0.03951190815120598,-0.10830387065354782,-0.09831526093130723,-0.04563729495919494,0.59375
2021-10-01,U.K.,U.K.,0.060112729224648026,-0.017263983912862598,0.04331606351653085,-0.038690679729223354,0.6875
2021-10-01,U.S.,US,0.0996917993262212,0.09207003919741329,-0.06457227954122055,-0.01606540631454426,0.328125
2021-10-01,US SmallCap,US,0.07271546241436644,0.0734241452012367,-0.05692008973760862,-0.025076170021320954,0.609375
2021-10-01,Vietnam,Vietnam,-0.05374557045356776,0.0031236980296263806,-0.0676234018663406,0.06314728531998981,0.5
2021-11-01,Australia,Australia,0.03564244034398682,-0.009489063617194739,-0.08657601976874299,-0.05306203505098518,0.46875
2021-11-01,Brazil,Brazil,-0.1046892923324848,-0.004864195203359809,-0.19114014732456786,-0.2638175721210494,0.484375
2021-11-01,Canada,Canada,0.018610581157969826,0.03180423087584659,-0.018192450576806605,-0.039559476842498144,0.59375
2021-11-01,Chile,Chile,-0.04260094626276502,-0.02315125687530352,-0.09267603173814691,-0.0025674377869328363,0.609375
2021-11-01,ChinaA,China,0.005775153743634574,-0.0025604967354776334,0.09390113829099861,0.03251474220674977,0.375
2021-11-01,ChinaH,China,0.005775153743634574,-0.003308798871694253,0.11307358374619914,0.03756615648719913,0.34375
2021-11-01,Denmark,Denmark,0.12363445123425298,0.10817717870589252,-0.04010850724098837,0.0018232392215015783,0.28125
2021-11-01,France,France,0.04231792570251465,-0.03062196797178363,-0.106401742928432,-0.016889701701544108,0.640625
2021-11-01,Germany,Germany,0.028208352625764616,-0.023371528172045502,0.012889502384842981,-0.04769334316545598,0.53125
2021-11-01,Hong Kong,Hong Kong,0.02829734420355406,0.05393210989897897,0.1204036025017167,0.037476725909685565,0.53125
2021-11-01,Indonesia,Indonesia,-0.08068306712089161,-0.029862439916912224,-0.09598496524553048,-0.04977967291836234,0.265625
2021-11-01,Italy,Italy,-0.033098220053045344,-0.05998679930117563,-0.024127991279309095,-0.11920671090990323,0.84375
2021-11-01,Japan,Japan,-0.05101625073487301,-0.02072825139356156,-0.10097861946479196,-0.029118092488014405,0.53125
2021-11-01,Korea,Korea,-0.04727348235814029,-0.09245206601205518,0.010826875031383885,-0.13976494655469104,0.703125
2021-11-01,Malaysia,Malaysia,-0.07135772931224932,-0.0500483582614593,-0.17405464087920328,-0.0946321888001159,0.40625
2021-11-01,Mexico,Mexico,-0.0033563424486462564,-0.09331420661764352,-0.15595578021508846,-0.0840909431333052,0.703125
2021-11-01,NASDAQ,US,0.09673568387258284,0.11661865721859385,-0.02415856202274884,-0.0076159688785433005,0.296875
2021-11-01,Netherlands,Netherlands,0.0703313367284209,0.017522893337485912,0.022571085770514292,-0.007760470809423559,0.53125
2021-11-01,Philippines,Philippines,-0.04490119503660164,-0.026439224150838093,-0.19090480467527468,-0.0883851869526279,0.328125
2021-11-01,Poland,Poland,-0.05653999181642107,-0.06776236840469044,-0.08427561252480355,-0.24591048437439278,0.9375
2021-11-01,Singapore,Singapore,0.01984122383827097,0.002391091070853533,0.00844446630335817,-0.04484629665437133,0.71875
2021-11-01,South Africa,South Africa,-0.007948109341188506,-0.018122540732390717,0.11478739360077563,0.020994960343904034,0.484375
2021-11-01,Spain,Spain,0.020007611019398443,-0.040679548777966514,-0.04462807967245146,-0.01466034060716465,0.765625
2021-11-01,Sweden,Sweden,0.0691025321741222,0.03669869989987784,0.004297386801710655,0.011181087963216103,0.46875
2021-11-01,Switzerland,Switzerland,0.08871676101260811,0.08296914720704812,0.11493984793787321,0.02911677813705715,0.1875
2021-11-01,Taiwan,Taiwan,0.03446496743314083,0.04190061033779072,0.23288649541961412,0.07564246506067372,0.484375
2021-11-01,Thailand,Thailand,-0.0014979864321193852,0.058468143005882184,0.023030079326977263,0.026050692654668712,0.359375
2021-11-01,Turkey,Turkey,-0.05984404538360999,-0.021660311100614373,-0.07592296407720853,-0.020616758395332696,0.640625
2021-11-01,U.K.,U.K.,0.027749264948785487,-0.01581541024571959,0.01797510720620283,-0.055332707117969254,0.703125
2021-11-01,U.S.,US,0.09673568387258284,0.11661865721859385,-0.03902402755336372,-0.006130005445300695,0.34375
2021-11-01,US SmallCap,US,0.07713438582497219,0.09647428770739101,-0.026094438224615695,-0.0248865376791828,0.578125
2021-11-01,Vietnam,Vietnam,-0.040460407634030096,0.007220417632219856,-0.06701133755319028,0.03556557160198562,0.359375
2021-12-01,Australia,Australia,-0.022962491615845813,-0.0382767682124025,-0.007583188427812023,-0.05642690216619296,0.484375
2021-12-01,Brazil,Brazil,-0.01071969811409574,0.047131277049908354,-0.17979380242390125,-0.08111237721076495,0.34375
2021-12-01,Canada,Canada,0.055866850696014256,0.021752884493552758,-0.028070915316782755,-0.08457556209366873,0.65625
2021-12-01,Chile,Chile,-0.006920648290057178,-0.0003211878656374043,0.03719147638205399,0.08108345946780092,0.515625
2021-12-01,ChinaA,China,0.037722844106338416,-0.008096275189691873,0.08254599124097313,0.05012919287448729,0.375
2021-12-01,ChinaH,China,0.035548525468528644,-0.01394840136724543,0.09268142356352313,0.07793932465048412,0.328125
2021-12-01,Denmark,Denmark,0.09935101313677269,0.04871067626310886,-0.0016355109999130202,-0.009778300829714854,0.453125
2021-12-01,France,France,0.02503068629141456,-0.028382195026482065,0.06712612527763524,-0.040143379565385114,0.53125
2021-12-01,Germany,Germany,0.017735568619751216,-0.021045756633431306,-0.006099959386639641,-0.13371745942164392,0.546875
2021-12-01,Hong Kong,Hong Kong,0.015094025209422074,0.020156488926014043,0.005982471319984858,0.017247774174736715,0.625
2021-12-01,Indonesia,Indonesia,-0.07565289005715724,-0.028852828154245485,-0.07226348079670863,-0.05437916711294588,0.359375
2021-12-01,Italy,Italy,-0.022091251543734397,-0.07461446753972299,0.055516563008885564,-0.06545998014317944,0.703125
2021-12-01,Japan,Japan,-0.042627996379215174,-0.07327396430123485,-0.04545540146798113,-0.036339679251752605,0.515625
2021-12-01,Korea,Korea,-0.04536920026082249,-0.0932367196615058,0.018258812057041066,-0.08102097629178398,0.65625
2021-12-01,Malaysia,Malaysia,-0.053408194381340715,-0.06089954558489305,-0.1524725605041156,-0.11547352932861987,0.4375
2021-12-01,Mexico,Mexico,-0.016681312599027408,-0.10614661420759797,-0.05867493495861076,-0.08161476203217405,0.546875
2021-12-01,NASDAQ,US,0.08508998538210363,0.08830244508787467,-0.0031251813830663975,-0.0025331716502072985,0.4375
2021-12-01,Netherlands,Netherlands,0.04812802855302413,0.02955256957753728,0.016117430085025797,-0.020245066954093893,0.5625
2021-12-01,Philippines,Philippines,-0.05050903985439792,-0.022333474230901422,-0.1634336525892726,-0.09571442877798969,0.375
2021-12-01,Poland,Poland,-0.008565005213586026,-0.01613185530790391,-0.09816352111175752,-0.2538072791108151,0.765625
2021-12-01,Singapore,Singapore,-0.008339633790590531,-0.013042432101306331,-0.017727505549152336,-0.029736436965045583,0.671875
2021-12-01,South Africa,South Africa,0.06563914044542778,0.001851332074934717,0.08981956781431527,0.013416247349765445,0.484375
2021-12-01,Spain,Spain,-0.024947772749846685,-0.04783833751196642,0.08644714262652389,-0.06828910845498974,0.671875
2021-12-01,Sweden,Sweden,0.06757339179462857,0.05420548619024136,-0.024443927333994232,-0.08658397794632293,0.46875
2021-12-01,Switzerland,Switzerland,0.03096755425780522,0.049764063420480203,0.04990045881808439,-0.029446136523131945,0.328125
2021-12-01,Taiwan,Taiwan,0.06995846105377088,0.07614722411099865,0.19629741852631818,0.06250718535424864,0.484375
2021-12-01,Thailand,Thailand,-0.005174520818914491,0.030606745693888156,0.0018183339660084018,0.03325089392741849,0.328125
2021-12-01,Turkey,Turkey,-0.04338111246416139,-0.016590996624072585,0.001291655168084778,0.0738698435325238,0.53125
2021-12-01,U.K.,U.K.,0.019324594722978726,-0.023693978817898673,0.005861722054448008,-0.10097758753101888,0.734375
2021-12-01,U.S.,US,0.08508998538210363,0.0865583845964806,-0.018444762895456046,-0.005690479334394995,0.46875
2021-12-01,US SmallCap,US,0.026674706416164675,0.025219023149115328,-0.00713617704316448,-0.0176785042369723,0.53125
2021-12-01,Vietnam,Vietnam,-0.06055964977021554,-0.0041785401633400885,-0.05193846474931943,0.009282563620290049,0.578125
2022-01-01,Australia,Australia,-0.03797266872990986,-0.026397265984129815,0.018470495981768736,-0.04082599973527014,0.453125
2022-01-01,Brazil,Brazil,0.025480043867566093,-0.02654510050944459,-0.11892454938153964,-0.00531174859661848,0.328125
2022-01-01,Canada,Canada,0.0281338357217458,0.025283264782392973,-0.013365936476898415,-0.0752684298578698,0.640625
2022-01-01,Chile,Chile,0.012803637079128672,-0.013861229936878914,0.101525136538236,0.049019558830486726,0.53125
2022-01-01,ChinaA,China,0.023977878889747294,0.036039417545855726,0.04032195775999414,0.054618846668818874,0.375
2022-01-01,ChinaH,China,0.019745755448149816,0.03529111540963911,0.04521567229194283,0.06892645631166121,0.40625
2022-01-01,Denmark,Denmark,0.02289573605352591,0.05833518746535703,0.012516383846145833,-0.02012162951875248,0.40625
2022-01-01,France,France,0.023026478636634273,-0.019423567855678482,0.025088808270881596,-0.0040101996982221215,0.578125
2022-01-01,Germany,Germany,0.009848394021050408,-0.017972146132887758,0.0611807315138817,-0.05528272931815696,0.5
2022-01-01,Hong Kong,Hong Kong,-0.01826822360511545,0.02408042508170521,0.030629031422633433,0.018781335542819782,0.65625
2022-01-01,Indonesia,Indonesia,-0.09029575712578213,-0.058831919782345476,-0.009675018660388597,-0.0370066843723625,0.421875
2022-01-01,Italy,Italy,-0.03758255192132422,-0.06932202624622316,0.0676028182274785,-0.0636338825567609,0.6875
2022-01-01,Japan,Japan,-0.06100805844690116,-0.09627657346856042,-0.013121471546628686,-0.008684272514739579,0.5625
2022-01-01,Korea,Korea,-0.007853531571024745,-0.06332159695137916,0.03231571271149147,0.04162061525408561,0.546875
2022-01-01,Malaysia,Malaysia,-0.06928658317806796,-0.07690345945692935,-0.05799190491088278,-0.06457866724061138,0.453125
2022-01-01,Mexico,Mexico,-0.13619755358182772,-0.08750783384463608,-0.05000878090988581,-0.07185115472005307,0.484375
2022-01-01,NASDAQ,US,0.08219408382978237,0.0897917178121241,0.0170080715605514,0.014612503632350178,0.484375
2022-01-01,Netherlands,Netherlands,0.07543301527535316,0.029788373961912997,0.04049771826586558,-0.04098461291914801,0.5625
2022-01-01,Philippines,Philippines,-0.07348741945370614,-0.0656132344820111,-0.1081465516205888,-0.09465337261325485,0.484375
2022-01-01,Poland,Poland,-0.049404466037419534,-0.08822050021130674,-0.06404270330143685,-0.23702943155495465,0.703125
2022-01-01,Singapore,Singapore,0.01127162934706315,-0.0270161557084433,0.010474515738517737,-0.05605819193696586,0.65625
2022-01-01,South Africa,South Africa,-0.003722935791050007,-0.06755635900334643,0.02679104879954507,-0.07037024248435202,0.46875
2022-01-01,Spain,Spain,-0.015799620949487708,-0.04020673624983993,0.09165012074365445,-0.04837478964624996,0.578125
2022-01-01,Sweden,Sweden,0.10063022799876409,0.009148589876448236,0.02353489339915527,-0.016540819965269474,0.5
2022-01-01,Switzerland,Switzerland,0.07035996415478259,0.03573523655962722,0.04618804325055863,-0.0071286749975331635,0.390625
2022-01-01,Taiwan,Taiwan,0.08908635402989254,0.035246244160208134,0.1854495627216728,0.05752374272734548,0.53125
2022-01-01,Thailand,Thailand,-0.029897775107364327,-0.0122721739211713,-0.003052792435830937,0.008100004759789524,0.328125
2022-01-01,Turkey,Turkey,-0.012028061152799887,0.028381122808620613,0.09216169195262465,0.13209694398894312,0.5
2022-01-01,U.K.,U.K.,0.030057978692171205,-0.020780468611921767,0.034311648075320236,-0.05452572332432884,0.671875
2022-01-01,U.S.,US,0.09024804583481798,0.09211728242931476,0.001603976634782081,-0.018020747089595793,0.53125
2022-01-01,US SmallCap,US,0.03123603252009984,0.016173211846869474,0.017166203151628395,-0.010521753604929823,0.53125
2022-01-01,Vietnam,Vietnam,-0.0844542181769527,-0.03405754482500946,-0.03905183471829467,-0.04311045120240725,0.546875
2022-02-01,Australia,Australia,-0.04236446665399972,-0.030571416246396654,-0.04095323109955548,-0.03522371563476681,0.453125
2022-02-01,Brazil,Brazil,-0.014378451933212754,-0.04348936442187072,-0.24937905022543036,-0.0820852315812312,0.515625
2022-02-01,Canada,Canada,-0.01876401958353665,0.0031069904973761997,-0.024349820907204278,-0.08559725443354589,0.6875
2022-02-01,Chile,Chile,-0.014023646568764436,-0.05038998654642332,0.01997140863695566,-0.014281808159653228,0.421875
2022-02-01,ChinaA,China,0.06707894964825692,0.0531691669267588,0.05854775436961311,0.10713492154192904,0.40625
2022-02-01,ChinaH,China,0.07542573904598061,0.06308612518806549,0.059916063974522316,0.10778513864605756,0.359375
2022-02-01,Denmark,Denmark,0.03215449622664303,0.096834839610483,0.057500787704847844,-0.030594377095089453,0.453125
2022-02-01,France,France,-0.01626094826254995,-0.013827065660230063,-0.02478586058844156,-0.02021016286379766,0.625
2022-02-01,Germany,Germany,0.005377422042085233,-0.031775398983591496,0.01973538597765145,-0.07926985597271878,0.515625
2022-02-01,Hong Kong,Hong Kong,-0.01034720982350429,0.02545304862155078,0.022545800193802607,0.02291934066427125,0.578125
2022-02-01,Indonesia,Indonesia,-0.06748565398454665,-0.031802686925585036,0.1436083595974439,-0.02581568073343469,0.375
2022-02-01,Italy,Italy,-0.06238979319820828,-0.048615794460802664,0.027696490661086644,-0.05193090567035123,0.75
2022-02-01,Japan,Japan,-0.012758661586271706,-0.09245870399145563,0.036128444824139516,-0.08033667086508614,0.53125
2022-02-01,Korea,Korea,-0.10377101814851647,-0.05498781839356276,0.046367648418170176,-0.021178073563178745,0.59375
2022-02-01,Malaysia,Malaysia,-0.05154470621636155,-0.07043010006394543,-0.041220847451693035,-0.03740450150255721,0.4375
2022-02-01,Mexico,Mexico,-0.08090408885968164,-0.0340600296620639,-0.10150350048259768,-0.09773590983445221,0.671875
2022-02-01,NASDAQ,US,0.04071590299824128,0.02122020122704199,0.036559779101170475,-0.020479186353218173,0.390625
2022-02-01,Netherlands,Netherlands,0.014154840744356693,0.07777158444469087,0.04041336107029797,-0.036832186092972743,0.5
2022-02-01,Philippines,Philippines,-0.048770634376166674,-0.012244426915103655,-0.10276662666921929,-0.062399577270763104,0.453125
2022-02-01,Poland,Poland,-0.055230863392539034,-0.08321749145483603,-0.10031360460775533,-0.2502342234142694,0.734375
2022-02-01,Singapore,Singapore,-0.016422988026109503,-0.023383369421515088,0.011752323310877971,-0.06627719429540847,0.546875
2022-02-01,South Africa,South Africa,-0.020352041930336393,-0.06140516267926653,0.01173379802112626,-0.050152265536643065,0.421875
2022-02-01,Spain,Spain,-0.030300095171259752,-0.055036901557387816,0.0572744507184874,-0.06295363341916514,0.671875
2022-02-01,Sweden,Sweden,-0.023298547917969314,-0.0348577152001886,0.005685579025713145,-0.05203241108359698,0.453125
2022-02-01,Switzerland,Switzerland,0.08254189144262551,0.09156091968083517,0.12440152240415617,0.037431031440171625,0.421875
2022-02-01,Taiwan,Taiwan,0.04469908336127311,0.01031948204669178,0.16882992148901002,0.05051868941872471,0.421875
2022-02-01,Thailand,Thailand,-0.08360209407797524,-0.022495914373762183,0.01413159990537739,-0.005167588891995483,0.34375
2022-02-01,Turkey,Turkey,-0.05946494554636482,0.007117442830342744,0.016805344686446254,0.0394229621689359,0.53125
2022-02-01,U.K.,U.K.,0.027505544332501655,-0.012189484522795087,0.004707015992173753,-0.05381915922919378,0.71875
2022-02-01,U.S.,US,0.08922192390157178,0.07406460392053656,0.015370450112339378,-0.05373048579364427,0.53125
2022-02-01,US SmallCap,US,0.04501907973958705,0.036738139400647796,0.03231990559407745,-0.032354239744429775,0.4375
2022-02-01,Vietnam,Vietnam,-0.036660048363759475,-0.06481064530717527,-0.022911035441749654,-0.07526878318467276,0.546875
2022-03-01,Australia,Australia,0.005006176033839337,-0.04954684731780978,0.008896702062297802,-0.04896900379776667,0.34375
2022-03-01,Brazil,Brazil,0.0009095880525813779,-0.04105463336810389,-0.20295675616583783,-0.032750759703018634,0.46875
2022-03-01,Canada,Canada,0.01132148302018459,0.009078573978684532,-0.0211616237927287,-0.05701218949787672,0.640625
2022-03-01,Chile,Chile,-0.016172460715361915,-0.039787161472033594,0.0561416494624402,-0.004193412614237323,0.40625
2022-03-01,ChinaA,China,0.09150065294429248,0.010803916480780905,-0.0323969429264859,0.06604382194365802,0.390625
2022-03-01,ChinaH,China,0.09778963753822847,0.030383196383970464,-0.027061072744047877,0.05514218053212007,0.375
2022-03-01,Denmark,Denmark,0.04654005393513684,0.09532663200350476,0.02503209150563195,-0.026080998262877624,0.40625
2022-03-01,France,France,-0.027040061927541142,-0.038360694205659004,-0.045053297511160884,-0.10737330770752519,0.71875
2022-03-01,Germany,Germany,0.0066880939147444946,0.024322152934430626,0.05596980786498701,-0.058175175019821695,0.5625
2022-03-01,Hong Kong,Hong Kong,-0.015260396672097741,0.02970850566317795,0.053339897013136586,0.027529498499978027,0.515625
2022-03-01,Indonesia,Indonesia,0.07123916348628853,-0.04807873462946283,0.189978500450046,0.02675929405514912,0.390625
2022-03-01,Italy,Italy,-0.02982034859473173,-0.019950521882815726,-0.03524000816926148,-0.02945341732156086,0.75
2022-03-01,Japan,Japan,0.0074125346471920935,-0.09626629510943761,0.12620426858021697,-0.06061286986649887,0.546875
2022-03-01,Korea,Korea,-0.01026280244399402,-0.06065094667039381,0.09557474043971247,-0.02558072130750455,0.546875
2022-03-01,Malaysia,Malaysia,-0.009478175166660042,-0.012555083489442655,-0.032657208940117796,-0.05062238746054565,0.4375
2022-03-01,Mexico,Mexico,-0.0730210779562597,-0.0760740471444114,-0.15395358606135023,-0.1250538592085264,0.671875
2022-03-01,NASDAQ,US,0.05418805298256066,0.007660392603931247,0.05645064455410777,0.06151296106811294,0.359375
2022-03-01,Netherlands,Netherlands,-0.012948336582468745,0.10719791966751567,0.04724449074806546,-0.019881529104339032,0.34375
2022-03-01,Philippines,Philippines,-0.06881850303945766,-0.009713481959833573,-0.06124895287794245,-0.03283301844362853,0.5625
2022-03-01,Poland,Poland,-0.04165010633007267,-0.023119143849103074,-0.1812587007318185,-0.06553699411421657,0.84375
2022-03-01,Singapore,Singapore,-0.019853829580337108,-0.01971570635365267,0.00015284713221025252,-0.05312058580608538,0.609375
2022-03-01,South Africa,South Africa,-0.04811138471402791,-0.07752869242217077,0.06267832928665551,-0.027009977816816324,0.515625
2022-03-01,Spain,Spain,-0.029673036232005685,-0.017927193557580524,0.005052796585573187,-0.1493875176113972,0.640625
2022-03-01,Sweden,Sweden,-0.030508023216775326,0.01081423471960587,0.04379647692097721,-0.023885591940839994,0.4375
2022-03-01,Switzerland,Switzerland,0.048789857918619894,0.0648492236130297,0.040651074468885884,0.030915892080082333,0.5
2022-03-01,Taiwan,Taiwan,0.023724806679230475,0.005445615595744174,0.06927780214807856,0.029047826797548398,0.46875
2022-03-01,Thailand,Thailand,-0.035498689000784636,-0.03312783052210301,0.013167308830090589,0.035106551807962724,0.40625
2022-03-01,Turkey,Turkey,-0.049938822943912706,-0.07855914147239403,-0.02429507257619159,-0.01261491665281568,0.546875
2022-03-01,U.K.,U.K.,0.006927644415226784,-0.0057786366909266,0.020369327680806758,-0.048109233181452535,0.78125
2022-03-01,U.S.,US,0.05888557016059898,-0.0009357114739981277,0.05253574193980273,-0.024856542392415852,0.5
2022-03-01,US SmallCap,US,0.04980020461376032,0.022944963946719948,0.03939827555000608,0.03993724913971608,0.328125
2022-03-01,Vietnam,Vietnam,-0.04399824174595719,-0.04503013767707201,-0.05516697782224653,-0.07488395994023499,0.484375
2022-04-01,Australia,Australia,-0.024231445750245217,-0.09006517381593723,0.022502036201229942,-0.11379551459457186,0.46875
2022-04-01,Brazil,Brazil,0.004287208313426475,-0.04123891779856945,-0.16775951403777978,-0.05579690819118978,0.515625
2022-04-01,Canada,Canada,0.0002916014031411566,-0.0014627883177477322,0.02214616656252397,-0.03562423088263396,0.640625
2022-04-01,Chile,Chile,0.0015307048387433932,-0.048023364608454244,0.006400550554003313,-0.028108937986134855,0.40625
2022-04-01,ChinaA,China,0.12425541644203317,0.050820985683980927,-0.02044457343202971,0.07055707507110784,0.40625
2022-04-01,ChinaH,China,0.12248106974353568,0.07350140837363965,0.028711603469837973,0.0991927898717994,0.421875
2022-04-01,Denmark,Denmark,0.024233044623061233,0.06999248914670494,0.012485823839690192,-0.03901477529761045,0.421875
2022-04-01,France,France,-0.028152239007047976,0.011331058246185948,0.031957366165713055,-0.08670005051391527,0.609375
2022-04-01,Germany,Germany,-0.056566315228510786,0.1150504675257566,0.1603578820121971,0.06279609450611226,0.453125
2022-04-01,Hong Kong,Hong Kong,0.020422622988905074,0.025366298170462136,0.10125468972555132,0.037945383905842275,0.515625
2022-04-01,Indonesia,Indonesia,-0.08174303447553156,-0.05060146914073052,0.009603985307629199,-0.02330266412019228,0.578125
2022-04-01,Italy,Italy,-0.08096388498193863,0.02320966745645565,0.04626345187958175,-0.010234226329243876,0.671875
2022-04-01,Japan,Japan,-0.006198014266568545,0.052206894253690975,0.1771793013367467,0.05402550159257713,0.515625
2022-04-01,Korea,Korea,-0.016021785828787688,-0.04901815536060776,0.09953550863383231,-0.03595080734223253,0.546875
2022-04-01,Malaysia,Malaysia,-0.05638400877695858,-0.08118506137556594,-0.06598407883142592,-0.06789523329134116,0.59375
2022-04-01,Mexico,Mexico,-0.05483133299758179,-0.07718399516580768,-0.0976956108347512,-0.10189004863322886,0.625
2022-04-01,NASDAQ,US,0.08547423747771661,0.07020189354071596,0.06354048211255553,0.09105415974205447,0.34375
2022-04-01,Netherlands,Netherlands,-0.030776633450973073,0.12466880002323827,0.09947583221422379,0.030961986605064076,0.3125
2022-04-01,Philippines,Philippines,-0.08205826402184935,-0.021013493871445972,-0.11947276337379718,-0.011040991111208561,0.703125
2022-04-01,Poland,Poland,-0.06419670898989814,0.0015976647187750086,-0.155598112411577,-0.026012463826253777,0.671875
2022-04-01,Singapore,Singapore,-0.010047386147941196,0.05118005167307747,0.07112086810515708,0.0564425682916716,0.484375
2022-04-01,South Africa,South Africa,-0.046907278390901835,-0.07155013381926048,0.030691235662969742,-0.051950143799917164,0.53125
2022-04-01,Spain,Spain,-0.1077909019094742,-0.018007271226674865,0.01968329457719202,-0.15743865863746087,0.671875
2022-04-01,Sweden,Sweden,-0.03371768362787214,0.07990623040223525,0.11927979177769196,0.07087584543451052,0.3125
2022-04-01,Switzerland,Switzerland,0.014121988748975293,0.026848826189916426,0.06278638471787344,0.019821464782499368,0.46875
2022-04-01,Taiwan,Taiwan,0.04343615948080985,0.06466906546831973,0.0774965326581905,0.047991408545509595,0.453125
2022-04-01,Thailand,Thailand,-0.0320671766544944,-0.007514456064058904,0.0185035055594156,-0.03577886455226788,0.46875
2022-04-01,Turkey,Turkey,-0.03313985419454121,-0.05533036537672846,-0.06347611665228352,-0.04347692259171532,0.640625
2022-04-01,U.K.,U.K.,-0.08136336032401327,-0.012176362266494349,0.05038996905822277,-0.025685476210039707,0.78125
2022-04-01,U.S.,US,0.043966583959995864,0.03506335658958623,0.05864680470748844,0.04844816783376964,0.46875
2022-04-01,US SmallCap,US,0.03957873559119553,0.06486588767531248,0.05713526425893173,0.0815291919794222,0.359375
2022-04-01,Vietnam,Vietnam,-0.06158469155437392,-0.01806809629158095,-0.12319287751033244,0.02696195973546756,0.4375
2022-05-01,Australia,Australia,0.01993753798769621,-0.01778736917802153,-0.02718004873482533,-0.14315934818205397,0.53125
2022-05-01,Brazil,Brazil,-0.05891231656498115,0.02481502072928309,-0.2619799114042789,-0.10435818280638141,0.796875
2022-05-01,Canada,Canada,-0.005861873448750492,-0.01416697709231821,0.020638512331551666,-0.05409436984244917,0.640625
2022-05-01,Chile,Chile,0.004609206931461983,-0.022030744392299066,-0.0018478113654600559,0.057470444738970894,0.671875
2022-05-01,ChinaA,China,0.1471946396368088,0.15217583970331935,0.19147772741171498,0.19816898000194785,0.390625
2022-05-01,ChinaH,China,0.13928880595514984,0.1427050038199791,0.22141398151720568,0.199268091314853,0.4375
2022-05-01,Denmark,Denmark,0.034403011815438964,0.050450628711130624,-0.01626839937188599,-0.019732731890198914,0.375
2022-05-01,France,France,-0.030610858462073672,0.0362555203218278,0.12348977915941126,0.0036815530501499213,0.515625
2022-05-01,Germany,Germany,-0.004988234717370598,0.12833425481667654,0.1910077385463208,0.0874797820598923,0.421875
2022-05-01,Hong Kong,Hong Kong,0.09294023543192216,0.06673857536134034,0.11427665913527363,0.03646001765020257,0.546875
2022-05-01,Indonesia,Indonesia,0.07583572913999075,-0.07617221960544489,0.07210494963693925,-0.04398415190915127,0.5625
2022-05-01,Italy,Italy,-0.04857177551791199,-0.005566051972327707,0.11286635288643936,0.06464006980367823,0.640625
2022-05-01,Japan,Japan,-0.021748426633438005,0.1069284097643906,0.23730180169140633,0.13409503841661183,0.5625
2022-05-01,Korea,Korea,0.0489405491742142,0.07755833360889314,0.07893120862816311,-0.003001965062701786,0.53125
2022-05-01,Malaysia,Malaysia,-0.05967214725596166,-0.01729624426955256,-0.024660885012208665,-0.03861560539491573,0.546875
2022-05-01,Mexico,Mexico,-0.010691160154274973,-0.06728705719495941,-0.15242565763052862,-0.21060194066857127,0.703125
2022-05-01,NASDAQ,US,0.10677117120843775,0.10655314457610235,0.042026396628952925,0.06617519440056306,0.328125
2022-05-01,Netherlands,Netherlands,0.010250621161083849,0.15786074646764411,0.12371357910746347,0.098168095515107,0.203125
2022-05-01,Philippines,Philippines,-0.06396049906856889,-0.028057934115768457,-0.006907318834432579,-0.012969957480606437,0.671875
2022-05-01,Poland,Poland,-0.020802220943492454,0.021945646434850755,-0.10352967186791447,-0.030317189926015394,0.703125
2022-05-01,Singapore,Singapore,-0.03299212806587887,0.03778665262021631,0.06342542088435098,0.04297039468652589,0.46875
2022-05-01,South Africa,South Africa,0.00045256858287187965,-0.06125931378516766,-0.008361088833964778,-0.0617619864513619,0.671875
2022-05-01,Spain,Spain,-0.06880713228897081,0.013242443147705302,0.0818367766862561,-0.045498670105286354,0.5625
2022-05-01,Sweden,Sweden,-0.01576243461040035,0.10112923072437091,0.11714231665271993,0.07031880735246884,0.25
2022-05-01,Switzerland,Switzerland,-0.01907344232795944,0.11690899981423808,0.08556389914704039,0.04368651029946524,0.421875
2022-05-01,Taiwan,Taiwan,0.047696125746859636,0.09443448607458999,0.10127322045860386,0.04392821332606284,0.34375
2022-05-01,Thailand,Thailand,0.025723228872314947,-0.0442039235322913,0.04978364491388028,-0.08340066913977089,0.453125
2022-05-01,Turkey,Turkey,-0.011974832289025805,-0.06219439409454858,-0.09143971940205316,-0.004082923979245586,0.71875
2022-05-01,U.K.,U.K.,-0.08116912318755332,-0.019434090527106457,0.06226964770584084,-0.037131422988546284,0.671875
2022-05-01,U.S.,US,0.05228045307797889,0.05930772215426186,0.03893897789174057,0.03645894803045234,0.421875
2022-05-01,US SmallCap,US,0.037243712832396844,0.06356193656485672,0.03569885236393591,0.06439044334764114,0.359375
2022-05-01,Vietnam,Vietnam,-0.017394702656236195,0.013238120276326228,-0.15369729016010517,0.011004964759369379,0.375
2022-06-01,Australia,Australia,-0.03501315339188208,-0.009553262767970212,0.05387408576482611,-0.12846877557812655,0.6060606060606061
2022-06-01,Brazil,Brazil,-0.015907525687709426,-0.01629387466389433,-0.23637045451929015,-0.10924414320598114,0.7575757575757576
2022-06-01,Canada,Canada,-0.03811545072910337,-0.011397922020628308,0.053537017799088774,-0.006805531762170946,0.6515151515151515
2022-06-01,Chile,Chile,-0.0012638635142130563,-0.04155080368966102,0.03709903492128008,0.006310285098448387,0.6212121212121212
2022-06-01,ChinaA,China,0.17769669811013536,0.15572427854127135,0.16990386237960534,0.15967790946038876,0.36363636363636365
2022-06-01,ChinaH,China,0.1757082881056865,0.16484852284330154,0.20133963565699703,0.1614948647380594,0.40909090909090906
2022-06-01,Denmark,Denmark,0.019386644040275777,0.06206810685249055,0.02159814332125057,-0.011265090156098065,0.40909090909090906
2022-06-01,France,France,-0.011098185359200277,0.0005907201960900499,0.17188733004189694,-0.030025339989235646,0.5
2022-06-01,Germany,Germany,0.06537548392539155,0.09223834229481455,0.16239060546991507,0.08895101653154999,0.4393939393939394
2022-06-01,Hong Kong,Hong Kong,0.04592483934553575,0.04716834231990494,0.10423551741753082,0.0699325524907131,0.5757575757575757
2022-06-01,Indonesia,Indonesia,-0.0005609240696664818,-0.06868260990134324,0.08592184661304829,-0.05884605950018901,0.5757575757575758
2022-06-01,Italy,Italy,0.029783603951756586,-0.03408390302055767,0.12200408435267943,0.029356099815822514,0.5909090909090909
2022-06-01,Japan,Japan,0.0669220105744722,0.1726792756348269,0.2564984939726268,0.11130899167391439,0.5757575757575757
2022-06-01,Korea,Korea,0.08986072645324056,0.09080933651736153,0.07915189912220118,-0.0023593620975051023,0.5454545454545454
2022-06-01,Malaysia,Malaysia,-0.034377605266618955,-0.08346802617112879,-0.04954141151242747,-0.05997387782956831,0.6515151515151516
2022-06-01,Mexico,Mexico,-0.0015851368194776169,-0.051001475097836965,-0.16416936830916984,-0.19071346385620427,0.6060606060606061
2022-06-01,NASDAQ,US,0.14905349224699185,0.1172074696814174,0.05235392225173778,0.15933380031623057,0.2727272727272727
2022-06-01,Netherlands,Netherlands,0.06972117805828687,0.1296379649537153,0.12600670482612628,0.11542705442098614,0.2272727272727273
2022-06-01,Philippines,Philippines,-0.03096421554553873,-0.025892328279868967,0.14353227446731065,-0.006448494047241199,0.5909090909090908
2022-06-01,Poland,Poland,0.06868913068586024,0.1126345366335264,-0.0912186529318761,-0.06824422056825219,0.5454545454545454
2022-06-01,Saudi Arabia,Saudi Arabia,-0.034850115167376905,-0.021116063879301848,-0.07838365652440774,0.006772913047285407,0.5757575757575758
2022-06-01,Singapore,Singapore,0.005945274224786367,0.01171626529078033,0.06889229689920738,0.06302352197637272,0.5303030303030303
2022-06-01,South Africa,South Africa,-0.006572201637319037,-0.05781433234940553,0.03870672702663848,-0.053384120368046975,0.5454545454545454
2022-06-01,Spain,Spain,-0.015472809320230242,-0.02646463830424459,0.11244370027642059,-0.049604747317813946,0.5909090909090909
2022-06-01,Sweden,Sweden,0.06457795509757677,0.07815178687789588,0.10023708269534463,0.07416869574367241,0.2727272727272727
2022-06-01,Switzerland,Switzerland,0.025916044277309706,0.14797362189104205,0.1145819143469223,0.10616888878940955,0.42424242424242425
2022-06-01,Taiwan,Taiwan,0.0668078110707792,0.11450528749267083,0.10744287769437973,0.060581415057307755,0.3333333333333333
2022-06-01,Thailand,Thailand,0.020001347258926844,-0.10404775632715364,0.03533674818983716,-0.13634464428634818,0.4696969696969697
2022-06-01,Turkey,Turkey,-0.026923490854290123,-0.055874351475974235,-0.16958458416017838,-0.05443214587912773,0.8636363636363636
2022-06-01,U.K.,U.K.,-0.06301935238489259,-0.0032742874742276605,0.07815910686001004,-0.0228799133361903,0.7121212121212122
2022-06-01,U.S.,US,0.09170302551984867,0.08257999059918558,0.04860499985556466,0.14041230863438556,0.4393939393939394
2022-06-01,US SmallCap,US,0.0895287068820389,0.07521672686842058,0.041701442381312556,0.12530855035504201,0.3484848484848485
2022-06-01,Vietnam,Vietnam,-0.02028067721342579,0.000223904691544638,-0.10383506190470766,-0.017435067225063633,0.3787878787878788
2022-07-01,Australia,Australia,0.0674805789132403,0.002066326377094337,0.14370093937521447,-0.008422664660950792,0.5454545454545454
2022-07-01,Brazil,Brazil,-0.04371106596409189,0.034047680971315164,-0.22834620968935818,-0.12734011108021517,0.6212121212121212
2022-07-01,Canada,Canada,-0.0822292022737953,0.007150514521023313,0.0819288706381611,-0.007616643487300872,0.6515151515151515
2022-07-01,Chile,Chile,0.025090170737804007,-0.00509140689983186,0.0317897023437543,-0.007206347817237165,0.8484848484848485
2022-07-01,ChinaA,China,0.1478903671298018,0.12376549527464692,0.1111967658889967,0.12030293765405081,0.34848484848484845
2022-07-01,ChinaH,China,0.15845241219501704,0.16045290419796768,0.09909753502735898,0.09737022887188797,0.33333333333333337
2022-07-01,Denmark,Denmark,0.02631310953927228,0.1013015396993137,0.051722745798468986,0.053576107499434894,0.31818181818181823
2022-07-01,France,France,0.1047814404521459,0.059432409242314944,0.116680043516141,0.0019395143396834756,0.5151515151515151
2022-07-01,Germany,Germany,0.0342563132929744,0.09276279678391575,0.23149334849099346,0.03948264594473981,0.48484848484848486
2022-07-01,Hong Kong,Hong Kong,0.021459780497536628,0.0017951498156198176,0.11193728634879645,0.03576599580556909,0.5757575757575758
2022-07-01,Indonesia,Indonesia,0.0746068256850527,0.02334783016748175,0.1396068198771591,-0.007150015766037273,0.5909090909090909
2022-07-01,Italy,Italy,-0.018359579337858537,0.022748996280535484,0.07295943105188804,0.009736534417943738,0.6666666666666666
2022-07-01,Japan,Japan,0.17115732300684264,0.16831434083013735,0.2683217066812514,0.1937123708518905,0.5757575757575757
2022-07-01,Korea,Korea,0.01804439588581174,0.09651119623769336,-0.01135452669764388,-0.016381629282801236,0.5151515151515151
2022-07-01,Malaysia,Malaysia,-0.03822710387579794,-0.04686746072914403,-0.11392059779201943,-0.0431374288823955,0.696969696969697
2022-07-01,Mexico,Mexico,-0.048018333444272816,0.039733755911667785,-0.20119256728130927,-0.15696472303773554,0.6212121212121212
2022-07-01,NASDAQ,US,0.11649168443579401,0.131157416594753,0.06184656981219656,0.15564745019347107,0.18181818181818182
2022-07-01,Netherlands,Netherlands,0.1035703940054769,0.1539549716045038,0.14376038420884926,0.06324178095208936,0.19696969696969696
2022-07-01,Philippines,Philippines,-0.04849821046385837,-0.02966419868388722,0.004969207523408176,-0.03748291173736084,0.5757575757575757
2022-07-01,Poland,Poland,-0.027957641311712113,0.10656034166545064,-0.12705029222214348,-0.1369234939420481,0.5454545454545454
2022-07-01,Saudi Arabia,Saudi Arabia,-0.03637711333050218,-0.04058093085680902,-0.06221927938905667,-0.07541349338511903,0.5606060606060607
2022-07-01,Singapore,Singapore,-0.044604191374850034,-3.573076106175299e-05,0.1458816201042899,0.051014256410765346,0.5606060606060606
2022-07-01,South Africa,South Africa,-0.05420858337105297,-0.0173397821877646,0.0018080616710166482,0.005975498304614246,0.6363636363636364
2022-07-01,Spain,Spain,0.06075398383956342,0.02555792765971044,0.09433922651282477,-0.059029065207387765,0.696969696969697
2022-07-01,Sweden,Sweden,0.021901371657224736,0.09848513071891271,0.14385962408820518,0.015747754360211884,0.30303030303030304
2022-07-01,Switzerland,Switzerland,0.10419987755442747,0.16383046744335422,0.09604652858684978,0.10261370675080908,0.3333333333333333
2022-07-01,Taiwan,Taiwan,-0.024810148088966567,0.031378271392727336,0.1185499845021444,-0.02641165103045616,0.36363636363636365
2022-07-01,Thailand,Thailand,-0.005497447978121189,-0.037996136836557,0.023237776333574982,-0.1350238337729548,0.5454545454545454
2022-07-01,Turkey,Turkey,-0.07047797881208648,-0.004937018032891399,-0.07181320178801107,-0.0056665278143583795,0.9090909090909092
2022-07-01,U.K.,U.K.,-0.03949280636337298,0.004845802754367112,0.10535176203142244,-0.014009718609407997,0.696969696969697
2022-07-01,U.S.,US,0.11015331188735694,0.1396557288602117,0.07626365620818569,0.09823773530419191,0.3787878787878788
2022-07-01,US SmallCap,US,0.05374830393729546,0.0655413559533587,0.05635511584582192,0.09196254690133829,0.3484848484848485
2022-07-01,Vietnam,Vietnam,0.05868320776040827,0.02061922678055484,-0.05560261286320877,0.017665098747263512,0.25757575757575757
2022-08-01,Australia,Australia,0.010033319491726108,0.07624834021443656,0.06268338808732642,0.042373388845185204,0.5151515151515151
2022-08-01,Brazil,Brazil,-0.044859892920934445,0.01981192376213147,-0.20140415850386648,-0.07166366133279022,0.5606060606060606
2022-08-01,Canada,Canada,-0.01427820830652303,0.03277596479094146,0.06047531658152789,0.02580542419331497,0.6060606060606061
2022-08-01,Chile,Chile,0.029035504982445427,0.007856230665343295,0.06645076504214868,0.04417563292203382,0.6818181818181819
2022-08-01,ChinaA,China,0.06275906491243197,0.01966228922357688,0.15067674962341898,-0.004461006373164742,0.5151515151515151
2022-08-01,ChinaH,China,0.07228931107465066,0.05086234622787732,0.14947515812913295,0.0028416542931402836,0.5757575757575757
2022-08-01,Denmark,Denmark,0.09077210348791245,0.15683391615362122,0.04476602503348453,0.0945987911022606,0.303030303030303
2022-08-01,France,France,0.18943113326026131,0.14473291355825843,0.2066716748323692,0.14478171910894044,0.4393939393939394
2022-08-01,Germany,Germany,0.10025286695423209,0.12835931193562738,0.2701859128431422,0.09451638908760478,0.4696969696969697
2022-08-01,Hong Kong,Hong Kong,0.025947592027633866,0.027447010424528434,0.10335591628901729,0.032999586436911366,0.7878787878787878
2022-08-01,Indonesia,Indonesia,0.0740389872583084,-0.03689599333117618,0.08812962250398022,-0.011592192902458913,0.6060606060606061
2022-08-01,Italy,Italy,0.08040567704381453,0.05742947969394702,0.09943343302190435,0.08034689439410267,0.5303030303030303
2022-08-01,Japan,Japan,0.1887411825400267,0.16593579093516841,0.22124004862320598,0.18520074474281037,0.6212121212121212
2022-08-01,Korea,Korea,0.06186564020668781,0.051284416929351664,-0.054174626000160236,-0.009588335518369679,0.5151515151515151
2022-08-01,Malaysia,Malaysia,-0.0527438233888646,-0.07690084885035803,-0.14820857967972154,-0.07615300216986985,0.7424242424242424
2022-08-01,Mexico,Mexico,-0.09548774538751303,-0.06498806641332218,-0.28513809543868773,-0.12309628339987796,0.6363636363636364
2022-08-01,NASDAQ,US,0.12475115633212183,0.16341965664586158,0.09575787861622026,0.22567102637049297,0.12121212121212122
2022-08-01,Netherlands,Netherlands,0.1023657744640267,0.17523100125740826,0.12011402939569613,0.16280062097908835,0.16666666666666669
2022-08-01,Philippines,Philippines,-0.05170142121744809,-0.02354142660831486,0.04054973207946704,-0.02171935314403803,0.6818181818181819
2022-08-01,Poland,Poland,0.027156638315699554,0.10766052383451966,-0.043867208843679166,0.08771420904450328,0.5
2022-08-01,Saudi Arabia,Saudi Arabia,-0.021705173242429494,-0.04200070689521206,-0.08880135069809349,-0.0936814685967728,0.5606060606060607
2022-08-01,Singapore,Singapore,0.028103979126643253,0.03856733745149078,0.14112044051830813,0.08724644707834285,0.48484848484848486
2022-08-01,South Africa,South Africa,-0.08258621145956183,-0.04459403777203179,0.035069837151467796,-0.021302551099195238,0.6515151515151516
2022-08-01,Spain,Spain,0.038560362266660236,-0.005882588101364087,0.130389026909194,0.010206345485927212,0.7121212121212122
2022-08-01,Sweden,Sweden,0.10265341173444574,0.10801418891167212,0.07169821133784342,0.09243581205120062,0.21212121212121213
2022-08-01,Switzerland,Switzerland,0.10296603475423519,0.14887521777824747,0.09438423148152102,0.2201018625845661,0.3181818181818182
2022-08-01,Taiwan,Taiwan,0.030524288687570914,0.05583603837441046,0.1373371589517834,-0.006980656383274001,0.33333333333333337
2022-08-01,Thailand,Thailand,-0.05649118823225276,-0.03042146120583574,0.03013060770089069,-0.0839623811934096,0.5909090909090908
2022-08-01,Turkey,Turkey,-0.07911566155563457,-0.02244808018818249,-0.11826512741647893,-0.009992088598932993,0.803030303030303
2022-08-01,U.K.,U.K.,-0.04590568187423198,-0.014393143121541614,0.05587696125938773,0.02500669022056652,0.7424242424242424
2022-08-01,U.S.,US,0.11418389847203103,0.16604249783218442,0.1231231606884442,0.1962888052624752,0.36363636363636365
2022-08-01,US SmallCap,US,0.04762882984585092,0.06502478424593529,0.08139713267227179,0.09774448675248196,0.3181818181818182
2022-08-01,Vietnam,Vietnam,0.02024628229484421,0.006860158953412545,-0.10207348245394379,0.02465499921323064,0.3333333333333333
2022-09-01,Australia,Australia,0.01614285202875871,0.011032522059011585,-0.10498504875763938,-0.019220212564092495,0.5909090909090909
2022-09-01,Brazil,Brazil,-0.06641916863573384,0.023596359382770667,-0.1377633660672991,0.007521512201589699,0.7121212121212122
2022-09-01,Canada,Canada,-0.025815780261303822,0.0062122667009639875,0.026618918666252947,0.024545510181539103,0.6515151515151515
2022-09-01,Chile,Chile,0.033470821699889325,0.00728944662746109,-0.008984435184205027,0.025884077726381724,0.696969696969697
2022-09-01,ChinaA,China,0.09902424300073862,0.03108795202889452,0.14072601491140782,0.028938257259931398,0.42424242424242425
2022-09-01,ChinaH,China,0.10772496916996988,0.05426800136519063,0.13581670437627613,0.02394184891127519,0.4696969696969697
2022-09-01,Denmark,Denmark,0.0836208313632263,0.14726678021505948,0.032197595313382094,0.11097198271992803,0.36363636363636365
2022-09-01,France,France,0.05376541742171881,0.07720124613760677,0.10372819920038936,0.09766527286188563,0.5
2022-09-01,Germany,Germany,0.09639782321124515,0.14750047248967993,0.2127182339538885,0.11971035787321688,0.43939393939393945
2022-09-01,Hong Kong,Hong Kong,0.026526633767123872,0.02614745787477265,0.09659050429981485,0.04422919441352646,0.7121212121212122
2022-09-01,Indonesia,Indonesia,0.025104250300932857,-0.05641903223967395,0.01308212393100733,-0.054930730223820494,0.5909090909090909
2022-09-01,Italy,Italy,0.09397613562849112,0.10671537052048256,0.09724668071088365,0.07806269589153257,0.5757575757575757
2022-09-01,Japan,Japan,0.041648174514734036,0.1670912718755069,0.15959675482355937,0.14982734874891568,0.5757575757575757
2022-09-01,Korea,Korea,-0.028355500998202575,-0.002761586242927767,-0.09167448704833107,-0.024661225320011734,0.5454545454545454
2022-09-01,Malaysia,Malaysia,-0.02807991901191867,-0.056211083479198044,-0.02696532139632129,-0.030635489626126312,0.696969696969697
2022-09-01,Mexico,Mexico,-0.06131838074930242,-0.02388680210139782,-0.27694680960601736,-0.11298302633711091,0.6515151515151515
2022-09-01,NASDAQ,US,0.11817199048846877,0.16088487228983342,0.04002048039767593,0.17679326612822432,0.2121212121212121
2022-09-01,Netherlands,Netherlands,0.09554878835647909,0.1808107566609774,0.05858543265929913,0.16273313926422286,0.15151515151515152
2022-09-01,Philippines,Philippines,-0.0025268666392082324,0.04053940092709016,0.04602482155348911,0.06922754999541973,0.5151515151515151
2022-09-01,Poland,Poland,0.09715271357336004,0.15842663158301742,-0.10433364023736648,0.09318973294083974,0.5151515151515151
2022-09-01,Saudi Arabia,Saudi Arabia,-0.020992089900692994,-0.009888813769809171,-0.10226747707316114,-0.09200145027067115,0.5606060606060607
2022-09-01,Singapore,Singapore,0.004314375108234474,0.05745448873192139,0.13909635515898564,0.0623200774671878,0.5757575757575757
2022-09-01,South Africa,South Africa,-0.03344145915293487,-0.04424367662450746,0.04206704545927075,-0.017131651751960974,0.6666666666666667
2022-09-01,Spain,Spain,-0.0049817026515691434,0.07027818164890214,0.07111095152443722,0.03440104173147833,0.6515151515151515
2022-09-01,Sweden,Sweden,0.13073309509187278,0.11036421868690177,0.01344944803588479,0.058476353332336035,0.30303030303030304
2022-09-01,Switzerland,Switzerland,0.1276779468490379,0.1942644028341792,0.0967069570073034,0.2157525414822826,0.36363636363636365
2022-09-01,Taiwan,Taiwan,0.033088200243901966,0.06528162779750221,0.12036350655144448,-0.008567715305067171,0.28787878787878785
2022-09-01,Thailand,Thailand,-0.032700821090981755,0.02074582150391774,0.06442071575098433,0.09371382270540661,0.4696969696969697
2022-09-01,Turkey,Turkey,-0.09636642885301003,-0.07660494206319447,-0.1581577702140419,0.014788984469943997,0.6212121212121212
2022-09-01,U.K.,U.K.,-0.00760767523548906,0.06417715535505605,0.02438443432750676,-0.0034893659470924057,0.7424242424242424
2022-09-01,U.S.,US,0.1109480708986153,0.1692779565705287,0.0641920455295562,0.14715862249146433,0.4545454545454546
2022-09-01,US SmallCap,US,0.0189066699890729,0.08413863226429699,0.043560209080395845,0.10225821046269623,0.4393939393939394
2022-09-01,Vietnam,Vietnam,0.0415524960072271,0.0014137458026169513,-0.10366110999347652,0.022831790514290982,0.2727272727272727
2022-10-01,Australia,Australia,-0.03005611458303658,0.04478491418567259,0.0244752762627709,0.021284945581361944,0.5606060606060606
2022-10-01,Brazil,Brazil,-0.06515631860972212,0.03499124454767643,-0.0638623133828066,0.13117884750540917,0.8484848484848485
2022-10-01,Canada,Canada,0.015244914777502097,0.050911337640821605,0.03587522960963474,0.05330102842119473,0.6060606060606061
2022-10-01,Chile,Chile,0.03598968298720366,0.010865545359913733,0.0518229804493436,-0.014195076140890328,0.7424242424242424
2022-10-01,ChinaA,China,0.14294090430309822,0.12350770410095846,0.14517864602507582,0.11173837280770992,0.43939393939393945
2022-10-01,ChinaH,China,0.13422967669783348,0.11959300593581101,0.15426278772289323,0.07566534225190227,0.5
2022-10-01,Denmark,Denmark,0.14623840870615215,0.1851374392598464,0.04668582867841627,0.14859393090064077,0.28787878787878785
2022-10-01,France,France,0.09991923582562108,0.09824959430096636,0.08133702982810781,0.12038427758340733,0.46969696969696967
2022-10-01,Germany,Germany,0.09277521333457062,0.12921417184548184,0.20647300195355098,0.11414356714334302,0.4242424242424242
2022-10-01,Hong Kong,Hong Kong,0.029492197767689146,0.03544001564915095,0.11321133108070974,0.03723608685072001,0.7272727272727273
2022-10-01,Indonesia,Indonesia,0.0006646683373498219,-0.003974350478130545,0.06897740271251017,-0.04740805867444091,0.5606060606060607
2022-10-01,Italy,Italy,0.10576776108614559,0.10671537052048256,0.15135746944218412,0.07471010219665278,0.5454545454545454
2022-10-01,Japan,Japan,0.1760690746170775,0.19310786560172627,0.25032125307775044,0.17311142738591856,0.5
2022-10-01,Korea,Korea,-0.0012349861715787993,0.11348483512932363,-0.07679459879442879,0.031772754849365925,0.5606060606060607
2022-10-01,Malaysia,Malaysia,-0.024178108783571906,-0.014918931364585322,-0.1005908040508235,-0.03946587855206513,0.6515151515151515
2022-10-01,Mexico,Mexico,-0.06718729971645249,0.048449307091723064,-0.24281986382567966,-0.09634934695802079,0.5757575757575758
2022-10-01,NASDAQ,US,0.14625117134721688,0.16382256341120563,-0.026138492516725738,0.15938281127891035,0.24242424242424243
2022-10-01,Netherlands,Netherlands,0.11672824215280189,0.19487961867921977,0.06898462110482523,0.10952468846388617,0.15151515151515152
2022-10-01,Philippines,Philippines,-0.008305507511277824,0.0037393625584111034,-0.0074758211236434615,-0.02852236829285671,0.6212121212121212
2022-10-01,Poland,Poland,0.08763228452846315,0.1324644536593871,0.027350777960798392,0.17384250480338242,0.5151515151515151
2022-10-01,Saudi Arabia,Saudi Arabia,-0.04731704910850421,-0.044862669807896535,-0.12682638485150424,-0.13570588774169373,0.5606060606060607
2022-10-01,Singapore,Singapore,-0.014737922829843438,0.09451965206455633,0.14577815416628384,0.10624226323883762,0.5454545454545454
2022-10-01,South Africa,South Africa,-0.040054306525229996,0.004707240611756168,-0.027066015148766137,-0.012783798008302677,0.5909090909090909
2022-10-01,Spain,Spain,0.05620082944909726,0.08205132751128372,0.05107976490585587,0.041151625855870615,0.6060606060606061
2022-10-01,Sweden,Sweden,0.11486865507300163,0.16180891902121144,0.0736666838416707,0.06504356955885235,0.25757575757575757
2022-10-01,Switzerland,Switzerland,0.12786581270471278,0.18213203566093497,0.1468850484670357,0.20574871647750842,0.3484848484848485
2022-10-01,Taiwan,Taiwan,0.052845910571345495,0.10174547162117209,0.10469989573757503,0.04900856150734313,0.3181818181818182
2022-10-01,Thailand,Thailand,0.02964066337679299,-0.0015919890561824903,0.10976204190753933,0.07399373319337658,0.5303030303030303
2022-10-01,Turkey,Turkey,-0.11827167141018696,-0.04564649320131818,-0.1778798973566792,-0.0071474379369296254,0.9242424242424243
2022-10-01,U.K.,U.K.,0.006698672919190152,0.05343704974470983,0.028985324386298916,0.02675806917545146,0.6818181818181819
2022-10-01,U.S.,US,0.1376467873594925,0.1579309065671072,-0.0069310259816307935,0.13038155303308577,0.393939393939394
2022-10-01,US SmallCap,US,0.0520769409669239,0.0902365578294918,-0.01690517665131626,0.11346526274376749,0.42424242424242425
2022-10-01,Vietnam,Vietnam,0.0317028779135461,0.005975981740197121,-0.08866854133845707,0.004164268721231308,0.28787878787878785
2022-11-01,Australia,Australia,0.10988367777708143,0.1474406407480155,0.0559356897987957,0.14169849852284638,0.5454545454545454
2022-11-01,Brazil,Brazil,-0.05516208119272753,0.01210139748178911,-0.1115389731875783,0.027158391227732115,0.7575757575757576
2022-11-01,Canada,Canada,0.051445951227484125,0.12276942209902561,0.10917556327316008,0.1267357700559551,0.5151515151515151
2022-11-01,Chile,Chile,0.02650596139904937,-0.02527359761925177,0.0730617404061696,0.003331139558557074,0.7727272727272727
2022-11-01,ChinaA,China,0.1970966304621432,0.17002287592296755,0.14079343774995756,0.14206356086008357,0.48484848484848486
2022-11-01,ChinaH,China,0.18611718877113964,0.16220271560827837,0.1474597544898668,0.1310818322909128,0.5606060606060606
2022-11-01,Denmark,Denmark,0.14345792310009267,0.17122081567106978,0.047800492555691416,0.23769282294464206,0.21212121212121213
2022-11-01,France,France,0.09861358473361964,0.1384983465405562,-0.030757384105149194,0.16041879040434345,0.4545454545454546
2022-11-01,Germany,Germany,0.10232136120898187,0.14944063953221792,0.1893936831600955,0.15511343417805495,0.4393939393939394
2022-11-01,Hong Kong,Hong Kong,0.031167458811274237,0.050489982810123624,0.1277375323154246,0.05563108260916282,0.7727272727272727
2022-11-01,Indonesia,Indonesia,-0.04799238778365228,0.00011190069259142156,-0.03745300426788968,-0.09668884336665964,0.5454545454545455
2022-11-01,Italy,Italy,0.07762669320204399,0.1384983465405562,0.08364763701365953,0.07132459977388492,0.5606060606060606
2022-11-01,Japan,Japan,0.19141294247318918,0.1362936312917156,0.2413018472328302,0.23335687107026767,0.5909090909090909
2022-11-01,Korea,Korea,0.09448751700744298,0.1675260052403158,-0.0007037012644672599,0.11608774917798814,0.5454545454545455
2022-11-01,Malaysia,Malaysia,0.10392679636696334,0.09765223901087028,-0.04511088561139669,0.02871436374398767,0.696969696969697
2022-11-01,Mexico,Mexico,-0.09010545944519263,-0.03933423996355175,-0.2686890621352853,-0.11073728457881904,0.5606060606060606
2022-11-01,NASDAQ,US,0.14700094730078225,0.16382256341120563,-0.004936317834845358,0.18908981788189227,0.18181818181818182
2022-11-01,Netherlands,Netherlands,0.09789256341917667,0.17772110378954922,0.08387694015863482,0.1672344956572803,0.13636363636363635
2022-11-01,Philippines,Philippines,0.08301650388967484,0.09956237385866516,-0.0005905123320789542,0.07441347084624195,0.5151515151515151
2022-11-01,Poland,Poland,0.07428264499424789,0.16638745400955296,0.015452751719931634,0.12082235679920544,0.5151515151515151
2022-11-01,Saudi Arabia,Saudi Arabia,-0.06202539844370513,-0.05883652318447505,-0.11851554006044325,-0.15213044832564004,0.5303030303030303
2022-11-01,Singapore,Singapore,0.06652080575392708,0.12936910724766204,0.14497023212347207,0.12997799734008042,0.6212121212121212
2022-11-01,South Africa,South Africa,-0.05465236847599539,-0.03525111347366821,-0.10634222335005344,-0.046577616096078946,0.6666666666666667
2022-11-01,Spain,Spain,0.06914125419010635,0.09606179413363326,0.03720544744489412,0.09217217179808525,0.6212121212121212
2022-11-01,Sweden,Sweden,0.10734003628133305,0.16954041902862518,0.10556972292230228,0.1495057227906068,0.25757575757575757
2022-11-01,Switzerland,Switzerland,0.10235108556240928,0.1613392598206066,0.0767144184146392,0.25222608130962787,0.36363636363636365
2022-11-01,Taiwan,Taiwan,0.06239864703925505,0.1145810700094243,0.13327061258182243,0.10306306856160931,0.3333333333333333
2022-11-01,Thailand,Thailand,0.031333128497096824,0.007101758121644479,0.12486461114184108,0.10060368873577123,0.5303030303030303
2022-11-01,Turkey,Turkey,-0.144838703380599,-0.07035436887948059,-0.20150880833103074,-0.016221040994055323,0.8636363636363636
2022-11-01,U.K.,U.K.,0.014788936881331321,0.0998266454587445,0.10198989990674888,0.06073445530686051,0.696969696969697
2022-11-01,U.S.,US,0.15034428557101956,0.18101237529893113,0.027106568207201802,0.20415302901615373,0.36363636363636365
2022-11-01,US SmallCap,US,0.10832500140232043,0.11683845896806612,0.007063972316742448,0.10636427164261122,0.40909090909090906
2022-11-01,Vietnam,Vietnam,0.0975630744638612,0.06987602022884765,-0.09732463442999068,0.0504376454877948,0.3787878787878788
2022-12-01,Australia,Australia,0.002144137078070962,0.03711780875284598,-0.027835132836864868,0.09698118831097445,0.5
2022-12-01,Brazil,Brazil,-0.040441822715275834,-0.016579807530594643,-0.051056705897916346,0.051041738138251705,0.9545454545454546
2022-12-01,Canada,Canada,0.04050823570182872,0.03172549029794904,0.046155896058925255,0.08942276956393155,0.5606060606060606
2022-12-01,Chile,Chile,-0.040750953076833255,-0.08316291235773937,0.04953957775603674,-0.009600526656955488,0.7272727272727273
2022-12-01,ChinaA,China,0.13482741098657997,0.12450842832470677,0.015709518928004443,0.062247084023780715,0.3939393939393939
2022-12-01,ChinaH,China,0.1453894560517952,0.1193472508505331,0.04137277627711258,0.05889933421748322,0.43939393939393945
2022-12-01,Denmark,Denmark,0.15275898571895932,0.19047893906875488,0.03519706432689569,0.19763517252929946,0.303030303030303
2022-12-01,France,France,-0.011108528982476086,0.10825246087407646,-0.11577023871807264,0.052512619163079415,0.48484848484848486
2022-12-01,Germany,Germany,0.07815744139515209,0.05570843923680593,0.06315298654326267,0.08960557224264981,0.5
2022-12-01,Hong Kong,Hong Kong,0.1403734531795068,0.15634395859815334,0.11513336034256733,0.11887709205631691,0.6060606060606061
2022-12-01,Indonesia,Indonesia,-0.07772827254130912,-0.10367725693729506,-0.11254228229922782,-0.12354082823601129,0.5151515151515151
2022-12-01,Italy,Italy,-0.05453224128031282,-0.033719600244342604,0.015091527645837504,-0.036392511102676266,0.6515151515151515
2022-12-01,Japan,Japan,0.17445371807705468,0.14116397161299982,0.18817720571594276,0.1412033474598381,0.5757575757575757
2022-12-01,Korea,Korea,0.0069460968458005985,0.09377398891289303,-0.10179191359642777,0.015809278082613724,0.6060606060606061
2022-12-01,Malaysia,Malaysia,0.0037138530553986852,-0.03173519457676829,-0.08250436763265583,-0.04925595639770046,0.6666666666666667
2022-12-01,Mexico,Mexico,-0.08320643473614263,-0.027743321030586125,-0.28529160124708547,-0.1282345991783151,0.6363636363636364
2022-12-01,NASDAQ,US,0.1695168427932619,0.16018742388745477,0.04281058737771501,0.17430652988330186,0.18181818181818182
2022-12-01,Netherlands,Netherlands,0.09677140706723937,0.14750766293439244,0.011727142500424953,0.17073927642854025,0.18181818181818182
2022-12-01,Philippines,Philippines,0.020753938005699177,0.013564708393711702,-0.10156043007797834,-0.002514520554870221,0.46969696969696967
2022-12-01,Poland,Poland,0.013048213570557589,0.07418937277841375,-0.013248780086194407,0.011277745423254297,0.5454545454545454
2022-12-01,Saudi Arabia,Saudi Arabia,-0.06076984237644742,-0.05237443286536762,-0.03703637731320463,-0.13457435863701567,0.5606060606060606
2022-12-01,Singapore,Singapore,-0.008206404126059939,0.10600559534810204,0.11635399415089025,0.11818858692335582,0.5606060606060606
2022-12-01,South Africa,South Africa,-0.04855193286146068,-0.06240131238798336,-0.1887159564605334,-0.09206854092999024,0.5909090909090908
2022-12-01,Spain,Spain,-0.07291555583356821,0.02061859804670603,-0.042101987947741615,-0.017122126542009015,0.7424242424242424
2022-12-01,Sweden,Sweden,0.14119951463808028,0.17543985482870297,0.023267745774967867,0.12546483878332987,0.3181818181818182
2022-12-01,Switzerland,Switzerland,0.11484430499497367,0.19534847738317973,0.06496333197543677,0.22903496900184805,0.30303030303030304
2022-12-01,Taiwan,Taiwan,0.10851396331762346,0.1410452217479167,0.13602057120930416,0.20803241605620743,0.2121212121212121
2022-12-01,Thailand,Thailand,-0.06617168603952205,-0.014690023579563609,-0.017853669077714067,0.01951065536681315,0.5606060606060607
2022-12-01,Turkey,Turkey,-0.0935176354633551,-0.06236521702984356,-0.09621026368797152,0.010749377647343112,0.8484848484848485
2022-12-01,U.K.,U.K.,-0.019754577572900466,0.017418622958710578,-0.009102542075687352,0.07451714835302385,0.6818181818181819
2022-12-01,U.S.,US,0.1545909089662672,0.15453616141681903,0.07490772354269519,0.16776147082409684,0.3484848484848485
2022-12-01,US SmallCap,US,0.10660643257549866,0.11600518627194967,0.04810524909438166,0.10410886327205778,0.4696969696969697
2022-12-01,Vietnam,Vietnam,0.09405292502993573,0.07242493235786278,-0.1330494221191779,0.04070341439284329,0.30303030303030304
2023-01-01,Australia,Australia,-0.012243852640723016,-0.04390702163460726,0.007604813835565672,-0.019779115552361573,0.5
2023-01-01,Brazil,Brazil,-0.04327942416565672,-0.041556627980347614,-0.009554300117563731,-0.030064267777195258,0.7878787878787878
2023-01-01,Canada,Canada,0.005344515770778758,0.027941738055934855,0.0025323502168631794,0.032374243195448675,0.5303030303030303
2023-01-01,Chile,Chile,-0.04939419152937538,-0.044302521551861644,-0.009575808909045788,-0.011956373556069051,0.7878787878787878
2023-01-01,ChinaA,China,0.039708030552899114,-0.0024171221923911437,0.10315607893445697,-0.017571616218978844,0.4696969696969697
2023-01-01,ChinaH,China,0.04777867234992319,-0.0068227854356295945,0.11793268697692594,-0.016231098518458345,0.48484848484848486
2023-01-01,Denmark,Denmark,0.06398971860490957,0.15712615605813593,0.05467953120294881,0.18101760785111526,0.2727272727272727
2023-01-01,France,France,-0.06784466639402856,-0.009267782473371232,-0.24058634567373952,-0.10671248500053973,0.45454545454545453
2023-01-01,Germany,Germany,-6.559513368505944e-05,0.055425510321090214,-0.018805826157582323,0.05249462069182446,0.5454545454545454
2023-01-01,Hong Kong,Hong Kong,0.10898924984989092,0.09508996742160847,0.08141216416906112,0.12762932336488866,0.7121212121212122
2023-01-01,Indonesia,Indonesia,-0.06469384487352661,-0.0679257790873065,-0.11760419680271997,-0.08535011299682906,0.5303030303030303
2023-01-01,Italy,Italy,-0.07309114199578859,-0.09057856183910652,-0.09139373599863114,-0.17168976748052744,0.6666666666666667
2023-01-01,Japan,Japan,0.0850961557652941,0.08847187738559201,0.16622849981542134,0.06857960104464811,0.5909090909090909
2023-01-01,Korea,Korea,-0.008409763072962687,0.07059988676593831,-0.03945962428271515,-0.010050944229401424,0.6212121212121212
2023-01-01,Malaysia,Malaysia,-0.047950561721465536,-0.06522652098454515,-0.11676075419276682,-0.05190639881433032,0.6818181818181819
2023-01-01,Mexico,Mexico,-0.07140771114814966,-0.08251994611994083,-0.2746510557049186,-0.1472034902647879,0.6060606060606061
2023-01-01,NASDAQ,US,0.17469383767400418,0.1250715737228354,0.04434611062407986,0.1323395831462676,0.13636363636363635
2023-01-01,Netherlands,Netherlands,0.03934000659181788,0.10150518106211566,-0.030604531432565578,0.12460650932161257,0.16666666666666669
2023-01-01,Philippines,Philippines,-0.06909810729993991,-0.06486605876912921,-0.062153150958721363,-0.07759120168663403,0.5151515151515151
2023-01-01,Poland,Poland,-0.0439423081394258,0.00486983632488712,-0.015941618904752416,-0.060448170412015646,0.5303030303030303
2023-01-01,Saudi Arabia,Saudi Arabia,-0.033111475829382384,-0.05843452145614152,-0.02583276254367469,-0.10023482093513783,0.4696969696969697
2023-01-01,Singapore,Singapore,-0.01955086547152004,0.013750148086893262,0.05418753173309035,0.05604846225118453,0.6666666666666667
2023-01-01,South Africa,South Africa,-0.049623683378434626,-0.07835667039624418,-0.16688656562109508,-0.049817496583608054,0.696969696969697
2023-01-01,Spain,Spain,-0.044087786442369145,-0.057621454881203904,-0.04168600288219693,-0.11378904484233782,0.7575757575757576
2023-01-01,Sweden,Sweden,0.06906150328669569,0.08895878563147469,0.07866996569752747,0.09929247940490646,0.25757575757575757
2023-01-01,Switzerland,Switzerland,0.07062834638719631,0.08250364423052481,0.052320686269313486,0.13621294361572153,0.22727272727272727
2023-01-01,Taiwan,Taiwan,0.10953036429457781,0.10810683434917114,0.13685334031742777,0.08744750314191177,0.21212121212121213
2023-01-01,Thailand,Thailand,-0.023330944110875697,-0.038261774576658705,0.042237395203607336,-0.02160482502022556,0.5606060606060606
2023-01-01,Turkey,Turkey,-0.08590259175717153,-0.03957809888707025,-0.0912147676395332,0.022898711056141982,0.9393939393939394
2023-01-01,U.K.,U.K.,-0.06338499501184064,0.0023075263936254455,0.02908078961590018,0.05425681572944784,0.6666666666666666
2023-01-01,U.S.,US,0.17803717594424148,0.14802947771422337,0.08184966118729249,0.12248745341385342,0.2878787878787879
2023-01-01,US SmallCap,US,0.11704260830236807,0.09139727635902688,0.05530450261671294,0.11263608234031149,0.3939393939393939
2023-01-01,Vietnam,Vietnam,0.09139236382643172,0.06543884263569567,-0.16453251441939337,0.016460165166330754,0.2727272727272727
2023-02-01,Australia,Australia,-0.05756565259185158,0.0012473922450796805,-0.05831418081808258,-0.07319187336663953,0.5909090909090909
2023-02-01,Brazil,Brazil,-0.03998965725344097,-0.06220253511665442,-0.030182909648563537,-0.0390150972394809,0.696969696969697
2023-02-01,Canada,Canada,0.04420300545802192,0.03477833487065666,0.025027293747577124,0.055662223786830146,0.5
2023-02-01,Chile,Chile,-0.09022862726566323,-0.049133820289817214,-0.07464571313307851,-0.06255890522574215,0.803030303030303
2023-02-01,ChinaA,China,-0.029126007376006013,-0.004150848460471719,0.07927875109596362,-0.04001760704304755,0.5
2023-02-01,ChinaH,China,-0.029126007376006013,-0.004150848460471719,0.09803193866265379,-0.030809192450682067,0.46969696969696967
2023-02-01,Denmark,Denmark,0.08835533228234128,0.15100672990279368,0.012496419538675635,0.14914177605371068,0.48484848484848486
2023-02-01,France,France,-0.11270198036384033,-0.02017019401550752,-0.3032955223527051,-0.08428765502229364,0.5
2023-02-01,Germany,Germany,-0.025688418873568368,0.05310398432746549,-0.06077600826897712,0.07393501670127088,0.4696969696969697
2023-02-01,Hong Kong,Hong Kong,0.0644358103606178,0.08515567362350054,0.07655788304788538,0.13626647148549872,0.803030303030303
2023-02-01,Indonesia,Indonesia,-0.09356735872639266,-0.06180288023243156,-0.14469057121100704,-0.05492985641764289,0.5
2023-02-01,Italy,Italy,-0.1446655695356297,-0.053381011200099596,-0.22271039971739237,-0.12110187341261432,0.6363636363636364
2023-02-01,Japan,Japan,0.08245520290821576,0.04558128542381533,0.15317472432348844,0.04486107422442719,0.5909090909090909
2023-02-01,Korea,Korea,-0.036240291940742825,0.015457832717102124,-0.08295368280300915,-0.028392197669724804,0.6060606060606061
2023-02-01,Malaysia,Malaysia,-0.07720455143231761,-0.0673740975773928,-0.05734942605135435,-0.04202477409307035,0.7272727272727273
2023-02-01,Mexico,Mexico,-0.07316223253391146,-0.053455143608633335,-0.24905119302029016,-0.08913122900134678,0.5757575757575758
2023-02-01,NASDAQ,US,0.1579801240620518,0.10301881267764317,0.14484170409539018,0.125446508106764,0.06060606060606061
2023-02-01,Netherlands,Netherlands,0.0389651503365731,0.13186387700156696,-0.04279192788254352,0.12733872890718553,0.2272727272727273
2023-02-01,Philippines,Philippines,-0.006643797807502596,-0.03759410221992608,-0.1125280963322215,-0.060518594041075326,0.40909090909090906
2023-02-01,Poland,Poland,-0.08779321332774546,0.01648843787428686,0.012572522005029901,0.019039857546041733,0.5606060606060606
2023-02-01,Saudi Arabia,Saudi Arabia,-0.03751447879447305,-0.06062554258351189,0.01756018826949593,-0.0443218405596719,0.3333333333333333
2023-02-01,Singapore,Singapore,-0.051102010484078926,0.0193132155801099,0.02226203662576496,0.055635562499669396,0.6515151515151516
2023-02-01,South Africa,South Africa,-0.05254869402964195,-0.06100460912465296,-0.1710655314194577,-0.08550159427388462,0.5757575757575757
2023-02-01,Spain,Spain,-0.10023575050240904,-0.03495170957353198,-0.16029683606313863,-0.07309161597211254,0.7575757575757576
2023-02-01,Sweden,Sweden,0.04562106727495402,0.08608302224071793,0.006688509531010066,0.10347566940410471,0.2727272727272727
2023-02-01,Switzerland,Switzerland,0.08577311728198547,0.11625785234746477,0.031432602132763325,0.10808468264454335,0.30303030303030304
2023-02-01,Taiwan,Taiwan,0.11509440291441235,0.11321775854960058,0.11700633757919199,0.11533282907335277,0.16666666666666666
2023-02-01,Thailand,Thailand,-0.026906722837651546,-0.05025361170268698,-0.04427551162950711,-0.05214266284251549,0.6060606060606061
2023-02-01,Turkey,Turkey,-0.07783996040268241,-0.05370291172328279,-0.08914076504476348,0.05623681766994056,0.9696969696969697
2023-02-01,U.K.,U.K.,-0.041711802356429364,0.009079476203986555,-0.020588561387160163,0.059790369904361255,0.6515151515151515
2023-02-01,U.S.,US,0.1521874285871965,0.09735551699787857,0.1631318316773589,0.11439130237173716,0.25757575757575757
2023-02-01,US SmallCap,US,0.10358212965636016,0.09100453282665998,0.1415800479370719,0.10543122390588892,0.4393939393939394
2023-02-01,Vietnam,Vietnam,0.07938307900054666,0.044344179480458386,-0.14349808604922978,0.013715118431657682,0.30303030303030304
2023-03-01,Australia,Australia,-0.09028679174386324,-0.032046950370435465,-0.14295984968338044,-0.10434037641930552,0.5909090909090908
2023-03-01,Brazil,Brazil,-0.01954879317524288,0.005058589628153027,-0.023518700319980608,0.0001435047329431862,0.696969696969697
2023-03-01,Canada,Canada,0.01744044974545606,0.01706588998664109,-0.008811270232906173,0.037706600969365366,0.43939393939393934
2023-03-01,Chile,Chile,-0.11570390336042755,-0.05055422954147099,-0.09086882674466287,-0.0716071631950178,0.8333333333333334
2023-03-01,ChinaA,China,0.030671693974456953,-0.02740976570330496,0.12058165069946122,-0.019973128216095953,0.48484848484848486
2023-03-01,ChinaH,China,0.040582494472129645,-0.030011404220123432,0.1718483873869498,0.017619637005905603,0.5454545454545454
2023-03-01,Denmark,Denmark,0.08193474484461118,0.1329032656513853,0.053555844935245504,0.1418700940032229,0.45454545454545453
2023-03-01,France,France,-0.10965637397425115,-0.02289569451494132,-0.3057453425981274,-0.12659534184552715,0.5909090909090909
2023-03-01,Germany,Germany,-0.06429906708498535,0.01924063771025633,-0.04909623386526815,0.04448897887775837,0.5303030303030303
2023-03-01,Hong Kong,Hong Kong,0.016747377790597248,0.09008255213867405,-0.022347741772103448,0.15169877871828327,0.7878787878787878
2023-03-01,Indonesia,Indonesia,-0.046502852141337106,-0.06657124135170586,-0.1338133702316959,-0.04262161238493898,0.4242424242424242
2023-03-01,Italy,Italy,-0.13541663654144714,-0.07372703013051606,-0.288563213925743,-0.14744803698480002,0.7575757575757576
2023-03-01,Japan,Japan,0.06989609465185617,0.03784662916483694,0.21480911308224157,0.058900027186288235,0.6060606060606061
2023-03-01,Korea,Korea,-0.019100735066335285,-0.024533584451225686,-0.060481412359368984,-0.08770976114760284,0.5757575757575758
2023-03-01,Malaysia,Malaysia,-0.030636040367257207,-0.0812236141423954,-0.04991495345823615,-0.03536408043734445,0.6060606060606061
2023-03-01,Mexico,Mexico,-0.031375194347506644,-0.04622918376252835,-0.24469258594367171,-0.11606491242644335,0.6212121212121212
2023-03-01,NASDAQ,US,0.1170883495318058,0.12323508052336513,0.09500469739195025,0.11565519634489665,0.07575757575757576
2023-03-01,Netherlands,Netherlands,0.03041661373845759,0.1227208323263507,-0.02719803762136614,0.09353865604179325,0.36363636363636365
2023-03-01,Philippines,Philippines,-0.020605050275845027,-0.00547393687327356,-0.03992849696176831,-0.0011402961739657583,0.3181818181818182
2023-03-01,Poland,Poland,-0.10884697359645946,-0.031848963741803224,-0.00791532285129988,-0.016981162168090494,0.6363636363636364
2023-03-01,Saudi Arabia,Saudi Arabia,-0.058245412825837964,0.02621228239757256,0.0064324407610481076,-0.061071504765175345,0.16666666666666669
2023-03-01,Singapore,Singapore,-0.05036448145789821,0.02468575970484336,-0.06669893542735644,0.01954085875436104,0.696969696969697
2023-03-01,South Africa,South Africa,-0.04240472599876228,-0.06700469736643545,-0.1608175058024969,-0.08402130390784252,0.3787878787878788
2023-03-01,Spain,Spain,-0.06459849555474002,-0.020438862563743873,-0.22886007835785457,-0.10858267675341719,0.8484848484848485
2023-03-01,Sweden,Sweden,-0.003201937431366455,0.03401729140047923,-0.050330463383087616,0.05973797884704452,0.30303030303030304
2023-03-01,Switzerland,Switzerland,-0.00962374303163416,0.06706372897731946,0.03957182981318688,0.07604643983501874,0.25757575757575757
2023-03-01,Taiwan,Taiwan,0.09607430031281963,0.08648708755333308,0.08761662673136339,0.11192614678577278,0.15151515151515152
2023-03-01,Thailand,Thailand,-0.0753261110379206,-0.049617715973654566,-0.025025222398436152,-0.04587647214624764,0.6060606060606061
2023-03-01,Turkey,Turkey,-0.053477066852600924,-0.05147221556741919,-0.08449770896404374,-0.011510449852799745,0.9545454545454546
2023-03-01,U.K.,U.K.,-0.061351816383197394,0.016684794383400994,0.04291183970016319,0.03653418624342636,0.6666666666666667
2023-03-01,U.S.,US,0.10866704455164419,0.12149668246009213,0.11430299019863767,0.08842583545067245,0.25757575757575757
2023-03-01,US SmallCap,US,0.09666633569042597,0.10711053338029886,0.09630051309379001,0.09464846655825997,0.45454545454545453
2023-03-01,Vietnam,Vietnam,0.05026226935961337,0.02793905757930052,-0.1192924463736658,0.03791596066806233,0.3181818181818182
2023-04-01,Australia,Australia,-0.09864740589524569,-0.01941648728626846,-0.11196843263795186,0.02040279485524831,0.42424242424242425
2023-04-01,Brazil,Brazil,-0.008038366633310602,-0.0068606297102431005,0.03272559821500825,0.05294054551306488,0.5606060606060607
2023-04-01,Canada,Canada,0.01211573607539629,0.014118197638459304,0.06195759184452484,0.020602289737562604,0.3787878787878788
2023-04-01,Chile,Chile,-0.11160855244854749,-0.05702194686644373,-0.1328455647116001,-0.11155411601485023,0.7575757575757576
2023-04-01,ChinaA,China,0.022709318345367824,0.012172064347155528,0.07056767721650942,0.0008954549553851551,0.5151515151515151
2023-04-01,ChinaH,China,0.037048084605305905,0.012730660274159608,0.14492207875363344,0.052935691041750395,0.6212121212121212
2023-04-01,Denmark,Denmark,0.075313987305604,0.15617740051327514,0.06776243611598963,0.11305590876291968,0.46969696969696967
2023-04-01,France,France,-0.0906960915451364,-0.06655520901588789,-0.30288339684020893,-0.09466518348324165,0.5909090909090909
2023-04-01,Germany,Germany,-0.03296757073649115,0.02441605059514665,-0.049497812235598564,0.08299733705384159,0.6818181818181819
2023-04-01,Hong Kong,Hong Kong,0.028551680054611096,0.06023391859045773,-0.03864929031258558,0.1564416278859813,0.7575757575757576
2023-04-01,Indonesia,Indonesia,-0.038557140615100405,-0.07109745129072831,-0.10030720444103054,-0.05679103656473255,0.4696969696969697
2023-04-01,Italy,Italy,-0.1535614632806864,-0.0899602846386848,-0.283295116819981,-0.09454069112773754,0.8636363636363636
2023-04-01,Japan,Japan,0.08047764897508913,0.028338382753547282,0.1962561476925848,0.09898955822062969,0.6363636363636364
2023-04-01,Korea,Korea,0.0006392562331233136,-0.006862033845340551,-0.008459224558250787,-0.02516965452836204,0.5606060606060606
2023-04-01,Malaysia,Malaysia,-0.031608582981836525,-0.0475392602414221,-0.1195095449186119,-0.07680814386613911,0.5151515151515151
2023-04-01,Mexico,Mexico,-0.04346048365292621,-0.07242629069519224,-0.2335760679610376,-0.07890329167842883,0.6212121212121212
2023-04-01,NASDAQ,US,0.13319423816028775,0.11087280525484272,0.0734791301953019,0.11488421623423133,0.10606060606060606
2023-04-01,Netherlands,Netherlands,0.01200488302266668,0.12062717224602587,0.03281840406733593,0.08741829020392705,0.40909090909090906
2023-04-01,Philippines,Philippines,-0.02190846593323602,-0.07802737453665995,-0.05744813602912373,-0.050936694045907435,0.3939393939393939
2023-04-01,Poland,Poland,-0.13633502610837545,0.0017716125043575406,-0.05152540942746472,0.03440588352358654,0.6212121212121212
2023-04-01,Saudi Arabia,Saudi Arabia,0.02440591785458568,-0.03183461592348082,-0.005010964444712846,-0.06387024606753568,0.16666666666666666
2023-04-01,Singapore,Singapore,-0.07415243028640496,0.023152365043238712,-0.005497541393435989,0.027334568643386424,0.606060606060606
2023-04-01,South Africa,South Africa,-0.035204155859924875,-0.045524244930538506,-0.1656909825754807,-0.0798161029637675,0.24242424242424243
2023-04-01,Spain,Spain,-0.0779037699207454,-0.019889822150318807,-0.2755193499667756,-0.07462926966369889,0.8787878787878788
2023-04-01,Sweden,Sweden,-0.039577131572568265,0.018410155583062006,-0.06706476251009676,0.09371986267345304,0.4242424242424242
2023-04-01,Switzerland,Switzerland,0.0070508241225472595,0.07141409448159654,0.056139189809148664,0.08392100161956617,0.24242424242424243
2023-04-01,Taiwan,Taiwan,0.1044130747401859,0.10081815206393104,0.07222754390907306,0.12983808126167717,0.16666666666666669
2023-04-01,Thailand,Thailand,-0.05419409524205164,-0.06415172972556353,-0.021560282834016956,-0.046935469708232334,0.5909090909090909
2023-04-01,Turkey,Turkey,-0.03149181542839988,-0.039710514154234156,-0.09499596546156776,0.069619039581508,0.9848484848484849
2023-04-01,U.K.,U.K.,-0.02053235535142653,0.018423867434155805,0.038136276196710214,0.036033473590155796,0.696969696969697
2023-04-01,U.S.,US,0.1336379353789855,0.11385446080044084,0.08589353022650001,0.09871800039487384,0.24242424242424243
2023-04-01,US SmallCap,US,0.10557759629835538,0.08948641157753294,0.05783434838552517,0.0999359577970389,0.5
2023-04-01,Vietnam,Vietnam,-0.0017596520552239326,-0.011185654816004108,-0.06978056182504257,0.12331358579520882,0.30303030303030304
2023-05-01,Australia,Australia,-0.10684959859259772,-0.043511793864542236,-0.1498434710877889,-0.042944420943353497,0.36363636363636365
2023-05-01,Brazil,Brazil,-0.013788962478552564,-0.033256299738531045,-0.11179180822626912,-0.014610133509174325,0.42424242424242425
2023-05-01,Canada,Canada,0.0009007910566643431,0.00033393546094065765,0.05174422914722362,0.02008611741680237,0.30303030303030304
2023-05-01,Chile,Chile,-0.1081191297328121,-0.04552178070936443,-0.12431977901039841,-0.07628538293171483,0.8333333333333334
2023-05-01,ChinaA,China,0.007914839081935342,-0.010439554182969091,0.11633024512861918,0.030099026017345765,0.5151515151515151
2023-05-01,ChinaH,China,0.014048918384885254,-0.00716963932059335,0.14492878570852014,0.07161588261346837,0.6060606060606061
2023-05-01,Denmark,Denmark,0.09007965447903092,0.18282079817548746,0.0639205439676673,0.07312049636094443,0.48484848484848486
2023-05-01,France,France,-0.10345088362336655,-0.024797383057398467,-0.28997370086325935,-0.10949235980738084,0.5909090909090909
2023-05-01,Germany,Germany,-0.00744576438584564,0.03894360228288602,-0.06474599777278885,0.05271459134432707,0.696969696969697
2023-05-01,Hong Kong,Hong Kong,0.04110310574721477,0.04744775791024152,-0.016565449649689087,0.1370781408391158,0.7272727272727273
2023-05-01,Indonesia,Indonesia,-0.04582672722400275,-0.09094095180535454,-0.08855390322288235,-0.060072163208507584,0.2727272727272727
2023-05-01,Italy,Italy,-0.09772462127826442,-0.0611630041684129,-0.2543373653535915,-0.09946032766974727,0.8939393939393939
2023-05-01,Japan,Japan,0.0467108111161959,0.009553466404183563,0.12174853665105573,0.026353110870783097,0.696969696969697
2023-05-01,Korea,Korea,-0.014380084587995145,-0.04152175906041403,-0.031706893792567484,-0.05092960772711756,0.5606060606060607
2023-05-01,Malaysia,Malaysia,-0.06750523021889802,-0.07916594313350075,-0.11911314956746287,-0.07319887342627786,0.4090909090909091
2023-05-01,Mexico,Mexico,-0.03136562930026973,-0.0521030111253633,-0.20313943969897258,-0.09563806172454306,0.6363636363636364
2023-05-01,NASDAQ,US,0.11119944860546062,0.09479799120643975,0.05817826497234748,0.09278122905469206,0.31818181818181823
2023-05-01,Netherlands,Netherlands,0.006897764389924958,0.11098065360848668,-0.012369544946699175,0.08335937212010701,0.46969696969696967
2023-05-01,Philippines,Philippines,-0.0437957422344214,-0.07546791240484048,-0.02285287661163459,-0.03224022780958864,0.3787878787878788
2023-05-01,Poland,Poland,-0.10687052536906982,0.017677033739228173,-0.0669937123628025,0.014136886177322111,0.7575757575757576
2023-05-01,Saudi Arabia,Saudi Arabia,0.010397530739244905,-0.01949912732999718,-0.004508233827769275,-0.07009050379883791,0.13636363636363635
2023-05-01,Singapore,Singapore,-0.040147259198295406,0.014868290850441333,-0.06541429121027657,0.009160667779967558,0.6818181818181819
2023-05-01,South Africa,South Africa,-0.03683734405531723,-0.06949895144479634,-0.1499619300245875,-0.07981024337865872,0.3333333333333333
2023-05-01,Spain,Spain,-0.06391252793183706,-0.01978877855584356,-0.27738594195925187,-0.07468031188991185,0.8484848484848485
2023-05-01,Sweden,Sweden,-0.049286095296734236,0.0213998708545229,-0.09184637076556061,0.05825132419011104,0.42424242424242425
2023-05-01,Switzerland,Switzerland,-0.015035586360434273,0.05649894529116189,0.0388741694040084,0.06949173902031262,0.21212121212121213
2023-05-01,Taiwan,Taiwan,0.08117630940255932,0.08285391609443776,0.05776603437663975,0.10191738733275606,0.21212121212121213
2023-05-01,Thailand,Thailand,-0.056755490326792536,-0.03933013381940785,-0.022287841406018798,-0.018772126841856463,0.5909090909090908
2023-05-01,Turkey,Turkey,-0.05309538540352428,-0.010542988078798585,-0.04365688915423167,-0.05176361974066488,0.9696969696969697
2023-05-01,U.K.,U.K.,-0.016119992864438354,0.00762306335599708,0.02011861802387968,0.03444716864235857,0.5909090909090909
2023-05-01,U.S.,US,0.10537555022379576,0.10895916759079739,0.07082908507078924,0.09740826478401875,0.3484848484848485
2023-05-01,US SmallCap,US,0.09301143979379363,0.060085464501234885,0.053338088039424136,0.09963961710467739,0.40909090909090906
2023-05-01,Vietnam,Vietnam,0.008525666445537402,-0.009011586862276141,-0.08601836385744847,0.07936093225968295,0.30303030303030304
2023-06-01,Australia,Australia,-0.07482895856542915,-0.05780285146765242,-0.19539854169798637,-0.05335567141244316,0.3787878787878788
2023-06-01,Brazil,Brazil,-0.044235202143184514,-0.037333303344768386,-0.13954866415196723,-0.030358222570940063,0.3787878787878788
2023-06-01,Canada,Canada,0.02115474685790516,0.0021759881920397402,0.02672554182689435,0.025685726739488504,0.3787878787878788
2023-06-01,Chile,Chile,-0.08651433595940337,-0.049011697501833686,-0.09339389522410647,-0.08073627465002521,0.5606060606060607
2023-06-01,ChinaA,China,0.06741173191976005,0.030722451707234207,0.16970628772687243,0.07845974845480351,0.43939393939393945
2023-06-01,ChinaH,China,0.06637993301676348,0.008124939073048272,0.17828003897477734,0.11275679254980182,0.5454545454545454
2023-06-01,Denmark,Denmark,0.1024302747623407,0.13189998881158732,0.035521146826874885,0.04085911500171041,0.5151515151515151
2023-06-01,France,France,-0.05198382316387003,-0.021942670591567737,-0.2933508607498646,-0.08559075782512914,0.6363636363636364
2023-06-01,Germany,Germany,0.011087179941106853,0.0319500236519204,-0.10364322404827186,0.03438675962608259,0.7121212121212122
2023-06-01,Hong Kong,Hong Kong,0.042979555737027865,0.052883423532602725,-0.008250061467427277,0.16006794946648958,0.6893939393939394
2023-06-01,Indonesia,Indonesia,-0.07990548811320111,-0.046275383040710674,-0.13709695572648026,-0.021292821042990333,0.4242424242424242
2023-06-01,Italy,Italy,-0.08777306910297136,-0.0770915837976613,-0.26281378445491427,-0.0895121141131239,0.8787878787878788
2023-06-01,Japan,Japan,-0.03900899411747371,0.005750906758971833,0.0934427385641604,0.026096000285213736,0.5909090909090908
2023-06-01,Korea,Korea,-0.01014899319000858,-0.009031906792533363,-0.08334235409876325,-0.04638398540589116,0.5378787878787878
2023-06-01,Malaysia,Malaysia,-0.07572261148781165,-0.07164509142440359,-0.10279596314845542,-0.05613630367424118,0.5151515151515151
2023-06-01,Mexico,Mexico,-0.04538476171935117,-0.011526194900426766,-0.29028350351236326,-0.0688057817932767,0.6212121212121212
2023-06-01,NASDAQ,US,0.10876079991564329,0.11306617649713725,0.0779913982603107,0.11428516437382967,0.28787878787878785
2023-06-01,Netherlands,Netherlands,0.022435649012382618,0.10329415690756888,-0.045575234552801554,0.06601609878008097,0.45454545454545453
2023-06-01,Philippines,Philippines,-0.08735909712349042,-0.07023418195501238,-0.10269877080286108,-0.07757091779967001,0.4242424242424242
2023-06-01,Poland,Poland,-0.07224515781687009,0.0023445273989295603,-0.08319839056309926,0.04968604297615338,0.8636363636363636
2023-06-01,Saudi Arabia,Saudi Arabia,-0.04034628775936786,-0.06797608916919455,-0.020060434831779727,-0.15002294008498093,0.16666666666666669
2023-06-01,Singapore,Singapore,-0.03728062582965456,0.0078058700393740296,-0.09519717298842284,0.012919066437243025,0.7121212121212122
2023-06-01,South Africa,South Africa,-0.020924231421081418,-0.010859434602184501,-0.1072552692830858,-0.0634504451915567,0.393939393939394
2023-06-01,Spain,Spain,-0.0749422204573966,-0.026711875682638123,-0.3197335974347662,-0.06446971868987969,0.803030303030303
2023-06-01,Sweden,Sweden,-0.0375435134394935,0.023460684865221675,-0.10354167351880245,0.07119890380894754,0.4696969696969697
2023-06-01,Switzerland,Switzerland,-0.014098542487047946,0.05630959462462517,0.05126770776873279,0.07660331666617301,0.3787878787878788
2023-06-01,Taiwan,Taiwan,0.08394364837435486,0.0896051861267722,0.05830682524996567,0.08310198055339957,0.13636363636363635
2023-06-01,Thailand,Thailand,-0.07197602881298167,-0.035884521904668044,-0.04764526795059793,-0.02917126091287634,0.4696969696969697
2023-06-01,Turkey,Turkey,-0.059954543834911306,-0.005915611712811301,-0.08378021229954886,-0.05016858980401751,0.9545454545454546
2023-06-01,U.K.,U.K.,0.0007803450538286707,0.03012183558606099,-0.021251973540782322,0.0545486189384124,0.696969696969697
2023-06-01,U.S.,US,0.10259497657283562,0.11366594773101141,0.08501196498509644,0.10890724964303704,0.33333333333333337
2023-06-01,US SmallCap,US,0.08907480625049455,0.06240520723494559,0.06137726010491818,0.11374182905026829,0.40909090909090906
2023-06-01,Vietnam,Vietnam,0.03939594675890774,0.009452990056092314,-0.0996067846117089,0.04207652933484339,0.24242424242424243
2023-07-01,Australia,Australia,-0.007870059430267312,-0.03407620272324639,-0.10434442024673996,-0.08033117830913372,0.3181818181818182
2023-07-01,Brazil,Brazil,-0.10797002515758675,-0.0951136557958619,-0.21398875812362383,-0.0478570651804868,0.5909090909090909
2023-07-01,Canada,Canada,0.036729909000386085,0.006802790850973543,0.03587842488657254,0.01438832095043739,0.33333333333333337
2023-07-01,Chile,Chile,-0.06436165182947845,-0.01937552208638435,0.019330363655610194,-0.04280506396489281,0.7121212121212122
2023-07-01,ChinaA,China,0.048443610751617044,0.061277969050728145,0.02642109937127187,0.01571149199627675,0.3787878787878788
2023-07-01,ChinaH,China,0.048443610751617044,0.04376525388145514,0.016765669965173167,0.02085442560132763,0.48484848484848486
2023-07-01,Denmark,Denmark,0.09619590058977687,0.10322846092856601,0.12993951201620385,0.13303011371578505,0.5151515151515151
2023-07-01,France,France,-0.024386839118511604,-0.012032804482983328,-0.15978641368719335,-0.11451590807107034,0.6060606060606061
2023-07-01,Germany,Germany,-0.0010170262134205953,0.03050410866893559,-0.009319188584034587,0.03453134005536163,0.7272727272727273
2023-07-01,Hong Kong,Hong Kong,0.0012642702840017037,0.01947498647170348,0.005838372218234121,0.14930481744121044,0.5454545454545454
2023-07-01,Indonesia,Indonesia,-0.10700490846369362,-0.04572416323422729,-0.1083978716480941,-0.03486653283680532,0.45454545454545453
2023-07-01,Italy,Italy,-0.08052284146014675,-0.07564330740724673,-0.20994706035860633,-0.09884512083666903,0.8787878787878788
2023-07-01,Japan,Japan,-0.08432213427384895,-0.04971494843081999,-0.10222325667610016,-0.03405845591910816,0.5757575757575757
2023-07-01,Korea,Korea,-0.03182938211945165,-0.04495279655697957,-0.053253610176970535,-0.05637346296935306,0.7727272727272727
2023-07-01,Malaysia,Malaysia,-0.06541025413913085,-0.054279229111798576,-0.10717749259568166,-0.039554510055366095,0.48484848484848486
2023-07-01,Mexico,Mexico,-0.09883321637677302,-0.07831544670406476,-0.17992632300803438,-0.06835011570024223,0.6212121212121212
2023-07-01,NASDAQ,US,0.10368517277563846,0.10685263755623141,0.13317312859771252,0.08139531294603657,0.3939393939393939
2023-07-01,Netherlands,Netherlands,0.01817876217890057,0.051761292372331486,0.004296700909897108,0.04453778552016083,0.5151515151515151
2023-07-01,Philippines,Philippines,-0.0214423694042673,-0.025933110531063022,-0.12899282055825473,-0.03486557486932965,0.4545454545454546
2023-07-01,Poland,Poland,-0.06848635451289331,-0.020058969749398227,-0.1267667904557403,-0.03385656055333078,0.8787878787878789
2023-07-01,Saudi Arabia,Saudi Arabia,-0.0649574021962325,-0.05118202187683576,-0.07702173974640479,-0.1209571349828113,0.19696969696969696
2023-07-01,Singapore,Singapore,0.01518693957253314,0.017647948930543694,0.014839838120798253,0.024023156926136775,0.5454545454545454
2023-07-01,South Africa,South Africa,-0.016152466687436008,-0.05456230109045726,-0.1333865170076354,-0.05508297098570815,0.34848484848484845
2023-07-01,Spain,Spain,-0.03978989506978814,-0.030521794483261422,-0.17805648945060407,-0.09709298963247892,0.7727272727272727
2023-07-01,Sweden,Sweden,-0.009771870448267564,0.002142323775734565,-0.010451919631929528,0.038511794163381345,0.40909090909090906
2023-07-01,Switzerland,Switzerland,-0.0005031313024234036,0.003481889626543378,-0.04642934030079891,0.013228726845003718,0.28787878787878785
2023-07-01,Taiwan,Taiwan,0.034444611216703044,0.030780643273622545,0.060724543486458976,0.126301984250921,0.30303030303030304
2023-07-01,Thailand,Thailand,-0.02762901529364265,0.0021592339430600554,-0.04572181600100374,-0.021923848661970433,0.40909090909090906
2023-07-01,Turkey,Turkey,-0.054935931905930886,0.007769704026067904,0.06411680889713761,0.02418859525631649,0.9545454545454546
2023-07-01,U.K.,U.K.,0.022340592620380385,-0.02420933727267787,0.02216400413614475,0.02002228926742955,0.6060606060606061
2023-07-01,U.S.,US,0.10031897571457503,0.09729998673283045,0.1239729383206685,0.06730514801061471,0.33333333333333337
2023-07-01,US SmallCap,US,0.06647311418275023,0.041295609681404964,0.08810709701859533,0.08304496427330171,0.3333333333333333
2023-07-01,Vietnam,Vietnam,-0.013225905503036097,0.011188319454467565,-0.09042136455937286,-0.05594013188959588,0.25757575757575757
2023-08-01,Australia,Australia,-0.0007046015165207082,-0.018479322624833067,-0.09754505040665054,-0.0380655491662424,0.3484848484848485
2023-08-01,Brazil,Brazil,-0.10754998232266245,-0.09626635518195993,-0.2202372696757396,-0.02988775332918514,0.7121212121212122
2023-08-01,Canada,Canada,0.04098923744112497,0.008508487966976855,0.04152657331448721,0.010722647166706014,0.36363636363636365
2023-08-01,Chile,Chile,-0.09792532369777256,-0.018781552260950213,0.01800460504226585,-0.035030600262148284,0.6666666666666666
2023-08-01,ChinaA,China,0.038123965172797605,0.059976428303086055,0.02984830489114295,0.012391806679897659,0.43939393939393945
2023-08-01,ChinaH,China,0.04061711413600918,0.06399996676460293,0.026379189119483122,0.012696743115275634,0.48484848484848486
2023-08-01,Denmark,Denmark,0.09089346191517354,0.044128682184637044,0.14311587455534636,0.12915544223098024,0.40909090909090906
2023-08-01,France,France,-0.063067111895827,-0.00894264285174192,-0.16957425304235466,-0.10351811300930017,0.5757575757575757
2023-08-01,Germany,Germany,0.00795909418069534,0.04517890738335052,0.012652468928525848,0.040155283915141456,0.7575757575757576
2023-08-01,Hong Kong,Hong Kong,0.022780506041491254,0.02970388096432785,-0.018088051289884527,0.15278756130826746,0.5909090909090909
2023-08-01,Indonesia,Indonesia,-0.117794338331452,-0.05372538058247173,-0.10693302021022795,-0.0649730003467537,0.4393939393939394
2023-08-01,Italy,Italy,-0.08695410105707983,-0.04671941535560607,-0.18586845172030197,-0.08676632574532327,0.9090909090909092
2023-08-01,Japan,Japan,-0.09702318978592497,-0.051306109915315486,-0.13068571102919926,-0.03866062228140227,0.6515151515151516
2023-08-01,Korea,Korea,-0.05473804724946723,-0.029120116508834205,-0.08483602733829072,-0.06437799648585629,0.7424242424242424
2023-08-01,Malaysia,Malaysia,-0.05664118940274482,-0.048953050488086625,-0.13061012077169518,-0.06274997225021271,0.42424242424242425
2023-08-01,Mexico,Mexico,-0.09120911205262427,-0.03753332856519661,-0.1696711456632289,-0.04426918734914747,0.6060606060606061
2023-08-01,NASDAQ,US,0.053417649340761035,0.05594691254587032,0.12370448063538492,0.06686986248117627,0.34848484848484845
2023-08-01,Netherlands,Netherlands,0.03517395644065778,0.06930724916357277,0.022982396428818837,0.04170667205614193,0.4393939393939394
2023-08-01,Philippines,Philippines,-0.09476624156489627,-0.03261331365054412,-0.13746019427466571,-0.046389236078662806,0.5
2023-08-01,Poland,Poland,-0.06896011136874572,-0.014426752317649467,-0.13353019292820478,-0.018691757879519925,0.9545454545454546
2023-08-01,Saudi Arabia,Saudi Arabia,-0.059364709286235905,-0.05118202187683576,-0.048181604687685245,-0.11677697835969011,0.18181818181818182
2023-08-01,Singapore,Singapore,-0.011018595154920437,0.028774788044501266,0.041324089394173924,0.023298246228973085,0.5
2023-08-01,South Africa,South Africa,-0.05678693226368505,-0.05058585063247958,-0.12242137409454219,-0.04590017077511675,0.3787878787878788
2023-08-01,Spain,Spain,-0.0463838632153688,-0.018886690981095473,-0.16066504959781744,-0.08512766118303768,0.8939393939393939
2023-08-01,Sweden,Sweden,0.010719854048385545,0.00021766996448628964,0.023955835198489685,0.03420937249173459,0.36363636363636365
2023-08-01,Switzerland,Switzerland,0.011264412667494414,0.033424696665989316,-0.04216078992154276,-0.0011693987927935698,0.28787878787878785
2023-08-01,Taiwan,Taiwan,0.04153909547509536,0.05437471776298925,0.08285592561651009,0.1151193540232905,0.33333333333333337
2023-08-01,Thailand,Thailand,-0.062181702689175194,-0.013905182740363994,-0.06331002015352577,-0.0252932859442836,0.42424242424242425
2023-08-01,Turkey,Turkey,-0.047065061484697676,-0.04199504572788912,0.018517493280188244,-0.027027178983956825,0.8181818181818181
2023-08-01,U.K.,U.K.,0.035682694186322604,0.006238440277940498,0.012132465965787988,0.020450473163626033,0.6060606060606061
2023-08-01,U.S.,US,0.05174268792109925,0.05463065705633112,0.12569507372568214,0.06508810652609137,0.3484848484848485
2023-08-01,US SmallCap,US,0.052599966162533006,0.04955238357549657,0.1045046476636128,0.08005562143261842,0.3181818181818182
2023-08-01,Vietnam,Vietnam,-0.04420495629484357,-0.03933299937618938,-0.06257727622064202,-0.05636301606961112,0.18181818181818182
2023-09-01,Australia,Australia,0.01254201183435137,-0.00945282457761851,-0.08922637475364022,-0.013896122293097973,0.3333333333333333
2023-09-01,Brazil,Brazil,-0.08586294451482898,-0.04962989658548389,-0.16969859332205278,-0.009003595740730234,0.6666666666666666
2023-09-01,Canada,Canada,0.015897251372127955,0.04197666369178609,0.030141487408577597,0.02419334110948334,0.40909090909090906
2023-09-01,Chile,Chile,-0.07405326041105113,-0.06802831002987801,-0.029697176299939086,-0.04669617176133386,0.6666666666666666
2023-09-01,ChinaA,China,0.08119221916699898,0.04574875669293437,0.11175731047747023,0.021068619448576166,0.4393939393939394
2023-09-01,ChinaH,China,0.08455576417542914,0.04574875669293437,0.11295213123826948,0.02120877685156869,0.48484848484848486
2023-09-01,Denmark,Denmark,0.10986550319474679,0.11350352122215805,0.123388802940855,0.09707527243121677,0.4242424242424242
2023-09-01,France,France,-0.011133255136741028,0.008454184156507404,-0.14582972366690794,-0.0916283293866949,0.5606060606060606
2023-09-01,Germany,Germany,0.030576026491983516,0.06663955507205244,0.012674331503847931,0.05044955006201376,0.7878787878787878
2023-09-01,Hong Kong,Hong Kong,0.01000942597653815,0.04623827051536704,0.07445438302925038,0.15467286115274687,0.5909090909090909
2023-09-01,Indonesia,Indonesia,-0.12322603764533989,-0.06200835146437364,-0.052090656069320916,-0.06905436509421899,0.24242424242424243
2023-09-01,Italy,Italy,-0.06470474002992327,-0.02547779085253858,-0.16825054976973214,-0.05627154888963139,0.8787878787878789
2023-09-01,Japan,Japan,0.03538794881839145,-0.023669138741577604,-0.08681339288775355,-0.014342495416706427,0.5454545454545454
2023-09-01,Korea,Korea,-0.030923446296308936,-0.008560213221188518,-0.09584059073396828,-0.03322006684038676,0.7878787878787878
2023-09-01,Malaysia,Malaysia,-0.04146946527174071,-0.022520636784732283,-0.12156960041319059,-0.05051846092025432,0.42424242424242425
2023-09-01,Mexico,Mexico,-0.08078238245383319,-0.04827949296338723,-0.14236727815083774,-0.02193970824345201,0.6212121212121212
2023-09-01,NASDAQ,US,0.05655042102900548,0.06781795303431977,0.12370072600634863,0.07762633328549315,0.36363636363636365
2023-09-01,Netherlands,Netherlands,0.029296393144676545,0.08280486211204949,0.02624901738797491,0.04925407479338937,0.48484848484848486
2023-09-01,Philippines,Philippines,-0.04002189849508197,-0.06904419745419609,-0.16521553449074586,-0.09488849840731475,0.4090909090909091
2023-09-01,Poland,Poland,-0.07377936425586364,-0.01703551914647402,-0.11233724859843709,0.034423424795489654,0.9848484848484849
2023-09-01,Saudi Arabia,Saudi Arabia,-0.06393121433015887,-0.05210024200871233,-0.0815955983347915,-0.11478327729732757,0.13636363636363635
2023-09-01,Singapore,Singapore,0.012601310416927526,0.019802669694965233,0.03725998771881777,0.033312447526643814,0.6212121212121212
2023-09-01,South Africa,South Africa,-0.030804769839219447,-0.027258202513254857,-0.1336296552492612,-0.060335376958105764,0.5303030303030303
2023-09-01,Spain,Spain,-0.04441252207368024,-0.007767107342170708,-0.1339019482262881,-0.0660356558743148,0.8787878787878788
2023-09-01,Sweden,Sweden,0.018936279637079327,0.06753447379664722,0.02507400691267049,0.035195020704777355,0.46969696969696967
2023-09-01,Switzerland,Switzerland,0.00847324877446162,0.03605850220864318,-0.007983178756591295,0.004024894226939812,0.3484848484848485
2023-09-01,Taiwan,Taiwan,0.04026983148498217,0.052776892767972323,0.11995944532786462,0.11901810589416853,0.24242424242424243
2023-09-01,Thailand,Thailand,-0.02097144491488131,-0.00223207374217076,-0.04775232057863951,-0.007608819130804962,0.3787878787878788
2023-09-01,Turkey,Turkey,-0.05714930783815471,-0.034865971613355834,0.04998403533973406,-0.024769349817471108,0.7727272727272727
2023-09-01,U.K.,U.K.,0.032773690620396506,0.020523357019341444,0.005818701066585157,0.03045749825088609,0.6212121212121212
2023-09-01,U.S.,US,0.05711122947567289,0.04946296871086954,0.11926224878363875,0.07770721353994982,0.3484848484848485
2023-09-01,US SmallCap,US,0.054072728217190946,0.05359256748160158,0.11428537325159834,0.0821149463193393,0.3787878787878788
2023-09-01,Vietnam,Vietnam,-0.014131134303908421,-0.04636725511196813,-0.08562589598034412,-0.08232462278513689,0.16666666666666669
2023-10-01,Australia,Australia,-0.023773538259976752,0.007497093856260921,-0.12461285460702863,-0.023204336702787882,0.3939393939393939
2023-10-01,Brazil,Brazil,-0.053699377108040985,-0.011174343657990981,-0.10827199204788837,-0.03269557316972581,0.5151515151515151
2023-10-01,Canada,Canada,0.02466040982954166,0.029318346820210082,0.023764296701410476,0.028953048687331708,0.40909090909090906
2023-10-01,Chile,Chile,-0.029111957762351405,-0.03851889122577784,-0.04335116789468915,-0.026795793633165726,0.6212121212121212
2023-10-01,ChinaA,China,0.060714196103725915,0.055218220646595775,0.09596888150490487,0.02934113895334206,0.46969696969696967
2023-10-01,ChinaH,China,0.060714196103725915,0.0478257506879665,0.09876034554957482,0.03241714735751827,0.5303030303030303
2023-10-01,Denmark,Denmark,0.054433989571762174,0.032535887524983695,0.08340073075263618,0.08207292920744794,0.5
2023-10-01,France,France,0.0004224998867180538,-0.017386426661065386,-0.13981966180616204,-0.043177755849777594,0.5606060606060606
2023-10-01,Germany,Germany,0.029657836396235003,0.057059049735130485,0.005513266986611148,0.05390933339598783,0.7575757575757576
2023-10-01,Hong Kong,Hong Kong,0.012255527558510821,0.031532756509063,0.05975610183847936,0.1243918925382414,0.5454545454545454
2023-10-01,Indonesia,Indonesia,-0.08893527689027889,-0.06093556556279667,-0.06188557116372147,-0.06293852690419512,0.16666666666666669
2023-10-01,Italy,Italy,-0.029221816932328115,-0.00160098196883216,-0.12653850338379924,-0.015229957423629257,0.8636363636363636
2023-10-01,Japan,Japan,0.046777411629847186,0.07036139632106611,0.05529820681161209,0.04016749058956368,0.6666666666666667
2023-10-01,Korea,Korea,-0.008107570428786431,-0.012203498125224558,-0.10639373241115546,-0.02658243322425903,0.8333333333333334
2023-10-01,Malaysia,Malaysia,-0.04578760514241832,-0.02088859916065202,-0.03631178004818634,-0.008175191549279221,0.4393939393939394
2023-10-01,Mexico,Mexico,-0.010355705710598014,-0.004836235605167952,-0.06308670505415995,-0.0016257188220346148,0.6363636363636364
2023-10-01,NASDAQ,US,0.05747312705238847,0.07261007950525207,0.10742390474078188,0.09926604754372909,0.36363636363636365
2023-10-01,Netherlands,Netherlands,0.011910091413877737,0.03497946116293567,0.04286917935021188,0.049175147710322054,0.45454545454545453
2023-10-01,Philippines,Philippines,-0.01193518617245375,-0.03164451477196813,-0.02669087595911796,-0.029070533684253143,0.4393939393939394
2023-10-01,Poland,Poland,-0.03435126500947096,0.007377054580434403,-0.06844984597760868,0.0848715560589227,0.9848484848484849
2023-10-01,Saudi Arabia,Saudi Arabia,-0.05956441000114699,-0.06071905687417249,-0.11319279924338432,-0.07420273360794818,0.13636363636363635
2023-10-01,Singapore,Singapore,0.024548115379044937,0.0311267923888879,0.04103704456734405,0.02904947956045567,0.5151515151515151
2023-10-01,South Africa,South Africa,-0.019039471809941387,0.0019974834323423993,-0.10824035786727491,-0.06382084598735306,0.4545454545454546
2023-10-01,Spain,Spain,-0.023167494764307336,0.001086350202649659,-0.13256122963408798,-0.011087824398299551,0.8636363636363636
2023-10-01,Sweden,Sweden,-0.000232979708825627,0.034752423955604295,0.007148312859895728,0.03221577650925112,0.3939393939393939
2023-10-01,Switzerland,Switzerland,0.03173136019873876,0.03678799046197846,0.016783934564949005,0.00911406110158316,0.3333333333333333
2023-10-01,Taiwan,Taiwan,0.03703876309681131,0.05912997806256348,0.06388678842207228,0.0780138492953342,0.3787878787878788
2023-10-01,Thailand,Thailand,-0.00028605160697395965,0.016511109661927148,-0.01213295644708699,0.01944184212042692,0.4090909090909091
2023-10-01,Turkey,Turkey,-0.06466759811083679,-0.040538727925063564,0.05359132123179456,0.03533215086384689,0.7575757575757576
2023-10-01,U.K.,U.K.,0.005979982546267068,0.03222383089254382,-0.022062221293978106,0.027974896019694023,0.5606060606060606
2023-10-01,U.S.,US,0.05747312705238847,0.07541926305700851,0.10330795429664293,0.10116709900155808,0.36363636363636365
2023-10-01,US SmallCap,US,0.06384874514070546,0.08894932582261086,0.09562117246212691,0.09677303337430444,0.4696969696969697
2023-10-01,Vietnam,Vietnam,-0.0034580879955553694,-0.0283708118375351,-0.10233524858030715,-0.11007943910993934,0.21212121212121213
2023-11-01,Australia,Australia,-0.04964146259015558,-0.04373839219204359,-0.0992240877837525,-0.06031166596596837,0.3484848484848485
2023-11-01,Brazil,Brazil,-0.03658710197208228,-0.03315576448890693,-0.06592026340120437,-0.05225942054189953,0.4696969696969697
2023-11-01,Canada,Canada,0.0031385487563634525,0.009230298004026317,0.0012303616820329277,0.029837446831332104,0.3333333333333333
2023-11-01,Chile,Chile,-0.013074388896940665,-0.02273627935584884,-0.06377704384293166,-0.06108297101809125,0.5606060606060606
2023-11-01,ChinaA,China,0.009891788134147933,0.022878537246266366,0.04447358795766518,0.03127832200385318,0.803030303030303
2023-11-01,ChinaH,China,0.009891788134147933,0.024223544569369204,0.04283865558278437,0.0350038854969495,0.8181818181818181
2023-11-01,Denmark,Denmark,0.052322794554303845,0.0602096181353895,0.1044794177287428,0.09590914751202459,0.5151515151515151
2023-11-01,France,France,0.0006777705954569904,-0.002523063352830552,-0.1374108101584392,-0.03051926047929343,0.5
2023-11-01,Germany,Germany,0.0323305214876869,0.05549826007700113,0.01822297823798341,0.05025834953335832,0.7272727272727273
2023-11-01,Hong Kong,Hong Kong,-0.019758717243665798,0.004653580368239417,-0.020149777194062628,0.11701052203553984,0.6818181818181819
2023-11-01,Indonesia,Indonesia,-0.07622940723222187,-0.04858806491866154,-0.025372937205501662,-0.027609114119520384,0.18181818181818182
2023-11-01,Italy,Italy,-0.007412236600784859,-0.002523063352830552,-0.11797086957071508,-0.03236705261210977,0.8787878787878788
2023-11-01,Japan,Japan,0.03441669693008494,0.022365756066725445,0.12168702974541762,0.009454572944624996,0.6666666666666667
2023-11-01,Korea,Korea,0.019853185953133526,0.005004978808894788,-0.026087258543790452,0.003496529507931747,0.7575757575757576
2023-11-01,Malaysia,Malaysia,-0.03230099042503975,-0.025892003235287543,-0.04510922048059896,-0.0229750726563617,0.40909090909090906
2023-11-01,Mexico,Mexico,0.0017969947771401002,-0.003077129837745704,-0.06411669892250603,-0.021790915977887196,0.4696969696969697
2023-11-01,NASDAQ,US,0.05475560511077652,0.05778866628680385,0.10850788152656085,0.09069875047117233,0.3787878787878788
2023-11-01,Netherlands,Netherlands,0.012802070261290334,0.017738237247481817,0.052138776940309994,0.04481468716844195,0.3939393939393939
2023-11-01,Philippines,Philippines,0.03962750579906552,-0.006591973954413366,-0.048200658179854715,-0.03426740944329435,0.4242424242424242
2023-11-01,Poland,Poland,-0.02639219902971956,0.003206083166846417,-0.11201464112082737,0.00036078931370323204,0.9393939393939394
2023-11-01,Saudi Arabia,Saudi Arabia,-0.02981174667249923,-0.031543231562763535,-0.11535973239243813,-0.08207288381733407,0.12121212121212122
2023-11-01,Singapore,Singapore,0.029874932549523017,0.033727796712176475,0.04397783365583655,0.03301001105284568,0.6060606060606061
2023-11-01,South Africa,South Africa,-0.03126224070503763,-0.02172457713465063,-0.12806618330327552,-0.0866782400603509,0.3939393939393939
2023-11-01,Spain,Spain,0.011938003015261904,-0.005197244251495198,-0.148880761091838,-0.020792939463426783,0.8333333333333333
2023-11-01,Sweden,Sweden,0.008481183502538275,0.05473679177173924,0.025507798957764657,0.03235983902126399,0.3787878787878788
2023-11-01,Switzerland,Switzerland,0.036761779580574305,0.027233689410321685,0.03484579778035196,0.03198918810412938,0.25757575757575757
2023-11-01,Taiwan,Taiwan,0.03681860589966146,0.04821395795158266,0.038815697555651875,0.05939233669843422,0.5
2023-11-01,Thailand,Thailand,-0.04498503135188361,-0.01047651762061548,0.06761907275666032,0.03093058302473283,0.33333333333333337
2023-11-01,Turkey,Turkey,-0.0715351521679571,-0.03911193031141486,-0.021920892839093438,0.058523391639485306,0.803030303030303
2023-11-01,U.K.,U.K.,0.005504227241819631,0.05037824228587709,0.007048309400917998,0.04174219191595301,0.6212121212121212
2023-11-01,U.S.,US,0.052373422572939275,0.04655793113004487,0.09328784106642808,0.09180550234225603,0.30303030303030304
2023-11-01,US SmallCap,US,0.05579937135676837,0.05457691604997809,0.046050301991245164,0.09992400730177783,0.25757575757575757
2023-11-01,Vietnam,Vietnam,0.01777104564989468,-0.04176689607509183,-0.12997804376857588,-0.09145855247268576,0.33333333333333337
2023-12-01,Australia,Australia,-0.07659200154921461,-0.04345758166229592,-0.13513006597642463,-0.058095840061267945,0.3333333333333333
2023-12-01,Brazil,Brazil,-0.10368433819521526,-0.10209819851037634,-0.10661043478523707,-0.042657127504588305,0.696969696969697
2023-12-01,Canada,Canada,0.0028105989027805266,0.017530237980403887,-0.02690302902023775,0.011341471163529277,0.36363636363636365
2023-12-01,Chile,Chile,-0.06645983457492674,-0.07214793823805062,-0.04883516538787934,-0.06467519139006192,0.46969696969696967
2023-12-01,ChinaA,China,-0.019554992165029317,-0.029202192041834295,0.019194302519548526,0.02083406420991244,0.5606060606060606
2023-12-01,ChinaH,China,-0.019554992165029317,-0.029202192041834295,0.02002845253735077,0.019754587842059634,0.5909090909090908
2023-12-01,Denmark,Denmark,0.07830191217119097,0.10644023052212528,0.10103283299796098,0.08593663041913334,0.5151515151515151
2023-12-01,France,France,-0.02860566052066371,-0.03470434541115006,-0.16754962101163354,-0.02101626073821683,0.5303030303030303
2023-12-01,Germany,Germany,-0.004361436804878311,0.01090480634793107,0.01422443822819911,0.02945988746717658,0.6666666666666667
2023-12-01,Hong Kong,Hong Kong,-0.043178548945569085,-0.023523477995126378,0.007528435526086131,0.021241092448849898,0.5606060606060606
2023-12-01,Indonesia,Indonesia,-0.09611579211229604,-0.020265740548922932,-0.05837455157482138,-0.04067092295733774,0.2727272727272727
2023-12-01,Italy,Italy,-0.07635538271921748,-0.002464314078698491,-0.13644629509961784,-0.07695322383140765,0.893939393939394
2023-12-01,Japan,Japan,0.02804972854531921,-0.0034713720711461752,0.032391348822479446,0.02986959717111224,0.7121212121212122
2023-12-01,Korea,Korea,-0.03219880053646061,-0.015508091631304288,-0.11314884864370885,-0.008333662461061965,0.7121212121212122
2023-12-01,Malaysia,Malaysia,-0.0736986824615606,-0.05509456560922963,-0.12249881853643939,-0.07970024658276838,0.5606060606060606
2023-12-01,Mexico,Mexico,-0.10743428082384752,-0.02099146826281434,-0.14747964971146896,-0.05406359278214414,0.5151515151515151
2023-12-01,NASDAQ,US,0.054967828066559456,0.05312976934324019,0.12783988533708718,0.08628039965022528,0.45454545454545453
2023-12-01,Netherlands,Netherlands,0.0023384869947478022,0.008817523992429672,0.03658955088211657,0.030535735575034716,0.36363636363636365
2023-12-01,Philippines,Philippines,-0.023350367835951714,-0.05144086874783264,0.04943471557023105,-0.023618053814679338,0.3787878787878788
2023-12-01,Poland,Poland,-0.025241478265148568,0.002849705955469394,-0.11263835182816201,-0.004847736692455688,0.9696969696969697
2023-12-01,Saudi Arabia,Saudi Arabia,-0.04584309572734937,-0.040052433236511954,-0.1001345093739736,-0.07435133411633177,0.36363636363636365
2023-12-01,Singapore,Singapore,0.0031532109185424314,0.019098208134843225,0.04146065057215033,0.01909945956774943,0.6515151515151516
2023-12-01,South Africa,South Africa,-0.0602491141880588,-0.03010889810376411,-0.1349662182184948,-0.08644031304221733,0.2727272727272727
2023-12-01,Spain,Spain,-0.05791157482074707,-0.001179158040240347,-0.1865541292728952,-0.07492538657866064,0.8181818181818181
2023-12-01,Sweden,Sweden,-0.003024571789107788,0.01006109739166298,0.011977559608164526,0.022442577347999648,0.3787878787878788
2023-12-01,Switzerland,Switzerland,0.017150123759764865,0.012124974505191363,-0.05079828644980567,0.028316635828996357,0.3333333333333333
2023-12-01,Taiwan,Taiwan,0.03302870175943262,0.025470953272794868,0.00848744575554573,-0.004726551350867243,0.3939393939393939
2023-12-01,Thailand,Thailand,-0.049381623614954726,-0.0048173170957665325,-0.016976357653644514,0.007140565224579856,0.36363636363636365
2023-12-01,Turkey,Turkey,-0.09640921527162676,-0.07534357701827485,-0.060341599354084056,0.06496450173476608,0.6363636363636364
2023-12-01,U.K.,U.K.,-0.00128438039052232,0.022870222684789956,-0.03510852049432619,0.023550940703959945,0.6818181818181819
2023-12-01,U.S.,US,0.05552863651322686,0.05653370842328821,0.10440339131769498,0.08458061140523064,0.4393939393939394
2023-12-01,US SmallCap,US,0.060042414348632986,0.056751458746703884,0.08984653973004009,0.08987131537846828,0.30303030303030304
2023-12-01,Vietnam,Vietnam,0.018240363542613464,-0.041326421103363174,-0.09308698473678788,-0.047336781490157916,0.24242424242424243
2024-01-01,Australia,Australia,-0.07849551228473635,-0.034246073194621134,-0.20863764881053998,-0.07021757211015799,0.3333333333333333
2024-01-01,Brazil,Brazil,-0.11410165662680981,-0.08653755833473097,-0.15537252693116424,-0.03144736730351937,0.696969696969697
2024-01-01,Canada,Canada,0.005813054446626687,0.032403188785535005,-0.05501211761944257,0.017926677798220048,0.48484848484848486
2024-01-01,Chile,Chile,-0.06311729457745234,-0.06915453416673019,-0.08267879745766742,-0.06751245537104004,0.6363636363636364
2024-01-01,ChinaA,China,-0.002962703033913662,0.0005354748860303248,-0.0048775654933430725,0.06305440972902575,0.4696969696969697
2024-01-01,ChinaH,China,-0.0015446163458125058,0.0005354748860303248,-0.00412468278091075,0.06158359300808561,0.5
2024-01-01,Denmark,Denmark,0.07663050890468823,0.0551210810512304,0.0841038383761968,0.07504554509325412,0.4545454545454546
2024-01-01,France,France,-0.00851882738374328,0.014860285346071712,-0.22035031976400016,-0.05876424813929221,0.5
2024-01-01,Germany,Germany,0.004563258329851086,0.037227268875342306,-0.04247315140634476,0.03410565300549844,0.6515151515151515
2024-01-01,Hong Kong,Hong Kong,0.01158059076710728,0.033867197261652875,0.04711270369415045,0.008051280247095293,0.5
2024-01-01,Indonesia,Indonesia,-0.08733854374782381,-0.04854931163393901,-0.11286286231598361,-0.0645359267004892,0.3181818181818182
2024-01-01,Italy,Italy,-0.08646039166133393,-0.025906943742502964,-0.26345710462050653,-0.04908420971559038,0.8787878787878789
2024-01-01,Japan,Japan,0.093211759290088,0.007074516046796438,0.03604768646751021,0.039142221121463275,0.6515151515151516
2024-01-01,Korea,Korea,-0.013632269225039607,0.023513022369657577,-0.19865590511643863,-0.01737640454524314,0.7878787878787878
2024-01-01,Malaysia,Malaysia,-0.06657466255249457,-0.05670719252882996,-0.10936702918985237,-0.06102061358093798,0.45454545454545453
2024-01-01,Mexico,Mexico,-0.14853678456223823,-0.07931018431279636,-0.22013973725951677,-0.08112180318070845,0.6212121212121212
2024-01-01,NASDAQ,US,0.05435999136289404,0.033095274182952376,0.10547333452288209,0.10713118853362409,0.5
2024-01-01,Netherlands,Netherlands,0.030893065375594046,0.02997260032265498,0.003416395473848229,0.0354342489040851,0.4393939393939394
2024-01-01,Philippines,Philippines,-0.03986837010197334,-0.034791875680312494,0.04369274997058418,-0.02073154682341684,0.3787878787878788
2024-01-01,Poland,Poland,-0.05538678819742887,-0.03201682482995625,-0.12810876970665835,-0.024657798455441582,0.9545454545454546
2024-01-01,Saudi Arabia,Saudi Arabia,-0.08585038163005634,-0.10630201561251364,-0.11310442365285332,-0.09416870029403585,0.30303030303030304
2024-01-01,Singapore,Singapore,0.004135834593151007,0.030347668511075024,0.017897801094786052,0.017234367824995454,0.5
2024-01-01,South Africa,South Africa,-0.05861898432459283,-0.06283502659560924,-0.10071134517171257,-0.059339741388219513,0.36363636363636365
2024-01-01,Spain,Spain,-0.04740102457921903,0.013446076480274438,-0.23484176853860128,-0.05930975057485946,0.7878787878787878
2024-01-01,Sweden,Sweden,0.02297259755516591,0.037004380100732794,-0.02668525484562223,0.022641941709044273,0.3939393939393939
2024-01-01,Switzerland,Switzerland,0.01835632567628085,0.061112351647373775,-0.009455671527203377,0.004222606671039162,0.30303030303030304
2024-01-01,Taiwan,Taiwan,0.008940997075493118,0.03099563624798228,0.0016459151863237754,-0.039011853583876294,0.4696969696969697
2024-01-01,Thailand,Thailand,-0.0773128782748101,-0.0014134542517268978,-0.03563209704085378,0.028448464133051597,0.33333333333333337
2024-01-01,Turkey,Turkey,-0.12364994249756135,-0.06861021997419679,-0.10381934504060517,0.03332434643977279,0.48484848484848486
2024-01-01,U.K.,U.K.,0.013170556259729285,0.03467118438127517,-0.04446252715476835,0.023234363318752872,0.5757575757575758
2024-01-01,U.S.,US,0.057248948937066196,0.01873877862616155,0.09754706843686456,0.09992086107575698,0.4393939393939394
2024-01-01,US SmallCap,US,0.049823996461323516,0.02936670073557223,0.12616787880728844,0.09318948374159713,0.3787878787878788
2024-01-01,Vietnam,Vietnam,0.051986173263056976,0.08044454110575418,0.08411457814270008,0.20051484984060808,0.4545454545454546
2024-02-01,Australia,Australia,-0.0984905034731534,-0.0026111856777052142,-0.1763694054941765,-0.05640839031073128,0.30303030303030304
2024-02-01,Brazil,Brazil,-0.12366764985403918,-0.08277616628986845,-0.17658863128011312,-0.02485334733434047,0.7878787878787878
2024-02-01,Canada,Canada,0.0049042128497926215,0.0007195287463884368,-0.03232069641348752,0.01444508790681045,0.4393939393939394
2024-02-01,Chile,Chile,-0.07529710900618115,-0.09767447285617857,-0.08672311648161085,-0.07444116240028124,0.5909090909090909
2024-02-01,ChinaA,China,-0.0022203618572316786,-0.0023705110306578006,-0.04077702136659928,0.04206660901191348,0.4393939393939394
2024-02-01,ChinaH,China,0.00775900933796137,-0.0004073168496782709,-0.03956825633936705,0.03868931580531544,0.48484848484848486
2024-02-01,Denmark,Denmark,0.07663050890468823,0.08769961068410026,0.09207235909945241,0.07708598124347313,0.5
2024-02-01,France,France,-0.051855512939196505,-0.008101893591807291,-0.25297941845766014,-0.053133710720344625,0.4393939393939394
2024-02-01,Germany,Germany,-0.009083859316044503,0.03645336580627586,-0.015083736883187548,0.02369916639906018,0.5909090909090909
2024-02-01,Hong Kong,Hong Kong,-0.005795701245154147,0.017060179682033834,0.021121373572515693,0.04729525226183828,0.5303030303030303
2024-02-01,Indonesia,Indonesia,-0.10504763984915758,-0.039484257027838796,-0.16712983463814282,-0.05690713546400826,0.3181818181818182
2024-02-01,Italy,Italy,-0.1019721373609869,-0.04645173454478875,-0.23124580637554076,-0.08133536708362547,0.8181818181818182
2024-02-01,Japan,Japan,0.0371849976871448,0.02410296347966466,-0.1164050020816637,-0.028980548615240173,0.6515151515151515
2024-02-01,Korea,Korea,-0.025108950139190345,-0.00363069020311564,-0.1817745990573995,-0.003420153418813321,0.7878787878787878
2024-02-01,Malaysia,Malaysia,-0.052522173218463274,-0.05519090016189334,-0.09941479581925651,-0.05364247491275026,0.4393939393939394
2024-02-01,Mexico,Mexico,-0.14204731157092595,-0.09089033111769755,-0.22932380427109134,-0.0850267719656722,0.6060606060606061
2024-02-01,NASDAQ,US,0.06156083597974328,0.024208459604862634,0.08641456148393391,0.10157467367000884,0.5
2024-02-01,Netherlands,Netherlands,-0.004032037241984022,0.02321793572684412,-0.0067085137765856865,0.017672245963450635,0.36363636363636365
2024-02-01,Philippines,Philippines,-0.05335965288774902,-0.06674388496462179,-0.005404461750845087,-0.047378038904386924,0.3939393939393939
2024-02-01,Poland,Poland,-0.051845729375314294,-0.03151689916777324,-0.12827055261023565,-0.008835614607186557,0.9393939393939394
2024-02-01,Saudi Arabia,Saudi Arabia,-0.08578958717525496,-0.10948175954779028,-0.12476154443621486,-0.08084803384148936,0.4545454545454546
2024-02-01,Singapore,Singapore,-0.010231912213250823,0.030949321046252344,0.02177868437433153,0.018855371017712043,0.5151515151515151
2024-02-01,South Africa,South Africa,-0.07022773501951907,-0.05670719252882996,-0.10488084577022345,-0.07415609611497792,0.3787878787878788
2024-02-01,Spain,Spain,-0.062042667407874036,-0.008654916102080391,-0.2512415173698822,-0.060823858392489334,0.7727272727272727
2024-02-01,Sweden,Sweden,0.0020736856413049766,0.03751813664371876,-0.0019065627644623577,0.03167618742779602,0.48484848484848486
2024-02-01,Switzerland,Switzerland,0.0304807380600014,0.015326978655083536,0.001060186131005567,0.0027753050554029865,0.3333333333333333
2024-02-01,Taiwan,Taiwan,-0.01659024263333974,-0.000985544308381157,-0.02266690840150673,-0.03997494465353657,0.43939393939393945
2024-02-01,Thailand,Thailand,-0.07235091554743235,-0.015300552512489567,-0.057100912641021816,0.01285593393986329,0.36363636363636365
2024-02-01,Turkey,Turkey,-0.09697681810006967,-0.07727164362118435,-0.08702144807787102,0.06037163813868332,0.4242424242424242
2024-02-01,U.K.,U.K.,-0.0030664937538150603,0.038406751293441684,-0.007138506709332934,0.03677450283934343,0.6060606060606061
2024-02-01,U.S.,US,0.06156083597974328,0.015791017387167303,0.08681010081772707,0.08633327630394945,0.4696969696969697
2024-02-01,US SmallCap,US,0.055553970192101766,0.029586616679200997,0.10578359223077108,0.09176604511522038,0.40909090909090906
2024-02-01,Vietnam,Vietnam,0.020350472409378956,0.003342508428392935,-0.13493200657515553,-0.029810307942904,0.42424242424242425
2024-03-01,Australia,Australia,-0.10252302455817164,-0.02327494689252156,-0.17005832206852992,-0.07831283132870971,0.3939393939393939
2024-03-01,Brazil,Brazil,-0.11771756303941269,-0.080838444285185,-0.12296298806337808,-0.034868662560907294,0.7575757575757576
2024-03-01,Canada,Canada,0.005904935056408548,0.022541627654882032,0.01688138273364099,0.022365454564587356,0.5
2024-03-01,Chile,Chile,-0.06318014216415382,-0.0784153973762247,-0.04842777533097437,-0.08981129279423539,0.5151515151515151
2024-03-01,ChinaA,China,-0.0028610022096118926,0.007037200482516751,-0.07156709317296797,0.02121661368611611,0.4393939393939394
2024-03-01,ChinaH,China,-0.0028610022096118926,0.014731464672723354,-0.07573775199059775,0.02152624968658047,0.5
2024-03-01,Denmark,Denmark,0.05057953255791756,0.018860261320660404,0.08832579096712916,0.08159161752345599,0.5
2024-03-01,France,France,-0.08790150315353613,-0.02113518644973264,-0.2158579782981453,-0.08063193256517848,0.3939393939393939
2024-03-01,Germany,Germany,0.007536718669590698,0.02753005222072017,0.019417057940558827,0.02771503989220723,0.5606060606060606
2024-03-01,Hong Kong,Hong Kong,-0.003094357303613754,-0.024024309979227776,-0.004322228998285814,0.05039187769886433,0.5454545454545454
2024-03-01,Indonesia,Indonesia,-0.11728320231926234,-0.09444406900322151,-0.13029885203819272,-0.058290403962982074,0.25757575757575757
2024-03-01,Italy,Italy,-0.11167607680120319,-0.04825977144200096,-0.14994073442415384,-0.08337396494757292,0.7575757575757576
2024-03-01,Japan,Japan,0.010760224216104017,-0.020273387628541906,-0.10096291821909785,-0.05588048685116253,0.7727272727272727
2024-03-01,Korea,Korea,-0.06846535200044022,-0.021031290446526105,-0.1477168802140267,-0.03188524141611388,0.6666666666666667
2024-03-01,Malaysia,Malaysia,-0.03964200553339337,-0.019769079867257514,-0.07904042048993307,-0.014442934386894948,0.48484848484848486
2024-03-01,Mexico,Mexico,-0.14736152105626923,-0.07283860002205107,-0.15507480837779108,-0.06137552881503688,0.5757575757575758
2024-03-01,NASDAQ,US,0.06476868444178523,0.016494704894159558,0.09515473712538755,0.08342957109914276,0.5
2024-03-01,Netherlands,Netherlands,-0.0015961379751147572,0.03943460359773344,-0.009789619049749683,0.02173323247912983,0.46969696969696967
2024-03-01,Philippines,Philippines,-0.08321268754614905,-0.1182102166110017,-0.04677241286700433,-0.06661763397597827,0.36363636363636365
2024-03-01,Poland,Poland,-0.07565809630687437,-0.0714545791977253,-0.023731051122881888,-0.049116222621343776,0.9545454545454546
2024-03-01,Saudi Arabia,Saudi Arabia,-0.08764965087123537,-0.08807800039034533,-0.09012728346305994,-0.07266898377451682,0.5
2024-03-01,Singapore,Singapore,-0.006680360351250395,0.015023984699132369,0.027928318091295215,0.020312054585826474,0.5
2024-03-01,South Africa,South Africa,-0.06572831743100009,-0.06501632128711067,-0.09937759274324866,-0.07287444794863279,0.42424242424242425
2024-03-01,Spain,Spain,-0.08810814294506525,-0.028898868357923907,-0.20053048131377588,-0.07513396633217331,0.7272727272727273
2024-03-01,Sweden,Sweden,-0.004272689609483455,0.01655689239916089,0.005336759105770746,0.0318564648725181,0.3484848484848485
2024-03-01,Switzerland,Switzerland,0.03344891392760717,0.021611193805394294,0.015088396029015282,0.03244554710624606,0.3787878787878788
2024-03-01,Taiwan,Taiwan,-0.01191567833100467,-0.01189874470173272,-0.032970480997159414,-0.020194634860072527,0.43939393939393945
2024-03-01,Thailand,Thailand,-0.05518366642428323,-0.01687443019947481,-0.07339520741300756,0.00558766478005542,0.3484848484848485
2024-03-01,Turkey,Turkey,-0.12858997461401825,-0.05356971237414539,-0.09991981145301256,0.05178978305762495,0.5151515151515151
2024-03-01,U.K.,U.K.,-0.01357955207026574,0.013611360480424392,-0.0011188949247135397,0.03296625150900746,0.5454545454545454
2024-03-01,U.S.,US,0.06476868444178523,0.022029261373497554,0.0919866339929886,0.08561131516421021,0.48484848484848486
2024-03-01,US SmallCap,US,0.059147776043043346,0.030203694078361577,0.10422212985679348,0.07378171052483752,0.36363636363636365
2024-03-01,Vietnam,Vietnam,0.047559024367275445,0.025617863519753634,-0.14258015382690592,-0.03415963468348028,0.5151515151515151
2024-04-01,Australia,Australia,-0.08109886680477221,-0.050209581257609694,-0.14475425257490068,-0.08183396402624273,0.3484848484848485
2024-04-01,Brazil,Brazil,-0.09060800876937185,-0.05400007832363671,-0.08281873571059939,-0.02136098371690067,0.8636363636363636
2024-04-01,Canada,Canada,0.010974945401907294,0.021019084865114675,0.02878236576180962,0.026528465234003137,0.46969696969696967
2024-04-01,Chile,Chile,-0.056690167804525494,-0.10125970979356715,-0.07440453099081668,-0.08917117709432194,0.5303030303030303
2024-04-01,ChinaA,China,0.00229627130883683,0.005239512753013313,-0.02412351843250802,0.03702764922715527,0.4393939393939394
2024-04-01,ChinaH,China,0.00229627130883683,0.023568889273394615,-0.022180680043731575,0.05162274334039605,0.5151515151515151
2024-04-01,Denmark,Denmark,0.0864616045568408,0.07593197092716245,0.07148957152473956,0.0685116245122079,0.46969696969696967
2024-04-01,France,France,-0.03447888009498498,-0.032333192879289145,-0.21193318236620004,-0.08376347370263841,0.3484848484848485
2024-04-01,Germany,Germany,0.020786954065526914,0.01646920273375272,0.0236068867487434,0.02609429596702794,0.5151515151515151
2024-04-01,Hong Kong,Hong Kong,0.00763876187660254,0.008860052634946314,-0.009477341551834478,0.0631717244779443,0.5454545454545454
2024-04-01,Indonesia,Indonesia,-0.10397519756076877,-0.07877641499598241,-0.10226375991553445,-0.05455068191510377,0.28787878787878785
2024-04-01,Italy,Italy,-0.0961589191583625,-0.0693371454304827,-0.12053492720220096,-0.08694885568550464,0.7878787878787878
2024-04-01,Japan,Japan,-0.029701280841702746,-0.04001095571421245,-0.13272422972426723,-0.07121440693280073,0.7121212121212122
2024-04-01,Korea,Korea,-0.015951917304403027,-0.010764242364635818,-0.11558745544884542,-0.0405624543560837,0.6818181818181819
2024-04-01,Malaysia,Malaysia,-0.02758212544434909,-0.011396083764413624,-0.056851436543850116,-0.005556279101493737,0.5
2024-04-01,Mexico,Mexico,-0.11024709449906335,-0.039553993239429715,-0.11055957071030682,-0.07440941723399569,0.4696969696969697
2024-04-01,NASDAQ,US,0.06191297328472692,0.05630769542756578,0.08199501039855553,0.0857107971653346,0.5151515151515151
2024-04-01,Netherlands,Netherlands,0.008091356520117452,0.010416959328086927,-0.02049546087288828,0.029228060516031808,0.45454545454545453
2024-04-01,Philippines,Philippines,-0.0768235092165993,-0.11956817368754183,-0.07826473708463348,-0.041126479090957006,0.4696969696969697
2024-04-01,Poland,Poland,-0.01484184070618074,-0.04355324160184894,-0.11619205611309916,-0.02673174142685207,0.9545454545454546
2024-04-01,Saudi Arabia,Saudi Arabia,-0.033474633098762856,-0.024113333329325387,-0.07715322210493987,-0.06617189957044482,0.5
2024-04-01,Singapore,Singapore,0.00222504624015,-0.002160808113080141,0.04358883321188095,0.022371013472238667,0.5151515151515151
2024-04-01,South Africa,South Africa,-0.022587465970535514,-0.05293855761367601,-0.13444218898324783,-0.09186710270555293,0.3333333333333333
2024-04-01,Spain,Spain,-0.07936819307515197,-0.05775479237239775,-0.18456311437570982,-0.09445582155432464,0.5757575757575758
2024-04-01,Sweden,Sweden,0.0029391588871486417,0.009682950317125622,0.01731978995306653,0.03682868883377689,0.4393939393939394
2024-04-01,Switzerland,Switzerland,0.012558728262993661,0.024498460929193354,-0.05734244504586808,0.030154594468920513,0.21212121212121213
2024-04-01,Taiwan,Taiwan,-0.015110238799341083,-0.01991298252105385,-0.04022461067632122,-0.040082142242523884,0.43939393939393945
2024-04-01,Thailand,Thailand,-0.04542532541678322,-0.05095505754281465,-0.0372005278413803,-0.027322711874596985,0.3333333333333333
2024-04-01,Turkey,Turkey,-0.10962245549654481,-0.03664209050226008,-0.11020617629711117,0.049252768112527184,0.7272727272727273
2024-04-01,U.K.,U.K.,-0.0037286968826496414,0.016590614819456083,0.020128269580753234,0.03669470848780832,0.5151515151515151
2024-04-01,U.S.,US,0.06105569504329317,0.0369202804902991,0.0809432230692151,0.07544177218360468,0.48484848484848486
2024-04-01,US SmallCap,US,0.06527036351762777,0.057161363177205146,0.10172967767741782,0.07205892189253132,0.5454545454545454
2024-04-01,Vietnam,Vietnam,0.04011034861302079,0.023142318746059473,-0.019997555307789613,0.057873173541369616,0.5
2024-05-01,Australia,Australia,-0.07407881232064248,-0.01583181205052757,-0.11849208525956978,-0.06624329045597618,0.3787878787878788
2024-05-01,Brazil,Brazil,-0.12678927916128993,-0.037642036944893376,-0.04268239514316557,-0.013544455814648592,0.7878787878787878
2024-05-01,Canada,Canada,0.033826345195623594,-0.009396797801260282,0.045571778767857715,0.023641730595629434,0.45454545454545453
2024-05-01,Chile,Chile,-0.05727343092547814,-0.08761635709089563,-0.0706101343122879,-0.07727297943164703,0.5606060606060606
2024-05-01,ChinaA,China,-0.0016094157891724551,0.014523512439210866,0.015952772516190983,0.06961725125407704,0.4545454545454546
2024-05-01,ChinaH,China,-0.0016094157891724551,0.014523512439210866,0.01470102340057877,0.06780734570232982,0.5151515151515151
2024-05-01,Denmark,Denmark,0.0873529389900098,0.07508116123009705,0.07981162195958387,0.04995828296768946,0.46969696969696967
2024-05-01,France,France,-0.021232386904548692,-0.020121155240602866,-0.13337821551140575,-0.053834148096186064,0.3484848484848485
2024-05-01,Germany,Germany,0.02543301752590147,0.025281924230599842,0.027448879036376828,0.021569735879232832,0.5606060606060606
2024-05-01,Hong Kong,Hong Kong,0.006736518421202131,0.005571250201121937,0.009271616544969783,0.044030989706855775,0.5151515151515151
2024-05-01,Indonesia,Indonesia,-0.08841079100670024,-0.05933296064634369,-0.03768206186893928,-0.05111621280203449,0.24242424242424243
2024-05-01,Italy,Italy,-0.09610728660351361,-0.05755180274950954,-0.11718369310370026,-0.08115986935144627,0.8181818181818181
2024-05-01,Japan,Japan,0.05338249055654393,0.013402681471001513,-0.0760120101649657,-0.0402535300943839,0.6515151515151516
2024-05-01,Korea,Korea,0.013458421422095504,-0.0040377642918107085,-0.08482215998442619,-0.01888054441310777,0.7878787878787878
2024-05-01,Malaysia,Malaysia,-0.03356599275006191,-0.014618788601229065,-0.019690178651475487,0.004724583088449676,0.5
2024-05-01,Mexico,Mexico,-0.023585510283346933,-0.015031348578310299,-0.07781747376274233,-0.05065672437485384,0.4545454545454546
2024-05-01,NASDAQ,US,0.062119283526048716,0.054248589074185775,0.0785779138734891,0.08197444551437104,0.5151515151515151
2024-05-01,Netherlands,Netherlands,0.022031865637535224,0.03401860116098421,-0.003326222448985298,0.028576092876493278,0.46969696969696967
2024-05-01,Philippines,Philippines,-0.046520011378080435,-0.07245991464839831,-0.06873366539793473,-0.05204393226520068,0.45454545454545453
2024-05-01,Poland,Poland,-0.04922102741120424,-0.03512170102959922,-0.10823631430786582,-0.048289555310730266,0.9393939393939394
2024-05-01,Saudi Arabia,Saudi Arabia,-0.06447452407411017,-0.06573926015623581,-0.10380206808064349,-0.06574888874950022,0.3333333333333333
2024-05-01,Singapore,Singapore,0.02006280949367807,-0.003107908075056274,0.0518127148565799,0.020300970829063673,0.48484848484848486
2024-05-01,South Africa,South Africa,-0.019754417400168568,-0.048980841604264296,-0.11081256498997188,-0.06189856006842171,0.3787878787878788
2024-05-01,Spain,Spain,-0.05523906883572096,-0.04152516327397198,-0.1291740077867615,-0.09468680933428902,0.7121212121212122
2024-05-01,Sweden,Sweden,0.006356343715246697,0.016691397007912355,0.024531922686859275,0.03023225997797537,0.33333333333333337
2024-05-01,Switzerland,Switzerland,-0.005472669371748367,-0.00869835666131097,-0.08118965225802112,0.011591408214353146,0.19696969696969696
2024-05-01,Taiwan,Taiwan,-0.007185158074444086,-0.009314115131790614,-0.016577071359828152,-0.036637778688612455,0.5606060606060607
2024-05-01,Thailand,Thailand,-0.039468029055513346,-0.033860732223346734,-0.03626582670315922,-0.025073159895423004,0.30303030303030304
2024-05-01,Turkey,Turkey,-0.11059769765252918,-0.04738521094068243,-0.07603087598712069,0.014854948238408884,0.7272727272727273
2024-05-01,U.K.,U.K.,0.013077833515175772,0.022373185560144254,0.020381506722751644,0.038432692413505824,0.4545454545454546
2024-05-01,U.S.,US,0.061262005284614965,0.04525005927452146,0.07815910451914643,0.07359322824829484,0.48484848484848486
2024-05-01,US SmallCap,US,0.06836563133312175,0.06253877764178543,0.09608079401105774,0.07520812192899981,0.5757575757575758
2024-05-01,Vietnam,Vietnam,0.026721416352443787,0.024274071195467685,-0.09910722782283163,-0.06501289610367358,0.5757575757575757
2024-06-01,Australia,Australia,-0.08872659402497995,-0.02885502159437501,-0.11752754262483558,-0.07838978219230526,0.4393939393939394
2024-06-01,Brazil,Brazil,-0.1365908354161049,-0.015009494408828773,-0.03728913707210646,-0.013079117299804814,0.7424242424242424
2024-06-01,Canada,Canada,0.002465368670577497,-0.0026684741567946195,0.020685302636303637,0.02779924170687364,0.48484848484848486
2024-06-01,Chile,Chile,-0.059397182160065606,-0.09180141340032823,-0.03664204585875596,-0.06841730975304694,0.5151515151515151
2024-06-01,ChinaA,China,0.03211575100575353,0.0020345655589257463,0.08838592240857102,0.0706882964958587,0.5454545454545454
2024-06-01,ChinaH,China,0.03516436652354414,0.0020345655589257463,0.08406298454080609,0.06609278914200607,0.5757575757575758
2024-06-01,Denmark,Denmark,0.14594089752759726,0.15400129896794915,0.06611628962665052,0.06333726296293632,0.48484848484848486
2024-06-01,France,France,-0.012606216966379681,-0.0736073112764819,-0.1683247003233337,-0.07535769779529272,0.3787878787878788
2024-06-01,Germany,Germany,0.016935844445336058,-0.0032408308758396093,0.02606771851211781,0.031773553862600716,0.5454545454545454
2024-06-01,Hong Kong,Hong Kong,0.00391987195451525,-0.008050394110186624,0.001308062804124559,0.03145304079495502,0.5303030303030303
2024-06-01,Indonesia,Indonesia,-0.06847495581450304,-0.024312270801277486,-0.027862468084431165,-0.026374809190720425,0.19696969696969696
2024-06-01,Italy,Italy,-0.10057110579845983,-0.10601267544627171,-0.11061756440960475,-0.06854963876900765,0.8181818181818181
2024-06-01,Japan,Japan,0.05858446370846958,0.005701820242363487,-0.08829945081913833,-0.028853725259020302,0.5757575757575757
2024-06-01,Korea,Korea,-0.0017562279181501973,-0.035302777521962356,-0.11494787110988898,-0.0213607249508715,0.6060606060606061
2024-06-01,Malaysia,Malaysia,-0.03278625763520915,-0.02386261173263419,-0.00035205411347706377,0.03339513522576382,0.5454545454545454
2024-06-01,Mexico,Mexico,-0.05545202936232331,-0.024175388337666075,-0.07376705103568207,-0.03675103559472827,0.4242424242424242
2024-06-01,NASDAQ,US,0.05726683647462029,0.05798382608494328,0.08534438564274219,0.08627069428650856,0.43939393939393945
2024-06-01,Netherlands,Netherlands,0.020098630990341995,0.03315144828622504,-0.0011137320711358308,0.02785628368136546,0.45454545454545453
2024-06-01,Philippines,Philippines,-0.019116072371015078,-0.025988576745115156,-0.0817328491823739,-0.0521294615753291,0.4393939393939394
2024-06-01,Poland,Poland,-0.07704033052072407,-0.08601966521270431,-0.15142837501324063,-0.1515986574302564,0.9090909090909092
2024-06-01,Saudi Arabia,Saudi Arabia,-0.02872716039081493,-0.03135055976544592,-0.08115791889068615,-0.073331266584713,0.303030303030303
2024-06-01,Singapore,Singapore,0.025847976295897218,0.019035488547793585,0.05473233597428139,0.028059049136582907,0.5303030303030303
2024-06-01,South Africa,South Africa,-0.004624898308487025,-0.02019525353927197,-0.06150755614084448,-0.047135731865060405,0.5303030303030303
2024-06-01,Spain,Spain,-0.06295902898272,-0.05661752838322857,-0.15315441259798548,-0.08399040171590534,0.803030303030303
2024-06-01,Sweden,Sweden,0.0019440494792989475,0.030912066239482956,0.02834822741540448,0.028738529749302022,0.4393939393939394
2024-06-01,Switzerland,Switzerland,-0.007894858555337045,0.027007701812514745,-0.08866606617994946,0.020349243716810878,0.12121212121212122
2024-06-01,Taiwan,Taiwan,-0.014430879220402615,0.01786718513594065,0.0014113416521555882,-0.032413552811379746,0.4545454545454546
2024-06-01,Thailand,Thailand,-0.03899416582516943,-0.06065002738785755,-0.016151640443950253,-0.0254752875517041,0.2727272727272727
2024-06-01,Turkey,Turkey,-0.09532504121097003,-0.024599438996739262,-0.08258211585710076,-0.012108278905169611,0.9090909090909092
2024-06-01,U.K.,U.K.,0.016616092587292755,-0.016173561097932703,0.012506502562228112,0.039973053549334225,0.6212121212121212
2024-06-01,U.S.,US,0.05640955823318654,0.041843801088871875,0.08466312601382343,0.08365119735799699,0.48484848484848486
2024-06-01,US SmallCap,US,0.06351318428169331,0.05727279433395059,0.10380320822904131,0.08793624349056282,0.48484848484848486
2024-06-01,Vietnam,Vietnam,0.02465822756616369,0.028248189775499526,-0.10706499829935855,-0.059738836431970734,0.3939393939393939
2024-07-01,Australia,Australia,-0.044519963305873884,-0.003536775559524668,-0.1146144013262654,-0.028668794510617324,0.42424242424242425
2024-07-01,Brazil,Brazil,-0.12421646704698615,-0.07591051053538549,-0.09621233405180164,-0.03398827996945161,0.42424242424242425
2024-07-01,Canada,Canada,0.017008310754319855,0.0329083211242478,-0.0037702377482136114,0.009568679418909586,0.43939393939393934
2024-07-01,Chile,Chile,-0.08415307207440904,-0.10217383381654382,-0.06726789029110143,-0.06323100593997158,0.5606060606060607
2024-07-01,ChinaA,China,0.006910916555198234,0.03122708987807149,0.11171354505174429,0.02585186120591096,0.5757575757575757
2024-07-01,ChinaH,China,-0.005371223459107568,-0.009660998596915568,0.0986338475497196,0.008454985768218456,0.5757575757575757
2024-07-01,Denmark,Denmark,0.11141087484078427,0.11707140236185633,0.04844978356979385,0.0479496547610607,0.5
2024-07-01,France,France,0.0027123080057593514,-0.03180563128812314,-0.09960123373989176,0.004743400698807432,0.40909090909090906
2024-07-01,Germany,Germany,0.02051520947797448,-0.006247722771271317,0.0017446687726194897,0.00885533948444143,0.5606060606060606
2024-07-01,Hong Kong,Hong Kong,-0.028636641892259174,0.01859197632122892,-0.021721482870984313,-0.022843524630677115,0.5303030303030303
2024-07-01,Indonesia,Indonesia,-0.12095417945088087,-0.03250541199759422,-0.10350148445407377,-0.010818257277773882,0.16666666666666669
2024-07-01,Italy,Italy,-0.020356595354536072,-0.024608810579047964,-0.13922543974566304,-0.030453871594789645,0.8484848484848484
2024-07-01,Japan,Japan,0.04716228865166943,-0.008540480060479659,-0.08609528231226697,-0.019767517534719812,0.6212121212121212
2024-07-01,Korea,Korea,-0.013720306302484685,-0.03097469778026373,-0.042611163463113964,-0.036880056872068155,0.6363636363636364
2024-07-01,Malaysia,Malaysia,-0.054228692368776615,0.0003799086756955299,0.05729188712809824,0.09927649562157911,0.6818181818181819
2024-07-01,Mexico,Mexico,-0.013095587789411469,-0.01468743543845867,-0.0563057179988524,0.0011821620639066895,0.4242424242424242
2024-07-01,NASDAQ,US,0.06370748359776178,0.031208525366456748,0.08091067172589926,0.08472924248079805,0.4545454545454546
2024-07-01,Netherlands,Netherlands,0.028935101610327606,0.04513042786949901,-0.011956399430612299,0.011930313236444164,0.45454545454545453
2024-07-01,Philippines,Philippines,-0.06491536101824849,-0.1037879004339215,-0.05389979094964475,-0.07900070683698761,0.34848484848484845
2024-07-01,Poland,Poland,-0.034926255481526225,-0.04475576312939329,-0.09092805175349004,-0.0452146261624193,0.8484848484848485
2024-07-01,Saudi Arabia,Saudi Arabia,-0.045020684295187276,-0.04162789709671854,-0.07297886285475488,-0.0463647939460738,0.24242424242424243
2024-07-01,Singapore,Singapore,0.028329573133876823,0.003158773749394368,0.03515342152993871,0.00626500495975634,0.6060606060606061
2024-07-01,South Africa,South Africa,-0.06498294138435687,-0.029065776703092606,-0.06121759724835765,-0.06964243839898016,0.4242424242424242
2024-07-01,Spain,Spain,-0.011687882064460003,-0.004766661525841539,-0.1273944354434426,-0.04099073248874115,0.7727272727272727
2024-07-01,Sweden,Sweden,0.01058859661953137,-0.011883527589500769,0.029635324519895007,0.003067375147357526,0.48484848484848486
2024-07-01,Switzerland,Switzerland,0.010309198987774586,0.03334758315295841,0.05357534512066813,0.005704830769916907,0.24242424242424243
2024-07-01,Taiwan,Taiwan,-0.021314536670213297,0.0004965316507177919,-0.0001617427295259122,-0.04632580283122967,0.5303030303030303
2024-07-01,Thailand,Thailand,-0.003414566823373932,-0.06141644510008747,-0.02362133879337231,-0.02226732763383845,0.33333333333333337
2024-07-01,Turkey,Turkey,-0.0771513300163242,-0.0025725247907935774,-0.03403584947446398,0.019302275621312568,0.9090909090909092
2024-07-01,U.K.,U.K.,0.028327647792125113,-0.0008798079280184024,0.013733690395954096,0.01616451380718962,0.6212121212121212
2024-07-01,U.S.,US,0.06370748359776178,0.04471998521074404,0.07525125686695833,0.07022715330900658,0.4393939393939394
2024-07-01,US SmallCap,US,0.053280521503667196,0.03703953997480218,0.11718171087926024,0.1329608840344733,0.45454545454545453
2024-07-01,Vietnam,Vietnam,0.006283020115408449,0.013532655985214349,-0.14527977964527108,-0.06712924440667793,0.4545454545454546
2024-08-01,Australia,Australia,-0.08735812573970571,-0.010309921264281569,-0.12204056790849316,-0.051424789890154525,0.4696969696969697
2024-08-01,Brazil,Brazil,-0.1278590050031535,-0.06814400801694967,-0.07936024385405681,-0.0356662785435381,0.4696969696969697
2024-08-01,Canada,Canada,-0.008071950672943806,-0.010800635405504546,-0.01781875137255377,0.004048228490111097,0.4545454545454546
2024-08-01,Chile,Chile,-0.10220535227160835,-0.09556532342775154,-0.11078496062320983,-0.08295664891577463,0.5303030303030303
2024-08-01,ChinaA,China,0.0743801591571492,0.043558668697796,0.07839006893627826,-0.0018554932307011463,0.5
2024-08-01,ChinaH,China,0.06209801914284342,0.001791705121113086,0.06657848931975108,-0.0006964087742209364,0.5454545454545454
2024-08-01,Denmark,Denmark,0.06295096405922955,0.06877959921772152,0.0353280777627891,0.04534907666316069,0.5303030303030303
2024-08-01,France,France,-0.020640871803888385,-0.03542545739176485,-0.17362630549523048,-0.05728818376520304,0.3484848484848485
2024-08-01,Germany,Germany,0.0041127917203187675,-0.03934826017653793,-0.014017217527372384,0.007814635922163927,0.606060606060606
2024-08-01,Hong Kong,Hong Kong,-0.038097730045251264,-0.0351218530544287,-0.016134218187342675,-0.022564647849167993,0.5151515151515151
2024-08-01,Indonesia,Indonesia,-0.12675774301918336,-0.07426784194970565,-0.12507376557463307,-0.018490645458437448,0.19696969696969696
2024-08-01,Italy,Italy,-0.07299106701447593,-0.10279788755117673,-0.09565967558740203,-0.05927941262073098,0.7272727272727273
2024-08-01,Japan,Japan,0.0546522698788446,0.021312510605777792,-0.1355951598707658,-0.02296997736297746,0.6212121212121212
2024-08-01,Korea,Korea,-0.044053667392240176,-0.027756059076749346,-0.07850444472621351,-0.04977259004962109,0.696969696969697
2024-08-01,Malaysia,Malaysia,0.016093492668003535,0.030109148336410728,-0.012241139692650466,0.05015187165949518,0.6515151515151516
2024-08-01,Mexico,Mexico,-0.01754099276245981,-0.017528239206155594,-0.05623343566064037,-0.006299480523748501,0.33333333333333337
2024-08-01,NASDAQ,US,0.0558727912077658,0.042321029200843616,0.08318364384778983,0.10468936818930001,0.46969696969696967
2024-08-01,Netherlands,Netherlands,0.01719173362605851,0.022876588222450308,-0.02375569701954746,0.006152026602748811,0.5
2024-08-01,Philippines,Philippines,-0.07605666221588589,-0.13252543333458008,-0.09344716078977418,-0.10595629829680644,0.40909090909090906
2024-08-01,Poland,Poland,-0.07908167732275173,-0.07226871842968403,-0.12279666141623116,-0.06672650867393665,0.8636363636363636
2024-08-01,Saudi Arabia,Saudi Arabia,-0.037365731396628056,-0.020578947022411833,-0.03126806793651267,-0.01015528786510907,0.3181818181818182
2024-08-01,Singapore,Singapore,0.004296666770738694,-0.01495129820496912,0.03410478460579604,0.007000375158320934,0.5757575757575757
2024-08-01,South Africa,South Africa,-0.11222837429718825,-0.137084979561648,-0.16820449005423802,-0.08551389423041483,0.48484848484848486
2024-08-01,Spain,Spain,-0.057918612221169286,-0.024699277347996346,-0.15103785169437697,-0.058184475391399045,0.7272727272727273
2024-08-01,Sweden,Sweden,0.007555190416630301,-0.003106103990541659,0.005471418412694266,0.007052736261745169,0.5303030303030303
2024-08-01,Switzerland,Switzerland,0.018818688851342174,0.02906949389597882,-0.011668904865966265,0.0057643648692938445,0.2727272727272727
2024-08-01,Taiwan,Taiwan,-0.009647701652655695,0.002821249557064748,-0.029689733782735685,-0.016534969604452103,0.5606060606060607
2024-08-01,Thailand,Thailand,-0.02350829568962248,-0.018528761603725633,-0.06195185087004839,-0.017097827941346774,0.303030303030303
2024-08-01,Turkey,Turkey,-0.02944386993729126,0.05352821991182542,-0.016005326694493824,0.028858481108756766,0.8787878787878789
2024-08-01,U.K.,U.K.,0.014909984722717259,-0.026216199926643702,0.003251989576094922,0.009336717528660108,0.5909090909090908
2024-08-01,U.S.,US,0.05939075381364314,0.05561157861182019,0.0753778990427445,0.06486969199622038,0.4696969696969697
2024-08-01,US SmallCap,US,0.04822769654344116,0.06021219212046684,0.12229201430105241,0.190164993859964,0.4696969696969697
2024-08-01,Vietnam,Vietnam,-0.034398785280751784,-0.06100142919977236,-0.14564597923123784,-0.10221132596740619,0.3787878787878788
2024-09-01,Australia,Australia,-0.07582576772635567,-0.038402701615587634,-0.14159141631748132,-0.04444428021926926,0.42424242424242425
2024-09-01,Brazil,Brazil,-0.10644359285874751,-0.07312331057229274,-0.09867203518058142,-0.05451903832408954,0.46969696969696967
2024-09-01,Canada,Canada,0.02803677898632837,0.022694702638558165,-0.0069355573085831965,0.007233259980933604,0.40909090909090906
2024-09-01,Chile,Chile,-0.09081216079578608,-0.07372815350378031,-0.05460631283308119,-0.05344191240463769,0.6212121212121212
2024-09-01,ChinaA,China,0.06794992539288498,0.010377791894319515,0.09520720260023233,0.01630033555473195,0.5151515151515151
2024-09-01,ChinaH,China,0.05773452247321709,0.001791705121113086,0.06775628761043662,0.017299953872206744,0.5151515151515151
2024-09-01,Denmark,Denmark,0.05390291949706342,0.05438873801095191,0.03106613905422765,0.04940584178267936,0.48484848484848486
2024-09-01,France,France,-0.015892560321040625,-0.03544613072733829,-0.18629737687907755,0.010839969137576101,0.33333333333333337
2024-09-01,Germany,Germany,0.020109173137174117,0.030100165999744383,-0.014502674112417185,0.009878911752553815,0.5454545454545454
2024-09-01,Hong Kong,Hong Kong,-0.02379914522115081,0.0012025845435328312,-0.052287394270384716,-0.011438634879145187,0.5
2024-09-01,Indonesia,Indonesia,-0.11694279024123928,-0.05812903250744219,-0.08915674974662426,-0.021995468066628228,0.18181818181818182
2024-09-01,Italy,Italy,-0.06830952505441144,-0.0021255066098272214,-0.10775733978203214,-0.02052645230550678,0.7121212121212122
2024-09-01,Japan,Japan,0.05098860557276337,0.002323589393228123,-0.1405917676616314,-0.049805898877833654,0.6363636363636364
2024-09-01,Korea,Korea,-0.02210712640870658,0.013433824518160838,-0.07172789984985437,-0.035596282015235604,0.6818181818181819
2024-09-01,Malaysia,Malaysia,-0.031235386600322674,-0.010033993641151852,0.041528732194556925,0.09304392124078728,0.6060606060606061
2024-09-01,Mexico,Mexico,-0.020924153247079875,0.0019493457691182915,-0.056005858545416336,0.0178898358325728,0.3181818181818182
2024-09-01,NASDAQ,US,0.05119597655548671,0.03877968162809948,0.09147242951763045,0.11668605677661664,0.48484848484848486
2024-09-01,Netherlands,Netherlands,0.02166332274460713,0.06796903933951744,-0.028881572186152542,0.0035811150012622223,0.5151515151515151
2024-09-01,Philippines,Philippines,-0.046967095374535604,-0.046707460931713685,-0.02036851603681169,-0.015538669662420257,0.42424242424242425
2024-09-01,Poland,Poland,-0.07638746776127606,-0.057193417579134535,-0.14048916656594185,-0.06284677523123391,0.893939393939394
2024-09-01,Saudi Arabia,Saudi Arabia,-0.0721917086482936,-0.10902608402710032,-0.09910270344646852,-0.0893704881708396,0.3181818181818182
2024-09-01,Singapore,Singapore,0.03037398206306153,0.02725790850975121,-0.00569993886970955,0.016470318645832007,0.5909090909090909
2024-09-01,South Africa,South Africa,-0.10899185732101575,-0.08956608708136429,-0.11689138330587222,-0.04506461673083607,0.6363636363636365
2024-09-01,Spain,Spain,-0.038733298564499294,-0.002753514482327949,-0.18416766061537646,-0.06303074550276089,0.696969696969697
2024-09-01,Sweden,Sweden,0.028042798951035945,0.013733149349380244,-0.03644560648747362,0.004973809592085668,0.5303030303030303
2024-09-01,Switzerland,Switzerland,0.04418753877501694,0.06692071236352086,-0.0768977710605696,0.003134980757727333,0.25757575757575757
2024-09-01,Taiwan,Taiwan,-0.009321750820990852,0.03452185458941477,-0.05242760475182298,-0.016872852502242207,0.5909090909090909
2024-09-01,Thailand,Thailand,-0.04523454207071405,-0.027008807385381615,-0.07998156456042685,-0.022921112946926493,0.303030303030303
2024-09-01,Turkey,Turkey,-0.08343525666951,-0.005689950519365036,-0.05698201225930797,-0.004768889477264261,0.8787878787878788
2024-09-01,U.K.,U.K.,0.02414758607633213,-0.004345630255982049,0.008897847954975136,0.012126173000234147,0.5757575757575757
2024-09-01,U.S.,US,0.06759151098826746,0.0572880223339709,0.07479372015107072,0.06853391268884212,0.4545454545454546
2024-09-01,US SmallCap,US,0.05448856878752005,0.07092263863936714,0.14369062021621806,0.18878708694217505,0.5909090909090909
2024-09-01,Vietnam,Vietnam,-0.034068676174382695,-0.06221461989699312,-0.10220084809355588,-0.10072681956958003,0.30303030303030304
2024-10-01,Australia,Australia,-0.05628178984060863,0.008074080293469467,-0.164707484313983,-0.039950008723481166,0.42424242424242425
2024-10-01,Brazil,Brazil,-0.13330392310005287,-0.10683918451540908,-0.1259183023958367,-0.04802922410013176,0.40909090909090906
2024-10-01,Canada,Canada,0.024153644201965228,0.011289346486443919,-0.020568030306595785,0.01091811859334239,0.43939393939393934
2024-10-01,Chile,Chile,-0.07830449832523738,-0.037553673378117235,-0.06473945032147771,-0.039023533757856506,0.6363636363636364
2024-10-01,ChinaA,China,0.03477829076887319,0.026479369011128066,0.08366596693671552,0.019917477981864953,0.4696969696969697
2024-10-01,ChinaH,China,0.029919962935951623,0.022692636890448075,0.08361764105905738,0.018827920484197364,0.3939393939393939
2024-10-01,Denmark,Denmark,0.08873278439181756,0.11500434037929394,0.09342218785457831,0.09755925332622449,0.48484848484848486
2024-10-01,France,France,-0.026294863424723713,0.01607744142997964,0.003555745096081647,0.0028060723283258107,0.36363636363636365
2024-10-01,Germany,Germany,0.01225541153566408,0.0335683125671458,-0.035938806977692556,0.013753065410162423,0.6212121212121212
2024-10-01,Hong Kong,Hong Kong,0.026674668701495437,-0.011101171347975261,-0.03879922551473329,0.02652611556640716,0.5303030303030303
2024-10-01,Indonesia,Indonesia,-0.11889888203176552,-0.05730144646612645,-0.11745742081869777,-0.051574593317346505,0.24242424242424243
2024-10-01,Italy,Italy,-0.0885716707166126,-0.044828976759568956,-0.15506804476172045,-0.04427888183596691,0.8181818181818182
2024-10-01,Japan,Japan,0.016790210347582355,0.019149824058140055,-0.07731879198435894,-0.036399614883932244,0.6212121212121212
2024-10-01,Korea,Korea,-0.018614814118310216,-0.022809993925795222,-0.059002084079469906,0.0011914364260440348,0.6818181818181819
2024-10-01,Malaysia,Malaysia,-0.03240991361636262,-0.004018613657265581,0.07091852130617737,0.11889796005369199,0.7424242424242424
2024-10-01,Mexico,Mexico,-0.017403271722343502,-0.003895455322110171,-0.05622040716162714,-0.00012954728343281523,0.24242424242424243
2024-10-01,NASDAQ,US,0.060234630616964754,0.051053090588140115,0.06295701105243873,0.08895568047894924,0.45454545454545453
2024-10-01,Netherlands,Netherlands,0.005474728425796129,0.048406373102640315,-0.052657417566589475,0.001557591784831014,0.5454545454545455
2024-10-01,Philippines,Philippines,-0.046967095374535604,-0.04880694180984255,0.06648970959336176,0.00509569299147819,0.48484848484848486
2024-10-01,Poland,Poland,-0.08544854935250597,-0.04999455442509673,-0.13217847040507416,-0.05748977589921024,0.9393939393939394
2024-10-01,Saudi Arabia,Saudi Arabia,-0.07441497230903896,-0.0873742305945508,-0.051269252103818067,-0.02710267195745847,0.3181818181818182
2024-10-01,Singapore,Singapore,0.02778769811818274,0.03143912216960299,-0.029148102058100703,0.019962665449614416,0.5606060606060606
2024-10-01,South Africa,South Africa,-0.11102584262050866,-0.08763772945444333,-0.09343073203959114,-0.016983874922055046,0.5606060606060607
2024-10-01,Spain,Spain,-0.061740809808741116,-0.0497852645683026,-0.1983696834278611,-0.05439904969360556,0.7121212121212122
2024-10-01,Sweden,Sweden,0.015768221747345008,-0.005770974646218589,-0.044948494048972845,0.014472867274658078,0.5
2024-10-01,Switzerland,Switzerland,0.027083873448836233,0.053549875891029566,-0.05889175139245094,-0.0035767028522122337,0.30303030303030304
2024-10-01,Taiwan,Taiwan,0.0551754812352671,0.06451882539245067,-0.04265847629013394,0.006230589950771061,0.5757575757575758
2024-10-01,Thailand,Thailand,-0.044863654363428686,-0.019076754449448365,-0.13063668264490688,-0.050210724700760954,0.3787878787878788
2024-10-01,Turkey,Turkey,-0.11335153053772021,-0.05132510154702137,-0.05886558273337228,-0.05021675442795366,0.6060606060606061
2024-10-01,U.K.,U.K.,0.028548295821419413,-0.010229620004398424,-0.008980157670658948,0.008200449061405369,0.5606060606060606
2024-10-01,U.S.,US,0.07769640453405027,0.044665178081051284,0.012310691668645828,0.06128239367299006,0.4696969696969697
2024-10-01,US SmallCap,US,0.0635272228489981,0.07588543995898926,0.14469236317354633,0.18119695096394714,0.5454545454545454
2024-10-01,Vietnam,Vietnam,-0.029107151923891055,-0.020694846369448405,-0.13464608046037593,-0.1066544119686049,0.36363636363636365
2024-11-01,Australia,Australia,-0.02292711675230106,0.020635424474335497,-0.17672617056021425,-0.041802277407955626,0.5606060606060606
2024-11-01,Brazil,Brazil,-0.09846487245644166,-0.060093151517910545,-0.11400412048093005,-0.04913700940531995,0.33333333333333337
2024-11-01,Canada,Canada,0.029009653216363097,0.03742616995936059,-0.025593444651965842,0.017958770909154285,0.4696969696969697
2024-11-01,Chile,Chile,-0.028613395896825045,-0.006476801151549673,-0.044075125316827245,0.0050536716605677975,0.6212121212121212
2024-11-01,ChinaA,China,0.07617814866983864,0.05093533208976956,0.053084925115740644,0.02687696990979376,0.6666666666666667
2024-11-01,ChinaH,China,0.07617814866983864,0.05093533208976956,0.0527668433119278,0.027270312457946567,0.5909090909090908
2024-11-01,Denmark,Denmark,0.047887877847249925,0.051141956510660315,0.13862321270712674,0.11679609726844993,0.19696969696969696
2024-11-01,France,France,0.0005328819866985074,0.018752609698597354,-0.052270330444621864,0.008787007628154275,0.3181818181818182
2024-11-01,Germany,Germany,0.0354921773997399,0.048805227569927716,-0.04414914422024214,0.016640229248871388,0.6515151515151515
2024-11-01,Hong Kong,Hong Kong,0.028109359498991335,0.054823633292870294,0.0004302202227851812,0.012385658794626234,0.5303030303030303
2024-11-01,Indonesia,Indonesia,-0.10779203476095221,-0.03437824522719332,-0.11753503181030112,-0.07009530426784155,0.18181818181818182
2024-11-01,Italy,Italy,-0.044427410663427674,0.015531430200699317,-0.10771746865069855,-0.008258421356030388,0.6666666666666667
2024-11-01,Japan,Japan,0.042205530597879994,0.02296656352122548,-0.1600328987324512,-0.03977769851251502,0.5606060606060607
2024-11-01,Korea,Korea,0.002756266569025249,0.010102628654034669,-0.012132024301212675,-0.003055149133128035,0.5757575757575758
2024-11-01,Malaysia,Malaysia,-0.007893324547122722,0.041483315742850566,0.1042504746267584,0.15064871660115903,0.696969696969697
2024-11-01,Mexico,Mexico,-0.019630244206980237,-0.006276398396894638,0.001974170414715596,0.02202411556036055,0.2727272727272727
2024-11-01,NASDAQ,US,0.07079743277302118,0.032950408296978095,0.0559064348481616,0.05750574943207651,0.5
2024-11-01,Netherlands,Netherlands,0.03518236877487535,0.07386569544671626,-0.022847809563130844,0.00027905409459917044,0.4696969696969697
2024-11-01,Philippines,Philippines,-0.05512416414988285,-0.0029089751411306964,0.17046862874669355,0.08113955317437445,0.5454545454545454
2024-11-01,Poland,Poland,-0.048538834209175374,-0.022029857449738743,-0.12888709628976408,-0.018246065078560823,0.6818181818181819
2024-11-01,Saudi Arabia,Saudi Arabia,-0.03143772364477686,-0.05054270468060273,-0.05133043374056336,-0.04365401167444894,0.19696969696969696
2024-11-01,Singapore,Singapore,0.04135641015563647,0.01835188178786003,-0.08067718439024102,0.02849388594085036,0.7575757575757576
2024-11-01,South Africa,South Africa,-0.05072863867324253,-0.04247365789001545,-0.022517260027402713,0.03490423709100338,0.6060606060606061
2024-11-01,Spain,Spain,-0.047833635849485676,-0.015084162548846829,-0.15695898087994978,-0.039993480020081545,0.8484848484848485
2024-11-01,Sweden,Sweden,-0.031139472625916292,0.0052684234272993655,-0.027875456360554524,0.01710087612294408,0.6060606060606061
2024-11-01,Switzerland,Switzerland,0.03289655635694832,0.060152459737521036,-0.05348867838399505,0.00701138441856748,0.28787878787878785
2024-11-01,Taiwan,Taiwan,0.06443873870527878,0.06877549693307697,-0.06572444633822191,0.010587665901848488,0.5757575757575758
2024-11-01,Thailand,Thailand,-0.01626971622955525,0.023446154255648704,-0.11368090908255624,-0.04634704770310438,0.36363636363636365
2024-11-01,Turkey,Turkey,-0.053512095578665014,0.005058144832027491,-0.0719335259378739,-0.02294242106131968,0.6666666666666667
2024-11-01,U.K.,U.K.,0.03326570025112404,0.009716370856174161,-0.01966787542901481,0.016521002925360195,0.5909090909090909
2024-11-01,U.S.,US,0.07769640453405027,0.032950408296978095,0.006351727446650345,0.0514845889278439,0.4393939393939394
2024-11-01,US SmallCap,US,0.0635272228489981,0.04942771580122755,0.1312044809987998,0.16084738311286995,0.5909090909090909
2024-11-01,Vietnam,Vietnam,-0.020469384456263527,0.0038701103529863393,-0.1262168082384113,-0.10457158852799035,0.3787878787878788
2024-12-01,Australia,Australia,-0.0707646760184669,-0.03006636512219835,-0.10083617103890877,-0.04306521039226028,0.5
2024-12-01,Brazil,Brazil,-0.09113493117230075,-0.01962435571195595,-0.06460783476793217,-0.003360418814978024,0.3787878787878788
2024-12-01,Canada,Canada,0.01328084236606613,0.010628060076103788,0.007312365453031551,0.008660264191903484,0.5
2024-12-01,Chile,Chile,-0.0711724609254006,-0.0742605271682154,-0.11838805707989876,-0.05611102600008704,0.5606060606060606
2024-12-01,ChinaA,China,0.06190059685085984,0.030592379786170944,0.05643912971794476,0.02516689626338559,0.7121212121212122
2024-12-01,ChinaH,China,0.07345790453627399,0.0325762952121841,0.059833147808482784,0.029579012327368176,0.7121212121212122
2024-12-01,Denmark,Denmark,0.02084731513228154,0.03929340346320703,0.12491481048383307,0.11558722794385742,0.18181818181818182
2024-12-01,France,France,0.008068464575223453,0.00707939809377485,-0.07266881248791413,0.05780603221846775,0.2727272727272727
2024-12-01,Germany,Germany,0.04534189312748027,0.03276588862814841,0.013415491066088633,0.017575785837943083,0.5909090909090908
2024-12-01,Hong Kong,Hong Kong,0.0014096523631302047,0.024143833198994016,-0.0120238384554231,0.011357312742283285,0.6818181818181819
2024-12-01,Indonesia,Indonesia,-0.1334278642174895,-0.0523225958701261,-0.06324005507801647,-0.015836848332537134,0.28787878787878785
2024-12-01,Italy,Italy,-0.06463989357826488,-0.006643894637143783,-0.09329043032534565,-0.019440981589673667,0.7272727272727273
2024-12-01,Japan,Japan,0.04877089036020698,0.03387040126846272,-0.05694571420647073,-0.023989936937560553,0.5606060606060606
2024-12-01,Korea,Korea,-0.0321394813751646,-0.020430258889132635,-0.08446840539157495,-0.006960045309943789,0.5303030303030303
2024-12-01,Malaysia,Malaysia,-0.0636040671987218,0.02184759217300777,0.008462952050362172,0.05862707869075581,0.7727272727272727
2024-12-01,Mexico,Mexico,-0.02805899669585417,-0.032577388963231924,0.0333426650207939,-0.028049186467805073,0.28787878787878785
2024-12-01,NASDAQ,US,0.1120819588180439,0.123183574221268,0.06569076812141479,0.047043360237129385,0.48484848484848486
2024-12-01,Netherlands,Netherlands,0.0024322416795797743,0.01555479056424229,0.004130990164524336,-0.0076635285916184185,0.2727272727272727
2024-12-01,Philippines,Philippines,-0.03704659203040989,-0.03968862026670357,-0.023055391773753535,-0.013509019113076687,0.5606060606060606
2024-12-01,Poland,Poland,-0.017590262859090173,-0.021681328678949903,-0.1555678883167094,-0.024588948961932307,0.5757575757575757
2024-12-01,Saudi Arabia,Saudi Arabia,-0.057313172687725955,-0.09897040619999228,-0.05437785964211365,-0.057745897177712766,0.3181818181818182
2024-12-01,Singapore,Singapore,0.03600539391119762,0.03955272902083056,-0.042929519545905494,-0.009792934564254827,0.7424242424242424
2024-12-01,South Africa,South Africa,-0.11257138041625844,-0.07671096849344845,-0.088562210243594,-0.024315970428960033,0.696969696969697
2024-12-01,Spain,Spain,-0.048799814314408906,-0.04391166620237682,-0.1481530201579769,-0.04462976939036382,0.7575757575757576
2024-12-01,Sweden,Sweden,-0.008587674584492588,-0.020259226339323144,-0.032083051998299666,0.012962520158884883,0.3484848484848485
2024-12-01,Switzerland,Switzerland,0.012982483998704105,-0.01666052028022747,-0.04446742905525177,0.00930274486082606,0.25757575757575757
2024-12-01,Taiwan,Taiwan,0.03650711177570049,0.05927536127926569,-0.03618597274776537,0.01213356345158281,0.5757575757575758
2024-12-01,Thailand,Thailand,-0.0005149656239745162,-0.021522266674158345,-0.10827812257393968,-0.030365184564409117,0.5151515151515151
2024-12-01,Turkey,Turkey,-0.06890283559505547,-0.029494711535824794,-0.012988318547984911,-0.046244970608194776,0.5606060606060606
2024-12-01,U.K.,U.K.,0.026797449097730804,-0.020356896621991166,0.02981699115529049,0.014360792335129591,0.6060606060606061
2024-12-01,U.S.,US,0.14325246617249995,0.17200443490839784,0.05043973534104335,0.0424033809245008,0.48484848484848486
2024-12-01,US SmallCap,US,0.05401953990246237,0.041978837572973174,0.13940131016333857,0.1224153803530777,0.6060606060606061
2024-12-01,Vietnam,Vietnam,-0.03804721114049166,-0.02475174951475755,-0.10248129611920301,-0.13367097070514666,0.3787878787878788
2025-01-01,Australia,Australia,-0.055117010524443504,-0.006478262108105562,-0.1096901195204348,-0.019201258482159526,0.4393939393939394
2025-01-01,Brazil,Brazil,0.0187020559657445,0.0337505839632471,-0.023254997065202104,0.01652790824663281,0.40909090909090906
2025-01-01,Canada,Canada,0.025727123702037676,0.03350161003746741,-0.015390168441808216,0.010287996201153268,0.5757575757575758
2025-01-01,Chile,Chile,-0.004342605181647941,0.017027063941483005,-0.04281662905241058,0.03392220233578403,0.5303030303030303
2025-01-01,ChinaA,China,0.023743593490698125,0.030592379786170944,0.010280815593972176,0.025360665428168873,0.7272727272727273
2025-01-01,ChinaH,China,0.021477513398978253,0.030592379786170944,0.009403496917903442,0.02326047698976923,0.7575757575757576
2025-01-01,Denmark,Denmark,0.03427334266117904,0.043394365466937035,0.13619386058429084,0.14836996941349176,0.19696969696969696
2025-01-01,France,France,0.04170696392147312,-0.00771312682658518,-0.06526209374967853,0.07701747113693297,0.2727272727272727
2025-01-01,Germany,Germany,0.04368399230812917,0.05950266592756559,0.009792234296290185,0.016572158433080412,0.5909090909090909
2025-01-01,Hong Kong,Hong Kong,0.012859256163139012,0.03735851705997181,-0.007292965766525263,0.008591064164049454,0.696969696969697
2025-01-01,Indonesia,Indonesia,-0.09894005681104391,-0.05455345227668488,-0.018906758507874436,-0.005241637664668437,0.22727272727272727
2025-01-01,Italy,Italy,-0.05814242583103017,-0.015989432981682584,-0.07653311105097428,-0.00023051088466637028,0.6363636363636364
2025-01-01,Japan,Japan,0.055792399656017434,-0.034080782292026074,-0.0722639176028956,-0.039903868097183534,0.5909090909090908
2025-01-01,Korea,Korea,-0.016844203736976357,-0.014553872434800982,0.02691720799640332,0.01794753815570882,0.5454545454545454
2025-01-01,Malaysia,Malaysia,-0.045668217230691976,0.016615348297248374,0.025401436484916173,0.04537464380210154,0.7424242424242424
2025-01-01,Mexico,Mexico,0.0066609806609903115,0.010553865788491414,0.0011969563002345654,-0.02917770927558212,0.2727272727272727
2025-01-01,NASDAQ,US,0.11060689207801778,0.15033511853788015,0.0585492314615073,0.039203965395709944,0.5
2025-01-01,Netherlands,Netherlands,0.006751569859272454,0.004336650941770149,0.0018251314119904476,-0.006172303785438335,0.2727272727272727
2025-01-01,Philippines,Philippines,-0.08527223138853336,-0.08677520312558444,-0.06896926038259514,-0.03728741989920478,0.5151515151515151
2025-01-01,Poland,Poland,-0.025706659021992977,-0.011441816915780369,-0.14207335688596961,-0.0354313324512682,0.5606060606060606
2025-01-01,Saudi Arabia,Saudi Arabia,-0.049666954352024784,-0.0980995955602686,-0.011988633598160315,-0.0007062850415940295,0.25757575757575757
2025-01-01,Singapore,Singapore,0.03151266722013386,0.01379950916670963,-0.05280087715984413,-0.011414419525895201,0.7272727272727273
2025-01-01,South Africa,South Africa,-0.09773727005399854,-0.08279860158275268,-0.09499365554011717,-0.06438667576234582,0.6363636363636364
2025-01-01,Spain,Spain,-0.042256921642629924,-0.03935647871048794,-0.1382860905025178,-0.029289580453397062,0.7272727272727273
2025-01-01,Sweden,Sweden,-0.021172352044633982,0.02761771801190814,-0.013096407687251016,0.012512220218462742,0.25757575757575757
2025-01-01,Switzerland,Switzerland,0.015046559252827125,0.029697599491293067,0.005127144757126072,0.0075754295753942946,0.28787878787878785
2025-01-01,Taiwan,Taiwan,0.030394944925690462,0.04404578940973109,-0.07780187475200917,-0.02266073836149446,0.5303030303030303
2025-01-01,Thailand,Thailand,-0.01665202455452584,-0.042528359245560275,-0.09283604759836189,-0.05894787376888518,0.48484848484848486
2025-01-01,Turkey,Turkey,-0.03887002812747037,-0.00337868076913509,-0.018720186506931396,-0.018447099364548136,0.8787878787878789
2025-01-01,U.K.,U.K.,0.022538002600370324,-0.005584552823704222,0.024283744456391324,0.013483987615152012,0.5909090909090909
2025-01-01,U.S.,US,0.11487134815796154,0.11517553657286456,0.036756984963500536,0.04148353463729685,0.5151515151515151
2025-01-01,US SmallCap,US,0.049862827236440053,0.06650526735732634,0.13504545182524508,0.12166393684186205,0.6212121212121212
2025-01-01,Vietnam,Vietnam,-0.040268458576947844,-0.03704755433861862,-0.11244222564709337,-0.12772186087012077,0.42424242424242425
2025-02-01,Australia,Australia,-0.07234613324742517,-0.0059636353588752924,-0.18991363640434294,-0.0220257780308984,0.3484848484848485
2025-02-01,Brazil,Brazil,-0.09201070088337528,-0.05710671207394953,-0.02853453979604365,0.004111554575526607,0.3939393939393939
2025-02-01,Canada,Canada,0.01563958454358507,0.044372276519953444,-0.03065665897412931,0.004268832913817378,0.5
2025-02-01,Chile,Chile,-0.004843284011999314,-0.03295931417496703,-0.05830413984084203,0.005781637744294835,0.6666666666666667
2025-02-01,ChinaA,China,0.008423273789236206,-0.007918044867321946,0.04092198921801127,-0.010573323818290199,0.9090909090909092
2025-02-01,ChinaH,China,0.010689353880956074,-0.007918044867321946,0.03703989852119025,-0.01892034844827308,0.8636363636363636
2025-02-01,Denmark,Denmark,0.04288351326695519,0.08946822888032224,0.08368522149153944,0.11231703503217745,0.09090909090909091
2025-02-01,France,France,0.009542432338060406,-0.0006648858533535012,-0.0876080027656852,0.02289668539001497,0.25757575757575757
2025-02-01,Germany,Germany,0.012226604921896724,0.015232079867969626,-0.031955954522836616,0.010608799323922086,0.5606060606060606
2025-02-01,Hong Kong,Hong Kong,0.02276647803437322,0.035139482582826086,0.01904033352234728,0.018015960447661895,0.8333333333333333
2025-02-01,Indonesia,Indonesia,-0.11971179956434497,-0.06684902266015877,-0.014811352447604847,-0.014485162593417391,0.2727272727272727
2025-02-01,Italy,Italy,-0.0720655576764537,-0.012894183655231106,-0.10364036332142168,-0.01091852089866923,0.5909090909090908
2025-02-01,Japan,Japan,0.047499259467165135,-0.03931987882781005,-0.06258758758961015,-0.037424474329040176,0.5151515151515151
2025-02-01,Korea,Korea,-0.03293427792760019,-0.06382154414898827,0.09188139814347958,-0.01184664384342667,0.5454545454545454
2025-02-01,Malaysia,Malaysia,-0.053281808946821455,0.006192025358605545,-0.10351368695413243,0.023936779741387873,0.7878787878787878
2025-02-01,Mexico,Mexico,0.005960935589605044,0.011935328920422705,0.021682046546797288,-0.07736579074595681,0.2727272727272727
2025-02-01,NASDAQ,US,0.10670368679952126,0.1368450258995469,0.052620393621362394,0.026225959759850835,0.45454545454545453
2025-02-01,Netherlands,Netherlands,-0.0032361095521626633,0.0130521167516419,-0.004657750082381208,0.0005331441456847257,0.19696969696969696
2025-02-01,Philippines,Philippines,-0.08038433080897937,-0.12459059535748551,-0.08079249436080384,-0.08456201384755509,0.5
2025-02-01,Poland,Poland,-0.0707053018760944,-0.04020913530211447,-0.14671202294021077,-0.040118760189566505,0.5909090909090908
2025-02-01,Saudi Arabia,Saudi Arabia,-0.06302462558256199,-0.09471039483665691,-0.03247978507715296,0.006934897781552806,0.3333333333333333
2025-02-01,Singapore,Singapore,0.017136220636659368,0.04817028822504008,-0.12278862319018943,-0.012733769621366941,0.7272727272727273
2025-02-01,South Africa,South Africa,-0.12179858984964456,-0.08838939705595496,-0.11349822038454398,-0.07345366086357843,0.6060606060606061
2025-02-01,Spain,Spain,-0.05741782643288052,-0.06381175164100714,-0.15700526690844388,-0.04682787002460428,0.7121212121212122
2025-02-01,Sweden,Sweden,-0.0545858980911265,-0.03854692235890202,-0.024201169076394684,0.0022916525447951724,0.2878787878787879
2025-02-01,Switzerland,Switzerland,-0.000593445826840627,0.02432974718078792,0.02712704173252939,0.01633387924708122,0.18181818181818182
2025-02-01,Taiwan,Taiwan,0.03268826574529899,0.03993561304658935,-0.09643687176976674,-0.021109004160798965,0.5606060606060607
2025-02-01,Thailand,Thailand,-0.024303629417518936,-0.023964696190896737,-0.09737554617524011,-0.05348447640175528,0.5909090909090909
2025-02-01,Turkey,Turkey,-0.06335693221693095,-0.06251411341108341,-0.11421391434750455,-0.2291902130607441,0.7272727272727273
2025-02-01,U.K.,U.K.,-0.009602473191833369,0.021151484540895292,-0.017366834123640186,0.005013185548610428,0.5909090909090909
2025-02-01,U.S.,US,0.12206558654823729,0.14879230915319566,0.042359064216568994,0.032604050383913626,0.4545454545454546
2025-02-01,US SmallCap,US,0.04910220342689284,0.06254406535240402,0.13120416374351157,0.12011693705012169,0.5757575757575757
2025-02-01,Vietnam,Vietnam,-0.0779957922906855,-0.039066579077727655,-0.10739681402466578,-0.14889756966469728,0.5
2025-03-01,Australia,Australia,-0.07676926868831652,-0.01261507671381388,-0.1019083643939464,-0.06269267057402726,0.4393939393939394
2025-03-01,Brazil,Brazil,-0.07644821323964812,-0.06056342078907403,-0.08212473013960686,-0.041622950019954016,0.5
2025-03-01,Canada,Canada,0.01822872185045356,0.030453285051101536,-0.02040478614193878,0.00562454363584213,0.5151515151515151
2025-03-01,Chile,Chile,-0.023415267417820646,-0.01897988410812525,-0.04697979136674306,0.017674814062685274,0.6515151515151515
2025-03-01,ChinaA,China,-0.0038705840529106124,-0.02305743594232641,0.043633945768140815,-0.037613917301292765,0.8636363636363636
2025-03-01,ChinaH,China,-0.0038705840529106124,-0.027743897537655264,0.00860563054049927,-0.0624407992847527,0.7121212121212122
2025-03-01,Denmark,Denmark,0.04599617428019363,0.0366928700127828,0.06539593849195292,0.12427465331790921,0.06060606060606061
2025-03-01,France,France,0.020644971575706272,-0.01674406580504051,-0.030585022772727025,-0.02934673165483797,0.3181818181818182
2025-03-01,Germany,Germany,0.012051595130965157,0.019463707623952164,-0.03696034538255552,0.008903742928273147,0.5606060606060607
2025-03-01,Hong Kong,Hong Kong,0.016197236140323736,0.03913747686778153,0.022766625363774363,0.021089936147421842,0.6666666666666667
2025-03-01,Indonesia,Indonesia,-0.09521016884230883,-0.028211847142299764,0.0005655242709618358,0.08850208005578335,0.3484848484848485
2025-03-01,Italy,Italy,-0.06764268287975418,0.0017782000087684744,-0.09085590146046475,-0.007632439649172005,0.5606060606060606
2025-03-01,Japan,Japan,-0.0018558782626882176,-0.04825218132798489,-0.008207669055135475,-0.015872630693208722,0.5606060606060606
2025-03-01,Korea,Korea,-0.01996689151929959,-0.01155404133712155,-0.046914532806883985,0.007844808521870755,0.5757575757575758
2025-03-01,Malaysia,Malaysia,-0.03920400982230423,0.012744549628225847,0.03616933079508227,0.01713741199918337,0.6515151515151515
2025-03-01,Mexico,Mexico,-0.041513736218427834,-0.010166549600371881,-0.09282035153406913,-0.06444267377536456,0.2727272727272727
2025-03-01,NASDAQ,US,0.09968504968437988,0.1277381410464273,0.06638451716383947,0.03356430488986906,0.46969696969696967
2025-03-01,Netherlands,Netherlands,0.0028464421624731593,-0.0031542720201891737,0.0033121848714928355,0.005365797072637327,0.21212121212121213
2025-03-01,Philippines,Philippines,-0.06919613309925461,-0.09717313414059815,-0.06003481523402885,-0.11005761386290153,0.36363636363636365
2025-03-01,Poland,Poland,-0.06265693620801877,-0.019400313286451233,-0.13413105387861432,-0.023436019291525025,0.6515151515151515
2025-03-01,Saudi Arabia,Saudi Arabia,-0.027127822403596836,-0.04963609846664601,-0.03430011335373931,0.02418522102103304,0.25757575757575757
2025-03-01,Singapore,Singapore,0.015388341914692787,0.03101766697407355,-0.06870296195920075,0.011069627950140562,0.7272727272727273
2025-03-01,South Africa,South Africa,-0.11044059384719823,-0.08141055036087991,-0.06143994504407259,-0.01751690058825993,0.6666666666666667
2025-03-01,Spain,Spain,-0.05047739554501385,-0.010209223415837455,-0.14534076522530406,-0.04831089765930974,0.7424242424242424
2025-03-01,Sweden,Sweden,-0.04846807182197863,-0.03715308105461842,-0.033060591002219794,0.0015269831810592136,0.30303030303030304
2025-03-01,Switzerland,Switzerland,0.001125422296908948,0.029541779219056423,0.033171317723618574,0.012199641865770192,0.3181818181818182
2025-03-01,Taiwan,Taiwan,0.020682525278242197,0.04346502178492596,0.00464743151466882,0.006499629968800711,0.5606060606060607
2025-03-01,Thailand,Thailand,0.009840360693335402,0.04652167291120085,-0.0451834265442583,0.05576009854543187,0.5757575757575757
2025-03-01,Turkey,Turkey,-0.07818635540726802,-0.08548146648972237,-0.11414459413420638,-0.23038392611058878,0.696969696969697
2025-03-01,U.K.,U.K.,0.01227695550778975,0.055211763285824694,-0.02076375734042583,0.0065575934608363695,0.5909090909090909
2025-03-01,U.S.,US,0.09535541179193016,0.1097078314378636,0.07118701342401382,0.03780494873733689,0.4242424242424242
2025-03-01,US SmallCap,US,0.044235805374291906,0.0704556837213416,0.09000527628042597,0.1645513703414508,0.7272727272727273
2025-03-01,Vietnam,Vietnam,-0.03327272022644023,0.03183025774318281,-0.09292249044169515,-0.15004809824716472,0.4545454545454546
2025-04-01,Australia,Australia,-0.07889780775609223,-0.03499540274751743,-0.12657545396957162,-0.07120940912012445,0.3484848484848485
2025-04-01,Brazil,Brazil,-0.07408205568414858,-0.06993793679554587,-0.14056738457440163,-0.05256126434360375,0.45454545454545453
2025-04-01,Canada,Canada,-0.0001233253968291586,0.031849211458203006,-0.024530038420754425,0.002172829967125825,0.4545454545454546
2025-04-01,Chile,Chile,-0.01640047219856748,0.010405391814484147,-0.05872615983732758,0.023509548725164118,0.7121212121212122
2025-04-01,ChinaA,China,-0.01618190170243906,-0.028413765378365107,0.03785146089904679,-0.030131559892054276,0.893939393939394
2025-04-01,ChinaH,China,-0.01618190170243906,-0.028413765378365107,0.04051359026387546,-0.02761864255560552,0.8333333333333334
2025-04-01,Denmark,Denmark,0.09062026601665729,0.10512914712796188,0.03781170810311131,0.0933365971107585,0.10606060606060606
2025-04-01,France,France,-0.010180138922353794,-0.013406913113561713,-0.08216941159001648,0.0070969225659208626,0.33333333333333337
2025-04-01,Germany,Germany,-0.010895541479833803,0.013636207766568008,-0.06132240734769116,0.003948536936335158,0.6060606060606061
2025-04-01,Hong Kong,Hong Kong,0.00655343011949306,0.01421927245077003,-0.012724366867257664,0.03259931604920877,0.8787878787878789
2025-04-01,Indonesia,Indonesia,-0.03178356279148703,0.0007070630492983995,0.00711180179593433,0.02789702839240281,0.2121212121212121
2025-04-01,Italy,Italy,-0.06241352493056649,-0.00512304442744844,-0.14577902314298186,-0.017541987819544618,0.5757575757575757
2025-04-01,Japan,Japan,0.026426677612157216,-0.0272904078737468,0.009324311720006842,-0.01505648115047251,0.5303030303030303
2025-04-01,Korea,Korea,-0.027724146070963136,-0.024499868073090576,-0.016571167659809198,-0.022524821426970976,0.5454545454545454
2025-04-01,Malaysia,Malaysia,-0.007409948702708087,0.04649645479625236,0.03239339963588903,0.021728266304142128,0.6515151515151515
2025-04-01,Mexico,Mexico,0.0028547717036154427,0.010751055382650195,-0.07466617968311287,-0.023338431000022475,0.25757575757575757
2025-04-01,NASDAQ,US,0.03384802465373664,0.06194630996853952,0.09245277091933143,0.1484154330275498,0.3939393939393939
2025-04-01,Netherlands,Netherlands,-0.0207168437335095,-0.00012183161692425493,-0.030899249494671606,0.006107593253670147,0.18181818181818182
2025-04-01,Philippines,Philippines,-0.07115567665873196,-0.09249480951430451,-0.10224460478530048,-0.10628001628132001,0.3787878787878788
2025-04-01,Poland,Poland,-0.06311004221987523,-0.055753404209391115,-0.14796919613040718,-0.033352381168793965,0.7575757575757576
2025-04-01,Saudi Arabia,Saudi Arabia,-0.01127487375194946,-0.055067911233681675,-0.004518203896734118,-0.02344651528814536,0.30303030303030304
2025-04-01,Singapore,Singapore,0.016746041249700222,0.040416846835820766,-0.05183184725243623,0.02058733399488953,0.7424242424242424
2025-04-01,South Africa,South Africa,-0.08236505586871039,-0.04431110784573783,-0.009531349689506929,0.009883727268049394,0.6212121212121212
2025-04-01,Spain,Spain,0.002948841909052549,-0.012619115687053848,-0.1456698204230398,-0.040556267242909075,0.7727272727272727
2025-04-01,Sweden,Sweden,-0.04660277653724484,-0.044927848983105506,-0.03302240942695861,0.008999959123419554,0.36363636363636365
2025-04-01,Switzerland,Switzerland,0.012267944168455891,0.014787161622925454,0.03762319920395283,0.008713366194291342,0.3181818181818182
2025-04-01,Taiwan,Taiwan,0.007827579749398902,0.014841399189248702,0.003689493136221059,0.014220877109039572,0.48484848484848486
2025-04-01,Thailand,Thailand,-0.018419051720553144,-0.023116923654348007,-0.03268224687326006,0.04389678578581065,0.4696969696969697
2025-04-01,Turkey,Turkey,-0.06303332429104636,-0.060315629271953435,-0.20815054916764764,-0.17561132663221132,0.696969696969697
2025-04-01,U.K.,U.K.,0.007573943869322962,0.05236926416141687,-0.0329828030922003,0.0027522697891531212,0.6515151515151515
2025-04-01,U.S.,US,0.03384802465373664,0.05801003535218824,0.09371708696678993,0.10014938364208145,0.3939393939393939
2025-04-01,US SmallCap,US,0.044235805374291906,0.0915540243819981,0.06025050919445567,0.17423966222162773,0.6818181818181818
2025-04-01,Vietnam,Vietnam,0.0020656006080110225,0.05980609656389735,-0.11988024430922434,-0.12792170949458181,0.3939393939393939
2025-05-01,Australia,Australia,-0.04289195429785024,-0.017816090667311907,-0.19001270271092968,-0.006297098879231788,0.33333333333333337
2025-05-01,Brazil,Brazil,-0.05237016646148519,0.008009508870814402,-0.187618051416313,-0.05038173569656919,0.4545454545454546
2025-05-01,Canada,Canada,0.014966827486485548,-0.011546216543106131,-0.03356162403405247,0.010485521567412268,0.5
2025-05-01,Chile,Chile,0.0008703354727379129,-0.004256337187698705,-0.00207284460777953,0.04679610590619872,0.7727272727272727
2025-05-01,ChinaA,China,0.03257383060741139,0.015553928911903877,0.02628997216273285,0.0075520625752417605,0.9393939393939394
2025-05-01,ChinaH,China,0.030440663374760257,-0.0017827188555606171,-0.011391312420948435,-0.05722118551108987,0.893939393939394
2025-05-01,Denmark,Denmark,0.10349076053696007,0.10186080149556169,0.04867838601748397,0.0802002408509772,0.07575757575757576
2025-05-01,France,France,-0.024430269979475176,0.009925836079161872,-0.07237753795927075,0.046566301732150206,0.36363636363636365
2025-05-01,Germany,Germany,0.0012665370478437271,0.03915375258405262,-0.07442701868556993,0.018348942920638746,0.6666666666666667
2025-05-01,Hong Kong,Hong Kong,0.00954562613130293,0.034671688006438106,0.010191092594728956,0.02618050391482061,0.7727272727272727
2025-05-01,Indonesia,Indonesia,-0.050254366900478735,-0.05273386435621647,-0.0034949669567122697,0.0720019180057492,0.24242424242424243
2025-05-01,Italy,Italy,-0.05540025122547313,0.0006171409369969509,-0.15119817196258983,0.024003269423806657,0.7121212121212122
2025-05-01,Japan,Japan,0.022372488609957174,-0.011806898195264225,-0.17194625515960466,0.0022402631120978563,0.5909090909090909
2025-05-01,Korea,Korea,-0.00975121852044352,-0.01268133223730629,-0.018614480799849936,0.004724737229377314,0.5606060606060607
2025-05-01,Malaysia,Malaysia,-0.00180936430087098,0.01362604081235275,-0.0240497721591929,-0.01559920611343287,0.5606060606060606
2025-05-01,Mexico,Mexico,0.011012704029137853,-0.02502928405147536,-0.05957533404633928,-0.007407120468000605,0.18181818181818182
2025-05-01,NASDAQ,US,0.03401493744249752,0.036468751357346806,0.05943154927882063,0.14547701160531593,0.30303030303030304
2025-05-01,Netherlands,Netherlands,-0.01716005818325321,0.03842137252209841,-0.05741275693588316,-0.003068048775441365,0.18181818181818182
2025-05-01,Philippines,Philippines,-0.0730883867590863,-0.08048428119542918,-0.10640275456751637,-0.08099040476916906,0.40909090909090906
2025-05-01,Poland,Poland,-0.06293680570099623,-0.040688908328209206,-0.17702193457549034,0.012942535955393498,0.8484848484848485
2025-05-01,Saudi Arabia,Saudi Arabia,-0.022278078215992057,-0.04793295620354799,0.005955556189512254,-0.007718649059085196,0.303030303030303
2025-05-01,Singapore,Singapore,0.02127790867448409,0.03491508191493626,-0.0757408291782349,0.02754197537613618,0.7575757575757576
2025-05-01,South Africa,South Africa,-0.03177291114804803,-0.03013183192620002,0.0008322992245283038,-0.011596232134180788,0.6818181818181818
2025-05-01,Spain,Spain,0.014992914255276366,-0.005187113394965616,-0.18920906389868103,0.0022981278298687246,0.7575757575757576
2025-05-01,Sweden,Sweden,-0.010436723468830428,-0.03718201980024311,-0.033133978146495574,0.009537670538914496,0.3787878787878788
2025-05-01,Switzerland,Switzerland,0.03918778965664123,0.034420837404888244,-0.04182790426924872,0.013896294387270185,0.393939393939394
2025-05-01,Taiwan,Taiwan,0.024783530371408354,0.01966988368800009,-0.031061688938619637,0.015426102978995118,0.33333333333333337
2025-05-01,Thailand,Thailand,-0.010905530000559296,0.007571266291642847,-0.0613930012184213,0.030546441915037956,0.4090909090909091
2025-05-01,Turkey,Turkey,-0.026997148803294603,-0.02095237654668543,-0.16644877006225586,-0.19061292324998014,0.5454545454545454
2025-05-01,U.K.,U.K.,0.012495198706344954,0.052237815444426905,-0.053415663365663835,-0.0002572455803141107,0.5909090909090908
2025-05-01,U.S.,US,0.03401493744249752,0.03253247674099552,0.05647038854478797,0.11061755029486664,0.3484848484848485
2025-05-01,US SmallCap,US,0.05104565334481005,0.06744919057871064,0.054164765751334366,0.21114640599853668,0.6060606060606061
2025-05-01,Vietnam,Vietnam,0.06329191647518327,0.07303087703060192,-0.13649696205429565,-0.1029577001377447,0.5303030303030303
2025-06-01,Australia,Australia,-0.09248223407122297,-0.004937518654476515,-0.132768075492971,-0.048318777267255156,0.3787878787878788
2025-06-01,Brazil,Brazil,-0.07069186296978473,-0.020046936119834234,-0.1601851622018695,-0.061933853481597655,0.5303030303030303
2025-06-01,Canada,Canada,0.017722846002654887,0.0033323220092126606,-0.026054341568875195,0.010714299596412378,0.5151515151515151
2025-06-01,Chile,Chile,-0.014323120680856003,0.0025032042363222606,-0.042864205464633244,0.02061264669735923,0.7727272727272727
2025-06-01,ChinaA,China,-0.007568694698545367,0.030328886949312808,0.008716751434507803,0.009233215979484562,0.8939393939393939
2025-06-01,ChinaH,China,-0.00970186193119649,0.014475287347225151,-0.016652587900776714,-0.05304338210269787,0.8333333333333334
2025-06-01,Denmark,Denmark,0.10569187704858019,0.10186080149556169,0.048854809687412036,0.09656837574973873,0.07575757575757576
2025-06-01,France,France,0.0055345330723357376,0.0139222376777201,-0.10365929471152337,0.03726881985676493,0.3787878787878788
2025-06-01,Germany,Germany,0.012400383789009272,0.028714041521956384,-0.07310732971555498,0.019235940555276144,0.6666666666666666
2025-06-01,Hong Kong,Hong Kong,0.06071946183964311,0.028889673651449302,-0.0029648694049196865,0.04098185067899103,0.7575757575757576
2025-06-01,Indonesia,Indonesia,-0.04306122798327901,-0.016853932212037733,-0.04687896536935813,0.03276138927543453,0.24242424242424243
2025-06-01,Italy,Italy,-0.05199718502552777,0.004756564701230603,-0.10592062970916315,-0.005378207153468527,0.7272727272727273
2025-06-01,Japan,Japan,0.04499757987294877,0.039539536995784066,-0.1997585086535319,0.017324955402982966,0.5454545454545454
2025-06-01,Korea,Korea,-0.024480136243491126,-0.004052416960536725,0.014508906209891089,0.03384350650992875,0.5454545454545454
2025-06-01,Malaysia,Malaysia,-0.03039981557317297,-0.04529681311905733,-0.005745986570593042,-0.06277714376015654,0.6818181818181819
2025-06-01,Mexico,Mexico,0.0001473126634093302,0.0002725509913127887,-0.09724309627645279,-0.034655370738654726,0.24242424242424243
2025-06-01,NASDAQ,US,0.03584014327346278,0.04297360080366423,0.045062616538555395,0.11233973887373545,0.2121212121212121
2025-06-01,Netherlands,Netherlands,-0.014357029483994832,0.0224492086595033,-0.0409858861945605,-0.010168740209858432,0.12121212121212122
2025-06-01,Philippines,Philippines,-0.04900439924971841,-0.04185429187487443,-0.0973417552855709,-0.07786616015060033,0.606060606060606
2025-06-01,Poland,Poland,-0.03224017913792328,-0.036399822913240315,-0.17926577330446047,-0.0068619482520914845,0.8484848484848485
2025-06-01,Saudi Arabia,Saudi Arabia,-0.02139542154879128,-0.03477394766088922,-0.030979150350743598,-0.015029355949667393,0.42424242424242425
2025-06-01,Singapore,Singapore,0.024768616649240703,0.03062085851457065,-0.0872016196230655,0.02514303140335796,0.7575757575757576
2025-06-01,South Africa,South Africa,-0.07698377511896179,-0.07484066028797695,-0.022127855811328718,-0.06437210036545479,0.7272727272727273
2025-06-01,Spain,Spain,0.004299055829588099,0.023328461870777584,-0.20564340544002785,-0.013064528071926724,0.7727272727272727
2025-06-01,Sweden,Sweden,-0.017009500230841496,-0.02936336584595888,-0.01804756960005767,0.010891292115861258,0.3181818181818182
2025-06-01,Switzerland,Switzerland,0.01766663454548991,0.06104325471756372,0.007071961536714527,0.013296850500545455,0.36363636363636365
2025-06-01,Taiwan,Taiwan,0.0389891287535941,0.026010421232872595,-0.03608282608471139,0.021615348794717024,0.25757575757575757
2025-06-01,Thailand,Thailand,-0.0020805565377759443,0.023306594105134117,-0.01938683625984656,0.0432787376696194,0.5454545454545454
2025-06-01,Turkey,Turkey,-0.04058901080644816,-0.018516776075234782,-0.12402032403162665,-0.19314596073607507,0.5303030303030303
2025-06-01,U.K.,U.K.,0.014446898008599024,0.02595810736867301,-0.02067555289790103,0.0037237020203833154,0.5909090909090908
2025-06-01,U.S.,US,0.03584014327346278,0.04393793547649164,0.053202898359135185,0.08145254288179372,0.303030303030303
2025-06-01,US SmallCap,US,0.054937596270413204,0.1055437062062945,0.04910324203599043,0.2239149411436439,0.45454545454545453
2025-06-01,Vietnam,Vietnam,-0.03558109867863379,-0.03610076276738432,-0.08800618381232646,-0.13417886725065614,0.3787878787878788
2025-07-01,Australia,Australia,-0.08772354002980368,-0.030643642045906107,-0.10263040082686366,-0.030685537822699845,0.30303030303030304
2025-07-01,Brazil,Brazil,-0.14822658548365245,-0.13001622703388752,-0.14624287239008166,-0.11535298066944366,0.5
2025-07-01,Canada,Canada,0.01145918771868426,0.03199222476954659,-0.04524302243815792,0.004473662615105635,0.5
2025-07-01,Chile,Chile,-0.034094750790265915,-0.0036372444755730887,-0.11841362184175028,-0.05191402876118896,0.7727272727272727
2025-07-01,ChinaA,China,0.01297155744234844,0.0325139552589378,0.018574313723714365,0.019748221744489574,0.8484848484848484
2025-07-01,ChinaH,China,0.014075322600987122,0.0325139552589378,-0.01639447462913475,-0.03884744448642129,0.8181818181818182
2025-07-01,Denmark,Denmark,0.039481909574643606,0.038867301781365854,0.07890283493609974,0.1293528705880943,0.06060606060606061
2025-07-01,France,France,0.002956343900739544,-0.0033276398361903243,-0.01587451385728703,-0.0128486323819013,0.5303030303030303
2025-07-01,Germany,Germany,0.01997553835459693,0.0038718605415664336,-0.08238013080625166,0.00881626287140712,0.6666666666666667
2025-07-01,Hong Kong,Hong Kong,0.06240893707361482,0.05320997811964605,-0.02118088362085448,0.03449973994381039,0.9090909090909092
2025-07-01,Indonesia,Indonesia,-0.03455260588504688,0.02042269005582388,-0.06710723225426667,0.10201154229979471,0.2878787878787879
2025-07-01,Italy,Italy,-0.049738958690559124,0.0025362450089275075,-0.07385603402187324,-0.005279266829140781,0.8333333333333333
2025-07-01,Japan,Japan,0.006952648616234099,-0.012417610924762023,-0.09904545501640065,-0.019352683100950677,0.5454545454545454
2025-07-01,Korea,Korea,-0.04204495782726207,-0.00837625651471553,-0.04253587662447614,-0.03638066535424754,0.5303030303030303
2025-07-01,Malaysia,Malaysia,-0.04076925689663516,-0.03719425302976001,-0.09187391650068097,-0.09368201172330046,0.5606060606060607
2025-07-01,Mexico,Mexico,-0.030691359381362176,-0.05523394626844412,-0.11600882339346945,-0.04689095174985085,0.43939393939393945
2025-07-01,NASDAQ,US,0.03736606452352029,0.04196618615870393,0.1069661210921137,0.1140160424256915,0.2121212121212121
2025-07-01,Netherlands,Netherlands,0.013505684385542553,0.03445358503623379,-0.07953308389392831,-0.0035442417824180267,0.15151515151515152
2025-07-01,Philippines,Philippines,-0.04955769946162254,-0.046621142455631676,-0.12835351324248545,-0.06381573509908747,0.5454545454545454
2025-07-01,Poland,Poland,-0.0752282547038392,-0.02383261383161443,-0.08049344312560752,-0.021611240172524165,0.7272727272727273
2025-07-01,Saudi Arabia,Saudi Arabia,-0.0449278591138378,-0.024360189544150403,-0.14995328737689229,-0.06946615363668875,0.25757575757575757
2025-07-01,Singapore,Singapore,0.02787751735419806,-0.0017314653473490616,-0.04713634832282909,0.0034457142661612535,0.7575757575757576
2025-07-01,South Africa,South Africa,-0.10637185204887109,-0.06266447820892512,-0.2111341304641477,-0.12343013595829641,0.6666666666666667
2025-07-01,Spain,Spain,-0.07020825657285,0.0025362450089275075,-0.16309061249802792,-0.008470943220999044,0.8181818181818181
2025-07-01,Sweden,Sweden,-0.02082186878674336,0.015963536420950095,-0.07874846276750236,0.009797465556309757,0.36363636363636365
2025-07-01,Switzerland,Switzerland,0.017942027445494658,0.045071547819100055,0.021645800016154505,0.01174647579608935,0.3787878787878788
2025-07-01,Taiwan,Taiwan,0.049299958196936416,0.03560176304082385,0.03638608438623739,0.0082640115203528,0.19696969696969696
2025-07-01,Thailand,Thailand,-0.007167643125234505,0.018645559056277614,-0.024677807581871106,0.034246534984014754,0.5909090909090909
2025-07-01,Turkey,Turkey,-0.10468802797787734,-0.10453873028290933,-0.1641160089317491,-0.1915572457778829,0.5303030303030303
2025-07-01,U.K.,U.K.,0.015145002715537762,0.0325278010746016,-0.0871707539501107,-0.00019913996492467237,0.5606060606060606
2025-07-01,U.S.,US,0.03209686361734976,0.03561321656251991,0.08861995992115093,0.08745188689868914,0.25757575757575757
2025-07-01,US SmallCap,US,0.04730756681990833,0.08707456765448054,0.09876739395626119,0.21422012317138014,0.42424242424242425
2025-07-01,Vietnam,Vietnam,-0.03800554219669548,-0.07967361186933605,-0.07027017844515056,-0.1675655863058924,0.4545454545454546
2025-08-01,Australia,Australia,-0.10231772750712212,-0.05445217077530977,-0.11344293027028224,-0.03727545181104128,0.3181818181818182
2025-08-01,Brazil,Brazil,-0.09447662124744019,-0.10638583029682236,-0.16426799932263217,-0.10323739242944481,0.6363636363636364
2025-08-01,Canada,Canada,-0.0015121756400313033,-0.05919131350413562,-0.06396415959722095,-0.002287483465973432,0.5
2025-08-01,Chile,Chile,-0.05871636367992947,-0.02316562876013159,-0.09780715863119864,-0.04944835216945219,0.8333333333333333
2025-08-01,ChinaA,China,-0.008014550650439507,-0.08679432340532622,0.02401275955591911,-0.05147124719065657,0.8636363636363636
2025-08-01,ChinaH,China,-0.00880191024051465,-0.08442142735698294,0.01709003951769765,-0.04533096034746095,0.8181818181818181
2025-08-01,Denmark,Denmark,0.08234965520339155,0.10566176794268912,0.07317033259829457,0.11055561829920102,0.09090909090909091
2025-08-01,France,France,-0.0028273421846823805,-0.049894503852502145,-0.0002975637440015685,-0.08538306156944013,0.4696969696969697
2025-08-01,Germany,Germany,0.008739064941121043,0.015391422314631375,-0.0812450794820765,0.00720627659522694,0.6666666666666666
2025-08-01,Hong Kong,Hong Kong,0.05627194796459126,0.06981532013607103,-0.03494543675064993,0.03224714032270795,0.9090909090909092
2025-08-01,Indonesia,Indonesia,-0.07649688593768336,-0.009199440064623322,-0.06391761572725259,0.042586362714895284,0.24242424242424243
2025-08-01,Italy,Italy,-0.06288774802588001,-0.06686264584631704,-0.04761309460939904,-0.011591263964123202,0.7272727272727273
2025-08-01,Japan,Japan,-0.009784283674480922,-0.02179073449554378,-0.08444554552470282,-0.012762563738000028,0.48484848484848486
2025-08-01,Korea,Korea,-0.040860339583273175,-0.03627440659626098,-0.08981379395111916,-0.049435935790990135,0.6363636363636364
2025-08-01,Malaysia,Malaysia,-0.05433209505933499,-0.0851363803163282,-0.12450254464503277,-0.13633773592615714,0.5757575757575758
2025-08-01,Mexico,Mexico,-0.01731069983167457,-0.04569373220023083,-0.14795952061505757,-0.034904920646510865,0.3787878787878788
2025-08-01,NASDAQ,US,0.0420326015289931,0.049271095178489765,0.10968058064770754,0.08245048749405891,0.3181818181818182
2025-08-01,Netherlands,Netherlands,0.008693119168934256,-0.0035905227434586623,-0.06952211094922404,0.028303989241200134,0.19696969696969696
2025-08-01,Philippines,Philippines,-0.051847652893300705,-0.06473008913054584,-0.12474768933760456,-0.09156221426157135,0.45454545454545453
2025-08-01,Poland,Poland,-0.060989488607200534,-0.06679709241165585,-0.0908418538949981,-0.02451593479343281,0.8484848484848485
2025-08-01,Saudi Arabia,Saudi Arabia,-0.07041633676706387,-0.05272954590914358,-0.16671890520611474,-0.10288030969404208,0.24242424242424243
2025-08-01,Singapore,Singapore,0.011771738754302843,0.024939584479360604,-0.04528978988954148,0.004139006392598964,0.7272727272727273
2025-08-01,South Africa,South Africa,-0.10380304754460157,-0.0733868733434857,-0.19521668251264648,-0.12248176967134976,0.6212121212121212
2025-08-01,Spain,Spain,-0.04253275565588886,-0.06718706207033712,-0.1466236660401895,-0.01286502220787254,0.8181818181818181
2025-08-01,Sweden,Sweden,0.00399548472774775,-0.05225820070393829,-0.07879874072663759,0.02782834640662737,0.36363636363636365
2025-08-01,Switzerland,Switzerland,0.00592671288291532,0.01074476121194207,-0.037560927391496024,0.03508294771238338,0.2272727272727273
2025-08-01,Taiwan,Taiwan,0.024607210295394623,0.034712794519768456,0.038263440435050394,0.017824721168351605,0.3787878787878788
2025-08-01,Thailand,Thailand,-0.0477608022843105,-0.02865790907133676,-0.03245490905519838,-0.030171350167417264,0.36363636363636365
2025-08-01,Turkey,Turkey,-0.1114128183550927,-0.11644900978177358,-0.1983525959559358,-0.18505338417939565,0.5303030303030303
2025-08-01,U.K.,U.K.,-0.0017321592889430514,-0.043430396018343934,-0.10373681580618972,-0.012475205959560014,0.5151515151515151
2025-08-01,U.S.,US,0.030821194320697496,0.046273764048460383,0.090966929107456,0.0592605430680751,0.303030303030303
2025-08-01,US SmallCap,US,0.043896252993198034,0.05398235622203251,0.11173345028978666,0.20987811797102535,0.3787878787878788
2025-08-01,Vietnam,Vietnam,-0.015260422586067475,-0.0648323960869156,-0.01247959515007993,-0.13264979221302142,0.5606060606060606
2025-09-01,Australia,Australia,-0.10175857623412489,-0.049992617648496926,-0.05694974938177161,-0.025151965548431746,0.33333333333333337
2025-09-01,Brazil,Brazil,-0.10938088907591606,-0.10979303471366283,-0.14768448627259345,-0.10941216370296439,0.5303030303030303
2025-09-01,Canada,Canada,0.008743119098492602,-0.058259905327442046,-0.07810998400934228,-0.010106752369565934,0.42424242424242425
2025-09-01,Chile,Chile,-0.07800995989160658,-0.05550995915479376,-0.14023574305355727,-0.06522145120613952,0.7272727272727273
2025-09-01,ChinaA,China,-0.00880191024051465,-0.0683942082500805,0.013304449147017089,-0.03420900443225977,0.9393939393939394
2025-09-01,ChinaH,China,-0.00880191024051465,-0.0683942082500805,0.014840909965851249,-0.03013937438690544,0.8636363636363636
2025-09-01,Denmark,Denmark,0.11065746761981367,0.12836166548163438,0.08177893634954417,0.10583798366502714,0.07575757575757576
2025-09-01,France,France,-0.022368692894978535,-0.06293078416359374,-0.03708965693058999,-0.012022539209770908,0.48484848484848486
2025-09-01,Germany,Germany,0.014863783579416427,0.002843989101096978,-0.0816588631918483,0.005617529758638435,0.6666666666666666
2025-09-01,Hong Kong,Hong Kong,0.03288377954317899,0.07248630781556954,-0.04840768302616917,0.03207833725092915,0.893939393939394
2025-09-01,Indonesia,Indonesia,-0.05268971081355611,-0.07361287806288129,-0.07816367675343998,-0.01321928096970907,0.19696969696969696
2025-09-01,Italy,Italy,-0.05444323964791477,-0.05258718635286656,-0.052107589701804666,-0.00038091552530014616,0.7121212121212122
2025-09-01,Japan,Japan,-0.011007017967796871,-0.005394957294045584,-0.15243217510946436,-0.017219663972648784,0.5
2025-09-01,Korea,Korea,-0.07554046881071017,-0.033551109572059395,-0.06149245277984214,-0.0728531763682002,0.7424242424242424
2025-09-01,Malaysia,Malaysia,-0.07182038388245783,-0.07871898534746892,-0.13217803302818637,-0.09803206182963972,0.5151515151515151
2025-09-01,Mexico,Mexico,-0.019789843155316747,-0.055643448268941936,-0.1710187383121615,-0.05438703310477158,0.4545454545454546
2025-09-01,NASDAQ,US,0.0299643253924203,0.04361831148039527,0.06407855640184597,0.05842370723013837,0.36363636363636365
2025-09-01,Netherlands,Netherlands,0.0106142661004439,-0.01810271843342122,-0.08084208489870073,0.010141612592754912,0.19696969696969696
2025-09-01,Philippines,Philippines,-0.07049756491371033,-0.08781178226599531,-0.10796414960981132,-0.08046591672183051,0.393939393939394
2025-09-01,Poland,Poland,-0.08849921352303013,-0.10843328344763298,-0.1029784357308246,-0.05204973733309483,0.8787878787878788
2025-09-01,Saudi Arabia,Saudi Arabia,-0.026757307629141507,0.015697113450505586,-0.15147253747022066,-0.11262891901024397,0.30303030303030304
2025-09-01,Singapore,Singapore,0.014840019640666124,0.0034383287212329666,-0.0478510058899147,0.005272056206060053,0.6666666666666667
2025-09-01,South Africa,South Africa,-0.06489933342583301,-0.06216141127532178,-0.2141166299706187,-0.12780298434421355,0.5757575757575758
2025-09-01,Spain,Spain,-0.06621653061991657,-0.07992778335316057,-0.1587070865449492,-0.00523409022351087,0.7575757575757576
2025-09-01,Sweden,Sweden,8.688461872193888e-05,-0.014691675925427286,-0.08927891092578208,0.022688146886835004,0.30303030303030304
2025-09-01,Switzerland,Switzerland,0.006030115346122633,0.017401801999811364,-0.007034875700855226,0.027379256420568567,0.2121212121212121
2025-09-01,Taiwan,Taiwan,0.01767954391123327,0.03829481502765926,0.026378598090153773,0.02484487633686038,0.3939393939393939
2025-09-01,Thailand,Thailand,-0.06110878396425827,-0.010941558106700382,-0.011802651912204493,0.006143285803217135,0.5151515151515151
2025-09-01,Turkey,Turkey,-0.11132901196825847,-0.0963322343995412,-0.22104736108325304,-0.17792477138396087,0.5757575757575758
2025-09-01,U.K.,U.K.,0.0014219955274057438,0.015531850962139215,-0.11055989144509204,-0.015958997622813314,0.45454545454545453
2025-09-01,U.S.,US,0.02790682966092074,0.03726534188421124,0.06209884451063516,0.08664296562482325,0.2727272727272727
2025-09-01,US SmallCap,US,0.05053777431509458,0.05418782065758024,0.12717293539679758,0.21134406240138748,0.43939393939393945
2025-09-01,Vietnam,Vietnam,-0.00948690635233419,-0.025668864317610934,0.030781307712040466,-0.0949232091859074,0.6363636363636364
2025-10-01,Australia,Australia,-0.04572387078757731,-0.003623680270636153,-0.05529425204360111,-0.027137351005557746,0.25757575757575757
2025-10-01,Brazil,Brazil,-0.10734507105601103,-0.05968748309603748,-0.15998269427435288,-0.08274616860434907,0.6212121212121212
2025-10-01,Canada,Canada,0.002711491049572759,-0.003354389985501016,-0.07523516302540342,0.00012410983722628815,0.48484848484848486
2025-10-01,Chile,Chile,-0.08434257804693054,-0.0730371665068395,-0.12183884374356752,-0.05007517912266084,0.8787878787878788
2025-10-01,ChinaA,China,-0.04018781147262572,-0.05315810662859961,-0.022711303858266873,-0.07406789486186616,0.7272727272727273
2025-10-01,ChinaH,China,-0.04018781147262572,-0.059634954345740274,-0.02737584514448185,-0.06241623307500033,0.6363636363636364
2025-10-01,Denmark,Denmark,0.1366442813178265,0.1473877091996305,0.05735950677850522,0.11779079229270745,0.10606060606060606
2025-10-01,France,France,-0.006654008549518051,-0.0648783097239764,-0.026534690889160467,-0.025484469257414998,0.3939393939393939
2025-10-01,Germany,Germany,0.014863783579416427,-0.030156469124020542,-0.07834090795465441,0.005403666813102498,0.6818181818181819
2025-10-01,Hong Kong,Hong Kong,0.023099374262922256,0.017321514904739498,0.031188675863555348,0.006839428204850945,0.7878787878787878
2025-10-01,Indonesia,Indonesia,0.00586331254084319,-0.02689649962488015,-0.049724517250551686,-0.03285069092341551,0.19696969696969696
2025-10-01,Italy,Italy,-0.06767289682439241,-0.06858054926805143,-0.04118003785793259,-0.007387181892255767,0.7878787878787878
2025-10-01,Japan,Japan,-0.0012666934113242379,0.0007246651682429883,-0.16834706712227454,-0.005612214160404323,0.5606060606060606
2025-10-01,Korea,Korea,-0.03542681036953571,-0.03804004611971151,-0.1101293066134746,-0.04511014802657519,0.7272727272727273
2025-10-01,Malaysia,Malaysia,-0.06873194719977986,-0.05842866719086273,-0.09815265336014,-0.09136671529904516,0.48484848484848486
2025-10-01,Mexico,Mexico,-0.04989538726868502,-0.03850133288959072,-0.1699110853333379,-0.023802103887055646,0.5151515151515151
2025-10-01,NASDAQ,US,0.03244675452136617,0.049868608190330274,0.05934294463519199,0.05110019182965009,0.34848484848484845
2025-10-01,Netherlands,Netherlands,0.025010359344251817,0.024736707805128405,-0.0635312284496409,0.02496271123483205,0.19696969696969696
2025-10-01,Philippines,Philippines,-0.07213935190891684,-0.08714872498475276,-0.08410365363720065,-0.11140497379654793,0.42424242424242425
2025-10-01,Poland,Poland,-0.055532229153765864,-0.08798023587760595,-0.10431155123635365,-0.045782980641793244,0.8787878787878788
2025-10-01,Saudi Arabia,Saudi Arabia,-0.07288198764374132,-0.11185618798365274,-0.10867181639994244,-0.08254430389220115,0.25757575757575757
2025-10-01,Singapore,Singapore,0.017573444526027947,-0.012695899721539623,-0.04033063265554715,0.006721800497193436,0.696969696969697
2025-10-01,South Africa,South Africa,-0.04079002642864121,-0.05607623288059527,-0.22237243171742074,-0.11940077121137468,0.5909090909090908
2025-10-01,Spain,Spain,-0.05164181565634625,-0.09010652251614118,-0.12682916484513787,-0.009173069162435363,0.7878787878787878
2025-10-01,Sweden,Sweden,0.00399548472774775,-0.05225820070393829,-0.09357712698677936,0.02462507869119915,0.2878787878787879
2025-10-01,Switzerland,Switzerland,0.023639160139551797,0.007694582856636321,-0.01770559213959911,0.017531178720231456,0.2121212121212121
2025-10-01,Taiwan,Taiwan,-0.027983895255808133,-0.0007521933447787758,-0.009103889840985991,0.008777196096785966,0.3333333333333333
2025-10-01,Thailand,Thailand,-0.06232430343505389,-0.02024047807238013,0.011611817923265991,-0.013899294697029727,0.42424242424242425
2025-10-01,Turkey,Turkey,-0.08554749939834332,-0.10749725247451801,-0.23844055986291843,-0.16605783251921952,0.6060606060606061
2025-10-01,U.K.,U.K.,0.012199827418456669,-0.0018739051951283973,-0.10240830300788117,-0.014535309350652541,0.5909090909090909
2025-10-01,U.S.,US,0.028970089943171223,0.05087460747594591,0.057003289923611894,0.049415373247572156,0.2727272727272727
2025-10-01,US SmallCap,US,0.05017901844811015,0.08341025107980272,0.14706668804138023,0.211235658801489,0.48484848484848486
2025-10-01,Vietnam,Vietnam,-0.05398986371048338,-0.043365204616893416,-0.044051154526265957,-0.07656797481007195,0.7575757575757576
2025-11-01,Australia,Australia,-0.09782916264813747,-0.04505615401208263,-0.05429367628575929,-0.042143274746996334,0.2272727272727273
2025-11-01,Brazil,Brazil,-0.10797718623229623,-0.034781120843131536,-0.17866779247190814,-0.08256661340749577,0.6515151515151515
2025-11-01,Canada,Canada,0.013691423209227085,-0.008329799874171396,-0.053311842759887165,0.0060593584786656374,0.4090909090909091
2025-11-01,Chile,Chile,-0.07180524231875854,-0.012845560809615813,-0.08572238231171075,-0.020823138506857037,0.803030303030303
2025-11-01,ChinaA,China,-0.02712720847472529,-0.0440539470654754,-0.035845759448548356,-0.03330396990328306,0.8484848484848485
2025-11-01,ChinaH,China,-0.02712720847472529,-0.045088017994258156,-0.036234518928571754,-0.030791544600964525,0.7424242424242424
2025-11-01,Denmark,Denmark,0.135726117986657,0.13224530166303688,0.05411010598312624,0.12888889561511366,0.1515151515151515
2025-11-01,France,France,0.014510136654561346,0.007759201971969902,-0.08258945359291493,-0.019852800626315174,0.41666666666666663
2025-11-01,Germany,Germany,0.015624577681714196,-0.06887018455023787,-0.07645955747699393,0.01233100400927261,0.5909090909090908
2025-11-01,Hong Kong,Hong Kong,0.03625571309126538,0.0423303244374567,0.006171501036335427,0.028017739964061466,0.7575757575757576
2025-11-01,Indonesia,Indonesia,-0.009198517721566688,-0.05641902404960969,-0.09645758849032587,-0.04272811879007439,0.18181818181818182
2025-11-01,Italy,Italy,-0.05431099295603119,-0.06718706207033712,-0.021833380250834138,-0.012428794396727975,0.7121212121212122
2025-11-01,Japan,Japan,0.007384145149835573,-0.03200257641412152,-0.236081592451866,-0.003803022027327209,0.5
2025-11-01,Korea,Korea,-0.03700391593918581,-0.04498032158369843,-0.10893886739310674,-0.017403328715925856,0.7878787878787878
2025-11-01,Malaysia,Malaysia,-0.033378997201957236,-0.03216945163295612,-0.14698027618992585,-0.1218913967682225,0.5454545454545454
2025-11-01,Mexico,Mexico,-0.03549567852157455,-0.04351966240950744,-0.19842674384081863,-0.036533675700114066,0.6212121212121212
2025-11-01,NASDAQ,US,0.03653485764970246,0.04563661599490759,0.044916152608175844,0.04003538969752758,0.2727272727272727
2025-11-01,Netherlands,Netherlands,0.02200554019950344,-0.017816188316667647,-0.045960600295489235,0.01320414752063509,0.3787878787878788
2025-11-01,Philippines,Philippines,-0.06646257706350754,-0.09455871530490793,-0.07039322761676656,-0.09669476436673029,0.4545454545454546
2025-11-01,Poland,Poland,-0.04302981654034124,-0.0814207540414207,-0.1606415581815534,-0.030471737182153895,0.8636363636363636
2025-11-01,Saudi Arabia,Saudi Arabia,-0.0930603796255707,-0.10531975669894357,-0.08235185721225437,-0.0643157233442362,0.24242424242424243
2025-11-01,Singapore,Singapore,0.012820675107558223,-0.004873048787943683,-0.025845403951203806,0.009367059535193486,0.6742424242424243
2025-11-01,South Africa,South Africa,-0.046939379355889196,-0.057046317515972125,-0.18935881503435084,-0.10066959501409828,0.6666666666666666
2025-11-01,Spain,Spain,-0.06279956916271871,-0.11739899081447917,-0.11133652768596118,-0.01405938958882545,0.7878787878787878
2025-11-01,Sweden,Sweden,-0.03754591797912532,-0.021603286788232087,-0.09983555592482321,0.01060106956814268,0.30303030303030304
2025-11-01,Switzerland,Switzerland,0.050100245446356176,0.0170079531768399,-8.606868997520448e-05,0.011225942848730623,0.21212121212121213
2025-11-01,Taiwan,Taiwan,0.019918584412155355,-0.00270764335857912,-0.00517342440694086,0.04650514349527628,0.2878787878787879
2025-11-01,Thailand,Thailand,-0.059311611865512745,-0.020316712552433946,-0.01342450030471894,-0.03669719406670675,0.3939393939393939
2025-11-01,Turkey,Turkey,-0.04500657501312984,-0.08461827051637139,-0.18824374834497778,-0.13649208168113364,0.6060606060606061
2025-11-01,U.K.,U.K.,0.04091399063701391,0.02776695053456885,-0.09872477729889667,-0.0013327623198102568,0.5303030303030303
2025-11-01,U.S.,US,0.03305819307150752,0.04099926806207785,0.04711133665241425,0.03790001957747337,0.21212121212121213
2025-11-01,US SmallCap,US,0.050879881584281264,0.08351205090542817,0.14338783633424487,0.21883429086474696,0.45454545454545453
2025-11-01,Vietnam,Vietnam,-0.05933001589508394,-0.06939599694943002,-0.04507434462973475,-0.05632170293429946,0.7121212121212122
2025-12-01,Australia,Australia,-0.020921464907649207,-0.004224844515406395,-0.042631283905375156,-0.04193984868654463,0.2272727272727273
2025-12-01,Brazil,Brazil,-0.07392816183859781,-0.010725499066091035,-0.1669681060503875,-0.05126286413002762,0.6818181818181819
2025-12-01,Canada,Canada,0.008916150589430925,-0.002677814838152812,-0.0692227478659304,0.0020036732120179736,0.2878787878787879
2025-12-01,Chile,Chile,-0.09310805721162943,-0.061950243330505916,-0.10948887006773679,-0.05626388608603637,0.7424242424242424
2025-12-01,ChinaA,China,-0.013289044445013554,-0.08182868264605844,-0.07819255413316721,-0.04152150825888007,0.8333333333333334
2025-12-01,ChinaH,China,-0.013289044445013554,-0.09467844093178156,-0.08627955930480341,-0.03676312803955043,0.696969696969697
2025-12-01,Denmark,Denmark,0.1368500938300747,0.12517206352394636,0.06082180496393505,0.12849389295788302,0.1515151515151515
2025-12-01,France,France,0.023664202987929178,-0.04012345570226658,-0.040015156631292695,-0.04253649948232763,0.4393939393939394
2025-12-01,Germany,Germany,0.019730737686899393,-0.06656912405625598,-0.0756601723771749,0.008852837324652398,0.5454545454545454
2025-12-01,Hong Kong,Hong Kong,0.0329265043597837,0.07407026833648118,0.010196576853296294,0.03948847543995049,0.803030303030303
2025-12-01,Indonesia,Indonesia,-0.06546861010589065,-0.09997652875447093,-0.09758479664552153,-0.11460033084828358,0.18181818181818182
2025-12-01,Italy,Italy,-0.021670623439801983,-0.05934287140346585,-0.03177149735873737,-0.012528421979838701,0.7878787878787878
2025-12-01,Japan,Japan,-0.00372198041703753,0.005572736458601494,-0.21202806727765386,-0.0016741847325859637,0.5151515151515151
2025-12-01,Korea,Korea,-0.03222096544178426,-0.03056442632208803,-0.17561100041842048,-0.016037833141678774,0.9393939393939394
2025-12-01,Malaysia,Malaysia,-0.023295588246510218,0.009983018463664919,-0.1084282131281005,-0.06812951246231226,0.5909090909090908
2025-12-01,Mexico,Mexico,-0.02890343403950608,-0.04351966240950744,-0.2110397786953249,-0.01536605941299248,0.5606060606060606
2025-12-01,NASDAQ,US,0.03752909309895154,0.04563661599490759,0.03912341692973639,0.02600467202138142,0.24242424242424243
2025-12-01,Netherlands,Netherlands,0.02689137606252003,-0.009404961037719442,-0.0520450960348981,0.01622716169880748,0.40909090909090906
2025-12-01,Philippines,Philippines,-0.06870414339290497,-0.08767944410930799,-0.09848438058227915,-0.08335134823787822,0.4545454545454546
2025-12-01,Poland,Poland,-0.06258455781344133,-0.08006002579978412,-0.15578440701419854,-0.025863401406616818,0.893939393939394
2025-12-01,Saudi Arabia,Saudi Arabia,-0.08349550512804488,-0.09203954904875283,-0.23510660553815577,-0.1586289719923288,0.33333333333333337
2025-12-01,Singapore,Singapore,0.025496291551345345,-0.07185558604943573,-0.07189206117521053,0.0019307691652166656,0.5151515151515151
2025-12-01,South Africa,South Africa,-0.046844477599371326,-0.060410293048822214,-0.18952130596843655,-0.07640695323498142,0.6060606060606061
2025-12-01,Spain,Spain,-0.012054697766718057,-0.07393694509629566,-0.12272222644543945,-0.015149792188351219,0.7575757575757576
2025-12-01,Sweden,Sweden,-0.034651598117792254,-0.02345904161204555,-0.102337375098701,0.017269253161996734,0.33333333333333337
2025-12-01,Switzerland,Switzerland,0.045142065765358994,0.03667520677973904,0.007531837801115358,0.007979428428242516,0.22727272727272727
2025-12-01,Taiwan,Taiwan,0.05340432879596145,-0.0056877871309206195,-0.01777873374320122,0.044632464301644206,0.42424242424242425
2025-12-01,Thailand,Thailand,-0.07744658994293188,-0.06927221753429683,-0.0333023307814069,-0.08064846192594757,0.4545454545454546
2025-12-01,Turkey,Turkey,-0.06583383414673233,-0.056456762724747575,-0.18037485640380865,-0.11868137564572707,0.5606060606060606
2025-12-01,U.K.,U.K.,0.0203115681269674,0.02175033399946799,-0.10547551633796919,0.002458845112480127,0.5
2025-12-01,U.S.,US,0.02860769279709185,0.040820760853849156,0.05030859432221424,0.03575419295933806,0.18181818181818182
2025-12-01,US SmallCap,US,0.04002748593206289,0.05433540482707035,0.1146274149783583,0.2027704117057176,0.40909090909090906
2025-12-01,Vietnam,Vietnam,-0.10287408883116042,-0.014872724982769247,-0.05871896291815358,-0.08373019360069425,0.7121212121212122
2026-01-01,Australia,Australia,-0.06618957140797048,-0.01493517136225889,-0.08032136084241318,-0.030206985760654174,0.24242424242424243
2026-01-01,Brazil,Brazil,-0.07567928132483838,0.022816428706664612,-0.1247619596086329,-0.013363219614688681,0.8636363636363636
2026-01-01,Canada,Canada,0.05792354565619001,0.05472405027731363,-0.07604579123089364,0.005796536199326824,0.4393939393939394
2026-01-01,Chile,Chile,-0.11212628022073617,-0.05357868262172841,-0.10466957136315962,-0.049791985524978336,0.7272727272727273
2026-01-01,ChinaA,China,-0.011354910325898117,-0.05763141549976697,-0.08784624469030936,-0.05449813020645883,0.7575757575757576
2026-01-01,ChinaH,China,-0.011354910325898117,-0.053646364860479315,-0.08129900658440913,-0.0563378257454199,0.6818181818181819
2026-01-01,Denmark,Denmark,0.09364789361944166,0.10720801602709415,0.08654536175203599,0.16249286417205938,0.1515151515151515
2026-01-01,France,France,0.023664202987929178,-0.05637799253719063,-0.01748191483391271,-0.05280078945973088,0.4242424242424242
2026-01-01,Germany,Germany,0.015904866202323988,-0.04994949000047788,-0.0834039703614029,0.0068527678370831555,0.5303030303030303
2026-01-01,Hong Kong,Hong Kong,0.04637955902759747,0.01145196995378547,-0.03134893350155716,0.07152212583501369,0.8333333333333334
2026-01-01,Indonesia,Indonesia,-0.029293449791099987,-0.03334669127225978,-0.09358646504042531,-0.12032714007227818,0.24242424242424243
2026-01-01,Italy,Italy,-0.02237148657597309,-0.05934287140346585,-0.05577452485347585,-0.007569338645202388,0.7272727272727273
2026-01-01,Japan,Japan,0.0020976518929199557,0.021203990502985725,-0.18536592192437568,0.0015455229447510531,0.48484848484848486
2026-01-01,Korea,Korea,0.003859295044748771,-0.02221448900772364,-0.19785847694938227,-0.017752235367956167,0.8636363636363636
2026-01-01,Malaysia,Malaysia,-0.0830851225289097,-0.08921614876795701,-0.15471618084431266,-0.11353513576911255,0.5454545454545454
2026-01-01,Mexico,Mexico,-0.02054827041663687,-0.048691016359015724,-0.19785518735059088,-0.012011248152192242,0.5606060606060606
2026-01-01,NASDAQ,US,0.04789107162431816,0.04376892044660441,0.06094134138598191,0.04817422269960979,0.19696969696969696
2026-01-01,Netherlands,Netherlands,0.027415433812340257,-0.06769191095583128,-0.09644942084034004,0.0016662392689014566,0.3787878787878788
2026-01-01,Philippines,Philippines,-0.08472709453367358,-0.1039818853079153,-0.11868065727888298,-0.12939213739489452,0.5
2026-01-01,Poland,Poland,-0.05632117442479591,-0.06771976498808892,-0.14573007470707702,-0.026556238045312618,0.8484848484848484
2026-01-01,Saudi Arabia,Saudi Arabia,-0.0743264975734479,-0.05056008417331484,-0.1480441357651813,-0.08346675121551927,0.25757575757575757
2026-01-01,Singapore,Singapore,0.02603975371392622,-0.037869241369241066,-0.11226972689116663,0.004294263046497422,0.5606060606060606
2026-01-01,South Africa,South Africa,-0.026304731361478602,-0.09879559827614119,-0.21536500541383163,-0.044637160361845826,0.6212121212121212
2026-01-01,Spain,Spain,0.0070843738663327865,-0.07191942050595251,-0.12485108992789991,-0.015844997961754852,0.7424242424242424
2026-01-01,Sweden,Sweden,-0.033255286386064516,-0.031752306627645985,-0.10961830361447943,0.012672492887860747,0.33333333333333337
2026-01-01,Switzerland,Switzerland,0.0491193123285852,0.07043088553562532,0.024244503038236505,0.007555696246503939,0.2727272727272727
2026-01-01,Taiwan,Taiwan,-0.006851170467106128,-0.021200073199401995,-0.030534321824130937,0.027554245232911393,0.30303030303030304
2026-01-01,Thailand,Thailand,-0.050156555316468274,0.0034782166645761607,-0.023993134257835853,-0.007846642133805775,0.4696969696969697
2026-01-01,Turkey,Turkey,-0.10324752762816158,-0.09252458026229136,-0.22149430513866764,-0.159598422308725,0.5303030303030303
2026-01-01,U.K.,U.K.,0.039970431455934374,0.05298520261282029,-0.10750994234269642,0.009142684907948664,0.5606060606060606
2026-01-01,U.S.,US,0.03692358199749084,0.04167695876306911,0.05742718215761956,0.06273234780225144,0.18181818181818182
2026-01-01,US SmallCap,US,0.09807158733517356,0.10582474435616916,0.10496570880297951,0.19856776566007311,0.46969696969696967
2026-01-01,Vietnam,Vietnam,-0.04713748817496628,-0.023066281906300994,0.0020792072962185527,-0.11658951008297909,0.696969696969697
2026-02-01,Australia,Australia,-0.0026131327975255935,0.02369719962082605,-0.03672645858670326,0.011854968250280828,0.18181818181818182
2026-02-01,Brazil,Brazil,-0.11670606057836935,-0.06018762256671689,-0.1412212597983973,-0.04376222472270294,0.7272727272727273
2026-02-01,Canada,Canada,0.08860598032980221,0.05081246036746538,-0.06029639886861708,0.006670711114855739,0.46969696969696967
2026-02-01,Chile,Chile,-0.1146950847250057,-0.05357868262172841,-0.06805408732627793,-0.0641461260673985,0.6818181818181819
2026-02-01,ChinaA,China,-0.012820612037550656,-0.03322236246963155,-0.07645862269863204,-0.0353608055517085,0.7575757575757576
2026-02-01,ChinaH,China,-0.012820612037550656,-0.03241962496684309,-0.06754924307968037,-0.04957895245435623,0.6818181818181819
2026-02-01,Denmark,Denmark,0.09733730193164555,0.09025359534358625,0.13460870820859666,0.1634836955855788,0.12121212121212122
2026-02-01,France,France,0.039614564455370954,-0.03304522042568968,-0.1707707636335016,-0.029022329578911567,0.4545454545454546
2026-02-01,Germany,Germany,0.04269923819405935,0.02149601795883071,-0.06877211462517863,0.0008078740342495434,0.5454545454545454
2026-02-01,Hong Kong,Hong Kong,0.042216344061272434,0.016488265389612893,-0.04624228487070278,0.031607930371349846,0.8636363636363636
2026-02-01,Indonesia,Indonesia,-0.013021691340438304,-0.02005941829025987,-0.010289964722140645,-0.06846197819754617,0.2727272727272727
2026-02-01,Italy,Italy,0.013336658301185925,-0.0034176928271152864,-0.041029814642753404,-0.0007533759481163889,0.8333333333333333
2026-02-01,Japan,Japan,0.006463546696945065,0.04727044816351085,-0.16423186402236248,0.0057535940799365425,0.5151515151515151
2026-02-01,Korea,Korea,-0.0017113342829506066,-0.02768806822497511,-0.16626103572410092,-0.016632950250105905,0.7575757575757576
2026-02-01,Malaysia,Malaysia,0.0007173836837819723,0.014631070055783606,-0.028586467976426767,-0.004175222106470703,0.6515151515151515
2026-02-01,Mexico,Mexico,-0.04259334894872861,0.0043555331918012676,-0.1846555090451851,-0.003909456042418331,0.5606060606060607
2026-02-01,NASDAQ,US,0.041182007766143364,0.003168995749248147,0.05035609326766466,0.05380963318240772,0.18181818181818182
2026-02-01,Netherlands,Netherlands,0.03777191086634417,0.0008349050753838592,-0.06384034050837231,-0.024182946536249406,0.3787878787878788
2026-02-01,Philippines,Philippines,-0.028807259148850878,-0.08486391462725708,-0.10302854168195225,-0.12983649686743823,0.5454545454545454
2026-02-01,Poland,Poland,-0.012668861214204163,-0.004726290420457712,-0.13674918376240922,-0.011782404600924938,0.8181818181818181
2026-02-01,Saudi Arabia,Saudi Arabia,-0.06904893892542295,-0.054014707520426614,-0.10837412337726342,-0.0732114518194316,0.21212121212121213
2026-02-01,Singapore,Singapore,0.05141817392698257,0.006019665369714386,-0.11400088981464544,-0.004622366968167194,0.5454545454545454
2026-02-01,South Africa,South Africa,-0.008562536250292472,-0.08401578057527125,-0.20277213994449786,-0.012068316921885707,0.6363636363636364
2026-02-01,Spain,Spain,0.03196653087940425,0.002879807627191514,-0.104686748292389,-0.00408119770049642,0.7272727272727273
2026-02-01,Sweden,Sweden,0.004650906750309627,0.022080269753103114,-0.11423552482068743,0.01603688698902059,0.36363636363636365
2026-02-01,Switzerland,Switzerland,0.08322589885945213,0.08708945994832362,-0.01634581519015869,0.004542004656206567,0.2727272727272727
2026-02-01,Taiwan,Taiwan,-0.004393947053605456,-0.02290427177866814,-0.032788813097546776,0.03674530120569565,0.36363636363636365
2026-02-01,Thailand,Thailand,-0.02255831205071558,0.015265837546603812,-0.07691709965460702,-0.034843776651511574,0.4696969696969697
2026-02-01,Turkey,Turkey,-0.16484108034013692,-0.09348175582525725,-0.18465148538830842,-0.1372949622470284,0.5454545454545454
2026-02-01,U.K.,U.K.,0.05730318632554017,0.04609313474439754,-0.09924161940685365,0.008623120394719498,0.5606060606060606
2026-02-01,U.S.,US,0.029857741668779855,-0.015701636653465467,0.03815458061157807,0.06221948647153987,0.16666666666666666
2026-02-01,US SmallCap,US,0.04273512493164329,-0.006416502853302546,0.09398502647922462,0.1878829552496518,0.42424242424242425
2026-02-01,Vietnam,Vietnam,-0.07572094683388604,-0.0032966269606915523,0.013582903820640872,-0.07745256030234071,0.7121212121212122
2026-03-01,Australia,Australia,-0.04886001322179019,0.019723323337750513,-0.06996983218084332,0.0011567177680757513,0.2878787878787879
2026-03-01,Brazil,Brazil,-0.12170318413633349,-0.07966008162049688,-0.12095749014947363,0.002638297970684121,0.803030303030303
2026-03-01,Canada,Canada,0.06519417395540632,0.046833573786295477,-0.05236725982640454,0.008815984184043961,0.4393939393939394
2026-03-01,Chile,Chile,-0.1100153661740814,-0.056077010015526854,-0.00854148476307303,0.00359952002151844,0.8484848484848485
2026-03-01,ChinaA,China,-0.02048969821184919,-0.05455914326411822,-0.08472584184757696,-0.035295405614469394,0.5757575757575757
2026-03-01,ChinaH,China,-0.02048969821184919,-0.05110427764524886,-0.06450642663561673,-0.06496350366234828,0.5454545454545454
2026-03-01,Denmark,Denmark,0.0925755769636743,0.09114164473109636,0.13278032175452115,0.14246453004580337,0.2272727272727273
2026-03-01,France,France,0.013128472440683308,-0.028613872752559995,-0.15224844124503464,-0.03580567555815306,0.3181818181818182
2026-03-01,Germany,Germany,0.03555940763648471,0.015501745877042714,-0.07486432509962966,-0.0005069264216434749,0.45454545454545453
2026-03-01,Hong Kong,Hong Kong,0.01771421623876481,0.01480179329013008,-0.027283327479622397,0.035182492103208174,0.8333333333333334
2026-03-01,Indonesia,Indonesia,0.01847837230700732,-0.021215443288953736,-0.04631507630200074,-0.06248742308795244,0.2272727272727273
2026-03-01,Italy,Italy,0.024688486602404434,-0.029430085486779965,-0.031105454433023257,0.002972724269609697,0.696969696969697
2026-03-01,Japan,Japan,0.019007696976643822,0.01170498272020868,-0.1896437181982588,-0.005217578602311306,0.6212121212121212
2026-03-01,Korea,Korea,0.014790055150062181,0.01820231204295281,-0.14526904468480695,-0.01428194137923867,0.7272727272727273
2026-03-01,Malaysia,Malaysia,-0.029861643281484638,0.0005328186795765444,-0.020050604762689096,-0.010315344667046252,0.7272727272727273
2026-03-01,Mexico,Mexico,-0.0033611410693223116,-0.013118099449601687,-0.20742869432788677,-0.008707309647897355,0.5909090909090909
2026-03-01,NASDAQ,US,0.0493144727092204,0.022758606856986396,0.13338283943290286,0.20493545228368107,0.24242424242424243
2026-03-01,Netherlands,Netherlands,0.045845448717553625,0.0015518874750484225,-0.03554709207656681,-0.003105847260883142,0.4393939393939394
2026-03-01,Philippines,Philippines,-0.06614435615742176,-0.08053397227070086,-0.09056729264666123,-0.10102117048035278,0.4696969696969697
2026-03-01,Poland,Poland,-0.05937637533312862,-0.04233405805607088,-0.1454013838325169,-0.032009224717709006,0.8181818181818181
2026-03-01,Saudi Arabia,Saudi Arabia,-0.0923789305954135,-0.053504790533360186,-0.09873101894874839,0.08712621059692822,0.22727272727272727
2026-03-01,Singapore,Singapore,0.053229703526482375,0.004529584827066552,-0.10321249319198904,9.28112499589467e-05,0.5454545454545454
2026-03-01,South Africa,South Africa,-0.030145153834190662,-0.0832753415333733,-0.23141575818750693,-0.0038537845124726917,0.5757575757575758
2026-03-01,Spain,Spain,0.02372427662035019,-0.06835680836474013,-0.05709506894248048,-0.0033447669699413077,0.696969696969697
2026-03-01,Sweden,Sweden,0.004650906750309627,0.020864866558509755,-0.10418305752582382,0.014661795262959264,0.3181818181818182
2026-03-01,Switzerland,Switzerland,0.06891353965841346,0.08414118447426831,0.02304283480472465,0.006446777647880283,0.21212121212121213
2026-03-01,Taiwan,Taiwan,-0.011019246636414062,-0.028258806741206892,-0.0512804818031999,0.03665137270730996,0.42424242424242425
2026-03-01,Thailand,Thailand,0.006649960078373146,-0.010207005729751585,-0.027648411287734948,-0.07847108205705629,0.5606060606060606
2026-03-01,Turkey,Turkey,-0.1459483854506608,-0.030022631090359787,-0.14349859495679035,-0.09755443639452455,0.7121212121212122
2026-03-01,U.K.,U.K.,0.05735623221361989,0.05398361123541569,-0.0967524943237162,0.00824109030719813,0.48484848484848486
2026-03-01,U.S.,US,0.034728343858579314,-0.012033621507213467,0.08301275350702127,0.1600834581764004,0.12121212121212122
2026-03-01,US SmallCap,US,0.13108507107264805,0.09411167403064392,0.058778074733302654,0.13001342793573686,0.4242424242424242
2026-03-01,Vietnam,Vietnam,-0.09290628082446914,-0.013194570375203957,-0.04055123212536245,-0.12105945452963518,0.803030303030303
2026-04-01,Australia,Australia,0.0606464954333827,0.05395765028925564,-0.057660206783128234,-0.020937094920591703,0.3484848484848485
2026-04-01,Brazil,Brazil,-0.06715261601441067,0.02818313182470351,-0.13741859067082143,4.60855704729644e-05,0.7878787878787878
2026-04-01,Canada,Canada,0.03498969221528911,0.03245765392309696,-0.02467408754316237,0.004834077452096941,0.4393939393939394
2026-04-01,Chile,Chile,-0.015065942912558718,0.006102182116134221,0.07180026547926528,0.05641820259049499,0.696969696969697
2026-04-01,ChinaA,China,-0.012755346019964042,-0.008298018697827803,-0.08618272534591424,-0.037873770434780435,0.5151515151515151
2026-04-01,ChinaH,China,-0.011891132421466496,0.0028832951408979193,0.005304215376488435,0.00124846555729362,0.5303030303030303
2026-04-01,Denmark,Denmark,0.06823026831478696,0.0848419908751998,0.10711599802624852,0.15191321041822833,0.2121212121212121
2026-04-01,France,France,0.021656174814222523,0.062185656058141914,-0.0882453639313252,-0.050331658521318434,0.3939393939393939
2026-04-01,Germany,Germany,0.03741988212239722,0.03767091156396035,0.024181609998780062,0.02556207716018521,0.4545454545454546
2026-04-01,Hong Kong,Hong Kong,0.02380470639478752,0.0337260419340395,-0.002787706189747055,0.05365431943711696,0.8333333333333334
2026-04-01,Indonesia,Indonesia,-0.0063214931502649264,-0.05031581868154647,-0.07765935836844812,0.000828718342802748,0.33333333333333337
2026-04-01,Italy,Italy,-0.016999790770139037,0.017747239416758008,-0.0010174742287615687,-0.0010562753030975607,0.606060606060606
2026-04-01,Japan,Japan,0.010232087138468751,0.02815736534757075,-0.02739622363143336,-0.03572944751437982,0.6060606060606061
2026-04-01,Korea,Korea,0.013737268171522148,0.02823298710767203,-0.1522716268186372,-0.006101730030050414,0.8939393939393939
2026-04-01,Malaysia,Malaysia,-0.009906216051411523,-0.0017407674413152125,0.035571633367871724,0.04772749564971035,0.6060606060606061
2026-04-01,Mexico,Mexico,0.04697166920887663,0.05057858121615445,-0.09620841027952293,-0.014214500767605212,0.5909090909090908
2026-04-01,NASDAQ,US,0.056270996054096134,0.03391582751672893,0.1423384064108144,0.2048824147450034,0.2121212121212121
2026-04-01,Netherlands,Netherlands,0.05237767874414062,-0.009281259174416386,0.040448946787435686,0.020358321941880936,0.4393939393939394
2026-04-01,Philippines,Philippines,-0.022879046249492583,-0.05054462547607419,0.06715658544786264,-0.026160448033715207,0.5454545454545454
2026-04-01,Poland,Poland,-0.016805931811381944,-0.06977153777997465,-0.08361717694965183,-0.013550072309680049,0.7272727272727273
2026-04-01,Saudi Arabia,Saudi Arabia,-0.07636426838271612,-0.0796853086595958,-0.15828929569883646,-0.12825055246380185,0.19696969696969696
2026-04-01,Singapore,Singapore,-0.021218109821770383,-0.026793308463527614,-0.0998919681342342,-0.0056200639979439556,0.3939393939393939
2026-04-01,South Africa,South Africa,-0.04296705198388823,-0.004870813860240723,0.02026271156443541,0.019244122569886286,0.6515151515151516
2026-04-01,Spain,Spain,-0.036590825730722816,0.02075352377520271,-0.04016887011279037,-0.005053484382248487,0.6515151515151515
2026-04-01,Sweden,Sweden,-0.008737040141745183,0.005085744072406867,0.011416932138180517,0.02049226319456973,0.36363636363636365
2026-04-01,Switzerland,Switzerland,0.045740759615710905,0.05019720665777279,-0.006558224333314353,0.0008906600098595886,0.22727272727272727
2026-04-01,Taiwan,Taiwan,0.04826686112941257,0.008515843589763187,-0.04913494380341436,0.03496899621218823,0.5303030303030303
2026-04-01,Thailand,Thailand,0.013842151761627123,0.028243343734087756,-0.09662853817056091,-0.015661485526628424,0.6363636363636364
2026-04-01,Turkey,Turkey,-0.05816525740910909,-0.008442248154655595,-0.0857974654498618,-0.040051856130813274,0.7121212121212122
2026-04-01,U.K.,U.K.,0.032159704003781264,0.04927687974223734,-0.0149505876895338,-0.0026471427154175046,0.43939393939393945
2026-04-01,U.S.,US,0.03912586531089479,0.017135302146401233,0.10859506951529743,0.17049636710554064,0.16666666666666666
2026-04-01,US SmallCap,US,0.13941274121409422,0.12641712778454667,0.06063689518345845,0.08935018647837824,0.4393939393939394
2026-04-01,Vietnam,Vietnam,-0.009055887000464355,0.007035718750870411,-0.08733058812382093,-0.03985486681726255,0.8181818181818181
2026-05-01,Australia,Australia,-0.03566653746782493,-0.03448119719520717,-0.03625889086993162,-0.008023261783909882,0.25757575757575757
2026-05-01,Brazil,Brazil,-0.08528349446608392,-0.04851410604996709,-0.14963985547772823,-0.012621286205096834,0.8484848484848484
2026-05-01,Canada,Canada,0.02040935011468557,-0.032403055206630796,-0.044704990437088324,-0.0048233243197707935,0.4393939393939394
2026-05-01,Chile,Chile,-0.03562396788609574,-0.022784606657842828,-0.08347632549753944,-0.019057012384758973,0.7727272727272727
2026-05-01,ChinaA,China,-0.006177620046787974,-0.00919890239503831,-0.04484740886198149,-0.06244848693759415,0.5606060606060606
2026-05-01,ChinaH,China,-0.004069953010156865,-0.00703859368175895,-0.03741090799917825,-0.04865068013739325,0.5909090909090909
2026-05-01,Denmark,Denmark,0.08768951997298313,0.09135903391552778,0.14826159998484556,0.14385724251655999,0.16666666666666669
2026-05-01,France,France,0.00456338138838731,-0.0026161865903789466,-0.07952433783432686,-0.05750058675063158,0.36363636363636365
2026-05-01,Germany,Germany,0.016587776261275212,0.03322632645486985,-0.00562623318634047,0.02886529486283315,0.3939393939393939
2026-05-01,Hong Kong,Hong Kong,0.012627908898455765,-0.005783384689236148,0.0020782528651259527,0.027849906558845557,0.8787878787878788
2026-05-01,Indonesia,Indonesia,0.017867810024704035,-0.038073661455266944,0.031598047106061955,0.032404552528948624,0.40909090909090906
2026-05-01,Italy,Italy,-0.06077220303243133,-0.018836990439321154,0.036970041332926196,-0.012686185124772454,0.5454545454545454
2026-05-01,Japan,Japan,0.002571937290476098,-0.007639947044308731,-0.07754206415712053,-0.01964927519895946,0.48484848484848486
2026-05-01,Korea,Korea,0.012719250490651555,0.015762185399250138,-0.15576369627549477,-0.014399871981959737,0.7424242424242424
2026-05-01,Malaysia,Malaysia,-0.0486562959023735,-0.07963157647396273,-0.06629549618629782,-0.06920303522181588,0.6666666666666667
2026-05-01,Mexico,Mexico,-0.03402341029989969,-0.023337757636733337,-0.1493958124661976,-0.022219983165947484,0.5454545454545454
2026-05-01,NASDAQ,US,0.0487262882946477,0.0921108375980944,0.18492383598959744,0.14843017495059854,0.2727272727272727
2026-05-01,Netherlands,Netherlands,0.019966324386821985,0.05124093401063662,0.0561777536377443,0.015090935528788683,0.3939393939393939
2026-05-01,Philippines,Philippines,0.008520043749491939,-0.03880941929012499,0.021510379976191707,-0.05503096168918527,0.48484848484848486
2026-05-01,Poland,Poland,-0.07645244690926303,-0.07943119768765118,-0.10544070774102844,-0.039727842869633254,0.7121212121212122
2026-05-01,Saudi Arabia,Saudi Arabia,-0.04161798351887655,-0.09907291649919257,-0.11401195239120117,-0.13216714387411008,0.2878787878787879
2026-05-01,Singapore,Singapore,0.0391052050959074,-0.00919114781981706,-0.0519510735879945,-0.01138119841284627,0.5
2026-05-01,South Africa,South Africa,-0.01823084952416966,-0.03910803403263341,-0.03465838545152066,-0.06769138250880706,0.6363636363636364
2026-05-01,Spain,Spain,-0.03554266331234214,-0.01080284811409809,0.04496068801049739,-0.016448161692683684,0.6212121212121212
2026-05-01,Sweden,Sweden,-0.01297506883405914,0.015262734626458243,-0.02126379563334012,0.031176685567638297,0.2727272727272727
2026-05-01,Switzerland,Switzerland,0.028930105625694705,-0.007991215971225315,-0.0057774586550432706,0.015390703999792758,0.19696969696969696
2026-05-01,Taiwan,Taiwan,0.010045320622207716,-0.013831758595967776,-0.03150270088992658,0.01908423149415602,0.5303030303030303
2026-05-01,Thailand,Thailand,0.023188566840745845,0.0631670390331952,-0.13127008399081905,-0.022809503080917018,0.6060606060606061
2026-05-01,Turkey,Turkey,-0.08478813296183642,-0.003732334215971092,-0.0828633024982632,-0.04846184350398812,0.8484848484848485
2026-05-01,U.K.,U.K.,0.022538552788475098,0.05316482892190012,-0.03528320883942704,-0.007215069857132776,0.45454545454545453
2026-05-01,U.S.,US,0.046728556919662684,0.0530097567667145,0.12217859570932488,0.09822634466574753,0.22727272727272727
2026-05-01,US SmallCap,US,0.054693353430872796,0.08544091303897819,0.071631963860574,0.05318430243641409,0.4545454545454546
2026-05-01,Vietnam,Vietnam,0.10873686428307609,0.06415115990176352,-0.02902519587042058,0.02574358712881544,0.8333333333333334
2026-06-01,Australia,Australia,-0.04521374623819083,-0.03739438622924603,-0.08678279850073219,-0.01809996072457195,0.3181818181818182
2026-06-01,Brazil,Brazil,-0.0695743284541925,-0.024342797580535338,-0.10337704154370334,0.0013071547328889089,0.8484848484848484
2026-06-01,Canada,Canada,0.03324991944147096,-0.02146049081567611,-0.043551768869157625,-0.004003380690091751,0.4090909090909091
2026-06-01,Chile,Chile,-0.05676591377334572,-0.018563953608390776,-0.08965037482322716,-0.028841889840448647,0.7727272727272727
2026-06-01,ChinaA,China,-0.04004500871053082,-0.014964543687415358,-0.05718185460193749,-0.05272193839298196,0.5454545454545454
2026-06-01,ChinaH,China,-0.03793734167389971,-0.011798235688520368,-0.06743687836267355,-0.02348905523667166,0.5454545454545455
2026-06-01,Denmark,Denmark,0.08443796769245805,0.06276250225144533,0.1583563863261379,0.15685469623602488,0.18181818181818182
2026-06-01,France,France,0.009496481347886667,-0.01896276763441906,-0.09385507974310814,-0.03487861497619704,0.42424242424242425
2026-06-01,Germany,Germany,0.017215946064309828,0.03322632645486985,-0.005187370683009934,0.025771695154866655,0.3939393939393939
2026-06-01,Hong Kong,Hong Kong,0.013701515587123115,-0.019762834161770063,-0.0050085506797589874,0.020463962927913977,0.7575757575757576
2026-06-01,Indonesia,Indonesia,0.03182349186357185,0.0627226987086203,0.045351615392019304,0.1364916395110408,0.42424242424242425
2026-06-01,Italy,Italy,-0.053704761382521574,-0.026207481309691714,0.04871938065740225,-0.0205575887851261,0.5454545454545454
2026-06-01,Japan,Japan,0.0016971582889140245,0.011402193977045665,-0.04542051198355081,-0.03237427247861786,0.5151515151515151
2026-06-01,Korea,Korea,-0.06496591183863387,-0.05928325079494724,-0.18563762238698187,-0.022724351038004614,0.5909090909090909
2026-06-01,Malaysia,Malaysia,-0.06291705235792946,-0.015086964215248739,-0.07623010793069109,-0.048839207739309096,0.6666666666666667
2026-06-01,Mexico,Mexico,-0.03416482210998535,-0.061544945570012166,-0.14314306124658155,-0.01943522132876553,0.5303030303030303
2026-06-01,NASDAQ,US,0.056070365418713394,0.07060582330838652,0.16856006460319709,0.09240008755591321,0.30303030303030304
2026-06-01,Netherlands,Netherlands,0.0144593578813892,0.019324843706496155,0.08964558779529024,-0.004545642248990305,0.3939393939393939
2026-06-01,Philippines,Philippines,-0.04904999411185883,0.08974600785973715,0.00282549822209832,0.09554249039298153,0.48484848484848486
2026-06-01,Poland,Poland,-0.04764126077320627,-0.057853316130266355,-0.13173293416912235,-0.02387503404157315,0.7272727272727273
2026-06-01,Saudi Arabia,Saudi Arabia,-0.045846030427105375,-0.04504734182806197,-0.14649566857577895,-0.09216841192573264,0.3787878787878788
2026-06-01,Singapore,Singapore,0.019801067644976016,0.012694614632729074,-0.046310320405706734,-0.016892826760685584,0.4545454545454546
2026-06-01,South Africa,South Africa,-0.0002163259483033593,-0.04234529271792349,-0.034667736099221594,-0.087542967828043,0.6363636363636364
2026-06-01,Spain,Spain,-0.03549644138905541,-0.018152323356446343,0.05981900114157351,-0.01957709154202602,0.606060606060606
2026-06-01,Sweden,Sweden,-0.005406656686494744,0.014604746435435557,-0.028837698421541772,0.030399034878309198,0.2727272727272727
2026-06-01,Switzerland,Switzerland,0.02436553729223995,-0.002855695036706871,0.04289604288182183,0.014321822606018109,0.19696969696969696
2026-06-01,Taiwan,Taiwan,0.015210334922856273,0.0037029986440834366,-0.015573746329444835,0.039132853102815945,0.5151515151515151
2026-06-01,Thailand,Thailand,0.0710142347455978,0.029272261614571738,-0.12446736606099128,-0.04194328658719784,0.6515151515151515
2026-06-01,Turkey,Turkey,-0.05082099129177056,-0.0031144303977224865,-0.030711001142807535,-0.028616442845217693,0.9393939393939394
2026-06-01,U.K.,U.K.,0.0191402290505876,0.039135297945094766,-0.03553060321391732,-0.006877738713475131,0.4696969696969697
2026-06-01,U.S.,US,0.043938746245043625,0.060354469287972,0.10735033454141954,0.06546763579526238,0.2727272727272727
2026-06-01,US SmallCap,US,0.044199336146217086,0.08248150903485894,0.054003193766109195,0.019516672189282092,0.5606060606060606
2026-06-01,Vietnam,Vietnam,0.08117558446032805,0.07247689949900499,-0.010830373559547267,0.029509246023420827,0.6666666666666667
2026-07-01,Australia,Australia,-0.024427575011325402,-0.04183530726945803,-0.002237487337355755,-0.05456810406847352,0.30303030303030304
2026-07-01,Brazil,Brazil,-0.09640932934270444,-0.0335058434408171,-0.12084128610217501,-0.04164909340594539,0.7121212121212122
2026-07-01,Canada,Canada,0.034048021673284586,0.0019620825670295904,-0.0469521713627764,-0.00859073508662107,0.42424242424242425
2026-07-01,Chile,Chile,-0.0808082069755634,-0.028317266696341024,-0.10125769789461442,-0.06030328590460307,0.7272727272727273
2026-07-01,ChinaA,China,-0.0331043131720407,-0.02697196072200148,-0.03496253868189028,-0.05234609320865384,0.5151515151515151
2026-07-01,ChinaH,China,-0.032667480690825666,-0.0016542758836986145,-0.03176589291898037,-0.043078555612631075,0.5303030303030303
2026-07-01,Denmark,Denmark,-0.027149588120488392,0.015334898912547464,-0.08415204738942586,0.016183288929010917,0.12121212121212122
2026-07-01,France,France,0.02155417008749202,-0.017016299316541732,0.00961288214131616,-0.030227932517731683,0.4090909090909091
2026-07-01,Germany,Germany,0.02310081538457338,0.020931194374461063,-0.023546556375359372,0.03277836486719694,0.43939393939393945
2026-07-01,Hong Kong,Hong Kong,-0.01480829147972827,0.00746648030403479,0.03495965153810365,-0.014221946703524743,0.6818181818181819
2026-07-01,Indonesia,Indonesia,-0.04731800774453156,-0.016409945753149788,0.01643398633863182,0.059808914864730174,0.46969696969696967
2026-07-01,Italy,Italy,-0.05932460359178613,-0.022633735632371664,-0.013840819157070347,-0.03507937664998127,0.6060606060606061
2026-07-01,Japan,Japan,-0.024471117585914134,-0.03519617705978912,-0.159471092576464,-0.019570402688293673,0.6060606060606061
2026-07-01,Korea,Korea,-0.11143063667674397,-0.01507433479908358,-0.13266749711850187,0.007842732772815155,0.6060606060606061
2026-07-01,Malaysia,Malaysia,-0.04917983164695294,-0.03283062990753552,-0.009252575284482364,-0.022364342431785957,0.6212121212121212
2026-07-01,Mexico,Mexico,-0.05164118864651268,-0.04634220975920218,-0.09835127141743802,-0.07588162893646475,0.5909090909090909
2026-07-01,NASDAQ,US,0.019358537121517774,0.0727003963675705,-0.001138059967557848,0.09812325358248941,0.34848484848484845
2026-07-01,Netherlands,Netherlands,0.0054597711346097404,0.025968716901435075,-0.053777722759496445,0.02421519115967029,0.48484848484848486
2026-07-01,Philippines,Philippines,-0.05049075808108059,-0.02542522921620764,0.03614937525072063,-0.05908669337133201,0.4696969696969697
2026-07-01,Poland,Poland,-0.03272625266957484,-0.05474767580978782,-0.11656693207228933,-0.0671820225112601,0.7424242424242424
2026-07-01,Saudi Arabia,Saudi Arabia,-0.04040566154198307,-0.05134501999880349,-0.13050252272239057,-0.02414302222851617,0.3787878787878788
2026-07-01,Singapore,Singapore,-0.0179297709899785,0.01147348151217346,-0.0637793159540057,-0.025030996217148237,0.4393939393939394
2026-07-01,South Africa,South Africa,-0.04562716256496109,0.0015477991747389107,-0.07488745757218324,-0.09930739136592473,0.7424242424242424
2026-07-01,Spain,Spain,-0.039575115283017645,-0.016085474685522808,-0.051937295865108056,-0.0359040724674169,0.5757575757575758
2026-07-01,Sweden,Sweden,-0.05543366709069984,0.001432519573945001,-0.05335883431111412,0.029008661330092916,0.2727272727272727
2026-07-01,Switzerland,Switzerland,0.006439739235143594,0.024944364865488004,-0.049133867380790286,0.029216809626130907,0.24242424242424243
2026-07-01,Taiwan,Taiwan,0.013824885330194513,0.01503393155381414,-0.011816367075401273,0.050965480083663056,0.5151515151515151
2026-07-01,Thailand,Thailand,-0.0007970160339798782,-0.010923570847396365,-0.06220089584862125,-0.03986865328745062,0.7121212121212122
2026-07-01,Turkey,Turkey,-0.07732926826113415,-0.009335887377365251,-0.03885037382981555,-0.019349177575974062,0.7272727272727273
2026-07-01,U.K.,U.K.,-0.007679074353473307,-0.007095220975617175,-0.06505443918554474,-0.0018183952536709245,0.48484848484848486
2026-07-01,U.S.,US,0.017279448266602177,0.05905953422982537,-0.038372336011464336,0.054252256742550874,0.30303030303030304
2026-07-01,US SmallCap,US,-0.002764291221733703,0.043984620804341575,-0.024611058940053512,0.04140695700234859,0.5454545454545454
2026-07-01,Vietnam,Vietnam,-0.005663747730466834,0.09048190207695786,0.10524738993597713,0.09577807810534888,0.6515151515151515
