date,country,macro_identity,market_only,primitives,states,states_interactions,primitives_interactions,value_momentum
2018-07-01,Australia,Australia,-0.01608688369809736,-0.042554634276748105,-0.03543835279398162,-0.0356692162856011,-0.04262843490255394,0.4375
2018-07-01,Brazil,Brazil,-0.01231111817382317,0.0075551535732657354,-0.006799442500717056,-0.00719417398675338,0.006795774701645992,0.5
2018-07-01,Canada,Canada,-0.012491134409014705,-0.0037798647176505483,0.0019551113415325633,4.7721744990302656e-05,-0.00516505526789523,0.515625
2018-07-01,Chile,Chile,-0.004397838070889061,-0.05343275988908816,-0.04379983617989203,-0.04306260898040541,-0.052767281546554495,0.734375
2018-07-01,ChinaA,China,-0.009484931957659495,-0.015932510546446614,-0.009462703701281681,-0.010655238327362461,-0.01659647377493757,0.84375
2018-07-01,ChinaH,China,-0.014183226765447643,-0.0201603477325921,-0.014546851432683262,-0.01575602624291163,-0.020851941223534443,0.78125
2018-07-01,Denmark,Denmark,-0.013787952528371273,0.03177880348987637,0.03379053557247638,0.03435248897604126,0.03220041961971784,0.1875
2018-07-01,France,France,-0.013019547356313645,-0.018900050569308234,-0.017455104326786503,-0.018680022094809505,-0.019914636669682698,0.625
2018-07-01,Germany,Germany,-0.007676113817134582,0.01524921392541765,0.012911076682221946,0.012383339830691616,0.014806957379843617,0.5
2018-07-01,Hong Kong,Hong Kong,-0.013408485993968985,-0.030411223046620514,-0.030465483500606932,-0.02920474651273226,-0.029613290570030416,0.78125
2018-07-01,Indonesia,Indonesia,-0.0008531851019119921,-0.01653656737295331,-0.012236215991743873,-0.0166741950733957,-0.018984641000021396,0.1875
2018-07-01,Italy,Italy,-0.009819562553011234,0.0123871573955922,-0.0015730919693636453,-0.004647080560847712,0.009481674061322467,0.671875
2018-07-01,Japan,Japan,-0.011342811140005396,-0.021544041064239468,-0.016991613988524164,-0.017273952462651603,-0.02174105982086378,0.71875
2018-07-01,Korea,Korea,-0.007119102932630613,-0.015591014356063162,-0.01252918223174013,-0.0133833769390693,-0.016143002954977066,0.796875
2018-07-01,Malaysia,Malaysia,-0.007053460427794122,-0.036337941475466005,-0.034731057224285905,-0.035406456421368596,-0.036749051849980896,0.546875
2018-07-01,Mexico,Mexico,0.009987976811753809,-0.0026631449693713966,0.006122422311968571,0.002142648122883617,-0.005000063548562722,0.203125
2018-07-01,NASDAQ,US,-0.012888395021004329,0.02836204185356502,0.03278746455499258,0.030812772882485625,0.026897556922330337,0.453125
2018-07-01,Netherlands,Netherlands,-0.013627965001504937,0.0011068332901968455,-4.533632022648247e-05,-0.0003870091448519228,0.0007953777659417162,0.3125
2018-07-01,Philippines,Philippines,0.0033503279995153595,-0.02000848917236879,-0.018119494773238366,-0.01965805334192983,-0.020916464199012757,0.25
2018-07-01,Poland,Poland,-0.004875765673853016,-0.011412554999327907,-0.009526269270958246,-0.010235909222394951,-0.012125133274487571,0.578125
2018-07-01,Singapore,Singapore,-0.011388537370713438,-0.0074366056392930775,-0.004910350583916549,-0.00627054582427141,-0.008485689320059477,0.78125
2018-07-01,South Africa,South Africa,-0.007913251745567968,-0.016917157270175277,-0.018706297292786077,-0.02075855342985162,-0.01846356167039854,0.421875
2018-07-01,Spain,Spain,-0.005242429076591799,-0.009345671261599216,-0.005261050356596641,-0.00685080169619446,-0.010600907333285631,0.5
2018-07-01,Sweden,Sweden,-0.005007783104540408,0.016863493998158237,0.020127913342924384,0.018929977294632926,0.016189837233542444,0.21875
2018-07-01,Switzerland,Switzerland,-0.00397817722137124,-0.004163214898708305,-0.0009943551594234629,-0.0017655121921310059,-0.004593170294715613,0.1875
2018-07-01,Taiwan,Taiwan,-0.006350076853704794,-0.008998706300610237,-0.006726550801446175,-0.006795971047466969,-0.008940379759968888,0.453125
2018-07-01,Thailand,Thailand,-0.009046272756065456,-0.02674876877517599,-0.024933676171608483,-0.027134898377635903,-0.027966991216245872,0.671875
2018-07-01,Turkey,Turkey,0.002898746822393052,0.005636928379703572,-0.0041611294270174175,-0.010452433853190475,0.001264622790882259,0.5
2018-07-01,U.K.,U.K.,-0.009474392341723878,0.010345452803280801,0.014548495619754898,0.014710013931201249,0.010362460717869972,0.65625
2018-07-01,U.S.,US,-0.014194249133519188,0.02538360048064232,0.02968420920635294,0.027639217905515007,0.023872837088110586,0.40625
2018-07-01,US SmallCap,US,-0.015223175415917927,0.027410119443005535,0.031223707841428115,0.029295976538353533,0.025967438833151262,0.546875
2018-07-01,Vietnam,Vietnam,-0.014447905063150412,-0.018958600626500746,-0.013459641101558254,-0.012542136281366002,-0.018366105659884422,0.53125
2018-08-01,Australia,Australia,-0.01648035041579917,-0.04369572533123017,-0.03612203383103981,-0.03663019261129436,-0.043986380607009906,0.578125
2018-08-01,Brazil,Brazil,-0.011837158449848865,-0.007919315408431174,-0.018799766175940383,-0.018633421005010906,-0.00814346383793985,0.328125
2018-08-01,Canada,Canada,-0.011105147995087408,-0.0021537959154885444,0.003408725471092444,0.003236504773198959,-0.0024629704638715107,0.609375
2018-08-01,Chile,Chile,-0.004539364097254194,-0.06506871227802002,-0.05295552057349734,-0.05198248572441683,-0.06407825401694767,0.578125
2018-08-01,ChinaA,China,-0.007029307077586947,-0.009840327622954496,-0.0035897850601609785,-0.004556321972475128,-0.010276158838657004,0.78125
2018-08-01,ChinaH,China,-0.011267073858691823,-0.013629144567973374,-0.008152558940902152,-0.00913320441872535,-0.01408936743093131,0.75
2018-08-01,Denmark,Denmark,-0.011038814686327725,0.03224629395779746,0.03432640542905409,0.034426983142613665,0.03233527231743269,0.203125
2018-08-01,France,France,-0.013567330752000992,-0.025990252748498508,-0.02489934943166126,-0.026502072848769626,-0.027299711097864884,0.65625
2018-08-01,Germany,Germany,-0.007469498001422011,0.010214247734166335,0.007383311087738927,0.006584323037628431,0.009517568610021544,0.515625
2018-08-01,Hong Kong,Hong Kong,-0.010761675127857693,-0.028658980063847574,-0.02843615628701212,-0.02736044406005184,-0.02797907918408265,0.765625
2018-08-01,Indonesia,Indonesia,-0.0009603629587681996,-0.023936674467140553,-0.018605852423541354,-0.021461051702935184,-0.025375434690202033,0.15625
2018-08-01,Italy,Italy,-0.009045964205503245,0.008354777073800033,-0.005201008651394072,-0.008202882044156734,0.005459640107229345,0.65625
2018-08-01,Japan,Japan,-0.010165386846613545,-0.021031274029333365,-0.016941259350746807,-0.017425343416674947,-0.021381080215730607,0.78125
2018-08-01,Korea,Korea,-0.0046131723381578815,-0.02066049637395203,-0.0132059634239312,-0.014110212317842144,-0.0211814281953313,0.75
2018-08-01,Malaysia,Malaysia,-0.007495170649374203,-0.04274316859777602,-0.03938393894970013,-0.039359513147466565,-0.0426847942490641,0.65625
2018-08-01,Mexico,Mexico,0.006634997999985768,-0.022828189927149144,-0.013238409407047584,-0.01593392847002663,-0.02452055025187913,0.203125
2018-08-01,NASDAQ,US,-0.011898427815832023,0.028632245243715538,0.033787014130974194,0.03199020870940038,0.027300322187835836,0.5
2018-08-01,Netherlands,Netherlands,-0.014635994947033692,-0.007131356244780018,-0.00885016248433232,-0.00937146840277939,-0.007621826853870251,0.34375
2018-08-01,Philippines,Philippines,0.004603398528846996,-0.036962652013221846,-0.03039171303218285,-0.031611172291550194,-0.03750298446095791,0.234375
2018-08-01,Poland,Poland,-0.0041701442831960055,-0.022341046315373973,-0.0186633707802654,-0.019161870607178888,-0.022862565301352628,0.46875
2018-08-01,Singapore,Singapore,-0.00846606649827696,-0.004741821851829499,-0.00033506051029607957,-0.0014134372156099986,-0.005542076927434006,0.6875
2018-08-01,South Africa,South Africa,-0.003398014540529258,-0.026835904572108906,-0.024273466760963983,-0.025604813484898323,-0.02770607546581014,0.34375
2018-08-01,Spain,Spain,-0.0060561951046517095,-0.012287686614057651,-0.008972861584808707,-0.010300897850131047,-0.013360823795397343,0.546875
2018-08-01,Sweden,Sweden,-0.004901015404091783,0.009553050964483358,0.012030540244846004,0.0110793224477964,0.008939829088572538,0.265625
2018-08-01,Switzerland,Switzerland,-0.0039812910966232845,-0.010233641180908665,-0.005622864264767494,-0.006060570182342713,-0.010581301607421132,0.21875
2018-08-01,Taiwan,Taiwan,-0.0067282187995531505,-0.012287757509807701,-0.010025188533364262,-0.010090611886988381,-0.012276529719674608,0.46875
2018-08-01,Thailand,Thailand,-0.00838288598840017,-0.028212002876266618,-0.025166370057823566,-0.02611481787324108,-0.028769410644833918,0.578125
2018-08-01,Turkey,Turkey,0.003236293599120095,0.03007880492564489,0.020328814532695257,0.01458066865292727,0.025625342967446136,0.5
2018-08-01,U.K.,U.K.,-0.0099623248489944,0.007129243564292682,0.010374650977164515,0.010924279704540251,0.007333909800398955,0.703125
2018-08-01,U.S.,US,-0.014736844169161854,0.024314683521887325,0.02908249970074368,0.02720911418670253,0.022926437654176113,0.5
2018-08-01,US SmallCap,US,-0.016303563423312777,0.026716099390272047,0.030836644885695517,0.029110867834355906,0.0254119539377099,0.640625
2018-08-01,Vietnam,Vietnam,-0.014288309397494335,-0.021369380010573306,-0.01517980512905738,-0.014231285363110217,-0.02066778732874193,0.53125
2018-09-01,Australia,Australia,-0.016175013511684676,-0.04369843099420899,-0.03482864252662788,-0.035104242207833335,-0.04373895949163112,0.609375
2018-09-01,Brazil,Brazil,-0.0114465622299914,0.014624905887874205,-0.002547079168957621,-0.003080738175518731,0.01383661105958316,0.328125
2018-09-01,Canada,Canada,-0.010721395114523842,-0.004345620430777187,0.0024302297021144836,0.0008918110618767894,-0.0054994491253875025,0.640625
2018-09-01,Chile,Chile,-0.0019923118371887117,-0.050390865862227435,-0.04229101952259404,-0.0417078212622274,-0.04972895960598965,0.59375
2018-09-01,ChinaA,China,-0.004402096383656461,-0.005940222253112056,-0.0011910874179464105,-0.0024384584231565117,-0.0066443833870969285,0.640625
2018-09-01,ChinaH,China,-0.008229542510414281,-0.009363518906103544,-0.005313795986010249,-0.0065739020935032385,-0.010089692781892048,0.625
2018-09-01,Denmark,Denmark,-0.01230992822105356,0.036001137574346656,0.03455127255668948,0.034288703627838646,0.035839969627156784,0.1875
2018-09-01,France,France,-0.01267968794366502,-0.019199103870667516,-0.019888647377503916,-0.021278295308829298,-0.020274526504922542,0.703125
2018-09-01,Germany,Germany,-0.006742108792455248,0.017030251501500046,0.013782739482604778,0.013042158574492774,0.016380528838803254,0.578125
2018-09-01,Hong Kong,Hong Kong,-0.009898571770702295,-0.02198753109383645,-0.022927199022993595,-0.022129748416263945,-0.02152708886930006,0.765625
2018-09-01,Indonesia,Indonesia,-0.002748585189426657,0.0025140929349400255,-0.0011598505371797577,-0.0017974326882671046,0.0019536076983041467,0.125
2018-09-01,Italy,Italy,-0.005614626165817946,0.012768352888353658,-0.006444246184954478,-0.009185430708162447,0.010115664791314299,0.625
2018-09-01,Japan,Japan,-0.010470425148167036,-0.020883064711745992,-0.017588967185614576,-0.018205966536428395,-0.021375420787978345,0.734375
2018-09-01,Korea,Korea,-0.005286597041081708,-0.020960616727662522,-0.012148435893758708,-0.012491919760181693,-0.021083343258094744,0.6875
2018-09-01,Malaysia,Malaysia,-0.00938249793590838,-0.03458863940637539,-0.03537182542876423,-0.034978553338340115,-0.03445819535334983,0.703125
2018-09-01,Mexico,Mexico,0.005179937113802314,-0.022697031454880293,-0.01666265128815798,-0.01897125635380511,-0.024151131288659398,0.28125
2018-09-01,NASDAQ,US,-0.0114920202950892,0.027580862835564015,0.03329974588625327,0.03158223587836351,0.026344183148566565,0.5
2018-09-01,Netherlands,Netherlands,-0.014658251876633483,-0.000551040532903023,-0.0022386363840128133,-0.0029508127476756563,-0.0011560238795762755,0.421875
2018-09-01,Philippines,Philippines,0.0007596788591392734,-0.0329670766948045,-0.03015613448259919,-0.030766797291816382,-0.03331385790864604,0.234375
2018-09-01,Poland,Poland,-0.006246059475005253,-0.0319915441939593,-0.030974067255242703,-0.030643880068814966,-0.031860301868027394,0.421875
2018-09-01,Singapore,Singapore,-0.008285691121960224,-0.002863735299158926,0.001713056658433387,0.0005558737661033614,-0.003707085071608618,0.734375
2018-09-01,South Africa,South Africa,-0.00265085194280842,0.001770825973919565,-0.0024100841456280216,-0.004171562899906732,0.00041208607745717857,0.328125
2018-09-01,Spain,Spain,-0.004387430787317604,-0.007244625003982135,-0.005674828613762988,-0.00648602803519643,-0.007844383764808983,0.5625
2018-09-01,Sweden,Sweden,-0.007644090075772067,0.012879823071909751,0.014580366960926416,0.01346811139412098,0.012217038952805955,0.234375
2018-09-01,Switzerland,Switzerland,-0.006137699960475842,-0.0035030032296348703,-0.00016780540250250185,-0.0007334923554950228,-0.003909003118630167,0.25
2018-09-01,Taiwan,Taiwan,-0.008117546484750842,-0.01624389462453811,-0.01377271976539265,-0.01368028223749371,-0.016154568609990518,0.46875
2018-09-01,Thailand,Thailand,-0.009268305013610638,-0.03756189908760324,-0.032890219164639994,-0.0333848347422068,-0.037889498592331976,0.609375
2018-09-01,Turkey,Turkey,0.011247485375297551,0.052347323937879026,0.03788764340911674,0.0347343924799334,0.04984236350514322,0.515625
2018-09-01,U.K.,U.K.,-0.005045098368342941,0.014088909366389575,0.0165719255446754,0.01680933439324066,0.014120228387745938,0.71875
2018-09-01,U.S.,US,-0.017713714449377242,0.021916862120797045,0.026515224075572847,0.02477220466334396,0.02064129991034674,0.515625
2018-09-01,US SmallCap,US,-0.019234103487980235,0.023866150698659324,0.027841899381477356,0.026230401225625328,0.022665808136606378,0.625
2018-09-01,Vietnam,Vietnam,-0.013467781929589553,-0.018662562091135967,-0.013468619823457258,-0.012599767504031325,-0.018043670181382733,0.53125
2018-10-01,Australia,Australia,-0.014826029388971007,-0.05114683929062874,-0.0433865673029868,-0.04332543338778941,-0.051079668827091224,0.625
2018-10-01,Brazil,Brazil,-0.009979461465574825,0.010594978328309353,-0.0029571903764300054,-0.003084679578738054,0.01045935404258257,0.234375
2018-10-01,Canada,Canada,-0.009507306016777897,-0.013580838383557108,-0.006798760983308339,-0.008899340773566206,-0.015103918403963162,0.609375
2018-10-01,Chile,Chile,-0.002599286538306644,-0.0569981077765435,-0.047806604714583534,-0.04716790088032273,-0.05618503939723665,0.390625
2018-10-01,ChinaA,China,-0.0042160359576759775,-0.02196729403331997,-0.01672594651622724,-0.017593994237900784,-0.02247851701456497,0.59375
2018-10-01,ChinaH,China,-0.007061496736276943,-0.024484399256344117,-0.01976368445799595,-0.02064031129009842,-0.025011494284322373,0.59375
2018-10-01,Denmark,Denmark,-0.010600918630037467,0.03256395443172984,0.031725383413101854,0.03162611010220495,0.03249541880292456,0.265625
2018-10-01,France,France,-0.012975516013074255,-0.021559991230642003,-0.02316787349455438,-0.02480063498871488,-0.022833443306092237,0.625
2018-10-01,Germany,Germany,-0.005266008790385143,0.011990536416022757,0.008873636531502273,0.008051165251116935,0.011248976710512445,0.5
2018-10-01,Hong Kong,Hong Kong,-0.008970238104811273,-0.004250707822394712,-0.007271689086162951,-0.007117044440955411,-0.004112973563447574,0.7734375
2018-10-01,Indonesia,Indonesia,-0.003089757764933751,-0.0144655493478172,-0.012016523472815477,-0.012944407348653007,-0.01512994302866966,0.171875
2018-10-01,Italy,Italy,-0.003963949834786154,0.013675690591729066,-0.004874386625326259,-0.007171815636581511,0.011364792472783113,0.515625
2018-10-01,Japan,Japan,-0.011914109700865996,-0.03609054648470779,-0.0302372676760044,-0.030751318875677763,-0.03641445907006953,0.734375
2018-10-01,Korea,Korea,-0.0051897538236536575,-0.035066993679596134,-0.023672133752273207,-0.02422450121407841,-0.03525907542500737,0.78125
2018-10-01,Malaysia,Malaysia,-0.00882411381944671,-0.03567181619496374,-0.03678759757541793,-0.03624065326276445,-0.035376020598542515,0.734375
2018-10-01,Mexico,Mexico,0.003632451836696195,-0.02340006416338062,-0.017657445469948577,-0.018703808665264207,-0.024160052725459315,0.3125
2018-10-01,NASDAQ,US,-0.013205289188300311,0.02898248727039381,0.03342498104682494,0.031492773584028716,0.02755752427444833,0.5
2018-10-01,Netherlands,Netherlands,-0.010396159149206264,-0.002925409377505102,-0.005115151478534331,-0.006230627705448729,-0.003835422296887949,0.40625
2018-10-01,Philippines,Philippines,0.003671736368039623,-0.027211246713255307,-0.02469983882312064,-0.025204805754078536,-0.027465399889505585,0.328125
2018-10-01,Poland,Poland,-0.006596203527076379,-0.025264903813756772,-0.026567713103801405,-0.02629553684731533,-0.025333259462329706,0.578125
2018-10-01,Singapore,Singapore,-0.008836509681667647,-0.0024827789696896443,0.00023971852781841212,-0.0009900163802383875,-0.0034722717966817274,0.765625
2018-10-01,South Africa,South Africa,0.0002987245480499147,-0.014302172525044125,-0.017068303425766637,-0.017625268428268323,-0.014788951308962319,0.375
2018-10-01,Spain,Spain,-0.00330389647449232,-0.007001921431347757,-0.006910670272755185,-0.007997258715291547,-0.007857143711217172,0.5078125
2018-10-01,Sweden,Sweden,-0.006651978410226513,0.00660650110953501,0.007764016961752513,0.006721356335842962,0.005872653833472463,0.203125
2018-10-01,Switzerland,Switzerland,-0.006461651526711959,-0.0014183131202203155,0.0006564136440022853,-0.00035792794689759773,-0.0021568556690860262,0.34375
2018-10-01,Taiwan,Taiwan,-0.009343926649934997,-0.02233882949631002,-0.019524787111384397,-0.01916292222396586,-0.022160398722932323,0.625
2018-10-01,Thailand,Thailand,-0.00963102797174194,-0.04397751003180621,-0.03999766321251742,-0.04056266305857639,-0.04444946412165955,0.578125
2018-10-01,Turkey,Turkey,0.014435016985930613,0.059135355464329104,0.04549121210064584,0.0413818107180942,0.05613359397855837,0.5
2018-10-01,U.K.,U.K.,-0.0045388212712582305,0.015807441224173446,0.01796147668700453,0.017680630652085545,0.015517134636007814,0.6875
2018-10-01,U.S.,US,-0.01818943914583291,0.023444424681680304,0.027034626379572758,0.025047587373690425,0.021968567863884226,0.515625
2018-10-01,US SmallCap,US,-0.017620347258878462,0.02632859198285493,0.02971524962816809,0.02783517638441749,0.02492202967588045,0.59375
2018-10-01,Vietnam,Vietnam,-0.012305985337300755,0.002940085783237508,0.0012747140353134654,0.0011920088771279775,0.0028516764799181634,0.53125
2018-11-01,Australia,Australia,-0.009083838249925081,-0.037371434924119463,-0.029135960487777026,-0.029683343266916008,-0.037521631912502594,0.609375
2018-11-01,Brazil,Brazil,-0.011004698165797251,-0.020589012211325287,-0.026204746083713697,-0.02531232562444245,-0.020125492746901823,0.15625
2018-11-01,Canada,Canada,-0.002704288776363779,-0.016355856659478824,-0.006393826086929655,-0.011302833439447567,-0.018944838514136156,0.625
2018-11-01,Chile,Chile,-0.0009643321843070003,-0.04369262905904335,-0.03506302772611547,-0.03485909242661575,-0.04333639923093127,0.359375
2018-11-01,ChinaA,China,-0.0004001908529917952,0.0049956042132849755,0.005758604864632491,0.0043855221915555,0.0038560123212455517,0.53125
2018-11-01,ChinaH,China,-0.00242884509842609,0.0031992967167162635,0.003591366489434032,0.0022120870321641166,0.0020483379142771044,0.53125
2018-11-01,Denmark,Denmark,-0.0032677358574430522,0.037560751510549314,0.03990672884323587,0.03923639614419522,0.03738297575936768,0.25
2018-11-01,France,France,-0.00467047848717819,-0.010687951867342302,-0.008430935608984096,-0.009537877665830204,-0.011523278872950052,0.609375
2018-11-01,Germany,Germany,0.0013194071453302859,0.018687405468076578,0.02011736867796253,0.01947476148183094,0.018262570854230126,0.46875
2018-11-01,Hong Kong,Hong Kong,-0.002061616089669276,-0.007643354726801565,-0.008193964179104759,-0.00852314850804479,-0.007727713918198868,0.78125
2018-11-01,Indonesia,Indonesia,-0.0022971712900170934,0.016569165649921207,0.010789926092763111,0.00952285026250765,0.015250796744467932,0.171875
2018-11-01,Italy,Italy,-0.0014649151413615247,0.027001976798895825,0.006300198497331188,0.00392992700206631,0.02454364314090469,0.5625
2018-11-01,Japan,Japan,-0.004559802022976575,-0.028475527321681553,-0.02115895656423166,-0.022003262136808824,-0.028840344444268057,0.75
2018-11-01,Korea,Korea,0.004430623186962558,-0.018277616553906466,-0.004163088710285797,-0.005190019565989214,-0.018683078459412972,0.71875
2018-11-01,Malaysia,Malaysia,-0.006009830751902244,-0.019867086091839813,-0.021293126295659246,-0.021371284358734054,-0.020149395138849058,0.71875
2018-11-01,Mexico,Mexico,0.008590222799863836,0.01712143268489522,0.01807259543384866,0.01622993262095954,0.015601682376988158,0.609375
2018-11-01,NASDAQ,US,-0.00724285505469887,0.03438123545847818,0.04002597584636783,0.03811658577244789,0.03300030898429605,0.5
2018-11-01,Netherlands,Netherlands,-0.003938120863212831,0.008879627685685936,0.010170490573301934,0.009879943074821984,0.00867382040690529,0.40625
2018-11-01,Philippines,Philippines,0.006264056465420036,-0.014969142082993908,-0.013718655095316628,-0.014602118803051213,-0.015755629387340864,0.203125
2018-11-01,Poland,Poland,-0.002746281007352287,-0.01301685522997613,-0.01450839589957555,-0.014707573498366263,-0.01336536425720615,0.546875
2018-11-01,Singapore,Singapore,-0.004135976837428432,-0.001535608426280772,0.0019271203616951296,-3.460894151727928e-05,-0.002930344041124788,0.734375
2018-11-01,South Africa,South Africa,0.005271587657335623,0.001010442024850634,0.002081216242185274,0.0015505477306641188,0.0006535598175755625,0.375
2018-11-01,Spain,Spain,-0.0012083190490476872,0.004713429686520288,0.0030931590679180356,0.0022011707541261666,0.0038556538646712553,0.5
2018-11-01,Sweden,Sweden,0.0014747673280250811,0.016398707399925286,0.020684793739730808,0.019914594393908875,0.01594954212093441,0.359375
2018-11-01,Switzerland,Switzerland,-0.004797496657340012,-0.0012597449784388527,0.00234921449220068,0.0019122777041219,-0.0015746063727878363,0.375
2018-11-01,Taiwan,Taiwan,0.0011950471142771531,-0.0084859127623739,-0.003978918071421557,-0.004355208272040346,-0.008563031713289485,0.5625
2018-11-01,Thailand,Thailand,-0.006369341879474359,-0.031845314557567034,-0.027591324272315816,-0.02879640991978076,-0.032635996980214854,0.578125
2018-11-01,Turkey,Turkey,0.014831431867183942,0.058526435516136247,0.042161127481712926,0.061695565346661915,0.07034628814326616,0.5
2018-11-01,U.K.,U.K.,0.0020293427437111516,0.022252075273818537,0.026989943158603282,0.026275696669263635,0.02180768521649892,0.6875
2018-11-01,U.S.,US,-0.011083999620449515,0.031007019949969957,0.03592567438582235,0.03400811916459788,0.029607261925723733,0.53125
2018-11-01,US SmallCap,US,-0.005002840769832126,0.03692853853753017,0.04288110489707636,0.04059876255120738,0.035401770934341756,0.65625
2018-11-01,Vietnam,Vietnam,-0.008112908566319325,0.01337669419755004,0.01229540936669547,0.011845130088380621,0.012867942482113773,0.53125
2018-12-01,Australia,Australia,-0.0054046497989650175,-0.03721956244531736,-0.028688081691102884,-0.03012899632378341,-0.03785375094742752,0.59375
2018-12-01,Brazil,Brazil,-0.013454974360824268,-0.03342703284655059,-0.039717522210291456,-0.03792008269975672,-0.03236594465563969,0.609375
2018-12-01,Canada,Canada,-0.0013958478083770688,-0.01647063426396743,-0.005547929054269174,-0.008959011970382826,-0.01828414342743017,0.59375
2018-12-01,Chile,Chile,-0.0038486190669419626,-0.04366331175866338,-0.038157851861636824,-0.03794866938084954,-0.043444161250720245,0.578125
2018-12-01,ChinaA,China,0.0029595769071294013,0.015124768467379961,0.016093354075490018,0.014615181338467037,0.014098259431762055,0.46875
2018-12-01,ChinaH,China,-0.00088755221050053,0.011729820389044673,0.011992282898097548,0.010503010063260387,0.010682191034727964,0.40625
2018-12-01,Denmark,Denmark,-0.0015935070753782254,0.039819480168421365,0.041797232732723094,0.0413947713552239,0.0396740605904521,0.21875
2018-12-01,France,France,-0.0008711052217242748,-0.009704703587561897,-0.007948963829076929,-0.00921157764284053,-0.010722079251058853,0.625
2018-12-01,Germany,Germany,0.0038567224118069756,0.02135735464649369,0.022801683141041616,0.021684822826012116,0.020565883280006303,0.46875
2018-12-01,Hong Kong,Hong Kong,0.002002052830458536,0.013224233659315538,0.011305216329443524,0.010631796348293567,0.012945786540830635,0.671875
2018-12-01,Indonesia,Indonesia,-0.0015103627883007288,0.0014402701448598797,0.001804775234820864,0.001306367000867779,0.000910659988376656,0.28125
2018-12-01,Italy,Italy,6.586745857658192e-05,0.025157588075227246,0.007993734753509077,0.00671073851527124,0.02367756369834414,0.5625
2018-12-01,Japan,Japan,-0.0006806630444487708,-0.03257911018193608,-0.02196735979612775,-0.022628231159181802,-0.03277731849159931,0.703125
2018-12-01,Korea,Korea,0.006724887121740127,-0.014333632062306015,-0.0017131383736923916,-0.0009799564806499857,-0.013598532213117243,0.546875
2018-12-01,Malaysia,Malaysia,-0.003431678056442616,-0.0012854742712742253,-0.006526373844477426,-0.00762688573504295,-0.0022289119027118377,0.734375
2018-12-01,Mexico,Mexico,0.014984199540027207,0.015453270229170039,0.0166427738502101,0.015633675752830156,0.014414733198014132,0.4375
2018-12-01,NASDAQ,US,-0.0024225006405439575,0.029852232034077063,0.03798625103375651,0.036326881531130464,0.02872637447700158,0.5
2018-12-01,Netherlands,Netherlands,-0.0026415383198607045,0.0089705122460049,0.01010563088648377,0.009255537846843031,0.008309855377963485,0.375
2018-12-01,Philippines,Philippines,0.006059007954140785,-0.008070871737790813,-0.007575256704982695,-0.008915255975982323,-0.00903954591081007,0.28125
2018-12-01,Poland,Poland,-0.0022237215478344736,-0.010736031465873926,-0.012958151479746063,-0.013727866990606371,-0.01151384506380874,0.53125
2018-12-01,Singapore,Singapore,-0.001969358981702864,-0.003638189263131188,0.0014517329174196687,-0.00029567427216959687,-0.004882855664104241,0.6875
2018-12-01,South Africa,South Africa,0.007573932936938133,-0.01936673100611478,-0.017640703849904932,-0.0169948472377058,-0.018919784156992546,0.203125
2018-12-01,Spain,Spain,-0.001090881130421252,0.008268351364985691,0.00482336151352292,0.003968017112680085,0.007348222216407539,0.578125
2018-12-01,Sweden,Sweden,0.004687699466579568,0.01640478020601709,0.022442855094160236,0.02323786156549867,0.01691613825961779,0.375
2018-12-01,Switzerland,Switzerland,-0.003046127957003858,-0.0008276156975052969,0.0031269281772990376,0.0024999860316322516,-0.0012957175849646618,0.453125
2018-12-01,Taiwan,Taiwan,0.00339393592932565,-0.006137546564753698,-0.0014154209554463337,-0.001820186359938641,-0.006226514541551039,0.59375
2018-12-01,Thailand,Thailand,-0.0035759813466341057,-0.02869996261128945,-0.02322976127863137,-0.024303711569449313,-0.0293195991874045,0.640625
2018-12-01,Turkey,Turkey,0.013951227706597027,0.03253424913219838,0.019409174852191482,0.042577849392620146,0.04710295021309234,0.5
2018-12-01,U.K.,U.K.,0.00548969396336783,0.03181698898933634,0.036065734517880685,0.03501091694780875,0.031246213333874482,0.71875
2018-12-01,U.S.,US,-0.006187017419718197,0.026189265913874455,0.033626592207122885,0.03194712539888006,0.02503804427120662,0.53125
2018-12-01,US SmallCap,US,-0.0021560018590805483,0.03077518147585082,0.03884538175167221,0.03721172848707026,0.02966859763397289,0.609375
2018-12-01,Vietnam,Vietnam,-0.006293955269666298,0.008359789997899478,0.00769012112750601,0.00729185099739495,0.00803190311217098,0.421875
2019-01-01,Australia,Australia,-0.004693552828245855,-0.017304896502603154,-0.010209453987136631,-0.012033698581249853,-0.0182932195243102,0.5625
2019-01-01,Brazil,Brazil,-0.011977227094279124,-0.04567940523484337,-0.047641919232055796,-0.046250134153966935,-0.04494059760464407,0.578125
2019-01-01,Canada,Canada,0.004049533701642129,0.014456644571206628,0.02481078199047378,0.024049004989172607,0.014058768742173731,0.609375
2019-01-01,Chile,Chile,-0.006244693786472168,-0.03880415407017105,-0.03415577128060274,-0.03411770350372302,-0.038866432815554006,0.375
2019-01-01,ChinaA,China,0.002743460501792786,0.010954357354031344,0.014801642993955005,0.013422400733193004,0.01002873364926284,0.53125
2019-01-01,ChinaH,China,-0.0006411266183936441,0.007939922604852892,0.01116741819920591,0.009777438234063726,0.006995154610451446,0.5
2019-01-01,Denmark,Denmark,-0.0008676264672376234,0.0423992748743789,0.04557742367399478,0.044607384467037436,0.04198040297338011,0.234375
2019-01-01,France,France,0.0025057728180717543,0.0008378118466175043,0.0025128665462328323,0.0014353094039155165,-0.00010883060795629368,0.578125
2019-01-01,Germany,Germany,0.007439715690458287,0.02640115708707087,0.03051956276577179,0.029473801656575333,0.025766464797900925,0.421875
2019-01-01,Hong Kong,Hong Kong,0.0007724466605829646,0.007576196716906274,0.005507251829124985,0.005057631304433631,0.0072920008369314095,0.796875
2019-01-01,Indonesia,Indonesia,-0.003915790607707992,0.012665758340605793,0.009981417169376477,0.008573030365447903,0.011573486069984252,0.34375
2019-01-01,Italy,Italy,0.001597022473238497,0.012459957697259563,0.002106779308912633,0.0012809512999080244,0.01162847634677763,0.59375
2019-01-01,Japan,Japan,0.004634525257474761,0.0034681490401806403,0.00980639757487465,0.008214806204524798,0.0025826692242689672,0.75
2019-01-01,Korea,Korea,0.006350372533964085,-0.011696262005097609,0.004267681328509337,0.005149259831064307,-0.010795921908092618,0.546875
2019-01-01,Malaysia,Malaysia,-0.002864640783317494,-0.003206326549271993,-0.009224081106594601,-0.010383706676762144,-0.0041597864056513185,0.65625
2019-01-01,Mexico,Mexico,0.015454516362367898,0.017851108235955895,0.020765228454048684,0.020213850081326482,0.01714146813231907,0.296875
2019-01-01,NASDAQ,US,0.00015530238582747886,0.032535462576770105,0.04554553126104462,0.045155093113970424,0.03240536580894268,0.515625
2019-01-01,Netherlands,Netherlands,0.0013133550426835325,0.014933503963763133,0.019108826894670087,0.018731647992934152,0.014695853985617107,0.46875
2019-01-01,Philippines,Philippines,0.004811886083102686,-0.021640821417394124,-0.01743898234887519,-0.018144189916017177,-0.022183372560050943,0.234375
2019-01-01,Poland,Poland,-0.0031899670274954947,-0.015162981881787552,-0.01487754440608276,-0.01502334804923988,-0.015294969209298771,0.578125
2019-01-01,Singapore,Singapore,-0.002051518423040447,-0.005806359878326556,0.0022407621189822376,0.0008623186788264316,-0.006712444611558412,0.71875
2019-01-01,South Africa,South Africa,0.004384192629653096,-0.007210278971007787,-0.004525080443501333,-0.004202729692265505,-0.00680531049811472,0.15625
2019-01-01,Spain,Spain,0.0005557052874803781,0.009037549599839583,0.008673247832686977,0.006942471728686162,0.007693700718125012,0.609375
2019-01-01,Sweden,Sweden,0.008010536231641843,0.03386543819219594,0.04016195883440683,0.044364021441084145,0.03662383392738726,0.390625
2019-01-01,Switzerland,Switzerland,0.0031013491513778822,0.00835903498972541,0.01596264471592027,0.01502189035103094,0.007979191401921822,0.5
2019-01-01,Taiwan,Taiwan,0.003930039488434907,-0.006648663378890416,-0.0015898237085102034,-0.0018976188534336278,-0.0066662418666414095,0.53125
2019-01-01,Thailand,Thailand,-0.001455060445577392,-0.029486225574906214,-0.020812051576457498,-0.022418905499569874,-0.0302017476644886,0.59375
2019-01-01,Turkey,Turkey,0.01050119904462012,0.015644561894547552,0.011472359947433116,0.009195757077224666,0.01405186579406991,0.484375
2019-01-01,U.K.,U.K.,0.006400161956540022,0.0273551207664027,0.0332518920583172,0.0320876585507716,0.026723815607703674,0.6875
2019-01-01,U.S.,US,0.00043033743095512167,0.032377427482561075,0.045474364984130114,0.04506880929962842,0.032239186668624076,0.546875
2019-01-01,US SmallCap,US,0.007539320860644148,0.039291001345947985,0.05364717033396667,0.051325442667402923,0.03835653052627974,0.6875
2019-01-01,Vietnam,Vietnam,-0.005490296855292859,0.004268360544022097,0.005662235090534134,0.005465375770338749,0.004080852025268908,0.421875
2019-02-01,Australia,Australia,-0.003408501844769032,-0.020784413719498948,-0.01273180836501753,-0.01371109547678074,-0.021349941655832462,0.671875
2019-02-01,Brazil,Brazil,-0.011087463131388666,-0.04377106470051574,-0.04231942842670383,-0.04140857145543697,-0.04313040727186784,0.453125
2019-02-01,Canada,Canada,0.006547115220258939,0.008835104292911702,0.021572339072589052,0.02057017871102862,0.008253558115551753,0.578125
2019-02-01,Chile,Chile,-0.005695949560266037,-0.06009430210436126,-0.05338231778042683,-0.05283307506589936,-0.05971655867450845,0.34375
2019-02-01,ChinaA,China,0.0038949040539063163,-0.013656088984853574,-0.005037437395303325,-0.005516884989301265,-0.01361578738756757,0.421875
2019-02-01,ChinaH,China,-0.0009031993512122402,-0.01794417641255534,-0.010202552005999472,-0.010697838090094034,-0.01793139506317832,0.375
2019-02-01,Denmark,Denmark,-0.00058270115445439,0.04045072706995399,0.04414831408765614,0.04294786234023122,0.039860101335695466,0.296875
2019-02-01,France,France,0.0012558805286559584,-0.0059105977306810765,-0.004877977004872166,-0.006174269575260533,-0.007030752256200413,0.546875
2019-02-01,Germany,Germany,0.006033505855899849,0.026080988450137645,0.028249844035561345,0.030374117166667606,0.02735036737574355,0.421875
2019-02-01,Hong Kong,Hong Kong,0.0008682592295592931,-0.0010377902151196359,-0.0018265370624576662,-0.002105377733997599,-0.0012303728550344863,0.890625
2019-02-01,Indonesia,Indonesia,-0.004099445217844533,-0.011093450168375037,-0.011000476695110064,-0.011619940902491526,-0.011383969837550016,0.515625
2019-02-01,Italy,Italy,0.0010096329347993142,0.01460556252159996,0.0031687036031350212,0.002667685350752319,0.013996638684364088,0.5625
2019-02-01,Japan,Japan,0.006760416765797014,-0.013480144384538612,-0.003423219905022726,-0.0048046371741795445,-0.014161326609466207,0.6875
2019-02-01,Korea,Korea,0.004787573411460487,-0.03788174228710692,-0.019104968211826293,-0.018877771507396432,-0.03738771581038426,0.640625
2019-02-01,Malaysia,Malaysia,-0.005689537623988716,-0.022521613411097954,-0.02613344602498074,-0.026686344726244295,-0.022829340505193328,0.65625
2019-02-01,Mexico,Mexico,0.011307140144196145,-0.008713318462043786,-0.002823588650802741,-0.0036893743677345586,-0.00942739486093553,0.359375
2019-02-01,NASDAQ,US,0.00706144837922424,0.03925307368030986,0.05361290728778281,0.05295837502910715,0.03898821675867281,0.515625
2019-02-01,Netherlands,Netherlands,0.001720803933529252,0.009463871321928673,0.011188847344415474,0.011797750106281295,0.009683843238798,0.359375
2019-02-01,Philippines,Philippines,0.003479087294698681,-0.03648271872605165,-0.03021803109878732,-0.03047981014674406,-0.03640292865432463,0.4375
2019-02-01,Poland,Poland,-0.004259954032249151,-0.04021119178879507,-0.035129906223816,-0.03500395535837397,-0.04014600154938289,0.609375
2019-02-01,Singapore,Singapore,-0.0024658959980336367,-0.0038303046149584406,0.0036924406429553382,0.0023371116976179628,-0.004783564760571276,0.734375
2019-02-01,South Africa,South Africa,0.006535401110473699,-0.008901456266078928,-0.016914695976994087,-0.016577468226438248,-0.008948452159718736,0.28125
2019-02-01,Spain,Spain,-8.12473924592938e-05,-0.006417352233921932,-0.004512338139697047,-0.00584346463490853,-0.0073570908736023295,0.578125
2019-02-01,Sweden,Sweden,0.004480299289713295,0.02049499880032885,0.027718137751788805,0.031133225337752524,0.022701709030461117,0.3125
2019-02-01,Switzerland,Switzerland,-0.00018307006292874427,0.0016331190944285558,0.0073457345509931014,0.007276431297110607,0.0015712227283849085,0.453125
2019-02-01,Taiwan,Taiwan,0.002382885712137595,-0.01530720782294907,-0.010292495483437056,-0.010203491860558253,-0.015198800031335799,0.578125
2019-02-01,Thailand,Thailand,-0.001763198918615645,-0.03554148620067453,-0.02636752238763151,-0.026938187087524754,-0.03583206409297872,0.5625
2019-02-01,Turkey,Turkey,0.009095164095640262,-0.013101375468959817,-0.004320199271380269,-0.005792301831732342,-0.014062208754340933,0.484375
2019-02-01,U.K.,U.K.,0.010328185264127963,0.01876570964534793,0.026007391765842883,0.025049533791025796,0.018182362558915473,0.78125
2019-02-01,U.S.,US,0.005584557451116209,0.036384916587149915,0.050576625006152565,0.04986028786467078,0.03607800427937294,0.546875
2019-02-01,US SmallCap,US,0.008995926398492761,0.040935356786690955,0.05575628252429447,0.05509418270664289,0.040670578238562544,0.59375
2019-02-01,Vietnam,Vietnam,-0.003947600700048387,-0.005456674729909135,-0.003500602250772108,-0.0033186661235804337,-0.0051974065843644265,0.25
2019-03-01,Australia,Australia,-0.007490537868648699,-0.02636347763730093,-0.01529057775336206,-0.01592926394677864,-0.026576934005643413,0.5625
2019-03-01,Brazil,Brazil,-0.010512055176875333,-0.04223437710042034,-0.04131308578326234,-0.04053437745339747,-0.0416972758610612,0.609375
2019-03-01,Canada,Canada,0.0002660701161434787,0.012565155351785984,0.021398948289247342,0.021123256109887297,0.01234574298912133,0.734375
2019-03-01,Chile,Chile,-0.007271327182334034,-0.07028838180503662,-0.0626278554204932,-0.06158840055689287,-0.06961134749603592,0.421875
2019-03-01,ChinaA,China,-0.0015639424449520366,-0.045158326022651366,-0.0359130859673656,-0.03603197836208896,-0.045007121860605695,0.46875
2019-03-01,ChinaH,China,-0.004310635038602264,-0.047608014490684386,-0.03886485085273862,-0.0389926612701198,-0.04747248497434546,0.421875
2019-03-01,Denmark,Denmark,-0.0007301912241062872,0.04136753867631905,0.04519315796893296,0.04402920868343936,0.04076687976250097,0.171875
2019-03-01,France,France,-0.0013591821018875162,-0.005455649480937876,-0.005333791754680001,-0.005738533840828655,-0.005941801138820405,0.5625
2019-03-01,Germany,Germany,0.0006455292491518924,0.023988325177985406,0.026091554017125405,0.030077295836878525,0.026434786475441206,0.390625
2019-03-01,Hong Kong,Hong Kong,-0.005860203629865139,-0.019404589165495492,-0.019897579474809617,-0.01955223241235879,-0.01934021497658665,0.78125
2019-03-01,Indonesia,Indonesia,-0.004337592685901994,-0.022008921611254978,-0.018082556524816072,-0.017958083900625928,-0.021843617808872503,0.484375
2019-03-01,Italy,Italy,-0.002975588572743321,0.02637289252793532,0.012523571283113245,0.010981963282651126,0.02490446658266862,0.546875
2019-03-01,Japan,Japan,0.0058593838467460736,-0.013536223463840067,-0.0009863333979643132,-0.0018362230085426801,-0.013936835908060132,0.625
2019-03-01,Korea,Korea,0.008996135689944534,-0.04429721510687783,-0.022615794397651635,-0.022510694620885785,-0.04386289555999193,0.75
2019-03-01,Malaysia,Malaysia,-0.002758452580758932,-0.039413186677086,-0.03636042996478969,-0.03602051240963709,-0.03895375066841536,0.5625
2019-03-01,Mexico,Mexico,0.009370897425042993,-0.009671623546003682,-0.003156673462234078,-0.004176638789520197,-0.010380688800277699,0.546875
2019-03-01,NASDAQ,US,0.0024525270554843093,0.04361680991380039,0.054363190519636076,0.05350097931738218,0.043120908933171456,0.484375
2019-03-01,Netherlands,Netherlands,-0.0011118917733535794,0.007723204817352947,0.009321635278976215,0.01071350063951279,0.008416763754308717,0.421875
2019-03-01,Philippines,Philippines,0.0007238082008147653,-0.037076369484117494,-0.027423504795079216,-0.027674570383852095,-0.036965005270125514,0.484375
2019-03-01,Poland,Poland,-0.006981955825942203,-0.02971072567425493,-0.02843631165864148,-0.028972810766927603,-0.030186970010291785,0.71875
2019-03-01,Singapore,Singapore,-0.002682455547832554,-0.0051058188702369665,0.001349984073700166,3.0998382300461216e-05,-0.006111139036058451,0.703125
2019-03-01,South Africa,South Africa,0.003924990649273492,-0.00776662539341319,-0.014919627590071455,-0.014848376698347526,-0.007896838172182912,0.171875
2019-03-01,Spain,Spain,-0.003051254563337014,-0.02194837230733814,-0.016303164275754456,-0.01706588105370964,-0.02234205435991774,0.59375
2019-03-01,Sweden,Sweden,0.002804424209105462,0.0388445444594788,0.040677122177369546,0.04754150039866019,0.04311714749373814,0.390625
2019-03-01,Switzerland,Switzerland,-0.003036275295097866,0.0057350048704276815,0.010113618031918317,0.009791438573704705,0.005462528807239707,0.46875
2019-03-01,Taiwan,Taiwan,-0.0003565938485905751,-0.022058769301024857,-0.01722226140940427,-0.016811752716314445,-0.021850070924873347,0.40625
2019-03-01,Thailand,Thailand,0.00027589393973957883,-0.022216722564878222,-0.01558987171644717,-0.017034619680434633,-0.02300141714978834,0.53125
2019-03-01,Turkey,Turkey,0.009309962263874899,-0.018125450717070404,-0.010784954703636478,-0.010306738407076518,-0.017838894081550597,0.5
2019-03-01,U.K.,U.K.,0.0027920518603890086,0.013097038742608584,0.01801271517485907,0.01840971672346361,0.013197919182411352,0.734375
2019-03-01,U.S.,US,6.347390687584838e-05,0.04166181365270602,0.05196433158150206,0.05110030957881516,0.04115566941822581,0.546875
2019-03-01,US SmallCap,US,0.004856799022446208,0.04634579187298897,0.057591357988811195,0.05674694695626023,0.04586688886940411,0.609375
2019-03-01,Vietnam,Vietnam,-0.003940615008466692,-0.0011500979480837913,0.001528060684993119,0.001422175959670608,-0.0011194220381337636,0.09375
2019-04-01,Australia,Australia,-0.011244046020734071,-0.0039666155591800015,0.0016885305277450913,0.0002768297039598168,-0.004623073828792252,0.640625
2019-04-01,Brazil,Brazil,-0.009078884931699758,-0.02708779594896482,-0.028284072264601452,-0.02786133228802171,-0.026815942359173114,0.515625
2019-04-01,Canada,Canada,-0.0019297678370329974,0.012256111734680174,0.0202969809227817,0.02104869130968477,0.012661068366361643,0.6875
2019-04-01,Chile,Chile,-0.003816603121315618,-0.06272446639990753,-0.05619028002908419,-0.055294320686922166,-0.062078662701165965,0.40625
2019-04-01,ChinaA,China,-0.00407335563021249,-0.027138200286541878,-0.01972405766279299,-0.02040743970431505,-0.027323098361791167,0.484375
2019-04-01,ChinaH,China,-0.0036427815761919894,-0.02676673113128641,-0.019272107285748526,-0.019954664020753486,-0.026949535224333857,0.546875
2019-04-01,Denmark,Denmark,-0.003810491966511193,0.04317281895968787,0.04723551660264581,0.046556251632951975,0.042883040213030466,0.296875
2019-04-01,France,France,-0.004226559312059134,-0.012907545933028421,-0.010940658529083592,-0.012214498700179812,-0.013761072176709676,0.609375
2019-04-01,Germany,Germany,0.0022396569234075896,0.029166581494582035,0.03319544698729204,0.03724697476253637,0.03174075207583765,0.4375
2019-04-01,Hong Kong,Hong Kong,-0.006766844511530423,-0.009261837723717428,-0.01093750049693842,-0.010858542257419045,-0.009373277498805262,0.859375
2019-04-01,Indonesia,Indonesia,-0.0029750856380332874,-0.01802603223082859,-0.01386171457518479,-0.013372783479140643,-0.01758126917722884,0.46875
2019-04-01,Italy,Italy,-0.002620979113999595,0.03358906245285927,0.020571335017336625,0.018393701499807607,0.03160686852131414,0.5625
2019-04-01,Japan,Japan,0.003705781670709977,-0.016829073857169516,-0.005439904548945841,-0.005797494903458718,-0.016883949892485855,0.65625
2019-04-01,Korea,Korea,0.009880587018530455,-0.04057723064931107,-0.019774675715938918,-0.02020001309660395,-0.040520969411971766,0.578125
2019-04-01,Malaysia,Malaysia,-0.0019292138350568292,-0.03906513215154504,-0.03529162839113476,-0.0349369414761869,-0.03857157427120855,0.5
2019-04-01,Mexico,Mexico,0.008323945766052627,-0.01080085931799378,-0.003558814053152176,-0.004481205330384366,-0.011339943845066484,0.359375
2019-04-01,NASDAQ,US,-0.0006071425848731549,0.0485817582688112,0.05736257071829222,0.05666666424985907,0.048196222001121766,0.515625
2019-04-01,Netherlands,Netherlands,-0.0040266414162692925,0.009631425866176525,0.011012795199835283,0.014265890698232045,0.011558924468633696,0.4375
2019-04-01,Philippines,Philippines,-0.0018404329363079976,-0.03052409400645123,-0.023332901591573016,-0.023877091421888704,-0.030633669646990207,0.46875
2019-04-01,Poland,Poland,-0.005075642027240734,-0.029157370292292095,-0.028717063640625675,-0.03004283564594456,-0.030199896441386372,0.734375
2019-04-01,Singapore,Singapore,-0.003406820736510288,-0.0017014650179596781,0.004087430468661541,0.0034685659212837106,-0.002226268548034158,0.65625
2019-04-01,South Africa,South Africa,0.003242893145728322,-0.010235493398773094,-0.017932512796063026,-0.018950578821834322,-0.010917345337182926,0.171875
2019-04-01,Spain,Spain,-0.0038004350498642946,-0.020891373095548445,-0.015302276988316382,-0.015883115720863733,-0.021178508854833834,0.65625
2019-04-01,Sweden,Sweden,0.0010241695144377356,0.03288633171251454,0.03827385507720532,0.03877277505004516,0.03325330301580455,0.421875
2019-04-01,Switzerland,Switzerland,-0.007359355660820512,0.01162174667840754,0.013234505529488967,0.012944020456940212,0.011295312680364593,0.46875
2019-04-01,Taiwan,Taiwan,-0.0009411407101240325,-0.01450639916968522,-0.01151873886214042,-0.011341029684416784,-0.014477807211582684,0.390625
2019-04-01,Thailand,Thailand,0.0009726364059953717,-0.02377494099478504,-0.017034370578158986,-0.018896471879282225,-0.02480174467557792,0.5
2019-04-01,Turkey,Turkey,0.01089956153859789,0.04140817430362875,0.035488731077391214,0.0399934251955044,0.04396582614261087,0.5
2019-04-01,U.K.,U.K.,-4.3934807903623155e-05,0.022982603757351953,0.028123880197618762,0.027908060742070553,0.02289718580815289,0.71875
2019-04-01,U.S.,US,-0.004291334391463495,0.04593315420475512,0.054005309097830745,0.05332008611906587,0.045539773764184346,0.546875
2019-04-01,US SmallCap,US,0.003945601151465578,0.05221467055324759,0.06194268636861895,0.06123565852307479,0.051837517164146266,0.625
2019-04-01,Vietnam,Vietnam,-0.004609745730826087,-0.012061852687863979,-0.007205197692139368,-0.006751812698997579,-0.01152652815506153,0.078125
2019-05-01,Australia,Australia,-0.011847074268204465,-0.0006946813120406823,0.004795568939593162,0.003885938071733269,-0.00100341524040635,0.609375
2019-05-01,Brazil,Brazil,-0.008256959160682817,-0.024079075654859207,-0.024746912269183186,-0.024655276661091827,-0.024103458892237452,0.578125
2019-05-01,Canada,Canada,-0.0029766675380573987,0.011384294459023735,0.017643640120237,0.018427000645106457,0.011817164385204703,0.640625
2019-05-01,Chile,Chile,-0.0005196791492096762,-0.06069019232831485,-0.050520314520389936,-0.049890859525280926,-0.060121578953014884,0.359375
2019-05-01,ChinaA,China,-0.0020837455808603318,-0.03426167372363123,-0.026222096042929657,-0.027146707197917598,-0.034801584550282386,0.578125
2019-05-01,ChinaH,China,-0.0044179511766947975,-0.03638191309372177,-0.028766377318172675,-0.029699993012723327,-0.03693598857569715,0.5625
2019-05-01,Denmark,Denmark,-0.005170375077287485,0.04179873605464117,0.04532761532250282,0.04491723549360814,0.04164984638205785,0.375
2019-05-01,France,France,-0.005424954950085324,-0.015138434178624613,-0.012535766107199371,-0.013580561205763349,-0.015771379863474967,0.484375
2019-05-01,Germany,Germany,0.0015603452557371531,0.02519360385871214,0.029851223709471093,0.031172936280241943,0.026067336164176388,0.421875
2019-05-01,Hong Kong,Hong Kong,-0.006793972518155901,-0.00476859901218842,-0.00683886511060102,-0.0069691362302345145,-0.004932064837393103,0.828125
2019-05-01,Indonesia,Indonesia,-0.005028469409173155,-0.01845333927419767,-0.013484278253301885,-0.013348279740469132,-0.018338767853110872,0.5625
2019-05-01,Italy,Italy,-0.00366334658300018,0.018103184633752534,0.007403484951449418,0.007946765992239733,0.01798161452534548,0.5625
2019-05-01,Japan,Japan,0.0028102347150215402,-0.016229105015052293,-0.00485579627194071,-0.003836348310455366,-0.01545732491978117,0.625
2019-05-01,Korea,Korea,0.004660032963634276,-0.036787462497053995,-0.01712788367518872,-0.017588494165348884,-0.03673982443567213,0.515625
2019-05-01,Malaysia,Malaysia,-0.0018280809996913333,-0.03751776336332929,-0.03195851451819683,-0.03179013847970233,-0.03719887091734297,0.453125
2019-05-01,Mexico,Mexico,0.006862762876270169,-0.0111922195472237,-0.0031548940439122524,-0.003319470326086954,-0.011267702986585913,0.3125
2019-05-01,NASDAQ,US,-0.001824592889719522,0.04711649920802177,0.05495722189078321,0.05419135262335008,0.04668141529736669,0.515625
2019-05-01,Netherlands,Netherlands,-0.005609744309289471,0.008253065236812747,0.009734113557361212,0.00977901682247211,0.008170721893204964,0.40625
2019-05-01,Philippines,Philippines,-0.0007261741497322227,-0.030029483990806797,-0.019639740651553425,-0.020192492763557526,-0.0301164565981102,0.5625
2019-05-01,Poland,Poland,-0.005116098788935973,-0.020935123273690577,-0.022232186716190733,-0.02325493556618348,-0.021871381968264977,0.671875
2019-05-01,Singapore,Singapore,-0.004224428258144091,-0.007785859858614538,-0.0011686847978129404,-0.0022275746822490294,-0.008590326011151745,0.5625
2019-05-01,South Africa,South Africa,0.0017038069643950226,-0.006106906321014653,-0.009206268746424977,-0.00873051598059656,-0.005985439033223945,0.203125
2019-05-01,Spain,Spain,-0.004288379660974518,-0.024734233360106,-0.016353113900279746,-0.017228984265429213,-0.02508186528381237,0.578125
2019-05-01,Sweden,Sweden,-0.0007845964798323009,0.029242154838921373,0.034013981721694994,0.03250017377311659,0.0283325594331883,0.421875
2019-05-01,Switzerland,Switzerland,-0.010916607574618343,0.012146328127910968,0.011113887709633077,0.010483433421193771,0.011583779842971605,0.53125
2019-05-01,Taiwan,Taiwan,-0.0052347292118324245,-0.01739145313844257,-0.015213010401069387,-0.014980289757609313,-0.017321351575847993,0.5625
2019-05-01,Thailand,Thailand,0.0004376292427264103,-0.02950071936012871,-0.021851236968079023,-0.023695448119730955,-0.030579262009016856,0.484375
2019-05-01,Turkey,Turkey,0.010293532099398518,0.036034796639553,0.030114056151508684,0.03466939092353971,0.038336355842603975,0.515625
2019-05-01,U.K.,U.K.,-0.0008881630254685222,0.00841750759012181,0.013152459415275885,0.014685412411572365,0.00922370004828773,0.671875
2019-05-01,U.S.,US,-0.0066271686975814224,0.043229385370084514,0.050171497076071436,0.04940397751293063,0.04277497773989031,0.546875
2019-05-01,US SmallCap,US,0.002154378858680861,0.0486307863048905,0.05738481944639803,0.056550946956348394,0.04816927923339501,0.53125
2019-05-01,Vietnam,Vietnam,-0.007389055745131755,-0.008826830323485295,-0.004197448044022068,-0.003865293108255033,-0.008436868306909632,0.265625
2019-06-01,Australia,Australia,-0.012219500887169693,0.0005229749003859158,0.007188860030738185,0.006397008351866081,0.00018454090676441222,0.5
2019-06-01,Brazil,Brazil,-0.012507179527190673,-0.019813021539914943,-0.02135830227886117,-0.020926620328357425,-0.01961404034581672,0.6875
2019-06-01,Canada,Canada,-0.0012720837184113532,0.008045021416023732,0.016696054215171216,0.01625146358371955,0.00777485023080484,0.546875
2019-06-01,Chile,Chile,-0.002277620567015844,-0.04306571573872456,-0.03614852546699959,-0.03581276093125378,-0.042793557202989815,0.34375
2019-06-01,ChinaA,China,0.000944829493646538,-0.011260853543749866,-0.00342618920147888,-0.004323861122049733,-0.011806052992126826,0.453125
2019-06-01,ChinaH,China,-0.0005527743962546895,-0.01263969384630255,-0.005074894352745795,-0.005979139009568314,-0.013194476599571004,0.453125
2019-06-01,Denmark,Denmark,-0.0035431465578231935,0.041070418134607906,0.04733326978768598,0.04659561707696572,0.04085437931290352,0.25
2019-06-01,France,France,-0.0033178817147276,-0.024489643795985443,-0.016527247437228464,-0.016835953797052817,-0.02453036260859675,0.515625
2019-06-01,Germany,Germany,0.002789918849628094,0.017325912788266482,0.026822402248988356,0.025531541361277468,0.016685058543380038,0.453125
2019-06-01,Hong Kong,Hong Kong,-0.00384111701878814,0.0012286003117656843,-0.0009024979787581044,-0.0012041705809772499,0.0009905404937593024,0.765625
2019-06-01,Indonesia,Indonesia,-0.004486944687163461,-0.002957063253118718,-0.0039041076414711344,-0.0032068403902883163,-0.0026659556502184843,0.515625
2019-06-01,Italy,Italy,-0.005481101021793124,0.008402869528272513,-0.002279000421515409,-0.0018153572017977123,0.008100396164503903,0.609375
2019-06-01,Japan,Japan,0.004319850546025126,-0.004772593703348374,0.007401246518315429,0.007178221825826968,-0.004670994858589912,0.515625
2019-06-01,Korea,Korea,0.004929574712009294,-0.013655323408824792,0.00279694569325023,0.0017423941189330522,-0.014017046920857722,0.53125
2019-06-01,Malaysia,Malaysia,-0.007146385025106408,-0.031786676231674,-0.028609427559767763,-0.028562446539974858,-0.031730113047762645,0.4375
2019-06-01,Mexico,Mexico,0.0007245639681577164,-0.0013787667675438566,0.004057796208274605,0.004271723471102926,-0.0013153702486904673,0.609375
2019-06-01,NASDAQ,US,-0.0005643326876693649,0.03910887233676637,0.05113435617076502,0.05104478135915318,0.03927279688237571,0.453125
2019-06-01,Netherlands,Netherlands,-0.003852206289668497,0.007624242007255193,0.012887675755007672,0.012192308846455373,0.0071947568663170945,0.453125
2019-06-01,Philippines,Philippines,-0.004186807198153577,-0.03538168245405675,-0.02543087460510567,-0.02549403815859032,-0.03535217597285122,0.609375
2019-06-01,Poland,Poland,-0.00796610211078995,-0.03243107853703968,-0.02923493816212014,-0.030227887264741547,-0.033067314576662094,0.8125
2019-06-01,Singapore,Singapore,-0.0026176411706212528,0.0062959901615761964,0.012321525968883171,0.011648293947801754,0.005826529700109072,0.671875
2019-06-01,South Africa,South Africa,0.00013731532376022072,0.005569896565569199,-0.0002902139947310173,0.0004747818938234394,0.005705219346512058,0.265625
2019-06-01,Spain,Spain,-0.006525949183389026,-0.030546846729290533,-0.018457345779194865,-0.018925727092758107,-0.03055124433860804,0.671875
2019-06-01,Sweden,Sweden,0.006118762476859448,0.021507425830129257,0.033539821327339486,0.03284946276245729,0.021307294844821034,0.484375
2019-06-01,Switzerland,Switzerland,-0.013257914678729193,0.008967744887078376,0.009826751939043407,0.00997496735076181,0.009040405361278283,0.5625
2019-06-01,Taiwan,Taiwan,-0.0016136509914297355,0.0016312433363848376,0.0032052778894114346,0.002929641695992063,0.0015450866029600354,0.46875
2019-06-01,Thailand,Thailand,-0.001720930777580506,-0.023805561287079925,-0.018702226230987103,-0.020311212137812173,-0.024850654380681764,0.4375
2019-06-01,Turkey,Turkey,0.007936108639189091,0.04060056430831935,0.03188352399635577,0.029041356427942856,0.03826100239765509,0.5
2019-06-01,U.K.,U.K.,0.0012078841230531469,0.006573234624381866,0.015288131026852187,0.014839045180451343,0.006309630313480469,0.640625
2019-06-01,U.S.,US,-0.00344354409643384,0.037730394243844084,0.04918164642501928,0.049122906775418,0.03790078513108085,0.515625
2019-06-01,US SmallCap,US,0.00736618576537755,0.0441527524815848,0.05778036170691141,0.05711875094029348,0.04409038812491482,0.40625
2019-06-01,Vietnam,Vietnam,-0.009738126248003963,-0.0023267806842004746,0.0009226213562566182,0.00111193412326005,-0.0021534860982110257,0.359375
2019-07-01,Australia,Australia,-0.011062115040952013,-0.004694678585474435,0.002707177233421173,0.0014989567430393584,-0.005231054714972646,0.5703125
2019-07-01,Brazil,Brazil,-0.014598961582635872,-0.020219575229526353,-0.021263295410103217,-0.020853667217080693,-0.019866324016123343,0.6875
2019-07-01,Canada,Canada,-0.007839674874012523,8.560493632483838e-05,0.007675050280331417,0.008602537008851743,0.0009153244119514785,0.53125
2019-07-01,Chile,Chile,-0.005939422135055883,-0.04567259304906063,-0.04057499999422125,-0.04006608603303902,-0.04510948255555117,0.34375
2019-07-01,ChinaA,China,-0.0036875458956411302,-0.009164212203722627,-0.006877256312896545,-0.008364218056315507,-0.009946861423115322,0.4375
2019-07-01,ChinaH,China,-0.005032446128055908,-0.010462020217561237,-0.008517860354661698,-0.010048483005901894,-0.011293605455110246,0.421875
2019-07-01,Denmark,Denmark,-0.007470683837064554,0.04413931606972603,0.05062632782699186,0.04974249124087442,0.04381832764891237,0.34375
2019-07-01,France,France,-0.008741369317155672,-0.03597906527257079,-0.023692551563308396,-0.02449573609952332,-0.03609484103922311,0.53125
2019-07-01,Germany,Germany,-0.003172975326380864,0.013109177786031972,0.023243611930762523,0.021684473542875688,0.012330061351039794,0.453125
2019-07-01,Hong Kong,Hong Kong,-0.00877967974305549,0.00420230487152954,-0.0008883385174868683,-0.0012989696344085679,0.003953660239041139,0.78125
2019-07-01,Indonesia,Indonesia,-0.009696276444709379,-0.019354254241016805,-0.018236150513329247,-0.01848531729344752,-0.019410365460268798,0.5625
2019-07-01,Italy,Italy,-0.008049349034124293,-0.010398628512951712,-0.0120142135698591,-0.013371649731590659,-0.011591155177771453,0.578125
2019-07-01,Japan,Japan,-0.0007599457382316682,-0.01459440171011215,-0.0040622041580366175,-0.0056108023584173425,-0.015276181904040415,0.609375
2019-07-01,Korea,Korea,-0.0034443977007590195,-0.015426776072575537,-0.005338866191357514,-0.006822794483111896,-0.015920976978190556,0.53125
2019-07-01,Malaysia,Malaysia,-0.006857735398795144,-0.022031971588117764,-0.022420785570622003,-0.022536055209012085,-0.022002982820073336,0.5625
2019-07-01,Mexico,Mexico,-0.0042656365712419415,-0.014766494793672681,-0.008055410959546653,-0.005714025310093408,-0.013032763194601508,0.359375
2019-07-01,NASDAQ,US,-0.004758157086515482,0.04055222956798982,0.053350850530208674,0.05251877029577916,0.0402742352155111,0.375
2019-07-01,Netherlands,Netherlands,-0.009268175837873628,-0.00282977569436685,0.005329418088909139,0.006435706934827565,-0.0018162139571538498,0.375
2019-07-01,Philippines,Philippines,-0.011560534908111864,-0.03771105359703521,-0.029718997393852434,-0.029489155287740397,-0.03724176313884554,0.6484375
2019-07-01,Poland,Poland,-0.009664805120447718,-0.046648327664119554,-0.0389409371993726,-0.03921728474082348,-0.04668510862443068,0.828125
2019-07-01,Singapore,Singapore,-0.008198444462586645,0.0048007779536823215,0.011253887102809623,0.010140001754277803,0.004068216634507581,0.71875
2019-07-01,South Africa,South Africa,-0.00429294661630451,0.0034115243940935312,-0.005205937864986382,-0.0046515312332707625,0.0037133570726406266,0.421875
2019-07-01,Spain,Spain,-0.005500843774045512,-0.03701021187378429,-0.020875479452297504,-0.019866580058931278,-0.03560152876896481,0.609375
2019-07-01,Sweden,Sweden,-0.006146835620295573,0.0014268797135998986,0.012580419048856765,0.013178545574653446,0.0021352767155923477,0.328125
2019-07-01,Switzerland,Switzerland,-0.016809561417667485,0.0038367641508894705,0.0049684126046579714,0.004688415830283774,0.0037723082295194263,0.53125
2019-07-01,Taiwan,Taiwan,-0.006375598858379518,0.0027571338121982775,0.001412813842527465,0.0010227754428378533,0.0026876494261996453,0.5
2019-07-01,Thailand,Thailand,-0.010471315304067681,-0.018484558083466385,-0.015256100413584942,-0.013935863584888047,-0.017404394122709284,0.5625
2019-07-01,Turkey,Turkey,-0.004377410802726261,-0.01624588066151647,-0.01644989615536693,-0.017698708431897477,-0.01765296956413899,0.5
2019-07-01,U.K.,U.K.,-0.004001031481657435,-0.008168247011192594,0.0006156116452849074,0.001362487598939104,-0.0077268261307754365,0.609375
2019-07-01,U.S.,US,-0.00887528104494091,0.037730447052724325,0.049728302418940495,0.048848827965053035,0.03738295758631399,0.4375
2019-07-01,US SmallCap,US,-0.0028552063709328373,0.04121358466665692,0.05449927437645133,0.05364414786726514,0.0409467761741935,0.359375
2019-07-01,Vietnam,Vietnam,-0.00797192439587949,0.0043214844899184274,0.00556006584842586,0.005842810809794964,0.00472344550298498,0.390625
2019-08-01,Australia,Australia,-0.012870490369391911,-0.013627191566344076,-0.00705424921456215,-0.00785630686607752,-0.013917862822894523,0.5
2019-08-01,Brazil,Brazil,-0.013487796676451391,-0.027193072841900222,-0.025887304353101017,-0.02502000178292768,-0.02641659093712189,0.65625
2019-08-01,Canada,Canada,-0.009149377907884846,-0.005262272100713731,0.002821813179536033,0.003967282953088036,-0.004316700563897535,0.59375
2019-08-01,Chile,Chile,-0.003289529974138154,-0.037597729528891344,-0.034875991538238366,-0.03499971201155548,-0.0374437332669116,0.375
2019-08-01,ChinaA,China,-0.005416052417994324,-0.025848324095725978,-0.021914825666163075,-0.022853614451885832,-0.026294612513182675,0.53125
2019-08-01,ChinaH,China,-0.006818605618248132,-0.02726626921718819,-0.02369913255091807,-0.02468822370021526,-0.02776761835742188,0.453125
2019-08-01,Denmark,Denmark,-0.006489182347673247,0.045325464125536036,0.05400696445475561,0.05311957394369071,0.045070071466419795,0.328125
2019-08-01,France,France,-0.010049380217759724,-0.044116727017306734,-0.0286729500754001,-0.029361749197123237,-0.044055970913149514,0.5625
2019-08-01,Germany,Germany,-0.003883380520049079,0.01144880862161507,0.023124402218085188,0.021659674537136582,0.01073988910972733,0.40625
2019-08-01,Hong Kong,Hong Kong,-0.010442260059571364,0.011099415378685973,0.00515692462037576,0.0044857780409711615,0.01067066075925201,0.8125
2019-08-01,Indonesia,Indonesia,-0.010743815539616506,-0.018305768935914436,-0.018567177079799678,-0.018007778662367902,-0.017760140981877386,0.578125
2019-08-01,Italy,Italy,-0.009516019519210304,-0.018075091253109944,-0.012822894395311393,-0.013755340385969234,-0.018698254511461777,0.640625
2019-08-01,Japan,Japan,-0.0025493266189793628,-0.01792253469432216,-0.007999156924788507,-0.009360774599267435,-0.018535556724762748,0.546875
2019-08-01,Korea,Korea,-0.0043479644457332855,-0.0224666866626327,-0.009192401230299985,-0.009967187373683706,-0.02238574652519398,0.578125
2019-08-01,Malaysia,Malaysia,-0.005342381512962077,-0.02162941545029684,-0.021311930879198443,-0.0214562269926619,-0.021651100526075707,0.453125
2019-08-01,Mexico,Mexico,0.0007270873245466894,-0.010654676922460377,-0.0014126332004643638,-0.0018272240046317096,-0.010852408737825116,0.3125
2019-08-01,NASDAQ,US,-0.009800323239495007,0.03997312925085032,0.04992024453325333,0.048656081727727465,0.03928232351869414,0.375
2019-08-01,Netherlands,Netherlands,-0.010844129940064498,-0.005596373148087228,0.008184084970751668,0.007097051695021783,-0.0060542847377446805,0.40625
2019-08-01,Philippines,Philippines,-0.009231663365332944,-0.0433433106916796,-0.03462606169030996,-0.03412612413927442,-0.04272935611319094,0.640625
2019-08-01,Poland,Poland,-0.007941287153800549,-0.0434543682393633,-0.03424511984130357,-0.03550125174130501,-0.04408514306461042,0.734375
2019-08-01,Singapore,Singapore,-0.010751427228221335,0.017383070958580667,0.0217682550020832,0.020905758946102183,0.016715521211432237,0.796875
2019-08-01,South Africa,South Africa,-0.004599622583879817,0.004790820481066578,-0.0034917145364529133,-0.0037460799012491476,0.0044574422738137,0.390625
2019-08-01,Spain,Spain,-0.0051232991380350985,-0.03547639056314644,-0.01839720370378339,-0.018284962805450493,-0.03472938395091486,0.546875
2019-08-01,Sweden,Sweden,-0.006893237589612715,0.0030764315797485245,0.014341139334232748,0.016681885104438604,0.005094095068002975,0.4375
2019-08-01,Switzerland,Switzerland,-0.018793122930191093,-0.007935880621144833,-0.0015491411465980744,-0.0007477776470024029,-0.007093642388205334,0.515625
2019-08-01,Taiwan,Taiwan,-0.0070101976366116325,-0.007616476872353792,-0.007773543029550314,-0.007803580347719103,-0.00755857955384325,0.4375
2019-08-01,Thailand,Thailand,-0.010089942163646132,-0.017436257219626536,-0.010026622979758384,-0.008270014206647802,-0.015958575622756134,0.59375
2019-08-01,Turkey,Turkey,-0.00780412363506317,-0.025370649457076403,-0.023852377298600982,-0.024614162160185676,-0.026095810309614213,0.53125
2019-08-01,U.K.,U.K.,-0.0067543682067477935,-0.00016094694203198576,0.011940072238065345,0.01114888519745533,-0.00042426839517356076,0.578125
2019-08-01,U.S.,US,-0.010898799572126465,0.039814452616893745,0.04965144808267968,0.048418853969972725,0.0391442400799271,0.46875
2019-08-01,US SmallCap,US,-0.003811143743858529,0.044380331935070946,0.05579491330627165,0.05462534171297212,0.043833899653976854,0.4375
2019-08-01,Vietnam,Vietnam,-0.007870885305089162,0.006679583425687459,0.0077640861266403925,0.007801837901384258,0.006926683594841197,0.28125
2019-09-01,Australia,Australia,-0.008718312816119548,-0.011856709945779814,-0.003779087208895396,-0.004698253163322623,-0.011968661422087338,0.640625
2019-09-01,Brazil,Brazil,-0.015662442275781653,-0.024588412672740385,-0.025444163972207452,-0.02475660951088535,-0.023969458979886248,0.65625
2019-09-01,Canada,Canada,-0.0098635620184351,-0.004250546569788717,0.005533125797741395,0.005983323584687009,-0.0036823316574897316,0.5
2019-09-01,Chile,Chile,-0.0041967188333221425,-0.035606640843915016,-0.033790573731387344,-0.03356879769708579,-0.035230171019279374,0.390625
2019-09-01,ChinaA,China,-0.005859009019076329,-0.00745490048931618,-0.004658689898218247,-0.006280298547680661,-0.0083292703591098,0.609375
2019-09-01,ChinaH,China,-0.007381164613334606,-0.008966251498942413,-0.006567269154387035,-0.00824147841343171,-0.0098989786394246,0.546875
2019-09-01,Denmark,Denmark,-0.007703383802229644,0.04276826403322148,0.05463490359284384,0.0536136998693838,0.0425380918928774,0.234375
2019-09-01,France,France,-0.009486936527275554,-0.03952679217118712,-0.0222930920266437,-0.02287576821626995,-0.03921758344431811,0.484375
2019-09-01,Germany,Germany,-0.0030879932363797862,0.018009297734202956,0.03177592349214675,0.030291297295593985,0.017468245044128253,0.421875
2019-09-01,Hong Kong,Hong Kong,-0.008734469770242274,0.02585732796432706,0.01885817575817132,0.017434761805310697,0.024874577502402375,0.828125
2019-09-01,Indonesia,Indonesia,-0.011321788563322392,-0.013750419986284889,-0.017011554933126227,-0.017006353018139925,-0.01367161060251726,0.5625
2019-09-01,Italy,Italy,-0.011026849787090872,-0.020818711445482245,-0.011178251082898974,-0.011822351023994728,-0.020992024143193296,0.78125
2019-09-01,Japan,Japan,-0.0020272450814840474,-0.020812714113166864,-0.006485388620568539,-0.007109743435326322,-0.0206349271226152,0.53125
2019-09-01,Korea,Korea,-0.0024236192958359574,-0.014295678150003824,-0.004536585200136302,-0.005436601207014468,-0.014292350086380884,0.53125
2019-09-01,Malaysia,Malaysia,-0.004336058009953754,-0.02525002043460417,-0.025866025861597062,-0.025770382507323202,-0.025072749701045973,0.40625
2019-09-01,Mexico,Mexico,0.00026781548985758963,-0.0005599810015013123,0.009104854384306037,0.007013920264434086,-0.0019411076716324051,0.28125
2019-09-01,NASDAQ,US,-0.006253601429664175,0.052397880870574565,0.06195555722908885,0.060177930730344165,0.051352846011416056,0.28125
2019-09-01,Netherlands,Netherlands,-0.01143573374036157,-0.0018833844699472201,0.015190758322090686,0.014342736441793496,-0.0019701135782894726,0.390625
2019-09-01,Philippines,Philippines,-0.00864635493707102,-0.02882429783346883,-0.024717818504674367,-0.024840907522685314,-0.028602687540436465,0.578125
2019-09-01,Poland,Poland,-0.006446954925849936,-0.035059184009782036,-0.024057415517980883,-0.02713740863817335,-0.036878585289579754,0.59375
2019-09-01,Singapore,Singapore,-0.009818941128626427,0.017246315548860493,0.023862751777424644,0.02356414485851938,0.01703303539215008,0.78125
2019-09-01,South Africa,South Africa,-0.005812753125675923,0.003433064124008872,-0.004948264651081932,-0.005005259423826776,0.0033111836458681286,0.515625
2019-09-01,Spain,Spain,-0.004987236801341341,-0.018949572257542197,-0.003284271425420062,-0.004239693841221127,-0.018965984086645897,0.59375
2019-09-01,Sweden,Sweden,-0.004845894870283263,0.012703598675697182,0.02398579553698583,0.028464942349504776,0.016374363928435505,0.28125
2019-09-01,Switzerland,Switzerland,-0.017453039756989697,0.008558022662591442,0.010282113994511632,0.011642463929528807,0.009828789451259198,0.515625
2019-09-01,Taiwan,Taiwan,-0.006955969628978021,-0.005327690525367497,-0.005912903239130877,-0.005958599006085764,-0.005295131204862865,0.40625
2019-09-01,Thailand,Thailand,-0.008091237267890284,-0.011757681656800802,-0.00043915070568513286,-0.002021810554122548,-0.01250274744863348,0.515625
2019-09-01,Turkey,Turkey,-0.01601575448109195,-0.016402686158380954,-0.018734102776228598,-0.019274538899078607,-0.017106649393153865,0.96875
2019-09-01,U.K.,U.K.,-0.006115391544422317,0.014903363512078775,0.023356873868227452,0.02267486680241867,0.014775029864227286,0.609375
2019-09-01,U.S.,US,-0.009272882894762663,0.05069014714580421,0.05973313137309666,0.05794777615456678,0.04961885691209433,0.40625
2019-09-01,US SmallCap,US,0.0020941362661543936,0.059294511038810935,0.07097980430958627,0.06938949511547146,0.058495765410577646,0.375
2019-09-01,Vietnam,Vietnam,-0.00879369539194851,0.003926709462064774,0.0049375090406126015,0.0051154550702749504,0.004274503898975745,0.28125
2019-10-01,Australia,Australia,-0.007578808927705469,-0.010368710043617037,-0.006461617792654726,-0.00739082716790917,-0.010603206511099632,0.671875
2019-10-01,Brazil,Brazil,-0.01292427870412771,-0.028107283486023777,-0.027874727809661878,-0.02699380456973532,-0.027307857319664,0.640625
2019-10-01,Canada,Canada,-0.010257312644715019,-0.0005411843060546088,0.006281647740773794,0.00999532200314145,0.0022247180581818054,0.5625
2019-10-01,Chile,Chile,-0.0030956351403293343,-0.029428320943260526,-0.027683165648547375,-0.027842437881243298,-0.02933629052540918,0.34375
2019-10-01,ChinaA,China,-0.005413468522622873,-0.009251048254224844,-0.005713470122741905,-0.0070664217503761916,-0.01004000749765518,0.578125
2019-10-01,ChinaH,China,-0.006893339875152262,-0.010640548509092462,-0.007479200455212319,-0.008877398429337472,-0.011481353205269839,0.5625
2019-10-01,Denmark,Denmark,-0.009743620708365625,0.038405324325332016,0.04690955962283269,0.04604598566280099,0.03816864707348723,0.40625
2019-10-01,France,France,-0.009879671183163912,-0.03402067016582451,-0.02261906661689293,-0.02273649074241212,-0.033664104323447935,0.46875
2019-10-01,Germany,Germany,-0.003792360407033321,0.02143525446467545,0.027351575648674933,0.03213229388970569,0.025174329408827665,0.453125
2019-10-01,Hong Kong,Hong Kong,-0.005339495042627861,0.040940150704554146,0.032227514426842935,0.029774597713848192,0.03902005470032342,0.75
2019-10-01,Indonesia,Indonesia,-0.010020836112690673,-0.009730122834085028,-0.013539413376576211,-0.013032894006759943,-0.009285137987621466,0.578125
2019-10-01,Italy,Italy,-0.010843362457318227,-0.023685692739301236,-0.01568848349146896,-0.01682148799919061,-0.024208934787202013,0.75
2019-10-01,Japan,Japan,-0.0021081800919804826,-0.012684608052496018,-0.0032925868501933325,-0.004289902702519255,-0.012977128007145615,0.53125
2019-10-01,Korea,Korea,-0.0029823383140014518,-0.00866108813150301,-0.004043800633240113,-0.005574529464602088,-0.009364767902174631,0.53125
2019-10-01,Malaysia,Malaysia,-0.003093068419751234,-0.027052994242950355,-0.02575043289811275,-0.02554373738401618,-0.02675152477600406,0.4375
2019-10-01,Mexico,Mexico,-0.0041466944995013355,-0.00904754758050942,0.0025919975164268617,0.0012111631494239432,-0.009919899351402688,0.171875
2019-10-01,NASDAQ,US,-0.005443120889323982,0.05510841875170379,0.06125528760978627,0.06103755358957488,0.05512695179799666,0.34375
2019-10-01,Netherlands,Netherlands,-0.013216011841372416,-0.0025991185363481283,0.009294941434767712,0.007855942202437089,-0.0033535145172014684,0.515625
2019-10-01,Philippines,Philippines,-0.010034956323311039,-0.03088535638092826,-0.026082642336091706,-0.02590115996540824,-0.03049912551181941,0.65625
2019-10-01,Poland,Poland,-0.005311918888969322,-0.023274516841007856,-0.0156969429821895,-0.01732248547918587,-0.02419741592839767,0.515625
2019-10-01,Singapore,Singapore,-0.0074408822764856315,0.027498831737760045,0.029311584999115323,0.03544334123648828,0.031876366221128105,0.6875
2019-10-01,South Africa,South Africa,-0.001849009149547707,0.006484811087178336,-0.003079164197449723,-0.0033364204640339975,0.006192772326005687,0.5
2019-10-01,Spain,Spain,-0.00559143327382223,-0.016882802228473066,-0.0029395267635859684,-0.001181529947080668,-0.015067148886642002,0.5625
2019-10-01,Sweden,Sweden,-0.003781202128896032,0.016707229729893112,0.024063157838886465,0.03138227785331821,0.022336112364266653,0.21875
2019-10-01,Switzerland,Switzerland,-0.01761557737025439,0.007575166404357701,0.005946241483475863,0.006633145663505657,0.00811259753198447,0.53125
2019-10-01,Taiwan,Taiwan,-0.007106064290237031,-0.011785105986498925,-0.011318046314875096,-0.011098009528204349,-0.011603763710626549,0.390625
2019-10-01,Thailand,Thailand,-0.006108738265643407,-0.01934589120223011,-0.009414780869369603,-0.010520332292059034,-0.019801334882699587,0.515625
2019-10-01,Turkey,Turkey,-0.010174308107121395,-0.02412348616115996,-0.02278509171435878,-0.023217856587978918,-0.02459442918130784,0.921875
2019-10-01,U.K.,U.K.,-0.005536908421655162,0.018205496285866533,0.026033566481061452,0.024293303020143615,0.01732422817501635,0.546875
2019-10-01,U.S.,US,-0.00825276701399079,0.05312761391971532,0.05874682238890325,0.05849300035180882,0.05309774634988887,0.453125
2019-10-01,US SmallCap,US,0.0024590329285878246,0.061520251919586044,0.06966971715979013,0.06962073229178217,0.06176507342625889,0.40625
2019-10-01,Vietnam,Vietnam,-0.00822250233007504,0.008170297238904802,0.008740779944508451,0.00877171809228115,0.008357181512221788,0.296875
2019-11-01,Australia,Australia,-0.011463477743029162,-0.014912655981588634,-0.012932684625431479,-0.013744291171332482,-0.015051983502619153,0.734375
2019-11-01,Brazil,Brazil,-0.010734398879072413,-0.02709912264604531,-0.025886478469969876,-0.024980771416263047,-0.02622106783183538,0.375
2019-11-01,Canada,Canada,-0.013912829012072594,-0.0008534978682742476,0.005719398257413135,0.00797886862159206,0.0008223503626470369,0.625
2019-11-01,Chile,Chile,-0.00450361085975147,-0.02519067127618854,-0.02375890089923281,-0.02390820078128562,-0.025113237419641058,0.375
2019-11-01,ChinaA,China,-0.00778153709067974,-7.928596645929466e-05,0.0009667580784757865,-0.0008572453517449938,-0.0012786204752451196,0.578125
2019-11-01,ChinaH,China,-0.009447663760898912,-0.001686289460681568,-0.0010694719213404777,-0.002947565400983315,-0.002946635234676121,0.5625
2019-11-01,Denmark,Denmark,-0.012500138529320156,0.049929791426638934,0.05213922418744353,0.05280528255122677,0.050551688069543965,0.390625
2019-11-01,France,France,-0.01422740567647339,-0.027348900468122713,-0.022739465503318623,-0.02061945193777023,-0.025629439615628143,0.46875
2019-11-01,Germany,Germany,-0.008120732027153393,0.020158679139448323,0.020924408625306288,0.031492284579615004,0.027903723042851204,0.390625
2019-11-01,Hong Kong,Hong Kong,-0.01044750746379883,0.020568888371361102,0.013921829914849412,0.012480891727159087,0.019215821850598287,0.75
2019-11-01,Indonesia,Indonesia,-0.01056713640416309,-0.013092873421132684,-0.016104077391489162,-0.01536841557700153,-0.012411484789659984,0.5625
2019-11-01,Italy,Italy,-0.01360371974176353,-0.02790122220013076,-0.02127353530014529,-0.021837620148991065,-0.028092443675767072,0.859375
2019-11-01,Japan,Japan,-0.008357190514959823,-0.01250390291473784,-0.007856033256866745,-0.009465800745324252,-0.013436755225255309,0.5
2019-11-01,Korea,Korea,-0.007390425628759714,-0.012272751814752634,-0.01251278753687361,-0.01252934663954626,-0.011997600173731865,0.59375
2019-11-01,Malaysia,Malaysia,-0.00497619603086654,-0.023683840931658942,-0.02238381150813302,-0.02233252559154431,-0.02346846445347002,0.34375
2019-11-01,Mexico,Mexico,-0.01082769759018024,-0.015244420079780554,-0.004653495296519657,-0.00570197361394568,-0.015820582179985908,0.328125
2019-11-01,NASDAQ,US,-0.010630676346491431,0.05438813616496298,0.06093506991222877,0.05925311056839705,0.0533287592500013,0.34375
2019-11-01,Netherlands,Netherlands,-0.01691544260417966,-0.0014621823085823986,0.0008153263751217773,0.004513220554177324,0.001230689804086504,0.5625
2019-11-01,Philippines,Philippines,-0.010225884642918393,-0.029258393422201698,-0.024548219791564144,-0.02452360167780933,-0.028926402198911794,0.578125
2019-11-01,Poland,Poland,-0.0073214331590711204,-0.022014804344363616,-0.014518901149845007,-0.01535958474622048,-0.02248554669599481,0.5
2019-11-01,Singapore,Singapore,-0.011430854081157833,0.018474153365033927,0.02135066863398992,0.023429723151756534,0.019909721426759338,0.6875
2019-11-01,South Africa,South Africa,-0.005075248531910803,0.0002393967877779863,-0.00915458984181514,-0.008883429057251077,0.0003278006828484302,0.4375
2019-11-01,Spain,Spain,-0.008332419527878401,-0.010809719721354017,-0.001549739633757161,0.007156472302980086,-0.004102236771647727,0.5625
2019-11-01,Sweden,Sweden,-0.010694124128239155,0.015641854689738905,0.017134573423290136,0.03503946722725164,0.02868357028735431,0.203125
2019-11-01,Switzerland,Switzerland,-0.020509736039576665,0.01696075992122527,0.008253789171003504,0.007514237319006221,0.01618685995907401,0.515625
2019-11-01,Taiwan,Taiwan,-0.013602770449348874,-0.010180206065294375,-0.011260685728189047,-0.011003803271582333,-0.009932347159467338,0.484375
2019-11-01,Thailand,Thailand,-0.007054062537969453,-0.007916249828320043,-0.0020508452194391708,-0.003190525759299293,-0.008545873538448108,0.453125
2019-11-01,Turkey,Turkey,-0.012628311077813065,-0.032067819238468506,-0.029805032552875463,-0.029764149325760304,-0.03217781417839977,0.984375
2019-11-01,U.K.,U.K.,-0.010142736354586982,0.011867824829507094,0.01516441814455564,0.01837461437956907,0.014256772694602338,0.578125
2019-11-01,U.S.,US,-0.01411732193681757,0.05255243106379104,0.058537474622803495,0.05685684751983805,0.05147253100070155,0.4375
2019-11-01,US SmallCap,US,-0.0035388428064515977,0.06038027496929435,0.0687180597308295,0.0672046375364058,0.05953517286956597,0.421875
2019-11-01,Vietnam,Vietnam,-0.010061797661276892,0.004750801625476543,0.006246223357665613,0.006619851756121339,0.005197173910163097,0.3125
2019-12-01,Australia,Australia,-0.012523716315757095,-0.01840954656617526,-0.017360744302624038,-0.01782586094082319,-0.01859274325985407,0.734375
2019-12-01,Brazil,Brazil,-0.012033649724942662,-0.032512181928218926,-0.03172376940209844,-0.030635180704160127,-0.031613079344874104,0.546875
2019-12-01,Canada,Canada,-0.014943161578006056,0.0019309318504507674,0.004507099089522598,0.011840966245441682,0.007075802913491424,0.5
2019-12-01,Chile,Chile,-0.0031658017965801224,0.007775132496372874,0.004519268971408561,0.002833789507803556,0.006727019778042508,0.375
2019-12-01,ChinaA,China,-0.006703269547361009,0.003126704198721124,0.00341790571992197,0.0010802014462955,0.001345914298849414,0.515625
2019-12-01,ChinaH,China,-0.009291403117185359,0.0006307392533418405,0.00025982476233661796,-0.002161820010585805,-0.0012443747322827582,0.46875
2019-12-01,Denmark,Denmark,-0.014424479697456836,0.049745356547413536,0.049598275854906726,0.05131426543094782,0.051035535637083004,0.359375
2019-12-01,France,France,-0.016841843353028456,-0.03181834704007685,-0.03058004369835,-0.02697306611499393,-0.029192220485441397,0.640625
2019-12-01,Germany,Germany,-0.011196849906095468,0.015561028299264892,0.011981878371838263,0.026402248341854697,0.025918907958239226,0.5625
2019-12-01,Hong Kong,Hong Kong,-0.00957650816971659,0.026896614672092343,0.020345687977857043,0.01861857655742292,0.02535917461495874,0.6875
2019-12-01,Indonesia,Indonesia,-0.007107808864419568,-0.009011488493825656,-0.012464076099314828,-0.012148224717539782,-0.008764948930411133,0.296875
2019-12-01,Italy,Italy,-0.0146334560531103,-0.025909174959110187,-0.02336426843619315,-0.021644791671671913,-0.024750353570096934,0.921875
2019-12-01,Japan,Japan,-0.010642801097909719,-0.014816568717968243,-0.016864159682589214,-0.009564812996372758,-0.009673782147158085,0.609375
2019-12-01,Korea,Korea,-0.007630784011537061,-0.022605088202216083,-0.022225670809118678,-0.021810479589209477,-0.022118474941478353,0.59375
2019-12-01,Malaysia,Malaysia,-0.005937813876313211,-0.027458014212658484,-0.02656755581524377,-0.026374105815529302,-0.027142848347382356,0.40625
2019-12-01,Mexico,Mexico,-0.013344939277104319,-0.02889389602459303,-0.018565148490353973,-0.018642719312695198,-0.028818284763254116,0.5625
2019-12-01,NASDAQ,US,-0.013067221866521674,0.05231628998938055,0.053615620312218476,0.05458629386142225,0.0530878261924958,0.40625
2019-12-01,Netherlands,Netherlands,-0.017852757170663276,-0.006921840445121832,-0.009198481474425145,-0.007002883575061904,-0.005496544091408637,0.484375
2019-12-01,Philippines,Philippines,-0.010357375510101706,-0.03242979867333374,-0.027877505283808775,-0.02777239330747681,-0.032165378067103526,0.5625
2019-12-01,Poland,Poland,-0.007198221593756628,-0.02750933349693718,-0.01825525440058982,-0.019022248303953368,-0.027894349598571896,0.484375
2019-12-01,Singapore,Singapore,-0.012608681172454717,0.00773739622511227,0.01277324573797281,0.012105986077643266,0.00712544896735148,0.703125
2019-12-01,South Africa,South Africa,-0.004272371912848845,-0.006223245299562802,-0.01359961984129729,-0.013342514208672612,-0.0063370937156415974,0.34375
2019-12-01,Spain,Spain,-0.009049282106845151,-0.011884538443984119,-0.007026329399105337,0.0024963833294803124,-0.004814542251896062,0.53125
2019-12-01,Sweden,Sweden,-0.01315785671782152,0.019180201309356087,0.017014644872578213,0.04112051669537163,0.03655694579481214,0.40625
2019-12-01,Switzerland,Switzerland,-0.021287448867835013,0.012537657113141743,0.00025558653704010025,-0.00024344600779477657,0.011790062938497197,0.546875
2019-12-01,Taiwan,Taiwan,-0.016952552375451777,-0.020423691125257715,-0.020805773870558687,-0.02012653411942824,-0.020065131064621308,0.671875
2019-12-01,Thailand,Thailand,-0.007314249460702339,-0.008827985607665886,-0.008335300439021521,-0.00977933750982601,-0.009852216331888633,0.375
2019-12-01,Turkey,Turkey,-0.008638510681860613,-0.048408713441375276,-0.0427874612086907,-0.04272415360896119,-0.048399405065144785,0.53125
2019-12-01,U.K.,U.K.,-0.013057189865558943,0.009318612057007153,0.011360312535627266,0.012940751561715508,0.010449853257964135,0.671875
2019-12-01,U.S.,US,-0.015278192853766318,0.05059140037837617,0.05148232660376989,0.05241268911967853,0.051317250488580476,0.375
2019-12-01,US SmallCap,US,-0.005298037774013553,0.05803734139827593,0.06117011008382553,0.062262893487823795,0.0589897984305727,0.40625
2019-12-01,Vietnam,Vietnam,-0.009261998990177,-0.004076193874909308,-0.0008419003981741929,4.058665858194463e-06,-0.003213115091254313,0.21875
2020-01-01,Australia,Australia,-0.013352360170823665,0.0025233802702581843,-0.002311932266321648,-0.0034085808118032596,0.0017909020217796515,0.703125
2020-01-01,Brazil,Brazil,-0.01243806613402347,-0.03898584757373405,-0.038911797322708705,-0.037817633517862534,-0.03805016471822603,0.390625
2020-01-01,Canada,Canada,-0.01907040677781545,-0.007807502538989904,-0.003426781065100185,-0.002576542561805121,-0.007298053664481402,0.703125
2020-01-01,Chile,Chile,-0.0038460066026155043,-0.003937028402935966,-0.005618633055155934,-0.007389995363470965,-0.005106357778430456,0.34375
2020-01-01,ChinaA,China,-0.009233646875438505,-0.022990183044946357,-0.020568889648654977,-0.022005545196425634,-0.023923794170460828,0.609375
2020-01-01,ChinaH,China,-0.011899424242064496,-0.025568755243697915,-0.023842277697513528,-0.0253661117884322,-0.026601103410325722,0.5625
2020-01-01,Denmark,Denmark,-0.0183215397586648,0.05443831080602066,0.04920521228735396,0.050966035846327876,0.05562789628707024,0.375
2020-01-01,France,France,-0.019409629598777005,-0.0307411242117656,-0.029325364663624922,-0.029310098666796826,-0.030664233533784595,0.625
2020-01-01,Germany,Germany,-0.013894880147016819,0.01776100338601946,0.014470450515272494,0.02173789584047306,0.022946764215590065,0.65625
2020-01-01,Hong Kong,Hong Kong,-0.009730744672368098,0.04286021736024115,0.03221986844743885,0.02966963533165833,0.04076828041127713,0.53125
2020-01-01,Indonesia,Indonesia,-0.0078034705707635856,-0.006605541040942698,-0.01267874309030814,-0.012222630039549445,-0.0061946632370852624,0.1875
2020-01-01,Italy,Italy,-0.015813454928147407,-0.028841513093073937,-0.02645368592165553,-0.02688758698137968,-0.029153310575523637,0.8125
2020-01-01,Japan,Japan,-0.014159037344646387,-0.013283667644660588,-0.01765467560647494,-0.010839044312134153,-0.008464394429529188,0.6875
2020-01-01,Korea,Korea,-0.009534087753542636,-0.03096332307506035,-0.028437347448819806,-0.028802927821322176,-0.030832087136471484,0.578125
2020-01-01,Malaysia,Malaysia,-0.005638555808736611,-0.030390787939884333,-0.028611995312103452,-0.02843468943282924,-0.030058092294332376,0.40625
2020-01-01,Mexico,Mexico,-0.011988486530326508,-0.036368315491583356,-0.02770031234135926,-0.027457180379700935,-0.035963714977978845,0.328125
2020-01-01,NASDAQ,US,-0.020567135567744706,0.044146847353009305,0.04617196946503742,0.04540160916440923,0.043656316233004824,0.515625
2020-01-01,Netherlands,Netherlands,-0.0212901367744479,-0.001980155999146761,-0.0047580968512434445,-0.002963327643690737,-0.0008612524080405456,0.546875
2020-01-01,Philippines,Philippines,-0.008759305368108294,-0.0341334284206721,-0.029726645112877995,-0.029626147737779912,-0.03381835259098884,0.359375
2020-01-01,Poland,Poland,-0.006359685131534898,-0.018274139910412848,-0.010877101367265742,-0.010600064419412941,-0.017920126352400027,0.5
2020-01-01,Singapore,Singapore,-0.012593271775761136,0.005138682375009239,0.009666967371648443,0.009231685982787237,0.004784400395887383,0.625
2020-01-01,South Africa,South Africa,-0.005418263622853052,-0.009449354993999171,-0.014740772085674822,-0.014718057710379737,-0.009540631594612796,0.3125
2020-01-01,Spain,Spain,-0.010221025018776704,-0.006718317628298772,-0.0033016823514133917,0.0032889098554426555,-0.0017649341670741689,0.5625
2020-01-01,Sweden,Sweden,-0.015554083745499978,0.021680389713525858,0.018235713716808363,0.037681605076629335,0.03560042555248458,0.421875
2020-01-01,Switzerland,Switzerland,-0.024602503079022467,0.009616290502915632,-0.0005399190451423862,-0.0006891896753528134,0.009176132227557931,0.53125
2020-01-01,Taiwan,Taiwan,-0.0193478612670121,-0.03011308412433599,-0.03025927740457171,-0.029125409698919042,-0.029342341649651268,0.546875
2020-01-01,Thailand,Thailand,-0.007914099065033018,-0.007397572044263816,-0.006000043083451766,-0.007255274029655014,-0.00806851497455278,0.359375
2020-01-01,Turkey,Turkey,-0.01171779742532695,-0.050022237458870494,-0.0444661433048576,-0.044400903824573484,-0.049851144097385974,0.65625
2020-01-01,U.K.,U.K.,-0.01717256152424857,0.0025744961832291618,0.0037834608770800603,0.0061487582530175364,0.004117606656303402,0.625
2020-01-01,U.S.,US,-0.024301152474364127,0.042524885233653234,0.04387442198021452,0.043129398823763584,0.04202252431272051,0.53125
2020-01-01,US SmallCap,US,-0.01255542339622181,0.04980185864426134,0.053584820792344126,0.05292104266165257,0.04947335016193399,0.640625
2020-01-01,Vietnam,Vietnam,-0.009672240826940012,-0.011564283068595109,-0.0077940563715383215,-0.006477374919371148,-0.01028780041962557,0.265625
2020-02-01,Australia,Australia,-0.012671609023904759,0.003187006015980671,0.00416049404668082,0.0026163805504965977,0.002321062561935535,0.609375
2020-02-01,Brazil,Brazil,-0.011050860322413612,-0.03371165180547198,-0.035489014109867434,-0.03455731798023963,-0.03293173539681636,0.34375
2020-02-01,Canada,Canada,-0.015093495707964923,-0.004816822551464839,0.002324879767586472,0.0030666299444210045,-0.004267797478955624,0.53125
2020-02-01,Chile,Chile,-0.0003699354273375161,0.011075997509204405,0.007401990376765383,0.004999128795041817,0.009256892861470425,0.375
2020-02-01,ChinaA,China,-0.00816903648129114,-0.02043114018081968,-0.017236113927225336,-0.018534530594567878,-0.02117364990746063,0.640625
2020-02-01,ChinaH,China,-0.010256018047889197,-0.022518275879688007,-0.019888919509741053,-0.021260801299112182,-0.023343506805797845,0.546875
2020-02-01,Denmark,Denmark,-0.019687621733040606,0.04460791269794209,0.04484378506152022,0.044497011798148314,0.04446027442842791,0.484375
2020-02-01,France,France,-0.017378844119213515,-0.03799737483921811,-0.028880658331711554,-0.029315845387458798,-0.038013419688029654,0.671875
2020-02-01,Germany,Germany,-0.011808890137928137,0.00864117105522845,0.012974805922164503,0.015061781172791017,0.010297875374082808,0.625
2020-02-01,Hong Kong,Hong Kong,-0.0073924022946858705,0.0412797981268809,0.031740762961870506,0.029295418717285773,0.03934485067207802,0.609375
2020-02-01,Indonesia,Indonesia,-0.0060190166583447505,-0.001689504055461805,-0.0066461748120393415,-0.006728349277412442,-0.0015961646571093346,0.203125
2020-02-01,Italy,Italy,-0.013995624314433752,-0.025941828288731622,-0.020989124154133815,-0.02106147466994105,-0.025827740106179126,0.8125
2020-02-01,Japan,Japan,-0.011704299419148825,-0.0256501373643766,-0.022053611556750674,-0.022380406322633425,-0.025728738767664624,0.671875
2020-02-01,Korea,Korea,-0.008531811637492634,-0.01819091930721833,-0.013932535308752223,-0.0143473394635667,-0.018004780312876854,0.6875
2020-02-01,Malaysia,Malaysia,-0.004953968860795055,-0.030470768782390696,-0.02817727602007227,-0.027794579511172954,-0.03001108579800413,0.40625
2020-02-01,Mexico,Mexico,-0.010002013621243108,-0.024576180574814845,-0.0159560709547028,-0.01635393022487897,-0.024654267249024375,0.28125
2020-02-01,NASDAQ,US,-0.016779153458090272,0.042663450875331535,0.04823699834063658,0.04740610224699225,0.04223514941360816,0.5
2020-02-01,Netherlands,Netherlands,-0.01860993704685497,-0.005885446593487527,-0.0010664222676448967,-0.00048546024885204667,-0.005402451138847623,0.515625
2020-02-01,Philippines,Philippines,-0.005172555118434821,-0.03530025159625946,-0.030034285557791824,-0.029694181718979966,-0.034851235396053906,0.34375
2020-02-01,Poland,Poland,-0.005284404891368348,-0.02178711462708937,-0.013761002444564303,-0.012879047472220075,-0.02075736434850545,0.5
2020-02-01,Singapore,Singapore,-0.011286302796469838,0.007467534687213954,0.012713794367954927,0.011531772027199034,0.006783901753769087,0.65625
2020-02-01,South Africa,South Africa,-0.005023068767262194,0.013439418067275687,0.005230621379701643,0.004609055428218808,0.012839817633864593,0.3125
2020-02-01,Spain,Spain,-0.009107859383553813,-0.011618106840051937,-0.002490553446728147,0.0010645109048270408,-0.008707488427855445,0.625
2020-02-01,Sweden,Sweden,-0.015148148374343485,0.010143212480918064,0.013506916033071147,0.025165015468087592,0.018562319453051125,0.453125
2020-02-01,Switzerland,Switzerland,-0.023172840722856844,0.0066822878924008445,0.0030015340241481975,0.004214179775143987,0.007546815910837883,0.53125
2020-02-01,Taiwan,Taiwan,-0.020322452471729154,-0.024934528591207917,-0.025347720331381298,-0.02437392594463975,-0.024181255182771106,0.671875
2020-02-01,Thailand,Thailand,-0.0033559869489338187,-8.530199255252398e-05,0.005414762465995482,0.004405626501439804,-0.0001806513938498091,0.34375
2020-02-01,Turkey,Turkey,-0.009097605856146692,-0.04919203064522501,-0.042980638909121266,-0.04244679786638625,-0.04869138406859849,0.53125
2020-02-01,U.K.,U.K.,-0.013098328508161953,-0.0076273840743164515,0.0014128707063606437,0.0014100540226971957,-0.007531381512433603,0.6875
2020-02-01,U.S.,US,-0.020049077563923774,0.04096685570493501,0.04595022060448481,0.045121583324087194,0.04051463593928763,0.484375
2020-02-01,US SmallCap,US,-0.00799083034412733,0.049029366951013495,0.05649944153082796,0.05579681174472986,0.04878389657207116,0.609375
2020-02-01,Vietnam,Vietnam,-0.0072050686952548435,-0.015204048446555336,-0.010180251269775403,-0.010119399400386229,-0.01475955005738536,0.234375
2020-03-01,Australia,Australia,-0.012900636627202929,0.029315915620492506,0.02468876718737475,0.021649489117531114,0.027410147764051655,0.578125
2020-03-01,Brazil,Brazil,-0.008287433629048466,-0.01998023455435037,-0.022257011358408366,-0.0214106292264434,-0.019207698797748283,0.453125
2020-03-01,Canada,Canada,-0.009344770825736669,0.007798165659827862,0.01871768312299073,0.018178722971365153,0.007834128264401215,0.625
2020-03-01,Chile,Chile,0.002326513647632854,0.009657956548418997,0.004316502675719595,0.002162845196743769,0.007661498052882118,0.390625
2020-03-01,ChinaA,China,-0.005945634847046561,0.025458870421244294,0.021502258191175423,0.018447220482671143,0.023206420309746293,0.5625
2020-03-01,ChinaH,China,-0.008573551342450551,0.02284206160158914,0.018179785697772392,0.015033140702326218,0.020486629023331506,0.453125
2020-03-01,Denmark,Denmark,-0.014792452232725021,0.049436515992901775,0.05270175162687714,0.05189551079569328,0.0491123195249067,0.46875
2020-03-01,France,France,-0.010588539447948488,-0.005932092806180046,0.0009148965254852388,-0.00021399939889709362,-0.006209395599805984,0.640625
2020-03-01,Germany,Germany,-0.008053379263201472,0.018108460234826,0.025973549323318263,0.02445672632751787,0.017527190622689228,0.609375
2020-03-01,Hong Kong,Hong Kong,-0.003545244792508638,0.04471583784522243,0.03464444239175962,0.03203362344231703,0.0426327343947079,0.484375
2020-03-01,Indonesia,Indonesia,-0.004858874319606864,0.020195035477841277,0.012450140484032,0.012733263030056598,0.02066012540615358,0.3125
2020-03-01,Italy,Italy,-0.011514925483636836,0.0038183955727610144,0.0035142705838410015,0.0035974878061378925,0.003990699359652919,0.765625
2020-03-01,Japan,Japan,-0.007503507327255087,-0.0002549278605132998,0.005220467583594294,0.004052660724138381,-0.0005925657090257285,0.8125
2020-03-01,Korea,Korea,-0.004963814726878254,0.003457078742948018,0.006666485569151106,0.005720821767674727,0.0033586232651896097,0.640625
2020-03-01,Malaysia,Malaysia,-0.0008008071027122803,-0.006256780337841265,-0.006424069826249946,-0.007062271542247195,-0.006675615479448215,0.40625
2020-03-01,Mexico,Mexico,-0.009025865993510332,0.003728239055246524,0.006607592749596457,0.0051712424443346346,0.0029009264489224112,0.53125
2020-03-01,NASDAQ,US,-0.014477492629011317,0.04233765114126671,0.0536003712571617,0.053582891481639985,0.04268305227379168,0.515625
2020-03-01,Netherlands,Netherlands,-0.012630064640468074,0.008885710452437141,0.016240999817497298,0.015841811334966708,0.009004618879899999,0.515625
2020-03-01,Philippines,Philippines,-0.0025793835091307274,-0.02604802719173847,-0.0226512991684531,-0.024283171818581906,-0.026989667534235255,0.3125
2020-03-01,Poland,Poland,-0.0029224163834388273,-0.015990336752783246,-0.005641587299988477,-0.004534191980668744,-0.014531754480423851,0.5
2020-03-01,Singapore,Singapore,-0.007907376478989949,0.013790299013884153,0.020587780807521897,0.019385746941814313,0.013286609750331788,0.671875
2020-03-01,South Africa,South Africa,-0.0047595553846891325,0.02529796278670955,0.014015609572248903,0.013825303047028479,0.025158755381518013,0.28125
2020-03-01,Spain,Spain,-0.005706208044319357,0.009519507757043712,0.015361320993068386,0.016382286611259234,0.010694933420671439,0.59375
2020-03-01,Sweden,Sweden,-0.010242274387144132,0.018622552004022613,0.026785594472122944,0.03654429436064634,0.025951012142589536,0.421875
2020-03-01,Switzerland,Switzerland,-0.01735873988118275,0.018910610133310277,0.014643729351595313,0.01551762018459726,0.019793879421113846,0.5625
2020-03-01,Taiwan,Taiwan,-0.01612722375765106,-0.018544901895305915,-0.018731986970669055,-0.01803883179395418,-0.017869406246231807,0.59375
2020-03-01,Thailand,Thailand,0.0006283749376038757,0.03909253340870773,0.0407121080934853,0.03813412354910617,0.037817752042687086,0.375
2020-03-01,Turkey,Turkey,-0.00648766753057954,-0.01768410352879675,-0.01857929644552606,-0.021440540473358125,-0.019711747047912162,0.65625
2020-03-01,U.K.,U.K.,-0.006636826638792623,-0.0015795636176611158,0.010772068008831508,0.01051981949921435,-0.0015447752943221343,0.671875
2020-03-01,U.S.,US,-0.014822111101806871,0.04199795151352116,0.053413311815558084,0.0533871579084893,0.04235294204943707,0.515625
2020-03-01,US SmallCap,US,-0.004242531540121407,0.0481908332520299,0.06141496103439356,0.061431046051270324,0.048648676011109324,0.46875
2020-03-01,Vietnam,Vietnam,-0.004206115911330343,0.01612191604594303,0.01593049122801144,0.015398028236610729,0.015803681417698615,0.109375
2020-04-01,Australia,Australia,-0.002958774101143119,0.06583091589080228,0.0598894822510123,0.05689511617968118,0.06382229388190117,0.546875
2020-04-01,Brazil,Brazil,-0.004957758409678161,0.04542849231003661,0.029681709466418214,0.027744689086723295,0.04382713535741395,0.515625
2020-04-01,Canada,Canada,-0.004268461230092325,0.060316353156999944,0.06515025492364951,0.06302453743608474,0.05924183394134591,0.671875
2020-04-01,Chile,Chile,0.004044582375075512,0.055290923665900396,0.04105361750698451,0.037041715099256356,0.05188431481631374,0.515625
2020-04-01,ChinaA,China,-0.0053144254476679,0.0338182517037772,0.03145308092644675,0.02869530563649122,0.03190868231978458,0.625
2020-04-01,ChinaH,China,-0.006633136711385252,0.03249279987083607,0.02976413122635251,0.026959379020174663,0.030530064656777465,0.484375
2020-04-01,Denmark,Denmark,-0.010086133362369996,0.06471794748842669,0.06272459408254616,0.06751453504353797,0.06817565628919153,0.5
2020-04-01,France,France,-0.002837222039587816,0.05038972435067954,0.04535685089910446,0.04889415227216641,0.052958671765093696,0.609375
2020-04-01,Germany,Germany,-0.0034037316830007255,0.04976280881191908,0.052398277556197345,0.0522836031645684,0.050127524890523564,0.625
2020-04-01,Hong Kong,Hong Kong,0.0007166429176645658,0.02877898484262623,0.026964694713364223,0.02531215823628349,0.02739029072204199,0.515625
2020-04-01,Indonesia,Indonesia,-0.0007410492581127626,0.04781021955444291,0.029592385787094357,0.027900013885017397,0.04628707256505833,0.265625
2020-04-01,Italy,Italy,-0.007073472122169663,0.04171158321919137,0.035204262843909886,0.049802286573808,0.05226709814834604,0.765625
2020-04-01,Japan,Japan,-0.002188727406454383,0.06409097413435837,0.051752565923463056,0.04982670639219526,0.06240867002879072,0.734375
2020-04-01,Korea,Korea,-0.002087791944626949,0.04643115830510981,0.04145339992801152,0.03932120502837996,0.04526080579867764,0.65625
2020-04-01,Malaysia,Malaysia,-2.519839400281533e-05,0.003377940930393921,0.000867156980684982,-0.00010468521887453501,0.002481081823281467,0.390625
2020-04-01,Mexico,Mexico,-0.0047722028675161576,0.07630612647609988,0.06078138314491126,0.05649278796961324,0.0726465767990313,0.46875
2020-04-01,NASDAQ,US,-0.00796697255517024,0.08077882135493848,0.08715488516325001,0.08559659736658531,0.07989226307797635,0.5
2020-04-01,Netherlands,Netherlands,-0.006738091232991475,0.04792941297343323,0.049749823352668074,0.055608228106282104,0.05246598831599114,0.484375
2020-04-01,Philippines,Philippines,0.0005421732723560266,0.016017187484616842,0.012479517760709203,0.0106805608294591,0.014793187513389417,0.34375
2020-04-01,Poland,Poland,0.00044479897536219525,0.03408870650792674,0.042923037967943375,0.040228577267056545,0.03286591598493205,0.484375
2020-04-01,Singapore,Singapore,-0.0025918661056221898,0.050349996364394564,0.055538089909731525,0.053893625615540175,0.04976765028060248,0.65625
2020-04-01,South Africa,South Africa,7.126686071643601e-07,0.06224591754637063,0.046456827483220636,0.042683048294047315,0.05900385321256073,0.21875
2020-04-01,Spain,Spain,-0.003242835445933183,0.04950307367848358,0.04180999598778061,0.05646552360257867,0.06003377133708977,0.578125
2020-04-01,Sweden,Sweden,-0.005331672115600921,0.053783515207839375,0.056805049557250825,0.07770792834827123,0.06920330377774256,0.515625
2020-04-01,Switzerland,Switzerland,-0.011302168996552918,0.03064819994409834,0.02173943503553125,0.021328409423321964,0.03038463022124808,0.515625
2020-04-01,Taiwan,Taiwan,-0.010612904603825723,0.013174874958174286,0.010076034303249656,0.009389598986336872,0.012857190982248783,0.640625
2020-04-01,Thailand,Thailand,0.0024067254909193887,0.06419684890081227,0.05736221239608344,0.05392180280892503,0.06196749954768879,0.265625
2020-04-01,Turkey,Turkey,-0.0048144691575940585,0.010205511929035935,0.004189528484142901,0.0032103227476130217,0.009039274379092722,0.828125
2020-04-01,U.K.,U.K.,-0.0005649458641392418,0.05268094058987807,0.0616671896832823,0.059121022901942724,0.0513119167854639,0.421875
2020-04-01,U.S.,US,-0.006110740796497637,0.08042420244279502,0.08742810458401565,0.08577706498833709,0.07951327507573022,0.484375
2020-04-01,US SmallCap,US,-0.0003702725515963481,0.08431130453578191,0.09278880002594493,0.09120492620509058,0.08352831548283421,0.515625
2020-04-01,Vietnam,Vietnam,-0.0028125415018867804,0.06914110097224765,0.056879899857450955,0.053947907864927896,0.06648483321788173,0.15625
2020-05-01,Australia,Australia,0.003563697348292729,0.039594498335194586,0.03736773842576886,0.03508357530221136,0.038356774745843245,0.375
2020-05-01,Brazil,Brazil,-0.0021350283016431156,0.053633493778192584,0.04066665367556484,0.037674819383361674,0.05126412138580373,0.296875
2020-05-01,Canada,Canada,0.002750499934049855,0.05165491465572508,0.05790977341788747,0.056164611556247385,0.05086329647172043,0.5625
2020-05-01,Chile,Chile,0.005535663795226457,0.039157935786125225,0.031134501866088463,0.027443771495404893,0.0362297031248532,0.515625
2020-05-01,ChinaA,China,-0.003022211277165534,0.03150560151859917,0.023808389283695105,0.022335400191959624,0.030396261524183007,0.796875
2020-05-01,ChinaH,China,-0.005875206312587091,0.028696096640763887,0.020246492207469106,0.018676492277920766,0.027477793823280392,0.6875
2020-05-01,Denmark,Denmark,-0.012258708486393722,0.08497647472513349,0.07815423881340818,0.09133262715819615,0.09442396774591026,0.53125
2020-05-01,France,France,0.0018000337304287222,0.04064066918173832,0.040396337052097345,0.04224423403069108,0.041828844265782705,0.578125
2020-05-01,Germany,Germany,0.002001949417272976,0.04363195830232347,0.04964386581994165,0.0484353260204953,0.043111942825688976,0.578125
2020-05-01,Hong Kong,Hong Kong,0.0027157004136839132,0.028733353766806826,0.02764672353375219,0.025727021452626283,0.027176495387630475,0.65625
2020-05-01,Indonesia,Indonesia,0.006284587759660863,0.07853685784989664,0.05751708375404534,0.05352851789374878,0.07515821405369646,0.21875
2020-05-01,Italy,Italy,-0.002911734409526764,0.04186052908896509,0.03292456776858409,0.05891003792763502,0.06031536658273717,0.640625
2020-05-01,Japan,Japan,1.555309519580758e-05,0.04043199876033571,0.03469415409983824,0.031419161481706204,0.03774416865355423,0.78125
2020-05-01,Korea,Korea,-0.001900783235890097,0.0381665054938526,0.03293078425397297,0.03126065209110211,0.037244940043722516,0.796875
2020-05-01,Malaysia,Malaysia,0.0023541522828810363,0.027660035022199294,0.022429571424442216,0.02002186331306576,0.025615789597117893,0.625
2020-05-01,Mexico,Mexico,0.007008752493242287,0.0724471541000643,0.06221110172227129,0.05884360494978147,0.06960820295240626,0.328125
2020-05-01,NASDAQ,US,-0.005219584637875195,0.07908942166579011,0.08591699494848545,0.08425671646882744,0.07812440388178357,0.484375
2020-05-01,Netherlands,Netherlands,-0.0035108496419398033,0.03651140823955448,0.04191281069878701,0.053967602977900236,0.04547652193621156,0.46875
2020-05-01,Philippines,Philippines,0.008334351503936289,0.024934138357935166,0.02368307257350515,0.02062169400251638,0.022667262735368145,0.4375
2020-05-01,Poland,Poland,0.0024802855029241976,0.030504861876241542,0.03984209021875103,0.03727535678526972,0.029178119036448045,0.515625
2020-05-01,Singapore,Singapore,0.003113397505840689,0.04734603869400769,0.054858201170340126,0.05347858339245551,0.04683129633674302,0.578125
2020-05-01,South Africa,South Africa,0.004052152423079915,0.04923542096578032,0.0373198653755913,0.03380437717696791,0.046072300989467796,0.1875
2020-05-01,Spain,Spain,0.002869221539591146,0.05073658475455488,0.04290615080044219,0.05875958734393914,0.0618543803250156,0.59375
2020-05-01,Sweden,Sweden,-0.00048010673311772896,0.037213643601850005,0.0435103387179058,0.07000503550642892,0.05654182229398487,0.46875
2020-05-01,Switzerland,Switzerland,-0.010257988779185729,0.05367796117322658,0.04138272330120171,0.03949244487753785,0.052043821793676504,0.546875
2020-05-01,Taiwan,Taiwan,-0.007976642032713487,0.020384051685840295,0.016373668094349918,0.014911677001372452,0.019279446462591037,0.578125
2020-05-01,Thailand,Thailand,0.004792887612114006,0.03575029329250032,0.03541672174735598,0.03296120515058455,0.03417089440304481,0.3125
2020-05-01,Turkey,Turkey,-0.0031054349860861283,0.0441036002277545,0.031577689639120485,0.028476416761351823,0.041193317717542116,0.828125
2020-05-01,U.K.,U.K.,0.0055367646128681725,0.03988155480691259,0.05285170131079593,0.05089564862721706,0.03895200699616472,0.515625
2020-05-01,U.S.,US,-0.00015864921244082217,0.0797792523280329,0.08764523635603234,0.08584322705638253,0.07876696398733513,0.4375
2020-05-01,US SmallCap,US,0.005767878095646602,0.0846276616657171,0.09400672773181054,0.0923342791046633,0.08378809361997949,0.390625
2020-05-01,Vietnam,Vietnam,-0.000691720791638423,0.07868489926064916,0.06690938646073377,0.0632653568607189,0.07548529143201456,0.1875
2020-06-01,Australia,Australia,-0.0013487144515714686,0.03417855060475773,0.03014211051731457,0.027810972596469672,0.0325584219803932,0.359375
2020-06-01,Brazil,Brazil,-0.0033955111108749086,0.025079109091903005,0.019385980904591354,0.016306275529709032,0.022781580548589756,0.234375
2020-06-01,Canada,Canada,-0.002701872601010632,0.04400228476091868,0.049061211276770295,0.04761009027256555,0.043193547382962466,0.578125
2020-06-01,Chile,Chile,0.001904791918811181,0.025998894611607776,0.019315787318151735,0.016244063899732288,0.023481473443190366,0.546875
2020-06-01,ChinaA,China,-0.006773026291330596,0.030506995990306086,0.02625733238482968,0.024248263249795652,0.029000119485100544,0.8125
2020-06-01,ChinaH,China,-0.009608947221890336,0.027675896293036534,0.022661016700885894,0.02055252534287031,0.026057185137797718,0.71875
2020-06-01,Denmark,Denmark,-0.012147502199351533,0.0875791171946568,0.08084625561296707,0.10464985512435449,0.10471995780824724,0.515625
2020-06-01,France,France,-0.0022699643194568388,0.024595367111304004,0.023380276523112812,0.03961726430171103,0.03620411471592333,0.5625
2020-06-01,Germany,Germany,-0.003911939241670891,0.039656354707758246,0.039275230848403064,0.0528524340413611,0.049529558989837255,0.640625
2020-06-01,Hong Kong,Hong Kong,-0.00028137717383016486,0.033028638096782206,0.031110904463401225,0.029266288670748982,0.03151432297973776,0.671875
2020-06-01,Indonesia,Indonesia,0.0033927401399083054,0.05654140752187675,0.04050833640075484,0.03692702028101294,0.05355284753231673,0.203125
2020-06-01,Italy,Italy,-0.0053478027655503805,0.026117209013485094,0.02085864331745557,0.037323703453465515,0.03768556767336098,0.640625
2020-06-01,Japan,Japan,-0.0060339542063822405,0.019333666712734055,0.010077411165251276,0.019496196125301825,0.025755936610687268,0.71875
2020-06-01,Korea,Korea,-0.006681351175071893,0.020661072959009145,0.017801736428006837,0.016968494805071104,0.020290729981890878,0.84375
2020-06-01,Malaysia,Malaysia,-0.0018414904380310744,0.015648940764883656,0.012235677592454832,0.010191608812535068,0.01396596164384083,0.484375
2020-06-01,Mexico,Mexico,0.0012348098396512755,0.04697357950043719,0.04409333938731802,0.041465336901897173,0.044849870464974115,0.296875
2020-06-01,NASDAQ,US,-0.016495161976880585,0.07964707678655689,0.08078041381720406,0.07911452031068095,0.07851546224617448,0.515625
2020-06-01,Netherlands,Netherlands,-0.009729802956531195,0.03167770538420776,0.03198729561169532,0.055359949725973745,0.04854945405627399,0.453125
2020-06-01,Philippines,Philippines,0.005206966445878904,0.011250285240578438,0.012112473504343382,0.009689069099765,0.009444265550982062,0.421875
2020-06-01,Poland,Poland,-0.00041661424295430516,0.015511613298785691,0.027473020681121518,0.025492735894281044,0.014650227714482673,0.484375
2020-06-01,Singapore,Singapore,-0.000251608009021383,0.04671801136977419,0.05331529789643548,0.05227837022616069,0.04639610343462498,0.640625
2020-06-01,South Africa,South Africa,0.0007128056639046903,0.030800343617285602,0.021842573619936214,0.019116606910267127,0.028231226839232824,0.234375
2020-06-01,Spain,Spain,0.0006859518168971252,0.028484121049050005,0.028859619018648235,0.03506452129366466,0.03283647186420452,0.53125
2020-06-01,Sweden,Sweden,-0.007280867881251107,0.03583841156501,0.03900040355229696,0.057177859290547195,0.04891829876354806,0.5
2020-06-01,Switzerland,Switzerland,-0.01288240790871181,0.04857809621521976,0.03524806402987245,0.033226935370748584,0.04665836436847602,0.484375
2020-06-01,Taiwan,Taiwan,-0.014378708012947078,0.013810689386634805,0.009926328953280914,0.008912919891551394,0.012965391636906097,0.609375
2020-06-01,Thailand,Thailand,0.00015871966451732993,0.022162183586306422,0.023658535145451968,0.02165432716263774,0.020828369742799786,0.390625
2020-06-01,Turkey,Turkey,-0.004897639465814395,0.03335114388217808,0.02159127185996598,0.01878186262746588,0.030591341526786265,0.734375
2020-06-01,U.K.,U.K.,0.0015473165351987585,0.041081259752582644,0.0504491398698164,0.04837424862170976,0.0399619116277129,0.53125
2020-06-01,U.S.,US,-0.011758581362692826,0.08034568007570968,0.08248918464548886,0.08069495267724616,0.07917603266213677,0.46875
2020-06-01,US SmallCap,US,-0.0031582089507575612,0.08470422087982803,0.08870854887107299,0.08690477119305307,0.08362118710436349,0.46875
2020-06-01,Vietnam,Vietnam,-0.004112642428549378,0.06791928706659076,0.059436538827709856,0.05602703500203879,0.0650955551112252,0.203125
2020-07-01,Australia,Australia,-0.0037564853048706126,-0.009613617762782916,-0.00767412834065374,-0.008682567179256966,-0.010274729958606536,0.40625
2020-07-01,Brazil,Brazil,-0.004456417338930346,0.028045405297038657,0.021529407557423302,0.02038499259479119,0.027215426885015086,0.1875
2020-07-01,Canada,Canada,-0.0039697580325288905,0.028711889538058036,0.030199295874264922,0.02909555008016627,0.027900440663677955,0.53125
2020-07-01,Chile,Chile,-0.0011427466571924194,-0.014446244504599286,-0.014761165280914307,-0.01616443377151064,-0.015496910749619773,0.515625
2020-07-01,ChinaA,China,-0.006546776399760573,-0.015749430636117542,-0.00995303024269915,-0.01061823360745312,-0.01625230145403727,0.796875
2020-07-01,ChinaH,China,-0.009981887755854168,-0.019691918075765667,-0.0145924389171245,-0.01513712599633598,-0.02006918867107813,0.625
2020-07-01,Denmark,Denmark,-0.017936297361492715,0.08049852383702437,0.07435520658934479,0.07898296225650797,0.08382357830539205,0.515625
2020-07-01,France,France,-0.0028833843762336346,-0.01065413041478198,-0.00462065006108172,-0.003830390719119992,-0.00996492040315273,0.53125
2020-07-01,Germany,Germany,-0.006417702912515682,0.025646354637230067,0.027307707626087797,0.030311313295933135,0.027744363831606295,0.671875
2020-07-01,Hong Kong,Hong Kong,0.0018413046980439128,0.01798692880634443,0.01486866214241404,0.013950693006873884,0.017359193773301942,0.5625
2020-07-01,Indonesia,Indonesia,0.0016111491293536381,0.008891991121442809,0.006593225986591081,0.005996545756589346,0.0082289315352575,0.1875
2020-07-01,Italy,Italy,-0.006256631382856249,0.0002762554416762576,-0.0016510530104793027,-0.002360593893878115,-0.00022767465391031368,0.59375
2020-07-01,Japan,Japan,-0.008423912259342525,-0.021500114632185978,-0.01987912826886369,-0.0187515136505864,-0.020817125098387262,0.765625
2020-07-01,Korea,Korea,-0.006768769953256468,0.0388139878350105,0.023553949022541844,0.022532505305903564,0.03762017854263994,0.8125
2020-07-01,Malaysia,Malaysia,-0.0034535882071818355,-0.0070761144886918115,-0.008275666990447225,-0.009413063296778688,-0.007805022599973909,0.5625
2020-07-01,Mexico,Mexico,0.000395780138164107,-0.009215680139959824,-0.0014060859775263425,-0.0017675585986792232,-0.00945698899057093,0.34375
2020-07-01,NASDAQ,US,-0.0178203371221483,0.07939077885393445,0.07443872346696051,0.07344321662922002,0.07894381356558289,0.515625
2020-07-01,Netherlands,Netherlands,-0.011288701368416539,0.02521778363856959,0.02794990760500163,0.03558481525061824,0.030522657025817603,0.46875
2020-07-01,Philippines,Philippines,0.0030990178335193568,-0.023119296001743,-0.019483757912044514,-0.020782870097350612,-0.024108465924371124,0.375
2020-07-01,Poland,Poland,-0.0019240293889369042,0.005154396432783533,0.011414537679372259,0.010550938848544356,0.004894750742717502,0.515625
2020-07-01,Singapore,Singapore,0.0019824745680177593,0.04003629221163901,0.04133905593802081,0.040559740002125505,0.03961160717600096,0.59375
2020-07-01,South Africa,South Africa,-0.00018249339911758852,-0.0058684773766339016,-0.010580423638102392,-0.01192756393211819,-0.007008245802748938,0.21875
2020-07-01,Spain,Spain,-0.0015938322384625803,0.006794645158104195,0.009154021720462955,0.007608825275448025,0.005816035310751054,0.5625
2020-07-01,Sweden,Sweden,-0.008540787226159237,0.024226008661472006,0.029802475818825915,0.03821909373770452,0.029876538885390828,0.484375
2020-07-01,Switzerland,Switzerland,-0.011798135075917133,0.03384097590357882,0.03194632445852283,0.031400493015783806,0.03340161329370912,0.46875
2020-07-01,Taiwan,Taiwan,-0.014999145265387225,-0.011237881375174261,-0.011090958730664123,-0.011136486065029712,-0.011323355968467721,0.609375
2020-07-01,Thailand,Thailand,0.00019144811984931655,-0.013466346380320869,-0.006260598468420919,-0.006625288696738334,-0.013438451458439991,0.34375
2020-07-01,Turkey,Turkey,-0.006232967531641275,-0.001352966748860724,-0.00919522937156982,-0.010520218585154839,-0.002616000863194537,0.75
2020-07-01,U.K.,U.K.,0.0008441856533554504,0.03569949569953923,0.03761051555092203,0.03634098321966814,0.03497058761431926,0.5
2020-07-01,U.S.,US,-0.010714372398030216,0.08242215734367232,0.07843600438336593,0.07727207154111977,0.08185785856994111,0.5
2020-07-01,US SmallCap,US,-0.0011621624436596676,0.08992828123481307,0.08757100389602449,0.08612217338599645,0.08910755975177935,0.609375
2020-07-01,Vietnam,Vietnam,-0.006330922567150139,0.03558477850641513,0.032061362471089136,0.030666564064900075,0.03467827694080873,0.375
2020-08-01,Australia,Australia,-0.006433331771996651,-0.01710405523448355,-0.016482806550490146,-0.017171475467550257,-0.01742836165995353,0.421875
2020-08-01,Brazil,Brazil,-0.004118710206615542,-0.008772203612578418,-0.009745822095172574,-0.01003852342282149,-0.009055797927441836,0.21875
2020-08-01,Canada,Canada,-0.006437473145371359,0.01647080788526558,0.014840470839383457,0.014269968169679518,0.016143528983300213,0.515625
2020-08-01,Chile,Chile,-0.0035446754967209957,-0.028401086177807525,-0.02509908244464459,-0.02600637485198227,-0.029035425686909835,0.484375
2020-08-01,ChinaA,China,-0.011279053512868661,-0.02141899533314434,-0.017133273132779077,-0.017620289218359203,-0.021755200342563834,0.796875
2020-08-01,ChinaH,China,-0.01331248765913974,-0.023856547233909058,-0.019998472380523387,-0.020410516158140785,-0.02411400486255795,0.59375
2020-08-01,Denmark,Denmark,-0.02175257694233862,0.05467416119801169,0.0488782673432223,0.049522260972872406,0.05525700724019829,0.515625
2020-08-01,France,France,-0.00501322151788113,-0.015639257263978024,-0.013651895885498914,-0.01359300208059096,-0.015303027461061543,0.640625
2020-08-01,Germany,Germany,-0.009303376747077357,0.015509659265994832,0.0140117583748933,0.013293605287362061,0.015140510295227467,0.65625
2020-08-01,Hong Kong,Hong Kong,-0.0031470593064362676,0.011511213514930247,0.0074552704700619025,0.006868966596559521,0.011115497174006703,0.59375
2020-08-01,Indonesia,Indonesia,-0.0008705503472769393,0.009900670756612696,0.00673845571816406,0.006671468554554614,0.009857733273331188,0.1875
2020-08-01,Italy,Italy,-0.008065864023894035,-0.008125083158615192,-0.009495259222900424,-0.010513618177486509,-0.008599756672847653,0.640625
2020-08-01,Japan,Japan,-0.007320927078120316,-0.017940581133066163,-0.021701205091657048,-0.020424147272622484,-0.017071248912336252,0.71875
2020-08-01,Korea,Korea,-0.011602407884622693,-0.01961057635583721,-0.02084897686921191,-0.020634534217376852,-0.019340186051967946,0.859375
2020-08-01,Malaysia,Malaysia,-0.007271094980472459,-0.023532341108210526,-0.02447724958353564,-0.025186846776384938,-0.023918539380668055,0.546875
2020-08-01,Mexico,Mexico,-0.0012677042195214329,-0.003971478173693302,-0.003643079925591451,-0.004304677626195262,-0.004428589737678538,0.34375
2020-08-01,NASDAQ,US,-0.020709082716210723,0.06621807039892122,0.05767991493266879,0.057125622283062685,0.06603902236654119,0.515625
2020-08-01,Netherlands,Netherlands,-0.013238250563175277,0.016608833013789265,0.01697895862475026,0.01721310742921069,0.017001089420470707,0.5
2020-08-01,Philippines,Philippines,0.0005999967592961661,-0.020200266421592183,-0.019997955400931883,-0.021204409962251862,-0.021002547513984362,0.421875
2020-08-01,Poland,Poland,-0.0032292897146741365,-0.0136594658778682,-0.007410100873293248,-0.007895075459655421,-0.013614966435630111,0.53125
2020-08-01,Singapore,Singapore,0.00039719296371770914,0.03207813732996455,0.02746089692727167,0.026871369524756338,0.031756466512686196,0.609375
2020-08-01,South Africa,South Africa,-0.002261553098352272,-0.019672273858366413,-0.025064600849254576,-0.025856950565852153,-0.020428141492827238,0.265625
2020-08-01,Spain,Spain,-0.0034016848628727874,-0.011732940395248678,-0.009683687257145236,-0.010692581915302776,-0.012134099266005382,0.578125
2020-08-01,Sweden,Sweden,-0.012814919991569414,0.018025776739780636,0.019087364423269314,0.02035018703024805,0.018935679222908997,0.515625
2020-08-01,Switzerland,Switzerland,-0.014372325683709001,0.02469592800585532,0.020163712646244097,0.020231502518426685,0.02477504213182771,0.421875
2020-08-01,Taiwan,Taiwan,-0.020503686745124677,-0.02048085525990125,-0.023440381221919528,-0.023123180806062994,-0.0202777312429838,0.578125
2020-08-01,Thailand,Thailand,-0.0008500224259479095,8.213740813288115e-05,0.0009613789297182283,0.00035867014752584067,-0.00010813516338624256,0.34375
2020-08-01,Turkey,Turkey,-0.0049937142317228594,-0.0048247880972041995,-0.013179555790184759,-0.014175261222580502,-0.005878338711113141,0.6875
2020-08-01,U.K.,U.K.,0.0003445410859334412,0.0240721020313768,0.024911672739963486,0.02393591305271407,0.02356565904229439,0.53125
2020-08-01,U.S.,US,-0.011908043805703714,0.06979839164849123,0.06240165911923207,0.061655638264771745,0.06948957473465267,0.4375
2020-08-01,US SmallCap,US,-0.0032076772766330497,0.07709797306207669,0.07121064704117236,0.07020409899357538,0.07654748412414439,0.578125
2020-08-01,Vietnam,Vietnam,-0.004476257238586615,0.003866514965735599,0.004631333497451203,0.004219365830481209,0.0036384355111800017,0.25
2020-09-01,Australia,Australia,-0.010251065807337334,-0.012182746418542459,-0.019429655947511767,-0.019949881531669288,-0.012436619723442992,0.421875
2020-09-01,Brazil,Brazil,-0.007686540834845106,-0.016322005769198178,-0.019746211802484266,-0.019860878112958214,-0.016538537072607554,0.28125
2020-09-01,Canada,Canada,-0.01126815328073308,0.009860779858112564,0.0040570269270001295,0.00386931821980809,0.009746734053750625,0.484375
2020-09-01,Chile,Chile,-0.0063718465101683525,-0.04103048509469527,-0.0357644375266534,-0.036204325485096556,-0.04130351789598777,0.578125
2020-09-01,ChinaA,China,-0.015763733871096853,-0.05535382897208446,-0.048161375587046765,-0.04800902513192325,-0.05525457022434169,0.78125
2020-09-01,ChinaH,China,-0.016991369764896375,-0.05703223952941294,-0.050121552398717406,-0.04991907583458151,-0.05687847584255232,0.625
2020-09-01,Denmark,Denmark,-0.02521671855627718,0.039359386881026415,0.03367021138525199,0.033573521908881146,0.039350862740984274,0.5
2020-09-01,France,France,-0.007687459588269807,-0.02952179693098131,-0.027644671540283116,-0.028259181466932213,-0.029596404067820506,0.59375
2020-09-01,Germany,Germany,-0.013320392641657096,0.00922312645363118,0.007188762434169681,0.006322893473638926,0.008708766724119764,0.65625
2020-09-01,Hong Kong,Hong Kong,-0.007754363414822938,-0.009419245179567277,-0.012133184147306832,-0.012117912946974946,-0.009490431844712273,0.640625
2020-09-01,Indonesia,Indonesia,-0.003160998228689622,0.00242671856030589,-0.0007972131342488843,-0.0006269702374114838,0.0025798345508925707,0.171875
2020-09-01,Italy,Italy,-0.00926675199917365,-0.027562502239971254,-0.0274477528622782,-0.02789100587141873,-0.02770782133003159,0.625
2020-09-01,Japan,Japan,-0.008944543706694076,-0.018804748373871125,-0.02291465080444915,-0.02340878890400531,-0.01915361442904597,0.671875
2020-09-01,Korea,Korea,-0.015283280838688861,-0.021999151507550982,-0.027185339989387033,-0.027136565893442967,-0.02198233258260593,0.84375
2020-09-01,Malaysia,Malaysia,-0.009820676745584737,-0.03230324801583809,-0.03313211059326474,-0.033516868724947996,-0.03251621843904741,0.671875
2020-09-01,Mexico,Mexico,-0.0025038676094463865,-0.015700256071080526,-0.015168711692819449,-0.01550578120708502,-0.01598357573235721,0.296875
2020-09-01,NASDAQ,US,-0.026504857382171097,0.05266352374361462,0.04402422776532898,0.04398601017634214,0.052755297753810326,0.5
2020-09-01,Netherlands,Netherlands,-0.016079594788735663,0.015324401485485632,0.012616474556841499,0.012093416975757519,0.015113509075290348,0.46875
2020-09-01,Philippines,Philippines,-2.4069416412633368e-05,-0.02250447615914184,-0.02158038722425911,-0.022715067116370072,-0.023165333353815716,0.328125
2020-09-01,Poland,Poland,-0.00617325441036037,-0.01208423526555881,-0.00882606604379741,-0.009532439994803545,-0.012326874811658213,0.625
2020-09-01,Singapore,Singapore,-0.0013916443679711874,0.01541768612350278,0.01284694420285349,0.01285241868024797,0.015867663010232198,0.609375
2020-09-01,South Africa,South Africa,-0.006108103545821572,-0.015877884340665536,-0.024488729798539687,-0.025266100422105003,-0.016588505249082938,0.40625
2020-09-01,Spain,Spain,-0.004564131155315389,-0.015112163716046099,-0.013144957657856253,-0.013997060607161821,-0.015445078939440932,0.546875
2020-09-01,Sweden,Sweden,-0.019976394815336355,0.014534063074056698,0.011563100051394774,0.012080030804853651,0.014826036037783579,0.5625
2020-09-01,Switzerland,Switzerland,-0.01663079684929391,0.016897316639560574,0.010168029178112829,0.01019536883847251,0.01686966955696014,0.421875
2020-09-01,Taiwan,Taiwan,-0.02658841672124488,-0.0327576766529601,-0.03459596986540982,-0.03391142685599956,-0.03237737859861824,0.625
2020-09-01,Thailand,Thailand,-0.0003589413831152355,0.007231486728246757,-0.0023543692355151007,-0.003211945674049776,0.0067502438493107705,0.28125
2020-09-01,Turkey,Turkey,-0.004911982976982128,-0.014819049446331393,-0.020366006894066885,-0.021036766105078878,-0.015599808029969117,0.65625
2020-09-01,U.K.,U.K.,-0.0029174254031480752,0.013254656800114215,0.01253785111674342,0.012002961154340581,0.012960423658188953,0.484375
2020-09-01,U.S.,US,-0.017777217806001666,0.055669913906305615,0.04810543841863554,0.047888074958902446,0.05564994691713486,0.4375
2020-09-01,US SmallCap,US,-0.007371545487925859,0.06360581867271696,0.057704991470104744,0.05721332874628424,0.06333767040109778,0.546875
2020-09-01,Vietnam,Vietnam,-0.004846558347352967,-0.00787235930092491,-0.004269227311550801,-0.00420422768983102,-0.007482135361524645,0.15625
2020-10-01,Australia,Australia,-0.009831577739089485,-0.017131892140350463,-0.02033148933568244,-0.020786375501021446,-0.017286995918029686,0.421875
2020-10-01,Brazil,Brazil,-0.005803026145583302,-0.022605113957296336,-0.026502617985947188,-0.026760399922067333,-0.02311399500850756,0.21875
2020-10-01,Canada,Canada,-0.011386176436173585,-0.003646824139119041,-0.007192142741878874,-0.006964261600785274,-0.003536038819078986,0.5
2020-10-01,Chile,Chile,-0.003252166488523764,-0.03768827488328983,-0.03438913363312661,-0.03464747043904265,-0.03761183162748137,0.53125
2020-10-01,ChinaA,China,-0.01661980189600031,-0.025841237964806606,-0.023069191658772824,-0.023716711894406835,-0.026317062895707843,0.828125
2020-10-01,ChinaH,China,-0.018192379098353015,-0.027992776084284552,-0.02557819731993694,-0.02616280043438628,-0.028399737802373825,0.640625
2020-10-01,Denmark,Denmark,-0.024664718742725245,0.04202881136431037,0.0367052458197404,0.03644900937038306,0.041876018567538115,0.515625
2020-10-01,France,France,-0.007981736239776625,-0.039997169378874764,-0.03645840573693812,-0.03651840937320351,-0.0392893522032642,0.578125
2020-10-01,Germany,Germany,-0.01397455120856749,-0.0005864016449066457,-0.0009396156143751336,-0.0013935426765663231,-0.0007076346880440613,0.671875
2020-10-01,Hong Kong,Hong Kong,-0.010142465078076207,-0.011385089757759478,-0.0139788878509785,-0.013823471160547024,-0.01137197672967526,0.6875
2020-10-01,Indonesia,Indonesia,-0.0023866484213765126,0.004449246373466458,-0.000276380913743381,-0.00014015074747143405,0.004448153993130113,0.265625
2020-10-01,Italy,Italy,-0.008947008157390721,-0.036165754093692555,-0.034367266904660826,-0.03450666492747491,-0.03596454698362293,0.65625
2020-10-01,Japan,Japan,-0.011670700186845247,-0.020674360334331364,-0.02558239857676071,-0.026128568593360595,-0.02112470332400685,0.703125
2020-10-01,Korea,Korea,-0.014081490178931923,-0.029231053707960874,-0.03265505985921934,-0.032314943516601094,-0.028899087181686153,0.796875
2020-10-01,Malaysia,Malaysia,-0.009759420054847203,-0.03407084516270174,-0.03580537401515191,-0.03609760006678583,-0.03427616071730227,0.515625
2020-10-01,Mexico,Mexico,-0.0008910381247614211,0.006441676192773194,0.0007583133595166908,-7.745206718336867e-06,0.00567281943546508,0.359375
2020-10-01,NASDAQ,US,-0.029982191620205094,0.04863028803395912,0.03979100612339856,0.03983560357820905,0.04872139345133218,0.515625
2020-10-01,Netherlands,Netherlands,-0.01581828776950235,0.00041990007432832037,0.0003750995755995596,-0.0001697315140263972,0.0001194771645791591,0.46875
2020-10-01,Philippines,Philippines,-0.0012448849219637449,-0.023903024596643414,-0.024288827688483235,-0.025260814899778956,-0.024551638039401285,0.390625
2020-10-01,Poland,Poland,-0.006114832290958272,-0.005599387872040923,-0.004956775074887328,-0.005750558697226858,-0.006041000512989751,0.625
2020-10-01,Singapore,Singapore,-0.0013982496631948504,0.007863321760474447,0.006340646423820774,0.008175062342568071,0.012837914331670256,0.609375
2020-10-01,South Africa,South Africa,-0.006154643408457581,-0.01320336686165361,-0.022953671103187433,-0.023661503720891874,-0.013960882071648919,0.390625
2020-10-01,Spain,Spain,-0.003700027207707371,-0.02490715288117195,-0.02289713516251215,-0.02350796533800731,-0.025207341072363196,0.53125
2020-10-01,Sweden,Sweden,-0.020644648194671086,0.00223585553556108,0.0009493679873074107,0.00025256179045790236,0.0016243896762859807,0.53125
2020-10-01,Switzerland,Switzerland,-0.01742675270459507,0.0019293065722306903,-0.0031479715581195014,-0.00245358251147985,0.00228196353313145,0.40625
2020-10-01,Taiwan,Taiwan,-0.023045388130590545,-0.025253604553399166,-0.029161667553894044,-0.02858677358017532,-0.024901328767691768,0.5625
2020-10-01,Thailand,Thailand,0.001114758836700154,0.04487648630629239,0.02206776453816207,0.020272467347954203,0.043235527786904066,0.390625
2020-10-01,Turkey,Turkey,-0.0018055162703871832,-0.01070656784575278,-0.017387018746235945,-0.017766173417993296,-0.010618324034800456,0.5
2020-10-01,U.K.,U.K.,-0.0026805340536346983,0.009651446284158073,0.009022119194563489,0.009298850611218528,0.011649327780322311,0.453125
2020-10-01,U.S.,US,-0.020267765429815208,0.052036799407892506,0.04434175587937124,0.044207052113340445,0.052017816628503924,0.453125
2020-10-01,US SmallCap,US,-0.008758500534335415,0.05953144740504995,0.05350069045086868,0.053142971584734355,0.05939986700785142,0.546875
2020-10-01,Vietnam,Vietnam,-0.006163553560588082,0.003966066200238391,0.0018374934188258186,0.0016668293071538665,0.00399181807664039,0.234375
2020-11-01,Australia,Australia,-0.008373343928355622,-0.009490926854016332,-0.014016782982604557,-0.014369793016936437,-0.009604939559585066,0.40625
2020-11-01,Brazil,Brazil,-0.003884600977385996,-0.015605826345564733,-0.02200078289282962,-0.022737236069055766,-0.016396105173113767,0.203125
2020-11-01,Canada,Canada,-0.008176890374302819,0.010432596755152408,0.005066270543743886,0.0052413185081171855,0.011098032780930744,0.53125
2020-11-01,Chile,Chile,-0.003773272625132452,-0.033201193261389275,-0.032536634683862496,-0.0325668088074852,-0.03240378530205726,0.546875
2020-11-01,ChinaA,China,-0.014476416037428292,-0.02152949346952906,-0.01817095204070398,-0.018912714832060598,-0.02201847890275906,0.78125
2020-11-01,ChinaH,China,-0.016396628359714817,-0.024021214342452805,-0.02108272672731336,-0.021751210099274026,-0.02443094770011584,0.625
2020-11-01,Denmark,Denmark,-0.02185641244420109,0.044931186120838976,0.039850297779102956,0.039573004706657075,0.04477354589337415,0.515625
2020-11-01,France,France,-0.004048889223079294,-0.035419941287802965,-0.031003762442437393,-0.03039007068799644,-0.03299346247272364,0.5625
2020-11-01,Germany,Germany,-0.008779903616776441,0.003619455493357097,0.0059897312057158245,0.006189157127734976,0.0050466724482509245,0.703125
2020-11-01,Hong Kong,Hong Kong,-0.006151373482480989,-0.02250889231013885,-0.021634282377151738,-0.021081315551984982,-0.022157958156283363,0.65625
2020-11-01,Indonesia,Indonesia,6.0836920353463456e-05,-0.025512305909535876,-0.02528033984863312,-0.026012653026090893,-0.026061854321318068,0.203125
2020-11-01,Italy,Italy,-0.00611636437405642,-0.03719754162008232,-0.03271298328136488,-0.032470470262062845,-0.03622762031165676,0.59375
2020-11-01,Japan,Japan,-0.008878158374798753,-0.02048650465134904,-0.02416445280595184,-0.024949269978435724,-0.021149419001290654,0.703125
2020-11-01,Korea,Korea,-0.013020886671254698,-0.0017908436224690488,-0.011743378048187134,-0.012105870653383697,-0.002056819584347395,0.828125
2020-11-01,Malaysia,Malaysia,-0.007935846919730333,-0.03399258123463164,-0.034634126877725824,-0.03484527007559905,-0.033978118414817085,0.5625
2020-11-01,Mexico,Mexico,-0.00034112272482626077,-0.0027305095328520376,-0.0056916883925827375,-0.005810366505317525,-0.002077718431753698,0.375
2020-11-01,NASDAQ,US,-0.02362839543402321,0.045765451932160334,0.03809278371382269,0.0382552079952857,0.04588301361699207,0.515625
2020-11-01,Netherlands,Netherlands,-0.014353399265877368,0.0010014948328417993,0.002393936271108083,0.0021659437427795115,0.000986790968483798,0.46875
2020-11-01,Philippines,Philippines,-0.0005872712123277581,-0.023471952608290103,-0.023038836975744846,-0.023967915295165593,-0.024016438624109793,0.390625
2020-11-01,Poland,Poland,-0.002892479668386301,0.003357948346334969,0.004004622906836015,0.002983097559027396,0.0028165029784669796,0.546875
2020-11-01,Singapore,Singapore,0.001439863811333363,0.009997902502412604,0.008936968112761439,0.011779056035419594,0.01802348135791457,0.609375
2020-11-01,South Africa,South Africa,-0.005012012334180195,0.0008656496092162846,-0.011860078058833108,-0.011239348750974907,0.0015255192968998289,0.421875
2020-11-01,Spain,Spain,7.399515541528165e-05,-0.019924459394285075,-0.016359017488605902,-0.015874493090926034,-0.017574987986495136,0.5625
2020-11-01,Sweden,Sweden,-0.01554930924141291,0.010976848602995241,0.011233952746308732,0.010446140560375617,0.01041899217272151,0.53125
2020-11-01,Switzerland,Switzerland,-0.014275684487687984,0.00789832986270211,0.0010645614933400896,0.0012894095943804737,0.007870394796780467,0.4375
2020-11-01,Taiwan,Taiwan,-0.020062935544150284,-0.015398381078549014,-0.019157300424866183,-0.018790780423235356,-0.015102086334094801,0.546875
2020-11-01,Thailand,Thailand,0.003124564722232801,0.011240135160048521,0.0032892791911484434,0.0023545251064397213,0.01124074394152913,0.359375
2020-11-01,Turkey,Turkey,-0.0029190716537199164,-0.014242719508343462,-0.020070813972132236,-0.020018130956415903,-0.01320663084917667,0.578125
2020-11-01,U.K.,U.K.,0.0015964145572289357,0.01520394453378987,0.013315931261472635,0.014041282318899978,0.018544019519128204,0.484375
2020-11-01,U.S.,US,-0.015298118870881526,0.049062637850003865,0.042405616501251686,0.04240852366168327,0.04907547079805388,0.4375
2020-11-01,US SmallCap,US,-0.006644875913133147,0.05510102685117692,0.04972484037629382,0.049732649079108196,0.05551358713677439,0.515625
2020-11-01,Vietnam,Vietnam,-0.007000387702620842,-0.002593312720993444,-0.003148693113120535,-0.0030685619292206293,-0.0023307533591455515,0.296875
2020-12-01,Australia,Australia,-0.009788231016391945,-0.02804408186737288,-0.030848904153125026,-0.03062905879336538,-0.027830860974035008,0.40625
2020-12-01,Brazil,Brazil,-0.005695503211074142,-0.028132622217901478,-0.03283334757761734,-0.033330277788711046,-0.028717928802149576,0.21875
2020-12-01,Canada,Canada,-0.008632890204172065,-0.004076993369523085,-0.006991369146551598,-0.006735070069842343,-0.003954394217836666,0.484375
2020-12-01,Chile,Chile,-0.006483561229731738,-0.057398479082756027,-0.05464290583970617,-0.053801469722536466,-0.05561162410687215,0.671875
2020-12-01,ChinaA,China,-0.01671640274118251,-0.05402937159920347,-0.045915867506378716,-0.04574698969625687,-0.05400015365042471,0.859375
2020-12-01,ChinaH,China,-0.017280264222859294,-0.054984862543992416,-0.04702277275084124,-0.046826185595055955,-0.0549241332609193,0.6875
2020-12-01,Denmark,Denmark,-0.021005393656792784,0.040880971306377814,0.03631730060764447,0.03606064293248355,0.04073458281858226,0.5
2020-12-01,France,France,-0.007002382328136799,-0.04526237504482762,-0.03989055371733896,-0.040116449350723976,-0.04533590187258886,0.5
2020-12-01,Germany,Germany,-0.007929380719766052,-0.0022364092043735857,0.0009529178776692404,0.0005055162246108708,-0.0025435638830985548,0.578125
2020-12-01,Hong Kong,Hong Kong,-0.00823843634958595,-0.02991364156986276,-0.026578721208056186,-0.025871696818482396,-0.029508024644073105,0.671875
2020-12-01,Indonesia,Indonesia,-0.003577167615819361,-0.011097571266525243,-0.012778688354075295,-0.012481712745691435,-0.010880015104278662,0.296875
2020-12-01,Italy,Italy,-0.008341489722145073,-0.05383802060311334,-0.04675806458007786,-0.046609493370654925,-0.053653134089446275,0.515625
2020-12-01,Japan,Japan,-0.01076628310603326,-0.0423274929182839,-0.04256989387298735,-0.04280902686096896,-0.042628757727308994,0.71875
2020-12-01,Korea,Korea,-0.016636073021551415,-0.02827288847713628,-0.03528733825093609,-0.03483690571920721,-0.02801674992821618,0.84375
2020-12-01,Malaysia,Malaysia,-0.009623360346771475,-0.05787705904120162,-0.055094841282859214,-0.05473976031171142,-0.05768534540032828,0.640625
2020-12-01,Mexico,Mexico,-0.004810248000108694,-0.03242268947718749,-0.028874342126438104,-0.028595078751191175,-0.031740078536287325,0.390625
2020-12-01,NASDAQ,US,-0.020724470669781732,0.040935711942094444,0.03471250622273059,0.03497873619245648,0.04113195495982855,0.46875
2020-12-01,Netherlands,Netherlands,-0.012688228696285107,-0.011934008813692693,-0.006829924568996031,-0.006929160733022602,-0.011943529661133675,0.5
2020-12-01,Philippines,Philippines,-0.005040327203368492,-0.05131499179589313,-0.04751478942199969,-0.0475285961120641,-0.05096860240134109,0.484375
2020-12-01,Poland,Poland,-0.004128702740781953,-0.013110041500989038,-0.012881871743918593,-0.013607079770659915,-0.013517962580348437,0.5
2020-12-01,Singapore,Singapore,-0.0018689379498238899,-0.00876109443761197,-0.008401290012280505,-0.0067727053940724,-0.004980639662138978,0.5625
2020-12-01,South Africa,South Africa,-0.006208113338055951,-0.0291387803745542,-0.036414161108177384,-0.03444403111186406,-0.0263100602943253,0.453125
2020-12-01,Spain,Spain,-0.003702763229505678,-0.03400442428980903,-0.02998897484786384,-0.0300987758411402,-0.03354393568407839,0.515625
2020-12-01,Sweden,Sweden,-0.01688452781867794,7.567069233176994e-05,-0.000331716999759207,-0.0007100699911883317,-0.00026281205013009047,0.515625
2020-12-01,Switzerland,Switzerland,-0.013439856503802533,-0.004188355846047374,-0.009616141149358217,-0.009085399290051137,-0.0040181463015131185,0.4375
2020-12-01,Taiwan,Taiwan,-0.02116553884540988,-0.044917405982495745,-0.04541833613514526,-0.044338909826452416,-0.044264080356883825,0.53125
2020-12-01,Thailand,Thailand,-0.00048675301008611026,-0.007499674353247515,-0.010571533283601676,-0.011401969918844316,-0.008035588381276392,0.359375
2020-12-01,Turkey,Turkey,-0.0016544807490024285,-0.03746818456027614,-0.03711967428462916,-0.03695510958327133,-0.036588031312920793,0.5
2020-12-01,U.K.,U.K.,-0.001045764917077984,0.006424794927371989,0.005074506790871078,0.0045913420374887,0.006106473882658021,0.390625
2020-12-01,U.S.,US,-0.012778052851850354,0.04350094001193343,0.03819424383422308,0.038316908333558886,0.04361298896137056,0.4375
2020-12-01,US SmallCap,US,-0.009317383917173157,0.04634123511789148,0.04168241208928734,0.041682979454338506,0.0463441529883898,0.46875
2020-12-01,Vietnam,Vietnam,-0.008587213860430055,-0.011775351492879711,-0.010859858261895474,-0.010398773012580425,-0.010992554670782933,0.390625
2021-01-01,Australia,Australia,-0.015261027934963076,-0.03408932375972877,-0.03796101155766014,-0.0374371531499352,-0.033752911927613025,0.46875
2021-01-01,Brazil,Brazil,-0.005785225099808673,-0.03065117183875654,-0.03195225890763129,-0.03217889948641149,-0.030891049814905886,0.265625
2021-01-01,Canada,Canada,-0.013363236028658933,0.0003799761139857624,-0.003727267562706355,-0.0035321727071068922,0.0004704781192287153,0.484375
2021-01-01,Chile,Chile,-0.00771054370634011,-0.05814290498544153,-0.05588077865072183,-0.055293962015632345,-0.05712380842671942,0.546875
2021-01-01,ChinaA,China,-0.015695529427459498,-0.06367685832928258,-0.05353861327410482,-0.05275545366090281,-0.06323542104720574,0.796875
2021-01-01,ChinaH,China,-0.016222353210128646,-0.06452802525244933,-0.05452268861316459,-0.053716010943430856,-0.06405960270462367,0.609375
2021-01-01,Denmark,Denmark,-0.024552680891849053,0.03015440999475116,0.02640181221624695,0.026318261491815053,0.03009211003771318,0.515625
2021-01-01,France,France,-0.01304293732991156,-0.04357373808149757,-0.0398157090968418,-0.04005567448477898,-0.0435930625935477,0.546875
2021-01-01,Germany,Germany,-0.01370992756701217,-0.00507948463224105,-0.004629204294864334,-0.005147908394898509,-0.005440246627212692,0.625
2021-01-01,Hong Kong,Hong Kong,-0.01144930686387683,-0.02707496485139929,-0.026782933167265977,-0.026058177098371497,-0.026653700058315587,0.65625
2021-01-01,Indonesia,Indonesia,-0.006327731515370699,-0.018469010152979075,-0.019597407504064027,-0.019106165659529092,-0.018089800167915105,0.21875
2021-01-01,Italy,Italy,-0.013566642205296263,-0.05120355167923003,-0.04640946872451657,-0.04638540545859414,-0.05100881543659204,0.625
2021-01-01,Japan,Japan,-0.016922689886249054,-0.05051731389177945,-0.05098608104892069,-0.05102967440812073,-0.05065860137247363,0.71875
2021-01-01,Korea,Korea,-0.0216511741008854,-0.03688877586541161,-0.044113717585060164,-0.04360617434736096,-0.03663949588425479,0.84375
2021-01-01,Malaysia,Malaysia,-0.01173703241885292,-0.06697152131404945,-0.06302932583531057,-0.062405645190516945,-0.06660721962730892,0.546875
2021-01-01,Mexico,Mexico,-0.010082854530788924,-0.043764330805798196,-0.03841003495511183,-0.037961607370604666,-0.043252350816065765,0.390625
2021-01-01,NASDAQ,US,-0.024959164147672595,0.034546031060649185,0.029968613734880873,0.0305115713243666,0.034897424164851004,0.515625
2021-01-01,Netherlands,Netherlands,-0.017840181088108607,-0.0010226582962457962,-3.9871063681288024e-05,-0.0005309530317333822,-0.0012544313695367088,0.5
2021-01-01,Philippines,Philippines,-0.0078686041952253,-0.06083256301594114,-0.05491625910187781,-0.05429954545952885,-0.05944523479334857,0.46875
2021-01-01,Poland,Poland,-0.008382692497637503,-0.019955424449350414,-0.01859283571591485,-0.019318990460894817,-0.020256866435385622,0.484375
2021-01-01,Singapore,Singapore,-0.006678928205128134,-0.00431430844877057,-0.002929679611964964,-0.0023649646393882704,-0.0030432248180157287,0.59375
2021-01-01,South Africa,South Africa,-0.007562083321300964,-0.04472812927500931,-0.04826725735106219,-0.04638758437518267,-0.0427856394293728,0.3125
2021-01-01,Spain,Spain,-0.008916972992801104,-0.03812668975864208,-0.03436557165489108,-0.033959493818355,-0.03666390023522227,0.640625
2021-01-01,Sweden,Sweden,-0.020678317141969625,0.00994304405288365,0.008631541012003748,0.008585437436125293,0.009858749270817015,0.546875
2021-01-01,Switzerland,Switzerland,-0.01577026803719192,0.0005013395558094713,-0.00591527086987256,-0.00546843701688164,0.0006897220233565357,0.390625
2021-01-01,Taiwan,Taiwan,-0.02204147761828032,-0.04935565609467865,-0.047151584939286145,-0.04600366856100656,-0.04869914535754914,0.5625
2021-01-01,Thailand,Thailand,-0.0059575449125531515,-0.02801766606756522,-0.02781990281543242,-0.02775326794123931,-0.027851702582622317,0.375
2021-01-01,Turkey,Turkey,-0.006979940741930585,-0.046221498998005914,-0.04454403964740726,-0.044710404536884435,-0.046392715065777454,0.53125
2021-01-01,U.K.,U.K.,-0.005715626925487006,0.00015474688796478404,3.672281798794072e-06,-2.0485869098368567e-05,0.00013229314703841998,0.390625
2021-01-01,U.S.,US,-0.018281022124263614,0.03656534763983771,0.032743435947682004,0.033168644881937645,0.03685034763046871,0.421875
2021-01-01,US SmallCap,US,-0.016160997871852524,0.03833066440536648,0.03494986396125438,0.03528460036452517,0.03853652329336767,0.515625
2021-01-01,Vietnam,Vietnam,-0.010986854859777628,-0.006933514696363724,-0.008673842048406915,-0.008610385051702009,-0.006930649133467795,0.390625
2021-02-01,Australia,Australia,-0.017284485332384317,-0.036619488500805444,-0.04146608879241476,-0.040844900652732205,-0.03636514889666101,0.46875
2021-02-01,Brazil,Brazil,-0.007924519936684866,-0.02002784798889431,-0.02506071797584424,-0.025525538852139533,-0.02050648666053849,0.265625
2021-02-01,Canada,Canada,-0.01430692395842911,-0.005003301344466336,-0.007289885130791551,-0.006708337518723469,-0.004772170784312434,0.453125
2021-02-01,Chile,Chile,-0.01164247431875968,-0.04662349634255433,-0.04778233867451753,-0.04749437718813869,-0.04594234501321756,0.640625
2021-02-01,ChinaA,China,-0.01799358427239588,-0.07638752996699484,-0.0636725704496023,-0.06272402489765336,-0.07599921128667164,0.796875
2021-02-01,ChinaH,China,-0.018931283518671616,-0.07771785764892442,-0.06522132786216255,-0.064234197830216,-0.0772869163304646,0.59375
2021-02-01,Denmark,Denmark,-0.026638607823157565,0.028273974779788904,0.02423292419757202,0.024040689478593658,0.02810261023620352,0.484375
2021-02-01,France,France,-0.014839466322622317,-0.05410627336535363,-0.049951658563564164,-0.0503801711786863,-0.05446676984698999,0.5625
2021-02-01,Germany,Germany,-0.016585470021337874,-0.009150888218125847,-0.00909126983384597,-0.00953913588835371,-0.009587407271507772,0.65625
2021-02-01,Hong Kong,Hong Kong,-0.015414793993210848,-0.028224203299268898,-0.030535788256136582,-0.02975559448227838,-0.027793537441716084,0.6875
2021-02-01,Indonesia,Indonesia,-0.008261276635772224,-0.02357979599161019,-0.025152612028270283,-0.02497443142214884,-0.02351155422575745,0.21875
2021-02-01,Italy,Italy,-0.013779942472290363,-0.0542290847912351,-0.05177119012902577,-0.051880646682899156,-0.05432233809523086,0.59375
2021-02-01,Japan,Japan,-0.01949469018067497,-0.05663548574430011,-0.055565708155731544,-0.05535795951897256,-0.056729356248320664,0.703125
2021-02-01,Korea,Korea,-0.029517982591547944,-0.046413342893035586,-0.05093838959174689,-0.049932379980532904,-0.04594112248702681,0.90625
2021-02-01,Malaysia,Malaysia,-0.01828661673676695,-0.06721593952420456,-0.06470463685887107,-0.06408497470900425,-0.06688830466096737,0.53125
2021-02-01,Mexico,Mexico,-0.01200378192230294,-0.03904767660911704,-0.03502696982975151,-0.03446170846229245,-0.0386773091646638,0.328125
2021-02-01,NASDAQ,US,-0.026071863140796278,0.03381357062375781,0.028672111817689767,0.029389071962906684,0.034241284156427146,0.484375
2021-02-01,Netherlands,Netherlands,-0.02210423794681357,-0.009769664389620687,-0.011087458339577468,-0.011581901863191706,-0.010201250960232807,0.515625
2021-02-01,Philippines,Philippines,-0.012268589235495047,-0.06519659902612474,-0.060575456827037244,-0.059659085976137824,-0.0634272717416069,0.515625
2021-02-01,Poland,Poland,-0.010978926391716593,-0.0462770413261063,-0.0406131630702662,-0.04080636378572114,-0.046336746874998974,0.46875
2021-02-01,Singapore,Singapore,-0.008394023765828729,-0.009062494097551124,-0.00768982911978146,-0.007082127537138289,-0.008164735855985372,0.515625
2021-02-01,South Africa,South Africa,-0.013042002467484267,-0.033099028103798445,-0.039503379113420854,-0.0386388419163136,-0.032778970072826444,0.390625
2021-02-01,Spain,Spain,-0.00987647089388487,-0.04903501177372299,-0.04465843922832731,-0.044331315571839974,-0.047496548759594706,0.609375
2021-02-01,Sweden,Sweden,-0.023357122341261208,-0.007254302826275343,-0.007744950751672774,-0.00812344175231152,-0.007737241925389874,0.546875
2021-02-01,Switzerland,Switzerland,-0.01774279529316794,-0.006988893581105825,-0.013501877975905727,-0.013326301403043687,-0.007135493325242236,0.34375
2021-02-01,Taiwan,Taiwan,-0.02809311812229978,-0.06234544137430882,-0.05870635629296314,-0.05724592637860888,-0.061644716498000934,0.578125
2021-02-01,Thailand,Thailand,-0.008567191915262628,-0.028808762257025146,-0.028685563718788804,-0.02866975387862362,-0.028790269005061122,0.390625
2021-02-01,Turkey,Turkey,-0.009383299669628755,-0.05344369398407847,-0.0506929384238841,-0.05059727948807802,-0.05328332421549466,0.53125
2021-02-01,U.K.,U.K.,-0.00887983617900463,-0.007158237600708504,-0.007328450491092302,-0.0071918574598075794,-0.007166405677821052,0.40625
2021-02-01,U.S.,US,-0.02023919943559198,0.03576165608702306,0.031303921026263754,0.03191266833484932,0.03612438807919062,0.40625
2021-02-01,US SmallCap,US,-0.021881602692739602,0.03534091587694012,0.03078207287882336,0.031390250102539055,0.035696384563721845,0.5
2021-02-01,Vietnam,Vietnam,-0.013239090830060505,-0.004028068770851162,-0.0062623788759619235,-0.006231334785733806,-0.004071680369516383,0.40625
2021-03-01,Australia,Australia,-0.020826418953327888,-0.019014539976675085,-0.028954874124944976,-0.02849212120197137,-0.018865856182709882,0.515625
2021-03-01,Brazil,Brazil,-0.009822999953053399,-0.01789991362382528,-0.02472888079351974,-0.025450686351401478,-0.018656670517384365,0.21875
2021-03-01,Canada,Canada,-0.01577947876561251,0.004868655247948134,-0.0013020805817041594,-0.0007195089452062767,0.005078225319383732,0.46875
2021-03-01,Chile,Chile,-0.01570466618683155,-0.04528753390795792,-0.04784743898365865,-0.047849464242754366,-0.045441014872909566,0.625
2021-03-01,ChinaA,China,-0.01988803047810414,-0.04632063235540129,-0.0450893032314867,-0.04457361809953368,-0.046153762753002495,0.78125
2021-03-01,ChinaH,China,-0.020422100973828416,-0.04727716848442286,-0.046193803183262785,-0.045651145112273916,-0.04707908457899018,0.578125
2021-03-01,Denmark,Denmark,-0.024393785919908623,0.032318130330992595,0.02748548652697017,0.027119545133498988,0.03186996974962629,0.484375
2021-03-01,France,France,-0.017126025765042893,-0.041146071800351805,-0.04314739846954933,-0.04368683120094839,-0.04157046889519761,0.515625
2021-03-01,Germany,Germany,-0.01977911385164648,0.0009147110741475114,-0.004663609488478588,-0.005325400162427427,0.0003355127944053328,0.640625
2021-03-01,Hong Kong,Hong Kong,-0.017567077066521983,-0.024067604139235095,-0.030388608617766103,-0.02970472195504327,-0.023694810042062545,0.640625
2021-03-01,Indonesia,Indonesia,-0.010951158792933624,-0.008652760351293044,-0.01773793552487641,-0.018308548077747434,-0.009218496108620078,0.234375
2021-03-01,Italy,Italy,-0.014692784746588222,-0.04246007186157294,-0.042817602554345094,-0.043366388129140454,-0.042711336023457405,0.59375
2021-03-01,Japan,Japan,-0.02331613513762608,-0.040756408596455934,-0.0452276031403951,-0.044852594388536185,-0.040794829401748944,0.734375
2021-03-01,Korea,Korea,-0.030260684968921873,-0.030933985272786076,-0.039650012548181304,-0.0387709738990604,-0.03047864058598036,0.921875
2021-03-01,Malaysia,Malaysia,-0.013844621639265885,-0.0330981129991738,-0.03440403196162897,-0.03476928594898597,-0.03342897115345021,0.5625
2021-03-01,Mexico,Mexico,-0.013260007341857973,-0.02471069557917722,-0.025722377631007824,-0.02464107786465627,-0.02310709982201352,0.296875
2021-03-01,NASDAQ,US,-0.02913080036158156,0.026268078376658035,0.020796195658720366,0.022044978537207868,0.026952891147143786,0.484375
2021-03-01,Netherlands,Netherlands,-0.026850793561645703,-0.003587237428338606,-0.007410733041135708,-0.00794324165775805,-0.0040699768410813585,0.5
2021-03-01,Philippines,Philippines,-0.011398955313466056,-0.03313569968424891,-0.03543399811043085,-0.03550005818356672,-0.03224575780475092,0.359375
2021-03-01,Poland,Poland,-0.01360757510071494,-0.034828672679492134,-0.03290890729525111,-0.033128035245250334,-0.03487919812303103,0.59375
2021-03-01,Singapore,Singapore,-0.010627084735348085,0.0048477871872207,0.00105249807757778,0.0015161933931312297,0.005778875928882179,0.578125
2021-03-01,South Africa,South Africa,-0.01800447433045689,-0.016289191393885922,-0.027387083733395108,-0.027352659844447364,-0.01656671985211595,0.515625
2021-03-01,Spain,Spain,-0.012925997357103394,-0.044405599734238146,-0.04434269184262454,-0.04506379584178477,-0.044906449578761304,0.46875
2021-03-01,Sweden,Sweden,-0.02615663948500374,0.004989224229694701,-0.0012455526648483192,-0.0021442578916664543,0.004146755704515649,0.53125
2021-03-01,Switzerland,Switzerland,-0.01839912241341333,0.007191211217616917,-0.0004614748060079877,-0.0008341978663664405,0.006666472948102083,0.328125
2021-03-01,Taiwan,Taiwan,-0.03126032302330832,-0.03584580133075476,-0.03824786968305223,-0.03733878292515611,-0.03528560810330353,0.578125
2021-03-01,Thailand,Thailand,-0.011386904070834057,-0.015295033541414715,-0.020369926559367712,-0.020585750535405976,-0.015365680495778113,0.4375
2021-03-01,Turkey,Turkey,-0.01017929329164188,-0.03819529550891221,-0.03700009395842485,-0.036865781081642304,-0.03737210831909092,0.546875
2021-03-01,U.K.,U.K.,-0.012162664050595651,-0.00057715713720277,-0.004946743884664028,-0.004782477015710364,-8.491566458145201e-05,0.453125
2021-03-01,U.S.,US,-0.02466887840759477,0.02813993335540482,0.023222575217256566,0.02438399344262215,0.02876551684622018,0.40625
2021-03-01,US SmallCap,US,-0.028016620896700723,0.026558211031476136,0.02130717889046583,0.02250088270040223,0.027205820257405523,0.5625
2021-03-01,Vietnam,Vietnam,-0.013598753521247961,-0.002658528944639296,-0.002702350147543827,-0.002663457848104016,-0.002591752240187945,0.34375
2021-04-01,Australia,Australia,-0.0286540872876442,-0.030022721665683146,-0.04020584280352904,-0.03924471495891332,-0.02968008037214759,0.609375
2021-04-01,Brazil,Brazil,-0.015706040145240883,-0.009029018052388357,-0.022536710018707294,-0.02366738746350047,-0.010318921295701106,0.390625
2021-04-01,Canada,Canada,-0.026443663643487828,-0.010006380893885971,-0.016467155619717455,-0.015089823482773723,-0.009399930918096738,0.609375
2021-04-01,Chile,Chile,-0.022280632789186818,-0.04586998726855698,-0.04742794635380908,-0.04703057041168457,-0.04535751094595779,0.84375
2021-04-01,ChinaA,China,-0.021356827125750898,-0.046671778098819186,-0.04618874352249372,-0.04580416114687923,-0.04663358578506174,0.65625
2021-04-01,ChinaH,China,-0.020748500990171163,-0.0462265984177139,-0.04566645609770667,-0.04529089709459769,-0.04619730077315572,0.5
2021-04-01,Denmark,Denmark,-0.02541784423184467,0.03736705391257046,0.031738485876638745,0.031418565633865,0.03694242337735848,0.3125
2021-04-01,France,France,-0.0288291494823893,-0.041824025620963975,-0.04670642418651902,-0.04675913057248736,-0.0419590618836166,0.5
2021-04-01,Germany,Germany,-0.02761585585107557,-0.005340721714649527,-0.01091289893456342,-0.011122955206698266,-0.005643827981618964,0.625
2021-04-01,Hong Kong,Hong Kong,-0.023716205203159493,-0.013718724539113127,-0.022103178941321168,-0.021647939121746007,-0.01354439406110151,0.578125
2021-04-01,Indonesia,Indonesia,-0.021008124384317053,-0.009732929912796538,-0.021119225419725503,-0.0214423213783781,-0.010271136940903487,0.421875
2021-04-01,Italy,Italy,-0.024702169945258007,-0.04535865023961512,-0.047601542439278444,-0.047775490746953905,-0.045421289485462396,0.609375
2021-04-01,Japan,Japan,-0.028064590543847877,-0.041926924776847105,-0.045712595270037126,-0.04532749900474188,-0.04191180829671724,0.546875
2021-04-01,Korea,Korea,-0.029218314962084047,-0.036933394693155194,-0.045337010034936745,-0.04429751879893068,-0.03645466668273646,0.859375
2021-04-01,Malaysia,Malaysia,-0.018719173030088687,-0.03305522872410478,-0.03461106111100816,-0.03484931017895024,-0.033312175507617274,0.390625
2021-04-01,Mexico,Mexico,-0.024461799317673755,-0.030317251580281646,-0.034575436919641434,-0.03395667206863394,-0.030263827403528277,0.453125
2021-04-01,NASDAQ,US,-0.029092976187553906,0.022944516241677416,0.017501359426591402,0.01905671903423787,0.023756295710241303,0.46875
2021-04-01,Netherlands,Netherlands,-0.029216472509473745,-0.012732085624324173,-0.016310128247929104,-0.01629141326389642,-0.012873014152854925,0.484375
2021-04-01,Philippines,Philippines,-0.02055666740342764,-0.037271530857126894,-0.04071465112872415,-0.04019226493390522,-0.03559506182742493,0.4375
2021-04-01,Poland,Poland,-0.01758016708349988,-0.03029537175012712,-0.029270029615159423,-0.02937614252449853,-0.030379838359361127,0.53125
2021-04-01,Singapore,Singapore,-0.02058635946046254,-0.004218188151636921,-0.01162681335303185,-0.010956211379595168,-0.004112147191205926,0.53125
2021-04-01,South Africa,South Africa,-0.024556672367492916,-0.013295347950644559,-0.02751054570589793,-0.02726153960258474,-0.013560369658364886,0.59375
2021-04-01,Spain,Spain,-0.022480775613561432,-0.04776173205092682,-0.04865648550199485,-0.04897078499497813,-0.0480117934936765,0.578125
2021-04-01,Sweden,Sweden,-0.029961827834741505,-0.012374584680058379,-0.01861335539217528,-0.018862427590879503,-0.012881078255509864,0.5
2021-04-01,Switzerland,Switzerland,-0.020517128770332863,9.889430287827149e-05,-0.007818960545642682,-0.007946186114180052,-0.0002767034819613559,0.09375
2021-04-01,Taiwan,Taiwan,-0.030193526993498084,-0.03955993576124464,-0.042236231089068224,-0.04120565799142889,-0.03898826032302076,0.59375
2021-04-01,Thailand,Thailand,-0.018408090957328514,-0.010095540934061304,-0.01741528380969646,-0.017401876219819857,-0.01027605893249002,0.359375
2021-04-01,Turkey,Turkey,-0.014256265263056985,-0.017670726568417065,-0.021868609203122877,-0.021071071989628144,-0.014636826758675245,0.546875
2021-04-01,U.K.,U.K.,-0.021683481082176492,-0.00958784549695341,-0.014744793314584325,-0.014358852643748109,-0.009267098864264753,0.421875
2021-04-01,U.S.,US,-0.029121616926582522,0.02303247619954894,0.017550699303006456,0.01912121995511918,0.023854122796427218,0.34375
2021-04-01,US SmallCap,US,-0.028603862284568887,0.023933248915708746,0.01846981441381068,0.020059348082448542,0.024759298672930568,0.640625
2021-04-01,Vietnam,Vietnam,-0.02189583482770842,-0.001751923225446551,-0.003958995611523162,-0.0035811854500425334,-0.0012713071239507795,0.46875
2021-05-01,Australia,Australia,-0.02823697083628511,-0.03358694574751063,-0.04270405059430865,-0.041646269842859976,-0.033176634187279216,0.515625
2021-05-01,Brazil,Brazil,-0.014750990019588763,-0.01761488699431539,-0.027576784332557083,-0.028415869450016118,-0.018614804335617366,0.5
2021-05-01,Canada,Canada,-0.0270741374417269,-0.01561324766361527,-0.02137669491503686,-0.020081353811512572,-0.015070826684568871,0.546875
2021-05-01,Chile,Chile,-0.018993030178321782,-0.06522233136747722,-0.06080247463933909,-0.05978871495950207,-0.06385133343676966,0.8125
2021-05-01,ChinaA,China,-0.01497756267152513,-0.03867173237349708,-0.039369587961130846,-0.03911091842586237,-0.03872722233869629,0.5625
2021-05-01,ChinaH,China,-0.01641672591098406,-0.04043100021633249,-0.04144555145216777,-0.04112931892584051,-0.04042680367456844,0.390625
2021-05-01,Denmark,Denmark,-0.021318826519757708,0.03895587869088721,0.03385005559202445,0.03371115467114273,0.0386779583931309,0.28125
2021-05-01,France,France,-0.02702194333014424,-0.032948821620077305,-0.03963337992597529,-0.03964641904983543,-0.033075417282620825,0.5625
2021-05-01,Germany,Germany,-0.025169182904099623,-0.006174340728424656,-0.010944766133264904,-0.011221305091876955,-0.006518179066062925,0.625
2021-05-01,Hong Kong,Hong Kong,-0.02048159481797568,-0.01696078617600666,-0.023558241042654866,-0.023026062000949112,-0.01670171066546556,0.515625
2021-05-01,Indonesia,Indonesia,-0.014075673496750594,-0.01150186542525592,-0.018901983425346616,-0.01905303151304276,-0.01176625799629775,0.296875
2021-05-01,Italy,Italy,-0.02453976526192913,-0.04090594876984559,-0.04338858024467182,-0.043623030213679304,-0.04102916292884763,0.8125
2021-05-01,Japan,Japan,-0.023998183209980394,-0.03839163564290693,-0.04312315543085078,-0.04287658286027177,-0.03846365387845988,0.53125
2021-05-01,Korea,Korea,-0.028348573829744476,-0.039047317045417175,-0.04916290496323808,-0.048253619451895505,-0.03868790662307307,0.90625
2021-05-01,Malaysia,Malaysia,-0.015276539320745675,-0.03505791867501934,-0.03602079033968049,-0.03622456319506061,-0.03526888866336943,0.359375
2021-05-01,Mexico,Mexico,-0.025526908728791525,-0.04000715888302944,-0.04369518159522463,-0.04297908378336407,-0.03984213107332253,0.609375
2021-05-01,NASDAQ,US,-0.024485065364412754,0.02389417033106889,0.01997058765113137,0.02136754789687079,0.02463524082702549,0.40625
2021-05-01,Netherlands,Netherlands,-0.02912777461910215,-0.006369114487428216,-0.010998435367684686,-0.010796388294770247,-0.006308435809810798,0.53125
2021-05-01,Philippines,Philippines,-0.01361959471103271,-0.03326378216119916,-0.03586899052400809,-0.036003125881116406,-0.03303064352933935,0.40625
2021-05-01,Poland,Poland,-0.014886229550627725,-0.02587083900048614,-0.028141472570890797,-0.028368384661224624,-0.026042261610104867,0.546875
2021-05-01,Singapore,Singapore,-0.019113365335921027,-0.011074916082961076,-0.01694441127649299,-0.016036278990243003,-0.010767658450365186,0.59375
2021-05-01,South Africa,South Africa,-0.02470386871820616,-0.025086747886894394,-0.03720567057792466,-0.036170215614818424,-0.024739196829496622,0.625
2021-05-01,Spain,Spain,-0.022022537783707604,-0.04139264901953421,-0.044035645349286306,-0.044257760533232215,-0.0415389953815615,0.640625
2021-05-01,Sweden,Sweden,-0.02869590314073827,-0.015002032454282568,-0.020156156071457383,-0.02020587618680225,-0.015328920687571135,0.5625
2021-05-01,Switzerland,Switzerland,-0.019312157315678157,-0.0010250051494677427,-0.007315075680895339,-0.007175203710988858,-0.0011665221507459432,0.125
2021-05-01,Taiwan,Taiwan,-0.029294954707000505,-0.03787579465642387,-0.040175455975454216,-0.03915173297309443,-0.03726551944098432,0.5625
2021-05-01,Thailand,Thailand,-0.013600589036229974,-0.010314121120222414,-0.01680610723084213,-0.016990790755049716,-0.010559603041476046,0.359375
2021-05-01,Turkey,Turkey,-0.008902450472934722,-0.0340877066459989,-0.03494047121322054,-0.03389446160830574,-0.030993183400106095,0.515625
2021-05-01,U.K.,U.K.,-0.020435232510345756,-0.01661721122447476,-0.019394673272274822,-0.018800621835180394,-0.01647631781939942,0.484375
2021-05-01,U.S.,US,-0.028578742477284824,0.022430820060534967,0.01803450261700114,0.019503069530203056,0.023215726942719405,0.28125
2021-05-01,US SmallCap,US,-0.02830860299947448,0.023500969377335156,0.019183603139113256,0.02064763488342917,0.024267706924718604,0.625
2021-05-01,Vietnam,Vietnam,-0.01700302842803608,0.0020978726293101237,0.00019205977986067567,0.0002555327415337122,0.0020943982154979623,0.40625
2021-06-01,Australia,Australia,-0.02785787386561977,-0.03766802934754969,-0.044458164455913995,-0.04336647449950043,-0.037223715493264184,0.546875
2021-06-01,Brazil,Brazil,-0.014917271202367282,-0.022801366907823487,-0.03019129793422533,-0.030965719743823554,-0.0236257838807717,0.421875
2021-06-01,Canada,Canada,-0.029109798606075852,-0.014511230943715786,-0.01987065413536985,-0.01869409196823141,-0.014004041908254102,0.59375
2021-06-01,Chile,Chile,-0.01716817076382187,-0.04165512360298568,-0.040954488832944294,-0.04055128857405747,-0.040818589289357485,0.75
2021-06-01,ChinaA,China,-0.0164388859877499,-0.03559431492485306,-0.03589495241706609,-0.035769567408801994,-0.03568046822897203,0.53125
2021-06-01,ChinaH,China,-0.01707270702310044,-0.036550628426886736,-0.03701671567633212,-0.036859786831610786,-0.0366029247531604,0.40625
2021-06-01,Denmark,Denmark,-0.02255287462934661,0.038202993325068796,0.03406602435521228,0.03413508064729967,0.03811522962489386,0.265625
2021-06-01,France,France,-0.0275013034171609,-0.038875615866079474,-0.04205463427287183,-0.041872724175337064,-0.03887318778932393,0.625
2021-06-01,Germany,Germany,-0.02218130163766347,-0.009652088923041226,-0.011821038822973973,-0.011962150087458656,-0.00992157712602553,0.46875
2021-06-01,Hong Kong,Hong Kong,-0.02609907958872243,-0.021339861718777577,-0.027126457199618592,-0.0263894157686853,-0.02095780697313762,0.734375
2021-06-01,Indonesia,Indonesia,-0.01330772842836235,-0.015557631145114182,-0.020949588698518384,-0.0206154413853313,-0.01531836212837447,0.296875
2021-06-01,Italy,Italy,-0.02245049353848312,-0.04535832663848706,-0.04392849660183655,-0.04399614029017525,-0.045380739101368306,0.765625
2021-06-01,Japan,Japan,-0.019559451161952627,-0.035595117571131374,-0.039303916368439204,-0.039186210715451274,-0.03575577189556259,0.484375
2021-06-01,Korea,Korea,-0.027693802348153836,-0.04323447707782929,-0.05130296996659042,-0.05045400300909343,-0.04291590313134144,0.890625
2021-06-01,Malaysia,Malaysia,-0.014438762648734598,-0.04083315824577263,-0.041769974180297514,-0.04163073147663754,-0.040463186943593424,0.375
2021-06-01,Mexico,Mexico,-0.02622732951872671,-0.04089420721520784,-0.044612929206922655,-0.04404504249943017,-0.04079987787179598,0.578125
2021-06-01,NASDAQ,US,-0.023031676315475598,0.03261868698261698,0.027652905604985897,0.028683435461386683,0.03313107868147286,0.421875
2021-06-01,Netherlands,Netherlands,-0.02833664264849202,-0.006039257296709887,-0.009921113524797342,-0.00954130220354949,-0.005847511274001287,0.53125
2021-06-01,Philippines,Philippines,-0.013339941512333975,-0.04004032025974004,-0.03800371797676509,-0.038310735446492335,-0.04039731323448012,0.390625
2021-06-01,Poland,Poland,-0.01621385606702463,-0.034181668025008466,-0.03581070866392723,-0.03603650872012963,-0.0343935695217758,0.53125
2021-06-01,Singapore,Singapore,-0.021632811621027252,-0.0044598348037311695,-0.010053432408164316,-0.009210849245711073,-0.004130266472920785,0.71875
2021-06-01,South Africa,South Africa,-0.023048031730947424,-0.03784034290969063,-0.044558508608360345,-0.043348383477759836,-0.03730342596463111,0.640625
2021-06-01,Spain,Spain,-0.02264217635979239,-0.04276133273069346,-0.04265187734928935,-0.042567016958329415,-0.042672250877839185,0.609375
2021-06-01,Sweden,Sweden,-0.02912976515991494,-0.019456957713707153,-0.02133910214533806,-0.02109793440633944,-0.019577826607570074,0.546875
2021-06-01,Switzerland,Switzerland,-0.02056015760297989,-0.008640203492918103,-0.012244772039778737,-0.012054498918981811,-0.008750233766914191,0.15625
2021-06-01,Taiwan,Taiwan,-0.029681203312126165,-0.03666423207282525,-0.0381654205126548,-0.03719591546886061,-0.036116254620191926,0.609375
2021-06-01,Thailand,Thailand,-0.013113376167283097,-0.01620249665656673,-0.020775014085201216,-0.02064816723220668,-0.016264639282572754,0.296875
2021-06-01,Turkey,Turkey,-0.009535532960757629,-0.03793904218414558,-0.038291809794748735,-0.03805570527193987,-0.03719669954769032,0.515625
2021-06-01,U.K.,U.K.,-0.022368726361571042,-0.022634385954603316,-0.023627307148308112,-0.02257903921241701,-0.022138935353502802,0.5
2021-06-01,U.S.,US,-0.027760744606207467,0.03090450488195356,0.02537756069743845,0.02649587487069822,0.03147175158433714,0.328125
2021-06-01,US SmallCap,US,-0.027337715948080783,0.03195826198915541,0.026529185071794723,0.027638544547385947,0.03250550419490292,0.609375
2021-06-01,Vietnam,Vietnam,-0.015385809687847626,0.007254348218354065,0.004833334288478201,0.0047342135811100465,0.0071162877237184174,0.359375
2021-07-01,Australia,Australia,-0.013271642899522087,-0.03286212167751451,-0.036089528974778885,-0.03492516211004002,-0.0320358704106011,0.515625
2021-07-01,Brazil,Brazil,-0.011600829278219241,-0.032166519441021,-0.03588797949091502,-0.037292160565730835,-0.03360461250160105,0.5
2021-07-01,Canada,Canada,-0.017202858667111187,0.001538000764141019,-0.00023946286719917984,0.00040961079955514033,0.0018206553447295114,0.5625
2021-07-01,Chile,Chile,-0.012956982577232544,-0.044357588348015634,-0.041663764842209655,-0.03990418779694762,-0.042110263684014645,0.640625
2021-07-01,ChinaA,China,-0.012501129403884646,-0.03768266972400121,-0.03476540641640667,-0.035131609560801844,-0.03823254724696971,0.484375
2021-07-01,ChinaH,China,-0.0112118376553529,-0.036969033963400705,-0.0343400933735747,-0.03457526812947767,-0.03738556599785789,0.375
2021-07-01,Denmark,Denmark,-0.010268664223836196,0.056540104082693735,0.05524428465032405,0.05513491001759922,0.05639204800592372,0.34375
2021-07-01,France,France,-0.011080608822472315,-0.03261719773661639,-0.03239482688793063,-0.03290399912694675,-0.03321302960620348,0.609375
2021-07-01,Germany,Germany,-0.012234914239476488,-0.0002199192642606037,0.0023926383559715932,0.001580667661462606,-0.0010959225462288027,0.515625
2021-07-01,Hong Kong,Hong Kong,-0.015102316103626362,-0.024483036964338328,-0.02430940469460871,-0.023207203284723234,-0.023629672447998656,0.578125
2021-07-01,Indonesia,Indonesia,-0.013398671586807666,-0.024900249730342557,-0.029409982030941157,-0.02685803124148853,-0.02182412032090614,0.296875
2021-07-01,Italy,Italy,-0.010577612866682169,-0.041378054313147464,-0.036750709896348835,-0.03733574357820632,-0.041692084419711506,0.71875
2021-07-01,Japan,Japan,-0.01206723977480591,-0.037499257309224626,-0.03583626040754826,-0.037062941442057254,-0.03888873223954166,0.484375
2021-07-01,Korea,Korea,-0.01241005777629553,-0.04148411072269895,-0.044671381866509804,-0.044807320923579363,-0.04203128438525079,0.875
2021-07-01,Malaysia,Malaysia,-0.012981678770373765,-0.04457600478732482,-0.043752109826536836,-0.04067206836973106,-0.04058748960438181,0.390625
2021-07-01,Mexico,Mexico,-0.021725577341524093,-0.04281971301151555,-0.0438462062126863,-0.04365406511429917,-0.04300848093908084,0.640625
2021-07-01,NASDAQ,US,-0.00902767408218247,0.056205060322367814,0.05461755624530468,0.05547009285986837,0.05680148496391281,0.265625
2021-07-01,Netherlands,Netherlands,-0.014750058169302024,0.0025349482564177156,0.0027176301826121116,0.002797568341092266,0.0026180409515261186,0.484375
2021-07-01,Philippines,Philippines,-0.01560747686963438,-0.04682897541017332,-0.042238767162966,-0.04304359623733285,-0.04770710852631331,0.375
2021-07-01,Poland,Poland,-0.008635685366904835,-0.03330237846909155,-0.033112900432110556,-0.03410728712254263,-0.03421970110190711,0.671875
2021-07-01,Singapore,Singapore,-0.01506176778903753,-0.002482510712881439,-0.002339228145489542,-0.001463704696847189,-0.0019534910652859623,0.671875
2021-07-01,South Africa,South Africa,-0.023813818487362068,-0.04488894179764229,-0.046597241642741274,-0.03944617484049501,-0.03656504219074172,0.71875
2021-07-01,Spain,Spain,-0.011631720248371915,-0.03925946907285312,-0.03621566638864286,-0.03685271240862163,-0.03962551846626437,0.6875
2021-07-01,Sweden,Sweden,-0.01603797728934965,-0.002446403402947667,-0.0018671542628480534,-0.002688396821649468,-0.003394797812678001,0.578125
2021-07-01,Switzerland,Switzerland,-0.008156323572548895,0.006523931558407015,0.005302491768355611,0.005224962212331336,0.006233437788108719,0.171875
2021-07-01,Taiwan,Taiwan,-0.014413235030305803,-0.02941241288854061,-0.0248306478656238,-0.023537952386801134,-0.028371882760077103,0.609375
2021-07-01,Thailand,Thailand,-0.005922815535132391,-0.020238378036959156,-0.022438853224295632,-0.02282499279610892,-0.020808668747835005,0.28125
2021-07-01,Turkey,Turkey,-0.007540494338094993,-0.05158937443519837,-0.048468148847497075,-0.04594446910273722,-0.048648679180548646,0.515625
2021-07-01,U.K.,U.K.,-0.016957364749025435,-0.012326978092244326,-0.009563829886198433,-0.009041629935332298,-0.012023635253630378,0.609375
2021-07-01,U.S.,US,-0.014795563363309316,0.053513075893044826,0.0514450359198433,0.05241149484671451,0.054190851365565604,0.28125
2021-07-01,US SmallCap,US,-0.015716828322880405,0.05309935001193494,0.05111264252111962,0.0520612299734724,0.05375210172188452,0.578125
2021-07-01,Vietnam,Vietnam,-0.018603718966750966,0.004954571675482647,0.005073278644879,0.0048399361397168834,0.004661786890937785,0.46875
2021-08-01,Australia,Australia,-0.010852032884776147,-0.025326009154555594,-0.02906336000074902,-0.028588382191959135,-0.02495578151401659,0.5
2021-08-01,Brazil,Brazil,-0.01093643655283424,-0.025937214534748582,-0.029448363063855825,-0.03172201099553698,-0.02835801377998963,0.4375
2021-08-01,Canada,Canada,-0.013793621819647137,0.008219811666157217,0.006663769289510343,0.006871008991001799,0.008261530485457837,0.578125
2021-08-01,Chile,Chile,-0.009419051799601752,-0.030828645538753734,-0.030719494737310466,-0.03135603950162276,-0.03158448299716417,0.46875
2021-08-01,ChinaA,China,-0.007786616698646821,-0.029498426267360652,-0.027534927668073864,-0.028279777930864156,-0.030259815325137236,0.46875
2021-08-01,ChinaH,China,-0.007532162441035965,-0.029355025979071497,-0.027429486254404202,-0.028152534105017914,-0.030094428379265518,0.40625
2021-08-01,Denmark,Denmark,-0.008952571898624272,0.058561342081374826,0.05699627671160323,0.05699035116298541,0.05864687283322914,0.3125
2021-08-01,France,France,-0.008740722583592962,-0.03395535167615459,-0.032762807877582525,-0.03281931636064121,-0.03386387542815934,0.578125
2021-08-01,Germany,Germany,-0.009620148955120648,-0.004230769232875134,0.0015071084506731135,0.0015382296387619915,-0.004057997586585843,0.46875
2021-08-01,Hong Kong,Hong Kong,-0.014543626734944934,-0.012678726835675898,-0.015356554288838708,-0.014674479452953665,-0.012041955616978847,0.65625
2021-08-01,Indonesia,Indonesia,-0.010547570486086897,-0.03817840672889461,-0.039002292819391146,-0.0392147250206696,-0.038175655438212386,0.25
2021-08-01,Italy,Italy,-0.008436058772244149,-0.04260223466579757,-0.03752884826669377,-0.03785908992694707,-0.042564053997284024,0.71875
2021-08-01,Japan,Japan,-0.013070947332559448,-0.040286734428254124,-0.03661994577785278,-0.037547764663812475,-0.041258164340512465,0.5625
2021-08-01,Korea,Korea,-0.010083309637746552,-0.035988447506845996,-0.036869782258081824,-0.037464717090321176,-0.03676733892013903,0.875
2021-08-01,Malaysia,Malaysia,-0.009895151813390832,-0.038271702873667754,-0.03807633127351713,-0.034859403884207565,-0.0341025035949144,0.375
2021-08-01,Mexico,Mexico,-0.02134176470322465,-0.03921273039387421,-0.03985925373059232,-0.0399764301659548,-0.03971981625068252,0.625
2021-08-01,NASDAQ,US,-0.008548654148610791,0.05914223736713886,0.05717590313687759,0.05777050860978089,0.05959428937666082,0.390625
2021-08-01,Netherlands,Netherlands,-0.01169852617910527,0.0048235636506586115,0.0033684393810262357,0.0042108450217218825,0.005889365787932407,0.515625
2021-08-01,Philippines,Philippines,-0.01630850477692928,-0.030213660703641294,-0.02939976116798335,-0.03017057337414683,-0.0306728470252556,0.453125
2021-08-01,Poland,Poland,-0.0056726327091688135,-0.03043825985933719,-0.029652546673870673,-0.0307405319173592,-0.03142550542897173,0.59375
2021-08-01,Singapore,Singapore,-0.01355856727145395,0.004688102509062217,0.00451944523515907,0.0048369372179514255,0.0048599746696614925,0.703125
2021-08-01,South Africa,South Africa,-0.01897066405587687,-0.029360672535595433,-0.0361275946010335,-0.030316860029185873,-0.02260679310764356,0.5625
2021-08-01,Spain,Spain,-0.010006631320028304,-0.04132056494967844,-0.036217384768559256,-0.03645123450674677,-0.04117926249257314,0.71875
2021-08-01,Sweden,Sweden,-0.01161937483269777,0.00023165990986664768,0.001263281813551554,0.0007210723805564818,-0.00026003371001731036,0.53125
2021-08-01,Switzerland,Switzerland,-0.006763190016941756,0.004737075926346158,0.00435099249582281,0.005146114805299657,0.00538388231859761,0.203125
2021-08-01,Taiwan,Taiwan,-0.01132097629671392,-0.022043078111930122,-0.018320679842930572,-0.0173346311143008,-0.021236749210862015,0.546875
2021-08-01,Thailand,Thailand,-0.0063795912335354085,-0.018318520514860114,-0.020417195887500725,-0.021215436343649863,-0.0191942956921419,0.28125
2021-08-01,Turkey,Turkey,-0.00846423050693994,-0.049936480683429305,-0.04650100220206797,-0.04423112330521116,-0.04733517930005415,0.515625
2021-08-01,U.K.,U.K.,-0.014911116468154169,-0.004093298633004768,-0.003938482971394539,-0.003957394235520873,-0.004189184188737394,0.640625
2021-08-01,U.S.,US,-0.012395561258894598,0.05736682888608506,0.055031155362797124,0.05572374993560533,0.057894133313590904,0.359375
2021-08-01,US SmallCap,US,-0.015245036644846836,0.055893133238742204,0.05383510469223449,0.0543811068863575,0.05626409528779455,0.625
2021-08-01,Vietnam,Vietnam,-0.019922192429012053,0.0042817953026798375,0.004993835730852951,0.004894843739405659,0.004106074472528545,0.578125
2021-09-01,Australia,Australia,-0.007816339954202856,-0.02469954810322636,-0.027380651416124155,-0.027010632336641086,-0.024411378983581537,0.40625
2021-09-01,Brazil,Brazil,-0.011826680388119458,-0.02374169474062404,-0.027184668774246454,-0.029639608311242346,-0.0264299774845544,0.625
2021-09-01,Canada,Canada,-0.01105724379374872,0.009252515797941042,0.008653420795768262,0.008912247891578143,0.009367006404590664,0.53125
2021-09-01,Chile,Chile,-0.011125692306262324,-0.039101090677589496,-0.038286814809086495,-0.03868432380701857,-0.03950172656846791,0.5625
2021-09-01,ChinaA,China,-0.002500683596040742,-0.03414282820064405,-0.030554260326125193,-0.03126603535925767,-0.03480588465084035,0.390625
2021-09-01,ChinaH,China,-0.0029840716305489547,-0.03439708851237196,-0.03068363944537548,-0.03144334621604504,-0.03510989933695051,0.328125
2021-09-01,Denmark,Denmark,-0.009260539383743669,0.05938665764701613,0.057429687921832034,0.057123514942922476,0.05912300226976028,0.390625
2021-09-01,France,France,-0.007361126013405599,-0.03420441912131114,-0.03260521939815289,-0.03266839067213348,-0.03414663519245403,0.5625
2021-09-01,Germany,Germany,-0.007606735196187279,-0.0021366559293317473,0.0032597045908357436,0.0029327581198576418,-0.0023859156963695286,0.421875
2021-09-01,Hong Kong,Hong Kong,-0.01032988708590072,-0.005775606418492387,-0.008382170638950618,-0.00791735620770008,-0.005274755105037646,0.59375
2021-09-01,Indonesia,Indonesia,-0.008114615481659832,-0.023368003220033916,-0.025320228862263386,-0.025210906564160796,-0.023205923494272515,0.25
2021-09-01,Italy,Italy,-0.007726539128922643,-0.042159656495685496,-0.0367879747839142,-0.0370773664486095,-0.042137394593549454,0.734375
2021-09-01,Japan,Japan,-0.008988843660831991,-0.03744120880920636,-0.03379745988053753,-0.03452354854082376,-0.0382101208791385,0.515625
2021-09-01,Korea,Korea,-0.00811664055260225,-0.03467537165643575,-0.03439485277478144,-0.03501531158139526,-0.03546602545072132,0.90625
2021-09-01,Malaysia,Malaysia,-0.006078824918644382,-0.04094189558573774,-0.03855295589076451,-0.03855474182202616,-0.04073966589252133,0.390625
2021-09-01,Mexico,Mexico,-0.020172959246838186,-0.04185466174711536,-0.04111808855089388,-0.040858812434465056,-0.04195551074871806,0.671875
2021-09-01,NASDAQ,US,-0.00588251182639033,0.06178370492788947,0.05997359024117793,0.06046646570829127,0.062107350145020224,0.234375
2021-09-01,Netherlands,Netherlands,-0.01172924476071081,0.0023759734476641627,0.0020416551136816594,0.0023761570911451143,0.002787490199697422,0.5625
2021-09-01,Philippines,Philippines,-0.00891865650255181,-0.03131100721669127,-0.02973097543766726,-0.03091021228249379,-0.032225439181328364,0.375
2021-09-01,Poland,Poland,-0.004588755230174036,-0.03195392804820463,-0.027427141019699317,-0.028211175160611786,-0.03266337592671871,0.5625
2021-09-01,Singapore,Singapore,-0.013400923403925617,0.0030692607546457147,0.003053252635737261,0.003322314333657716,0.0030739244698268532,0.78125
2021-09-01,South Africa,South Africa,-0.019765985875318096,-0.027589188579456712,-0.03279424545336945,-0.02554684835414983,-0.01886089168339592,0.703125
2021-09-01,Spain,Spain,-0.008567137887466315,-0.04121020005575189,-0.035592240316155196,-0.0356496554326339,-0.04090585920155472,0.6875
2021-09-01,Sweden,Sweden,-0.011473169312256507,-0.0014387411500859978,0.00017251713467738607,-0.00041772006243784125,-0.0020294237084143903,0.53125
2021-09-01,Switzerland,Switzerland,-0.007025103336308233,0.007843623776502402,0.007169218348641683,0.007964840444559515,0.008592309034163751,0.265625
2021-09-01,Taiwan,Taiwan,-0.011059093545449088,-0.024045131979485306,-0.019167497800251135,-0.018133952387872285,-0.023236022263216877,0.546875
2021-09-01,Thailand,Thailand,-0.0031986946331156512,-0.006078890834619113,-0.009213961767982204,-0.01028506880953315,-0.00693740111668973,0.3125
2021-09-01,Turkey,Turkey,-0.010939228396434943,-0.04896503390320783,-0.046207355665649555,-0.046469449538711016,-0.049433819751832406,0.609375
2021-09-01,U.K.,U.K.,-0.013079557684601914,0.0030061318097076503,0.00021647587593843186,-0.0006679963066556979,0.0019516405983647303,0.609375
2021-09-01,U.S.,US,-0.009842424032240806,0.059913179229459726,0.05774981256613118,0.058317565068137026,0.060290915579730875,0.328125
2021-09-01,US SmallCap,US,-0.011766962983507899,0.05884585641499185,0.05701253425258944,0.05741116733969388,0.05905172048093989,0.59375
2021-09-01,Vietnam,Vietnam,-0.016443056751042826,0.004733313369709134,0.00650853578143162,0.00604341204360655,0.004258386180102373,0.515625
2021-10-01,Australia,Australia,-0.012461541425400171,-0.02415844464219628,-0.027899818326045725,-0.027421116552219096,-0.02387766078454396,0.484375
2021-10-01,Brazil,Brazil,-0.01314332809605214,-0.017009411267802425,-0.02047020654247828,-0.02307813154431382,-0.019864141721068936,0.6484375
2021-10-01,Canada,Canada,-0.014207695918045986,0.008648468577299534,0.009637490284330138,0.009792184879268327,0.00854395615085381,0.578125
2021-10-01,Chile,Chile,-0.013133948083382113,-0.02171151073449097,-0.02773377539982139,-0.028523209707212154,-0.02279731266026746,0.59375
2021-10-01,ChinaA,China,-0.002487793909152952,-0.023193095026297378,-0.02193248047597347,-0.02297507598517582,-0.02435809659554579,0.359375
2021-10-01,ChinaH,China,-0.003974955465406932,-0.023986353758632402,-0.022369568281896117,-0.02355676309639862,-0.025300691274731196,0.3125
2021-10-01,Denmark,Denmark,-0.01032338758523469,0.05660808011335555,0.055130826192671026,0.05487895837003133,0.05635505241763854,0.265625
2021-10-01,France,France,-0.010286320229472266,-0.03586703154994647,-0.03363698109962112,-0.033687074082067225,-0.035928079452840565,0.6171875
2021-10-01,Germany,Germany,-0.009941922525522454,-0.002885208643338859,0.0021573892759162716,0.0016261129947003575,-0.003469135541765471,0.421875
2021-10-01,Hong Kong,Hong Kong,-0.01275650521557313,-0.002561285389586371,-0.004449041113947065,-0.004455308657227211,-0.002545812195006573,0.578125
2021-10-01,Indonesia,Indonesia,-0.015768223242644416,-0.02434242985928274,-0.028417897871608075,-0.027781914436963085,-0.02379315681128013,0.34375
2021-10-01,Italy,Italy,-0.010277606989605899,-0.04292506353397811,-0.03761107092089458,-0.03795146528552288,-0.0430688207108051,0.734375
2021-10-01,Japan,Japan,-0.009590953780564716,-0.03542157761075028,-0.031223974477796696,-0.03150893361393399,-0.03584146046120876,0.453125
2021-10-01,Korea,Korea,-0.006590645004321338,-0.027029733616773823,-0.0265304584094741,-0.02739629749267321,-0.028034941206679976,0.84375
2021-10-01,Malaysia,Malaysia,-0.01093293946888539,-0.040640324539937864,-0.03883176334931665,-0.03806707356342954,-0.03953336650935052,0.390625
2021-10-01,Mexico,Mexico,-0.026254049961336574,-0.03738223162577607,-0.03647599472651859,-0.02685406238575386,-0.0256941901104456,0.859375
2021-10-01,NASDAQ,US,-0.010288667953783168,0.05802571140409668,0.05867397635408089,0.05914992454900003,0.058255949918763636,0.359375
2021-10-01,Netherlands,Netherlands,-0.012022939730197146,-1.812028428629063e-05,-0.0004942132631967581,-0.00019761162974287969,0.0002533813291698637,0.5625
2021-10-01,Philippines,Philippines,-0.013321171657952813,-0.03149277794967302,-0.031016050021243507,-0.0317870052227813,-0.03204430135367171,0.328125
2021-10-01,Poland,Poland,-0.009284655557683657,-0.03175772265653615,-0.028042334338839372,-0.029468197448871972,-0.03334995581225099,0.703125
2021-10-01,Singapore,Singapore,-0.012402433476486506,0.007816065902580053,0.006517763120612523,0.006417338101052859,0.007447826747657493,0.59375
2021-10-01,South Africa,South Africa,-0.019203659448567507,-0.02125169151100703,-0.027527990224534674,-0.02144354099103396,-0.01400456452777803,0.5
2021-10-01,Spain,Spain,-0.011395124774785428,-0.04186843610325586,-0.036586826516252044,-0.03678414047349968,-0.04185334253116184,0.703125
2021-10-01,Sweden,Sweden,-0.011275157817291588,0.0007797976920543223,0.0016426672659797768,0.0010902106029156266,0.00020818261346073653,0.4375
2021-10-01,Switzerland,Switzerland,-0.007259658515847915,0.007396386281669175,0.006582790496781735,0.006648883084158296,0.007248845379029322,0.1875
2021-10-01,Taiwan,Taiwan,-0.011294303228376563,-0.021511587125282835,-0.015056022311662027,-0.014492696096003543,-0.021219755327341574,0.5625
2021-10-01,Thailand,Thailand,-0.009404055746228306,-0.009009522663971231,-0.01398370354328682,-0.014954820226684536,-0.010055556052846535,0.359375
2021-10-01,Turkey,Turkey,-0.013022385082413195,-0.043572935345895916,-0.04305594275061225,-0.04039808499071506,-0.040491865613239836,0.59375
2021-10-01,U.K.,U.K.,-0.016585436699802697,0.008984023459159076,0.003699237830705835,0.0020623811325330785,0.007043054284801894,0.6875
2021-10-01,U.S.,US,-0.014181204148280183,0.05617112998642948,0.056472945440549205,0.057015388892863755,0.056448451805444624,0.328125
2021-10-01,US SmallCap,US,-0.013706040558202452,0.05631048226878989,0.05693757553899781,0.057356949106017685,0.05647110619619654,0.609375
2021-10-01,Vietnam,Vietnam,-0.016717840732336533,0.002685774577994439,0.006663929007886146,0.006117145738733624,0.0020631476417164087,0.5
2021-11-01,Australia,Australia,-0.01117917179379907,-0.024570394847596544,-0.0290791736298644,-0.03019477955995711,-0.026181240790001836,0.46875
2021-11-01,Brazil,Brazil,-0.01128823308299252,-0.005215804472246063,-0.011125109124718634,-0.01553222536558076,-0.009790186846061073,0.484375
2021-11-01,Canada,Canada,-0.013493874055762724,0.006149627303898984,0.006359467294002049,0.005322267973868075,0.004686189871945544,0.59375
2021-11-01,Chile,Chile,-0.011433458001930213,-0.005320259398562434,-0.014391716804961803,-0.015766147913835203,-0.006672139673763691,0.609375
2021-11-01,ChinaA,China,-0.0005764511784784477,-0.022129166304877813,-0.0208654600943348,-0.021793797175151,-0.023255437686355004,0.375
2021-11-01,ChinaH,China,-0.0019324390401181928,-0.022846310230282316,-0.0212761625492223,-0.0223286826025852,-0.02410137558402019,0.34375
2021-11-01,Denmark,Denmark,-0.006710639969312728,0.06177676474390102,0.05792958991615048,0.05776817455506586,0.061566446173399195,0.28125
2021-11-01,France,France,-0.009920007718079315,-0.028061202324484516,-0.029896511893241242,-0.0307216836800492,-0.029095081666989188,0.640625
2021-11-01,Germany,Germany,-0.012439293748569542,0.004104829410386061,0.005130996273906856,0.003223167080364015,0.0018896255088076287,0.53125
2021-11-01,Hong Kong,Hong Kong,-0.011003118745335464,-0.008647206515638724,-0.00899909259147616,-0.008925307871999792,-0.008700864912476743,0.53125
2021-11-01,Indonesia,Indonesia,-0.013360048375918959,-0.042565610525106684,-0.044356756058180666,-0.044278550395677185,-0.042406222965016394,0.265625
2021-11-01,Italy,Italy,-0.011509278207168794,-0.03459990024278389,-0.03381720148160122,-0.035214564248574026,-0.03595589507106635,0.84375
2021-11-01,Japan,Japan,-0.011303985359900235,-0.033215630115121186,-0.02940190112215573,-0.030471352993277325,-0.034517315805682056,0.53125
2021-11-01,Korea,Korea,-0.005019385515565701,-0.025902245095843688,-0.02725172029718272,-0.02948732733745679,-0.0285399959187746,0.703125
2021-11-01,Malaysia,Malaysia,-0.009594450550487516,-0.043426539553737875,-0.04115932007915443,-0.0402902084056591,-0.04227555139907764,0.40625
2021-11-01,Mexico,Mexico,-0.016813637215508832,-0.03212239325408642,-0.03308336727681184,-0.0347548615359311,-0.034184634661852786,0.703125
2021-11-01,NASDAQ,US,-0.008291181427794947,0.06195861966103565,0.061325545105246,0.061129549391552615,0.06149523545387442,0.296875
2021-11-01,Netherlands,Netherlands,-0.010138651178463251,0.003386441183266028,0.002507529643753975,0.0014262269102990662,0.0019886147774966292,0.53125
2021-11-01,Philippines,Philippines,-0.009618834899501395,-0.039380724082907465,-0.03817782538846927,-0.03854824385064709,-0.03975264308208032,0.328125
2021-11-01,Poland,Poland,-0.014890361798701138,-0.025028567025646944,-0.025822985209533664,-0.029138352111319387,-0.028628947580590133,0.9375
2021-11-01,Singapore,Singapore,-0.012997729227468297,0.006767900775507367,0.004979314294678277,0.004151192069014896,0.005464973507058615,0.71875
2021-11-01,South Africa,South Africa,-0.016530757266802316,-0.021212167258943933,-0.026788872600185476,-0.025091227537783013,-0.019402788362116945,0.484375
2021-11-01,Spain,Spain,-0.011148088514489299,-0.03558757244998033,-0.033195385849977416,-0.0339431871975739,-0.036311239184785335,0.765625
2021-11-01,Sweden,Sweden,-0.010271425055279825,0.005551393020799983,0.004548470565829021,0.0023516670852830168,0.0030705333981309556,0.46875
2021-11-01,Switzerland,Switzerland,-0.006488762316545538,0.010209704413755981,0.007158411410537854,0.0074252699830679725,0.009950003925574068,0.1875
2021-11-01,Taiwan,Taiwan,-0.009434303009945109,-0.018072464412711316,-0.012496889792877266,-0.011988083522764268,-0.017759129230959993,0.484375
2021-11-01,Thailand,Thailand,-0.008221859195424968,-0.004624027463483756,-0.011270731668714949,-0.012815997588219889,-0.006195354881762684,0.359375
2021-11-01,Turkey,Turkey,-0.012975837222644719,-0.03542735058822753,-0.03669439311026368,-0.03721619834553243,-0.0361821274116417,0.640625
2021-11-01,U.K.,U.K.,-0.018035773812571407,0.007700604603149988,0.004581946639700992,0.0017461111223737585,0.004486853202389446,0.703125
2021-11-01,U.S.,US,-0.011984058124296952,0.06022529464096024,0.05920265845332426,0.059097691450741924,0.059833184044773974,0.34375
2021-11-01,US SmallCap,US,-0.011364329102842196,0.060398690702777105,0.0598022965539379,0.05953264600333018,0.059850734789287305,0.578125
2021-11-01,Vietnam,Vietnam,-0.014601876622464791,0.0030895864792161304,0.005829316172208283,0.005802747374106083,0.0030853462619405414,0.359375
2021-12-01,Australia,Australia,-0.009364554684644396,-0.017154175568593787,-0.023972854484939066,-0.02541431045043063,-0.018852179063662232,0.484375
2021-12-01,Brazil,Brazil,-0.009242688621981219,-0.0004296451764395654,-0.005260146216560601,-0.004511623405723317,-0.0006223427128393497,0.34375
2021-12-01,Canada,Canada,-0.01264407706185745,0.016147794254644868,0.01219269815208476,0.011069637170811445,0.014831287979176901,0.65625
2021-12-01,Chile,Chile,-0.008578203048627095,0.009689923482710843,-0.0019669639566610147,-0.003816857385232377,0.007821143651278725,0.515625
2021-12-01,ChinaA,China,-0.0005945274603745138,-0.010152492377491197,-0.010731932009737563,-0.012204616403397026,-0.011861255196916758,0.375
2021-12-01,ChinaH,China,-0.0028567719003242467,-0.011362767233727403,-0.011411597080526133,-0.01310274602087963,-0.01329690484827745,0.328125
2021-12-01,Denmark,Denmark,-0.009072435707218789,0.05690501728030205,0.05709544356310875,0.056630237904098685,0.05653746360551257,0.453125
2021-12-01,France,France,-0.009332402617299784,-0.01769807454519917,-0.019923923909292013,-0.019744645403237164,-0.017202446439125777,0.53125
2021-12-01,Germany,Germany,-0.0124362069575113,0.01476280569302197,0.0151322547187768,0.01424157213904479,0.014132131616741917,0.546875
2021-12-01,Hong Kong,Hong Kong,-0.010226252734334501,-0.003954486684962737,-0.004598800335568683,-0.004739932903004439,-0.004151520809699206,0.625
2021-12-01,Indonesia,Indonesia,-0.013230285706591271,-0.0406107759229955,-0.042053814978864984,-0.04155765311066065,-0.04003237425290818,0.359375
2021-12-01,Italy,Italy,-0.012532263436052914,-0.023085967291928737,-0.023661483271406616,-0.024740275400323208,-0.023905910677153572,0.703125
2021-12-01,Japan,Japan,-0.00935461674729576,-0.023176782304235657,-0.022254089158347905,-0.023092191960168734,-0.023940195297396407,0.515625
2021-12-01,Korea,Korea,-0.005080571436445483,-0.022758490508858625,-0.02291144128852795,-0.024861666455696915,-0.024868997879330598,0.65625
2021-12-01,Malaysia,Malaysia,-0.009316636601723051,-0.03756276804540888,-0.03561943885127693,-0.03410553985782741,-0.035606646052761634,0.4375
2021-12-01,Mexico,Mexico,-0.014807672052224264,-0.014022038356389106,-0.018421036762284522,-0.02049868563288101,-0.016441683653219793,0.546875
2021-12-01,NASDAQ,US,-0.008047997711271956,0.06501865540651984,0.06305535154355982,0.0625725749939248,0.06433190366385973,0.4375
2021-12-01,Netherlands,Netherlands,-0.008274787858804325,0.02023222230174166,0.015815490562994566,0.0160147537125528,0.02080772345861433,0.5625
2021-12-01,Philippines,Philippines,-0.008762977151298697,-0.028948833175428568,-0.0300078307884676,-0.02999874086619728,-0.028905717698064527,0.375
2021-12-01,Poland,Poland,-0.01227760818736781,-0.0082822881575319,-0.010876016426701244,-0.015506675512218966,-0.012916479626920859,0.765625
2021-12-01,Singapore,Singapore,-0.01282067924618156,0.012011971160836559,0.011355523394823,0.010484958512949855,0.010846510212944097,0.671875
2021-12-01,South Africa,South Africa,-0.01421961678527245,-0.010031477113207319,-0.018059223631205226,-0.01700083511618271,-0.009165367047852388,0.484375
2021-12-01,Spain,Spain,-0.011747867575790908,-0.021853973699602874,-0.02192036248556907,-0.022577415977683445,-0.022149203886523895,0.671875
2021-12-01,Sweden,Sweden,-0.010144263238759865,0.028489461448193396,0.023282385559150794,0.021755930229555073,0.027422293937462146,0.46875
2021-12-01,Switzerland,Switzerland,-0.007343295537768045,0.017570627267811587,0.014628164296909756,0.015037834511581218,0.017827436898510875,0.328125
2021-12-01,Taiwan,Taiwan,-0.007540118042065139,-0.01228737828724739,-0.007740219787387042,-0.007406904405323935,-0.012101413921687473,0.484375
2021-12-01,Thailand,Thailand,-0.0069560051500654994,-0.0050490325099833665,-0.012526457890986532,-0.01372850589666749,-0.006260445008359541,0.328125
2021-12-01,Turkey,Turkey,-0.0077247509057047775,-0.005954657666669631,-0.012858126151452369,-0.013895212062059112,-0.006938684526113821,0.53125
2021-12-01,U.K.,U.K.,-0.015788915394908763,0.009708394137251615,0.009429397781393997,0.007569860166004538,0.007760306139232204,0.734375
2021-12-01,U.S.,US,-0.011246629063732281,0.06348648740107952,0.0612197710177973,0.060793186681404016,0.062840611938445,0.46875
2021-12-01,US SmallCap,US,-0.01081693030097188,0.06365972177361372,0.06196141268250141,0.06136922104373822,0.06284939057176112,0.53125
2021-12-01,Vietnam,Vietnam,-0.014653400749763996,0.003407363905094919,0.006133446849720583,0.007113818282554356,0.00455294293543005,0.578125
2022-01-01,Australia,Australia,-0.005299223071999175,-0.02629055593567437,-0.030219672781646237,-0.031090666977252327,-0.027470696902956022,0.453125
2022-01-01,Brazil,Brazil,-0.008008617472193148,-0.00659847932085909,-0.0087877730538133,0.0001991541001685592,0.0009069796370541217,0.328125
2022-01-01,Canada,Canada,-0.008876552825878048,0.013386897146589166,0.010690157902534931,0.009799586349450277,0.012347101745702839,0.640625
2022-01-01,Chile,Chile,-0.008302340277370155,-0.005335272652996978,-0.013235407313733977,-0.01477100676555039,-0.006474595547146363,0.53125
2022-01-01,ChinaA,China,0.0012355385196784995,-0.020166330869715324,-0.019257967277814335,-0.02038366305710842,-0.02123084101135917,0.375
2022-01-01,ChinaH,China,-0.002021546316141985,-0.021915632808665195,-0.02023950012957145,-0.021683724027261705,-0.023308203227175625,0.40625
2022-01-01,Denmark,Denmark,-0.005213612286536103,0.06558398889936216,0.06445220648117711,0.06355853166668202,0.06472271167801308,0.40625
2022-01-01,France,France,-0.005621166569495137,-0.024458290264957223,-0.025408489222483857,-0.025759367382349043,-0.0248554752369557,0.578125
2022-01-01,Germany,Germany,-0.007659782875657561,0.009165234681737591,0.01091512969408192,0.00945391676382681,0.007590861737781961,0.5
2022-01-01,Hong Kong,Hong Kong,-0.007511561428549246,-0.001458512182303787,-0.002026275561037169,-0.0022237633764185935,-0.0016811587120427393,0.65625
2022-01-01,Indonesia,Indonesia,-0.011337441914143079,-0.027492863208060835,-0.03078764722762365,-0.029186065615817155,-0.02580668709762846,0.421875
2022-01-01,Italy,Italy,-0.008507323794625588,-0.02849033472681708,-0.027254869915183298,-0.028480833065951016,-0.029726509364903404,0.6875
2022-01-01,Japan,Japan,-0.006898399926532917,-0.036311510210841294,-0.03321692934904476,-0.034165601986643424,-0.037417888463008794,0.5625
2022-01-01,Korea,Korea,-0.005631336216207751,-0.026865534574365704,-0.027396218511932066,-0.028495702602330447,-0.028199711856565394,0.546875
2022-01-01,Malaysia,Malaysia,-0.0037655187368036483,-0.042639173927688415,-0.04015717296416556,-0.04052191603738586,-0.042939238969362636,0.453125
2022-01-01,Mexico,Mexico,-0.008933718439178805,-0.026980984009319343,-0.026450286008700582,-0.028421602040680557,-0.029100547313675357,0.484375
2022-01-01,NASDAQ,US,-0.006321690309994769,0.06877977231740147,0.06439891961249417,0.06360624272057619,0.06782288329265697,0.484375
2022-01-01,Netherlands,Netherlands,-0.004779950836291079,0.010530596082128384,0.009813831912920842,0.009380950899211257,0.010077187849107775,0.5625
2022-01-01,Philippines,Philippines,-0.007827963690721433,-0.030961473719479115,-0.03191744251659176,-0.03236792865711932,-0.03121046639676409,0.484375
2022-01-01,Poland,Poland,-0.008457149757170535,-0.03640244380548684,-0.030547502265379414,-0.034768120418672215,-0.04039695935769542,0.703125
2022-01-01,Singapore,Singapore,-0.008607695296847084,0.011382539524942312,0.009821002134619786,0.0090970914810975,0.010390154108824677,0.65625
2022-01-01,South Africa,South Africa,-0.011942728497672521,-0.01899706805752241,-0.02495839428802394,-0.024410778993902583,-0.01851096393753006,0.46875
2022-01-01,Spain,Spain,-0.006139521855471677,-0.027885948872463824,-0.025907485463741747,-0.026215350175164527,-0.028072235839007913,0.578125
2022-01-01,Sweden,Sweden,-0.005756586426335247,0.012425805871236421,0.011423251274981002,0.009846042520574676,0.010816932153070571,0.5
2022-01-01,Switzerland,Switzerland,-0.0016999355047869844,0.009771011579311564,0.009132343315575303,0.009258427798500966,0.009588015236094587,0.390625
2022-01-01,Taiwan,Taiwan,-0.0061224354293925405,-0.007169044989454462,-0.005681413194102344,-0.005387197025811865,-0.006986901947332074,0.53125
2022-01-01,Thailand,Thailand,-0.004000397766910923,-0.012408546468794824,-0.016877751152096974,-0.01754133745891475,-0.012978901169415783,0.328125
2022-01-01,Turkey,Turkey,-0.003887266717273751,0.0036429220530518527,-0.006385366863800189,-0.007554281190790588,0.0025366280304442157,0.5
2022-01-01,U.K.,U.K.,-0.010665713274517813,0.006429386904082485,0.007688999326890801,0.005653724640796429,0.0041842729127008794,0.671875
2022-01-01,U.S.,US,-0.008431290638638523,0.06776389618757862,0.06301245070501423,0.06230100625941097,0.06687945651401907,0.53125
2022-01-01,US SmallCap,US,-0.00829862474175915,0.06787074267819408,0.06371936531378103,0.06286414444912496,0.06683701748628051,0.53125
2022-01-01,Vietnam,Vietnam,-0.012662154219987247,-0.0029972653645310692,0.0010844095330223187,0.0030295906481646144,-0.0006739387705315455,0.546875
2022-02-01,Australia,Australia,-0.007104120129429935,-0.0223814593744064,-0.023637256878562125,-0.024379324713083197,-0.023112598264787326,0.453125
2022-02-01,Brazil,Brazil,-0.013322385889972031,-0.0126007078089959,-0.01206827301688327,-0.008860361177860132,-0.009993891048868131,0.515625
2022-02-01,Canada,Canada,-0.012365637261636905,0.014515603135903297,0.013262734552236359,0.012246878062121984,0.013450971491038122,0.6875
2022-02-01,Chile,Chile,-0.005321810556798926,-0.022355754769308407,-0.02793943494388534,-0.02907249110742695,-0.0236327418450822,0.421875
2022-02-01,ChinaA,China,-0.002993553803895277,-0.01462114684037977,-0.016722129123003412,-0.017666273695340663,-0.015807096486170822,0.40625
2022-02-01,ChinaH,China,-0.0032019070883480575,-0.01471451798400332,-0.016805509635582073,-0.0177513184502955,-0.015903714226715927,0.359375
2022-02-01,Denmark,Denmark,-0.005043593735934417,0.06606626248068599,0.06536539139883081,0.06341677908719381,0.06404255848727368,0.453125
2022-02-01,France,France,-0.009385065282940001,-0.025904428682190637,-0.024989972348718963,-0.02516909567279743,-0.02605320583648773,0.625
2022-02-01,Germany,Germany,-0.009811233555153634,0.012572386350512037,0.014094561648069083,0.012240038978462802,0.010633536563282909,0.515625
2022-02-01,Hong Kong,Hong Kong,-0.006817899209443607,-0.0014479829337178188,-0.0016959756086885932,-0.0018775463116148926,-0.0016695463294792243,0.578125
2022-02-01,Indonesia,Indonesia,-0.012487166688531488,-0.025739056289864858,-0.030089061753729728,-0.028684451692944566,-0.02439131342178156,0.375
2022-02-01,Italy,Italy,-0.011443411941204868,-0.027524459448697355,-0.025572041558090196,-0.026301573372849118,-0.0280447936609734,0.75
2022-02-01,Japan,Japan,-0.0077864427892238176,-0.030791399369041288,-0.031146274153724965,-0.03234175317593291,-0.032326169651956664,0.53125
2022-02-01,Korea,Korea,-0.006397723479722062,-0.01962012969946643,-0.021438340913452217,-0.023141042172212987,-0.021480823304934102,0.59375
2022-02-01,Malaysia,Malaysia,-0.006028916249678551,-0.0346563851847084,-0.035500664939240256,-0.03599319950268222,-0.035157274429212425,0.4375
2022-02-01,Mexico,Mexico,-0.013539672673560797,-0.023654174469216912,-0.02436401135408539,-0.026281572731054196,-0.025639662331321575,0.671875
2022-02-01,NASDAQ,US,-0.0053981705428691445,0.06948534525221707,0.06499881851626695,0.06336822043986887,0.06769526738104861,0.390625
2022-02-01,Netherlands,Netherlands,-0.0031891767418774824,0.015745799203872153,0.015582023845374295,0.012865217425944434,0.012883219673465101,0.5
2022-02-01,Philippines,Philippines,-0.009975372476677109,-0.020804872394095925,-0.025170254492910035,-0.02614510729995814,-0.02183898455653327,0.453125
2022-02-01,Poland,Poland,-0.009873531367163445,-0.033009116621225125,-0.028524061486911362,-0.032536651094801035,-0.036776119418367406,0.734375
2022-02-01,Singapore,Singapore,-0.008588597405219472,0.014967496500895155,0.012839873175567028,0.0121265014523456,0.014141438428003219,0.546875
2022-02-01,South Africa,South Africa,-0.01126788023997764,-0.016838289491521705,-0.02298913123124645,-0.023084109696803412,-0.017048381150739946,0.421875
2022-02-01,Spain,Spain,-0.008761101630357596,-0.02387939074371799,-0.023219491365896745,-0.024133518450066734,-0.024683952816651752,0.671875
2022-02-01,Sweden,Sweden,-0.0069673643646661195,0.020816701823736655,0.019939043970730538,0.01784076836317821,0.01896114140080444,0.453125
2022-02-01,Switzerland,Switzerland,-0.005747554556942383,0.01832188133268794,0.013612931276078034,0.013114720798846024,0.017492575507385814,0.421875
2022-02-01,Taiwan,Taiwan,-0.00663584877511318,-0.007219356350249312,-0.005347699378161655,-0.005188780951993242,-0.0072133958168450925,0.421875
2022-02-01,Thailand,Thailand,-0.0062470591332894915,-0.016824898261304004,-0.01911248273955672,-0.01922932973354103,-0.016957411096454204,0.34375
2022-02-01,Turkey,Turkey,-0.005058977821616321,-0.015663559894248127,-0.022348440504213175,-0.023172605068560233,-0.016715451320138255,0.53125
2022-02-01,U.K.,U.K.,-0.014131062536959085,0.0073425640247422215,0.008489448839276829,0.005777022469096584,0.004397856367197844,0.71875
2022-02-01,U.S.,US,-0.011288129647315981,0.0667922942243544,0.06160793079530286,0.060174420172318124,0.06516361684017585,0.53125
2022-02-01,US SmallCap,US,-0.007945056742997192,0.06835114709362049,0.06412958174543039,0.06244278862276671,0.0664842550603159,0.4375
2022-02-01,Vietnam,Vietnam,-0.014040794870912322,-0.002146345277781991,-0.00011590485193727074,0.005935052782394441,0.005150240785151281,0.546875
2022-03-01,Australia,Australia,-0.004045281520484908,-0.01195255519343718,-0.015479615783280382,-0.017260781135894437,-0.013951856574298555,0.34375
2022-03-01,Brazil,Brazil,-0.008852037749644113,-0.009726061963799097,-0.011839892448670647,-0.009548991245730595,-0.007840526180411686,0.46875
2022-03-01,Canada,Canada,-0.00940270661223193,0.014341231489033608,0.014505717102212812,0.013059452392841706,0.012786955435452035,0.640625
2022-03-01,Chile,Chile,-0.006406841721866561,-0.018259780856888272,-0.025246254708652202,-0.026372587115765685,-0.019350477831550045,0.40625
2022-03-01,ChinaA,China,-0.0024941233110502775,-0.007502403107913402,-0.01165545695336609,-0.012555072359547486,-0.008775412231032686,0.390625
2022-03-01,ChinaH,China,-0.0037512286320468477,-0.008163429518224147,-0.012047701200477776,-0.013056609076447994,-0.009550165112398788,0.375
2022-03-01,Denmark,Denmark,-0.0017125932639309883,0.06868208858468434,0.0672353173594029,0.06530654562960905,0.0665551611478308,0.40625
2022-03-01,France,France,-0.009197862670890069,-0.006045953109276827,-0.011587871046723966,-0.014410068181493652,-0.009123418941652311,0.71875
2022-03-01,Germany,Germany,-0.009650803814139675,0.02808730989349872,0.025448855930222506,0.02351488504895551,0.026373116493771245,0.5625
2022-03-01,Hong Kong,Hong Kong,-0.006895971476706878,-7.469101648733233e-05,-0.0008203619384215752,-0.0010665274407783993,-0.0003476130948596983,0.515625
2022-03-01,Indonesia,Indonesia,-0.01137483390305613,-0.014814238761781374,-0.024018489793656006,-0.02372361199451038,-0.014991419917646959,0.390625
2022-03-01,Italy,Italy,-0.011010207337794242,-0.012245542657974388,-0.013853652218601896,-0.015284240590817282,-0.013453396193210667,0.75
2022-03-01,Japan,Japan,-0.007606359139032979,-0.029058777619919804,-0.027890468928274934,-0.027468780811421747,-0.02849276673133232,0.546875
2022-03-01,Korea,Korea,-0.005532400709712437,-0.015142990750117463,-0.018745244849537088,-0.020854351232860963,-0.017622132279945753,0.546875
2022-03-01,Malaysia,Malaysia,-0.005142710007470824,-0.026406256732882265,-0.029756616273833972,-0.029347644483668372,-0.025761159887455757,0.4375
2022-03-01,Mexico,Mexico,-0.012145133273957304,-0.024655004615511143,-0.02490918874641793,-0.02707245245556469,-0.02703974501085241,0.671875
2022-03-01,NASDAQ,US,-0.0021644614973320804,0.07056597568335506,0.06705027520572907,0.06481444334003038,0.06819813561462895,0.359375
2022-03-01,Netherlands,Netherlands,-0.001431643977264474,0.02923717909046861,0.02558728622800648,0.021904965656767163,0.025435606205721172,0.34375
2022-03-01,Philippines,Philippines,-0.010611003928122137,-0.020358146478324304,-0.02766316765456085,-0.028491008541092464,-0.021719967640024786,0.5625
2022-03-01,Poland,Poland,-0.010021906298131104,0.02583774684635917,0.014922942645092866,0.009890651885541949,0.020625937241383202,0.84375
2022-03-01,Singapore,Singapore,-0.008377559904667615,0.018640998914546892,0.015509274713420684,0.014128286976586156,0.017118245715783444,0.609375
2022-03-01,South Africa,South Africa,-0.01148395311315748,-0.03147514214147348,-0.03610872910528065,-0.03662782150257694,-0.03206257057585386,0.515625
2022-03-01,Spain,Spain,-0.009990298004671367,-0.007571859330541927,-0.010748407552959045,-0.013596359168153648,-0.010364134880955682,0.640625
2022-03-01,Sweden,Sweden,-0.0056046557768617234,0.03219320914574114,0.029775747479611345,0.02710048547508954,0.02989559378691844,0.4375
2022-03-01,Switzerland,Switzerland,-0.0038050215061432345,0.01987670479151371,0.014025826246660444,0.012169003705161417,0.017513245222257234,0.5
2022-03-01,Taiwan,Taiwan,-0.006624211808160193,0.006261750423306317,0.0056633769785556475,0.005412013185551902,0.006182413066878438,0.46875
2022-03-01,Thailand,Thailand,-0.006657152922499625,-0.011380607637114258,-0.014896812547099205,-0.015144181290332813,-0.011772185708077983,0.40625
2022-03-01,Turkey,Turkey,-0.008346762794163024,-0.020499734787215798,-0.02694822522507399,-0.027874965013167465,-0.021801409351346487,0.546875
2022-03-01,U.K.,U.K.,-0.013007313150900675,0.015506887602719385,0.013674449104147089,0.010532500517857462,0.012061417969609065,0.78125
2022-03-01,U.S.,US,-0.00857882668488191,0.06753946214605078,0.06363328258296364,0.06147065288410947,0.06520989823014167,0.5
2022-03-01,US SmallCap,US,-0.006155988945106841,0.06881039713574535,0.06553369820467511,0.06326739680283315,0.06637936115303086,0.328125
2022-03-01,Vietnam,Vietnam,-0.013402693986051852,0.0038200294328225165,0.004023215458004244,0.014857382546808462,0.017020277380659983,0.484375
2022-04-01,Australia,Australia,-0.003525713914682614,-0.01206660110717053,-0.01669087733722135,-0.019135711929064436,-0.014850085455073029,0.46875
2022-04-01,Brazil,Brazil,-0.007414828336631275,-0.006490082672785339,-0.010056643528618653,-0.01078810858310593,-0.007313272976074148,0.515625
2022-04-01,Canada,Canada,-0.008610396260256496,0.02008543811434907,0.016912257357780253,0.013838955130008452,0.016830334178845628,0.640625
2022-04-01,Chile,Chile,-0.005257424141987109,-0.027342940871799008,-0.031113090911588797,-0.0320955181153377,-0.0284449020191975,0.40625
2022-04-01,ChinaA,China,-0.003645452670921331,-0.0022230956115458526,-0.007239660873052011,-0.008969734464793504,-0.004315439155408894,0.40625
2022-04-01,ChinaH,China,-0.006626621784469886,-0.0038197170390196827,-0.008131988242821606,-0.010152083777546653,-0.006211106021462212,0.421875
2022-04-01,Denmark,Denmark,-0.0003035835301755836,0.07009462210087826,0.06671567941100548,0.06359652851960183,0.06648642705234296,0.421875
2022-04-01,France,France,-0.00767852068672247,0.003317623195903067,-0.003694847547479325,-0.0076785319800195765,-0.00107443129748719,0.609375
2022-04-01,Germany,Germany,-0.00890879998602603,0.03587024317395336,0.03247704396661219,0.03463229044549618,0.03701823297647247,0.453125
2022-04-01,Hong Kong,Hong Kong,-0.007736917150290709,0.0033273361763742626,0.0024972287257161926,0.001773426644743963,0.0025663998269682513,0.515625
2022-04-01,Indonesia,Indonesia,-0.015084182516071503,-0.023425036715427776,-0.029785600926158746,-0.029852664322029702,-0.023856303728066637,0.578125
2022-04-01,Italy,Italy,-0.00953827176693142,-0.007710592037889506,-0.009405170801864529,-0.011530184358289933,-0.00965012435258584,0.671875
2022-04-01,Japan,Japan,-0.0062473570723899615,-0.005036472801618484,-0.008904029807476356,-0.011158186638926515,-0.007416268650124053,0.515625
2022-04-01,Korea,Korea,-0.005488695686308759,-0.008088644397557913,-0.012757449560683476,-0.016063968696507357,-0.011721041180819175,0.546875
2022-04-01,Malaysia,Malaysia,-0.008356238619437868,-0.031079154120336485,-0.03259636631064397,-0.03189947732428883,-0.030106516358731687,0.59375
2022-04-01,Mexico,Mexico,-0.01026134050922599,-0.02308656134144629,-0.022189300677221146,-0.024878932510179263,-0.025957607487952696,0.625
2022-04-01,NASDAQ,US,-0.001600226151435175,0.07313165477799478,0.06916157698568529,0.06575188445959762,0.06964660603817982,0.34375
2022-04-01,Netherlands,Netherlands,-0.00037736524559532116,0.03152460805339331,0.028200486546010334,0.024207293265821408,0.02742353389886291,0.3125
2022-04-01,Philippines,Philippines,-0.013250300563871411,-0.025676722975606293,-0.03044224455135743,-0.030457912324732963,-0.025783018522608534,0.703125
2022-04-01,Poland,Poland,-0.008264625759952862,0.03595450801885726,0.021636763356375748,0.016189380426276916,0.030127655662597886,0.671875
2022-04-01,Singapore,Singapore,-0.0055157993401545695,0.03251258448290649,0.025652909214802417,0.02290013397849097,0.029713719313810314,0.484375
2022-04-01,South Africa,South Africa,-0.011003966815910099,-0.03409784457136353,-0.038303865043457924,-0.03884925561143178,-0.03477918930193563,0.53125
2022-04-01,Spain,Spain,-0.009872039067382588,-0.008750764371188855,-0.011048386865422623,-0.013762735907596219,-0.011312712560142935,0.671875
2022-04-01,Sweden,Sweden,-0.0034172983465764707,0.04070703363254907,0.035767604147551965,0.03209800444368059,0.0373996533987173,0.3125
2022-04-01,Switzerland,Switzerland,-0.002544840132440604,0.026886383822920325,0.021276621890526443,0.01828524241140742,0.023499612818854373,0.46875
2022-04-01,Taiwan,Taiwan,-0.006298884413180619,0.015017534072686859,0.012425266699568217,0.011864956651435495,0.014784395906759496,0.453125
2022-04-01,Thailand,Thailand,-0.007008552024506172,-0.004672328404163409,-0.011618343763170074,-0.013848442656753755,-0.007115436874101282,0.46875
2022-04-01,Turkey,Turkey,-0.011004310418621105,-0.03188975022061341,-0.0366716960209444,-0.03724465777050982,-0.03287463043914672,0.640625
2022-04-01,U.K.,U.K.,-0.013142975387513817,0.018641042825681357,0.01684785306307244,0.01294315829156183,0.014476818653957405,0.78125
2022-04-01,U.S.,US,-0.005054684672306907,0.0715975597050595,0.06714108474997166,0.06388770858552059,0.06824540861716874,0.46875
2022-04-01,US SmallCap,US,-0.006110024209342517,0.07119102677918906,0.06716018080390584,0.06382490381312798,0.06774253630895136,0.359375
2022-04-01,Vietnam,Vietnam,-0.013009231842076842,0.004571236367305477,0.0073178760434350065,0.009679322930227933,0.007473935862443291,0.4375
2022-05-01,Australia,Australia,-0.00553670692875321,-0.0009127589886073605,-0.00779484396441805,-0.011273349927324214,-0.0046698988739662835,0.53125
2022-05-01,Brazil,Brazil,-0.016210435946431435,-0.010861793742822867,-0.009430328547923545,-0.01132204622713939,-0.012879564863547507,0.796875
2022-05-01,Canada,Canada,-0.009234090465636348,0.02575769453070813,0.02104039054030366,0.01765418110207297,0.022235393315316505,0.640625
2022-05-01,Chile,Chile,-0.008972260841263584,0.0007726635962054928,-0.009418290470675536,-0.0111705448840166,-0.001242421234220954,0.671875
2022-05-01,ChinaA,China,-0.004635664029153044,0.03211006223881985,0.017973648910056633,0.014955316897998592,0.028776202264186892,0.390625
2022-05-01,ChinaH,China,-0.006379204545376485,0.03118175279063536,0.017436082600867254,0.01425627986832535,0.027680912003601576,0.4375
2022-05-01,Denmark,Denmark,-0.00025267237299265305,0.07044087138193265,0.06668495467334136,0.063758292194734,0.06695644341996188,0.375
2022-05-01,France,France,-0.006287699396933707,0.011975433270514826,0.003997212814540064,-8.467463856080652e-05,0.007607881288498736,0.515625
2022-05-01,Germany,Germany,-0.00789243713504106,0.04397982997103077,0.03921087021928382,0.04063795402343477,0.044618444393397946,0.421875
2022-05-01,Hong Kong,Hong Kong,-0.008411124021791035,0.005418526111597521,0.003574330751645892,0.002662982422074866,0.004497641570941397,0.546875
2022-05-01,Indonesia,Indonesia,-0.01546550672412876,-0.008151261797662086,-0.020418929949693698,-0.021924603447397523,-0.010119573183770127,0.5625
2022-05-01,Italy,Italy,-0.008244359197695466,0.009340688732773734,0.0034293265971670674,0.0011020523513161212,0.006861998699719148,0.640625
2022-05-01,Japan,Japan,-0.005168115299548767,0.005937275622975986,0.0015658994834479786,0.00010149622461601455,0.00468370584991103,0.5625
2022-05-01,Korea,Korea,-0.005516126640435263,0.0056898129272479735,-0.0011165915217868881,-0.005361122769220133,0.0011754745681211935,0.53125
2022-05-01,Malaysia,Malaysia,-0.006718508550224618,-0.02378226556246229,-0.02855243102369971,-0.02853984709885586,-0.02389271113358217,0.546875
2022-05-01,Mexico,Mexico,-0.012664989843208883,-0.007272007643959622,-0.013341843242086858,-0.016885442622861204,-0.011235214546278094,0.703125
2022-05-01,NASDAQ,US,-0.0004761715971844209,0.0752323028304654,0.07133805293321929,0.0685216586420325,0.0721565144803955,0.328125
2022-05-01,Netherlands,Netherlands,0.0011166357645860537,0.04300442854277692,0.03790192184200722,0.033620883116322664,0.03879468886222959,0.203125
2022-05-01,Philippines,Philippines,-0.012459372320921402,0.0005534491982527572,-0.012074500912303445,-0.011732468027769278,0.0009611100157828154,0.671875
2022-05-01,Poland,Poland,-0.008382319204509013,0.03219417813967328,0.020676438014809114,0.019046334902818516,0.02981766888127439,0.703125
2022-05-01,Singapore,Singapore,-0.00539182237555435,0.03552295239920951,0.028546611988932467,0.02551437172581106,0.03249191837472361,0.46875
2022-05-01,South Africa,South Africa,-0.01327389552890167,-0.02452210702088837,-0.030514108252949857,-0.0293791972509048,-0.023029601589185884,0.671875
2022-05-01,Spain,Spain,-0.008539437031702169,0.006248864643456569,0.0006250166026067205,-0.003204191304462296,0.002356560750630333,0.5625
2022-05-01,Sweden,Sweden,-0.0034946775012677286,0.04116257563849382,0.036412899869490895,0.03291780839548321,0.038088075982712785,0.25
2022-05-01,Switzerland,Switzerland,-0.0005727984111700574,0.03947033128095499,0.03350247088844835,0.029696073669388697,0.0355082579710127,0.421875
2022-05-01,Taiwan,Taiwan,-0.004765039019231296,0.023269209745803956,0.019636239408147287,0.01875476460625688,0.02289978169989738,0.34375
2022-05-01,Thailand,Thailand,-0.00714014894910715,0.0033228499389678263,-0.0064299442877610215,-0.00944043835561462,3.6652630043010684e-05,0.453125
2022-05-01,Turkey,Turkey,-0.011614574554131844,-0.020669751778818926,-0.028215753515189783,-0.02901253534989934,-0.02192429164598332,0.71875
2022-05-01,U.K.,U.K.,-0.011777447118256911,0.024961545090149122,0.02296558756884867,0.01922314474341154,0.02114983966189521,0.671875
2022-05-01,U.S.,US,-0.004313706554372783,0.07361214423801353,0.06914361322229093,0.06654660416951806,0.07072449507123907,0.421875
2022-05-01,US SmallCap,US,-0.0064055603231650835,0.0727112130815808,0.06868045244357929,0.06599053453011322,0.0697104879266905,0.359375
2022-05-01,Vietnam,Vietnam,-0.012530213394904562,0.01725463376989093,0.015559138286231115,0.014528322935900194,0.01599446313859249,0.375
2022-06-01,Australia,Australia,-0.0056650523657375855,0.0042058688615869855,-0.005205349279754178,-0.008737429231462632,-1.2340268704577259e-05,0.6060606060606061
2022-06-01,Brazil,Brazil,-0.012229685963073483,-0.013735029219786768,-0.011992356974699409,-0.015559899617833429,-0.016973166637654885,0.7575757575757576
2022-06-01,Canada,Canada,-0.007436015840516747,0.01738860601144367,0.01533925947133288,0.0121185371438267,0.013900343028490358,0.6515151515151515
2022-06-01,Chile,Chile,-0.004604001412604305,-0.015058755893365187,-0.02154794736571957,-0.023137467200163978,-0.016662974508098,0.6212121212121212
2022-06-01,ChinaA,China,-0.0035290342688714784,0.0232111438907034,0.01040307856470419,0.00814783516798695,0.020982715151229948,0.36363636363636365
2022-06-01,ChinaH,China,-0.0055079670996389316,0.02215105427017437,0.009774196060694598,0.007336234776474385,0.019734139978085038,0.40909090909090906
2022-06-01,Denmark,Denmark,0.0014524551197529541,0.06981464223029184,0.06687687251178336,0.06357658050509415,0.06612658200404131,0.40909090909090906
2022-06-01,France,France,-0.004555160032670949,-0.006935995082955677,-0.01117684222591188,-0.013413617422611008,-0.009904011293145651,0.5
2022-06-01,Germany,Germany,-0.005902603198294021,0.027712087313598328,0.02589554545262116,0.02745286016281667,0.028207285398354754,0.4393939393939394
2022-06-01,Hong Kong,Hong Kong,-0.005600508835753267,0.003874102199552471,0.00392400042224875,0.003072151497563843,0.0029608214523147384,0.5757575757575757
2022-06-01,Indonesia,Indonesia,-0.016361745792961284,-0.016841856412302507,-0.028010197514979376,-0.02907550864894725,-0.018224207655582567,0.5757575757575758
2022-06-01,Italy,Italy,-0.00586577133255479,-0.007659928879220807,-0.009669240452446659,-0.011798540982764859,-0.010417048859040394,0.5909090909090909
2022-06-01,Japan,Japan,-0.001624433886379742,-0.003374286318312154,-0.004622274735528783,-0.005524078095198705,-0.00434039658693171,0.5757575757575757
2022-06-01,Korea,Korea,-0.004928806644608325,0.002520477488800965,-0.004257932258108839,-0.008242367887264845,-0.00192058049131269,0.5454545454545454
2022-06-01,Malaysia,Malaysia,-0.0067905435918316406,-0.030265794012255712,-0.032033724417942555,-0.03194699858415727,-0.030063786143145168,0.6515151515151516
2022-06-01,Mexico,Mexico,-0.008121049037552638,-0.013047374554715305,-0.016182313370014516,-0.01982838093025402,-0.01683542727984596,0.6060606060606061
2022-06-01,NASDAQ,US,0.0026580985320287936,0.07634529422710445,0.07487474219175025,0.07592205307749361,0.07676111180202266,0.2727272727272727
2022-06-01,Netherlands,Netherlands,0.0029940810731929213,0.028502681680092668,0.026209299000339383,0.022214476582560348,0.02421800038289067,0.2272727272727273
2022-06-01,Philippines,Philippines,-0.007836904875309976,-0.009312101310796492,-0.01927713502253862,-0.019157433929307667,-0.008832039962284419,0.5909090909090908
2022-06-01,Poland,Poland,-0.004458250700922471,0.010614303552622429,1.249407069388829e-05,-0.004126644936842425,0.005737067416623495,0.5454545454545454
2022-06-01,Saudi Arabia,Saudi Arabia,-0.012870140940174597,-0.03076487092801744,-0.032391572058324755,-0.03243663645034955,-0.03042999518513483,0.5757575757575758
2022-06-01,Singapore,Singapore,-0.004502290939780611,0.030904062009478667,0.02543472390910077,0.02255305019686742,0.02793300173103252,0.5303030303030303
2022-06-01,South Africa,South Africa,-0.009846555385018815,-0.028110060498223472,-0.03315156908992275,-0.031365022664361,-0.0257380558942585,0.5454545454545454
2022-06-01,Spain,Spain,-0.006068944372143504,-0.005954820123552092,-0.010144852551972396,-0.013968960905206962,-0.010348723512401369,0.5909090909090909
2022-06-01,Sweden,Sweden,-0.0024504659115917593,0.02644445457923023,0.024741586152253355,0.02092001978328949,0.022656949809589554,0.2727272727272727
2022-06-01,Switzerland,Switzerland,0.003587361333108356,0.03546492753363456,0.031029189472535256,0.027549167412575928,0.03177061183059933,0.42424242424242425
2022-06-01,Taiwan,Taiwan,-0.0027092699453805805,0.014923259234232072,0.013154919165582039,0.01240171820051644,0.014465832344754511,0.3333333333333333
2022-06-01,Thailand,Thailand,-0.0059572037950830735,-0.007324756214747225,-0.014389193186066197,-0.017179237089362843,-0.010570690399915058,0.4696969696969697
2022-06-01,Turkey,Turkey,-0.011306554997294707,-0.012682386818789458,-0.01950109394698439,-0.021681905250385533,-0.015370589402263952,0.8636363636363636
2022-06-01,U.K.,U.K.,-0.00928733381151176,0.021984603807851184,0.020278321289689975,0.016990417406594856,0.018422285407838832,0.7121212121212122
2022-06-01,U.S.,US,-0.00039148338363177715,0.07511639562657514,0.07305091438628525,0.07433578479092157,0.07574195155483426,0.4393939393939394
2022-06-01,US SmallCap,US,-0.004545991117976857,0.07323790805544131,0.07142143626537918,0.07265229609060861,0.07377869479006266,0.3484848484848485
2022-06-01,Vietnam,Vietnam,-0.010918882010657579,0.013978282654473158,0.012967396807210142,0.01197761984698982,0.012936491859151345,0.3787878787878788
2022-07-01,Australia,Australia,-0.005261523920120885,0.022645697455864235,0.010264933195119818,0.006174672319421775,0.01774590130918291,0.5454545454545454
2022-07-01,Brazil,Brazil,-0.007696188687503087,0.0007689215691123654,-0.0020391099398362443,-0.006410476407579033,-0.004073372826406385,0.6212121212121212
2022-07-01,Canada,Canada,-0.0066579779339491505,0.02111825539145213,0.02202111447596756,0.018222051080798968,0.017192973399956055,0.6515151515151515
2022-07-01,Chile,Chile,-0.0017064513583841048,0.02090067401418621,0.00572834433128456,0.0026175190770104644,0.017476576971418696,0.8484848484848485
2022-07-01,ChinaA,China,-0.0026982752255547476,0.025571058649371398,0.011724330167776078,0.009146637171177642,0.02235163111137048,0.34848484848484845
2022-07-01,ChinaH,China,-0.004284330982131683,0.025521574166371207,0.011903867525728645,0.009029870054979619,0.022016470898755282,0.33333333333333337
2022-07-01,Denmark,Denmark,0.0031791643715583205,0.07386252404713826,0.07177892982016423,0.06774015257761731,0.06929298684556245,0.31818181818181823
2022-07-01,France,France,-0.005652753369192714,0.0005723740194358753,-0.0032199241907006453,-0.005082122812256725,-0.0020757838135922885,0.5151515151515151
2022-07-01,Germany,Germany,-0.007027243501321317,0.03544651429216697,0.03284287251154922,0.03136290609089392,0.033335060270938514,0.48484848484848486
2022-07-01,Hong Kong,Hong Kong,-0.009524439497412043,-0.0041170834298208045,-0.004296466255282295,-0.005286606610503279,-0.005102180233776213,0.5757575757575758
2022-07-01,Indonesia,Indonesia,-0.013962076013557182,0.007532627875284423,-0.009571469441397711,-0.010624854504006765,0.005882185595250626,0.5909090909090909
2022-07-01,Italy,Italy,-0.007630013419650376,-0.005659934262746468,-0.003004745516944185,-0.0063710973395069235,-0.00940741447534889,0.6666666666666666
2022-07-01,Japan,Japan,-0.0024766200954765977,0.010788872221613345,0.008901665234142686,0.006869827075160621,0.008637959170088768,0.5757575757575757
2022-07-01,Korea,Korea,-0.004790883894520715,0.008122491605362265,-5.714048225590948e-05,-0.0028806423572331156,0.004537990476233223,0.5151515151515151
2022-07-01,Malaysia,Malaysia,-0.006306132323549856,-0.015160839947018154,-0.021174199277644114,-0.01575359772446913,-0.009840995171700123,0.696969696969697
2022-07-01,Mexico,Mexico,-0.008051998509751919,0.0012953640466584568,-0.005256175719313409,-0.009065337450035453,-0.003036671170156123,0.6212121212121212
2022-07-01,NASDAQ,US,0.0012836168814813823,0.0709060784644986,0.07501593545509552,0.07605150510772152,0.07151326415810086,0.18181818181818182
2022-07-01,Netherlands,Netherlands,0.003078558751846934,0.04230703551147735,0.038105832774992986,0.0343985923498032,0.03817070861689697,0.19696969696969696
2022-07-01,Philippines,Philippines,-0.0045726020214926985,0.013032703784785249,-0.0021398010866687193,-0.00013672625851299074,0.014791414824106017,0.5757575757575757
2022-07-01,Poland,Poland,-0.006101233511515855,0.004466861284687394,-0.006694718848313292,-0.01092354342755587,-0.00015188727724698044,0.5454545454545454
2022-07-01,Saudi Arabia,Saudi Arabia,-0.004256277665645325,-0.01441309312226766,-0.018239911192036114,-0.01969916368183964,-0.015529178743406782,0.5606060606060607
2022-07-01,Singapore,Singapore,-0.006385279649558103,0.024718216582335396,0.02143862123008866,0.01754500877931072,0.020721580476511764,0.5606060606060606
2022-07-01,South Africa,South Africa,-0.010541684988976426,-0.011033871236001951,-0.019698638487191694,-0.014719654238162053,-0.006052987119402236,0.6363636363636364
2022-07-01,Spain,Spain,-0.008818724766180366,0.0017972441159851294,-0.002181762788832517,-0.005913965941812652,-0.0026532186136539234,0.696969696969697
2022-07-01,Sweden,Sweden,-0.00295124069127339,0.03693894239631271,0.033107766799107666,0.02837434656695012,0.03204271390900415,0.30303030303030304
2022-07-01,Switzerland,Switzerland,0.00608862108717614,0.04442269035617482,0.042231326934960074,0.03758695273195258,0.039757197951951866,0.3333333333333333
2022-07-01,Taiwan,Taiwan,-0.0020694062992527755,0.008147763561176859,0.008921046543285462,0.007390062261464101,0.00668567357393959,0.36363636363636365
2022-07-01,Thailand,Thailand,-0.00654585529789924,0.004915881264655617,-0.006084164954723621,-0.009698607504559545,0.0006865023468408411,0.5454545454545454
2022-07-01,Turkey,Turkey,-0.013616194210730225,-0.009848437635888345,-0.01913244427546861,-0.01640389352191276,-0.007651904619766265,0.9090909090909092
2022-07-01,U.K.,U.K.,-0.008785829097591786,0.02508366483750417,0.02582514373665587,0.02260194815303073,0.021649183021611347,0.696969696969697
2022-07-01,U.S.,US,-0.0008417752034705671,0.06944990805962457,0.07317118986480525,0.07444971713904895,0.07027967321171324,0.3787878787878788
2022-07-01,US SmallCap,US,-0.006509576713264138,0.06671289292880075,0.07044879471752345,0.07155814799242496,0.06737171034422296,0.3484848484848485
2022-07-01,Vietnam,Vietnam,-0.010694088734093339,0.029744772841699962,0.020725314605515736,0.021896717159182323,0.030807026754571074,0.25757575757575757
2022-08-01,Australia,Australia,-0.0017906445615123055,0.005753641494372909,0.000796678944618788,-0.002501827340143087,0.002127521835150593,0.5151515151515151
2022-08-01,Brazil,Brazil,-0.005431922846035851,-0.009060648025034703,-0.008328089644686421,-0.011769016958684413,-0.01267833559327806,0.5606060606060606
2022-08-01,Canada,Canada,-0.0037838397491279045,0.018521406943378046,0.021241457798149482,0.020006277860462246,0.017207933044331693,0.6060606060606061
2022-08-01,Chile,Chile,0.001286497173747193,0.019544454264953465,0.003724869121491418,0.0008266030750509121,0.01636671042024406,0.6818181818181819
2022-08-01,ChinaA,China,-0.008000883041856189,-0.00396310285675581,-0.012093184016535825,-0.013586504505930828,-0.005802125485311366,0.5151515151515151
2022-08-01,ChinaH,China,-0.009907862955245138,-0.0041173527330978146,-0.012001540290022705,-0.013818362339784805,-0.006268554834301414,0.5757575757575757
2022-08-01,Denmark,Denmark,0.00610057897952828,0.07240105925254635,0.07508565343699544,0.07145568292029958,0.06857661660950574,0.303030303030303
2022-08-01,France,France,-0.0021070971838474273,0.0029327402210535952,0.003362241399107355,0.0014914106116754068,0.0006970634980417428,0.4393939393939394
2022-08-01,Germany,Germany,-0.004272651312541294,0.030845839067912384,0.03708913794229641,0.0405812931376852,0.03379964113558333,0.4696969696969697
2022-08-01,Hong Kong,Hong Kong,-0.010759236418227191,-0.009590317729364818,-0.007345593287244055,-0.005230817588240409,-0.007381728376152395,0.7878787878787878
2022-08-01,Indonesia,Indonesia,-0.011946847715920481,-0.0074950861629521975,-0.01741098482626567,-0.018548464069729917,-0.008764002822701117,0.6060606060606061
2022-08-01,Italy,Italy,-0.005251424836220077,-0.002516060118380332,-0.0016480713828000374,-0.0056484757435541575,-0.006823623796301094,0.5303030303030303
2022-08-01,Japan,Japan,0.0006727355242442078,0.0028260993830688634,0.0015705497672651118,-0.0004931466577497113,0.0005111667564225864,0.6212121212121212
2022-08-01,Korea,Korea,-0.0025367988046046293,-0.010004618130830962,-0.008367728894815742,-0.009990699473910597,-0.011850129562341707,0.5151515151515151
2022-08-01,Malaysia,Malaysia,-0.0045379958774638095,-0.029610651727846084,-0.030937730467804098,-0.030125168441947944,-0.02874354116946628,0.7424242424242424
2022-08-01,Mexico,Mexico,-0.006328302601915272,-0.01660153652625213,-0.012936729132856718,-0.015903941073749872,-0.019744623836111995,0.6363636363636364
2022-08-01,NASDAQ,US,0.006026227406352386,0.07165101781205785,0.07869055881260727,0.08240524324826554,0.07495205236137774,0.12121212121212122
2022-08-01,Netherlands,Netherlands,0.007940371530661435,0.03279350525390073,0.03968117682430878,0.036674643491803306,0.02991791986532022,0.16666666666666669
2022-08-01,Philippines,Philippines,-0.005692105878410207,-0.00884224730845411,-0.01929679113381894,-0.018089970346071547,-0.007611464789203893,0.6818181818181819
2022-08-01,Poland,Poland,-0.005280891296350912,0.01789471756885247,0.012906172915290564,0.010338064057285918,0.01473361096591374,0.5
2022-08-01,Saudi Arabia,Saudi Arabia,-0.0009420928556025283,-0.023934103169653206,-0.02669197614862008,-0.027801210544971464,-0.024801969043587765,0.5606060606060607
2022-08-01,Singapore,Singapore,-0.00378595180434592,0.022591980750618433,0.02126199585928633,0.017755780396680305,0.019174502758195204,0.48484848484848486
2022-08-01,South Africa,South Africa,-0.008743427823422073,-0.020803016480785967,-0.028608325128773884,-0.02576673796918067,-0.018040748938696123,0.6515151515151516
2022-08-01,Spain,Spain,-0.007671719989856852,-0.008515304951611975,-0.003087631219192432,-0.005738901225036579,-0.011379100280080894,0.7121212121212122
2022-08-01,Sweden,Sweden,0.002754103630244916,0.032491503626284716,0.0324903484775241,0.033985865625508774,0.033576308149380195,0.21212121212121213
2022-08-01,Switzerland,Switzerland,0.009866241937218015,0.026441653860742036,0.03465375793943156,0.0324679640861892,0.024523807096171815,0.3181818181818182
2022-08-01,Taiwan,Taiwan,-0.0005273812416578963,0.0034652054577558843,0.004946441481435313,0.003599757391427951,0.0020939495703739906,0.33333333333333337
2022-08-01,Thailand,Thailand,-0.006670203934468242,0.0007527836222053861,-0.0054342194895608785,-0.00865953939899764,-0.0026442796395367615,0.5909090909090908
2022-08-01,Turkey,Turkey,-0.012199746520714448,-0.013179255086339239,-0.020228497815763732,-0.017599491582418046,-0.010951495097082868,0.803030303030303
2022-08-01,U.K.,U.K.,-0.0072493469886126165,0.017132229966707192,0.02302295896540392,0.02297028619248384,0.01686831455454068,0.7424242424242424
2022-08-01,U.S.,US,0.003909747726357512,0.06985181834825874,0.076559354237734,0.0805375751116697,0.07339895553988493,0.36363636363636365
2022-08-01,US SmallCap,US,-0.0030725595340820753,0.06666790607101546,0.07322533013496074,0.07706749082069482,0.07006828724787977,0.3181818181818182
2022-08-01,Vietnam,Vietnam,-0.011037392033662413,0.017652454818974435,0.013687687379280096,0.01836214248194016,0.02252914085771615,0.3333333333333333
2022-09-01,Australia,Australia,-0.0026790859796591467,-0.005053331069699927,-0.0049392168813594435,-0.008765166104703744,-0.009162517509808574,0.5909090909090909
2022-09-01,Brazil,Brazil,-0.00736816896289498,-0.009319674538643656,-0.005249838854958348,-0.008634875729661321,-0.012768713932392825,0.7121212121212122
2022-09-01,Canada,Canada,-0.004802526969069753,0.021711736939434123,0.024559080097324125,0.027278069758083244,0.023799703510678567,0.6515151515151515
2022-09-01,Chile,Chile,7.852000643527104e-05,0.029961237000654388,0.014448704531096352,0.011218981089285181,0.026422943648808837,0.696969696969697
2022-09-01,ChinaA,China,-0.0075311778984880106,0.0027263163033353927,-0.006760010997498976,-0.008330812001324416,0.0007548188329125557,0.42424242424242425
2022-09-01,ChinaH,China,-0.008901824818038922,0.0026399276319673103,-0.006664624203422627,-0.008474845372433393,0.0004373947194951239,0.4696969696969697
2022-09-01,Denmark,Denmark,0.005432814021696271,0.07720445344282827,0.07643252186572352,0.07367179804999341,0.07397758232168447,0.36363636363636365
2022-09-01,France,France,-0.003288974604496661,0.008618595794889253,0.004024373133529963,0.005663824704119996,0.009295624288317038,0.5
2022-09-01,Germany,Germany,-0.005559413839516405,0.04437746442697534,0.04172326325833968,0.057580443600772656,0.058288981552582476,0.43939393939393945
2022-09-01,Hong Kong,Hong Kong,-0.009940004059217994,-0.0031474478942180775,-0.002247163769492854,-0.0034996726711460603,-0.004376053868817856,0.7121212121212122
2022-09-01,Indonesia,Indonesia,-0.010860238788785533,-0.00807385152332949,-0.016042663207519917,-0.01820149804042919,-0.010544932805722995,0.5909090909090909
2022-09-01,Italy,Italy,-0.006547283035459084,0.005109334958321244,0.0031547943783732657,0.0008670074046599214,0.002267917331762348,0.5757575757575757
2022-09-01,Japan,Japan,-0.0010594916425938228,-0.0033766856857015363,-0.000601463801715176,-0.0023896308334188186,-0.00527001776635711,0.5757575757575757
2022-09-01,Korea,Korea,-0.0032137019032899778,-0.009450169048865907,-0.009872272573139258,-0.0033725392035469596,-0.004118626185003986,0.5454545454545454
2022-09-01,Malaysia,Malaysia,-0.005989274251337223,-0.026277452091325336,-0.029875320317897087,-0.028688935576518283,-0.02510331796912795,0.696969696969697
2022-09-01,Mexico,Mexico,-0.006686669619726027,-0.013453299624235384,-0.010807462147158796,-0.013777308071487093,-0.016714636773906437,0.6515151515151515
2022-09-01,NASDAQ,US,0.003599171889591149,0.07232736440808347,0.07576749714218084,0.0836488426424288,0.07913447387868333,0.2121212121212121
2022-09-01,Netherlands,Netherlands,0.005268326427601805,0.03991353240843708,0.04286456506828409,0.04321504510509389,0.039644279377200324,0.15151515151515152
2022-09-01,Philippines,Philippines,-0.0059031832473416535,-0.008574281259668401,-0.01685075847979765,-0.01801713761903848,-0.009946696700256873,0.5151515151515151
2022-09-01,Poland,Poland,-0.006874102858506178,0.016865843494167004,0.013743030234338495,0.015222471003674803,0.01741299152177296,0.5151515151515151
2022-09-01,Saudi Arabia,Saudi Arabia,-0.001505134179730072,-0.02795888072975445,-0.02790510114196757,-0.028987845708544645,-0.02857011511630385,0.5606060606060607
2022-09-01,Singapore,Singapore,-0.005053264483233583,0.024418717887977115,0.022481196148608683,0.01879088378015374,0.02073316092182418,0.5757575757575757
2022-09-01,South Africa,South Africa,-0.008985373252198945,-0.020065531170930503,-0.02709639256042557,-0.02616010659129657,-0.01924621910362389,0.6666666666666667
2022-09-01,Spain,Spain,-0.007794779845673699,-9.370208085696975e-05,-0.00047040388499714966,-0.002308529318779857,-0.0024295612772060066,0.6515151515151515
2022-09-01,Sweden,Sweden,0.000917840954974351,0.03502972006270506,0.03472093732980606,0.046408235582736365,0.045181079507095635,0.30303030303030304
2022-09-01,Switzerland,Switzerland,0.008229576359308688,0.04032927738142475,0.044171281325078214,0.04153941403174856,0.037822204397640245,0.36363636363636365
2022-09-01,Taiwan,Taiwan,-0.0010990810403204735,0.005624645666154058,0.006062913097993637,0.004709525122932316,0.00429154768116622,0.28787878787878785
2022-09-01,Thailand,Thailand,-0.005764446427467628,0.0033382653412369553,0.0005262800563220534,-0.0018367440006670996,0.0009997147557074728,0.4696969696969697
2022-09-01,Turkey,Turkey,-0.005545511721949154,-0.026388539413706828,-0.030663416643894326,-0.03140875811722506,-0.02772237775678532,0.6212121212121212
2022-09-01,U.K.,U.K.,-0.007853639057322639,0.033180958440317994,0.029250891268482578,0.037197144017313936,0.04002953996358368,0.7424242424242424
2022-09-01,U.S.,US,0.001895718842092253,0.07075995864365858,0.07386556028755138,0.08201857062607645,0.07782134618237999,0.4545454545454546
2022-09-01,US SmallCap,US,-0.004216448065704169,0.06779166795519208,0.0707596537287987,0.07882580774724766,0.07475657264812027,0.4393939393939394
2022-09-01,Vietnam,Vietnam,-0.0095059385661041,0.017991181915632384,0.015554514472739962,0.01958303523967255,0.022108809734801754,0.2727272727272727
2022-10-01,Australia,Australia,-0.0035264072291284233,0.01418531521375188,0.008865552542877698,0.0039722892851910396,0.008776390647289628,0.5606060606060606
2022-10-01,Brazil,Brazil,-0.01201580400361603,-0.005681336998431842,-0.00031602058582327723,0.0011433789383415906,-0.00393027246324029,0.8484848484848485
2022-10-01,Canada,Canada,-0.0046602537376083785,0.03656611908272735,0.03941405717763012,0.04587034145455065,0.04243189872630599,0.6060606060606061
2022-10-01,Chile,Chile,-0.0009262029724762698,0.02276430445005371,0.0071072593400937824,0.004031969106162872,0.019290313104636803,0.7424242424242424
2022-10-01,ChinaA,China,-0.004804577414373429,0.03816271456387027,0.023003610126129302,0.02010784405292214,0.03486169185138146,0.43939393939393945
2022-10-01,ChinaH,China,-0.0067230039487995675,0.03795823329617755,0.023030169928347437,0.01982660866116963,0.03435999709808046,0.5
2022-10-01,Denmark,Denmark,0.006358111528932613,0.08438543498862368,0.0815466100608307,0.09291225353403282,0.09391547209337547,0.28787878787878785
2022-10-01,France,France,-0.003981025969641733,0.023492154134519647,0.013910986430977977,0.018823003049696987,0.02692254389856686,0.46969696969696967
2022-10-01,Germany,Germany,-0.006118919836442379,0.05025184743327316,0.04596809570159009,0.07025387777355326,0.07186678007333168,0.4242424242424242
2022-10-01,Hong Kong,Hong Kong,-0.010034004556881172,0.0032151810857428686,0.003794994175855602,0.002001690790945334,0.0015462486489265896,0.7272727272727273
2022-10-01,Indonesia,Indonesia,-0.010996240697544186,0.005275350675234996,-0.00844803785981968,-0.011006179399830953,0.002193937807584213,0.5606060606060607
2022-10-01,Italy,Italy,-0.006651999975305165,0.01635998539335895,0.008768704430750214,0.008790064863559216,0.01549574523921986,0.5454545454545454
2022-10-01,Japan,Japan,0.00018195425938246322,0.00521928303840989,0.0029574372021401608,0.0006049481264839267,0.002328423302849235,0.5
2022-10-01,Korea,Korea,-0.0015998330083792749,0.011168771823728977,0.008571772898339566,0.01779632009425687,0.01894816624634845,0.5606060606060607
2022-10-01,Malaysia,Malaysia,-0.005986056017880116,-0.011894194914363204,-0.020724662228196515,-0.019394327069195,-0.010920810669322161,0.6515151515151515
2022-10-01,Mexico,Mexico,-0.0073478905846125955,-0.006702783546317949,-0.00861808488402233,-0.013243233536700491,-0.011911130498131623,0.5757575757575758
2022-10-01,NASDAQ,US,0.0029720346350072518,0.07088522928182982,0.07507640511193753,0.08873543187107442,0.082795659425898,0.24242424242424243
2022-10-01,Netherlands,Netherlands,0.004126124935117891,0.04471853852652252,0.04475489728773432,0.04178556529310327,0.04143882183893737,0.15151515151515152
2022-10-01,Philippines,Philippines,-0.004392907717744431,0.007802923720301178,-0.004355544626706859,-0.005929784992615192,0.005954529208659172,0.6212121212121212
2022-10-01,Poland,Poland,-0.005989409288720118,0.024189353883912627,0.023837142886005892,0.027468695835589932,0.026915682338933947,0.5151515151515151
2022-10-01,Saudi Arabia,Saudi Arabia,-0.0010428690303516197,-0.036016114050822466,-0.034654376799203856,-0.03539246141161598,-0.03660722410485061,0.5606060606060607
2022-10-01,Singapore,Singapore,-0.005025242593800687,0.031374239891818756,0.03397503620815911,0.029423284783320063,0.027053086342295807,0.5454545454545454
2022-10-01,South Africa,South Africa,-0.009257619913695867,-0.014610082799056238,-0.02298342800659755,-0.02290974716110756,-0.014783057294921494,0.5909090909090909
2022-10-01,Spain,Spain,-0.008057132380237945,0.011649529676901403,0.006177215387758089,0.007430178087339145,0.01190694815165967,0.6060606060606061
2022-10-01,Sweden,Sweden,0.0006925116498518475,0.046375068919526974,0.045616582620619885,0.05617134858445554,0.055783600990584166,0.25757575757575757
2022-10-01,Switzerland,Switzerland,0.0057808831741102944,0.045957362518719076,0.047787186241515116,0.04543884645891145,0.043633747332763186,0.3484848484848485
2022-10-01,Taiwan,Taiwan,4.3928118149249434e-06,0.017529889103981573,0.021049614619740024,0.018900687372903457,0.01568407377310565,0.3181818181818182
2022-10-01,Thailand,Thailand,-0.008606181839447717,0.014571729888823234,0.00882860065370429,0.006479866519133928,0.011826011081427867,0.5303030303030303
2022-10-01,Turkey,Turkey,-0.010970473307176442,-0.03627753114639095,-0.03813183920556048,-0.037801074127384475,-0.036437433973166525,0.9242424242424243
2022-10-01,U.K.,U.K.,-0.007096105367068709,0.04068456004063258,0.03973297816726124,0.04967841387916249,0.04943142263080219,0.6818181818181819
2022-10-01,U.S.,US,0.0012669908536273918,0.06945646165935598,0.07336722339406257,0.08724315358222279,0.08156909329372608,0.393939393939394
2022-10-01,US SmallCap,US,-0.004689422978623433,0.06644347522134829,0.0701976633233362,0.08402148539605903,0.07849351959622132,0.42424242424242425
2022-10-01,Vietnam,Vietnam,-0.009545942300285734,0.025133075020747464,0.019781174584988376,0.023219609842631862,0.02847196623252915,0.28787878787878785
2022-11-01,Australia,Australia,-0.0006427444533029514,0.02213387929549164,0.014878075744147944,0.01260357314725258,0.018834793544569114,0.5454545454545454
2022-11-01,Brazil,Brazil,-0.009935719358472513,-0.014529756788372566,-0.007533659223241097,-0.010016942911522985,-0.01685747174284697,0.7575757575757576
2022-11-01,Canada,Canada,-0.0010651659149170083,0.023896729846806235,0.030008401589928096,0.0388920972914876,0.03172674499359578,0.5151515151515151
2022-11-01,Chile,Chile,-0.0011121197646507836,0.013154320367647984,0.00016949358879888438,-0.002723566104022376,0.009863598608866935,0.7727272727272727
2022-11-01,ChinaA,China,-0.00166930169066233,0.046749988434875635,0.031460201604588435,0.028022461980446278,0.04297659151016594,0.48484848484848486
2022-11-01,ChinaH,China,-0.003631757052175043,0.04660331443841607,0.03156838099698507,0.02779473736776917,0.042505752613156124,0.5606060606060606
2022-11-01,Denmark,Denmark,0.009645939665254953,0.08807253899014887,0.08494553824223768,0.10474130764406124,0.10533859329229944,0.21212121212121213
2022-11-01,France,France,-2.6772162342056025e-05,0.0118637798883596,0.00518690870093072,0.009890670599079296,0.015148515655823864,0.4545454545454546
2022-11-01,Germany,Germany,-0.001626458312456472,0.04529272081663584,0.0395292466615901,0.05825766607189079,0.061850038105628787,0.4393939393939394
2022-11-01,Hong Kong,Hong Kong,-0.007189265369907407,0.008028392467432604,0.008794210647020509,0.010119098539710264,0.009723660955161804,0.7727272727272727
2022-11-01,Indonesia,Indonesia,-0.009851700601251899,0.0009869060686071348,-0.011393249344888404,-0.015168759933852504,-0.0032044043801043344,0.5454545454545455
2022-11-01,Italy,Italy,-0.002645602954090784,0.002585737928781565,-0.0009670294771103177,0.0006631997142884302,0.003424453721400914,0.5606060606060606
2022-11-01,Japan,Japan,0.0029158372345463,0.018408809920908625,0.012003588327932508,0.00882090526011379,0.014591186871098559,0.5909090909090909
2022-11-01,Korea,Korea,0.002313954802148358,0.027862490505917166,0.01835167710940131,0.031681429433266184,0.038841834919087256,0.5454545454545455
2022-11-01,Malaysia,Malaysia,-0.0019661981916173,-0.010324817117004871,-0.017754941400334765,-0.019898372575540717,-0.01281253350501638,0.696969696969697
2022-11-01,Mexico,Mexico,-0.0037602587528805407,-0.014522011165789418,-0.01387464139816505,-0.015708491519327263,-0.017025043902239044,0.5606060606060606
2022-11-01,NASDAQ,US,0.004119533163475329,0.07125457940602134,0.07443251687129315,0.08701783555916433,0.08213881306554892,0.18181818181818182
2022-11-01,Netherlands,Netherlands,0.005491234687213466,0.04281722355048153,0.03887856080015402,0.03760190288662725,0.04109254846018066,0.13636363636363635
2022-11-01,Philippines,Philippines,0.001210575330904292,0.0005143027613423879,-0.008981233912398757,-0.011592956932999639,-0.0024860112183570215,0.5151515151515151
2022-11-01,Poland,Poland,-0.0023540404304882943,0.019967093659138305,0.013880530467004963,0.02440438594050392,0.028383848432096764,0.5151515151515151
2022-11-01,Saudi Arabia,Saudi Arabia,0.0008345727026780863,-0.027960699423304397,-0.027783830112507533,-0.029076427804296062,-0.02916025242393743,0.5303030303030303
2022-11-01,Singapore,Singapore,-0.005034079493069541,0.029650689117783242,0.0324329908920554,0.030564223124553404,0.02775159641611099,0.6212121212121212
2022-11-01,South Africa,South Africa,-0.007455039883746512,-0.024894749901759917,-0.026436172273719867,-0.027754881020776175,-0.026421180660544573,0.6666666666666667
2022-11-01,Spain,Spain,-0.004302327336131536,0.004516105008735782,-8.6442428409177e-05,0.006148935305986368,0.009318577547425584,0.6212121212121212
2022-11-01,Sweden,Sweden,0.002506970679614402,0.041946730574022144,0.04416292247069998,0.05839116299357384,0.05468133507582428,0.25757575757575757
2022-11-01,Switzerland,Switzerland,0.007107300938969448,0.045787580770658316,0.044145857261728004,0.044226597377811115,0.04534091854698764,0.36363636363636365
2022-11-01,Taiwan,Taiwan,0.0008877233668831679,0.021550963826727866,0.025154949459591104,0.02275102034618346,0.019471231779031838,0.3333333333333333
2022-11-01,Thailand,Thailand,-0.007226463753841726,0.007313263084843586,0.004198604863995396,0.0018523121957569957,0.004517191198975175,0.5303030303030303
2022-11-01,Turkey,Turkey,-0.005410902865509427,-0.0449747543875584,-0.04276356354548633,-0.043414780461143616,-0.046027443412330275,0.8636363636363636
2022-11-01,U.K.,U.K.,-0.00424963380925469,0.03121177586152802,0.03161838390600467,0.036761043008004986,0.03528058917199157,0.696969696969697
2022-11-01,U.S.,US,0.005255885682269555,0.0711060607642038,0.07407005515545283,0.08692680727340443,0.08225165359653978,0.36363636363636365
2022-11-01,US SmallCap,US,-0.0010945059879286243,0.06829166431496345,0.07101283747755416,0.08379747035653587,0.07935003931756626,0.40909090909090906
2022-11-01,Vietnam,Vietnam,-0.009230803429245591,0.021548207654429885,0.018327348659011526,0.019000423302518527,0.02213472952999406,0.3787878787878788
2022-12-01,Australia,Australia,0.0006163979928937562,0.011700771015394852,0.008556839101524853,0.006879668990493644,0.009529684151790804,0.5
2022-12-01,Brazil,Brazil,-0.014744892841604133,-0.02193700155496312,-0.01664632354587418,-0.020487123990379004,-0.02580543539822632,0.9545454545454546
2022-12-01,Canada,Canada,-0.0018223853905218182,0.02005630040541835,0.02892790055842937,0.03739908000678917,0.027846425610776715,0.5606060606060606
2022-12-01,Chile,Chile,-0.0008405819903553073,-0.019371550825673968,-0.024276496032303738,-0.02625197000017692,-0.021516373849216577,0.7272727272727273
2022-12-01,ChinaA,China,0.008487390124032193,0.02976046715845706,0.019675809803023928,0.016263368247441623,0.02624312978356052,0.3939393939393939
2022-12-01,ChinaH,China,0.007241697224552443,0.02969737071590412,0.019779326973700696,0.016146013586325322,0.025966848612097644,0.43939393939393945
2022-12-01,Denmark,Denmark,0.009390493293675516,0.08548747248810495,0.08514682776500891,0.1103109599866119,0.10806811573001904,0.303030303030303
2022-12-01,France,France,0.0018136454053167828,0.006242115912168654,0.0003834701020024693,0.004451822289884937,0.009192522310544122,0.48484848484848486
2022-12-01,Germany,Germany,0.000928574211557006,0.037779386638776294,0.03641917790229945,0.05340325802554557,0.052930195808458064,0.5
2022-12-01,Hong Kong,Hong Kong,0.006897379900171309,0.03646407341499713,0.03235231713930616,0.029456205134102485,0.03405170356883467,0.6060606060606061
2022-12-01,Indonesia,Indonesia,-0.010185710110047062,-0.022103315772323214,-0.024191107004980908,-0.026655479697081222,-0.024435187161657344,0.5151515151515151
2022-12-01,Italy,Italy,-0.0015829969959455376,-0.006191536123170259,-0.004552734731140684,-0.00496954595125149,-0.0067575257039355335,0.6515151515151515
2022-12-01,Japan,Japan,0.005600765656940681,0.013333141828528195,0.010082088283421291,0.0064316637356962095,0.009266275728503947,0.5757575757575757
2022-12-01,Korea,Korea,0.005789872310839734,0.012686412097091397,0.01501841613614299,0.019151796417869717,0.01622305851297709,0.6060606060606061
2022-12-01,Malaysia,Malaysia,-0.0008297818275470065,-0.021047843743014515,-0.02207312331045748,-0.0241682386664129,-0.022993408572789434,0.6666666666666667
2022-12-01,Mexico,Mexico,-0.005785420954680506,-0.028166256965998678,-0.021152973473420798,-0.02167445409882865,-0.028918216600750078,0.6363636363636364
2022-12-01,NASDAQ,US,0.0041488056826282805,0.06995299318091093,0.07509440524514824,0.08286895834716683,0.07682729439136066,0.18181818181818182
2022-12-01,Netherlands,Netherlands,0.010547938913697033,0.04030155323263462,0.03870916914552564,0.04037862137429234,0.04145825304523196,0.18181818181818182
2022-12-01,Philippines,Philippines,0.0034618722513977216,-0.01963063767516253,-0.021446011174723188,-0.02336190964509006,-0.021517647272543745,0.46969696969696967
2022-12-01,Poland,Poland,-0.000730530009063023,0.00737685534442316,0.0059487691275553495,0.009729850054574036,0.010392817914054874,0.5454545454545454
2022-12-01,Saudi Arabia,Saudi Arabia,-0.0017618070107245087,-0.03525237065116908,-0.034390941912803785,-0.03543998345101285,-0.036300484382846755,0.5606060606060606
2022-12-01,Singapore,Singapore,-0.0022756188812896577,0.028825444834660895,0.033817817591138395,0.03561935571729726,0.0304869140634028,0.5606060606060606
2022-12-01,South Africa,South Africa,-0.002362453023505011,-0.03332035835550279,-0.03098791274505565,-0.03254188820008302,-0.034885785046326445,0.5909090909090908
2022-12-01,Spain,Spain,-0.005662076141542249,-0.005651081469920732,-0.00702596177938679,-0.0011999757413161498,-0.0009422065011917054,0.7424242424242424
2022-12-01,Sweden,Sweden,0.0038948952388399346,0.03597367269883089,0.042627643497343846,0.055052164661633395,0.04741684197961486,0.3181818181818182
2022-12-01,Switzerland,Switzerland,0.008741584671489949,0.04130911339470262,0.04324948980690072,0.04201157284162014,0.03980876968067634,0.30303030303030304
2022-12-01,Taiwan,Taiwan,0.010359203596348671,0.029476230211905576,0.03207818523312573,0.02954785448913911,0.027293787153457587,0.2121212121212121
2022-12-01,Thailand,Thailand,-0.007028273055990645,-0.0030210690978809216,-0.0027958834403802608,-0.005677356197062099,-0.0059789673920247356,0.5606060606060607
2022-12-01,Turkey,Turkey,-0.009649170670875121,-0.052996631714763126,-0.049390016731488774,-0.049411987001592717,-0.053215358928875627,0.8484848484848485
2022-12-01,U.K.,U.K.,-0.002632936754739775,0.017231891727547743,0.027958918270000167,0.03386176332343573,0.022514768436212078,0.6818181818181819
2022-12-01,U.S.,US,0.004572266018156149,0.06944578394119962,0.07424039339462965,0.08234900426951862,0.07663707140071496,0.3484848484848485
2022-12-01,US SmallCap,US,-0.0022962265425856606,0.06633292745322689,0.07093978908021394,0.07893583786108854,0.07339910918285603,0.4696969696969697
2022-12-01,Vietnam,Vietnam,-0.007420644456149563,0.01894598827236886,0.017073161739520136,0.015348537667214368,0.017180543100983367,0.30303030303030304
2023-01-01,Australia,Australia,-0.0012111238464506922,-0.008132042018328515,-0.0074476268732373485,-0.008145102294242104,-0.009513823528344,0.5
2023-01-01,Brazil,Brazil,-0.01065617814583536,-0.02613361592016207,-0.02423151299507398,-0.02625740231773796,-0.02849534743250373,0.7878787878787878
2023-01-01,Canada,Canada,-0.003649405436405658,0.007008460529522144,0.01520935069423819,0.019632151990946367,0.01080166647882279,0.5303030303030303
2023-01-01,Chile,Chile,-0.0041503531046355215,-0.026328675705216124,-0.028907670398471606,-0.030602948361289788,-0.028053477078105918,0.7878787878787878
2023-01-01,ChinaA,China,0.006221174420626764,-0.0037693261570873344,-0.009401844040601836,-0.011269770139571405,-0.005801355929732193,0.4696969696969697
2023-01-01,ChinaH,China,0.005627310633375425,-0.0038223530340547127,-0.009389683440161816,-0.011350666808429308,-0.005944485882365369,0.48484848484848486
2023-01-01,Denmark,Denmark,0.010076943478912368,0.07979872233096938,0.08223793607392532,0.0963390157093599,0.09233839346887568,0.2727272727272727
2023-01-01,France,France,-0.0002083195586833602,-0.021759004987071576,-0.0214356390265246,-0.02004304465104302,-0.0213852618433295,0.45454545454545453
2023-01-01,Germany,Germany,-0.0010385757505048405,0.012157079327013624,0.016042302700689737,0.02217007426291212,0.017077294573946793,0.5454545454545454
2023-01-01,Hong Kong,Hong Kong,0.005023481219817598,0.030283904360743984,0.02605721286127307,0.023660019405200967,0.028260724594475366,0.7121212121212122
2023-01-01,Indonesia,Indonesia,-0.010588428282596232,-0.0295586472545162,-0.02751335268337953,-0.029282867107374218,-0.03123005810343333,0.5303030303030303
2023-01-01,Italy,Italy,-0.0032996429758084117,-0.028605384432447672,-0.02336190646449407,-0.02429386284491973,-0.029961907594945547,0.6666666666666667
2023-01-01,Japan,Japan,0.0031143159615191953,0.009491765075896991,0.005523997492480134,0.0021519750336451045,0.005393268878105864,0.5909090909090909
2023-01-01,Korea,Korea,0.0029945015118332495,-0.0017954814759655966,0.003834344928354388,0.004865374022568,-0.0009826874314845368,0.6212121212121212
2023-01-01,Malaysia,Malaysia,-0.0023027161840904883,-0.029881337795302172,-0.031596789020823746,-0.03337244312876641,-0.031600103388031195,0.6818181818181819
2023-01-01,Mexico,Mexico,-0.00712329813718056,-0.030870878370345203,-0.023385022268556387,-0.025849085838034913,-0.033148821523940164,0.6060606060606061
2023-01-01,NASDAQ,US,0.0028218636590267073,0.0664352375998264,0.07514558180843743,0.07911745198985548,0.06997978573517658,0.13636363636363635
2023-01-01,Netherlands,Netherlands,0.008696185413478502,0.0212546922819666,0.021871045362520915,0.02862994461505388,0.026666246819831964,0.16666666666666669
2023-01-01,Philippines,Philippines,0.0007153109719676472,-0.027706951897012673,-0.03047888826978795,-0.03214127056839179,-0.02932505502988085,0.5151515151515151
2023-01-01,Poland,Poland,-0.0005838579487491714,-0.016041673402866795,-0.01299346220456105,-0.01270945622179406,-0.016125355665117427,0.5303030303030303
2023-01-01,Saudi Arabia,Saudi Arabia,-0.0005370493402718224,-0.02248550999410058,-0.022838808073011987,-0.02472257325233604,-0.024226061668567875,0.4696969696969697
2023-01-01,Singapore,Singapore,-0.0042398848604604696,0.014924190658500184,0.02258107083835264,0.024715276378101794,0.016903113733087297,0.6666666666666667
2023-01-01,South Africa,South Africa,-0.004821286692050903,-0.03889691197659282,-0.03684865974256768,-0.03793973456545773,-0.03999556113600668,0.696969696969697
2023-01-01,Spain,Spain,-0.007039505580919817,-0.030007979880107748,-0.026003728815969837,-0.022837408287703757,-0.027954928253938145,0.7575757575757576
2023-01-01,Sweden,Sweden,0.0017728315838394168,0.026017597956843816,0.027947225683469162,0.04672878581450834,0.04284046074058574,0.25757575757575757
2023-01-01,Switzerland,Switzerland,0.004242388459234565,0.01708925793000026,0.022595160820021783,0.023993347651062133,0.01742570406365366,0.22727272727272727
2023-01-01,Taiwan,Taiwan,0.006984777828774467,0.01743145024819895,0.018264462818248083,0.01600372734136398,0.01521235595873331,0.21212121212121213
2023-01-01,Thailand,Thailand,-0.007866211994627809,-0.01454266533701008,-0.01245884026251331,-0.013980230657074788,-0.01611725404764551,0.5606060606060606
2023-01-01,Turkey,Turkey,-0.012481762689076074,-0.05315736902780454,-0.04922735669033896,-0.04961858737024053,-0.053702571279867245,0.9393939393939394
2023-01-01,U.K.,U.K.,-0.004562411557775179,0.0029018399522939935,0.01692558340642083,0.018165971862194867,0.003952152364185186,0.6666666666666666
2023-01-01,U.S.,US,0.0031416591068985315,0.06566744698378954,0.07400823508226385,0.07835812077835483,0.06957180510165986,0.2878787878787879
2023-01-01,US SmallCap,US,-0.00301037709867319,0.0629237614278319,0.07112020175618923,0.07534784155351015,0.06669582486307207,0.3939393939393939
2023-01-01,Vietnam,Vietnam,-0.007933687735074827,0.020601947381831902,0.018169009976321628,0.016202408097503278,0.018680354656324144,0.2727272727272727
2023-02-01,Australia,Australia,-0.0016455089292026596,-0.01844803747243056,-0.014914769799201798,-0.0161068879160983,-0.019791949875044096,0.5909090909090909
2023-02-01,Brazil,Brazil,-0.0092556742601627,-0.030475553011812477,-0.027156608103347836,-0.029931327716956134,-0.03349777138618983,0.696969696969697
2023-02-01,Canada,Canada,-0.0007269589045686836,0.009309494219617099,0.018350206089430637,0.018231558957131043,0.009239609220784826,0.5
2023-02-01,Chile,Chile,-0.00281823564424868,-0.03496337148127151,-0.034412428336468806,-0.03578392027385355,-0.03639159135879444,0.803030303030303
2023-02-01,ChinaA,China,0.0064803873573076876,-0.02217350715969476,-0.023509888819296422,-0.025769800630820287,-0.024524941991993773,0.5
2023-02-01,ChinaH,China,0.005929629788561338,-0.022217566578567945,-0.0234903154756841,-0.025699502028375072,-0.024509229386188762,0.46969696969696967
2023-02-01,Denmark,Denmark,0.002990996540224701,0.06617997817181788,0.07561900077593738,0.08971186493136812,0.07874929012341392,0.48484848484848486
2023-02-01,France,France,0.002310194070315231,-0.029462956232705007,-0.02204927244172454,-0.023795049400435975,-0.03140010633428803,0.5
2023-02-01,Germany,Germany,0.0019303106122781754,0.009226234567386497,0.01814584729458532,0.013361619033313793,0.004481551482616867,0.4696969696969697
2023-02-01,Hong Kong,Hong Kong,0.004027591127907373,0.016858088552059003,0.015072787492360048,0.01330579438537934,0.01526855099260722,0.803030303030303
2023-02-01,Indonesia,Indonesia,-0.009767423735306717,-0.03833926416458318,-0.0274922338809244,-0.028383248436733788,-0.03884783315674656,0.5
2023-02-01,Italy,Italy,-0.0003188767695307066,-0.03253475542588974,-0.022720233923084927,-0.026013088545377275,-0.03577510320107987,0.6363636363636364
2023-02-01,Japan,Japan,0.0034132527051681395,0.0012589746862762628,-0.0010747795017461382,-0.003193887484532921,-0.0013486041178553173,0.5909090909090909
2023-02-01,Korea,Korea,0.0036662571734506523,-0.017429451108634357,-0.0060022819120493605,-0.007314888340189497,-0.018339377105155628,0.6060606060606061
2023-02-01,Malaysia,Malaysia,-0.004269028585304847,-0.025377692275404387,-0.0259607792349357,-0.027944887047349425,-0.027026221842155834,0.7272727272727273
2023-02-01,Mexico,Mexico,-0.0028521831801539103,-0.03544842184814022,-0.02311341136224472,-0.02564732841210606,-0.03771405825526789,0.5757575757575758
2023-02-01,NASDAQ,US,0.00493805107581833,0.061059799802784066,0.07375238562730721,0.07270630442077775,0.060205994176201184,0.06060606060606061
2023-02-01,Netherlands,Netherlands,0.009058189635612697,0.01570042723082031,0.023380289151603832,0.026052974684867204,0.017686860243898636,0.2272727272727273
2023-02-01,Philippines,Philippines,0.0021334878947822065,-0.021143504778782636,-0.022959131567920496,-0.024724891171050527,-0.022739191870976942,0.40909090909090906
2023-02-01,Poland,Poland,-0.0012668631794851793,-0.025495778201665403,-0.01567749091710739,-0.018005027174397933,-0.027470197451877912,0.5606060606060606
2023-02-01,Saudi Arabia,Saudi Arabia,-0.0011575862730325744,-0.027359434727973565,-0.02767295263269879,-0.0292389484554268,-0.028788728377441,0.3333333333333333
2023-02-01,Singapore,Singapore,-0.0026050542673251072,0.014788732163239423,0.02067988057111783,0.02245273954116765,0.01636759442455938,0.6515151515151516
2023-02-01,South Africa,South Africa,-0.0029654537031579527,-0.03402048617134266,-0.03291958801173739,-0.034059997766704216,-0.035202549594435174,0.5757575757575757
2023-02-01,Spain,Spain,-0.004774189386104553,-0.035321136434628954,-0.02676983979975814,-0.030064300159385625,-0.03878896251098214,0.7575757575757576
2023-02-01,Sweden,Sweden,0.002188370564137678,0.026964719658598937,0.03181979181326086,0.03964944248505848,0.03410671323064675,0.2727272727272727
2023-02-01,Switzerland,Switzerland,0.003846638698124294,0.019621285640607507,0.026508652778189805,0.025069755171425602,0.017831711115369048,0.30303030303030304
2023-02-01,Taiwan,Taiwan,0.009311427000050271,0.012619963838398965,0.014863060792647194,0.013008023079269104,0.010797010259907659,0.16666666666666666
2023-02-01,Thailand,Thailand,-0.008615385977545997,-0.02280890310032744,-0.019650652737347833,-0.021488053781333567,-0.024666724285479488,0.6060606060606061
2023-02-01,Turkey,Turkey,-0.012582045291620955,-0.045250478541823756,-0.042267875157261825,-0.04318876355043853,-0.04642779392078908,0.9696969696969697
2023-02-01,U.K.,U.K.,-0.0025075247069947177,0.009272619069743233,0.018624433874706768,0.021829230965686376,0.012047475116085121,0.6515151515151515
2023-02-01,U.S.,US,0.004206115554022623,0.059580765207834514,0.07188666765017383,0.07123120749213538,0.059098102511664995,0.25757575757575757
2023-02-01,US SmallCap,US,-0.002165136669655022,0.05653717519633924,0.06860845645299254,0.06790976951858202,0.05599664969973265,0.4393939393939394
2023-02-01,Vietnam,Vietnam,-0.005151082906119493,0.01735282287206328,0.017316008482151472,0.01537808225730465,0.015566899385430157,0.30303030303030304
2023-03-01,Australia,Australia,-0.00328643819389736,-0.015514830237765684,-0.013939566012035644,-0.01566867196044363,-0.01773790331776048,0.5909090909090908
2023-03-01,Brazil,Brazil,-0.00950550034117473,-0.025772800202421717,-0.02110290955718963,-0.02351365523606632,-0.028255029045897856,0.696969696969697
2023-03-01,Canada,Canada,-0.0021455840290481335,0.007693004072365188,0.014766100457746697,0.011446305976104033,0.004491242797226002,0.43939393939393934
2023-03-01,Chile,Chile,-0.004037372935331615,-0.030059584961003798,-0.028811146829928115,-0.030385194344572285,-0.03169036659958161,0.8333333333333334
2023-03-01,ChinaA,China,0.005192481635919805,-0.006904128850442829,-0.012009993581981581,-0.014448182571585526,-0.009562007883823678,0.48484848484848486
2023-03-01,ChinaH,China,0.003437849618653987,-0.006983502514164071,-0.011848784675467978,-0.011762915915867119,-0.00698124838351858,0.5454545454545454
2023-03-01,Denmark,Denmark,0.004230108614026527,0.06653764435041201,0.07271908163382707,0.0806909975099997,0.07340981909890208,0.45454545454545453
2023-03-01,France,France,-0.0012739524684294429,-0.036175896620548945,-0.02781436087760991,-0.032170601153546384,-0.04065064902864008,0.5909090909090909
2023-03-01,Germany,Germany,-0.0009181934529378559,0.00076479604463843,0.010203291998428876,0.005813106127611113,-0.003722132286085693,0.5303030303030303
2023-03-01,Hong Kong,Hong Kong,0.001817545771367059,0.0002989874154926027,0.001945663650037505,0.005412705527683585,0.004037439290906591,0.7878787878787878
2023-03-01,Indonesia,Indonesia,-0.009524935270222822,-0.03455157418517414,-0.024632021729121982,-0.02678034675775487,-0.03664219985758714,0.4242424242424242
2023-03-01,Italy,Italy,-0.002204489151008314,-0.04007006304877612,-0.029868302623406805,-0.033252879792175956,-0.043542973043252796,0.7575757575757576
2023-03-01,Japan,Japan,0.001365599519335809,0.00046365239539188953,-0.0009211938420082182,-0.0021916789161854217,-0.001354605830416706,0.6060606060606061
2023-03-01,Korea,Korea,0.0026172208550078162,-0.008751196731572267,-0.003675247256168598,0.001008931417109728,-0.004794615284050464,0.5757575757575758
2023-03-01,Malaysia,Malaysia,-0.00554600647164017,-0.02562985827348372,-0.025235836462160266,-0.02620900806093924,-0.026437621214429226,0.6060606060606061
2023-03-01,Mexico,Mexico,-0.005651714334247939,-0.030935514578453532,-0.022777645967904575,-0.02679711954934836,-0.03489262783919405,0.6212121212121212
2023-03-01,NASDAQ,US,0.0023571512331179087,0.06082568761763157,0.07084425342112483,0.0678791891931581,0.05795908124757975,0.07575757575757576
2023-03-01,Netherlands,Netherlands,0.006363117070606732,0.008202081187195709,0.01726039017810852,0.01630406773167159,0.0066796156534646225,0.36363636363636365
2023-03-01,Philippines,Philippines,0.0009069837410234666,-0.008441568116057667,-0.012905383184067297,-0.014941012648127328,-0.01030596680758244,0.3181818181818182
2023-03-01,Poland,Poland,-0.0042127531044404915,-0.029029091067005873,-0.018716751118597538,-0.02014281787525785,-0.03052194778921634,0.6363636363636364
2023-03-01,Saudi Arabia,Saudi Arabia,-0.0014064495699145927,-0.023301663324420473,-0.023544706050792973,-0.024732177207935337,-0.024215774607609514,0.16666666666666669
2023-03-01,Singapore,Singapore,-0.0047247192270929855,0.011034273188890569,0.016003774368902088,0.013114969095154779,0.0081152807846988,0.696969696969697
2023-03-01,South Africa,South Africa,-0.005117620675748959,-0.030351707224137985,-0.029452626434938456,-0.031402016886105985,-0.032425971625793304,0.3787878787878788
2023-03-01,Spain,Spain,-0.006688475021261097,-0.037685978336943676,-0.030804458300659622,-0.035022047969125995,-0.04210964025306466,0.8484848484848485
2023-03-01,Sweden,Sweden,-0.0008191449290653151,0.024017060147680465,0.025773332389757465,0.03833112016642618,0.03509822726034271,0.30303030303030304
2023-03-01,Switzerland,Switzerland,0.0017911886365315263,0.01666192437104453,0.021745469835410335,0.020026449889008258,0.014403944045295524,0.25757575757575757
2023-03-01,Taiwan,Taiwan,0.00678512057706745,0.013211104807377605,0.015071893654190092,0.01323168281562522,0.011489552731048501,0.15151515151515152
2023-03-01,Thailand,Thailand,-0.00906433572681365,-0.019279270406053726,-0.015919250091451863,-0.016783709178441103,-0.02009201793228181,0.6060606060606061
2023-03-01,Turkey,Turkey,-0.010734302506143954,-0.041679367489416544,-0.03877038748140848,-0.039484620064257944,-0.042754219532089646,0.9545454545454546
2023-03-01,U.K.,U.K.,-0.0035921692171197103,0.0035948905437352442,0.014892233012298159,0.011770129773956651,0.00036723989737374486,0.6666666666666667
2023-03-01,U.S.,US,0.0009742323550600979,0.05934715755706541,0.06906766095818648,0.06637158935840169,0.056734151876367205,0.25757575757575757
2023-03-01,US SmallCap,US,-0.0039042718163073194,0.056718980407330845,0.06620060804859917,0.06355413534256411,0.05414146690545128,0.45454545454545453
2023-03-01,Vietnam,Vietnam,-0.005974971233869727,0.01492473746053167,0.01658764437904845,0.014644814430238599,0.013103435068136928,0.3181818181818182
2023-04-01,Australia,Australia,-0.0018215644962892037,-0.015814288988079482,-0.010567814705341861,-0.012589266506516369,-0.017978657683912925,0.42424242424242425
2023-04-01,Brazil,Brazil,-0.011604917837106023,-0.027285855585530337,-0.021386096683053024,-0.022086823566170186,-0.027854693121583403,0.5606060606060607
2023-04-01,Canada,Canada,-0.0026891923426269736,0.003575060508623152,0.016127839475417995,0.01358169685576705,0.00130924824029428,0.3787878787878788
2023-04-01,Chile,Chile,-0.0033054565063236566,-0.04155153261483026,-0.037361557719986144,-0.03854138246295466,-0.04276724461109356,0.7575757575757576
2023-04-01,ChinaA,China,0.005759568641254334,-0.004267912987321822,-0.007551475241480973,-0.009755673891335588,-0.006534263392157283,0.5151515151515151
2023-04-01,ChinaH,China,0.003231305059549378,-0.004367199942204926,-0.007294742765873781,-0.004544563737663501,-0.0014243199142396669,0.6212121212121212
2023-04-01,Denmark,Denmark,0.004979017372076415,0.06058251063094517,0.0730756552914754,0.07351309164664958,0.06097657484658254,0.46969696969696967
2023-04-01,France,France,-0.001507267637139419,-0.027462822596831922,-0.016037717908256297,-0.019348434304432643,-0.030680284610661017,0.5909090909090909
2023-04-01,Germany,Germany,-0.0020499249678221573,0.0011755637875325489,0.017278874249720202,0.015867105990050964,0.00020170711238855915,0.6818181818181819
2023-04-01,Hong Kong,Hong Kong,0.0019880068863674678,-0.002375709221889644,-0.0005078456721653406,0.007937153966624201,0.006564824574302158,0.7575757575757576
2023-04-01,Indonesia,Indonesia,-0.010741518615253973,-0.031054167050023132,-0.02538790028906223,-0.026027180340860538,-0.03150709825837629,0.4696969696969697
2023-04-01,Italy,Italy,-0.0049311752627379775,-0.03728416317787174,-0.022426137250259368,-0.025248726717086153,-0.03988935392559459,0.8636363636363636
2023-04-01,Japan,Japan,0.001704488564493756,-0.0004385965250134679,0.002095996568022238,0.0009155211218020848,-0.0017776140813570412,0.6363636363636364
2023-04-01,Korea,Korea,0.0032732948850928735,-0.008304381297348475,-0.0006908106070283252,-0.002165538387021302,-0.009619964610829125,0.5606060606060606
2023-04-01,Malaysia,Malaysia,-0.00389504399716139,-0.029712771415961153,-0.02711439231234361,-0.02812423220828989,-0.030611193123491406,0.5151515151515151
2023-04-01,Mexico,Mexico,-0.0050718155904711515,-0.030559929045187992,-0.020882722009555828,-0.02408448390889968,-0.033614015841469565,0.6212121212121212
2023-04-01,NASDAQ,US,0.003695536477589542,0.06353978957724561,0.07321978485698774,0.070723568346941,0.06143130091203663,0.10606060606060606
2023-04-01,Netherlands,Netherlands,0.00593061145953558,0.004393819828658982,0.0222653855130135,0.019316635927869828,0.0016951296283414085,0.40909090909090906
2023-04-01,Philippines,Philippines,0.00016198108525801273,-0.01719161228324634,-0.0205259711626087,-0.02095771288984822,-0.017471149744962985,0.3939393939393939
2023-04-01,Poland,Poland,-0.0044050322006261074,-0.021691497759841024,-0.011596663137823034,-0.013986157893725065,-0.024253783808974687,0.6212121212121212
2023-04-01,Saudi Arabia,Saudi Arabia,-0.0005592370591314712,-0.027166088094735523,-0.026325953982209868,-0.025750325140505716,-0.026269777627673067,0.16666666666666666
2023-04-01,Singapore,Singapore,-0.003038534040500404,0.012307461110988948,0.020057628186748118,0.01756882552372025,0.010048779630696942,0.606060606060606
2023-04-01,South Africa,South Africa,-0.0019652509253994593,-0.028940875747940277,-0.02865039437006462,-0.030315331072799406,-0.030887547334278682,0.24242424242424243
2023-04-01,Spain,Spain,-0.007644008032887343,-0.03373140088886746,-0.022371302964699483,-0.02543910322827768,-0.03669877995496587,0.8787878787878788
2023-04-01,Sweden,Sweden,-0.001264665163918868,0.016369458211551988,0.027340271988317386,0.029262770017092994,0.018176334590581288,0.4242424242424242
2023-04-01,Switzerland,Switzerland,0.0033725524525601673,0.016866064718801317,0.02695875166831723,0.02569494127618354,0.015586910286546561,0.24242424242424243
2023-04-01,Taiwan,Taiwan,0.006142923822687128,0.016277327865389463,0.01769931288996255,0.015834670734874268,0.014640016694003064,0.16666666666666669
2023-04-01,Thailand,Thailand,-0.00866830624672782,-0.023104125292577347,-0.020242028198554946,-0.018762475626929315,-0.0215581278115422,0.5909090909090909
2023-04-01,Turkey,Turkey,-0.013275576300769743,-0.037960949325223016,-0.034650535357409785,-0.03284598006833654,-0.0361746543525094,0.9848484848484849
2023-04-01,U.K.,U.K.,-0.0056955317129228225,-0.001225646612311105,0.013627759395036158,0.012826842987594114,-0.001812938506075664,0.696969696969697
2023-04-01,U.S.,US,0.0021083291755539454,0.06192436649244578,0.07137709399663549,0.0689470604182709,0.05986310594725595,0.24242424242424243
2023-04-01,US SmallCap,US,-0.0041387229078634095,0.059165406462011065,0.0684744403559562,0.06669193089030817,0.057775816524042296,0.5
2023-04-01,Vietnam,Vietnam,-0.0040137841412745965,0.010899879961797336,0.01714926602985875,0.01541575461824341,0.009101806257221753,0.30303030303030304
2023-05-01,Australia,Australia,-0.002990735279241102,-0.018340480939763842,-0.014663563734746385,-0.01652081649513695,-0.0205367426373625,0.36363636363636365
2023-05-01,Brazil,Brazil,-0.011532728591965967,-0.029805320707042393,-0.02388621723265002,-0.024970596244035546,-0.03078211078595424,0.42424242424242425
2023-05-01,Canada,Canada,-0.004056570097813291,0.0024916302859888974,0.012654329305410385,0.010069657556761797,6.787743104640087e-05,0.30303030303030304
2023-05-01,Chile,Chile,-0.006521637832627241,-0.03707110189232398,-0.03568240493284951,-0.036885066392335596,-0.03856052438028735,0.8333333333333334
2023-05-01,ChinaA,China,0.0035311845050835927,-0.006187019194413486,-0.007934353092726937,-0.008486043316345374,-0.006859429162544081,0.5151515151515151
2023-05-01,ChinaH,China,0.0019898497706499,-0.006238226514427166,-0.007762729956234605,-0.00558195773063605,-0.004034965091395628,0.6060606060606061
2023-05-01,Denmark,Denmark,0.002945610569986193,0.058643990158852154,0.07002882899904864,0.06712930665581286,0.056006775271140764,0.48484848484848486
2023-05-01,France,France,-0.003347774627734104,-0.024363976782893967,-0.016581125335043943,-0.019842694166359764,-0.027699622741411925,0.5909090909090909
2023-05-01,Germany,Germany,-0.004906576616861492,0.0008686568560527588,0.015011711410418365,0.01250944184386211,-0.0013598214778838885,0.696969696969697
2023-05-01,Hong Kong,Hong Kong,0.0001910211749580979,0.0026034812120894566,0.0024983862142057556,0.009300576799925497,0.009912432971655621,0.7272727272727273
2023-05-01,Indonesia,Indonesia,-0.009794643301711033,-0.027675360449320355,-0.02397891522476476,-0.025923050233089433,-0.0295448277638157,0.2727272727272727
2023-05-01,Italy,Italy,-0.006878107331685159,-0.03438310562201666,-0.02281018318751741,-0.02584114682345367,-0.037371633849793265,0.8939393939393939
2023-05-01,Japan,Japan,-0.002076577851315926,-0.014750684506302951,-0.012411838183846054,-0.013953279343569165,-0.01679144522054346,0.696969696969697
2023-05-01,Korea,Korea,0.0016637375957422006,-0.007060297700101226,-0.0027627807310991407,-0.0026003871026800867,-0.007186756065493708,0.5606060606060607
2023-05-01,Malaysia,Malaysia,-0.0048545571751600885,-0.039164828936649555,-0.03625420410330616,-0.03605887081183661,-0.039049906033800735,0.4090909090909091
2023-05-01,Mexico,Mexico,-0.008644650187742,-0.033468139301628154,-0.02485602635142576,-0.02791627545455482,-0.03644437300918394,0.6363636363636364
2023-05-01,NASDAQ,US,-0.0013359781934667398,0.06313963906193573,0.07012535725986598,0.06749814173777897,0.060816166827956104,0.31818181818181823
2023-05-01,Netherlands,Netherlands,0.001345539311025882,0.00484563143525581,0.019123146447939637,0.01608376189094262,0.0019581444148177723,0.46969696969696967
2023-05-01,Philippines,Philippines,-0.002172583924530136,-0.02156215142286476,-0.025867145214716822,-0.02671183345904636,-0.022493884906553543,0.3787878787878788
2023-05-01,Poland,Poland,-0.006962010898827898,-0.025676530048485753,-0.01688096283890756,-0.018781478872996422,-0.02771741243865189,0.7575757575757576
2023-05-01,Saudi Arabia,Saudi Arabia,0.00018307432130880603,-0.032401365387945344,-0.03156942461927489,-0.033106034978394795,-0.033890771867717356,0.13636363636363635
2023-05-01,Singapore,Singapore,-0.006428166024875766,0.005189970223618381,0.013646040970987353,0.012509324437919805,0.00411318498005246,0.6818181818181819
2023-05-01,South Africa,South Africa,-0.006219977134086595,-0.03388029066280896,-0.0341686180602047,-0.03580570782767188,-0.035839474472364845,0.3333333333333333
2023-05-01,Spain,Spain,-0.008715564639014317,-0.03011320739252448,-0.021340942544617752,-0.02453512560761293,-0.033346626468348545,0.8484848484848485
2023-05-01,Sweden,Sweden,-0.0027125749685294655,0.011059202024293021,0.017187855804155355,0.01968162471558054,0.01300222270721088,0.42424242424242425
2023-05-01,Switzerland,Switzerland,0.00172625006719432,0.01747481693580416,0.02435996023052616,0.022746570075265586,0.015842502707191564,0.21212121212121213
2023-05-01,Taiwan,Taiwan,0.0034545958145175137,0.006341708958496941,0.008918814568649602,0.007340303246182572,0.004796778184350854,0.21212121212121213
2023-05-01,Thailand,Thailand,-0.011140616010532012,-0.02370151795733467,-0.020200760403601345,-0.017487585598846438,-0.02090656197315574,0.5909090909090908
2023-05-01,Turkey,Turkey,-0.0074827242494965255,-0.01845909048964163,-0.0182612859421474,-0.01988705330736472,-0.01989629399781379,0.9696969696969697
2023-05-01,U.K.,U.K.,-0.005075954989160615,-0.001495959891057351,0.010465841310771362,0.007871783122661137,-0.00405952433540875,0.5909090909090909
2023-05-01,U.S.,US,-0.0015006848933940293,0.06241876746765703,0.06923107710757694,0.06677954767532077,0.06026122998769768,0.3484848484848485
2023-05-01,US SmallCap,US,-0.0060313395673924144,0.06065151545417612,0.06756519386805887,0.06501857857578763,0.05840894038825615,0.40909090909090906
2023-05-01,Vietnam,Vietnam,-0.0047490176903956455,0.01824401645916568,0.019776189749430385,0.01794477829776691,0.016354502445817307,0.30303030303030304
2023-06-01,Australia,Australia,-0.0036747523010440862,-0.01966137426157475,-0.014312426218394465,-0.01639379447647015,-0.02198774017485166,0.3787878787878788
2023-06-01,Brazil,Brazil,-0.011483613671226288,-0.03486998005645662,-0.027398675226679103,-0.028066250698130818,-0.03538901643627594,0.3787878787878788
2023-06-01,Canada,Canada,-0.005085457817397496,0.0035430729781806523,0.013700159152259672,0.010813340175427585,0.0008109641342797548,0.3787878787878788
2023-06-01,Chile,Chile,-0.007405610183168872,-0.0449438534434045,-0.042433340189193404,-0.04329395334506668,-0.046041759818601945,0.5606060606060607
2023-06-01,ChinaA,China,0.003506886050581382,-0.012562324490375483,-0.00961863947477488,-0.008549611154330453,-0.011401117309373068,0.43939393939393945
2023-06-01,ChinaH,China,0.002004167868015671,-0.012605906432241958,-0.009441037042887745,-0.006236409053022042,-0.009192379988063278,0.5454545454545454
2023-06-01,Denmark,Denmark,0.0006567437185609551,0.05647624427335917,0.06934581278941092,0.06675120781981994,0.05429864758798999,0.5151515151515151
2023-06-01,France,France,-0.003921567298406961,-0.024662662984782785,-0.014934423310598154,-0.017991341690843446,-0.027638572085091843,0.6363636363636364
2023-06-01,Germany,Germany,-0.005287882154701105,0.002196747926881352,0.016912278085915222,0.014156509147709438,-0.00013503958112718976,0.7121212121212122
2023-06-01,Hong Kong,Hong Kong,-0.0008395944410721215,0.0004748048229624609,0.00330517769889954,0.015799462449465673,0.013680008923602225,0.6893939393939394
2023-06-01,Indonesia,Indonesia,-0.011545241130018974,-0.03206418702875869,-0.02562626254298691,-0.0251978466854937,-0.03129311928639944,0.4242424242424242
2023-06-01,Italy,Italy,-0.00669771703583955,-0.0378521113496381,-0.02370397855820599,-0.0265333093937136,-0.04046302380549985,0.8787878787878788
2023-06-01,Japan,Japan,-0.00130834895009245,-0.01649841806922328,-0.012893351666081807,-0.014024488666112682,-0.01783246666031335,0.5909090909090908
2023-06-01,Korea,Korea,0.0019899404559288528,-0.017229969667681068,-0.009074720397466547,-0.009737234739989314,-0.01793898294950154,0.5378787878787878
2023-06-01,Malaysia,Malaysia,-0.005055423329044798,-0.03759835540971024,-0.03431591993596855,-0.031728450704829804,-0.034812531814634444,0.5151515151515151
2023-06-01,Mexico,Mexico,-0.008405664635820239,-0.03583101407958264,-0.023390878809980434,-0.025548591647537734,-0.037690230481495876,0.6212121212121212
2023-06-01,NASDAQ,US,-0.0008818475484557277,0.06077582418650775,0.07010991618077045,0.06824473522709601,0.05919003631382825,0.28787878787878785
2023-06-01,Netherlands,Netherlands,0.0011880191033825788,0.0052438650173802104,0.01929002494071929,0.016612355946447707,0.002899470802393396,0.45454545454545453
2023-06-01,Philippines,Philippines,-0.0025764106574051376,-0.03137683939646367,-0.03034804906337421,-0.03007404742850539,-0.031149711169138165,0.4242424242424242
2023-06-01,Poland,Poland,-0.008311083943423989,-0.021757210136057754,-0.01382200142374178,-0.016011033989742435,-0.024091463723280075,0.8636363636363636
2023-06-01,Saudi Arabia,Saudi Arabia,-0.0026551079731066737,-0.04268627742138572,-0.04141843453358158,-0.04264424647105843,-0.04410464527510531,0.16666666666666669
2023-06-01,Singapore,Singapore,-0.006814228029415297,0.0018659060947788346,0.013620030783261022,0.01202964591355738,0.0005266750057949226,0.7121212121212122
2023-06-01,South Africa,South Africa,-0.005656952004654798,-0.015472873301510662,-0.02043232424716262,-0.02279882619218935,-0.018130460758869676,0.393939393939394
2023-06-01,Spain,Spain,-0.008232070777762904,-0.03335709929983885,-0.02142629324644229,-0.024053920990949884,-0.03583815693783329,0.803030303030303
2023-06-01,Sweden,Sweden,-0.002737683433799265,0.012706324499030091,0.023107513411932082,0.020987336458227708,0.010958055627672601,0.4696969696969697
2023-06-01,Switzerland,Switzerland,-0.0003833924217377157,0.01377075708458742,0.0232879667227898,0.02242190275561433,0.012982972636426176,0.3787878787878788
2023-06-01,Taiwan,Taiwan,0.004414131716956409,0.002822426161392142,0.0049067631756223255,0.0035337564167533687,0.0013760814722882271,0.13636363636363635
2023-06-01,Thailand,Thailand,-0.01031830387979597,-0.027368409362128317,-0.023859910893537645,-0.021866382893705683,-0.02544576197934366,0.4696969696969697
2023-06-01,Turkey,Turkey,-0.008895693960202133,-0.020202257733375417,-0.020642001542686007,-0.02224113667467651,-0.021806818917529742,0.9545454545454546
2023-06-01,U.K.,U.K.,-0.006268422081335824,0.0032659917113982,0.011766208373189367,0.010917778533117104,0.002553322573575054,0.696969696969697
2023-06-01,U.S.,US,-0.001901519915082881,0.0597954053719616,0.0690157231567611,0.0672673837801625,0.05832041425481475,0.33333333333333337
2023-06-01,US SmallCap,US,-0.006202161099228349,0.05823386867996965,0.0676422637020923,0.06557728112702113,0.05644965520655309,0.40909090909090906
2023-06-01,Vietnam,Vietnam,-0.005052139873684362,0.019669650146099983,0.019434724285900935,0.017594022209413807,0.017867411920572722,0.24242424242424243
2023-07-01,Australia,Australia,-0.004633563152512321,-0.01075706218556118,-0.014315388434113986,-0.012141690632701561,-0.009573288496997104,0.3181818181818182
2023-07-01,Brazil,Brazil,-0.013119726548174223,-0.04503485742511909,-0.035352397084833856,-0.03488398038206409,-0.04437379280683541,0.5909090909090909
2023-07-01,Canada,Canada,-0.0048969588694691086,0.002836136115756345,0.00867407962677061,0.006227178178723333,0.00033941325466802993,0.33333333333333337
2023-07-01,Chile,Chile,-0.011721387839596292,-0.04251083305317025,-0.04240338346730524,-0.042551579044116265,-0.042905087912435504,0.7121212121212122
2023-07-01,ChinaA,China,0.004866636000678723,-0.01315022734729717,-0.012300472030076233,-0.013536095124665106,-0.01435302402330037,0.3787878787878788
2023-07-01,ChinaH,China,0.004307662363432439,-0.013197233657364579,-0.012161606353806765,-0.01349134005346862,-0.01448330574891547,0.48484848484848486
2023-07-01,Denmark,Denmark,-0.0008107347238818464,0.046880792837444576,0.055338371869459814,0.0525001275421907,0.044179947836741604,0.5151515151515151
2023-07-01,France,France,-0.004561596267537741,-0.02231142168984887,-0.017772092185530684,-0.020958988405752853,-0.025627956539262767,0.6060606060606061
2023-07-01,Germany,Germany,-0.006594956466803641,0.001549086887461965,0.009492098784758476,0.006952283885283857,-0.0010290793898829224,0.7272727272727273
2023-07-01,Hong Kong,Hong Kong,0.0025740368041815426,-0.002572263659563829,0.001223604620769668,0.004956085786924469,0.001825433741199733,0.5454545454545454
2023-07-01,Indonesia,Indonesia,-0.012766708484471718,-0.03162485193579319,-0.02592604805669487,-0.02585660664402202,-0.03128445025008768,0.45454545454545453
2023-07-01,Italy,Italy,-0.007794009286431051,-0.036912916364285196,-0.026794999326842123,-0.029583939176319025,-0.039611785634061425,0.8787878787878788
2023-07-01,Japan,Japan,-0.0034145737731174856,-0.02106011129729255,-0.020414447244196353,-0.0205152766424346,-0.020984137559373037,0.5757575757575757
2023-07-01,Korea,Korea,-0.002212178220200689,-0.01681078652317554,-0.01585187365331521,-0.013979273744246585,-0.015474760181453419,0.7727272727272727
2023-07-01,Malaysia,Malaysia,-0.0050956418036299175,-0.028991999686635316,-0.026861008692318854,-0.026503350633933,-0.02819267981257105,0.48484848484848486
2023-07-01,Mexico,Mexico,-0.009123570576502869,-0.04130956486145314,-0.029101785574059055,-0.030603470805200594,-0.04279480851507069,0.6212121212121212
2023-07-01,NASDAQ,US,-0.002765144276961857,0.047818282012071466,0.05294979671663086,0.05245602785542906,0.047118595494516274,0.3939393939393939
2023-07-01,Netherlands,Netherlands,-0.0011065320141371874,0.0065265224392835695,0.01318585042727143,0.01282736218355082,0.005908800688983631,0.5151515151515151
2023-07-01,Philippines,Philippines,-0.005269163592810999,-0.031691429815747574,-0.03462142385868641,-0.0343606909871777,-0.03156238043698927,0.4545454545454546
2023-07-01,Poland,Poland,-0.005859306377515208,-0.02415773160945915,-0.019406399542297975,-0.020599819282591657,-0.025348649344373954,0.8787878787878789
2023-07-01,Saudi Arabia,Saudi Arabia,-0.004156262633828871,-0.04685065051687952,-0.04528441240054878,-0.04594409723822128,-0.047810271630958565,0.19696969696969696
2023-07-01,Singapore,Singapore,-0.006777442149091872,0.003323501580167594,0.007926247495425974,0.007451717461279034,0.002564326076520745,0.5454545454545454
2023-07-01,South Africa,South Africa,-0.0033033362350339732,-0.0273808411839069,-0.027692143154311955,-0.028690902309939648,-0.028535648048274596,0.34848484848484845
2023-07-01,Spain,Spain,-0.00798849418025394,-0.029514823979360248,-0.023425417216291246,-0.026388558255274766,-0.03256165203588417,0.7727272727272727
2023-07-01,Sweden,Sweden,-0.004157964396839055,0.01187029993338398,0.015528610185055096,0.01565092902126157,0.011733594953382014,0.40909090909090906
2023-07-01,Switzerland,Switzerland,-0.0014678202462886899,0.008243526835592934,0.013899258001879944,0.013838881098557436,0.008066213583937025,0.28787878787878785
2023-07-01,Taiwan,Taiwan,0.0005167204162223665,0.004710279837153584,0.003705408076012282,0.002707897945299749,0.00369400555854724,0.30303030303030304
2023-07-01,Thailand,Thailand,-0.00983321768415922,-0.01929273352673285,-0.020311389365679992,-0.02087011898630016,-0.019821902270695392,0.40909090909090906
2023-07-01,Turkey,Turkey,-0.007923822613854938,-0.02941043831700549,-0.028968494062668174,-0.029248437128402235,-0.029763858335403195,0.9545454545454546
2023-07-01,U.K.,U.K.,-0.005855584733352581,0.0057702061190764205,0.009351634757700697,0.005714105628992007,0.0022086675304297167,0.6060606060606061
2023-07-01,U.S.,US,-0.0034148955150774436,0.04714262132038665,0.05211114762501185,0.05170552565980704,0.046522772696138665,0.33333333333333337
2023-07-01,US SmallCap,US,-0.00501292876068185,0.04660716642426624,0.05203541738498153,0.05143415036230466,0.045819364130306565,0.3333333333333333
2023-07-01,Vietnam,Vietnam,-0.0031562897408226836,0.0129086745055136,0.013101273353075043,0.011657164031339736,0.01156886067911699,0.25757575757575757
2023-08-01,Australia,Australia,-0.004461748933022647,-0.011122907511097695,-0.012377060545435338,-0.011541842023956247,-0.010886034288200373,0.3484848484848485
2023-08-01,Brazil,Brazil,-0.014035772886865895,-0.045434419903307835,-0.034904455102106706,-0.03461351791568001,-0.04497255175281565,0.7121212121212122
2023-08-01,Canada,Canada,-0.005057654742649681,0.00440433254450979,0.009468425135426934,0.007436528354288501,0.0022601529610805707,0.36363636363636365
2023-08-01,Chile,Chile,-0.01241649143654211,-0.04893386635050338,-0.04721792908414066,-0.04723237337138081,-0.04902887675513136,0.6666666666666666
2023-08-01,ChinaA,China,0.003186060757552336,-0.015325418928320468,-0.01355471445752194,-0.015010815282019724,-0.01669276020925605,0.43939393939393945
2023-08-01,ChinaH,China,0.002721859340072826,-0.015414215430207094,-0.013569307260822333,-0.015072158160050324,-0.016823920810825566,0.48484848484848486
2023-08-01,Denmark,Denmark,-0.0006335447179592942,0.04631517055924953,0.05502587529477922,0.05269581165683378,0.04411710956833096,0.40909090909090906
2023-08-01,France,France,-0.00480297720318576,-0.026548683225281852,-0.019973443590905655,-0.022670802792609468,-0.029259824795118412,0.5757575757575757
2023-08-01,Germany,Germany,-0.006875123842781853,0.002649402402622061,0.010468062940837774,0.007625340930091059,-0.00013876121730291378,0.7575757575757576
2023-08-01,Hong Kong,Hong Kong,0.0013334993008833288,0.011145706321105833,0.012568649186026957,0.014255068659840739,0.013487010128439324,0.5909090909090909
2023-08-01,Indonesia,Indonesia,-0.01208971799283086,-0.03590798698531641,-0.029064665172429817,-0.029540639864066978,-0.036053539988079794,0.4393939393939394
2023-08-01,Italy,Italy,-0.008559848271373462,-0.03581329012508448,-0.026156795564843682,-0.028313637092473573,-0.03785155722061033,0.9090909090909092
2023-08-01,Japan,Japan,-0.003698200576330307,-0.018311391470078903,-0.015640416944342095,-0.016374515375306212,-0.01895157020310216,0.6515151515151516
2023-08-01,Korea,Korea,-0.001409931899923337,-0.019602354601547342,-0.016740350695571365,-0.01667406413681547,-0.01970354180531767,0.7424242424242424
2023-08-01,Malaysia,Malaysia,-0.00047660272543397116,-0.029055445483382104,-0.02415602778033831,-0.024306401116863774,-0.0286230094706888,0.42424242424242425
2023-08-01,Mexico,Mexico,-0.010317726025893197,-0.035908694257814955,-0.02510257024626466,-0.026537720506232557,-0.03724775537084165,0.6060606060606061
2023-08-01,NASDAQ,US,-0.0038276801960787795,0.046737905518184915,0.051251493719542185,0.0498115925930283,0.045199999066506874,0.34848484848484845
2023-08-01,Netherlands,Netherlands,-0.0013203770594451322,0.00747420407988819,0.013853737854883972,0.013134958463661492,0.006574805279234208,0.4393939393939394
2023-08-01,Philippines,Philippines,-0.005049203915859261,-0.03637614850674738,-0.03692909792624697,-0.036755540201791725,-0.03616966761885126,0.5
2023-08-01,Poland,Poland,-0.007570700558026657,-0.027232874982477263,-0.020633769379580787,-0.02192539078903199,-0.028456529993946156,0.9545454545454546
2023-08-01,Saudi Arabia,Saudi Arabia,-0.004779148613469181,-0.051219375085334494,-0.048584987716585065,-0.04901632089577038,-0.051891436238731596,0.18181818181818182
2023-08-01,Singapore,Singapore,-0.004995339178101988,0.005225569528490346,0.011740767788201363,0.010038480911579972,0.0034768994234669476,0.5
2023-08-01,South Africa,South Africa,-0.002798947013197375,-0.026848488640654256,-0.02555848041983804,-0.026504927395753143,-0.027681296815047267,0.3787878787878788
2023-08-01,Spain,Spain,-0.009812445822604316,-0.03072908630867137,-0.024572308331625985,-0.02710615768059408,-0.03331477949699559,0.8939393939393939
2023-08-01,Sweden,Sweden,-0.0054755563040996755,0.01483466374625418,0.02218923273285004,0.02175880474899186,0.0144446950865655,0.36363636363636365
2023-08-01,Switzerland,Switzerland,-0.0013302674107731694,0.015275714516629462,0.019380932176954975,0.018934827317190706,0.014818496943894996,0.28787878787878785
2023-08-01,Taiwan,Taiwan,0.00046745529022495375,0.009222242551910577,0.009231047516144767,0.008271021023980894,0.008407197164702595,0.33333333333333337
2023-08-01,Thailand,Thailand,-0.00899803685784669,-0.016649971555367883,-0.016000328709877155,-0.017059999693794008,-0.01750344984010338,0.42424242424242425
2023-08-01,Turkey,Turkey,-0.0048007111543742825,-0.04529371064798552,-0.04572105944869216,-0.04534637270979633,-0.04505228796877797,0.8181818181818181
2023-08-01,U.K.,U.K.,-0.005550398801535278,0.008157756035166221,0.012801738513875746,0.009199562205697466,0.0046482749718598365,0.6060606060606061
2023-08-01,U.S.,US,-0.004055513474099142,0.04636186468346193,0.05069279795871491,0.0493407584116734,0.044901828611041555,0.3484848484848485
2023-08-01,US SmallCap,US,-0.0053097328312848545,0.046062077533521116,0.05080612955975117,0.04926885932890385,0.044441347096117856,0.3181818181818182
2023-08-01,Vietnam,Vietnam,-0.002166074661850057,0.00832068300097325,0.009905364336639045,0.008620425639969962,0.007162864230658135,0.18181818181818182
2023-09-01,Australia,Australia,-0.005168394514084258,-0.007461197182674237,-0.008528175464884583,-0.00830579530291562,-0.007782206799197786,0.3333333333333333
2023-09-01,Brazil,Brazil,-0.013623530327954665,-0.04126619526176588,-0.03168214391301508,-0.03065081518197505,-0.03995436372964579,0.6666666666666666
2023-09-01,Canada,Canada,-0.0063094601652863526,0.002396066186284679,0.008925639575962332,0.007530917241630136,0.0009020831390011627,0.40909090909090906
2023-09-01,Chile,Chile,-0.01145174664057238,-0.045481090378654346,-0.042296111917668425,-0.04253399144882163,-0.04571642684605365,0.6666666666666666
2023-09-01,ChinaA,China,0.0015575371299569266,0.0006490297699425825,-0.004678748259389547,-0.006936687842661655,-0.0018959806715639184,0.4393939393939394
2023-09-01,ChinaH,China,0.0012377292735388842,0.0005710013039848996,-0.004702183118622418,-0.006991274651856727,-0.002001894961376027,0.48484848484848486
2023-09-01,Denmark,Denmark,-0.0034150588020565795,0.04451239503172752,0.05288673663118955,0.05102484128554992,0.04274267361800299,0.4242424242424242
2023-09-01,France,France,-0.0070445942843019495,-0.02200507008781473,-0.016960499608030026,-0.019582910108114075,-0.024653375440729264,0.5606060606060606
2023-09-01,Germany,Germany,-0.009003117314314447,0.004899841614533804,0.012257037760717094,0.009883669020587701,0.0025874367716517462,0.7878787878787878
2023-09-01,Hong Kong,Hong Kong,-1.6945609572259837e-05,-0.0013356925770105482,0.0018315106541179713,0.0028121927125925265,-6.587874306031045e-05,0.5909090909090909
2023-09-01,Indonesia,Indonesia,-0.0117716074040007,-0.033071165533941065,-0.02838209276561654,-0.02950358461294269,-0.034050231538127626,0.24242424242424243
2023-09-01,Italy,Italy,-0.010671938238862255,-0.0310331869787766,-0.021917337220998083,-0.024017664267073788,-0.033028681193908296,0.8787878787878789
2023-09-01,Japan,Japan,-0.0048375071826446325,-0.005257479317281459,-0.009514106217394973,-0.010714861530855081,-0.006915562373346075,0.5454545454545454
2023-09-01,Korea,Korea,-0.0020001372385205643,-0.01461708304146645,-0.011931623038272741,-0.013695440213007799,-0.016417416440303575,0.7878787878787878
2023-09-01,Malaysia,Malaysia,-0.0028406701401002634,-0.03201726017430062,-0.028354327086543292,-0.02898135041192567,-0.03247510181103051,0.42424242424242425
2023-09-01,Mexico,Mexico,-0.011918205322098585,-0.03314252705304622,-0.0248472366014938,-0.026392851007011185,-0.03461200564119202,0.6212121212121212
2023-09-01,NASDAQ,US,-0.005614377388662035,0.04534524138374843,0.050295142127160825,0.04804581874399852,0.04316675884449584,0.36363636363636365
2023-09-01,Netherlands,Netherlands,-0.0038201566799664875,0.008450157292580323,0.015190684287949124,0.014684851273870746,0.007799502467624689,0.48484848484848486
2023-09-01,Philippines,Philippines,-0.00460569075535602,-0.027087881462337038,-0.02863965103503567,-0.029412060422931874,-0.027919894318628118,0.4090909090909091
2023-09-01,Poland,Poland,-0.010885840515607412,-0.02917450036062976,-0.023185791266250942,-0.024452574888171867,-0.030401420746714383,0.9848484848484849
2023-09-01,Saudi Arabia,Saudi Arabia,-0.005310661231034502,-0.051329003943430276,-0.046592896496440925,-0.046981836596149885,-0.051804341721874966,0.13636363636363635
2023-09-01,Singapore,Singapore,-0.005943489137532154,0.008239477482944553,0.015016148548347976,0.014033921024091253,0.007203173292473625,0.6212121212121212
2023-09-01,South Africa,South Africa,-0.004000736486514337,-0.033928465984263925,-0.03394936313321383,-0.03470395489729775,-0.03476077633469468,0.5303030303030303
2023-09-01,Spain,Spain,-0.01110718625959757,-0.02676164121013308,-0.02116612871477056,-0.02359640981884721,-0.029216385907573333,0.8787878787878788
2023-09-01,Sweden,Sweden,-0.008185784084160548,0.011057798465410598,0.016801714186935254,0.015777387364302425,0.009992799300646912,0.46969696969696967
2023-09-01,Switzerland,Switzerland,-0.004588777357105231,0.011299010803595489,0.014717853104308143,0.014168140035957082,0.0106463189742036,0.3484848484848485
2023-09-01,Taiwan,Taiwan,0.00017284295734672824,0.0010247091773345294,0.0033383964944974243,0.002557184207073798,0.00028166722067654495,0.24242424242424243
2023-09-01,Thailand,Thailand,-0.00958501077860575,-0.015944999050672565,-0.015592226733442413,-0.01729811059795917,-0.017673343512348318,0.3787878787878788
2023-09-01,Turkey,Turkey,-0.006638613147992483,-0.04641366803013373,-0.04733714843458335,-0.0469069330437144,-0.04608303604513382,0.7727272727272727
2023-09-01,U.K.,U.K.,-0.0077914795195109686,0.0034335380265561495,0.010102750490090398,0.008583225525928696,0.0017858754715755574,0.6212121212121212
2023-09-01,U.S.,US,-0.006113697680357931,0.04490931373501106,0.04963889235934317,0.0474764639040222,0.042805535888848674,0.3484848484848485
2023-09-01,US SmallCap,US,-0.006245248765653729,0.045192819412486256,0.05057987994184514,0.04838566603359175,0.0431236981654044,0.3787878787878788
2023-09-01,Vietnam,Vietnam,-0.002933687528473047,0.009846828315823808,0.011235750696818399,0.010057700505641044,0.008635093579435798,0.16666666666666669
2023-10-01,Australia,Australia,-0.00806505750278737,-0.016235709344030607,-0.01345764309781599,-0.01442463499913564,-0.017490846367732935,0.3939393939393939
2023-10-01,Brazil,Brazil,-0.012902790456218838,-0.03036281875170252,-0.024675024727774192,-0.024377477027816424,-0.02998867732107275,0.5151515151515151
2023-10-01,Canada,Canada,-0.008705879203018472,0.002994767808514263,0.009582917656883105,0.009019795959239478,0.0022598521467350474,0.40909090909090906
2023-10-01,Chile,Chile,-0.012676974936843492,-0.032113673031697154,-0.031994107004488986,-0.03242258058371165,-0.03263212966675216,0.6212121212121212
2023-10-01,ChinaA,China,-0.0007125804620629348,0.007559276948718335,-0.0017778161324368859,-0.0035071180915388993,0.005289622337901943,0.46969696969696967
2023-10-01,ChinaH,China,-0.0011257968916844642,0.00746952847605179,-0.001803434851843741,-0.003572389404534034,0.005164037176131146,0.5303030303030303
2023-10-01,Denmark,Denmark,-0.010876731495620507,0.04090876662580416,0.048006800493804416,0.04664443300000563,0.03954372681965843,0.5
2023-10-01,France,France,-0.008845553463647623,-0.017420951590316223,-0.013460410265437501,-0.01552355448395941,-0.019667143950327544,0.5606060606060606
2023-10-01,Germany,Germany,-0.010462655722287433,0.005658544123040199,0.013285098615234575,0.012259001959658773,0.004590263880467649,0.7575757575757576
2023-10-01,Hong Kong,Hong Kong,-0.0019625531853766738,0.0013458752094511542,0.0050459705978705225,0.006124465329546268,0.0028517812392058143,0.5454545454545454
2023-10-01,Indonesia,Indonesia,-0.011396430995061654,-0.027267198119202918,-0.023970279697917755,-0.024878920112031903,-0.028141780603839747,0.16666666666666669
2023-10-01,Italy,Italy,-0.01136158632599636,-0.023886865934820506,-0.016233160465992838,-0.01747206939331267,-0.025286140531925974,0.8636363636363636
2023-10-01,Japan,Japan,-0.011752266482582572,0.006404877424853595,-0.004327270252436375,-0.005939368000230242,0.003911264522312484,0.6666666666666667
2023-10-01,Korea,Korea,-0.007425977343968765,-0.015210037235462952,-0.01324869247203942,-0.01528153093137367,-0.017323294603690333,0.8333333333333334
2023-10-01,Malaysia,Malaysia,-0.008050278025738645,-0.03695548014003305,-0.03379495690249568,-0.034060523915222435,-0.037181380963080685,0.4393939393939394
2023-10-01,Mexico,Mexico,-0.01088698530518654,-0.01669976833818547,-0.013663208488718895,-0.014495845292143258,-0.01747705590086148,0.6363636363636364
2023-10-01,NASDAQ,US,-0.009141133330603514,0.044005589537004355,0.04905129702619494,0.047180722408948085,0.04218116429258405,0.36363636363636365
2023-10-01,Netherlands,Netherlands,-0.0049040025214503995,0.006897697013753432,0.015302794145156824,0.015065478223432021,0.0065044249080410295,0.45454545454545453
2023-10-01,Philippines,Philippines,-0.01001191240245177,-0.022633909576784586,-0.025776637717686166,-0.02631721049790517,-0.023350006837655472,0.4393939393939394
2023-10-01,Poland,Poland,-0.011727887171289704,-0.017549598111484314,-0.013147755383767137,-0.014389434049675768,-0.018841673381285964,0.9848484848484849
2023-10-01,Saudi Arabia,Saudi Arabia,-0.007379606226040576,-0.04514938755441383,-0.03840297818840201,-0.03845302126673058,-0.045144686961772505,0.13636363636363635
2023-10-01,Singapore,Singapore,-0.005953596892319177,0.008973165531181717,0.016019313715421993,0.015123190804788798,0.008038275974284243,0.5151515151515151
2023-10-01,South Africa,South Africa,-0.004719216006923733,-0.027063895750429147,-0.02664110453399912,-0.026421500095010757,-0.026938852231849574,0.4545454545454546
2023-10-01,Spain,Spain,-0.013426270538156995,-0.022500783753449174,-0.017924202192662844,-0.020039219584139865,-0.02472625948411253,0.8636363636363636
2023-10-01,Sweden,Sweden,-0.010145423765089598,0.009426371820289567,0.016108826842093527,0.015741826091578107,0.009037367953029469,0.3939393939393939
2023-10-01,Switzerland,Switzerland,-0.006657684950297123,0.014084527086709648,0.016164737095659326,0.015037494145576676,0.012855603803260241,0.3333333333333333
2023-10-01,Taiwan,Taiwan,-0.0035995829585579037,-0.0002003783556044532,0.0005544422134148297,-0.0001278021060525259,-0.0008868137644176171,0.3787878787878788
2023-10-01,Thailand,Thailand,-0.010204446715127045,-0.009337575374814737,-0.009938348577550236,-0.011443227385304762,-0.010751763113452415,0.4090909090909091
2023-10-01,Turkey,Turkey,-0.008518973829316056,-0.03757050479615247,-0.03918644021032738,-0.03866985711852541,-0.03711951265147872,0.7575757575757576
2023-10-01,U.K.,U.K.,-0.01088343641374883,-0.0009421732650522398,0.009009403573360244,0.008744489697203754,-0.0013179852395024377,0.5606060606060606
2023-10-01,U.S.,US,-0.010091283644547373,0.04347181239477224,0.04825426793986977,0.046462641062617424,0.041711646785762314,0.36363636363636365
2023-10-01,US SmallCap,US,-0.008237810927149694,0.044632928171664116,0.05044163651964517,0.0486881082990374,0.043016948990160994,0.4696969696969697
2023-10-01,Vietnam,Vietnam,-0.004743530998360463,0.01438790115328816,0.012354989084534957,0.011224135745330549,0.013094463468149816,0.21212121212121213
2023-11-01,Australia,Australia,-0.006992332214780699,-0.02765175530196766,-0.022420822473224272,-0.023468433473427947,-0.028729587687996126,0.3484848484848485
2023-11-01,Brazil,Brazil,-0.012214939612930582,-0.02836430463402962,-0.023514903527537483,-0.023661669496152317,-0.02842198764680428,0.4696969696969697
2023-11-01,Canada,Canada,-0.007778943560478988,0.004271328173863912,0.011297929826627156,0.010521669293579531,0.003428735417279701,0.3333333333333333
2023-11-01,Chile,Chile,-0.010488443456112703,-0.025305073521290675,-0.02526371459367991,-0.025845073380474932,-0.02593146642492626,0.5606060606060606
2023-11-01,ChinaA,China,-0.004670037340191967,0.00055011147172517,-0.007959858185362758,-0.00807705090806177,-0.0003490856314132332,0.803030303030303
2023-11-01,ChinaH,China,-0.004951745862618658,0.0004408253714738835,-0.008071404985787024,-0.008195129538497707,-0.00046490188837334905,0.8181818181818181
2023-11-01,Denmark,Denmark,-0.00947944798646627,0.04025945315738147,0.04772918607979943,0.0464442053698985,0.03895757561554529,0.5151515151515151
2023-11-01,France,France,-0.0072990022146167295,-0.01462213929881055,-0.010942734645622676,-0.012540537583786007,-0.01648501358943051,0.5
2023-11-01,Germany,Germany,-0.008641344577690802,0.007076246651863375,0.014271446624184335,0.013505041704188673,0.0062600453196217445,0.7272727272727273
2023-11-01,Hong Kong,Hong Kong,-0.004710562460404797,-0.005208895700257245,-0.004146237583503383,-0.002194192562319259,-0.00292691031097293,0.6818181818181819
2023-11-01,Indonesia,Indonesia,-0.010121399446261248,-0.023225798742972113,-0.02039820243167126,-0.021291743097526038,-0.024002893715997543,0.18181818181818182
2023-11-01,Italy,Italy,-0.00968079269173765,-0.021023962174465668,-0.01461860752158972,-0.016372154568425848,-0.022902581426247376,0.8787878787878788
2023-11-01,Japan,Japan,-0.009492660828890949,0.013424998247594825,0.0020743896668471984,-9.42186599358439e-05,0.010196939218864767,0.6666666666666667
2023-11-01,Korea,Korea,-0.006387109740190661,-0.005017022963794072,-0.006503079434367337,-0.007673742545459328,-0.00657882409484747,0.7575757575757576
2023-11-01,Malaysia,Malaysia,-0.006692156184267736,-0.03167742334470861,-0.030296290179571604,-0.030540315762723667,-0.03210113566879834,0.40909090909090906
2023-11-01,Mexico,Mexico,-0.009410996693382528,-0.015620907500370162,-0.013809097624599415,-0.014976955704328377,-0.016658064432615978,0.4696969696969697
2023-11-01,NASDAQ,US,-0.007708788306684582,0.045849947400163876,0.04991255697362973,0.04817733722188455,0.044153014290177026,0.3787878787878788
2023-11-01,Netherlands,Netherlands,-0.0035993853259293942,0.007106531656481214,0.01544097989633129,0.014999959325275146,0.006560184355384807,0.3939393939393939
2023-11-01,Philippines,Philippines,-0.009606483033062139,-0.01911111514533434,-0.023516994070404293,-0.02403862913644632,-0.019869039970627535,0.4242424242424242
2023-11-01,Poland,Poland,-0.007811074789707932,-0.017650722625126538,-0.01366595065224319,-0.015095225591717538,-0.019145906444825493,0.9393939393939394
2023-11-01,Saudi Arabia,Saudi Arabia,-0.007196036215082386,-0.038784286791612894,-0.034086203171010784,-0.03394152926296226,-0.03869452791906331,0.12121212121212122
2023-11-01,Singapore,Singapore,-0.005745483083030883,0.00700877826476857,0.013631249073927628,0.01286648026648273,0.0061323632119372265,0.6060606060606061
2023-11-01,South Africa,South Africa,-0.004010038781626592,-0.027507883030004135,-0.02714239605545523,-0.026618874886132467,-0.02708680242608013,0.3939393939393939
2023-11-01,Spain,Spain,-0.010851450185544896,-0.017354747728464688,-0.014233349159799168,-0.01613622986279359,-0.01936460066303381,0.8333333333333333
2023-11-01,Sweden,Sweden,-0.009362124750401732,0.007513129292979587,0.013025901765658454,0.01390793883376404,0.008132012569189993,0.3787878787878788
2023-11-01,Switzerland,Switzerland,-0.0041877068803921344,0.011373984070109111,0.013095449650240688,0.01232157986033459,0.010346389338707974,0.25757575757575757
2023-11-01,Taiwan,Taiwan,-0.0038986902874108996,-0.0002821073770084767,-0.0008887479434176396,-0.0014653186347053822,-0.0008976326166561148,0.5
2023-11-01,Thailand,Thailand,-0.008432684412613408,-0.0014871687954667798,-0.004924430874273876,-0.006085486819237031,-0.0026625334292539084,0.33333333333333337
2023-11-01,Turkey,Turkey,-0.007725698975182513,-0.03959029163105088,-0.036797819491326496,-0.03653324950939409,-0.03944499906763657,0.803030303030303
2023-11-01,U.K.,U.K.,-0.009967396656742936,-0.0006163633699846505,0.008702973317475621,0.007235830411722403,-0.002080634425950899,0.6212121212121212
2023-11-01,U.S.,US,-0.009022622836194916,0.04461824962661599,0.04845613204608079,0.04684924518700212,0.04303871773151746,0.30303030303030304
2023-11-01,US SmallCap,US,-0.008233346020713503,0.04561339845415131,0.050453878004487966,0.04923267012066068,0.04457565378027219,0.25757575757575757
2023-11-01,Vietnam,Vietnam,-0.004638291223779756,0.019045688513334796,0.015555100240176216,0.014249574418682914,0.017593658635875795,0.33333333333333337
2023-12-01,Australia,Australia,-0.004974572102045488,-0.03265523034440481,-0.026998661329301454,-0.028656019303634858,-0.0342306607399456,0.3333333333333333
2023-12-01,Brazil,Brazil,-0.010141294890727655,-0.03817810808279025,-0.029617209456995523,-0.030013977901743066,-0.038425112972268985,0.696969696969697
2023-12-01,Canada,Canada,-0.004360800195840721,0.004701403375632721,0.013338025297291342,0.012429620803281973,0.003853587378044988,0.36363636363636365
2023-12-01,Chile,Chile,-0.007552712199617052,-0.034964281992059025,-0.03227938130920357,-0.03269375356630287,-0.035266982879340075,0.46969696969696967
2023-12-01,ChinaA,China,-0.006298398683422637,-0.017929875313811405,-0.022193495758498417,-0.023017404484605083,-0.018936338893697877,0.5606060606060606
2023-12-01,ChinaH,China,-0.006495141473946742,-0.018040168257041383,-0.022344294235071033,-0.02315626717651787,-0.019036911710555937,0.5909090909090908
2023-12-01,Denmark,Denmark,-0.009412575767920825,0.03829922883068407,0.04675414369953894,0.0456827605594938,0.03725578788370653,0.5151515151515151
2023-12-01,France,France,-0.005527990579613069,-0.021567609252767267,-0.016241592655531337,-0.018187942655075763,-0.02362807396909917,0.5303030303030303
2023-12-01,Germany,Germany,-0.005872022164313701,0.0032218491482617056,0.011509477799843881,0.010662439196741312,0.002364226161433551,0.6666666666666667
2023-12-01,Hong Kong,Hong Kong,-0.007039268607206701,0.00427326253947667,0.0061069769101474835,0.007077998570192328,0.005760244070434163,0.5606060606060606
2023-12-01,Indonesia,Indonesia,-0.007596264022529606,-0.025948470169341473,-0.020406728315784002,-0.021436962756274165,-0.02656949044073824,0.2727272727272727
2023-12-01,Italy,Italy,-0.008082268807936782,-0.03062332503429551,-0.021330206514742447,-0.02279000591230046,-0.03201751291148609,0.893939393939394
2023-12-01,Japan,Japan,-0.006927701769935267,-0.0010289211953336992,-0.004507019051604989,-0.0052579306698021695,-0.002229273084775542,0.7121212121212122
2023-12-01,Korea,Korea,-0.00417918100570084,-0.01717813721904287,-0.013246255210378215,-0.014789711980696467,-0.018626001626725862,0.7121212121212122
2023-12-01,Malaysia,Malaysia,-0.0066305289148836976,-0.05427089009212464,-0.04574585107394469,-0.045411453049092596,-0.05390929161922387,0.5606060606060606
2023-12-01,Mexico,Mexico,-0.004730366332045993,-0.027100004514038892,-0.019783324317938784,-0.021243010983329008,-0.028407327048921502,0.5151515151515151
2023-12-01,NASDAQ,US,-0.004800453003960392,0.0457485217683876,0.05127927036829687,0.04976853192975318,0.04433418679389382,0.45454545454545453
2023-12-01,Netherlands,Netherlands,-0.002644690024129098,0.0029816973983851757,0.01190683499367425,0.01192049469272921,0.0028520262311132975,0.36363636363636365
2023-12-01,Philippines,Philippines,-0.00816535690322146,-0.02661243417692459,-0.03155111095914397,-0.03187770420369805,-0.026905428283092975,0.3787878787878788
2023-12-01,Poland,Poland,-0.008692750414662435,-0.018813314643285096,-0.015193297887476328,-0.016806751945363102,-0.020494221425835152,0.9696969696969697
2023-12-01,Saudi Arabia,Saudi Arabia,-0.007998441536834874,-0.04164642176964066,-0.035394355667528084,-0.03545452853426476,-0.041635738772131115,0.36363636363636365
2023-12-01,Singapore,Singapore,-0.0057163481616601805,0.0045133864557127396,0.012648781446173292,0.010757467737527464,0.0027680776530203087,0.6515151515151516
2023-12-01,South Africa,South Africa,-0.004337207073251997,-0.03819403381951113,-0.03536445366194307,-0.03518308630620126,-0.03803313346194477,0.2727272727272727
2023-12-01,Spain,Spain,-0.006333202894868574,-0.025429939458211676,-0.019166311872379504,-0.020781102768947256,-0.027053075314431643,0.8181818181818181
2023-12-01,Sweden,Sweden,-0.005241772901719352,0.007216159833340159,0.013657765283399856,0.012759046713812545,0.006375284011215187,0.3787878787878788
2023-12-01,Switzerland,Switzerland,-0.00032173750365276435,0.011576584816997979,0.01495181859823253,0.014198534917158138,0.010713590073889936,0.3333333333333333
2023-12-01,Taiwan,Taiwan,-0.0045637734312717095,0.009890350700848155,0.008748334659308915,0.008115611546294763,0.009478386165297165,0.3939393939393939
2023-12-01,Thailand,Thailand,-0.008075967665401041,-0.01558487171302063,-0.012567417651610777,-0.012893699686244212,-0.015508768105477388,0.36363636363636365
2023-12-01,Turkey,Turkey,-0.008272203942783656,-0.04922138202201481,-0.0432840625231974,-0.042648942788216425,-0.04857386009494568,0.6363636363636364
2023-12-01,U.K.,U.K.,-0.008784840597705255,-0.002906217720326223,0.0077405266142208,0.006500451039874174,-0.004076154079354232,0.6818181818181819
2023-12-01,U.S.,US,-0.005897674769761055,0.04443339266521224,0.04974575317213688,0.04838821866960023,0.04316199381115138,0.4393939393939394
2023-12-01,US SmallCap,US,-0.005489884103495493,0.04530052375168629,0.05146100733604566,0.049981866988920584,0.043984529863326814,0.30303030303030304
2023-12-01,Vietnam,Vietnam,-0.0017836097847490906,0.011905146835956207,0.011274112670826375,0.010165246496165655,0.010883465640227801,0.24242424242424243
2024-01-01,Australia,Australia,-0.004611402077061831,-0.03188574094672513,-0.0233908748070187,-0.024271248232598894,-0.03257069318988777,0.3333333333333333
2024-01-01,Brazil,Brazil,-0.011824837951048509,-0.04330532740548253,-0.033121578205640004,-0.03354583426254061,-0.043486337120575376,0.696969696969697
2024-01-01,Canada,Canada,-0.0060891394786986575,0.002055847891381385,0.01185439374594219,0.010640166536534377,0.0010111956223150913,0.48484848484848486
2024-01-01,Chile,Chile,-0.009667308399569427,-0.03944994603712097,-0.03759169787877296,-0.037872521013317464,-0.03951732352250992,0.6363636363636364
2024-01-01,ChinaA,China,-0.006411328026616858,-0.016415308976582364,-0.019689941543857586,-0.021324559885372595,-0.01789226321145155,0.4696969696969697
2024-01-01,ChinaH,China,-0.006521788042184254,-0.016503473033566727,-0.019821797319501473,-0.02143982372563228,-0.017966253673830958,0.5
2024-01-01,Denmark,Denmark,-0.009981570155502734,0.0328757930913447,0.04454752234420714,0.044201204207550415,0.032622122516178256,0.4545454545454546
2024-01-01,France,France,-0.006433276866459448,-0.024360204630870387,-0.01664175362247715,-0.018102695098171806,-0.025755191943570413,0.5
2024-01-01,Germany,Germany,-0.007013667601894599,0.0021972787952391788,0.012975471437993815,0.011707787557438754,0.001162532505600309,0.6515151515151515
2024-01-01,Hong Kong,Hong Kong,-0.00625893391127212,0.00893745483200547,0.00738920926179969,0.0069426266248679164,0.008826294078415151,0.5
2024-01-01,Indonesia,Indonesia,-0.008592890906775171,-0.029371615673675862,-0.023961671454222372,-0.025324539347110847,-0.030378618834823595,0.3181818181818182
2024-01-01,Italy,Italy,-0.009463536649239155,-0.03767123762715839,-0.02459082881261654,-0.025402138538921926,-0.038177198625624326,0.8787878787878789
2024-01-01,Japan,Japan,-0.0081430679218138,0.0014429323194949713,-0.002689100488912558,-0.003948056546835714,-2.321304640670336e-05,0.6515151515151516
2024-01-01,Korea,Korea,-0.005525060334890298,-0.019306754738056577,-0.012626994526485493,-0.013897498248846864,-0.020285212498389646,0.7878787878787878
2024-01-01,Malaysia,Malaysia,-0.006773108949956869,-0.049014381906694486,-0.04141773759562768,-0.04121748714235214,-0.048707284180552105,0.45454545454545453
2024-01-01,Mexico,Mexico,-0.0065350421828925895,-0.03862736626359095,-0.028563526749817644,-0.0293301243121254,-0.039204095669265665,0.6212121212121212
2024-01-01,NASDAQ,US,-0.009769616484158618,0.04073914983866343,0.04756006771589849,0.046749810088296,0.0400221619110884,0.5
2024-01-01,Netherlands,Netherlands,-0.0035548895797470744,0.00231360306131184,0.013246156260381009,0.012505211125181973,0.0016878304875445633,0.4393939393939394
2024-01-01,Philippines,Philippines,-0.008945041566268366,-0.028043112918760348,-0.032001714443684805,-0.03218759262286266,-0.02803128460311005,0.3787878787878788
2024-01-01,Poland,Poland,-0.008523372282486182,-0.025616272501222656,-0.021862655537486245,-0.023154270396067628,-0.026942833403599743,0.9545454545454546
2024-01-01,Saudi Arabia,Saudi Arabia,-0.0075938536062086105,-0.044296902789872965,-0.0381224976991847,-0.038691487131316635,-0.044934376804273715,0.30303030303030304
2024-01-01,Singapore,Singapore,-0.00475876687885916,0.009279305349454805,0.01733316402661078,0.01567024465430881,0.007901346143615906,0.5
2024-01-01,South Africa,South Africa,-0.005437064258904388,-0.04134171694014036,-0.03756314186400999,-0.037245910771616854,-0.04076803668395896,0.36363636363636365
2024-01-01,Spain,Spain,-0.007952612381478538,-0.027131924814386706,-0.01834700771001433,-0.019387798671765395,-0.028047714600478647,0.7878787878787878
2024-01-01,Sweden,Sweden,-0.0036384160269757604,0.008931298848382658,0.018067852844261267,0.017138393814237783,0.008236008013942192,0.3939393939393939
2024-01-01,Switzerland,Switzerland,-0.0012500171918721614,0.02097276132966655,0.02570107532610482,0.02549083389768223,0.020936478450123024,0.30303030303030304
2024-01-01,Taiwan,Taiwan,-0.006462013057642564,0.01549498910420888,0.012221313359373724,0.011882194767864453,0.015518395594569164,0.4696969696969697
2024-01-01,Thailand,Thailand,-0.006815996876096336,-0.014269142915480773,-0.009270486772296648,-0.009627217197914015,-0.01408322701700538,0.33333333333333337
2024-01-01,Turkey,Turkey,-0.008731861400210816,-0.05490937333754075,-0.04586842303019593,-0.04553091342657298,-0.05447419999576688,0.48484848484848486
2024-01-01,U.K.,U.K.,-0.008941067527421652,-0.0038576065089605312,0.007096785195596346,0.006015810828372161,-0.004808438501777015,0.5757575757575758
2024-01-01,U.S.,US,-0.0096148989823381,0.04022756260411964,0.04698401506647379,0.04627056626317086,0.039604849682040526,0.4393939393939394
2024-01-01,US SmallCap,US,-0.005050073880907013,0.0429601777718688,0.05092702295633995,0.04982991133116953,0.04202076610459658,0.3787878787878788
2024-01-01,Vietnam,Vietnam,-0.004252346435479207,0.05034445106796194,0.04620489028535987,0.045028839659885425,0.04931309413672882,0.4545454545454546
2024-02-01,Australia,Australia,-0.005452208882777869,-0.03087039800176447,-0.020182337839651898,-0.021134694851801285,-0.03169627459465696,0.30303030303030304
2024-02-01,Brazil,Brazil,-0.011576530041007383,-0.04599559820031425,-0.03560237465592788,-0.03573943004926019,-0.046018954679860946,0.7878787878787878
2024-02-01,Canada,Canada,-0.006910670617629167,-0.002213051178635758,0.007478049633627061,0.0064875020815349585,-0.003190839849272895,0.4393939393939394
2024-02-01,Chile,Chile,-0.00935492801220095,-0.040444974788491024,-0.03960909724614113,-0.03994130294492368,-0.04067484236225446,0.5909090909090909
2024-02-01,ChinaA,China,-0.006737366940840203,-0.027118908708683054,-0.025576814947262154,-0.02692068974386238,-0.028478212675460933,0.4393939393939394
2024-02-01,ChinaH,China,-0.006751084056504575,-0.027247558170623687,-0.02580077324550121,-0.027099502586483512,-0.02856704341499732,0.48484848484848486
2024-02-01,Denmark,Denmark,-0.00964008672477631,0.03594229524317906,0.04512361731343878,0.044550749859713246,0.03543372324222967,0.5
2024-02-01,France,France,-0.007228187640712762,-0.02758571841839101,-0.01945325281243877,-0.019936287352826612,-0.028064551914932685,0.4393939393939394
2024-02-01,Germany,Germany,-0.007919502713832476,-0.00019333285854853874,0.009209398832243183,0.008035327518922459,-0.001232454818770998,0.5909090909090909
2024-02-01,Hong Kong,Hong Kong,-0.006766006684527441,0.0012547379760939111,0.0011175661140284364,0.0011536324681858633,0.001560037056179785,0.5303030303030303
2024-02-01,Indonesia,Indonesia,-0.008787587848436503,-0.030577230963479266,-0.02403504172788458,-0.024762652136707176,-0.031007143602394323,0.3181818181818182
2024-02-01,Italy,Italy,-0.00983754208814239,-0.04028503846992056,-0.028222147786643857,-0.029105393260131472,-0.040906699333219165,0.8181818181818182
2024-02-01,Japan,Japan,-0.007191387683538477,-0.016662356109299732,-0.015494794044920709,-0.01574729139193593,-0.01705290125127788,0.6515151515151515
2024-02-01,Korea,Korea,-0.005693789512491272,-0.02193098347454358,-0.015422660335095095,-0.0164110758304971,-0.022738635053890788,0.7878787878787878
2024-02-01,Malaysia,Malaysia,-0.006509928910031505,-0.04358065603094073,-0.0378677845230467,-0.03785663100668883,-0.0434190195876289,0.4393939393939394
2024-02-01,Mexico,Mexico,-0.008306962517882467,-0.04066998450217958,-0.03072161223929968,-0.03125569062496032,-0.04109341223546905,0.6060606060606061
2024-02-01,NASDAQ,US,-0.010617850451865977,0.04023496380989046,0.046811717796798685,0.04619904697373302,0.039720456682936,0.5
2024-02-01,Netherlands,Netherlands,-0.004363902199436739,0.0011320032233697007,0.01012006290581688,0.009632772395110937,0.0006635179202129325,0.36363636363636365
2024-02-01,Philippines,Philippines,-0.009104609356067564,-0.03388503686281706,-0.036131456216321425,-0.03626494533631114,-0.0339193128059992,0.3939393939393939
2024-02-01,Poland,Poland,-0.008523318303590594,-0.02588852766978003,-0.021783709169935543,-0.0228293748301324,-0.02704282183139703,0.9393939393939394
2024-02-01,Saudi Arabia,Saudi Arabia,-0.008262592202000893,-0.043130174533529644,-0.038814069201958915,-0.039262887467574045,-0.04369209728260742,0.4545454545454546
2024-02-01,Singapore,Singapore,-0.005579818517280558,-0.0020792924045523187,0.008557501251193384,0.007651266067457092,-0.0029167769951733064,0.5151515151515151
2024-02-01,South Africa,South Africa,-0.005648881931124831,-0.04275555907877105,-0.03986828717260796,-0.03955185323091634,-0.042426964548998025,0.3787878787878788
2024-02-01,Spain,Spain,-0.008232898029231099,-0.03290758198810035,-0.0225148923823184,-0.023302694782674653,-0.03356048768961346,0.7727272727272727
2024-02-01,Sweden,Sweden,-0.004277946569241199,0.00456266786345076,0.013434044768886615,0.012139336123553135,0.003461748811538731,0.48484848484848486
2024-02-01,Switzerland,Switzerland,-0.0019865108544830958,0.013077799903258547,0.018476188416392758,0.018066205645295298,0.012777625392052001,0.3333333333333333
2024-02-01,Taiwan,Taiwan,-0.0072557473069813985,0.0011095288285436038,0.000468791147240806,0.0003788590833737294,0.0011318547261835923,0.43939393939393945
2024-02-01,Thailand,Thailand,-0.0072118388746851905,-0.024902927692795146,-0.0193096019706888,-0.019393017960905125,-0.024602298818466047,0.36363636363636365
2024-02-01,Turkey,Turkey,-0.007956286336794198,-0.05122188241997839,-0.04332769459755724,-0.0429262249081124,-0.05083413049984194,0.4242424242424242
2024-02-01,U.K.,U.K.,-0.00917151906843372,-0.0051788542903632,0.0048147066922787,0.0034076412401139265,-0.006507273127303271,0.6060606060606061
2024-02-01,U.S.,US,-0.009831166157878027,0.04022061613512932,0.04671832890593462,0.046191223622278725,0.039787385159186145,0.4696969696969697
2024-02-01,US SmallCap,US,-0.00638664325746707,0.042710938334203405,0.05042108747821458,0.04953959590476065,0.04200122296004857,0.40909090909090906
2024-02-01,Vietnam,Vietnam,-0.004917287736043954,0.019076038342542193,0.014679031000975529,0.013489069820020716,0.0179524992811775,0.42424242424242425
2024-03-01,Australia,Australia,-0.006928722046621937,-0.03276129198642239,-0.0231919277658822,-0.024057014286725777,-0.03364152066227915,0.3939393939393939
2024-03-01,Brazil,Brazil,-0.012780904734173117,-0.047842205430928056,-0.03754929759742123,-0.0379165373309981,-0.04816425468978155,0.7575757575757576
2024-03-01,Canada,Canada,-0.008265038560503632,-0.0011697489553146225,0.006016033985421724,0.00486172307814981,-0.002394366364004471,0.5
2024-03-01,Chile,Chile,-0.007051434975318449,-0.04009256867851382,-0.03751793149956254,-0.03784055450375982,-0.04029108092071432,0.5151515151515151
2024-03-01,ChinaA,China,-0.005464123906363513,-0.028241264986990353,-0.02576904962676098,-0.02669325663652191,-0.029361589580799645,0.4393939393939394
2024-03-01,ChinaH,China,-0.005706798721747596,-0.028294499718530222,-0.025741498370086657,-0.02670241832235013,-0.029446750690338266,0.5
2024-03-01,Denmark,Denmark,-0.01050150046895306,0.0389508145413008,0.04478147777407246,0.04335558742549575,0.03756492149489677,0.5
2024-03-01,France,France,-0.007489670455799671,-0.028333434058799054,-0.021755536704330773,-0.022968144046550135,-0.029645593346990365,0.3939393939393939
2024-03-01,Germany,Germany,-0.007723622721786348,-0.001045616829200461,0.005859370568624619,0.0039831450849567695,-0.0028975318795115314,0.5606060606060606
2024-03-01,Hong Kong,Hong Kong,-0.005733808518881175,-0.004792434123550542,-0.00608777449064279,-0.005084653765820983,-0.003585544091500985,0.5454545454545454
2024-03-01,Indonesia,Indonesia,-0.008120481430068938,-0.036538198995726044,-0.028779697760802324,-0.029885882556565352,-0.037559878957665715,0.25757575757575757
2024-03-01,Italy,Italy,-0.008687283312489134,-0.04262899667188032,-0.031236167303273492,-0.03277201582073349,-0.04401250652216214,0.7575757575757576
2024-03-01,Japan,Japan,-0.009960588079317278,-0.022061525462355996,-0.022948815332338425,-0.02282034416099738,-0.022596328792080664,0.7727272727272727
2024-03-01,Korea,Korea,-0.005603146684838547,-0.02641640749967336,-0.020890894727044904,-0.022388800088111366,-0.028057470988930716,0.6666666666666667
2024-03-01,Malaysia,Malaysia,-0.010598430196836716,-0.04087885254184891,-0.03371443630106158,-0.03430355650741117,-0.04134574326390183,0.48484848484848486
2024-03-01,Mexico,Mexico,-0.008593633281637007,-0.04249608851046703,-0.03216521263130081,-0.03314709178095604,-0.04345935405303068,0.5757575757575758
2024-03-01,NASDAQ,US,-0.010649062758275922,0.040753380958014396,0.044890316500031696,0.043861798021342324,0.03974887828450189,0.5
2024-03-01,Netherlands,Netherlands,-0.005534311401517328,0.00017950841552127374,0.007455061435803677,0.006693181915432838,-0.0006401328958488993,0.46969696969696967
2024-03-01,Philippines,Philippines,-0.009689527389823215,-0.04766192064506383,-0.046917114136366005,-0.04681666847889453,-0.047834050380016466,0.36363636363636365
2024-03-01,Poland,Poland,-0.00873789035940991,-0.04293543413862426,-0.0411732194227929,-0.04132621532994924,-0.04334952302246939,0.9545454545454546
2024-03-01,Saudi Arabia,Saudi Arabia,-0.010585687375730277,-0.04526506895697403,-0.04087683114090672,-0.04138246090670754,-0.04588899303533002,0.5
2024-03-01,Singapore,Singapore,-0.006357870036382703,-0.003184686262131505,0.0038589160686075714,0.0024435378660396505,-0.004680177765167272,0.5
2024-03-01,South Africa,South Africa,-0.00638044206204464,-0.04501118298162497,-0.04034092177179506,-0.04029514813131528,-0.04508668545713973,0.42424242424242425
2024-03-01,Spain,Spain,-0.007734063320327878,-0.033477065002884714,-0.024378185758215015,-0.02582606102939669,-0.034860366969567236,0.7272727272727273
2024-03-01,Sweden,Sweden,-0.0035041504048175403,-0.0002747229555014573,0.008736462334720292,0.0076967018338146495,-0.0012839569095609875,0.3484848484848485
2024-03-01,Switzerland,Switzerland,-0.003863357936444235,0.010205450267090499,0.014651110650885665,0.014003231140729397,0.009530587793409219,0.3787878787878788
2024-03-01,Taiwan,Taiwan,-0.007416894617545546,-0.013267649223090951,-0.013180067042459387,-0.013009647498781002,-0.013272399634968766,0.43939393939393945
2024-03-01,Thailand,Thailand,-0.008086613125617955,-0.029569281763907912,-0.023683032477992777,-0.02502416792074392,-0.03101112152170519,0.3484848484848485
2024-03-01,Turkey,Turkey,-0.008140306917531176,-0.05422889417890576,-0.04454830939951495,-0.04415724504417194,-0.05382486699082402,0.5151515151515151
2024-03-01,U.K.,U.K.,-0.009124161862501914,-0.007537536041996878,0.002287286141980824,0.0010219393909296666,-0.008848686731135976,0.5454545454545454
2024-03-01,U.S.,US,-0.011166281538214511,0.040478092222729446,0.04462860163181064,0.043592033045827185,0.03946676373989077,0.48484848484848486
2024-03-01,US SmallCap,US,-0.006245513682379396,0.04346156445408942,0.049078337096709265,0.048363500432133694,0.04295563908321298,0.36363636363636365
2024-03-01,Vietnam,Vietnam,-0.006435893768436337,0.016425045972065087,0.013844677959196859,0.012781141422352907,0.015399762909421194,0.5151515151515151
2024-04-01,Australia,Australia,-0.006716652081435042,-0.03391369694964927,-0.02555195394279256,-0.026712295734114495,-0.035227471437280125,0.3484848484848485
2024-04-01,Brazil,Brazil,-0.013141011086443704,-0.04378730307035719,-0.035509854970190755,-0.03545202379433613,-0.04371121700874307,0.8636363636363636
2024-04-01,Canada,Canada,-0.007742908332967627,-0.0037644170616599835,0.0021944308133804123,0.0005650387361616112,-0.005490861250972572,0.46969696969696967
2024-04-01,Chile,Chile,-0.007574200708321903,-0.041434123662090025,-0.039615896835502776,-0.039843905043135834,-0.04173557583119104,0.5303030303030303
2024-04-01,ChinaA,China,-0.0057822807016928044,-0.01840821652850058,-0.02209003323242583,-0.022858165095009986,-0.01943201303247548,0.4393939393939394
2024-04-01,ChinaH,China,-0.006540492795596282,-0.018485326336717813,-0.021911734293161407,-0.022806852195147248,-0.019621186423173773,0.5151515151515151
2024-04-01,Denmark,Denmark,-0.009815678943367838,0.04299518621023406,0.04537135003538204,0.0436992935875216,0.041357117192708445,0.46969696969696967
2024-04-01,France,France,-0.007085191738181177,-0.028825883008029518,-0.024902691725777235,-0.026201594919819375,-0.030389503574803516,0.3484848484848485
2024-04-01,Germany,Germany,-0.007845243057588557,-0.0040421453119587215,0.0008912143370970373,-0.0012438471412640935,-0.006272241957036258,0.5151515151515151
2024-04-01,Hong Kong,Hong Kong,-0.006314186653618841,-0.007863925573613696,-0.00832654566885371,-0.007076032519461957,-0.006422686473990517,0.5454545454545454
2024-04-01,Indonesia,Indonesia,-0.00851093565545251,-0.034077899508232666,-0.02702597370493262,-0.028033225702552143,-0.03496712932925974,0.28787878787878785
2024-04-01,Italy,Italy,-0.008752422819865284,-0.04336825933802938,-0.03458449598407765,-0.036364418056298115,-0.04511144594711802,0.7878787878787878
2024-04-01,Japan,Japan,-0.009616243540174974,-0.03027885758672945,-0.029295621071617615,-0.030941478210504837,-0.032340873915917105,0.7121212121212122
2024-04-01,Korea,Korea,-0.005338255322164246,-0.0206746059772831,-0.0187249622762792,-0.020313492394483816,-0.02249666749556021,0.6818181818181819
2024-04-01,Malaysia,Malaysia,-0.01106348887210018,-0.03866220344716878,-0.03330046287575518,-0.03390992459956472,-0.03917526573388638,0.5
2024-04-01,Mexico,Mexico,-0.0073730162169666665,-0.034485395504687044,-0.02782041127594679,-0.02906441161683771,-0.03577964262372061,0.4696969696969697
2024-04-01,NASDAQ,US,-0.01163072285766278,0.04324481150090273,0.045332465386343855,0.04391922769174017,0.041858065263546324,0.5151515151515151
2024-04-01,Netherlands,Netherlands,-0.00533711900972214,-0.0021190268686275427,0.0029153667800175427,0.0019617637677049066,-0.0032209549595165147,0.45454545454545453
2024-04-01,Philippines,Philippines,-0.011176232038402739,-0.04980799854724095,-0.049099937277648886,-0.048410342711537144,-0.04938061510742994,0.4696969696969697
2024-04-01,Poland,Poland,-0.010032059895220395,-0.028762992663462196,-0.026250901281912646,-0.02734514057257801,-0.0302400634975636,0.9545454545454546
2024-04-01,Saudi Arabia,Saudi Arabia,-0.010929325886873086,-0.041815976881695784,-0.03794007447662489,-0.03851152181232549,-0.0424633079374895,0.5
2024-04-01,Singapore,Singapore,-0.005620350307991176,-0.004759825300105357,0.0017641576954936164,0.00029362663791153865,-0.006338206753094885,0.5151515151515151
2024-04-01,South Africa,South Africa,-0.004525085421599545,-0.04260372035145307,-0.03888344128978291,-0.039247209427909026,-0.043357379553213365,0.3333333333333333
2024-04-01,Spain,Spain,-0.005328815512540879,-0.03544382243841221,-0.02834594456378068,-0.029761897265547003,-0.03688996367388023,0.5757575757575758
2024-04-01,Sweden,Sweden,-0.004042852979463536,-0.001709938255852075,0.004346650011918085,0.003285928214393165,-0.002851822915857171,0.4393939393939394
2024-04-01,Switzerland,Switzerland,-0.0026387174207233776,0.002272400609618379,0.0037049040379339843,0.0033521698247878182,0.001644781037043708,0.21212121212121213
2024-04-01,Taiwan,Taiwan,-0.006651046034512776,-0.011720855750912532,-0.013629522155029085,-0.013405355555409818,-0.011724426354463377,0.43939393939393945
2024-04-01,Thailand,Thailand,-0.007659384474524843,-0.031203759214820374,-0.027648023831117592,-0.029042626846006732,-0.03280957489851303,0.3333333333333333
2024-04-01,Turkey,Turkey,-0.010064748053080063,-0.049142907235487907,-0.04041679936965082,-0.04009124474092414,-0.048789110984182975,0.7272727272727273
2024-04-01,U.K.,U.K.,-0.008203572947960118,-0.0058850236657845495,0.0014474772428091538,-4.32903158031437e-05,-0.007472017812084568,0.5151515151515151
2024-04-01,U.S.,US,-0.011207607542443643,0.043174689163419315,0.044880795201710066,0.043627590046243,0.0419258119320723,0.48484848484848486
2024-04-01,US SmallCap,US,-0.007550082810411838,0.045676177044564836,0.04858400692183689,0.04731425441403364,0.044529380771785185,0.5454545454545454
2024-04-01,Vietnam,Vietnam,-0.006655698156648968,0.025663559557407005,0.024880471159944267,0.02417760660844607,0.02495479553271676,0.5
2024-05-01,Australia,Australia,-0.007288661931839115,-0.027535793520758793,-0.02098905213944869,-0.022312899769566907,-0.02891850793739706,0.3787878787878788
2024-05-01,Brazil,Brazil,-0.01210934152653332,-0.034154957855507755,-0.027647954420956078,-0.027422810403850605,-0.033763235428716835,0.7878787878787878
2024-05-01,Canada,Canada,-0.007807890092690058,0.0009111884747456216,0.00647794323969508,0.004780383773952852,-0.0008064247989464377,0.45454545454545453
2024-05-01,Chile,Chile,-0.008114455386653981,-0.03894390906777005,-0.03822138665760717,-0.03837055194847644,-0.039190585573705625,0.5606060606060606
2024-05-01,ChinaA,China,-0.006407565374862393,-0.015606840755299093,-0.01985408032204118,-0.02020662453625499,-0.01600551166195705,0.4545454545454546
2024-05-01,ChinaH,China,-0.006408664316275193,-0.015638671302263298,-0.019917948906759474,-0.020281335139723772,-0.016053204886423842,0.5151515151515151
2024-05-01,Denmark,Denmark,-0.0097394693794867,0.04056195285390016,0.043132734403269396,0.04170756421848747,0.03915101399688152,0.46969696969696967
2024-05-01,France,France,-0.007193362886680758,-0.021070007704412416,-0.020478537052078728,-0.022589278033711302,-0.023422087498191274,0.3484848484848485
2024-05-01,Germany,Germany,-0.00791016395677136,0.002677847999898097,0.0063817812327358805,0.004045682305981565,0.0003272747983151386,0.5606060606060606
2024-05-01,Hong Kong,Hong Kong,-0.004505346109706257,-0.004112448170345244,-0.003176061899156215,-0.0023381630556997043,-0.0030270181798896017,0.5151515151515151
2024-05-01,Indonesia,Indonesia,-0.007608235573163824,-0.028124600974909257,-0.02335361505159681,-0.02477323359509437,-0.029399140751734623,0.24242424242424243
2024-05-01,Italy,Italy,-0.009105958268038804,-0.038224311632220835,-0.029414877075592705,-0.03132117646300144,-0.0399858233913737,0.8181818181818181
2024-05-01,Japan,Japan,-0.008675914428661915,-0.004398753243329272,-0.009387283260981037,-0.011859931363325135,-0.007358959476452922,0.6515151515151516
2024-05-01,Korea,Korea,-0.005510958948002052,-0.015159126103584627,-0.014415588316838665,-0.016185185401361518,-0.017077629117671703,0.7878787878787878
2024-05-01,Malaysia,Malaysia,-0.011624718094612917,-0.035940965740364574,-0.03315266230018931,-0.033685703060477544,-0.0364927493093589,0.5
2024-05-01,Mexico,Mexico,-0.007336383773276608,-0.02185201973519638,-0.01882768884854826,-0.020771784489945752,-0.023790403337089684,0.4545454545454546
2024-05-01,NASDAQ,US,-0.010852826140834628,0.045252344168521495,0.04610257196826722,0.04431960088440813,0.04345266589513509,0.5151515151515151
2024-05-01,Netherlands,Netherlands,-0.00603895466015967,0.004454757774502436,0.008035311140329144,0.006260002384896993,0.0026905501802266356,0.46969696969696967
2024-05-01,Philippines,Philippines,-0.010536643904426365,-0.03221276836508089,-0.03269018197227804,-0.03211998092428176,-0.03160636360896629,0.45454545454545453
2024-05-01,Poland,Poland,-0.008951366752371464,-0.02606016506419393,-0.02389820099591189,-0.02506133067902734,-0.027498652104376596,0.9393939393939394
2024-05-01,Saudi Arabia,Saudi Arabia,-0.010965095946617796,-0.04158828811545362,-0.038301568128718134,-0.038874734050529686,-0.042243632618749936,0.3333333333333333
2024-05-01,Singapore,Singapore,-0.005736233443170379,0.0047365993335019875,0.009290369013592826,0.007526228282313937,0.002962963692801225,0.48484848484848486
2024-05-01,South Africa,South Africa,-0.0056766646087351436,-0.025544566057074204,-0.02443953522148161,-0.02483627672186553,-0.025810983749718887,0.3787878787878788
2024-05-01,Spain,Spain,-0.006526322038532424,-0.02878703299478466,-0.023948510520157125,-0.025973963716581963,-0.030769374693569773,0.7121212121212122
2024-05-01,Sweden,Sweden,-0.0038078345652709515,0.008606322098808723,0.013830833724378917,0.012403311344817479,0.0073276081031220745,0.33333333333333337
2024-05-01,Switzerland,Switzerland,-0.00233278757565359,0.003041633879719891,0.008430829650810254,0.008116340889099894,0.0025711350265614392,0.19696969696969696
2024-05-01,Taiwan,Taiwan,-0.008243231419321833,-0.006487735795939336,-0.006873427805351104,-0.006819179120650233,-0.006513222645847408,0.5606060606060607
2024-05-01,Thailand,Thailand,-0.008172391715680917,-0.02752535046602038,-0.02430905687595368,-0.02606030785308238,-0.029422200361770408,0.30303030303030304
2024-05-01,Turkey,Turkey,-0.009702708734939712,-0.04899785083086349,-0.04053473836608511,-0.040343965201092846,-0.04871672264919255,0.7272727272727273
2024-05-01,U.K.,U.K.,-0.008585960882444328,-0.0001905938149103989,0.005537463318800657,0.003991907654082789,-0.0017706686272562187,0.4545454545454546
2024-05-01,U.S.,US,-0.010526599471448208,0.045239132218264,0.045768689560356596,0.044112201239597526,0.04354718924841103,0.48484848484848486
2024-05-01,US SmallCap,US,-0.007630161549007169,0.047446679373116814,0.04909591874626733,0.04813214673680474,0.04665237832848823,0.5757575757575758
2024-05-01,Vietnam,Vietnam,-0.006733448389286571,0.010384726650197752,0.009534535096079962,0.00926192578584544,0.010181241585279872,0.5757575757575757
2024-06-01,Australia,Australia,-0.007833265460267715,-0.03415387526082493,-0.02529158554957618,-0.02644090048976229,-0.03529167576773239,0.4393939393939394
2024-06-01,Brazil,Brazil,-0.011043327831673838,-0.0343231834455261,-0.02619077515668055,-0.025986476870230632,-0.03388123997000064,0.7424242424242424
2024-06-01,Canada,Canada,-0.008689246612576942,-0.0025844984240223547,0.0042193019620887715,0.0029479221497226635,-0.0038869583334972847,0.48484848484848486
2024-06-01,Chile,Chile,-0.007911568982996433,-0.042614455116217045,-0.04055919534306568,-0.04060746549551723,-0.04268134970359684,0.5151515151515151
2024-06-01,ChinaA,China,-0.008447072368125055,-0.017825983370480865,-0.021472829081712434,-0.020581427896022447,-0.016821123072666932,0.5454545454545454
2024-06-01,ChinaH,China,-0.008361267210528805,-0.0178625917040849,-0.02159201747661013,-0.02082386584512275,-0.01700640381260616,0.5757575757575758
2024-06-01,Denmark,Denmark,-0.011370496448895186,0.03848635288621998,0.04222168524646931,0.041214422315997465,0.03750134126232403,0.48484848484848486
2024-06-01,France,France,-0.009660965606202852,-0.028867577889328457,-0.025026914425169355,-0.026562701036920995,-0.03062529409780977,0.3787878787878788
2024-06-01,Germany,Germany,-0.009229945036831813,-0.0034852253131345354,0.0031510301852953632,0.00144730716017678,-0.00520706855017627,0.5454545454545454
2024-06-01,Hong Kong,Hong Kong,-0.006803297172479019,0.0020933803343281057,0.00282632058640943,0.0037024374058746163,0.00336457870850463,0.5303030303030303
2024-06-01,Indonesia,Indonesia,-0.007207282872268752,-0.02790538068812863,-0.021582157673729216,-0.021930339037296707,-0.027873318169722543,0.19696969696969696
2024-06-01,Italy,Italy,-0.01057500731094892,-0.04245757786658655,-0.03167445360168901,-0.033093091126294494,-0.04376742998380743,0.8181818181818181
2024-06-01,Japan,Japan,-0.007373202796119223,-0.008153625215037836,-0.012141220646622562,-0.01261537512578046,-0.009377702325180167,0.5757575757575757
2024-06-01,Korea,Korea,-0.004777146026050554,-0.01754532789104425,-0.013099068973072059,-0.014277873856601557,-0.018644172320513228,0.6060606060606061
2024-06-01,Malaysia,Malaysia,-0.015222275457393223,-0.03951395744564948,-0.036242803516803056,-0.03630782842648467,-0.03960258883657692,0.5454545454545454
2024-06-01,Mexico,Mexico,-0.0073653748169195095,-0.02350802938804248,-0.0181274885325741,-0.020135028709714467,-0.025469336986114914,0.4242424242424242
2024-06-01,NASDAQ,US,-0.008793315366083628,0.04560376385888251,0.048209443670678975,0.04672557167707097,0.04415359409593076,0.43939393939393945
2024-06-01,Netherlands,Netherlands,-0.0048776321663410805,0.0017186442424003846,0.006633350956234806,0.00505881535597672,9.82971925353052e-05,0.45454545454545453
2024-06-01,Philippines,Philippines,-0.01030115386686892,-0.033225339515395295,-0.031640199751506545,-0.0311554874416883,-0.032650014129025844,0.4393939393939394
2024-06-01,Poland,Poland,-0.009757342965072534,-0.03373794732563106,-0.030734958073221283,-0.03144957487252796,-0.03472054066418722,0.9090909090909092
2024-06-01,Saudi Arabia,Saudi Arabia,-0.009873801467243738,-0.03447548819349212,-0.03056608599001582,-0.03122141392183883,-0.03500304783072621,0.303030303030303
2024-06-01,Singapore,Singapore,-0.008210074856902982,0.0003848899092250037,0.007369820425479411,0.005995053451890062,-0.001007295412827603,0.5303030303030303
2024-06-01,South Africa,South Africa,-0.009894974865745598,-0.028368849198917107,-0.026448981811374755,-0.026607380266268604,-0.028378008370862136,0.5303030303030303
2024-06-01,Spain,Spain,-0.007699060840811564,-0.035177129549848925,-0.026889615358930502,-0.028504713351458058,-0.03673586058790253,0.803030303030303
2024-06-01,Sweden,Sweden,-0.00575129441864727,0.002486671143450119,0.008041491872428634,0.00679471135642877,0.0012639206406826545,0.4393939393939394
2024-06-01,Switzerland,Switzerland,0.00013041429209588971,0.0064148079284520685,0.010663194099320523,0.010121954059959854,0.005697389569719947,0.12121212121212122
2024-06-01,Taiwan,Taiwan,-0.0071423813842517725,-0.006854423940419408,-0.004595079586999162,-0.004537348550264614,-0.006816223683854252,0.4545454545454546
2024-06-01,Thailand,Thailand,-0.008649082695257089,-0.02180555388563056,-0.01948172503918926,-0.021006259508655083,-0.023271850571933192,0.2727272727272727
2024-06-01,Turkey,Turkey,-0.012047416849757258,-0.050738959362475244,-0.04126128297675503,-0.04118097464051494,-0.0505299361238676,0.9090909090909092
2024-06-01,U.K.,U.K.,-0.011177947285702757,-0.0037573702224608565,0.0021203159316522304,0.0010473284772982965,-0.004910726986068037,0.6212121212121212
2024-06-01,U.S.,US,-0.009017283102046069,0.045480529508493246,0.04768928531201133,0.04632846917496537,0.04413018979394867,0.48484848484848486
2024-06-01,US SmallCap,US,-0.0063866705261854595,0.047565254474432266,0.05080882535714689,0.04925867049142929,0.04610895444030441,0.48484848484848486
2024-06-01,Vietnam,Vietnam,-0.005575511548820543,0.008992962938984933,0.009392854490823251,0.008888444961702225,0.008582623935990505,0.3939393939393939
2024-07-01,Australia,Australia,-0.00752373369292271,-0.023207279228180673,-0.018920005061676296,-0.02048683782796043,-0.024746384861966085,0.42424242424242425
2024-07-01,Brazil,Brazil,-0.01013652596043009,-0.01413057196933472,-0.012013435766054797,-0.014813099265533002,-0.016608150827193503,0.42424242424242425
2024-07-01,Canada,Canada,-0.008448007559828455,0.004130822086368672,0.006208495162378359,0.005173636174831447,0.003268064198037641,0.43939393939393934
2024-07-01,Chile,Chile,-0.00789905708249835,-0.04437991328747478,-0.04228107595509819,-0.041470314668661794,-0.04356230496461973,0.5606060606060607
2024-07-01,ChinaA,China,-0.008016694720547767,-0.019262074500791267,-0.023480526957487546,-0.02431573149466163,-0.019614477279182217,0.5757575757575757
2024-07-01,ChinaH,China,-0.007736312880659983,-0.019258146892033277,-0.023692446870098718,-0.0240104907650234,-0.019188891537258574,0.5757575757575757
2024-07-01,Denmark,Denmark,-0.011623999084081306,0.04320447543877508,0.04342319376142596,0.04233016904674829,0.04224803164834295,0.5
2024-07-01,France,France,-0.008599178976672393,0.017922092157948346,0.003510092425399635,0.0016259577035701777,0.015749450489221502,0.40909090909090906
2024-07-01,Germany,Germany,-0.008801825099467047,0.0087326079193117,0.010754865246849786,0.009466603178595268,0.0077220441473227815,0.5606060606060606
2024-07-01,Hong Kong,Hong Kong,-0.006357674086004582,-0.011398433611822105,-0.009261952660660952,-0.011139094271671547,-0.012811754736246704,0.5303030303030303
2024-07-01,Indonesia,Indonesia,-0.005051153568764804,-0.019800214857708172,-0.016698464610004383,-0.01892084298480593,-0.02173889168813075,0.16666666666666669
2024-07-01,Italy,Italy,-0.010278754406548352,-0.019037908327325347,-0.014819201035464673,-0.016249390086345173,-0.020300755192563014,0.8484848484848484
2024-07-01,Japan,Japan,-0.007387505173797583,0.0037068876201332736,-0.0017674313335511015,-0.002655130222944293,0.002132924866965211,0.6212121212121212
2024-07-01,Korea,Korea,-0.0028402747209938647,-0.01429909701528678,-0.014199161791719837,-0.015174116038306281,-0.015089013456205762,0.6363636363636364
2024-07-01,Malaysia,Malaysia,-0.016377632526599375,-0.043248458168813356,-0.041009447903318855,-0.04063058317271245,-0.042958663282610055,0.6818181818181819
2024-07-01,Mexico,Mexico,-0.005710299744723543,-0.005666126530699069,-0.0045736674820981114,-0.006892543090634319,-0.007830427223350393,0.4242424242424242
2024-07-01,NASDAQ,US,-0.008351976938181366,0.04899383049360281,0.048931699295502895,0.047296646683921084,0.04745771471532098,0.4545454545454546
2024-07-01,Netherlands,Netherlands,-0.004909695294593321,0.013778281771012549,0.014435825311239749,0.012750911424582588,0.012261441277014277,0.45454545454545453
2024-07-01,Philippines,Philippines,-0.008023680065025875,-0.036558091364437384,-0.035905424549420216,-0.03625889210612481,-0.03681874338011373,0.34848484848484845
2024-07-01,Poland,Poland,-0.009247243780299287,-0.01679498503588569,-0.017572540896906727,-0.018021388663099776,-0.01726641033502109,0.8484848484848485
2024-07-01,Saudi Arabia,Saudi Arabia,-0.008051250609099031,-0.03515413752648433,-0.03293775649025428,-0.03285919558237491,-0.03504035811548534,0.24242424242424243
2024-07-01,Singapore,Singapore,-0.007924309185732229,0.006574127198435765,0.008303512875926308,0.0070487405969541506,0.005417692901449098,0.6060606060606061
2024-07-01,South Africa,South Africa,-0.007679811690329979,-0.041986445237370294,-0.037961905048549266,-0.03811224245641245,-0.04194065216252728,0.4242424242424242
2024-07-01,Spain,Spain,-0.007572448024268261,-0.015066154461046869,-0.012447200419903522,-0.013882956629635032,-0.016308772645641834,0.7727272727272727
2024-07-01,Sweden,Sweden,-0.005751610116241811,0.008275900224747747,0.0103064820720957,0.009786273773957993,0.008076577600941357,0.48484848484848486
2024-07-01,Switzerland,Switzerland,-0.0013021475831598121,0.005473587997057914,0.006579498235000578,0.006302333895058319,0.005220229271035794,0.24242424242424243
2024-07-01,Taiwan,Taiwan,-0.005806282071553001,-0.01445587355839441,-0.013524720938107995,-0.012925117558376237,-0.013889584313155906,0.5303030303030303
2024-07-01,Thailand,Thailand,-0.008430095699269417,-0.015237185644101117,-0.01512184969040339,-0.017789340538799797,-0.017681189355167826,0.33333333333333337
2024-07-01,Turkey,Turkey,-0.013317197784988797,-0.049429297263639024,-0.04326221091075215,-0.042534791169374066,-0.048815337253996616,0.9090909090909092
2024-07-01,U.K.,U.K.,-0.011174723998688171,0.003163682608971225,0.0038601750175581116,0.002985654696889469,0.0023752206242528343,0.6212121212121212
2024-07-01,U.S.,US,-0.008825235166422614,0.048872388396213065,0.04839698534001048,0.046806147946598375,0.0473504536403178,0.4393939393939394
2024-07-01,US SmallCap,US,-0.006291208532884824,0.050379077032000986,0.05119004094257239,0.0492828004657841,0.04865511975376402,0.45454545454545453
2024-07-01,Vietnam,Vietnam,-0.005034915578058021,0.010167236827995706,0.010099308648338329,0.009467334406659094,0.00974788094108294,0.4545454545454546
2024-08-01,Australia,Australia,-0.007157158939932873,-0.02927594425056301,-0.022942206798175976,-0.023865734506036428,-0.030012304395797544,0.4696969696969697
2024-08-01,Brazil,Brazil,-0.009526960553496963,-0.02191749006697648,-0.01802054735788522,-0.0203417181688465,-0.023899108109167663,0.4696969696969697
2024-08-01,Canada,Canada,-0.006951346347183719,-0.0007287209637401801,0.0017455895179612707,0.0015833538557561153,-0.0006393442288210116,0.4545454545454546
2024-08-01,Chile,Chile,-0.007364955725919471,-0.045700114119679044,-0.04344075369189837,-0.04274971058610463,-0.04500389450880871,0.5303030303030303
2024-08-01,ChinaA,China,-0.007932950422177558,-0.0133282834097317,-0.017371591818120258,-0.0164012108808406,-0.012073198374046835,0.5
2024-08-01,ChinaH,China,-0.00761015109363182,-0.013280016640752925,-0.01752415781377088,-0.016552033658200245,-0.012034389121956963,0.5454545454545454
2024-08-01,Denmark,Denmark,-0.010616820443996138,0.043090499783240144,0.04410748594231672,0.044045680504114115,0.04328837769351178,0.5303030303030303
2024-08-01,France,France,-0.007218554109797142,-0.011539813374720178,-0.01667094340799441,-0.01735607351452872,-0.012275330665094144,0.3484848484848485
2024-08-01,Germany,Germany,-0.008253503608111995,-0.0016587424657964322,0.0008952784878843399,0.0005505982232224017,-0.0017356239857723192,0.606060606060606
2024-08-01,Hong Kong,Hong Kong,-0.005685449089053457,-0.01563173247443647,-0.012795008508431344,-0.014656247087324426,-0.017062404923940823,0.5151515151515151
2024-08-01,Indonesia,Indonesia,-0.004509569151411631,-0.02658636877638014,-0.022311953380002688,-0.023207193421817065,-0.027225756685385575,0.19696969696969696
2024-08-01,Italy,Italy,-0.008987959929601445,-0.03468481995666972,-0.0278871125193159,-0.02820542556478959,-0.03476202302326638,0.7272727272727273
2024-08-01,Japan,Japan,-0.005572443166742267,-0.00309809816874357,-0.006389470400049108,-0.007359766271537678,-0.004617768617178166,0.6212121212121212
2024-08-01,Korea,Korea,-0.003477777099463754,-0.020554583984400306,-0.018967753600517855,-0.019388240142178718,-0.020717711557288302,0.696969696969697
2024-08-01,Malaysia,Malaysia,-0.016342785201686298,-0.04522047305510321,-0.042542167864553455,-0.04195906066017252,-0.04465314091230121,0.6515151515151516
2024-08-01,Mexico,Mexico,-0.004342779258010748,-0.01164958036860036,-0.009959837378172118,-0.011491993399724343,-0.012941381773412895,0.33333333333333337
2024-08-01,NASDAQ,US,-0.00838733354324983,0.04667618930785127,0.04777934276148231,0.04690282374984964,0.046017446438456865,0.46969696969696967
2024-08-01,Netherlands,Netherlands,-0.004727036229428348,0.003924933401411087,0.005620663891141981,0.0047657746487354755,0.003252843508168504,0.5
2024-08-01,Philippines,Philippines,-0.007388942565284918,-0.050898584747410505,-0.05000831952224689,-0.049565775312364876,-0.05061091680693674,0.40909090909090906
2024-08-01,Poland,Poland,-0.008878232592769104,-0.023743204164112408,-0.023667313725522745,-0.023802085027772653,-0.023874142653126245,0.8636363636363636
2024-08-01,Saudi Arabia,Saudi Arabia,-0.007386128852169119,-0.032089667062170535,-0.03007337120305685,-0.029986716475366552,-0.03191607377069626,0.3181818181818182
2024-08-01,Singapore,Singapore,-0.008051851103638218,0.0009758199556442219,0.0033321291198084406,0.0029112340420219054,0.0007506641344546018,0.5757575757575757
2024-08-01,South Africa,South Africa,-0.009001213206568288,-0.057371798684354644,-0.05208120937917976,-0.05221098517633736,-0.057404943130006825,0.48484848484848486
2024-08-01,Spain,Spain,-0.006553095576115595,-0.028541620335640543,-0.023736112503319855,-0.02424012368967632,-0.02880590285725012,0.7272727272727273
2024-08-01,Sweden,Sweden,-0.005212486692670398,0.0016865449463290558,0.004201350854893492,0.004517841714547336,0.002333567895434766,0.5303030303030303
2024-08-01,Switzerland,Switzerland,-7.119954599280574e-06,0.007480596801050466,0.008187409035831029,0.008281960822719195,0.007708306265903964,0.2727272727272727
2024-08-01,Taiwan,Taiwan,-0.006622658997695302,-0.010365941526755627,-0.010052871462704905,-0.009544105074788546,-0.009875902574257744,0.5606060606060607
2024-08-01,Thailand,Thailand,-0.007467232601037162,-0.017841266906634103,-0.01633668669763226,-0.018389405544077496,-0.01958950759480585,0.303030303030303
2024-08-01,Turkey,Turkey,-0.014083197807635853,-0.053611930787582036,-0.04695108324682065,-0.04607474351000039,-0.05281601428097175,0.8787878787878789
2024-08-01,U.K.,U.K.,-0.009813610768420886,-0.0005519533793824118,0.0005152674225549665,0.0005831803436220362,-0.0003159796927725755,0.5909090909090908
2024-08-01,U.S.,US,-0.00870523643195959,0.04646542887012257,0.04709771131823992,0.04626421149462863,0.045817820620369334,0.4696969696969697
2024-08-01,US SmallCap,US,-0.004830543890323695,0.048299970671724084,0.05055652718346639,0.0494572256492106,0.04751131357966662,0.4696969696969697
2024-08-01,Vietnam,Vietnam,-0.005121340818903573,0.0064821800076615525,0.007219958377747793,0.006303805791747488,0.005879889802900551,0.3787878787878788
2024-09-01,Australia,Australia,-0.008447978373232157,-0.02722952567358806,-0.020618337382469508,-0.021361983358929006,-0.027720281079207394,0.42424242424242425
2024-09-01,Brazil,Brazil,-0.010242814747598373,-0.019535525754476406,-0.01565856440803877,-0.017351349764217074,-0.020978787935675702,0.46969696969696967
2024-09-01,Canada,Canada,-0.008583948218914146,0.004417410923230263,0.00597233483526107,0.005769995309504771,0.0044520122717924115,0.40909090909090906
2024-09-01,Chile,Chile,-0.011512172964393901,-0.046453244816562274,-0.04226606554598468,-0.044298973151676434,-0.04799491879728469,0.6212121212121212
2024-09-01,ChinaA,China,-0.009400073398757772,-0.00932564868509821,-0.012816890147828792,-0.012312044119982518,-0.008568941204017674,0.5151515151515151
2024-09-01,ChinaH,China,-0.008770635111805323,-0.009218665163991455,-0.01299961408345407,-0.012498129810497714,-0.008480518162229616,0.5151515151515151
2024-09-01,Denmark,Denmark,-0.008833734658733007,0.04257033067231995,0.04366008784629541,0.0438123921765889,0.04302596373305609,0.48484848484848486
2024-09-01,France,France,-0.007952536177134135,-0.0036981085271012206,-0.009400155564184214,-0.00989461373415828,-0.004165809236545783,0.33333333333333337
2024-09-01,Germany,Germany,-0.009288326189754567,0.005861938453121251,0.008113040674050543,0.007787391790728123,0.005857952293525176,0.5454545454545454
2024-09-01,Hong Kong,Hong Kong,-0.006578176756538676,-0.010309399850769086,-0.008910321471982445,-0.010240039194797466,-0.011313695774350778,0.5
2024-09-01,Indonesia,Indonesia,-0.004289390668876659,-0.020144876522415228,-0.014793261841602314,-0.016041475992337698,-0.021039103520524207,0.18181818181818182
2024-09-01,Italy,Italy,-0.009931504341846052,-0.026812839151983917,-0.02061697970284211,-0.02094824487177637,-0.026839953808662557,0.7121212121212122
2024-09-01,Japan,Japan,-0.007957025197563698,-0.005820346648014695,-0.005961015292739971,-0.007052820052889696,-0.006901337524375931,0.6363636363636364
2024-09-01,Korea,Korea,-0.005253902517125703,-0.01509315735175642,-0.013381346823609024,-0.01420439052990134,-0.01567685936688271,0.6818181818181819
2024-09-01,Malaysia,Malaysia,-0.015548423269002484,-0.045536414063869254,-0.04183868449410294,-0.04083580018050019,-0.04457759025715619,0.6060606060606061
2024-09-01,Mexico,Mexico,-0.004786839895300982,-0.002272793558138907,-0.0017663456144135243,-0.003194931528197057,-0.003378958318616474,0.3181818181818182
2024-09-01,NASDAQ,US,-0.008814751372403281,0.04499587026424144,0.046166552409245915,0.04569738609742506,0.04474208286049147,0.48484848484848486
2024-09-01,Netherlands,Netherlands,-0.007003889022806494,0.008717781609778246,0.010191666555135714,0.009746447665694342,0.008566651862294763,0.5151515151515151
2024-09-01,Philippines,Philippines,-0.009779722221319502,-0.041664433457178456,-0.03966327537636308,-0.03896481389934938,-0.04101016304360381,0.42424242424242425
2024-09-01,Poland,Poland,-0.010678714588701614,-0.023397644524831077,-0.023279503423158182,-0.023130847509884842,-0.02321571788758288,0.893939393939394
2024-09-01,Saudi Arabia,Saudi Arabia,-0.008395026727802207,-0.044980838902143445,-0.043162704256888146,-0.04267391258416307,-0.04460986822974561,0.3181818181818182
2024-09-01,Singapore,Singapore,-0.011826298745435872,0.00881647848819201,0.01036232461629875,0.010418583979490192,0.009169945254297162,0.5909090909090909
2024-09-01,South Africa,South Africa,-0.012872853537059026,-0.06206215852995852,-0.056360761084422235,-0.05591167383512108,-0.061608051182966306,0.6363636363636365
2024-09-01,Spain,Spain,-0.0073413870434782,-0.02282673045566119,-0.01793155228771609,-0.018161295703433254,-0.022727262238948102,0.696969696969697
2024-09-01,Sweden,Sweden,-0.00766026601028447,0.005224021144549848,0.007780183736159539,0.008504920949893226,0.006318426477065098,0.5303030303030303
2024-09-01,Switzerland,Switzerland,-0.0019472881591836512,0.02050881731992913,0.020897486986424033,0.020706086098616322,0.020607653499964164,0.25757575757575757
2024-09-01,Taiwan,Taiwan,-0.007559940184447638,-0.0015736493651188274,-0.0018637943632587532,-0.0016695283169841316,-0.0013079217745958762,0.5909090909090909
2024-09-01,Thailand,Thailand,-0.00715504059610885,-0.015086256832939843,-0.012368317750329776,-0.013937474727348277,-0.016289728157967757,0.303030303030303
2024-09-01,Turkey,Turkey,-0.011861260994561298,-0.051808804150707786,-0.04502615037744397,-0.044308554050724216,-0.05114974656606856,0.8787878787878788
2024-09-01,U.K.,U.K.,-0.011341486834432375,0.004588026889547013,0.005381934038687759,0.004767323467136677,0.004141012254021831,0.5757575757575757
2024-09-01,U.S.,US,-0.009390714893250555,0.04484556942210549,0.04543347338448386,0.04502337759148187,0.04460903372889624,0.4545454545454546
2024-09-01,US SmallCap,US,-0.006746587457023272,0.04673679957712803,0.04875312122862789,0.04808533154312454,0.04635198174548354,0.5909090909090909
2024-09-01,Vietnam,Vietnam,-0.00485119071881368,0.0024261696293002948,0.004925277143345445,0.003968057887414583,0.00184415969077697,0.30303030303030304
2024-10-01,Australia,Australia,-0.009535794182516329,-0.025908855030586285,-0.019824126591749133,-0.020408829429276434,-0.02624172412814526,0.42424242424242425
2024-10-01,Brazil,Brazil,-0.01055024084381926,-0.028738675012800394,-0.025488333661944664,-0.02635281533065669,-0.029499897235608728,0.40909090909090906
2024-10-01,Canada,Canada,-0.00987005256551576,-8.799582433779811e-05,0.0014058523355836659,0.0018312562329086861,0.0005289753021421447,0.43939393939393934
2024-10-01,Chile,Chile,-0.013036734370125603,-0.04676786086595227,-0.043347227882254064,-0.04495656050216799,-0.047999415614617416,0.6363636363636364
2024-10-01,ChinaA,China,-0.004163344974964116,-0.0005472388784822178,-0.0057888207665515706,-0.005342898236885838,0.00010689108876515106,0.4696969696969697
2024-10-01,ChinaH,China,-0.003994308385118473,-0.0004886002543242288,-0.005680991234636496,-0.005244462650591652,0.0001602139210120663,0.3939393939393939
2024-10-01,Denmark,Denmark,-0.006761620718180542,0.04619764165275809,0.04715264964193206,0.04731515288907129,0.046675851841580476,0.48484848484848486
2024-10-01,France,France,-0.009911090785609826,-0.007276766206635238,-0.017421729370307323,-0.017188380181713744,-0.007184646286877887,0.36363636363636365
2024-10-01,Germany,Germany,-0.011594010295390863,0.002511837935045641,0.003365311977444529,0.0034992664374946907,0.002827482570834197,0.6212121212121212
2024-10-01,Hong Kong,Hong Kong,-0.00434530136374731,-0.0033434947823279965,-0.002160624504653996,-0.0024492868958956564,-0.003502520816025897,0.5303030303030303
2024-10-01,Indonesia,Indonesia,-0.006203253911280389,-0.023607592357446392,-0.01857271031898739,-0.01938995353964315,-0.02412548375841217,0.24242424242424243
2024-10-01,Italy,Italy,-0.011767128777106667,-0.033260785833846424,-0.027628686471750916,-0.02721179815592087,-0.0325727231380044,0.8181818181818182
2024-10-01,Japan,Japan,-0.009293743469891971,-0.004841479847678184,-0.005692791626822074,-0.007128820597009662,-0.006316814002172448,0.6212121212121212
2024-10-01,Korea,Korea,-0.006046929220739175,-0.014037642324488047,-0.012277267582408104,-0.012984248250804157,-0.01438430407883458,0.6818181818181819
2024-10-01,Malaysia,Malaysia,-0.01835206633147461,-0.04923822653556558,-0.04571218302813755,-0.04471146215512614,-0.04834610165222818,0.7424242424242424
2024-10-01,Mexico,Mexico,-0.005304986673674801,-0.010182511745824767,-0.01063760941451505,-0.011333831607360897,-0.010662894145352006,0.24242424242424243
2024-10-01,NASDAQ,US,-0.011252117940033148,0.04306976933686059,0.04375427916184065,0.04372385260780309,0.0432300783393446,0.45454545454545453
2024-10-01,Netherlands,Netherlands,-0.00997648700712125,0.00471686906710638,0.005079778196503697,0.005221354062056954,0.005048412782997806,0.5454545454545455
2024-10-01,Philippines,Philippines,-0.010479811806177415,-0.04051513056871212,-0.03893811924110471,-0.03821693615224246,-0.039854158578895515,0.48484848484848486
2024-10-01,Poland,Poland,-0.014351588768748588,-0.024036776131924432,-0.0254798141339505,-0.0252355181921679,-0.023887618409245893,0.9393939393939394
2024-10-01,Saudi Arabia,Saudi Arabia,-0.009636271528323234,-0.03983926242513712,-0.03971917083851664,-0.039113384071877304,-0.03935323114911263,0.3181818181818182
2024-10-01,Singapore,Singapore,-0.011349723685786631,0.010146992915164202,0.01097220589029129,0.011054694459597256,0.010504634152686092,0.5606060606060606
2024-10-01,South Africa,South Africa,-0.012851403796017128,-0.06169784834481867,-0.05553281668846565,-0.05433789371839684,-0.06064639236331216,0.5606060606060607
2024-10-01,Spain,Spain,-0.008405412252171427,-0.027191719017283893,-0.023258144502566403,-0.023040264752464096,-0.02672638584239139,0.7121212121212122
2024-10-01,Sweden,Sweden,-0.008124464101018837,0.0013536289040844357,0.002760660871987815,0.0035311984089001804,0.0023056975389563732,0.5
2024-10-01,Switzerland,Switzerland,-0.006274609496191757,0.013947010576945102,0.013659263468380582,0.013476757871994115,0.013880948091632185,0.30303030303030304
2024-10-01,Taiwan,Taiwan,-0.00908025002931459,0.002641859936185254,0.002580782578286457,0.002499215805996189,0.0026024727537272523,0.5757575757575758
2024-10-01,Thailand,Thailand,-0.009063064550747015,-0.011939978355418091,-0.00940900125875559,-0.010566087681247647,-0.012801682559989844,0.3787878787878788
2024-10-01,Turkey,Turkey,-0.0106148784872353,-0.051847442120077226,-0.04504742765348264,-0.04449503813958607,-0.05132947512176138,0.6060606060606061
2024-10-01,U.K.,U.K.,-0.012196097400957416,0.005491404906029283,0.005606115821288346,0.0051798750613025486,0.0051905439493570935,0.5606060606060606
2024-10-01,U.S.,US,-0.012248687281841492,0.04303555884067403,0.04304726070441398,0.043095910374835684,0.043222904128110216,0.4696969696969697
2024-10-01,US SmallCap,US,-0.008091766418221107,0.04525818740899483,0.047054118263497854,0.046686406112863885,0.04518430216403488,0.5454545454545454
2024-10-01,Vietnam,Vietnam,-0.006696925037544312,-0.0033908855653656464,0.0009818864007004532,0.00033985164302667743,-0.003781712073793535,0.36363636363636365
2024-11-01,Australia,Australia,-0.01102646456324379,-0.013241988439469148,-0.011265069497750482,-0.012443967490286471,-0.014442691194732214,0.5606060606060606
2024-11-01,Brazil,Brazil,-0.010611505989401394,-0.018596041377361917,-0.01628017496701841,-0.01767298932073759,-0.01987288939523547,0.33333333333333337
2024-11-01,Canada,Canada,-0.012152894709147124,0.00803451527115255,0.008082948931525507,0.007869169979607044,0.007891546194388484,0.4696969696969697
2024-11-01,Chile,Chile,-0.014837125279028729,-0.04270708514982726,-0.04048708842990792,-0.041643338199271906,-0.0436004759040206,0.6212121212121212
2024-11-01,ChinaA,China,-0.00704008986173483,0.008362285072457766,0.0012496093995790873,0.0010877937549728933,0.008328030050195116,0.6666666666666667
2024-11-01,ChinaH,China,-0.006893573098606428,0.008409475099292567,0.0013429140393478763,0.0011727445560008251,0.008370662222388681,0.5909090909090908
2024-11-01,Denmark,Denmark,-0.0039923550966627815,0.048679062006941935,0.04912133665843885,0.048401664209403214,0.048137826784916,0.19696969696969696
2024-11-01,France,France,-0.010068359816504169,0.002357771375772897,-0.004592836815724952,-0.005287229136896744,0.0016291827564115478,0.3181818181818182
2024-11-01,Germany,Germany,-0.012755501089155706,0.01650326648340331,0.01633855639796672,0.015535130321496973,0.01586056789345324,0.6515151515151515
2024-11-01,Hong Kong,Hong Kong,-0.006969992340477141,-0.0105168051976687,-0.00919718295431388,-0.00967962822999122,-0.01087220844646588,0.5303030303030303
2024-11-01,Indonesia,Indonesia,-0.008545845290590954,-0.018593801294088885,-0.014740232149862349,-0.015749749395743154,-0.019385179778862567,0.18181818181818182
2024-11-01,Italy,Italy,-0.011532806316415314,-0.01881808693253264,-0.013662406764784082,-0.01443681241777808,-0.019323809095089822,0.6666666666666667
2024-11-01,Japan,Japan,-0.009539007979606209,-0.004811413348141665,-0.0065840129342259884,-0.007712328854168972,-0.006039546464658661,0.5606060606060607
2024-11-01,Korea,Korea,-0.0064297726657877325,0.00729908345788923,0.006743024803831816,0.005095663393074207,0.0059826539228288785,0.5757575757575758
2024-11-01,Malaysia,Malaysia,-0.013862609068521449,-0.01984543035639723,-0.017849592243480077,-0.018172310344834283,-0.019895836953475184,0.696969696969697
2024-11-01,Mexico,Mexico,-0.006393889209612852,0.007662087907542555,0.004237462769017543,0.002623600795101355,0.006236990023758996,0.2727272727272727
2024-11-01,NASDAQ,US,-0.01241467820435998,0.04519915046482657,0.04437045323336501,0.04361575241431021,0.044448106969682766,0.5
2024-11-01,Netherlands,Netherlands,-0.007545381284056715,0.018492960700412626,0.019061133682648584,0.018247803703108505,0.01795630971353787,0.4696969696969697
2024-11-01,Philippines,Philippines,-0.013032388581377832,-0.0245009242667152,-0.024416168835282425,-0.023942097305822536,-0.023971114386515124,0.5454545454545454
2024-11-01,Poland,Poland,-0.013877080682395437,-0.014928727716890201,-0.01641288417431961,-0.016585840384830543,-0.015144138522997822,0.6818181818181819
2024-11-01,Saudi Arabia,Saudi Arabia,-0.010437328337887679,-0.042122320060121614,-0.04224268582915687,-0.04166665411916869,-0.04171114542347186,0.19696969696969696
2024-11-01,Singapore,Singapore,-0.013935145240505814,0.028693189083801057,0.026890983263053246,0.02593801903291726,0.027987396119183265,0.7575757575757576
2024-11-01,South Africa,South Africa,-0.013553995975890873,-0.043118720149553744,-0.03916831055798943,-0.0383542914477247,-0.04231373114734213,0.6060606060606061
2024-11-01,Spain,Spain,-0.010496477674212173,-0.018710010393759476,-0.013303865335927466,-0.013772352421443226,-0.018872175026745507,0.8484848484848485
2024-11-01,Sweden,Sweden,-0.008359926251510592,0.008923585821560283,0.009230202468787968,0.0093538623616904,0.00917073673577161,0.6060606060606061
2024-11-01,Switzerland,Switzerland,-0.006853143744310635,0.017942365637474738,0.017078433387596747,0.016336146856772527,0.017255705234636147,0.28787878787878785
2024-11-01,Taiwan,Taiwan,-0.0094163681856424,0.009338654196790874,0.007816140381020237,0.007479448590513674,0.00905384397662793,0.5757575757575758
2024-11-01,Thailand,Thailand,-0.011498747353208333,-0.005385798316950017,-0.0038344548450800608,-0.004959118428561578,-0.006206238021554365,0.36363636363636365
2024-11-01,Turkey,Turkey,-0.012969872006036342,-0.04823005492053694,-0.0420686552202233,-0.04167949932626737,-0.047894550123077195,0.6666666666666667
2024-11-01,U.K.,U.K.,-0.012661145139868924,0.013421342989926147,0.012322535463132393,0.010889980569145755,0.011976007474084817,0.5909090909090909
2024-11-01,U.S.,US,-0.013272446588487818,0.0453054267123869,0.04387113036656025,0.04318559175555568,0.04457584901100348,0.4393939393939394
2024-11-01,US SmallCap,US,-0.010108255474781221,0.04703220879796154,0.047234018411245755,0.04602285164644148,0.045944134665123135,0.5909090909090909
2024-11-01,Vietnam,Vietnam,-0.010826468503749548,-0.004024161247390641,-0.0008406821193415875,-0.0017805188825925867,-0.004665836487096471,0.3787878787878788
2024-12-01,Australia,Australia,-0.008884293824445617,-0.02663207007468226,-0.021429957394459638,-0.02270537770582249,-0.02786494004630397,0.5
2024-12-01,Brazil,Brazil,-0.010931864552900988,-0.02210395903561672,-0.0200121696887001,-0.02256179454091144,-0.02455429604681332,0.3787878787878788
2024-12-01,Canada,Canada,-0.01055634234454789,0.0022023394273410855,0.0021877302087257647,0.001972211232198144,0.0019972319920838104,0.5
2024-12-01,Chile,Chile,-0.014374392277578507,-0.04950315340412238,-0.04519334289155835,-0.046378517945685635,-0.05039494009233103,0.5606060606060606
2024-12-01,ChinaA,China,-0.005708283694030455,-0.013086040794697001,-0.01815752827774931,-0.017624064726901274,-0.012608232097334124,0.7121212121212122
2024-12-01,ChinaH,China,-0.005841621449095794,-0.013057750893076599,-0.017997234065392893,-0.01746794368838031,-0.012576647743748995,0.7121212121212122
2024-12-01,Denmark,Denmark,-0.002864163347913821,0.04655411574293464,0.04778545460721588,0.0473508130700375,0.04641111493995603,0.18181818181818182
2024-12-01,France,France,-0.009600833576524373,0.009660738558094045,-0.0023136134686102313,-0.0029046042557419388,0.008910201898512795,0.2727272727272727
2024-12-01,Germany,Germany,-0.013389915725045404,0.01022557316501441,0.010008563895225777,0.009666928105683158,0.01005097352817437,0.5909090909090908
2024-12-01,Hong Kong,Hong Kong,-0.005993410871053026,-0.015002543498193356,-0.013429834703237695,-0.01353723787104439,-0.015166744516604193,0.6818181818181819
2024-12-01,Indonesia,Indonesia,-0.007179058983888206,-0.02311725813705809,-0.020119595491527552,-0.022238956581315725,-0.025027391497345258,0.28787878787878785
2024-12-01,Italy,Italy,-0.010690200690783138,-0.02268944499555561,-0.017321895466759905,-0.017621320691956766,-0.022673940935000244,0.7272727272727273
2024-12-01,Japan,Japan,-0.009385092935173952,-0.002277446151696101,-0.006767439392228614,-0.009450202711954842,-0.0053957247282478684,0.5606060606060606
2024-12-01,Korea,Korea,-0.007932731070576219,-0.015720227247291812,-0.015281506249812553,-0.016083806515196395,-0.01635945558055374,0.5303030303030303
2024-12-01,Malaysia,Malaysia,-0.011513954376083643,-0.04170376384155285,-0.03893907502115408,-0.038732714783930866,-0.041554487164449774,0.7727272727272727
2024-12-01,Mexico,Mexico,-0.00900452359201353,-0.015030586458606873,-0.017733208659076363,-0.018668886213088494,-0.016037415573241086,0.28787878787878785
2024-12-01,NASDAQ,US,-0.012189386164098226,0.04592288977770815,0.04424384860743895,0.043269701228569324,0.0449586798982792,0.48484848484848486
2024-12-01,Netherlands,Netherlands,-0.006991346710289028,0.013405330513465808,0.014025942423442767,0.01353704750107335,0.013215201260884442,0.2727272727272727
2024-12-01,Philippines,Philippines,-0.010267352255720938,-0.03805213707041638,-0.038088912313386646,-0.037705400294089725,-0.03774561036801128,0.5606060606060606
2024-12-01,Poland,Poland,-0.013401494260250963,-0.01756215364907575,-0.018208728784185266,-0.01855119756542708,-0.017939621647066948,0.5757575757575757
2024-12-01,Saudi Arabia,Saudi Arabia,-0.009817652168779403,-0.04189542437688186,-0.0405733123725522,-0.040263817469496664,-0.041619330532579574,0.3181818181818182
2024-12-01,Singapore,Singapore,-0.011606068785223404,0.015625319719335395,0.01349046264089121,0.012205049650202436,0.01432218983103813,0.7424242424242424
2024-12-01,South Africa,South Africa,-0.01211330078240487,-0.05717271278464206,-0.05098536261309259,-0.0499240751205865,-0.05620187644659361,0.696969696969697
2024-12-01,Spain,Spain,-0.010135255969456108,-0.02130903606843011,-0.01683246286998693,-0.017024790084025614,-0.021191220720601422,0.7575757575757576
2024-12-01,Sweden,Sweden,-0.00825576971272082,0.0060189849102886255,0.005781062585868099,0.005745245358453863,0.006033281515254476,0.3484848484848485
2024-12-01,Switzerland,Switzerland,-0.006665387485242405,0.003416650610887785,0.003400722949284035,0.00341027024965879,0.003473982319825238,0.25757575757575757
2024-12-01,Taiwan,Taiwan,-0.009116507708497942,-0.01333115568222954,-0.013825286824323888,-0.013695352632354135,-0.013418067974621795,0.5757575757575758
2024-12-01,Thailand,Thailand,-0.010170186897442573,-0.013470163527950333,-0.01277549083852299,-0.013622977029050989,-0.014111533652525682,0.5151515151515151
2024-12-01,Turkey,Turkey,-0.01105390640881842,-0.049822780109704375,-0.043425432666788076,-0.04313672056336518,-0.049557574164476564,0.5606060606060606
2024-12-01,U.K.,U.K.,-0.011102163202227455,0.006606153970307655,0.006404761430566586,0.005501791472278691,0.005763490869720906,0.6060606060606061
2024-12-01,U.S.,US,-0.012240353525874836,0.04617669756887642,0.04402539392439011,0.043082868768220525,0.04521027795305135,0.48484848484848486
2024-12-01,US SmallCap,US,-0.007877406748923382,0.04900989249532328,0.04838464508291699,0.04717654893395212,0.04788897562317107,0.6060606060606061
2024-12-01,Vietnam,Vietnam,-0.011313106594176978,-0.003361552132584711,-0.0005054228596343222,-0.0013343859650196748,-0.003921670565641885,0.3787878787878788
2025-01-01,Australia,Australia,-0.008517677795004803,-0.019821415376287448,-0.015866747782709266,-0.016934660339600217,-0.0208400847967514,0.4393939393939394
2025-01-01,Brazil,Brazil,-0.01055821350915339,-0.0030576432747439156,-0.006769132888501514,-0.010581263191973382,-0.006894144743258846,0.40909090909090906
2025-01-01,Canada,Canada,-0.010076417938663422,0.0139361068094286,0.012750091821891733,0.012116062164492167,0.01337325193207519,0.5757575757575758
2025-01-01,Chile,Chile,-0.012059465874590428,-0.04204385665982051,-0.04105036146626491,-0.04049836509314613,-0.04159880087979806,0.5303030303030303
2025-01-01,ChinaA,China,-0.005440807710998427,-0.011039793245465637,-0.015934428643942712,-0.01518697708038986,-0.010201032936854463,0.7272727272727273
2025-01-01,ChinaH,China,-0.005660735442612474,-0.011016604402052845,-0.01576574404356515,-0.01502031541381332,-0.010172136452083994,0.7575757575757576
2025-01-01,Denmark,Denmark,0.0006738066819809542,0.04848237245112611,0.04982464958370136,0.049049881009582935,0.047960735292711165,0.19696969696969696
2025-01-01,France,France,-0.009046921521998685,0.014769717771052245,-0.00021769454090598585,-0.0012103759488456779,0.01346272668613857,0.2727272727272727
2025-01-01,Germany,Germany,-0.01275507542421031,0.015481445809374415,0.013784392633783095,0.012742072949936956,0.014453936998022415,0.5909090909090909
2025-01-01,Hong Kong,Hong Kong,-0.004984067060973292,-0.0030320171752241058,-0.0028062267154083755,-0.003145444779787093,-0.003341760718384517,0.696969696969697
2025-01-01,Indonesia,Indonesia,-0.006167244408841069,-0.01937063760937051,-0.016552397073004075,-0.020266673503449184,-0.022740370751387427,0.22727272727272727
2025-01-01,Italy,Italy,-0.009477429777740822,-0.018159554019308334,-0.014390968149235139,-0.015122391108634598,-0.01869828313637846,0.6363636363636364
2025-01-01,Japan,Japan,-0.009025174515221657,-0.010962293858711135,-0.01426492635171373,-0.016585385865175415,-0.013757071094631784,0.5909090909090908
2025-01-01,Korea,Korea,-0.007899840805860588,-0.005046546134557024,-0.007217314288155523,-0.008881662588670229,-0.00675700592096938,0.5454545454545454
2025-01-01,Malaysia,Malaysia,-0.010246802622385906,-0.03918597645130164,-0.03653392788022875,-0.03595198106974362,-0.03870021933644409,0.7424242424242424
2025-01-01,Mexico,Mexico,-0.011021680963352827,-0.011552159309129527,-0.01675242723941709,-0.0176940560066451,-0.012691163885090884,0.2727272727272727
2025-01-01,NASDAQ,US,-0.01210318102269783,0.048314036241389836,0.04523048910937539,0.04412642136454529,0.047128968386093206,0.5
2025-01-01,Netherlands,Netherlands,-0.007141339065482143,0.015389655792106244,0.014994695879024734,0.014225459690424519,0.014796949026895777,0.2727272727272727
2025-01-01,Philippines,Philippines,-0.00877217077590662,-0.032884270583480854,-0.03345648550423268,-0.033518318896409646,-0.032897127475556946,0.5151515151515151
2025-01-01,Poland,Poland,-0.01385868580498298,-0.01834093910881847,-0.02012529566924991,-0.020552875704416385,-0.018875250999516598,0.5606060606060606
2025-01-01,Saudi Arabia,Saudi Arabia,-0.009732298335880466,-0.041838594031322056,-0.042288738082438326,-0.041645073435111556,-0.04135069273132802,0.25757575757575757
2025-01-01,Singapore,Singapore,-0.011640225931282146,0.01394970157494205,0.011448172844700372,0.010377794630052829,0.01281774501323589,0.7272727272727273
2025-01-01,South Africa,South Africa,-0.010579282521285722,-0.052104200976189806,-0.04687652417720507,-0.046128835715108354,-0.05139264036957901,0.6363636363636364
2025-01-01,Spain,Spain,-0.009404783029915563,-0.016423297730447126,-0.01388860536324256,-0.014261238298923866,-0.016596826392450352,0.7272727272727273
2025-01-01,Sweden,Sweden,-0.010603360847427391,0.008100373780483311,0.006535498785724443,0.0058934140671233586,0.007399043683826333,0.25757575757575757
2025-01-01,Switzerland,Switzerland,-0.00623892242513293,0.00877258815717942,0.009636472889434535,0.008711666864153846,0.007914205190059866,0.28787878787878785
2025-01-01,Taiwan,Taiwan,-0.00798838088212751,-0.015858282198779543,-0.01650040788871751,-0.016057020052830363,-0.015577350953934675,0.5303030303030303
2025-01-01,Thailand,Thailand,-0.008920455897446373,-0.012795505060634736,-0.012855149933459025,-0.014108128854677023,-0.013795937662478722,0.48484848484848486
2025-01-01,Turkey,Turkey,-0.012552018869590058,-0.048427326380126624,-0.0431104894907532,-0.04279799034208025,-0.048177572472230035,0.8787878787878789
2025-01-01,U.K.,U.K.,-0.010549330392417774,0.009100893556391501,0.008202732622796794,0.0071324992496352106,0.008016464757155381,0.5909090909090909
2025-01-01,U.S.,US,-0.01175649306782153,0.04904866842738212,0.04577137785024475,0.04466450600978864,0.04784444056399982,0.5151515151515151
2025-01-01,US SmallCap,US,-0.007832463512739796,0.05130264461850554,0.049424429831150196,0.04807835162416607,0.04996335904459366,0.6212121212121212
2025-01-01,Vietnam,Vietnam,-0.011097443017164952,-0.001445510628209315,0.0006366064085357274,-7.226453345291015e-05,-0.0019354994541246587,0.42424242424242425
2025-02-01,Australia,Australia,-0.007257381076349417,-0.022625070889863073,-0.021020453537873164,-0.02163986267169386,-0.023231741789622652,0.3484848484848485
2025-02-01,Brazil,Brazil,-0.007860249489058025,-0.018068528469865848,-0.018366101952862316,-0.021006759761374665,-0.02066019582535433,0.3939393939393939
2025-02-01,Canada,Canada,-0.009113459457756483,0.016864049288067326,0.015239601198733462,0.014945924797494833,0.016737584474076465,0.5
2025-02-01,Chile,Chile,-0.013958034887624858,-0.05092315947498966,-0.04969447735402163,-0.04888922657025495,-0.05034024944729436,0.6666666666666667
2025-02-01,ChinaA,China,-0.00847058308412181,-0.023080373707365577,-0.02557690248933463,-0.0255446057141547,-0.02299361346542067,0.9090909090909092
2025-02-01,ChinaH,China,-0.008426958520075984,-0.023026058090576045,-0.02559737297352649,-0.025561934354628422,-0.02294123070330812,0.8636363636363636
2025-02-01,Denmark,Denmark,0.0018474699417706285,0.048038440361784035,0.04961220442339925,0.04883397361469194,0.04758399463945635,0.09090909090909091
2025-02-01,France,France,-0.00688796752425641,-0.0009345480574540193,-0.011802324075459667,-0.012275496727425322,-0.0016788624208034023,0.25757575757575757
2025-02-01,Germany,Germany,-0.01023501137289835,0.007939363246240571,0.005722353246893946,0.005218432438144514,0.007382990755030117,0.5606060606060606
2025-02-01,Hong Kong,Hong Kong,-0.007542944053390984,-0.0035799337792730476,-0.002778374381509084,-0.003217872534305749,-0.004045374363262014,0.8333333333333333
2025-02-01,Indonesia,Indonesia,-0.00582236614106221,-0.022289623289796476,-0.0197891266409964,-0.02283626572169656,-0.024984453465347833,0.2727272727272727
2025-02-01,Italy,Italy,-0.008300360335556221,-0.02592494515002197,-0.02243563027130025,-0.022729465842934896,-0.026113712600497475,0.5909090909090908
2025-02-01,Japan,Japan,-0.009036337440234287,-0.013332386104812851,-0.0180285554188103,-0.020508861357278196,-0.01640813710218435,0.5151515151515151
2025-02-01,Korea,Korea,-0.00791674597917454,-0.017724412492443796,-0.019643432137056705,-0.020827298181834424,-0.01902452181831815,0.5454545454545454
2025-02-01,Malaysia,Malaysia,-0.010042382524885853,-0.04071451828911756,-0.04047902224096499,-0.04032055867686345,-0.04073188059115522,0.7878787878787878
2025-02-01,Mexico,Mexico,-0.00980507298507856,-0.018619429746571645,-0.023093113535949308,-0.023091670526541888,-0.018695680569212343,0.2727272727272727
2025-02-01,NASDAQ,US,-0.011896909900226618,0.04739343218074084,0.04489498022593784,0.044211882294747436,0.046730701222518115,0.45454545454545453
2025-02-01,Netherlands,Netherlands,-0.006701623509520501,0.007294053313860899,0.00658746899711329,0.006155637980174763,0.0069420689117000636,0.19696969696969696
2025-02-01,Philippines,Philippines,-0.0079468141208238,-0.04406803512477876,-0.04480969058014992,-0.04557658380323453,-0.04479019452679689,0.5
2025-02-01,Poland,Poland,-0.01079703870849522,-0.02147833777152764,-0.02297093516120092,-0.02333494908131228,-0.021950892302444354,0.5909090909090908
2025-02-01,Saudi Arabia,Saudi Arabia,-0.009692960383428284,-0.04408899434927273,-0.04368640355612931,-0.04291454902568593,-0.04343815381921788,0.3333333333333333
2025-02-01,Singapore,Singapore,-0.013175822000233994,0.006868337633394747,0.002982366533887712,0.0022131481566489575,0.0058702190655173375,0.7272727272727273
2025-02-01,South Africa,South Africa,-0.010608385592025149,-0.05712411725433718,-0.05306173830077786,-0.05204792990732335,-0.05627057974141045,0.6060606060606061
2025-02-01,Spain,Spain,-0.007940284021471537,-0.022973557296665892,-0.020849188839500155,-0.021070136532055094,-0.023083317718755547,0.7121212121212122
2025-02-01,Sweden,Sweden,-0.008014154513092361,-0.0011489920823776964,-0.002597486425772805,-0.002649366857101159,-0.0013290884280648162,0.2878787878787879
2025-02-01,Switzerland,Switzerland,-0.0014649993861363345,0.004128018510999939,0.004435187099092028,0.003550101743163208,0.003214088358003589,0.18181818181818182
2025-02-01,Taiwan,Taiwan,-0.008734084041629578,-0.017385202314887792,-0.0186336688038222,-0.01814147381824214,-0.017134940167519593,0.5606060606060607
2025-02-01,Thailand,Thailand,-0.011063973962449698,-0.01632032220554009,-0.01717966886164448,-0.018790165169036484,-0.01777109566038391,0.5909090909090909
2025-02-01,Turkey,Turkey,-0.012438050572028868,-0.04865309186316263,-0.04311251959391549,-0.04289715430747864,-0.048567171299810884,0.7272727272727273
2025-02-01,U.K.,U.K.,-0.009368811791923542,0.006761504044297482,0.005301928297728157,0.0048593624792534346,0.006325078573344703,0.5909090909090909
2025-02-01,U.S.,US,-0.010804767020477564,0.04803339237108943,0.04542304447402873,0.04470626931648208,0.04733265465164224,0.4545454545454546
2025-02-01,US SmallCap,US,-0.007699983396398141,0.049978433481372674,0.048664769323793655,0.04774549052873968,0.049168795918666006,0.5757575757575757
2025-02-01,Vietnam,Vietnam,-0.011430223736737456,-0.005903375811880371,-0.002365426142953469,-0.00443734610959356,-0.007422613558407433,0.5
2025-03-01,Australia,Australia,-0.008482205375826226,-0.027761475046410133,-0.0215402644969643,-0.02214843115844925,-0.0282043790488457,0.4393939393939394
2025-03-01,Brazil,Brazil,-0.009282486024671334,-0.019381705681344178,-0.018255374457486304,-0.020774313835990522,-0.021632046084406435,0.5
2025-03-01,Canada,Canada,-0.010109188961294155,0.013917361165305325,0.012794030555636667,0.012438176365211606,0.013711339692921255,0.5151515151515151
2025-03-01,Chile,Chile,-0.014107312639677278,-0.05070490053255567,-0.04793026193544188,-0.04709501469831752,-0.05001834183831999,0.6515151515151515
2025-03-01,ChinaA,China,-0.007014791174812266,-0.021050552624408532,-0.020799497874005687,-0.02163058268808175,-0.021698817269822337,0.8636363636363636
2025-03-01,ChinaH,China,-0.006571569554820781,-0.020951749687836817,-0.02098670893291607,-0.021814879706330333,-0.021613434591100922,0.7121212121212122
2025-03-01,Denmark,Denmark,0.001569573621760652,0.049187193353046554,0.050880648764315084,0.04886349020825559,0.04757618201928946,0.06060606060606061
2025-03-01,France,France,-0.00789720499599461,-0.009151342200506347,-0.017906279068261623,-0.018296464804774454,-0.009784891847012703,0.3181818181818182
2025-03-01,Germany,Germany,-0.010751752432400143,0.009717908610249338,0.006716716770136112,0.006069796098909421,0.00895988746788011,0.5606060606060607
2025-03-01,Hong Kong,Hong Kong,-0.005925104740120555,-0.0048553109852762545,-0.004514801386765195,-0.004846426560816342,-0.00516432365727193,0.6666666666666667
2025-03-01,Indonesia,Indonesia,-0.0049716154820317535,-0.020451691342624714,-0.016408228753045668,-0.02187891152185143,-0.024912096595942526,0.3484848484848485
2025-03-01,Italy,Italy,-0.00817367958497423,-0.02437921722013546,-0.02170800148377325,-0.022248143003959504,-0.02487806596562234,0.5606060606060606
2025-03-01,Japan,Japan,-0.010192583992954612,-0.01964076500396031,-0.019389229524917572,-0.0214211261607022,-0.02196864684999674,0.5606060606060606
2025-03-01,Korea,Korea,-0.009273831077064192,-0.013696380962877397,-0.012744157512576322,-0.013897767552221016,-0.014846401546483683,0.5757575757575758
2025-03-01,Malaysia,Malaysia,-0.007534499058851566,-0.029523782662830646,-0.027585512571039784,-0.027386858177664022,-0.029277524186495173,0.6515151515151515
2025-03-01,Mexico,Mexico,-0.01000006858997312,-0.020901441204173993,-0.021296531229565055,-0.02119875671023666,-0.020702405745645913,0.2727272727272727
2025-03-01,NASDAQ,US,-0.011033017921803275,0.04700941661853823,0.04543308030663447,0.04477477548705419,0.04643706922018824,0.46969696969696967
2025-03-01,Netherlands,Netherlands,-0.007757838382274973,0.008102588198725506,0.007064900819944674,0.006483044129006526,0.007543863021906688,0.21212121212121213
2025-03-01,Philippines,Philippines,-0.005938478509426444,-0.041169395539631615,-0.0416299054130469,-0.04218809797099002,-0.041618333523872474,0.36363636363636365
2025-03-01,Poland,Poland,-0.010978416364024392,-0.019084501026092562,-0.020603261449616023,-0.021157502157157396,-0.019726140556220573,0.6515151515151515
2025-03-01,Saudi Arabia,Saudi Arabia,-0.011022146658709393,-0.04183112294744547,-0.04140893740319019,-0.040699990642186004,-0.0412055373220675,0.25757575757575757
2025-03-01,Singapore,Singapore,-0.0138480482427172,0.01076086836896574,0.008238385965960415,0.00767212623977882,0.010159645982107793,0.7272727272727273
2025-03-01,South Africa,South Africa,-0.012613663275879039,-0.05413880690366419,-0.04952638225851748,-0.048531683383355145,-0.05325595315360475,0.6666666666666667
2025-03-01,Spain,Spain,-0.008159561716762092,-0.02233180714144742,-0.02080906811163129,-0.021079896471918314,-0.02254286308774716,0.7424242424242424
2025-03-01,Sweden,Sweden,-0.00849950494334728,0.00193455781829338,-4.167391259815752e-05,-0.0003242927485969174,0.0015395389110011443,0.30303030303030304
2025-03-01,Switzerland,Switzerland,-0.004502344819147474,0.009416413870387181,0.008882736504420043,0.007600651469874405,0.008069228242906007,0.3181818181818182
2025-03-01,Taiwan,Taiwan,-0.008712671261950078,-0.013340183227639123,-0.013003640960513735,-0.012729203572099824,-0.013141396088309776,0.5606060606060607
2025-03-01,Thailand,Thailand,-0.010003000420610288,-0.013708899515803792,-0.013450309596554591,-0.015533610208870143,-0.015466325861040835,0.5757575757575757
2025-03-01,Turkey,Turkey,-0.011906387825477531,-0.04848403767067404,-0.042570546636583204,-0.04262397156846935,-0.04859216917043477,0.696969696969697
2025-03-01,U.K.,U.K.,-0.010041208815789762,0.008562226614052992,0.006966442505383665,0.006222269486443971,0.007774436670631969,0.5909090909090909
2025-03-01,U.S.,US,-0.011248915552392574,0.047194517497627084,0.04570996607262376,0.045052262827566684,0.04662560462688403,0.4242424242424242
2025-03-01,US SmallCap,US,-0.009245939656675563,0.04918126955204495,0.04983709875626072,0.04684470891138004,0.04676203057536839,0.7272727272727273
2025-03-01,Vietnam,Vietnam,-0.011549619718947158,-0.007634337644587277,-0.0037402317317716954,-0.005818573579591233,-0.009129504004084904,0.4545454545454546
2025-04-01,Australia,Australia,-0.007725836508100082,-0.022589431830048027,-0.020844871684206515,-0.021290137627877972,-0.023027060095669453,0.3484848484848485
2025-04-01,Brazil,Brazil,-0.008142804763384304,-0.024652461758663813,-0.023046009094466635,-0.024175250926825594,-0.02549673754276665,0.45454545454545453
2025-04-01,Canada,Canada,-0.009811253023675862,0.009817004108088678,0.007997452542502443,0.007782928368884289,0.00965192976277979,0.4545454545454546
2025-04-01,Chile,Chile,-0.013796485930125536,-0.047611975736732634,-0.04577747392582632,-0.04490995147297358,-0.046864135061642574,0.7121212121212122
2025-04-01,ChinaA,China,-0.008054509696302635,-0.01896467869106099,-0.022110077462399104,-0.022852703451459233,-0.019853515560115942,0.893939393939394
2025-04-01,ChinaH,China,-0.008135673916983194,-0.0189470034379352,-0.022069412814489625,-0.022810809686676786,-0.01983386961019921,0.8333333333333334
2025-04-01,Denmark,Denmark,0.00224204236176149,0.04771438369722389,0.05037214567428394,0.04389982148175402,0.04254338056597809,0.10606060606060606
2025-04-01,France,France,-0.00827288454535307,-0.00019078723987529973,-0.01380090974762066,-0.013862999959936746,-0.0006049342162862256,0.33333333333333337
2025-04-01,Germany,Germany,-0.0108519274137672,0.008887119812337807,0.005505428434871385,0.005489568852537581,0.008769690412047027,0.6060606060606061
2025-04-01,Hong Kong,Hong Kong,-0.008873294547178948,-0.015541667529583322,-0.016265666503056355,-0.016102662366392847,-0.015497510421768773,0.8787878787878789
2025-04-01,Indonesia,Indonesia,-0.001634233953639136,-0.01664670051912276,-0.014727302708264582,-0.018357123032419015,-0.019575921855793595,0.2121212121212121
2025-04-01,Italy,Italy,-0.009231275092313371,-0.023261233290152377,-0.0216683637593394,-0.021713982065243425,-0.023308230998559734,0.5757575757575757
2025-04-01,Japan,Japan,-0.009953431024622095,-0.013513728286624832,-0.015088974669151805,-0.01710968079903577,-0.015872695201620848,0.5303030303030303
2025-04-01,Korea,Korea,-0.00986677799127206,-0.014804953297039892,-0.016442622625688845,-0.017564083563869,-0.01588797751672674,0.5454545454545454
2025-04-01,Malaysia,Malaysia,-0.007465333680857147,-0.025981906837490073,-0.02520845244301527,-0.025089005153388428,-0.02582216432656768,0.6515151515151515
2025-04-01,Mexico,Mexico,-0.010634889349474442,-0.017108218686615398,-0.019504397535840344,-0.019476276032294595,-0.0170522403287121,0.25757575757575757
2025-04-01,NASDAQ,US,-0.009086450025380086,0.04978997469575371,0.049207624243160795,0.04834331571689404,0.049082593298096236,0.3939393939393939
2025-04-01,Netherlands,Netherlands,-0.0082579254856563,0.00864043452776327,0.007135318605778674,0.006843896512152323,0.00835010132676726,0.18181818181818182
2025-04-01,Philippines,Philippines,-0.0055947360145356916,-0.039624630389535405,-0.04117429523783605,-0.04168219303779219,-0.04009092631291546,0.3787878787878788
2025-04-01,Poland,Poland,-0.011049127594907674,-0.018543536115994623,-0.020171534595654808,-0.02029052776588099,-0.018685007675400184,0.7575757575757576
2025-04-01,Saudi Arabia,Saudi Arabia,-0.011367599821528402,-0.036163902611001886,-0.03804382474473274,-0.03779782548443464,-0.03611788975289175,0.30303030303030304
2025-04-01,Singapore,Singapore,-0.013257673229721122,0.0064231465362126535,0.004997619370425413,0.004610621584959543,0.005959559074038586,0.7424242424242424
2025-04-01,South Africa,South Africa,-0.010864961826884418,-0.04422568698174904,-0.04338356628577958,-0.04265559220775611,-0.04366091958094455,0.6212121212121212
2025-04-01,Spain,Spain,-0.009516472143109383,-0.020306443484868333,-0.020733097530795018,-0.020575347470640652,-0.020173709021643272,0.7727272727272727
2025-04-01,Sweden,Sweden,-0.009247386855676823,0.007155793627736948,0.005776610790502925,0.005585484085932627,0.006952040400324905,0.36363636363636365
2025-04-01,Switzerland,Switzerland,-0.005165355598267231,0.007731537578777892,0.00716286801973464,0.005747366166508233,0.006276585071770256,0.3181818181818182
2025-04-01,Taiwan,Taiwan,-0.006399667555755252,-0.01746042217210294,-0.015687652609147763,-0.015333007443829335,-0.017162966013049195,0.48484848484848486
2025-04-01,Thailand,Thailand,-0.008334423605629566,-0.01474794447170238,-0.0162888452240154,-0.017828074136034044,-0.016020126228832324,0.4696969696969697
2025-04-01,Turkey,Turkey,-0.011713129692585702,-0.03805735326204625,-0.03344073989434889,-0.03473312337731825,-0.0391732845891824,0.696969696969697
2025-04-01,U.K.,U.K.,-0.01020349843392613,0.006733079644267363,0.004810128008836451,0.004437087822162261,0.006293543628086883,0.6515151515151515
2025-04-01,U.S.,US,-0.009266470000536096,0.04959723855773929,0.048542822634328395,0.04771672848610432,0.04889702852917826,0.3939393939393939
2025-04-01,US SmallCap,US,-0.008055820355365758,0.05096507439963679,0.05190178350567388,0.05089617182537094,0.05021509867901282,0.6818181818181818
2025-04-01,Vietnam,Vietnam,-0.01162159336944029,-0.002996958084707929,-0.0013418485257645097,-0.002829264710992361,-0.004077195248972223,0.3939393939393939
2025-05-01,Australia,Australia,-0.007168783363490737,-0.01644536039957326,-0.014574268862124746,-0.01468834510814178,-0.016367097924132885,0.33333333333333337
2025-05-01,Brazil,Brazil,-0.008677876499769824,-0.023732903979713033,-0.02014231788358063,-0.02074571946075208,-0.024068866711232005,0.4545454545454546
2025-05-01,Canada,Canada,-0.010012332582223251,0.006931786124195925,0.003919062377695501,0.0034191167335900254,0.006261895395053785,0.5
2025-05-01,Chile,Chile,-0.014078988972258242,-0.03881781339206605,-0.038762276734918416,-0.03810076931559473,-0.038285366087643935,0.7727272727272727
2025-05-01,ChinaA,China,-0.008122304629144811,-0.0074219723417295914,-0.011058895882640824,-0.010441328492431807,-0.007039899651367856,0.9393939393939394
2025-05-01,ChinaH,China,-0.007395406887376209,-0.007265294184496726,-0.011318979436020477,-0.01070004686101357,-0.006905134223836217,0.893939393939394
2025-05-01,Denmark,Denmark,0.003444254444414905,0.04634037244361847,0.0494808436975674,0.044451740299042294,0.04253548253995694,0.07575757575757576
2025-05-01,France,France,-0.008667251110311079,0.009483071787832125,-0.003372771342618479,-0.0034539923195152826,0.009169856185576038,0.36363636363636365
2025-05-01,Germany,Germany,-0.011453029982862715,0.014328544249859625,0.011654101674037434,0.012024210445342909,0.014772179538675531,0.6666666666666667
2025-05-01,Hong Kong,Hong Kong,-0.008131005135488195,-0.010561628214113111,-0.011052260674493549,-0.011083570101218708,-0.010667571576825081,0.7727272727272727
2025-05-01,Indonesia,Indonesia,-0.0030476555190133555,-0.008961047434614436,-0.008551752772815852,-0.011521307597613373,-0.011335956020355208,0.24242424242424243
2025-05-01,Italy,Italy,-0.010329961477828747,-0.015630434031668708,-0.013650005377103161,-0.013625104687803341,-0.01545270702066432,0.7121212121212122
2025-05-01,Japan,Japan,-0.010284493482048719,-0.0051384250773631405,-0.005910717902032549,-0.006739620177994527,-0.0058860249911525395,0.5909090909090909
2025-05-01,Korea,Korea,-0.009813874881255211,-0.007641336673926158,-0.008254384737099208,-0.009493947411855583,-0.0087009244604421,0.5606060606060607
2025-05-01,Malaysia,Malaysia,-0.006199653409367747,-0.021865471459424093,-0.024267259163271233,-0.024319621446258398,-0.022027384505396805,0.5606060606060606
2025-05-01,Mexico,Mexico,-0.006039691456555645,-0.013157883035678686,-0.01782028528906618,-0.01801710108836632,-0.01347789809007472,0.18181818181818182
2025-05-01,NASDAQ,US,-0.009087205776461452,0.052172175717533895,0.05104092129272242,0.050119840751822665,0.05137809996320701,0.30303030303030304
2025-05-01,Netherlands,Netherlands,-0.008289346644388672,0.015050908154378352,0.014238139986438858,0.014230896361182351,0.01525696065619251,0.18181818181818182
2025-05-01,Philippines,Philippines,-0.006964396884396417,-0.0336219794651369,-0.035391047116541986,-0.03535750968396488,-0.03367257823392944,0.40909090909090906
2025-05-01,Poland,Poland,-0.011162185306689384,-0.015293386877896479,-0.01704450342290237,-0.01676376036962025,-0.014972116661675583,0.8484848484848485
2025-05-01,Saudi Arabia,Saudi Arabia,-0.011369874378701326,-0.025970256810323677,-0.03118426252419046,-0.031080776690401032,-0.026122188134445168,0.303030303030303
2025-05-01,Singapore,Singapore,-0.012731353502777407,0.007220676663141594,0.006417137946488512,0.00655159619441726,0.007396294155052462,0.7575757575757576
2025-05-01,South Africa,South Africa,-0.011670257039872418,-0.04126218867286727,-0.041394509455941066,-0.040819236173742536,-0.04092933435824058,0.6818181818181818
2025-05-01,Spain,Spain,-0.010286897459572335,-0.011228568522824497,-0.011799289956814639,-0.011476592333981704,-0.010805174955123308,0.7575757575757576
2025-05-01,Sweden,Sweden,-0.009184138951251829,0.014326627571335421,0.013714564246388797,0.013390369125625603,0.01412894543371307,0.3787878787878788
2025-05-01,Switzerland,Switzerland,-0.008407218401961554,0.03065221974830884,0.02962544971864888,0.028129275416464906,0.02951909153045757,0.393939393939394
2025-05-01,Taiwan,Taiwan,-0.005671460210588086,-0.002916017314495433,-0.0020587234260569525,-0.002442801092194974,-0.003256490232493059,0.33333333333333337
2025-05-01,Thailand,Thailand,-0.007228817434677663,-0.003775535773354344,-0.006870914937715618,-0.007573812080430145,-0.0042062564536047235,0.4090909090909091
2025-05-01,Turkey,Turkey,-0.013443619573514871,-0.039179625942982556,-0.035696103788178196,-0.03731315324256888,-0.04060619023719325,0.5454545454545454
2025-05-01,U.K.,U.K.,-0.009571056192240343,0.01137103126977268,0.009321786837756897,0.009220212324972266,0.011283385336779875,0.5909090909090908
2025-05-01,U.S.,US,-0.009634230143767504,0.05197578046043227,0.0504533480287974,0.04957795186256888,0.05119887891740633,0.3484848484848485
2025-05-01,US SmallCap,US,-0.008226733265469258,0.05345000874275133,0.05354475466881859,0.052507073745010686,0.05261643257376492,0.6060606060606061
2025-05-01,Vietnam,Vietnam,-0.013525696110493413,0.0042773315026746715,0.0038637322896143585,0.003585172433327132,0.004015743842038483,0.5303030303030303
2025-06-01,Australia,Australia,-0.007030222061844667,-0.024588595128467533,-0.020230268083135227,-0.020319616685224293,-0.02454182906794092,0.3787878787878788
2025-06-01,Brazil,Brazil,-0.009521518501921004,-0.029050503360364844,-0.023650113028630165,-0.024313926948806054,-0.02946818125197821,0.5303030303030303
2025-06-01,Canada,Canada,-0.009107045966324124,0.005910929671895701,0.0033052536697293754,0.0026356645669728136,0.005035141061149769,0.5151515151515151
2025-06-01,Chile,Chile,-0.013746540078944207,-0.04366545203249948,-0.04192374860757256,-0.04137877869960897,-0.04326917115527117,0.7727272727272727
2025-06-01,ChinaA,China,-0.007151398631186181,-0.017677312016037294,-0.0172645828019629,-0.018116128338575822,-0.0183825928313535,0.8939393939393939
2025-06-01,ChinaH,China,-0.006400953325917626,-0.017531385129460175,-0.017495457565855667,-0.01834903371619369,-0.01825905288001567,0.8333333333333334
2025-06-01,Denmark,Denmark,0.0037651602584514755,0.04709610989634385,0.04967194321624924,0.04577388097805186,0.04416755832352562,0.07575757575757576
2025-06-01,France,France,-0.00845513784840254,0.0014628425221655606,-0.009049729920444045,-0.00957295172579703,0.0006397293494500656,0.3787878787878788
2025-06-01,Germany,Germany,-0.011417844801003985,0.009458596888321284,0.006582999989382398,0.0068043408966740725,0.009615295298457435,0.6666666666666666
2025-06-01,Hong Kong,Hong Kong,-0.006487891643969052,0.012058045803306178,0.011202878189903558,0.0105703068220383,0.011651527276712804,0.7575757575757576
2025-06-01,Indonesia,Indonesia,-0.003217332791033524,-0.013319571546237169,-0.011387294344469544,-0.012651767555845416,-0.014306177598983554,0.24242424242424243
2025-06-01,Italy,Italy,-0.00935602814684718,-0.02290653600288217,-0.01962886730289439,-0.019626824997939968,-0.022817984283623752,0.7272727272727273
2025-06-01,Japan,Japan,-0.009447732225644736,-0.0003449621491000369,-0.004069925929536589,-0.004888893725886638,-0.0013579625921609773,0.5454545454545454
2025-06-01,Korea,Korea,-0.00879737998911588,2.895670344414073e-05,-0.0006686663500443295,-0.0024288025863130848,-0.0016154613964598063,0.5454545454545454
2025-06-01,Malaysia,Malaysia,-0.006655762323968928,-0.02902511788412902,-0.02867408767128202,-0.02899819547836861,-0.029472904547608505,0.6818181818181819
2025-06-01,Mexico,Mexico,-0.006471081601638936,-0.01799084714134169,-0.020688774295815476,-0.021037596288862686,-0.018500568822381,0.24242424242424243
2025-06-01,NASDAQ,US,-0.006766603834531823,0.0529542893298977,0.05179315752503533,0.05027690554049677,0.05144650768818662,0.2121212121212121
2025-06-01,Netherlands,Netherlands,-0.006730305032162977,0.011941140638561477,0.010636745686604693,0.010433058058922223,0.011821749211838428,0.12121212121212122
2025-06-01,Philippines,Philippines,-0.009861348648168858,-0.04421193405072601,-0.04174608140168795,-0.04129644182199671,-0.043890025873447744,0.606060606060606
2025-06-01,Poland,Poland,-0.011015942912521436,-0.01735397216717373,-0.019151841575849413,-0.018962550511082345,-0.01717674439569773,0.8484848484848485
2025-06-01,Saudi Arabia,Saudi Arabia,-0.01396379733438383,-0.03073177743993474,-0.0350183443565937,-0.03475566208350895,-0.030725828559645434,0.42424242424242425
2025-06-01,Singapore,Singapore,-0.011595595474542031,0.010305101749203276,0.00922904701275605,0.009040166550089549,0.010109860380527719,0.7575757575757576
2025-06-01,South Africa,South Africa,-0.011961315601477951,-0.05249505622958434,-0.048451584940900815,-0.04787749028981181,-0.052164634361070786,0.7272727272727273
2025-06-01,Spain,Spain,-0.009802191986497927,-0.018079101588145234,-0.017157593575234206,-0.01705298408402743,-0.01798255847084895,0.7727272727272727
2025-06-01,Sweden,Sweden,-0.009175975348822269,0.004783768575722561,0.004387697248795173,0.004320341403966,0.00472729143548474,0.3181818181818182
2025-06-01,Switzerland,Switzerland,-0.01067995674722962,0.019087863256113145,0.01830111860234878,0.017018411713147722,0.018072083610263988,0.36363636363636365
2025-06-01,Taiwan,Taiwan,-0.0036860864046424687,0.011101417753248459,0.011713739386467633,0.010923822185237145,0.010543073120398844,0.25757575757575757
2025-06-01,Thailand,Thailand,-0.008662249986970485,-0.005826946881974006,-0.006043854092962561,-0.007349710303288761,-0.00683892118900269,0.5454545454545454
2025-06-01,Turkey,Turkey,-0.013392939768136214,-0.043691447260290214,-0.038885112474094596,-0.040432988896637406,-0.044983250445411585,0.5303030303030303
2025-06-01,U.K.,U.K.,-0.008563853369318114,0.0067690872739997274,0.005145149680813942,0.0049522130003293585,0.0065032106909199555,0.5909090909090908
2025-06-01,U.S.,US,-0.007703013784198301,0.052382200424808956,0.05090794258490707,0.04944757179385696,0.05090711024746647,0.303030303030303
2025-06-01,US SmallCap,US,-0.006994692354482449,0.053625698720681174,0.05370278396290723,0.05210987912807747,0.05211583413233547,0.45454545454545453
2025-06-01,Vietnam,Vietnam,-0.009933818077772848,-0.0023411774519362036,0.0017413999747166939,0.0018130457779519564,-0.0022074214335572667,0.3787878787878788
2025-07-01,Australia,Australia,-0.0073689149832972265,-0.027897352255229206,-0.0230494834402501,-0.023252464729955815,-0.027941569369075447,0.30303030303030304
2025-07-01,Brazil,Brazil,-0.009767808652160244,-0.03866878576546598,-0.03142701733208893,-0.031800844668413264,-0.03869673645241059,0.5
2025-07-01,Canada,Canada,-0.010939685818217464,0.007982527977922569,0.005670192712768921,0.00519362708300908,0.0072893503554687135,0.5
2025-07-01,Chile,Chile,-0.016173625042596708,-0.047797438465708914,-0.045858727816495484,-0.044926679057280525,-0.04707561644932713,0.7727272727272727
2025-07-01,ChinaA,China,-0.007328738103843885,-0.019894685490217792,-0.02016033710178233,-0.020479920701414918,-0.02000034029144862,0.8484848484848484
2025-07-01,ChinaH,China,-0.006900470926045865,-0.01983409633029793,-0.02043487420103621,-0.020814244421390855,-0.02001767813980488,0.8181818181818182
2025-07-01,Denmark,Denmark,0.0029884982395713255,0.04230395262212605,0.0448727407004364,0.04147847845354921,0.0394818663513289,0.06060606060606061
2025-07-01,France,France,-0.012215994138661462,-0.007145262418479547,-0.01660237162791882,-0.016834743128265203,-0.007677148001010655,0.5303030303030303
2025-07-01,Germany,Germany,-0.013403595798375363,0.010986971959205238,0.008280648755355023,0.00867120290564197,0.011335510379877824,0.6666666666666667
2025-07-01,Hong Kong,Hong Kong,-0.00913963913833185,0.012970262358121109,0.012058075503635194,0.011855606217481173,0.012838602432674151,0.9090909090909092
2025-07-01,Indonesia,Indonesia,-0.004312638156046524,-0.016529708753329635,-0.013441051639353559,-0.013843019632628408,-0.01658582757779696,0.2878787878787879
2025-07-01,Italy,Italy,-0.012583938307048431,-0.02589820594961577,-0.022056967362733288,-0.02206616795794294,-0.02582704243005768,0.8333333333333333
2025-07-01,Japan,Japan,-0.01070286487147812,-0.011369439058924385,-0.011438651754413956,-0.012284390864549521,-0.012294465896911862,0.5454545454545454
2025-07-01,Korea,Korea,-0.00456662554670641,-0.006877401209070582,-0.005801627102796733,-0.007545213694109241,-0.00853862835970761,0.5303030303030303
2025-07-01,Malaysia,Malaysia,-0.006117245696183647,-0.029906146017984636,-0.028213101663450257,-0.028372309035052015,-0.030225662216917536,0.5606060606060607
2025-07-01,Mexico,Mexico,-0.010861680180995474,-0.024952299639179096,-0.026775389864780282,-0.026969121899683403,-0.025281654437023782,0.43939393939393945
2025-07-01,NASDAQ,US,-0.00717266123567973,0.04331430152554311,0.04282046253077601,0.04165379056545564,0.04217128297928095,0.2121212121212121
2025-07-01,Netherlands,Netherlands,-0.007534855426523997,0.015875332430676993,0.014636022623863855,0.014366754832080598,0.01567632467573594,0.15151515151515152
2025-07-01,Philippines,Philippines,-0.009598035764879905,-0.03808563078142703,-0.036280479667236534,-0.03572607217066305,-0.03766783833975704,0.5454545454545454
2025-07-01,Poland,Poland,-0.011362630628344954,-0.02361714752490976,-0.025131889513314482,-0.02483533591233972,-0.023404418991177917,0.7272727272727273
2025-07-01,Saudi Arabia,Saudi Arabia,-0.013630390294947014,-0.03423921748526673,-0.038328149868320546,-0.039205833044778454,-0.03510582036367614,0.25757575757575757
2025-07-01,Singapore,Singapore,-0.0128571805478533,0.015967273366031563,0.014848433114915498,0.013982927418999563,0.015000239568674655,0.7575757575757576
2025-07-01,South Africa,South Africa,-0.012518651875727906,-0.05631088460506285,-0.05071333563054278,-0.05014480300722056,-0.05597568248827833,0.6666666666666667
2025-07-01,Spain,Spain,-0.013105523353259206,-0.023002831707070837,-0.020854600280994045,-0.020646119738636136,-0.022837347133285106,0.8181818181818181
2025-07-01,Sweden,Sweden,-0.010431703235330101,0.004857884808757569,0.004686907333081311,0.005199230911371443,0.005396451979570654,0.36363636363636365
2025-07-01,Switzerland,Switzerland,-0.011956807946186011,0.017947860175027242,0.01825095843615396,0.0172686333749654,0.017123410590316225,0.3787878787878788
2025-07-01,Taiwan,Taiwan,-0.004315279919252398,0.015656813783593335,0.01714080227007065,0.01612119659361527,0.014729443700899039,0.19696969696969696
2025-07-01,Thailand,Thailand,-0.008435219007416069,-0.006524773601033462,-0.005551055584716922,-0.00697270404158349,-0.007677503839766229,0.5909090909090909
2025-07-01,Turkey,Turkey,-0.010884423685947702,-0.04683028543513776,-0.04201481256124737,-0.042142450826267594,-0.04689073276371822,0.5303030303030303
2025-07-01,U.K.,U.K.,-0.010764150921086735,0.008088179074109572,0.007057902346458917,0.007272809708272189,0.008324437390434168,0.5606060606060606
2025-07-01,U.S.,US,-0.008104428314194124,0.04273257622004854,0.041976507824301026,0.0408270021838657,0.04158655221659273,0.25757575757575757
2025-07-01,US SmallCap,US,-0.006999990672328663,0.04462602633659257,0.04551207317308238,0.04452111504220198,0.04373526281574118,0.42424242424242425
2025-07-01,Vietnam,Vietnam,-0.01147075875683495,-0.008508468082142527,-0.004101389813552613,-0.004552246607336156,-0.009079411915371855,0.4545454545454546
2025-08-01,Australia,Australia,-0.007358262696427888,-0.0313362993644143,-0.02911690995057887,-0.02983978627030779,-0.03221309972592412,0.3181818181818182
2025-08-01,Brazil,Brazil,-0.009839601832226652,-0.03396886758778765,-0.028034174449658927,-0.02913184268355559,-0.03476494069778112,0.6363636363636364
2025-08-01,Canada,Canada,-0.010659278789201705,0.00034278500017903123,-0.0023288253197074373,-0.002270415861061122,0.0002195117337138973,0.5
2025-08-01,Chile,Chile,-0.01578575148647225,-0.04770250687705753,-0.046165567669933155,-0.04512556393582251,-0.04688014285123712,0.8333333333333333
2025-08-01,ChinaA,China,-0.007878774763125594,-0.032398808346211866,-0.03193632263471538,-0.032353429464973826,-0.03247756073686378,0.8636363636363636
2025-08-01,ChinaH,China,-0.007569543887254331,-0.032347050733641636,-0.03218137056926168,-0.03190162049201814,-0.031814000487268915,0.8181818181818181
2025-08-01,Denmark,Denmark,0.004436863622772071,0.04487871138779058,0.0472865428211751,0.04052913484639155,0.03893253135535518,0.09090909090909091
2025-08-01,France,France,-0.011769422876379802,-0.01835212576782482,-0.028280943617189774,-0.028112147179480386,-0.018561166584395074,0.4696969696969697
2025-08-01,Germany,Germany,-0.012650526556501625,0.0057959803009509595,0.0018981842586102918,0.0019429746658565401,0.005554588974701367,0.6666666666666666
2025-08-01,Hong Kong,Hong Kong,-0.009677685517432106,0.009108588342866973,0.007123194659166063,0.007159998233246565,0.009170208989738225,0.9090909090909092
2025-08-01,Indonesia,Indonesia,-0.0028011663344396586,-0.02823606077770914,-0.024689275322949397,-0.02480590931688519,-0.028119355527726212,0.24242424242424243
2025-08-01,Italy,Italy,-0.01188741779939606,-0.03561956311955085,-0.03197799755659762,-0.03209050450672775,-0.03580727404850059,0.7272727272727273
2025-08-01,Japan,Japan,-0.011124681748195777,-0.015035397704473548,-0.01938434197418924,-0.01899403335339544,-0.01544315980048374,0.48484848484848486
2025-08-01,Korea,Korea,-0.0052042264508859225,-0.022292084530983292,-0.020192000638360904,-0.02134547935483242,-0.023510604119856966,0.6363636363636364
2025-08-01,Malaysia,Malaysia,-0.006179480557254059,-0.04121468021567451,-0.038255827377249335,-0.0382976949779642,-0.04148711937674043,0.5757575757575758
2025-08-01,Mexico,Mexico,-0.010440182515947492,-0.02765432082110922,-0.03034408083740413,-0.030366889693471868,-0.027856174753229792,0.3787878787878788
2025-08-01,NASDAQ,US,-0.0077280818627358285,0.04120405987325791,0.04047252521060128,0.03931340810904024,0.04001192713350436,0.3181818181818182
2025-08-01,Netherlands,Netherlands,-0.008110260491964255,0.008642377805862295,0.00634268176464357,0.006063064786396068,0.00822301968127397,0.19696969696969696
2025-08-01,Philippines,Philippines,-0.008544266072393752,-0.04300937959744644,-0.04081421109305078,-0.04015913808660669,-0.04247294070833371,0.45454545454545453
2025-08-01,Poland,Poland,-0.012534637275278739,-0.029556234959124093,-0.03155956451537992,-0.03111107398560201,-0.029344689302067312,0.8484848484848485
2025-08-01,Saudi Arabia,Saudi Arabia,-0.014095538031096038,-0.045325265652772714,-0.046713076612913546,-0.04699135280957312,-0.04562516738851477,0.24242424242424243
2025-08-01,Singapore,Singapore,-0.012297067939609576,0.011864152478600822,0.009553747859058118,0.008691599456422753,0.010801209634149444,0.7272727272727273
2025-08-01,South Africa,South Africa,-0.01209526784030703,-0.055341440762783176,-0.050577952275612,-0.050076819851410576,-0.05508046536393958,0.6212121212121212
2025-08-01,Spain,Spain,-0.01241420851861378,-0.03475150551897585,-0.03217809326075867,-0.032028176669626054,-0.03479752096566108,0.8181818181818181
2025-08-01,Sweden,Sweden,-0.009948185639666717,0.0006982001717545103,-0.0008864005409096693,-0.0007092443142746076,0.0006940387586926245,0.36363636363636365
2025-08-01,Switzerland,Switzerland,-0.011812162631810137,0.0012691195644620986,-0.0010817392382509623,-0.0020465543593949833,0.00020763997829321805,0.2272727272727273
2025-08-01,Taiwan,Taiwan,-0.005533066389462021,0.0012784869371529834,0.0012662946152672775,0.0008928283476478758,0.0008081164652153326,0.3787878787878788
2025-08-01,Thailand,Thailand,-0.003849712829799107,-0.018734694284756055,-0.018332507158441265,-0.019937756271525192,-0.02028253603935945,0.36363636363636365
2025-08-01,Turkey,Turkey,-0.010328291233409288,-0.04836186635216411,-0.04317289741157264,-0.043141755394505196,-0.04827748791632093,0.5303030303030303
2025-08-01,U.K.,U.K.,-0.009921167839690194,0.004084586230287186,0.0014826231010624871,0.0015890941447956244,0.004058741117621233,0.5151515151515151
2025-08-01,U.S.,US,-0.008351910230384075,0.04063425821058152,0.03967000666374754,0.038508853620813854,0.03942502191645894,0.303030303030303
2025-08-01,US SmallCap,US,-0.008153097740427856,0.041131428743460915,0.041703073614332384,0.04069323901482362,0.04017047538103306,0.3787878787878788
2025-08-01,Vietnam,Vietnam,-0.008154136140131002,-0.014650897483291273,-0.007618194052616592,-0.007870186963200486,-0.01491916834653093,0.5606060606060606
2025-09-01,Australia,Australia,-0.006467556022768476,-0.031293306833752366,-0.02755841379259993,-0.028234786364386293,-0.03203452334445404,0.33333333333333337
2025-09-01,Brazil,Brazil,-0.00753578585826047,-0.03794424166112398,-0.030442810749936013,-0.03055847402752011,-0.0377756633503135,0.5303030303030303
2025-09-01,Canada,Canada,-0.009286878104281013,-4.187148572585078e-05,-0.0021610430991500645,-0.0019582336213690025,7.136443774408661e-05,0.42424242424242425
2025-09-01,Chile,Chile,-0.01258288224451744,-0.049176057216153035,-0.04638594666205881,-0.045336622713214564,-0.04824993439281347,0.7272727272727273
2025-09-01,ChinaA,China,-0.007741438597774385,-0.025084513311844678,-0.025814808210639324,-0.025497832609029845,-0.024564317889072977,0.9393939393939394
2025-09-01,ChinaH,China,-0.007930573158579743,-0.025047204015724838,-0.025814843199031174,-0.025485836605613117,-0.02451991692610934,0.8636363636363636
2025-09-01,Denmark,Denmark,0.006249455595515463,0.04616334012967993,0.048478316081168274,0.04531798904498739,0.04350253963041917,0.07575757575757576
2025-09-01,France,France,-0.011119981180296508,-0.0034857819230837907,-0.016814551353402037,-0.016683052736112147,-0.003658459074084441,0.48484848484848486
2025-09-01,Germany,Germany,-0.011906265099306791,0.007273244498399896,0.004286394886432503,0.004525352525021852,0.007381008910252996,0.6666666666666666
2025-09-01,Hong Kong,Hong Kong,-0.009295170705392259,-0.0004589483646966364,-0.004727101196251214,-0.004518404289932144,-0.00048477708611116034,0.893939393939394
2025-09-01,Indonesia,Indonesia,-0.0018782191692205685,-0.027730238486043893,-0.02447077080499799,-0.024813242321008174,-0.027561721591819178,0.19696969696969696
2025-09-01,Italy,Italy,-0.010986799899833576,-0.03027394831934805,-0.026846294812443734,-0.02715314421791606,-0.030612864203846187,0.7121212121212122
2025-09-01,Japan,Japan,-0.007976742844419371,-0.021194134992843307,-0.023010207873574696,-0.024055092231693824,-0.022575224048880942,0.5
2025-09-01,Korea,Korea,-0.005863413724441169,-0.0308927713642912,-0.028867111582307512,-0.028983913817505952,-0.03100830350661089,0.7424242424242424
2025-09-01,Malaysia,Malaysia,-0.007953217169903843,-0.048052433915305906,-0.04414814951517633,-0.04380068955024116,-0.047833548715008584,0.5151515151515151
2025-09-01,Mexico,Mexico,-0.011931755060267654,-0.032156034309054074,-0.0315569287743236,-0.03093128031837396,-0.03148561865807395,0.4545454545454546
2025-09-01,NASDAQ,US,-0.007469563042773776,0.039659967257460585,0.03888808977796862,0.03841630113715909,0.03926787886670095,0.36363636363636365
2025-09-01,Netherlands,Netherlands,-0.007365422304127116,0.008161129192242428,0.006865082987013996,0.007007482941486226,0.008329231964345502,0.19696969696969696
2025-09-01,Philippines,Philippines,-0.008789192514932027,-0.041519049110649034,-0.03968029133309217,-0.039371316348792096,-0.041149173675816234,0.393939393939394
2025-09-01,Poland,Poland,-0.012023635451863864,-0.03166859903845286,-0.032434500226597496,-0.03165192909078815,-0.031011284006400398,0.8787878787878788
2025-09-01,Saudi Arabia,Saudi Arabia,-0.014040925590788032,-0.042903759350516726,-0.04382406561483512,-0.046567062804262635,-0.0453452573263544,0.30303030303030304
2025-09-01,Singapore,Singapore,-0.011055935181041986,0.00720489787401132,0.004975132150034648,0.004580113405707683,0.006689930344918434,0.6666666666666667
2025-09-01,South Africa,South Africa,-0.010654135341515106,-0.05847273901385659,-0.052206960326125734,-0.05158653876082277,-0.05800129292083166,0.5757575757575758
2025-09-01,Spain,Spain,-0.01117062781271302,-0.03096824523548682,-0.028741025079978867,-0.028423596665885283,-0.030725781179616586,0.7575757575757576
2025-09-01,Sweden,Sweden,-0.00874984751355614,0.001789843236110626,0.0008596968267023629,0.0011158787105167312,0.001946167994007061,0.30303030303030304
2025-09-01,Switzerland,Switzerland,-0.01061834254278438,0.00399821766437824,0.0027075315493487045,0.001737595794728871,0.0030962308401233825,0.2121212121212121
2025-09-01,Taiwan,Taiwan,-0.005437079046895757,-0.009247118916069316,-0.009957936945895491,-0.00973730165774829,-0.00922044322195909,0.3939393939393939
2025-09-01,Thailand,Thailand,-0.00559106277111292,-0.024418190025049313,-0.02411748460086482,-0.024821059212351476,-0.024911442610442723,0.5151515151515151
2025-09-01,Turkey,Turkey,-0.0120485894525284,-0.04921684430087454,-0.04402836180793383,-0.044323643202213325,-0.04939719619907244,0.5757575757575758
2025-09-01,U.K.,U.K.,-0.009042922646789171,0.006647337283473182,0.004429373787805743,0.004490844960636392,0.006659216546559469,0.45454545454545453
2025-09-01,U.S.,US,-0.008149427053693235,0.039040505039513715,0.03843595188389132,0.038001271085191565,0.03869672977206705,0.2727272727272727
2025-09-01,US SmallCap,US,-0.007157871189099701,0.040149321134750254,0.04096284920007462,0.040638394335349104,0.04000609104465465,0.43939393939393945
2025-09-01,Vietnam,Vietnam,-0.0074834302083829525,-0.0161877322086727,-0.008601711676397724,-0.008117268042825872,-0.015596837270788385,0.6363636363636364
2025-10-01,Australia,Australia,-0.0068620785097049134,-0.020987347897819954,-0.02128829111789895,-0.022287795495149854,-0.022122783991482594,0.25757575757575757
2025-10-01,Brazil,Brazil,-0.00842680282166157,-0.03437339501688335,-0.026737814985345994,-0.027136014983895024,-0.03457550334978558,0.6212121212121212
2025-10-01,Canada,Canada,-0.009171373744025246,-0.0011144106226243615,-0.0033312252815157588,-0.003296115712252511,-0.0012508372866236756,0.48484848484848486
2025-10-01,Chile,Chile,-0.013659665742332478,-0.05041125388758701,-0.04790291683526983,-0.04671704454856765,-0.049398059859704316,0.8787878787878788
2025-10-01,ChinaA,China,-0.009790561235162136,-0.03203196506982291,-0.03131969343494477,-0.03144224289515077,-0.03213716022095059,0.7272727272727273
2025-10-01,ChinaH,China,-0.009666218817935626,-0.03203859802145545,-0.03153233153854533,-0.0316834786233694,-0.032184502354235825,0.6363636363636364
2025-10-01,Denmark,Denmark,0.00358861373188242,0.047506856984609394,0.04952029288060081,0.04771550078937163,0.046085916576355884,0.10606060606060606
2025-10-01,France,France,-0.010533409574651008,-0.004252620896762638,-0.0180205357322114,-0.017879578858864886,-0.004449428491934307,0.3939393939393939
2025-10-01,Germany,Germany,-0.011331046931606328,0.003599144281666442,0.0007388609627776294,0.0009395794601069138,0.0036357067293264385,0.6818181818181819
2025-10-01,Hong Kong,Hong Kong,-0.010502661840747298,-0.012621391277281097,-0.015912572013118804,-0.015672651157638023,-0.012701295231608577,0.7878787878787878
2025-10-01,Indonesia,Indonesia,-0.001439036860217754,-0.02049645548352974,-0.02043614247823803,-0.019586215640398297,-0.019224535472395433,0.19696969696969696
2025-10-01,Italy,Italy,-0.011536717006895254,-0.03452771257296594,-0.03106490561355888,-0.031224543062673218,-0.03475055030687266,0.7878787878787878
2025-10-01,Japan,Japan,-0.009208013820362466,-0.016621963630486944,-0.01890114482546054,-0.018971610771330333,-0.017313549537074716,0.5606060606060606
2025-10-01,Korea,Korea,-0.004790624149857838,-0.026054859516649827,-0.026331108714126562,-0.026819171076350064,-0.026630366621129796,0.7272727272727273
2025-10-01,Malaysia,Malaysia,-0.00778635550748307,-0.04371493879980476,-0.04239595640748152,-0.042351775536916644,-0.04387663889052426,0.48484848484848486
2025-10-01,Mexico,Mexico,-0.0101869790166627,-0.03481515446161699,-0.03267026876344695,-0.03185803574850017,-0.033934599518809554,0.5151515151515151
2025-10-01,NASDAQ,US,-0.006742490955842669,0.040799440833953246,0.03953863286966747,0.038900232389417436,0.04022666108707458,0.34848484848484845
2025-10-01,Netherlands,Netherlands,-0.004138310046711131,0.008324608919298948,0.006594237548846863,0.00613804697280745,0.007784372689480448,0.19696969696969696
2025-10-01,Philippines,Philippines,-0.009008735863997395,-0.04153646236776744,-0.040362439279861384,-0.040274992479925234,-0.041368838626767004,0.42424242424242425
2025-10-01,Poland,Poland,-0.011965851525276208,-0.02879800087463313,-0.030258303077316067,-0.029429490299300705,-0.028058591549063653,0.8787878787878788
2025-10-01,Saudi Arabia,Saudi Arabia,-0.00853447884962463,-0.03600541500754274,-0.039796792833114256,-0.040630515051206295,-0.03676524568299573,0.25757575757575757
2025-10-01,Singapore,Singapore,-0.011321564507050925,0.001837935560525911,-0.001074997664166774,-0.0007033506517265774,0.0021965716148145773,0.696969696969697
2025-10-01,South Africa,South Africa,-0.008972051598918859,-0.06719461767721487,-0.05941075537512763,-0.058469241915029724,-0.06642960372436757,0.5909090909090908
2025-10-01,Spain,Spain,-0.01109506242873494,-0.034668944131091436,-0.03217708108702577,-0.03191362538555753,-0.03449810300658411,0.7878787878787878
2025-10-01,Sweden,Sweden,-0.008921927376982944,0.0011303316328136808,-0.0005938941400291083,-0.0004648922884412524,0.0010551946003838596,0.2878787878787879
2025-10-01,Switzerland,Switzerland,-0.012090853106222706,0.0010908563428860983,7.698894448181746e-05,-0.00016239359711182552,0.0010254590633667453,0.2121212121212121
2025-10-01,Taiwan,Taiwan,-0.004117338383334503,-0.01867956691066616,-0.019041795370266585,-0.017605877778962643,-0.01729753146880122,0.3333333333333333
2025-10-01,Thailand,Thailand,-0.00586775991443886,-0.02212116409063285,-0.02305749017753927,-0.023702684483245622,-0.022494067562823985,0.42424242424242425
2025-10-01,Turkey,Turkey,-0.011886926968992222,-0.04928988598396622,-0.04413637494478058,-0.044622644799332534,-0.04957242342762344,0.6060606060606061
2025-10-01,U.K.,U.K.,-0.009539637137758034,0.005818826393818399,0.003167315177517987,0.0029958310383283292,0.005502571306237967,0.5909090909090909
2025-10-01,U.S.,US,-0.007648024968865685,0.04009351088125408,0.038959330611898366,0.03836679771180518,0.03957375553510395,0.2727272727272727
2025-10-01,US SmallCap,US,-0.007351275300885187,0.04124677495231416,0.04143251213459996,0.040888753251651797,0.040861286069823616,0.48484848484848486
2025-10-01,Vietnam,Vietnam,-0.00872400122375425,-0.015836535660868435,-0.01134717887050761,-0.010758860436171396,-0.014952486436528996,0.7575757575757576
2025-11-01,Australia,Australia,-0.008782608290596117,-0.03312065387920375,-0.029509273755680455,-0.030071213881269838,-0.033707999993250345,0.2272727272727273
2025-11-01,Brazil,Brazil,-0.00991841605861898,-0.036375346303016684,-0.030067756687984833,-0.02999140831717832,-0.03616867420445706,0.6515151515151515
2025-11-01,Canada,Canada,-0.010670979436245988,-0.00025999193514024063,-0.0018337206024443067,-0.0016072183889202308,-0.00013605524777100808,0.4090909090909091
2025-11-01,Chile,Chile,-0.01493331115252556,-0.04364748151912011,-0.04179203473187873,-0.04084395420030916,-0.04286909327734596,0.803030303030303
2025-11-01,ChinaA,China,-0.011694017968908139,-0.02889735781237444,-0.027872046260391747,-0.027751436781264564,-0.028674923360336592,0.8484848484848485
2025-11-01,ChinaH,China,-0.011741714482238888,-0.0288714522215914,-0.027877260596357558,-0.027754891014496144,-0.028650128973388346,0.7424242424242424
2025-11-01,Denmark,Denmark,0.002801064660905647,0.04729846879427756,0.04938543634256286,0.04872493296691967,0.04690131821863239,0.1515151515151515
2025-11-01,France,France,-0.013204899004983651,-0.012945668164336756,-0.023899337265359626,-0.02367567776011099,-0.013079463113891313,0.41666666666666663
2025-11-01,Germany,Germany,-0.012415647532440371,0.00010966786871972022,-0.002171127615215601,-0.0017221102867811498,0.00042611129234241575,0.5909090909090908
2025-11-01,Hong Kong,Hong Kong,-0.012598229689268513,-0.012240810003304358,-0.015785073009935067,-0.01537119025042213,-0.012124171515906758,0.7575757575757576
2025-11-01,Indonesia,Indonesia,-0.0009968633600448747,-0.028059519403415698,-0.02510957816575363,-0.024305794703971685,-0.02683816935880685,0.18181818181818182
2025-11-01,Italy,Italy,-0.012142167599093017,-0.03868284897017783,-0.03382313948235034,-0.03372490934784851,-0.03858085509661069,0.7121212121212122
2025-11-01,Japan,Japan,-0.010817662304734299,-0.022127918882376297,-0.02483705503349042,-0.025621603282565315,-0.023267462727588614,0.5
2025-11-01,Korea,Korea,-0.0019088633048197018,-0.020371733536403355,-0.01969036436326439,-0.020617150757156602,-0.021343979749243486,0.7878787878787878
2025-11-01,Malaysia,Malaysia,-0.015193225977405944,-0.0546718845996447,-0.05262764041209736,-0.051915646152720055,-0.05423382160204365,0.5454545454545454
2025-11-01,Mexico,Mexico,-0.01312063157577777,-0.035195598349750896,-0.03322627719531456,-0.032113305451823795,-0.03406531007340678,0.6212121212121212
2025-11-01,NASDAQ,US,-0.007264054706188725,0.04039583778980141,0.039195454306966665,0.0387807542119661,0.040088870934933116,0.2727272727272727
2025-11-01,Netherlands,Netherlands,-0.009729558468595637,0.003944928230885518,0.0020261151035744617,0.0018461490077579298,0.003596910368563454,0.3787878787878788
2025-11-01,Philippines,Philippines,-0.009378520387293874,-0.040952070385070455,-0.03930329349572914,-0.038813970238378154,-0.04039551042882368,0.4545454545454546
2025-11-01,Poland,Poland,-0.01454761996486992,-0.03334862305069235,-0.03462666457646178,-0.033590596069950164,-0.03244518576294153,0.8636363636363636
2025-11-01,Saudi Arabia,Saudi Arabia,-0.009277336900673913,-0.040057997715903515,-0.04124700641022007,-0.040629331241348474,-0.039451470671007224,0.24242424242424243
2025-11-01,Singapore,Singapore,-0.01243592334934535,-0.0009990558357716728,-0.003564502281171767,-0.0029110581260692325,-0.00037663637434878945,0.6742424242424243
2025-11-01,South Africa,South Africa,-0.010962754705987546,-0.07198757803685908,-0.06332801099678262,-0.062144011724207596,-0.07101436103815612,0.6666666666666666
2025-11-01,Spain,Spain,-0.013489167429700868,-0.041607440804896784,-0.03725507681104899,-0.03664226611619996,-0.04105034586053431,0.7878787878787878
2025-11-01,Sweden,Sweden,-0.013011460690565971,-0.004549523276040699,-0.005888917241221965,-0.005227991879274194,-0.0040448947213445954,0.30303030303030304
2025-11-01,Switzerland,Switzerland,-0.017299039850277233,0.0017718676755738702,0.0006581222416529187,-1.0794207198587882e-05,0.0011636306827714962,0.21212121212121213
2025-11-01,Taiwan,Taiwan,-0.0034789476457252597,-0.012527712211936434,-0.012696032305195752,-0.012000878043952059,-0.011905189933231433,0.2878787878787879
2025-11-01,Thailand,Thailand,-0.006282592527945151,-0.01730652839311539,-0.01711059407480964,-0.01843492198543326,-0.018428734627871535,0.3939393939393939
2025-11-01,Turkey,Turkey,-0.013565487585929834,-0.0391856121641546,-0.03467787633258643,-0.0351429991649288,-0.03952893809123735,0.6060606060606061
2025-11-01,U.K.,U.K.,-0.01307146052827993,0.005721420196653965,0.0032747706359847195,0.0033916921376884977,0.005757350028593547,0.5303030303030303
2025-11-01,U.S.,US,-0.008339619410464419,0.039588746084795345,0.03852551885537443,0.03816549048390423,0.03934370018044506,0.21212121212121213
2025-11-01,US SmallCap,US,-0.00799539441888248,0.04072748881205672,0.041262754508429256,0.04086604272498673,0.040560068538076546,0.45454545454545453
2025-11-01,Vietnam,Vietnam,-0.008744972743859422,-0.019817264808868924,-0.013747759540118346,-0.011759241003615315,-0.01753031982983886,0.7121212121212122
2025-12-01,Australia,Australia,-0.008136128131437173,-0.019761462031039543,-0.01915028675302552,-0.02008610889733567,-0.020775840949405,0.2272727272727273
2025-12-01,Brazil,Brazil,-0.011287999851464468,-0.02933543381238317,-0.02516774261429047,-0.0251576664424565,-0.029242024786236113,0.6818181818181819
2025-12-01,Canada,Canada,-0.010125547979945818,0.0017131254779329105,0.00025480135840841387,0.0003379782791061471,0.0017302789958480204,0.2878787878787879
2025-12-01,Chile,Chile,-0.016066611468432496,-0.051856396124473375,-0.04957412869424646,-0.048358838295397916,-0.05091354984745962,0.7424242424242424
2025-12-01,ChinaA,China,-0.012124290979331525,-0.02562979234788799,-0.02715203352922088,-0.026850264428955602,-0.02528007137294198,0.8333333333333334
2025-12-01,ChinaH,China,-0.011963477894092104,-0.025590554196491564,-0.027209537000670195,-0.0269267543642762,-0.02526492074391404,0.696969696969697
2025-12-01,Denmark,Denmark,0.0029305233181438177,0.04705535884398965,0.04901354567473702,0.04798654670416547,0.04633033152552511,0.1515151515151515
2025-12-01,France,France,-0.014802036563193533,-0.029327637014477253,-0.0367733353712968,-0.036138485673473275,-0.02903893137801324,0.4393939393939394
2025-12-01,Germany,Germany,-0.011989521262886556,0.0004976592162276383,-0.0018390757215054473,-0.0014828973308502911,0.0007181430146193674,0.5454545454545454
2025-12-01,Hong Kong,Hong Kong,-0.013655608142795098,-0.007641940816607962,-0.011598220614362425,-0.011169560569970023,-0.0074466609772333,0.803030303030303
2025-12-01,Indonesia,Indonesia,-0.0026520623820944027,-0.03060258951242571,-0.02901591720843834,-0.028088513421554124,-0.029392391230528885,0.18181818181818182
2025-12-01,Italy,Italy,-0.014461303143879724,-0.04076305185716672,-0.03586979805911862,-0.03578268079937022,-0.04073444138855099,0.7878787878787878
2025-12-01,Japan,Japan,-0.01090579458022076,-0.008464111420454406,-0.014453475268295515,-0.015610511629363222,-0.0100706598373461,0.5151515151515151
2025-12-01,Korea,Korea,-0.0047933210861921755,-0.017139375351567787,-0.017039361558351975,-0.017644585001662876,-0.01785678646218654,0.9393939393939394
2025-12-01,Malaysia,Malaysia,-0.015513630404777011,-0.050529818281391636,-0.04891322901189213,-0.047783990520709516,-0.049522075984113526,0.5909090909090908
2025-12-01,Mexico,Mexico,-0.013922570765095855,-0.0302249974604766,-0.029803152298106487,-0.029200138169685218,-0.02976847553296077,0.5606060606060606
2025-12-01,NASDAQ,US,-0.006848887897208603,0.04096256928953419,0.039172152840960026,0.03856796630154659,0.04039970893545285,0.24242424242424243
2025-12-01,Netherlands,Netherlands,-0.009880097049894877,0.0027721658730390317,0.0008475873294694859,0.000938289327683862,0.0027308896763781655,0.40909090909090906
2025-12-01,Philippines,Philippines,-0.011794641629600179,-0.038187888359442715,-0.038483523180891294,-0.03842504348087741,-0.038311949216201,0.4545454545454546
2025-12-01,Poland,Poland,-0.01543114717774145,-0.03258992879735759,-0.03346390323763755,-0.03219014939905256,-0.031415402014410884,0.893939393939394
2025-12-01,Saudi Arabia,Saudi Arabia,-0.007872002004455918,-0.00019897879136464552,-0.0035415598615750974,-0.006968911359488876,-0.003299324743633417,0.33333333333333337
2025-12-01,Singapore,Singapore,-0.012104455426152582,-0.0005790321388087789,-0.0033999014629071574,-0.0024772195219452497,0.00038110738133450076,0.5151515151515151
2025-12-01,South Africa,South Africa,-0.012440259705014233,-0.07055674875235202,-0.06151330894999811,-0.06024655438199468,-0.06944766961103088,0.6060606060606061
2025-12-01,Spain,Spain,-0.015515976698621028,-0.04546038191578769,-0.040500716797719646,-0.03980683463724298,-0.044869573590249054,0.7575757575757576
2025-12-01,Sweden,Sweden,-0.013864359849277844,-0.004813052677627909,-0.00579661918868346,-0.005081378633705077,-0.004272543116988997,0.33333333333333337
2025-12-01,Switzerland,Switzerland,-0.017246040122508424,0.0031177233190180856,0.0013761823834739454,0.0006499181944829829,0.0023609107928272612,0.22727272727272727
2025-12-01,Taiwan,Taiwan,-0.004708524173214517,-0.006471071438784939,-0.00689124380801725,-0.0063380147068141665,-0.00594493889591463,0.42424242424242425
2025-12-01,Thailand,Thailand,-0.008108722474522835,-0.03421677498834742,-0.03553148663726434,-0.035399652375755555,-0.03407858717483049,0.4545454545454546
2025-12-01,Turkey,Turkey,-0.013143585965127394,-0.0374170032379309,-0.03280050322425888,-0.032782833013839004,-0.03740241862128808,0.5606060606060606
2025-12-01,U.K.,U.K.,-0.012743946773383925,0.002514783600163951,0.0002666103497967042,0.0005367976218068017,0.0026738586930022765,0.5
2025-12-01,U.S.,US,-0.008509370885590445,0.03971366852229065,0.03833959361161307,0.037838759792890184,0.039278824083292405,0.18181818181818182
2025-12-01,US SmallCap,US,-0.009527636923430947,0.039720742421987795,0.03974927279308477,0.03918848974350202,0.0393313584005381,0.40909090909090906
2025-12-01,Vietnam,Vietnam,-0.009238535046573742,-0.018368035390480784,-0.012523118181420973,-0.011931622878553406,-0.017347864358359878,0.7121212121212122
2026-01-01,Australia,Australia,-0.010662090040965832,-0.027156544215287768,-0.02562305635879829,-0.02634885826623565,-0.027992529702785828,0.24242424242424243
2026-01-01,Brazil,Brazil,-0.015189996383473188,-0.026951498971381705,-0.021765139064845337,-0.021706076734725615,-0.02675576817471125,0.8636363636363636
2026-01-01,Canada,Canada,-0.014912858231540127,0.00470777609051283,0.001799441611134967,0.0019410408149082257,0.004725645122624862,0.4393939393939394
2026-01-01,Chile,Chile,-0.01696781387982248,-0.05305857141454216,-0.0496429853444926,-0.04836192329993717,-0.05202988495305502,0.7272727272727273
2026-01-01,ChinaA,China,-0.011154144968984904,-0.02432720261705117,-0.024696249736175943,-0.023775446205694804,-0.02316001863261648,0.7575757575757576
2026-01-01,ChinaH,China,-0.011160298470747428,-0.024276203976398483,-0.02458769648523552,-0.023658757102210364,-0.023097790112923976,0.6818181818181819
2026-01-01,Denmark,Denmark,0.0003822723090262572,0.04137099228519005,0.04373146404818892,0.03925969841931015,0.03748125062996352,0.1515151515151515
2026-01-01,France,France,-0.014759144744595882,-0.03421975488494179,-0.03978243254519288,-0.03887456294170509,-0.0335885406177041,0.4242424242424242
2026-01-01,Germany,Germany,-0.012092244986279983,0.0023025362387069665,8.955037530280693e-06,0.0002883792566480813,0.002445510844114823,0.5303030303030303
2026-01-01,Hong Kong,Hong Kong,-0.013900124585882998,-0.0029382813527096805,-0.0050834900758376525,-0.00405921154905246,-0.0018404503144789164,0.8333333333333334
2026-01-01,Indonesia,Indonesia,-0.0034896862206991106,-0.03339653531747459,-0.03191409344700631,-0.030964687083666103,-0.032205576737354996,0.24242424242424243
2026-01-01,Italy,Italy,-0.014475399873773599,-0.03908853557698273,-0.03436500835963438,-0.034228891983330706,-0.039018982765778226,0.7272727272727273
2026-01-01,Japan,Japan,-0.01097995003677018,-0.0038486549135564015,-0.014024416249420704,-0.015473963469542698,-0.005914454004867621,0.48484848484848486
2026-01-01,Korea,Korea,-0.0059014138015062905,-0.019304866805140652,-0.01908595915794763,-0.018979787079304,-0.019144083751803955,0.8636363636363636
2026-01-01,Malaysia,Malaysia,-0.012199328945313597,-0.058673858758158795,-0.05621228060049287,-0.054839857987607626,-0.05740458881351569,0.5454545454545454
2026-01-01,Mexico,Mexico,-0.015631815668937205,-0.03262757954446427,-0.031867214156545434,-0.031236563452513317,-0.03217195725926619,0.5606060606060606
2026-01-01,NASDAQ,US,-0.006605502752921721,0.03951423754748683,0.03825629940531455,0.03783370287433188,0.03911314750351902,0.19696969696969696
2026-01-01,Netherlands,Netherlands,-0.009672424808680637,0.0009836247172243734,-0.0010133649690945278,-0.0002486088218511158,0.001771789410667057,0.3787878787878788
2026-01-01,Philippines,Philippines,-0.012038100441068452,-0.03920492184172217,-0.038579280931686666,-0.03897808826121227,-0.0398771762506185,0.5
2026-01-01,Poland,Poland,-0.01566963184496143,-0.034786885852292254,-0.035528677851879076,-0.033943902807840806,-0.03328753783707345,0.8484848484848484
2026-01-01,Saudi Arabia,Saudi Arabia,-0.006853204747844648,-0.02901918313376696,-0.03174949499317306,-0.03750218650359484,-0.034056418928115124,0.25757575757575757
2026-01-01,Singapore,Singapore,-0.012934758738583284,-0.006145251992559412,-0.008473793585642098,-0.00705239697565656,-0.00464022213286037,0.5606060606060606
2026-01-01,South Africa,South Africa,-0.015426875200867721,-0.07190805128197378,-0.06317130106692342,-0.06140449660510247,-0.07022499505370748,0.6212121212121212
2026-01-01,Spain,Spain,-0.017533859755168527,-0.04344494005775995,-0.03892650646763647,-0.03835475699555868,-0.04297886356985302,0.7424242424242424
2026-01-01,Sweden,Sweden,-0.0146106907977057,-0.007094555331764911,-0.007940849564755562,-0.006731461133721624,-0.0059853914852290024,0.33333333333333337
2026-01-01,Switzerland,Switzerland,-0.02063593310645374,0.0042467517085561755,0.0021089207325797766,0.0019532269713432426,0.0038026271201043026,0.2727272727272727
2026-01-01,Taiwan,Taiwan,-0.0035463965733516936,-0.01732281692543906,-0.01666494974457667,-0.014259469229128074,-0.014668038228580323,0.30303030303030304
2026-01-01,Thailand,Thailand,-0.008156857060305169,-0.01733081573157194,-0.017502197215179878,-0.018428156758938094,-0.01809042754258877,0.4696969696969697
2026-01-01,Turkey,Turkey,-0.012104912936456226,-0.04365806210224517,-0.03764186851167117,-0.038401354207491675,-0.04418514489338192,0.5303030303030303
2026-01-01,U.K.,U.K.,-0.01554182759856377,0.0025444296961529018,1.261331298994025e-05,0.0003648755654538883,0.0027394845638718836,0.5606060606060606
2026-01-01,U.S.,US,-0.009437555144248837,0.037970371688774776,0.036865542641354,0.0365939286513081,0.037718627431725715,0.18181818181818182
2026-01-01,US SmallCap,US,-0.012784315248301654,0.03685397729073378,0.03678064202556634,0.036482690332571094,0.03665020390794803,0.46969696969696967
2026-01-01,Vietnam,Vietnam,-0.00987691901566621,-0.024801680573363797,-0.01849651240872669,-0.017378147591261852,-0.023158121924424045,0.696969696969697
2026-02-01,Australia,Australia,-0.00979580902308773,-0.009313047781359544,-0.008715587481348833,-0.01012599155502082,-0.010707625453012062,0.18181818181818182
2026-02-01,Brazil,Brazil,-0.011224453927860558,-0.0326919656747295,-0.026510815309869488,-0.026056341612124837,-0.03206752926444702,0.7272727272727273
2026-02-01,Canada,Canada,-0.014993414477302205,0.013686818349836313,0.011188428526429685,0.010906506222106094,0.013340298793609266,0.46969696969696967
2026-02-01,Chile,Chile,-0.01548569545075855,-0.05554269133586957,-0.05225926198007068,-0.05091877577804271,-0.054485595566972564,0.6818181818181819
2026-02-01,ChinaA,China,-0.01058682925462517,-0.024664675709865053,-0.025038693580225334,-0.024727128551704915,-0.024203075345952875,0.7575757575757576
2026-02-01,ChinaH,China,-0.010639198244917835,-0.024605808395479815,-0.02482992842249208,-0.02449788150820784,-0.024115160131555416,0.6818181818181819
2026-02-01,Denmark,Denmark,0.0012207856107895685,0.041487050732598424,0.0434013328514377,0.0369887618462629,0.03590265513832509,0.12121212121212122
2026-02-01,France,France,-0.016216314621247202,-0.031026883637147267,-0.03287752937805613,-0.03218313098061262,-0.03037522914420303,0.4545454545454546
2026-02-01,Germany,Germany,-0.0131908406315632,0.010636103156886585,0.009056880942079154,0.009096506505538789,0.010680522902736987,0.5454545454545454
2026-02-01,Hong Kong,Hong Kong,-0.012824641082307669,-0.014722468456043922,-0.015330821065771966,-0.014244803797332997,-0.013742222538207567,0.8636363636363636
2026-02-01,Indonesia,Indonesia,-0.002900749204522345,-0.017922320439209778,-0.017830470082538394,-0.017398424437717525,-0.01719294529521988,0.2727272727272727
2026-02-01,Italy,Italy,-0.014836141673740774,-0.030704287414311204,-0.02485964077947725,-0.02489057358101776,-0.030615945882828316,0.8333333333333333
2026-02-01,Japan,Japan,-0.009280300955217927,0.009804708264653423,-0.0029959484851812077,-0.0048871858192740415,0.007248287411496784,0.5151515151515151
2026-02-01,Korea,Korea,-0.0010457829370281429,-0.015599996142215758,-0.0146713635711953,-0.014761511133180085,-0.015650902865465256,0.7575757575757576
2026-02-01,Malaysia,Malaysia,-0.015082473633860552,-0.0415091688616496,-0.03906368341700335,-0.03807816698488921,-0.040538226311968156,0.6515151515151515
2026-02-01,Mexico,Mexico,-0.014041812356306927,-0.026416449054330902,-0.02561562302963975,-0.025404245630998325,-0.02631153824782043,0.5606060606060607
2026-02-01,NASDAQ,US,-0.006387254719599598,0.036313026335732315,0.03539360496111099,0.03544102210641126,0.03644172709429526,0.18181818181818182
2026-02-01,Netherlands,Netherlands,-0.005998791358734252,0.013071749182569758,0.011611347517610265,0.011625913691615752,0.013258531674728399,0.3787878787878788
2026-02-01,Philippines,Philippines,-0.01632686547515563,-0.039162076407450064,-0.040060060486438384,-0.04047379668565915,-0.03998969090310203,0.5454545454545454
2026-02-01,Poland,Poland,-0.016195954553325634,-0.033751877068882497,-0.0333063765662701,-0.03146015903456546,-0.03187357307502698,0.8181818181818181
2026-02-01,Saudi Arabia,Saudi Arabia,-0.00211773051154468,-0.012688433755576945,-0.02004019810199663,-0.019594860292113467,-0.012268253862882867,0.21212121212121213
2026-02-01,Singapore,Singapore,-0.0126354579130587,0.0016843464171733538,-0.0002772844522975458,0.0014003837751176886,0.0036732049339567186,0.5454545454545454
2026-02-01,South Africa,South Africa,-0.01518061143203416,-0.05636917958070624,-0.047665596822678166,-0.04627427765777706,-0.05489391396866067,0.6363636363636364
2026-02-01,Spain,Spain,-0.017372838668832602,-0.034424982464590415,-0.02847365453904956,-0.02826732611242269,-0.03415884873705581,0.7272727272727273
2026-02-01,Sweden,Sweden,-0.015258751505758434,0.00013873489409622214,8.983577634973788e-05,0.001223260698367751,0.001313011550017229,0.36363636363636365
2026-02-01,Switzerland,Switzerland,-0.019130159724800658,0.014291134116592,0.012159244329079135,0.011400537544842094,0.013637610867517753,0.2727272727272727
2026-02-01,Taiwan,Taiwan,-0.0027876948810402376,-0.018980012281273512,-0.018084509865443216,-0.01560740277758419,-0.01625988339823564,0.36363636363636365
2026-02-01,Thailand,Thailand,-0.008145204772592483,-0.010916676942983131,-0.011605981516733983,-0.01222128259795964,-0.011322058334626588,0.4696969696969697
2026-02-01,Turkey,Turkey,-0.005376946579165655,-0.03843765507658101,-0.03348558647122364,-0.03280159304534011,-0.037607869856588,0.5454545454545454
2026-02-01,U.K.,U.K.,-0.01540665190933322,0.007144141726896994,0.0044264106811414804,0.004390016629546066,0.006895234947754203,0.5606060606060606
2026-02-01,U.S.,US,-0.009001092549206963,0.0346478247760013,0.033811934526996865,0.03398238674650546,0.03489717479040744,0.16666666666666666
2026-02-01,US SmallCap,US,-0.011857235814203268,0.033819379415585424,0.033909932598645,0.033490850658264404,0.03359701486712961,0.42424242424242425
2026-02-01,Vietnam,Vietnam,-0.009528978378173653,-0.0286173188075514,-0.020685273511762796,-0.017585385434725903,-0.025153219086608013,0.7121212121212122
2026-03-01,Australia,Australia,-0.01179254592495865,-0.016208764198297167,-0.01617989373609468,-0.017193949564170502,-0.01725703795544395,0.2878787878787879
2026-03-01,Brazil,Brazil,-0.015376089574905522,-0.033243721830861536,-0.028989081236305222,-0.02823992590595449,-0.03248966187594547,0.803030303030303
2026-03-01,Canada,Canada,-0.01506052440761136,0.005989704021830371,0.0035608681499595153,0.0035718137567715257,0.005878222363006185,0.4393939393939394
2026-03-01,Chile,Chile,-0.014028061126832895,-0.047595340217117324,-0.044523118477044904,-0.04307643217852766,-0.046273891876395565,0.8484848484848485
2026-03-01,ChinaA,China,-0.010396353449418484,-0.025289912845543928,-0.02560154811583653,-0.025365578284033418,-0.024873247835214888,0.5757575757575757
2026-03-01,ChinaH,China,-0.010726662663562097,-0.02522038836182929,-0.025200385320744253,-0.024906194714639247,-0.02472811887140915,0.5454545454545454
2026-03-01,Denmark,Denmark,0.003389170774924488,0.04387389697310301,0.0465139741377487,0.03828366390090941,0.03668991727468009,0.2272727272727273
2026-03-01,France,France,-0.01470237535412009,-0.034819762588954625,-0.035205299397986306,-0.03444389971210714,-0.03406516609520442,0.3181818181818182
2026-03-01,Germany,Germany,-0.012779642344521556,0.0040229140499460705,0.0027182393234399665,0.0030116818186226336,0.004324932158971643,0.45454545454545453
2026-03-01,Hong Kong,Hong Kong,-0.013145845039791808,-0.014837541265110813,-0.016100149260874788,-0.014991632658990192,-0.013886230249730087,0.8333333333333334
2026-03-01,Indonesia,Indonesia,-0.010277099361552642,-0.023767925962512745,-0.025285208478544513,-0.023822077505144163,-0.02212635789304337,0.2272727272727273
2026-03-01,Italy,Italy,-0.014099866899780473,-0.03639198779471828,-0.031069413857564062,-0.030993075024366167,-0.03618227333490433,0.696969696969697
2026-03-01,Japan,Japan,-0.009249044203251242,-0.0002114058700450807,-0.01186168698642584,-0.013351591575572919,-0.002326358414056842,0.6212121212121212
2026-03-01,Korea,Korea,-0.0014266540404203167,-0.01197969607746811,-0.012399782541107705,-0.012424161331569854,-0.011988993834507685,0.7272727272727273
2026-03-01,Malaysia,Malaysia,-0.016494419754419017,-0.044767035196953506,-0.043983121157731855,-0.042677648673435487,-0.04358140163280093,0.7272727272727273
2026-03-01,Mexico,Mexico,-0.014988048760709844,-0.029589584951897233,-0.028872787669358416,-0.027977340962574797,-0.02876131087808119,0.5909090909090909
2026-03-01,NASDAQ,US,-0.008749008645318437,0.03616626767002368,0.036488510672185656,0.03677879530911325,0.0365979183699606,0.24242424242424243
2026-03-01,Netherlands,Netherlands,-0.00789114656614201,0.005671722950853737,0.004610101591449272,0.005187443790814799,0.006396526453883616,0.4393939393939394
2026-03-01,Philippines,Philippines,-0.014642649057638337,-0.03407271408461453,-0.03671048775527741,-0.03739156754705933,-0.035126779647049605,0.4696969696969697
2026-03-01,Poland,Poland,-0.01583461147099063,-0.038194600758256744,-0.037615296087711594,-0.03585002502181654,-0.036457524103334304,0.8181818181818181
2026-03-01,Saudi Arabia,Saudi Arabia,-0.002729728420127662,0.015716146157386552,0.0005793273532010389,-0.0009196751913249993,0.014078728405639142,0.22727272727272727
2026-03-01,Singapore,Singapore,-0.01301905725085397,-0.003227182703842641,-0.004821921568880663,-0.0029313720031515634,-0.001054790979123997,0.5454545454545454
2026-03-01,South Africa,South Africa,-0.016118405097505704,-0.05569024015703938,-0.049431572068547744,-0.047918212657449416,-0.054170304182214815,0.5757575757575758
2026-03-01,Spain,Spain,-0.01715485156936742,-0.038668850102501026,-0.03296839272255944,-0.032596862355959294,-0.038247354057325406,0.696969696969697
2026-03-01,Sweden,Sweden,-0.01510938127130334,-0.00036488042779048505,-0.0006646951572551185,0.0006361452437477991,0.001040031591461453,0.3181818181818182
2026-03-01,Switzerland,Switzerland,-0.019696044684256328,0.007743913107955209,0.006100717912626764,0.005622802793036759,0.0073558935984154965,0.21212121212121213
2026-03-01,Taiwan,Taiwan,-0.004589815521861529,-0.02556221285585263,-0.024412819974116172,-0.02128948174972063,-0.0222882533367038,0.42424242424242425
2026-03-01,Thailand,Thailand,-0.00632160217214418,-0.016496491589921256,-0.019387025875241593,-0.019487666617934288,-0.016540981127469073,0.5606060606060606
2026-03-01,Turkey,Turkey,-0.007656988811945315,-0.030260259358218397,-0.025675563084231565,-0.025230146008603075,-0.0296382004773756,0.7121212121212122
2026-03-01,U.K.,U.K.,-0.014900169167034195,0.006184247310833977,0.004002945572033132,0.0042697859224737345,0.006369365718313615,0.48484848484848486
2026-03-01,U.S.,US,-0.010354177173661385,0.03447682022974677,0.03433578852150167,0.03462332133685635,0.03487856221044233,0.12121212121212122
2026-03-01,US SmallCap,US,-0.014475631084030122,0.03252006376062426,0.0319714913060455,0.03243314589175704,0.03304862429153564,0.4242424242424242
2026-03-01,Vietnam,Vietnam,-0.008678961090397511,-0.024738496733768833,-0.01732455094246335,-0.019213323601544076,-0.025889579223720923,0.803030303030303
2026-04-01,Australia,Australia,-0.01082516322526797,0.0025181852097344495,0.0009146441740725385,0.0012317170585364528,0.00253611027705619,0.3484848484848485
2026-04-01,Brazil,Brazil,-0.014605956169128109,-0.025491411321081976,-0.022535846688415583,-0.022818575530486503,-0.025803619757379753,0.7878787878787878
2026-04-01,Canada,Canada,-0.014129105634761016,0.010283049787941406,0.007300917386416493,0.00688541283677023,0.00966976845124283,0.4393939393939394
2026-04-01,Chile,Chile,-0.01068861855492037,-0.023924601207400056,-0.0232601984896312,-0.02256021678885683,-0.0231703362283501,0.696969696969697
2026-04-01,ChinaA,China,-0.009056976901207239,-0.013727192223953938,-0.01766828391557629,-0.017442880434486812,-0.013387907163655382,0.5151515151515151
2026-04-01,ChinaH,China,-0.009769972326302516,-0.013677635826887937,-0.017016361188226553,-0.016869114520249587,-0.013367924251737094,0.5303030303030303
2026-04-01,Denmark,Denmark,0.0006998644312687782,0.04683057505356139,0.04790437518057013,0.041768213959525846,0.04134614567166289,0.2121212121212121
2026-04-01,France,France,-0.010218845672745799,-0.0011236472148323942,-0.00815679507013076,-0.009026888680113539,-0.0021087621398798192,0.3939393939393939
2026-04-01,Germany,Germany,-0.007891563745703819,0.01682327845967056,0.015873692980813783,0.01487166492052171,0.015852043522486182,0.4545454545454546
2026-04-01,Hong Kong,Hong Kong,-0.012035844909030022,-0.005979706281533171,-0.009251867707654252,-0.008206849397655397,-0.00502130506663591,0.8333333333333334
2026-04-01,Indonesia,Indonesia,-0.005181925197860858,0.0018842194506691768,-0.0023394538834786305,-0.021170531384449354,-0.01521689421538102,0.33333333333333337
2026-04-01,Italy,Italy,-0.010548064272149476,-0.0148626860624266,-0.012834172579104387,-0.014166089026614512,-0.016173673647227153,0.606060606060606
2026-04-01,Japan,Japan,-0.0030679287426247704,0.01959652623279422,0.004080541336876098,0.0025629568730000715,0.01748156313205156,0.6060606060606061
2026-04-01,Korea,Korea,0.0018203393412838777,0.019645351753318416,0.014587574593085857,0.012503199623878553,0.017480577594328136,0.8939393939393939
2026-04-01,Malaysia,Malaysia,-0.014857546008769549,-0.028100004246732122,-0.028461228562585907,-0.027724551889461106,-0.027373099051489085,0.6060606060606061
2026-04-01,Mexico,Mexico,-0.011985518858112765,-0.0059339734346448725,-0.008822840849546683,-0.008865972621513014,-0.006061017502907354,0.5909090909090908
2026-04-01,NASDAQ,US,-0.011333225876437853,0.04093084421893296,0.039632882517862414,0.03886307598603461,0.04018598467496416,0.2121212121212121
2026-04-01,Netherlands,Netherlands,-0.005954245648164593,0.017374425782909257,0.01612548945176755,0.015337949490853757,0.01665852923586813,0.4393939393939394
2026-04-01,Philippines,Philippines,-0.011178647106177874,0.005370568181988682,-0.0015990181828796704,-0.0026893778866723993,0.004236857596778488,0.5454545454545454
2026-04-01,Poland,Poland,-0.013476866012170168,-0.01870668058604233,-0.02077637198984914,-0.020407060321660432,-0.018438925189352126,0.7272727272727273
2026-04-01,Saudi Arabia,Saudi Arabia,-0.001417376490190794,0.003707139920185341,-0.011353488622156084,-0.011795317443143894,0.0028983353344735115,0.19696969696969696
2026-04-01,Singapore,Singapore,-0.010462490901003242,0.0058004361195086365,0.00440372179340418,0.00600568873954232,0.007757291560597252,0.3939393939393939
2026-04-01,South Africa,South Africa,-0.007964482451002841,-0.015290812749045793,-0.014932413122666965,-0.01484273280624741,-0.015140038937798023,0.6515151515151516
2026-04-01,Spain,Spain,-0.011830580408990137,-0.02012625985741954,-0.01633667901653829,-0.01724260872521049,-0.02097014204223515,0.6515151515151515
2026-04-01,Sweden,Sweden,-0.009614405976068462,0.016686071352301806,0.0166715487704491,0.016356869065442925,0.016455690239774164,0.36363636363636365
2026-04-01,Switzerland,Switzerland,-0.007037108667239738,0.022410095455974798,0.02072397682981757,0.019496057044178356,0.02131643642165846,0.22727272727272727
2026-04-01,Taiwan,Taiwan,-0.007683589252812607,-0.015987882137057284,-0.01587760371507459,-0.01252405420511717,-0.012439374716905944,0.5303030303030303
2026-04-01,Thailand,Thailand,-0.003961471509500479,0.027583196892456686,0.01590886839561358,0.014633611582858492,0.02636483342427225,0.6363636363636364
2026-04-01,Turkey,Turkey,-0.008755697403769086,-0.013741061869105578,-0.011850817968247773,-0.014166653993064954,-0.01606053389734847,0.7121212121212122
2026-04-01,U.K.,U.K.,-0.011129363541033607,0.019094484214215935,0.01656163768482354,0.015469699079054506,0.017807084582489138,0.43939393939393945
2026-04-01,U.S.,US,-0.011872573202449572,0.04009376770399635,0.03852693913886222,0.03810415842711501,0.0396486683008548,0.16666666666666666
2026-04-01,US SmallCap,US,-0.017031005172894062,0.03742865979434394,0.035183803562264554,0.0349534698481965,0.03710839735134644,0.4393939393939394
2026-04-01,Vietnam,Vietnam,-0.004858679548099092,-0.003270659819451487,-0.0008265986762056015,-0.00490962345190012,-0.006706023137342664,0.8181818181818181
2026-05-01,Australia,Australia,-0.008199915870066053,-0.013114249626240762,-0.014656015350812408,-0.01170655413921426,-0.010934855617419612,0.25757575757575757
2026-05-01,Brazil,Brazil,-0.013258698652057583,-0.03009048881300994,-0.025245870584631284,-0.025752156922502146,-0.030668935840714923,0.8484848484848484
2026-05-01,Canada,Canada,-0.01133115889927425,0.003781960950904356,0.00016819754130647287,-0.00018496010415053332,0.003159403511227416,0.4393939393939394
2026-05-01,Chile,Chile,-0.008863533654204368,-0.039070194956219356,-0.035546961948471706,-0.034849459385588095,-0.038370542920264206,0.7727272727272727
2026-05-01,ChinaA,China,-0.00951418120040324,-0.021455522568636528,-0.022244821860152256,-0.022077977663168925,-0.021066831557374724,0.5606060606060606
2026-05-01,ChinaH,China,-0.009774350432988995,-0.021435239671787103,-0.022032961740890172,-0.021837508470772628,-0.021007559823773878,0.5909090909090909
2026-05-01,Denmark,Denmark,0.002415023624307672,0.0466135728275511,0.04750738425861173,0.03959037475357223,0.03954199713194098,0.16666666666666669
2026-05-01,France,France,-0.007316216470136722,-0.010479282880983763,-0.01620868358507421,-0.017199338168849675,-0.011690531717814263,0.36363636363636365
2026-05-01,Germany,Germany,-0.005159480194832347,0.0106531783461007,0.008574900273861721,0.007443612084775076,0.00938307027250316,0.3939393939393939
2026-05-01,Hong Kong,Hong Kong,-0.01082632774959158,-0.004478782677875062,-0.007788512189523087,-0.006956468980431277,-0.003642422058530777,0.8787878787878788
2026-05-01,Indonesia,Indonesia,-0.0023326886600441694,-0.005411213535905483,-0.007816920394297152,-0.017082402415126194,-0.013891625683854417,0.40909090909090906
2026-05-01,Italy,Italy,-0.007449658596002242,-0.023262524651177105,-0.021249375418628254,-0.021394593430207682,-0.023671822151552762,0.5454545454545454
2026-05-01,Japan,Japan,0.0016786653095376015,0.004284041615028848,-0.0076890257407646705,-0.009158888506073612,0.0021952873168648544,0.48484848484848486
2026-05-01,Korea,Korea,0.003768497831211368,0.0009535685879080618,-0.0019299509598902217,-0.003495286292426102,-0.000711222700480487,0.7424242424242424
2026-05-01,Malaysia,Malaysia,-0.012489551033261685,-0.047624210913359805,-0.04777559093849566,-0.04681100396535462,-0.046825114496011275,0.6666666666666667
2026-05-01,Mexico,Mexico,-0.011474416217310468,-0.027264019885903337,-0.025984698484917485,-0.025540772033458416,-0.026893207269975617,0.5454545454545454
2026-05-01,NASDAQ,US,-0.0056116914687505985,0.04728910176779606,0.045662076396961904,0.04451752732584423,0.046105490149728603,0.2727272727272727
2026-05-01,Netherlands,Netherlands,-0.003041248521301735,0.013116475547907899,0.010953060332253104,0.009831623117359887,0.011791421242099993,0.3939393939393939
2026-05-01,Philippines,Philippines,-0.008583181545122828,-0.002010029820149033,-0.005921014170674836,-0.007556881919012229,-0.0036255109923642283,0.48484848484848486
2026-05-01,Poland,Poland,-0.011722275571010448,-0.02865698022069778,-0.028535799252343574,-0.02856273030209579,-0.028866171402175046,0.7121212121212122
2026-05-01,Saudi Arabia,Saudi Arabia,-0.002539163484426398,-0.02162549744176274,-0.026402610205133473,-0.026533156195954397,-0.021921627223781916,0.2878787878787879
2026-05-01,Singapore,Singapore,-0.009489667922387746,0.003628272429902898,0.0008181584736655914,0.0014136704099781752,0.004263529428838354,0.5
2026-05-01,South Africa,South Africa,-0.004612811801733846,-0.035558044614296,-0.0319415571728182,-0.03197115021635194,-0.03560189032832552,0.6363636363636364
2026-05-01,Spain,Spain,-0.009520400954324205,-0.029630834189760973,-0.025622836460760235,-0.02647559437640314,-0.030551561794221586,0.6212121212121212
2026-05-01,Sweden,Sweden,-0.007265192526174783,0.008858353599023277,0.007861535655391917,0.007223151603004196,0.00809709109513184,0.2727272727272727
2026-05-01,Switzerland,Switzerland,-0.0023912228819469327,0.011947851990286244,0.009209787875874866,0.00818864730477519,0.010823656690202351,0.19696969696969696
2026-05-01,Taiwan,Taiwan,-0.0006582689691118143,-0.020545539644731173,-0.01986670694806183,-0.01671291356596811,-0.01716424223886827,0.5303030303030303
2026-05-01,Thailand,Thailand,-0.002818925545665206,0.010014798575164924,0.0010566139308125508,0.00033231806168810586,0.009272965087472301,0.6060606060606061
2026-05-01,Turkey,Turkey,-0.008428555977459931,-0.019686130818510936,-0.017075097578351343,-0.0176742247187389,-0.0205435250266806,0.8484848484848485
2026-05-01,U.K.,U.K.,-0.008171258557362678,0.01348976909910353,0.010241170810704317,0.009125651318121975,0.012115059480264763,0.45454545454545453
2026-05-01,U.S.,US,-0.007352368457253976,0.045635213350313925,0.04359102781571214,0.04245954402599188,0.04443864964033145,0.22727272727272727
2026-05-01,US SmallCap,US,-0.012825179210144186,0.043222411713512265,0.04037974807313502,0.039463916819967415,0.042159534615338154,0.4545454545454546
2026-05-01,Vietnam,Vietnam,-0.0025294813080264478,0.008144916956655993,0.011170576862487326,0.010058192717078241,0.0073045804398286646,0.8333333333333334
2026-06-01,Australia,Australia,-0.008979565192073716,-0.016880998056541988,-0.01753265050803811,-0.015703330165172353,-0.015622668563106942,0.3181818181818182
2026-06-01,Brazil,Brazil,-0.011405296510941049,-0.026181211255442323,-0.021595806368363633,-0.022216123413208364,-0.026888918767994065,0.8484848484848484
2026-06-01,Canada,Canada,-0.011702132051223247,0.005305420014990264,0.0022133639498789597,0.0019498510563688305,0.004827511070717685,0.4090909090909091
2026-06-01,Chile,Chile,-0.009219239654532514,-0.03952333266375281,-0.03592889889302053,-0.035486875653937655,-0.03916867552694091,0.7727272727272727
2026-06-01,ChinaA,China,-0.009484437145977517,-0.025407108353067424,-0.024934150238097908,-0.02459566886972301,-0.02487629820076081,0.5454545454545454
2026-06-01,ChinaH,China,-0.009926066131971922,-0.025424447070459762,-0.02456814783224006,-0.024162440694187128,-0.024805773469942137,0.5454545454545455
2026-06-01,Denmark,Denmark,0.0016497500990870799,0.04647187316439391,0.0471654543786712,0.0409989451967135,0.040976036317264874,0.18181818181818182
2026-06-01,France,France,-0.007750472202297353,-0.011227610302351471,-0.01529941199299253,-0.016244493190118357,-0.012425900567564832,0.42424242424242425
2026-06-01,Germany,Germany,-0.005726623482353141,0.010048328966370666,0.008265841809631403,0.007182487521428582,0.008837545119785335,0.3939393939393939
2026-06-01,Hong Kong,Hong Kong,-0.010721578091561025,-0.0061442810482393116,-0.00952929928411646,-0.00866991151069613,-0.005285999744115636,0.7575757575757576
2026-06-01,Indonesia,Indonesia,-0.001611626041621273,0.003785265893345052,0.0022235529053108768,0.003934299534043468,0.005013704143096742,0.42424242424242425
2026-06-01,Italy,Italy,-0.008317309520185976,-0.024575583829827104,-0.021551731501548873,-0.021738351814630835,-0.02495219257173039,0.5454545454545454
2026-06-01,Japan,Japan,0.0007866063800663261,0.0026447002055694346,-0.010263159127806419,-0.011543336847415233,0.0006755786323455401,0.5151515151515151
2026-06-01,Korea,Korea,0.002503285693544797,-0.010418555349555735,-0.010770553223149862,-0.011188472015235677,-0.010764048398236168,0.5909090909090909
2026-06-01,Malaysia,Malaysia,-0.012970631273548222,-0.050053819823718815,-0.049062470730186505,-0.047975984791040524,-0.04911027197587031,0.6666666666666667
2026-06-01,Mexico,Mexico,-0.01115961401065846,-0.028251883715213272,-0.02643431353780602,-0.026172089775135212,-0.028147152469627897,0.5303030303030303
2026-06-01,NASDAQ,US,-0.006435339190617442,0.04909074585132238,0.04649263848077563,0.04502017030075335,0.04747714366296017,0.30303030303030304
2026-06-01,Netherlands,Netherlands,-0.0030542776948148135,0.01769139624949466,0.015317763214486715,0.014310632763238153,0.01625349814740027,0.3939393939393939
2026-06-01,Philippines,Philippines,-0.008244463242071506,0.006879662110314277,0.003237845184650076,0.00028670939095958546,0.0038672247353982656,0.48484848484848486
2026-06-01,Poland,Poland,-0.011376916518858086,-0.028896542706051354,-0.02859080595413602,-0.0286445228249517,-0.02914470901297909,0.7272727272727273
2026-06-01,Saudi Arabia,Saudi Arabia,-0.004072156055845549,-0.03552510210047098,-0.037921714271538925,-0.037468793253219446,-0.0352035744457844,0.3787878787878788
2026-06-01,Singapore,Singapore,-0.009811369458856873,0.006853820389559145,0.004020313529242746,0.003981161674107229,0.006774497209388955,0.4545454545454546
2026-06-01,South Africa,South Africa,-0.004407585719900409,-0.042823673081325106,-0.037034315489005876,-0.0372692550573835,-0.04307995076274003,0.6363636363636364
2026-06-01,Spain,Spain,-0.009729230641617157,-0.03196943888460475,-0.0268227834039164,-0.027406121104327833,-0.03263161304550807,0.606060606060606
2026-06-01,Sweden,Sweden,-0.007594994997950638,0.0060951821364249245,0.005046248223038778,0.004618354655483171,0.0054903379231490135,0.2727272727272727
2026-06-01,Switzerland,Switzerland,-0.0030155143790684016,0.010537649232549844,0.00840520826607301,0.007522249047340531,0.009531398037665955,0.19696969696969696
2026-06-01,Taiwan,Taiwan,-0.0017299998617157884,-0.019863000319034558,-0.019283550320040463,-0.016079727144513667,-0.016455373929484624,0.5151515151515151
2026-06-01,Thailand,Thailand,-0.004622308027141241,0.01218622943209921,0.0029611409304728144,0.0020612472142624433,0.0112716224682546,0.6515151515151515
2026-06-01,Turkey,Turkey,-0.008523363388967902,-0.01703107680190536,-0.014539059031274849,-0.01221499083769442,-0.015467781614208368,0.9393939393939394
2026-06-01,U.K.,U.K.,-0.00842549135737394,0.013380563991752848,0.009984187417141677,0.008771990645238417,0.011900979675501057,0.4696969696969697
2026-06-01,U.S.,US,-0.008077329905371508,0.04750808937925878,0.04453193432971139,0.04307220814432522,0.045883976059421114,0.2727272727272727
2026-06-01,US SmallCap,US,-0.01361234289416887,0.045338625395399165,0.041534601329019566,0.04030339469568188,0.04385551027485156,0.5606060606060606
2026-06-01,Vietnam,Vietnam,-0.002716327635905449,0.004003007984096689,0.007515339980925325,0.007851851189072025,0.004440225030142566,0.6666666666666667
2026-07-01,Australia,Australia,-0.00751031138516497,-0.02120841845246603,-0.02052100738586297,-0.021710426097823053,-0.022581026475258816,0.30303030303030304
2026-07-01,Brazil,Brazil,-0.007723009178679172,-0.02831884677454914,-0.024013423587217468,-0.023958326834500908,-0.02822259392247828,0.7121212121212122
2026-07-01,Canada,Canada,-0.009956632919727069,0.005443814242805212,0.0048174130752488935,0.00455854723346045,0.0050924488494626195,0.42424242424242425
2026-07-01,Chile,Chile,-0.008005586067449172,-0.04248211399604253,-0.04075578665753651,-0.0399083375162668,-0.0419348110904812,0.7272727272727273
2026-07-01,ChinaA,China,-0.006776193402701445,-0.022423430807929922,-0.02171502410862895,-0.021499681289212678,-0.022122935604990485,0.5151515151515151
2026-07-01,ChinaH,China,-0.006141836372659108,-0.02168695040191376,-0.020370253104053312,-0.01978700142221785,-0.020996754484973186,0.5303030303030303
2026-07-01,Denmark,Denmark,0.0011102960272626585,0.030345713875016916,0.03267041684478514,0.02728903515772118,0.025719969087868524,0.12121212121212122
2026-07-01,France,France,-0.006359879504471111,-0.013352169158808803,-0.016905098551849032,-0.017587233949435573,-0.014239984564100937,0.4090909090909091
2026-07-01,Germany,Germany,-0.00512870515629542,0.0028759029308883174,0.003727238565069008,0.0032564058738687417,0.0024378981585094425,0.43939393939393945
2026-07-01,Hong Kong,Hong Kong,-0.007691535308436448,-0.010876746723211862,-0.011793623693751271,-0.010237842016472593,-0.009331165897783763,0.6818181818181819
2026-07-01,Indonesia,Indonesia,0.0037783586630594206,0.0007351887363372667,-2.8581430822016696e-05,0.00235438451432117,0.00273983048876253,0.46969696969696967
2026-07-01,Italy,Italy,-0.008101766687525686,-0.028182964780264743,-0.02503124506554444,-0.02564639782055917,-0.028726168450140248,0.6060606060606061
2026-07-01,Japan,Japan,-0.004788623174396936,-0.010093490880210318,-0.01518688612603093,-0.01607590311898441,-0.01147512931499681,0.6060606060606061
2026-07-01,Korea,Korea,-0.005621402475540417,-0.03352775154923065,-0.03271653926476069,-0.03160751944562003,-0.03227905504790629,0.6060606060606061
2026-07-01,Malaysia,Malaysia,-0.0090867159065792,-0.04122850822679646,-0.04036347981311408,-0.038851230050893006,-0.039843874117124985,0.6212121212121212
2026-07-01,Mexico,Mexico,-0.00927679332172621,-0.030111216496562523,-0.028398729811204462,-0.027682891081700783,-0.029584355197407885,0.5909090909090909
2026-07-01,NASDAQ,US,-0.006752845422944474,0.033198778761038196,0.032716114828614,0.03197251845426113,0.032411386853319485,0.34848484848484845
2026-07-01,Netherlands,Netherlands,-0.006382762163713843,0.013012751131699245,0.011452569468327393,0.009109924981437397,0.010453202081571068,0.48484848484848486
2026-07-01,Philippines,Philippines,-0.0027333053505179065,0.000782876200679905,-0.005824141578213831,-0.007984982568895292,-0.0018194741597892857,0.4696969696969697
2026-07-01,Poland,Poland,-0.009218986795060474,-0.03220760515522256,-0.03050938590857821,-0.029618489954776922,-0.031406583489384715,0.7424242424242424
2026-07-01,Saudi Arabia,Saudi Arabia,-0.0024810228530628845,-0.021279275145029548,-0.02689814997237203,-0.026029576853127644,-0.020614013333971146,0.3787878787878788
2026-07-01,Singapore,Singapore,-0.008550183133974225,0.0033553475883798464,0.002066640864954194,0.002317886264553503,0.0036013809757037864,0.4393939393939394
2026-07-01,South Africa,South Africa,-0.005153975303931146,-0.0504363320919182,-0.04679441651843281,-0.04607283499429662,-0.04991439426391938,0.7424242424242424
2026-07-01,Spain,Spain,-0.00948982958979764,-0.031033036051794808,-0.0270046690925322,-0.027668787889920988,-0.031684144371567025,0.5757575757575758
2026-07-01,Sweden,Sweden,-0.00676020695219727,-0.001115921198848493,-0.000245406661212093,0.00018110238524779096,-0.000739242026052786,0.2727272727272727
2026-07-01,Switzerland,Switzerland,-0.0060996603339330754,0.00484108418128522,0.003966683679000112,0.0027751428604815536,0.0037346217106243897,0.24242424242424243
2026-07-01,Taiwan,Taiwan,-0.00844990870580056,-0.0345759665171831,-0.03156428465665645,-0.027893851037222854,-0.03076175028373565,0.5151515151515151
2026-07-01,Thailand,Thailand,-0.008550517971415865,-0.01944153858078328,-0.024350905886407124,-0.0237785031565755,-0.01897753007482409,0.7121212121212122
2026-07-01,Turkey,Turkey,-0.005239832125776662,-0.018637157676165222,-0.015620790879441938,-0.016264044006224755,-0.019429401676768602,0.7272727272727273
2026-07-01,U.K.,U.K.,-0.007923467379483217,0.002494574761428163,0.00244363951510881,0.002441346147366588,0.0024750365747971334,0.48484848484848486
2026-07-01,U.S.,US,-0.007823172145541317,0.03244926655014735,0.03161800400302873,0.030785819989612898,0.031556182841705686,0.30303030303030304
2026-07-01,US SmallCap,US,-0.01192862696819608,0.03215689969350029,0.030373021431861526,0.02966363679027543,0.031294883259312255,0.5454545454545454
2026-07-01,Vietnam,Vietnam,-0.0048178607959524136,-0.008712747672494532,-0.00668773676646443,-0.005386433401452884,-0.007376664556116106,0.6515151515151515
