date,country,macro_identity,market_masks,value_momentum
2018-07-01,Australia,Australia,-0.024736708557632596,0.4375
2018-07-01,Brazil,Brazil,-0.021134404048203714,0.5
2018-07-01,Canada,Canada,0.0024207335568908195,0.515625
2018-07-01,Chile,Chile,-0.025855224721604602,0.734375
2018-07-01,ChinaA,China,-0.014779186619996006,0.84375
2018-07-01,ChinaH,China,-0.022545372749176937,0.78125
2018-07-01,Denmark,Denmark,0.039490571356917734,0.1875
2018-07-01,France,France,-0.021636468962704197,0.625
2018-07-01,Germany,Germany,0.008293997059641761,0.5
2018-07-01,Hong Kong,Hong Kong,-0.014142064652020503,0.78125
2018-07-01,Indonesia,Indonesia,-0.002704759933079318,0.1875
2018-07-01,Italy,Italy,-0.018088063811184926,0.671875
2018-07-01,Japan,Japan,-0.018078712334179976,0.71875
2018-07-01,Korea,Korea,-0.012669473801394462,0.796875
2018-07-01,Malaysia,Malaysia,-0.027148656899413377,0.546875
2018-07-01,Mexico,Mexico,0.007501996254332212,0.203125
2018-07-01,NASDAQ,US,0.041143890121437945,0.453125
2018-07-01,Netherlands,Netherlands,-0.0010308549098918401,0.3125
2018-07-01,Philippines,Philippines,-0.01352439068232627,0.25
2018-07-01,Poland,Poland,-0.01117261007514984,0.578125
2018-07-01,Singapore,Singapore,0.00408350681029865,0.78125
2018-07-01,South Africa,South Africa,-0.0275260391782872,0.421875
2018-07-01,Spain,Spain,-0.011266263066316264,0.5
2018-07-01,Sweden,Sweden,0.01174065022557454,0.21875
2018-07-01,Switzerland,Switzerland,0.012586295954212418,0.1875
2018-07-01,Taiwan,Taiwan,-0.006745170956921308,0.453125
2018-07-01,Thailand,Thailand,-0.013967667604117707,0.671875
2018-07-01,Turkey,Turkey,-0.01375117577393759,0.5
2018-07-01,U.K.,U.K.,0.008011855028228047,0.65625
2018-07-01,U.S.,US,0.037485294020225435,0.40625
2018-07-01,US SmallCap,US,0.0383139648837936,0.546875
2018-07-01,Vietnam,Vietnam,0.00042388230513168423,0.53125
2018-08-01,Australia,Australia,-0.025844834396176162,0.578125
2018-08-01,Brazil,Brazil,-0.02193653623153575,0.328125
2018-08-01,Canada,Canada,0.004074116072760368,0.609375
2018-08-01,Chile,Chile,-0.027556481993208246,0.578125
2018-08-01,ChinaA,China,-0.012737300050702522,0.78125
2018-08-01,ChinaH,China,-0.019721750336304425,0.75
2018-08-01,Denmark,Denmark,0.04226221369981334,0.203125
2018-08-01,France,France,-0.023389845517961975,0.65625
2018-08-01,Germany,Germany,0.007688614476746444,0.515625
2018-08-01,Hong Kong,Hong Kong,-0.011930627230899372,0.765625
2018-08-01,Indonesia,Indonesia,-0.0038742573590533234,0.15625
2018-08-01,Italy,Italy,-0.01748587664342751,0.65625
2018-08-01,Japan,Japan,-0.01741932137067455,0.78125
2018-08-01,Korea,Korea,-0.010020285714224494,0.75
2018-08-01,Malaysia,Malaysia,-0.028647604798497192,0.65625
2018-08-01,Mexico,Mexico,0.0025035348331319245,0.203125
2018-08-01,NASDAQ,US,0.04209511638824587,0.5
2018-08-01,Netherlands,Netherlands,-0.0032715431812161116,0.34375
2018-08-01,Philippines,Philippines,-0.013714548436961118,0.234375
2018-08-01,Poland,Poland,-0.01179843744035584,0.46875
2018-08-01,Singapore,Singapore,0.006484993996646326,0.6875
2018-08-01,South Africa,South Africa,-0.021932308610525014,0.34375
2018-08-01,Spain,Spain,-0.012740381330947181,0.546875
2018-08-01,Sweden,Sweden,0.010878238927076879,0.265625
2018-08-01,Switzerland,Switzerland,0.01098147642557296,0.21875
2018-08-01,Taiwan,Taiwan,-0.00836876459592462,0.46875
2018-08-01,Thailand,Thailand,-0.015520544527288557,0.578125
2018-08-01,Turkey,Turkey,0.00038011106901443374,0.5
2018-08-01,U.K.,U.K.,0.006501164128847957,0.703125
2018-08-01,U.S.,US,0.03592378430263682,0.5
2018-08-01,US SmallCap,US,0.03658325420327414,0.640625
2018-08-01,Vietnam,Vietnam,0.0006906933714730112,0.53125
2018-09-01,Australia,Australia,-0.02514563819835731,0.609375
2018-09-01,Brazil,Brazil,-0.02111729378279736,0.328125
2018-09-01,Canada,Canada,0.005109591683784862,0.640625
2018-09-01,Chile,Chile,-0.023808669630745502,0.59375
2018-09-01,ChinaA,China,-0.009477881465705886,0.640625
2018-09-01,ChinaH,China,-0.015786863919755235,0.625
2018-09-01,Denmark,Denmark,0.04083587152998219,0.1875
2018-09-01,France,France,-0.021565304604988577,0.703125
2018-09-01,Germany,Germany,0.009533612638566401,0.578125
2018-09-01,Hong Kong,Hong Kong,-0.010633454481098505,0.765625
2018-09-01,Indonesia,Indonesia,-0.00641847260078284,0.125
2018-09-01,Italy,Italy,-0.0124769434316859,0.625
2018-09-01,Japan,Japan,-0.017748478064083882,0.734375
2018-09-01,Korea,Korea,-0.010944835220492857,0.6875
2018-09-01,Malaysia,Malaysia,-0.030926061255417827,0.703125
2018-09-01,Mexico,Mexico,0.0021180118469535537,0.28125
2018-09-01,NASDAQ,US,0.04262338683374585,0.5
2018-09-01,Netherlands,Netherlands,-0.002516818755157354,0.421875
2018-09-01,Philippines,Philippines,-0.01811161069050546,0.234375
2018-09-01,Poland,Poland,-0.014246903694912123,0.421875
2018-09-01,Singapore,Singapore,0.007243290999870155,0.734375
2018-09-01,South Africa,South Africa,-0.02116904690707822,0.328125
2018-09-01,Spain,Spain,-0.009695714655113059,0.5625
2018-09-01,Sweden,Sweden,0.00718058984547006,0.234375
2018-09-01,Switzerland,Switzerland,0.009225220571187447,0.25
2018-09-01,Taiwan,Taiwan,-0.01006299395883128,0.46875
2018-09-01,Thailand,Thailand,-0.016362102158008204,0.609375
2018-09-01,Turkey,Turkey,-0.005781413031069568,0.515625
2018-09-01,U.K.,U.K.,0.014327153715665175,0.71875
2018-09-01,U.S.,US,0.032278703782729165,0.515625
2018-09-01,US SmallCap,US,0.03261352319687415,0.625
2018-09-01,Vietnam,Vietnam,0.00144332524384563,0.53125
2018-10-01,Australia,Australia,-0.023261578337432698,0.625
2018-10-01,Brazil,Brazil,-0.019939146857273278,0.234375
2018-10-01,Canada,Canada,0.006223083187773065,0.609375
2018-10-01,Chile,Chile,-0.026180702341315917,0.390625
2018-10-01,ChinaA,China,-0.009830578746709607,0.59375
2018-10-01,ChinaH,China,-0.014498398445011537,0.59375
2018-10-01,Denmark,Denmark,0.043330802266997745,0.265625
2018-10-01,France,France,-0.022874685164438115,0.625
2018-10-01,Germany,Germany,0.011022311090652808,0.5
2018-10-01,Hong Kong,Hong Kong,-0.009564674267142229,0.7734375
2018-10-01,Indonesia,Indonesia,-0.006877052333695394,0.171875
2018-10-01,Italy,Italy,-0.01125168855980959,0.515625
2018-10-01,Japan,Japan,-0.020466201646887346,0.734375
2018-10-01,Korea,Korea,-0.010923418316876668,0.78125
2018-10-01,Malaysia,Malaysia,-0.030160546281823353,0.734375
2018-10-01,Mexico,Mexico,0.00011591888002852012,0.3125
2018-10-01,NASDAQ,US,0.041097221892364644,0.5
2018-10-01,Netherlands,Netherlands,0.0032382499637004496,0.40625
2018-10-01,Philippines,Philippines,-0.013845505499271842,0.328125
2018-10-01,Poland,Poland,-0.014255999547070072,0.578125
2018-10-01,Singapore,Singapore,0.006227738412535443,0.765625
2018-10-01,South Africa,South Africa,-0.01671214562199541,0.375
2018-10-01,Spain,Spain,-0.008665523244068378,0.5078125
2018-10-01,Sweden,Sweden,0.007969702274445968,0.203125
2018-10-01,Switzerland,Switzerland,0.008579638116902735,0.34375
2018-10-01,Taiwan,Taiwan,-0.01091080784682248,0.625
2018-10-01,Thailand,Thailand,-0.017212457502579454,0.578125
2018-10-01,Turkey,Turkey,-0.004013659094855348,0.5
2018-10-01,U.K.,U.K.,0.013741251906260087,0.6875
2018-10-01,U.S.,US,0.03198906119961914,0.515625
2018-10-01,US SmallCap,US,0.0350049785477962,0.59375
2018-10-01,Vietnam,Vietnam,0.0025757603919700466,0.53125
2018-11-01,Australia,Australia,-0.015323260920792222,0.609375
2018-11-01,Brazil,Brazil,-0.021813773048396275,0.15625
2018-11-01,Canada,Canada,0.016309812665861605,0.625
2018-11-01,Chile,Chile,-0.02375357677556466,0.359375
2018-11-01,ChinaA,China,-0.004897181751331225,0.53125
2018-11-01,ChinaH,China,-0.008226624521033782,0.53125
2018-11-01,Denmark,Denmark,0.05273909290571466,0.25
2018-11-01,France,France,-0.011072303087416347,0.609375
2018-11-01,Germany,Germany,0.020579219027259257,0.46875
2018-11-01,Hong Kong,Hong Kong,-7.612423596550268e-05,0.78125
2018-11-01,Indonesia,Indonesia,-0.0057979288822627845,0.171875
2018-11-01,Italy,Italy,-0.007360641661171128,0.5625
2018-11-01,Japan,Japan,-0.010029452836676047,0.75
2018-11-01,Korea,Korea,0.0024383965597165064,0.71875
2018-11-01,Malaysia,Malaysia,-0.026312521586096493,0.71875
2018-11-01,Mexico,Mexico,0.009868779917571662,0.609375
2018-11-01,NASDAQ,US,0.04762111741969595,0.5
2018-11-01,Netherlands,Netherlands,0.011611385236566404,0.40625
2018-11-01,Philippines,Philippines,-0.011302153516946863,0.203125
2018-11-01,Poland,Poland,-0.008883253763545665,0.546875
2018-11-01,Singapore,Singapore,0.01289954475576146,0.734375
2018-11-01,South Africa,South Africa,-0.009902880604320572,0.375
2018-11-01,Spain,Spain,-0.005555721641339632,0.5
2018-11-01,Sweden,Sweden,0.020148056534781616,0.359375
2018-11-01,Switzerland,Switzerland,0.011396174275930156,0.375
2018-11-01,Taiwan,Taiwan,0.0036426533555863495,0.5625
2018-11-01,Thailand,Thailand,-0.01225296899761057,0.578125
2018-11-01,Turkey,Turkey,-6.473873545223899e-06,0.5
2018-11-01,U.K.,U.K.,0.023728149413019973,0.6875
2018-11-01,U.S.,US,0.0413536743462162,0.53125
2018-11-01,US SmallCap,US,0.05180924176387386,0.65625
2018-11-01,Vietnam,Vietnam,0.007762339621757999,0.53125
2018-12-01,Australia,Australia,-0.011036903284173782,0.59375
2018-12-01,Brazil,Brazil,-0.024213475378586338,0.609375
2018-12-01,Canada,Canada,0.016702807552626545,0.59375
2018-12-01,Chile,Chile,-0.02705246206534315,0.578125
2018-12-01,ChinaA,China,-0.0013595014626544746,0.46875
2018-12-01,ChinaH,China,-0.007662555705967406,0.40625
2018-12-01,Denmark,Denmark,0.05379729855691631,0.21875
2018-12-01,France,France,-0.00660995477257968,0.625
2018-12-01,Germany,Germany,0.02335548554739129,0.46875
2018-12-01,Hong Kong,Hong Kong,0.0026036606423492405,0.671875
2018-12-01,Indonesia,Indonesia,-0.006109792880567634,0.28125
2018-12-01,Italy,Italy,-0.005990029159817532,0.5625
2018-12-01,Japan,Japan,-0.006710324933631034,0.703125
2018-12-01,Korea,Korea,0.0038542694828601638,0.546875
2018-12-01,Malaysia,Malaysia,-0.02370960630397418,0.734375
2018-12-01,Mexico,Mexico,0.015974115675051703,0.4375
2018-12-01,NASDAQ,US,0.052234062659109765,0.5
2018-12-01,Netherlands,Netherlands,0.01202105852801379,0.375
2018-12-01,Philippines,Philippines,-0.012059874398639807,0.28125
2018-12-01,Poland,Poland,-0.009499384861640824,0.53125
2018-12-01,Singapore,Singapore,0.01422014443604851,0.6875
2018-12-01,South Africa,South Africa,-0.00889251584090952,0.203125
2018-12-01,Spain,Spain,-0.006159583926966557,0.578125
2018-12-01,Sweden,Sweden,0.024146542629524013,0.375
2018-12-01,Switzerland,Switzerland,0.013002201663044333,0.453125
2018-12-01,Taiwan,Taiwan,0.005661484109017373,0.59375
2018-12-01,Thailand,Thailand,-0.009201035828970276,0.640625
2018-12-01,Turkey,Turkey,0.011909777712535003,0.5
2018-12-01,U.K.,U.K.,0.027761421522851038,0.71875
2018-12-01,U.S.,US,0.04580026941907371,0.53125
2018-12-01,US SmallCap,US,0.05328763709481811,0.609375
2018-12-01,Vietnam,Vietnam,0.008859873096076012,0.421875
2019-01-01,Australia,Australia,-0.010200768530233864,0.5625
2019-01-01,Brazil,Brazil,-0.02227935872917253,0.578125
2019-01-01,Canada,Canada,0.024573923612610803,0.609375
2019-01-01,Chile,Chile,-0.030072924925387632,0.375
2019-01-01,ChinaA,China,-0.0010625131264461237,0.53125
2019-01-01,ChinaH,China,-0.006630564737564406,0.5
2019-01-01,Denmark,Denmark,0.055455849589604145,0.234375
2019-01-01,France,France,-0.0014743861782239385,0.578125
2019-01-01,Germany,Germany,0.02893945771742729,0.421875
2019-01-01,Hong Kong,Hong Kong,0.0019032302772894558,0.796875
2019-01-01,Indonesia,Indonesia,-0.009134383523745836,0.34375
2019-01-01,Italy,Italy,-0.0033168808883602113,0.59375
2019-01-01,Japan,Japan,0.0014872521644140758,0.75
2019-01-01,Korea,Korea,0.0037535377586196458,0.546875
2019-01-01,Malaysia,Malaysia,-0.023572503155333574,0.65625
2019-01-01,Mexico,Mexico,0.01582066640387372,0.296875
2019-01-01,NASDAQ,US,0.05530875786289424,0.515625
2019-01-01,Netherlands,Netherlands,0.01846822118800641,0.46875
2019-01-01,Philippines,Philippines,-0.013747179265207915,0.234375
2019-01-01,Poland,Poland,-0.010426798946092357,0.578125
2019-01-01,Singapore,Singapore,0.014555455698255153,0.71875
2019-01-01,South Africa,South Africa,-0.013112042843817598,0.15625
2019-01-01,Spain,Spain,-0.003168784040793597,0.609375
2019-01-01,Sweden,Sweden,0.0293698458883967,0.390625
2019-01-01,Switzerland,Switzerland,0.022296407011960385,0.5
2019-01-01,Taiwan,Taiwan,0.006402073357064143,0.53125
2019-01-01,Thailand,Thailand,-0.006388583909972306,0.59375
2019-01-01,Turkey,Turkey,-0.007087684286150758,0.484375
2019-01-01,U.K.,U.K.,0.028479993671642948,0.6875
2019-01-01,U.S.,US,0.05541878357154585,0.546875
2019-01-01,US SmallCap,US,0.06760197120819222,0.6875
2019-01-01,Vietnam,Vietnam,0.009931276789709172,0.421875
2019-02-01,Australia,Australia,-0.009834134686827678,0.671875
2019-02-01,Brazil,Brazil,-0.022198701958624403,0.453125
2019-02-01,Canada,Canada,0.024514764354220512,0.578125
2019-02-01,Chile,Chile,-0.03142441719720428,0.34375
2019-02-01,ChinaA,China,-0.00066502007180687,0.421875
2019-02-01,ChinaH,China,-0.00857116408479504,0.375
2019-02-01,Denmark,Denmark,0.05507238734754703,0.296875
2019-02-01,France,France,-0.004984897291754074,0.546875
2019-02-01,Germany,Germany,0.024999422770825817,0.421875
2019-02-01,Hong Kong,Hong Kong,0.0008032127088383658,0.890625
2019-02-01,Indonesia,Indonesia,-0.010596135251930245,0.515625
2019-02-01,Italy,Italy,-0.004958594875986587,0.5625
2019-02-01,Japan,Japan,0.0017322323514024542,0.6875
2019-02-01,Korea,Korea,-0.0004374285609275528,0.640625
2019-02-01,Malaysia,Malaysia,-0.028362434042388876,0.65625
2019-02-01,Mexico,Mexico,0.00823859131774668,0.359375
2019-02-01,NASDAQ,US,0.061987438585934404,0.515625
2019-02-01,Netherlands,Netherlands,0.01653220307425682,0.359375
2019-02-01,Philippines,Philippines,-0.016225397195144597,0.4375
2019-02-01,Poland,Poland,-0.01241139829713181,0.609375
2019-02-01,Singapore,Singapore,0.012865843564693676,0.734375
2019-02-01,South Africa,South Africa,0.0031978296575386807,0.28125
2019-02-01,Spain,Spain,-0.004936501784825794,0.578125
2019-02-01,Sweden,Sweden,0.02199727536199871,0.3125
2019-02-01,Switzerland,Switzerland,0.013844935739544782,0.453125
2019-02-01,Taiwan,Taiwan,0.00366187655531827,0.578125
2019-02-01,Thailand,Thailand,-0.008678465639420136,0.5625
2019-02-01,Turkey,Turkey,-0.009182067540721012,0.484375
2019-02-01,U.K.,U.K.,0.03260361435505381,0.78125
2019-02-01,U.S.,US,0.058263016670842147,0.546875
2019-02-01,US SmallCap,US,0.06506884470013545,0.59375
2019-02-01,Vietnam,Vietnam,0.01175615928370334,0.25
2019-03-01,Australia,Australia,-0.01490368387677966,0.5625
2019-03-01,Brazil,Brazil,-0.019851069217848308,0.609375
2019-03-01,Canada,Canada,0.018623808527681637,0.734375
2019-03-01,Chile,Chile,-0.032180796234793536,0.421875
2019-03-01,ChinaA,China,-0.023568767036603756,0.46875
2019-03-01,ChinaH,China,-0.028090665997830777,0.421875
2019-03-01,Denmark,Denmark,0.05499995220508361,0.171875
2019-03-01,France,France,-0.007594311825852603,0.5625
2019-03-01,Germany,Germany,0.018643065667740658,0.390625
2019-03-01,Hong Kong,Hong Kong,-0.008046831433420975,0.78125
2019-03-01,Indonesia,Indonesia,-0.009431601332867374,0.484375
2019-03-01,Italy,Italy,-0.010287278408490344,0.546875
2019-03-01,Japan,Japan,0.0025245755798144493,0.625
2019-03-01,Korea,Korea,0.009107246497006439,0.75
2019-03-01,Malaysia,Malaysia,-0.023025471150768306,0.5625
2019-03-01,Mexico,Mexico,0.009052533233530106,0.546875
2019-03-01,NASDAQ,US,0.05757948858789941,0.484375
2019-03-01,Netherlands,Netherlands,0.014186233685815348,0.421875
2019-03-01,Philippines,Philippines,-0.01820876396201909,0.484375
2019-03-01,Poland,Poland,-0.014808946915250015,0.71875
2019-03-01,Singapore,Singapore,0.013849552036195326,0.703125
2019-03-01,South Africa,South Africa,0.0004636145761848492,0.171875
2019-03-01,Spain,Spain,-0.007761075698913851,0.59375
2019-03-01,Sweden,Sweden,0.021709771585530075,0.390625
2019-03-01,Switzerland,Switzerland,0.013025831356717314,0.46875
2019-03-01,Taiwan,Taiwan,-0.000380889868169065,0.40625
2019-03-01,Thailand,Thailand,-0.004342771302312916,0.53125
2019-03-01,Turkey,Turkey,-0.007154776364383929,0.5
2019-03-01,U.K.,U.K.,0.023300324335377435,0.734375
2019-03-01,U.S.,US,0.05379004920097477,0.546875
2019-03-01,US SmallCap,US,0.06196185621434461,0.609375
2019-03-01,Vietnam,Vietnam,0.011425926039719404,0.09375
2019-04-01,Australia,Australia,-0.018884057776047562,0.640625
2019-04-01,Brazil,Brazil,-0.017744913610642555,0.515625
2019-04-01,Canada,Canada,0.015849425926760544,0.6875
2019-04-01,Chile,Chile,-0.02681630695843109,0.40625
2019-04-01,ChinaA,China,-0.011094567829723047,0.484375
2019-04-01,ChinaH,China,-0.010396783765664374,0.546875
2019-04-01,Denmark,Denmark,0.051127529156092894,0.296875
2019-04-01,France,France,-0.011271837469841478,0.609375
2019-04-01,Germany,Germany,0.02194018485087443,0.4375
2019-04-01,Hong Kong,Hong Kong,-0.00743912014668257,0.859375
2019-04-01,Indonesia,Indonesia,-0.006828708543607308,0.46875
2019-04-01,Italy,Italy,-0.009448054252722125,0.5625
2019-04-01,Japan,Japan,-3.2805316961552825e-05,0.65625
2019-04-01,Korea,Korea,0.010144243464510802,0.578125
2019-04-01,Malaysia,Malaysia,-0.02159515216068758,0.5
2019-04-01,Mexico,Mexico,0.006530745383376727,0.359375
2019-04-01,NASDAQ,US,0.05463105403872619,0.515625
2019-04-01,Netherlands,Netherlands,0.0103620665174021,0.4375
2019-04-01,Philippines,Philippines,-0.021527968535787194,0.46875
2019-04-01,Poland,Poland,-0.010983992901335633,0.734375
2019-04-01,Singapore,Singapore,0.012879232913987876,0.65625
2019-04-01,South Africa,South Africa,-0.00017868270977748103,0.171875
2019-04-01,Spain,Spain,-0.00850415297455911,0.65625
2019-04-01,Sweden,Sweden,0.020050389476489374,0.421875
2019-04-01,Switzerland,Switzerland,0.007995493906763476,0.46875
2019-04-01,Taiwan,Taiwan,-0.0007044349198531297,0.390625
2019-04-01,Thailand,Thailand,-0.003231308017341653,0.5
2019-04-01,Turkey,Turkey,-0.005531862357380896,0.5
2019-04-01,U.K.,U.K.,0.019631964312479672,0.71875
2019-04-01,U.S.,US,0.04909269905580635,0.546875
2019-04-01,US SmallCap,US,0.061713799713951786,0.625
2019-04-01,Vietnam,Vietnam,0.011062556836558081,0.078125
2019-05-01,Australia,Australia,-0.020188415385166886,0.609375
2019-05-01,Brazil,Brazil,-0.01631917862195143,0.578125
2019-05-01,Canada,Canada,0.0135324006401649,0.640625
2019-05-01,Chile,Chile,-0.02212891894374052,0.359375
2019-05-01,ChinaA,China,-0.00749993473342301,0.578125
2019-05-01,ChinaH,China,-0.011374867544354923,0.5625
2019-05-01,Denmark,Denmark,0.04972218699218485,0.375
2019-05-01,France,France,-0.013901494427578423,0.484375
2019-05-01,Germany,Germany,0.0196253519975834,0.421875
2019-05-01,Hong Kong,Hong Kong,-0.007850335722097576,0.828125
2019-05-01,Indonesia,Indonesia,-0.009160927595009782,0.5625
2019-05-01,Italy,Italy,-0.01105589151379326,0.5625
2019-05-01,Japan,Japan,-0.001671152503318599,0.625
2019-05-01,Korea,Korea,0.001061574594433878,0.515625
2019-05-01,Malaysia,Malaysia,-0.02169212186837299,0.453125
2019-05-01,Mexico,Mexico,0.0037915147689854354,0.3125
2019-05-01,NASDAQ,US,0.05345035185489633,0.515625
2019-05-01,Netherlands,Netherlands,0.00740414483591189,0.40625
2019-05-01,Philippines,Philippines,-0.019179289908183895,0.5625
2019-05-01,Poland,Poland,-0.011363720191803279,0.671875
2019-05-01,Singapore,Singapore,0.01059491203456395,0.5625
2019-05-01,South Africa,South Africa,-0.003273163788043954,0.203125
2019-05-01,Spain,Spain,-0.009910304537130894,0.578125
2019-05-01,Sweden,Sweden,0.01663742073520319,0.421875
2019-05-01,Switzerland,Switzerland,0.003109071359573801,0.53125
2019-05-01,Taiwan,Taiwan,-0.0064562841966007735,0.5625
2019-05-01,Thailand,Thailand,-0.0044444470925903415,0.484375
2019-05-01,Turkey,Turkey,-0.00651816367799401,0.515625
2019-05-01,U.K.,U.K.,0.0178723124521345,0.671875
2019-05-01,U.S.,US,0.04587069812957621,0.546875
2019-05-01,US SmallCap,US,0.05827111649225877,0.53125
2019-05-01,Vietnam,Vietnam,0.008135428842896638,0.265625
2019-06-01,Australia,Australia,-0.020891072641225937,0.5
2019-06-01,Brazil,Brazil,-0.020806960247326492,0.6875
2019-06-01,Canada,Canada,0.016513746896455576,0.546875
2019-06-01,Chile,Chile,-0.024341863117196355,0.34375
2019-06-01,ChinaA,China,-0.0046166276526620415,0.453125
2019-06-01,ChinaH,China,-0.007118815190802683,0.453125
2019-06-01,Denmark,Denmark,0.05269072713901145,0.25
2019-06-01,France,France,-0.009148991261558617,0.515625
2019-06-01,Germany,Germany,0.023100622046535787,0.453125
2019-06-01,Hong Kong,Hong Kong,-0.003312902298485774,0.765625
2019-06-01,Indonesia,Indonesia,-0.00806994743921747,0.515625
2019-06-01,Italy,Italy,-0.011535828939290598,0.609375
2019-06-01,Japan,Japan,0.0013962561789964915,0.515625
2019-06-01,Korea,Korea,0.0020025811652995256,0.53125
2019-06-01,Malaysia,Malaysia,-0.028214086147184455,0.4375
2019-06-01,Mexico,Mexico,-0.0007369988268579996,0.609375
2019-06-01,NASDAQ,US,0.055004129361638274,0.453125
2019-06-01,Netherlands,Netherlands,0.011668409121925412,0.453125
2019-06-01,Philippines,Philippines,-0.022838623440076408,0.609375
2019-06-01,Poland,Poland,-0.01369400930311438,0.8125
2019-06-01,Singapore,Singapore,0.015100510394352808,0.671875
2019-06-01,South Africa,South Africa,-0.0036313012430796493,0.265625
2019-06-01,Spain,Spain,-0.011132085532704644,0.671875
2019-06-01,Sweden,Sweden,0.02776579834842306,0.484375
2019-06-01,Switzerland,Switzerland,0.0012925461539998982,0.5625
2019-06-01,Taiwan,Taiwan,-0.0005923198711928999,0.46875
2019-06-01,Thailand,Thailand,-0.006786427762428942,0.4375
2019-06-01,Turkey,Turkey,-0.009497946879397104,0.5
2019-06-01,U.K.,U.K.,0.02145896386832156,0.640625
2019-06-01,U.S.,US,0.05123619126322573,0.515625
2019-06-01,US SmallCap,US,0.06635617171306545,0.40625
2019-06-01,Vietnam,Vietnam,0.006230098834555537,0.359375
2019-07-01,Australia,Australia,-0.02157178939225527,0.5703125
2019-07-01,Brazil,Brazil,-0.024153921660915907,0.6875
2019-07-01,Canada,Canada,0.008887942343037119,0.53125
2019-07-01,Chile,Chile,-0.026136550395615812,0.34375
2019-07-01,ChinaA,China,-0.011779979523301561,0.4375
2019-07-01,ChinaH,China,-0.014504308850709566,0.421875
2019-07-01,Denmark,Denmark,0.050756074594069764,0.34375
2019-07-01,France,France,-0.016891306278886905,0.53125
2019-07-01,Germany,Germany,0.015053907830005864,0.453125
2019-07-01,Hong Kong,Hong Kong,-0.006206273920937574,0.78125
2019-07-01,Indonesia,Indonesia,-0.01511804017595402,0.5625
2019-07-01,Italy,Italy,-0.015680633955398676,0.578125
2019-07-01,Japan,Japan,-0.005503477228160183,0.609375
2019-07-01,Korea,Korea,-0.008509715034047632,0.53125
2019-07-01,Malaysia,Malaysia,-0.025929874421691056,0.5625
2019-07-01,Mexico,Mexico,-0.008101893581267816,0.359375
2019-07-01,NASDAQ,US,0.05354086930892492,0.375
2019-07-01,Netherlands,Netherlands,0.005077769535766297,0.375
2019-07-01,Philippines,Philippines,-0.027484920944099576,0.6484375
2019-07-01,Poland,Poland,-0.01708180128660893,0.828125
2019-07-01,Singapore,Singapore,0.0073009849666273476,0.71875
2019-07-01,South Africa,South Africa,-0.007928652522308694,0.421875
2019-07-01,Spain,Spain,-0.012113657648276606,0.609375
2019-07-01,Sweden,Sweden,0.012893529199552969,0.328125
2019-07-01,Switzerland,Switzerland,-0.00392672466694016,0.53125
2019-07-01,Taiwan,Taiwan,-0.0027574746056898483,0.5
2019-07-01,Thailand,Thailand,-0.018004600179017984,0.5625
2019-07-01,Turkey,Turkey,-0.019745819552136747,0.5
2019-07-01,U.K.,U.K.,0.014165301501236141,0.609375
2019-07-01,U.S.,US,0.04726401964501735,0.4375
2019-07-01,US SmallCap,US,0.05655304618189971,0.359375
2019-07-01,Vietnam,Vietnam,0.013760969142439222,0.390625
2019-08-01,Australia,Australia,-0.023995509584165308,0.5
2019-08-01,Brazil,Brazil,-0.023275356589809972,0.65625
2019-08-01,Canada,Canada,0.0075433216262254105,0.59375
2019-08-01,Chile,Chile,-0.020570937583859604,0.375
2019-08-01,ChinaA,China,-0.022767204574837968,0.53125
2019-08-01,ChinaH,China,-0.02569893109450965,0.453125
2019-08-01,Denmark,Denmark,0.052444836154985575,0.328125
2019-08-01,France,France,-0.018095013675801873,0.5625
2019-08-01,Germany,Germany,0.014384809058902388,0.40625
2019-08-01,Hong Kong,Hong Kong,-0.007083806734226993,0.8125
2019-08-01,Indonesia,Indonesia,-0.016299903191115288,0.578125
2019-08-01,Italy,Italy,-0.01730280888551969,0.640625
2019-08-01,Japan,Japan,-0.007512479521004891,0.546875
2019-08-01,Korea,Korea,-0.007936447079448941,0.578125
2019-08-01,Malaysia,Malaysia,-0.024059057743223033,0.453125
2019-08-01,Mexico,Mexico,-0.0002683931155119841,0.3125
2019-08-01,NASDAQ,US,0.04592132467549416,0.375
2019-08-01,Netherlands,Netherlands,0.002587118795665736,0.40625
2019-08-01,Philippines,Philippines,-0.025718103752830523,0.640625
2019-08-01,Poland,Poland,-0.015570593463667314,0.734375
2019-08-01,Singapore,Singapore,0.00494585134936497,0.796875
2019-08-01,South Africa,South Africa,-0.008312467396167528,0.390625
2019-08-01,Spain,Spain,-0.011013469029331107,0.546875
2019-08-01,Sweden,Sweden,0.013044609075153448,0.4375
2019-08-01,Switzerland,Switzerland,-0.008179499056701553,0.515625
2019-08-01,Taiwan,Taiwan,-0.003933223278341765,0.4375
2019-08-01,Thailand,Thailand,-0.017102045071689942,0.59375
2019-08-01,Turkey,Turkey,-0.023919125802678284,0.53125
2019-08-01,U.K.,U.K.,0.010678763690436043,0.578125
2019-08-01,U.S.,US,0.04518903053675842,0.46875
2019-08-01,US SmallCap,US,0.05676586354911278,0.4375
2019-08-01,Vietnam,Vietnam,0.013687107461169384,0.28125
2019-09-01,Australia,Australia,-0.01420003974147904,0.640625
2019-09-01,Brazil,Brazil,-0.024958179147670997,0.65625
2019-09-01,Canada,Canada,0.006470318576403308,0.5
2019-09-01,Chile,Chile,-0.02157649766480993,0.390625
2019-09-01,ChinaA,China,-0.013296186163776933,0.609375
2019-09-01,ChinaH,China,-0.016456101384942218,0.546875
2019-09-01,Denmark,Denmark,0.04924457051299634,0.234375
2019-09-01,France,France,-0.017112113696702142,0.484375
2019-09-01,Germany,Germany,0.015949509448535553,0.421875
2019-09-01,Hong Kong,Hong Kong,-0.0036313468015184416,0.828125
2019-09-01,Indonesia,Indonesia,-0.016884114953678624,0.5625
2019-09-01,Italy,Italy,-0.019145865636009313,0.78125
2019-09-01,Japan,Japan,-0.006348048623686953,0.53125
2019-09-01,Korea,Korea,-0.0055829140464854,0.53125
2019-09-01,Malaysia,Malaysia,-0.02238699443692869,0.40625
2019-09-01,Mexico,Mexico,-0.0013634715258002868,0.28125
2019-09-01,NASDAQ,US,0.051149058942007206,0.28125
2019-09-01,Netherlands,Netherlands,0.0026964312464761355,0.390625
2019-09-01,Philippines,Philippines,-0.02491530869211653,0.578125
2019-09-01,Poland,Poland,-0.012583544890811107,0.59375
2019-09-01,Singapore,Singapore,0.007430481288357781,0.78125
2019-09-01,South Africa,South Africa,-0.008539968038802182,0.515625
2019-09-01,Spain,Spain,-0.010415463536945675,0.59375
2019-09-01,Sweden,Sweden,0.01595972957145592,0.28125
2019-09-01,Switzerland,Switzerland,-0.0061447098773798,0.515625
2019-09-01,Taiwan,Taiwan,-0.0033117543040904742,0.40625
2019-09-01,Thailand,Thailand,-0.014322891206023113,0.515625
2019-09-01,Turkey,Turkey,-0.031133912105062632,0.96875
2019-09-01,U.K.,U.K.,0.012740857559743513,0.609375
2019-09-01,U.S.,US,0.04716659306722855,0.40625
2019-09-01,US SmallCap,US,0.06721744420807545,0.375
2019-09-01,Vietnam,Vietnam,0.012575487992171237,0.28125
2019-10-01,Australia,Australia,-0.013220450677851867,0.671875
2019-10-01,Brazil,Brazil,-0.022904452789460267,0.640625
2019-10-01,Canada,Canada,0.005320932604112873,0.5625
2019-10-01,Chile,Chile,-0.021421961422529633,0.34375
2019-10-01,ChinaA,China,-0.01298584795237626,0.578125
2019-10-01,ChinaH,China,-0.015950827711343176,0.5625
2019-10-01,Denmark,Denmark,0.04712995430634591,0.40625
2019-10-01,France,France,-0.018850567135950774,0.46875
2019-10-01,Germany,Germany,0.014316633192653753,0.453125
2019-10-01,Hong Kong,Hong Kong,-0.0004272923449881831,0.75
2019-10-01,Indonesia,Indonesia,-0.015050083698096673,0.578125
2019-10-01,Italy,Italy,-0.019546171602342722,0.75
2019-10-01,Japan,Japan,-0.007811260696219777,0.53125
2019-10-01,Korea,Korea,-0.007503491961018941,0.53125
2019-10-01,Malaysia,Malaysia,-0.02067512349377537,0.4375
2019-10-01,Mexico,Mexico,-0.010895760103898946,0.171875
2019-10-01,NASDAQ,US,0.051983726286391474,0.34375
2019-10-01,Netherlands,Netherlands,-0.00030312116041457914,0.515625
2019-10-01,Philippines,Philippines,-0.02648600694507857,0.65625
2019-10-01,Poland,Poland,-0.011936872082153927,0.515625
2019-10-01,Singapore,Singapore,0.009232943969114879,0.6875
2019-10-01,South Africa,South Africa,-0.0026576171444280886,0.5
2019-10-01,Spain,Spain,-0.012094839908616374,0.5625
2019-10-01,Sweden,Sweden,0.015252030767332444,0.21875
2019-10-01,Switzerland,Switzerland,-0.00631277954255562,0.53125
2019-10-01,Taiwan,Taiwan,-0.004284547565835752,0.390625
2019-10-01,Thailand,Thailand,-0.012191330546469306,0.515625
2019-10-01,Turkey,Turkey,-0.02740132213033711,0.921875
2019-10-01,U.K.,U.K.,0.011710920624137162,0.546875
2019-10-01,U.S.,US,0.04775307042723133,0.453125
2019-10-01,US SmallCap,US,0.06705319891142993,0.40625
2019-10-01,Vietnam,Vietnam,0.013152203264033643,0.296875
2019-11-01,Australia,Australia,-0.01736906073022736,0.734375
2019-11-01,Brazil,Brazil,-0.021740970795446846,0.375
2019-11-01,Canada,Canada,0.001717393694833957,0.625
2019-11-01,Chile,Chile,-0.0213667931430045,0.375
2019-11-01,ChinaA,China,-0.01562292951290945,0.578125
2019-11-01,ChinaH,China,-0.019019880227241787,0.5625
2019-11-01,Denmark,Denmark,0.04345168947742087,0.390625
2019-11-01,France,France,-0.024421506202147177,0.46875
2019-11-01,Germany,Germany,0.008988757231037255,0.390625
2019-11-01,Hong Kong,Hong Kong,-0.006715772919706626,0.75
2019-11-01,Indonesia,Indonesia,-0.016140809416153774,0.5625
2019-11-01,Italy,Italy,-0.022848520996587948,0.859375
2019-11-01,Japan,Japan,-0.015434817287828462,0.5
2019-11-01,Korea,Korea,-0.012438106247148355,0.59375
2019-11-01,Malaysia,Malaysia,-0.02281747744606051,0.34375
2019-11-01,Mexico,Mexico,-0.01722589650074102,0.328125
2019-11-01,NASDAQ,US,0.04609925600520673,0.34375
2019-11-01,Netherlands,Netherlands,-0.004292114543488262,0.5625
2019-11-01,Philippines,Philippines,-0.027123036503328864,0.578125
2019-11-01,Poland,Poland,-0.014258981340541352,0.5
2019-11-01,Singapore,Singapore,0.004334168357344188,0.6875
2019-11-01,South Africa,South Africa,-0.006774025570879935,0.4375
2019-11-01,Spain,Spain,-0.01516561422476632,0.5625
2019-11-01,Sweden,Sweden,0.006241116312787015,0.203125
2019-11-01,Switzerland,Switzerland,-0.010154000108722694,0.515625
2019-11-01,Taiwan,Taiwan,-0.013028213813914509,0.484375
2019-11-01,Thailand,Thailand,-0.012555109174454054,0.453125
2019-11-01,Turkey,Turkey,-0.029162145301826255,0.984375
2019-11-01,U.K.,U.K.,0.007135442986817765,0.578125
2019-11-01,U.S.,US,0.041759642993723506,0.4375
2019-11-01,US SmallCap,US,0.059764447360864864,0.421875
2019-11-01,Vietnam,Vietnam,0.010975834936397106,0.3125
2019-12-01,Australia,Australia,-0.019367093185998288,0.734375
2019-12-01,Brazil,Brazil,-0.02292954544863751,0.546875
2019-12-01,Canada,Canada,-0.000665039206828066,0.5
2019-12-01,Chile,Chile,-0.020703838951848387,0.375
2019-12-01,ChinaA,China,-0.014460208132568183,0.515625
2019-12-01,ChinaH,China,-0.019713838226464588,0.46875
2019-12-01,Denmark,Denmark,0.039945280202253436,0.359375
2019-12-01,France,France,-0.027743908759347555,0.640625
2019-12-01,Germany,Germany,0.005481847144779147,0.5625
2019-12-01,Hong Kong,Hong Kong,-0.0064972102644839025,0.6875
2019-12-01,Indonesia,Indonesia,-0.013030166845267477,0.296875
2019-12-01,Italy,Italy,-0.02392846911194816,0.921875
2019-12-01,Japan,Japan,-0.017909613155523606,0.609375
2019-12-01,Korea,Korea,-0.012890694700472771,0.59375
2019-12-01,Malaysia,Malaysia,-0.02393170613961227,0.40625
2019-12-01,Mexico,Mexico,-0.018414865891597347,0.5625
2019-12-01,NASDAQ,US,0.042922935325569914,0.40625
2019-12-01,Netherlands,Netherlands,-0.007124760601987572,0.484375
2019-12-01,Philippines,Philippines,-0.027324808799221726,0.5625
2019-12-01,Poland,Poland,-0.014849152791900466,0.484375
2019-12-01,Singapore,Singapore,0.002757586192773019,0.703125
2019-12-01,South Africa,South Africa,-0.007072155409556118,0.34375
2019-12-01,Spain,Spain,-0.01673244236897448,0.53125
2019-12-01,Sweden,Sweden,0.004594130405808427,0.40625
2019-12-01,Switzerland,Switzerland,-0.011056025560986185,0.546875
2019-12-01,Taiwan,Taiwan,-0.016545420325847465,0.671875
2019-12-01,Thailand,Thailand,-0.013370542270860146,0.375
2019-12-01,Turkey,Turkey,-0.026280495218178185,0.53125
2019-12-01,U.K.,U.K.,0.0033376461605847604,0.671875
2019-12-01,U.S.,US,0.039506864741379974,0.375
2019-12-01,US SmallCap,US,0.05664695271893859,0.40625
2019-12-01,Vietnam,Vietnam,0.011962570703609239,0.21875
2020-01-01,Australia,Australia,-0.01951266095672674,0.703125
2020-01-01,Brazil,Brazil,-0.023851819908311783,0.390625
2020-01-01,Canada,Canada,-0.004929347536860818,0.703125
2020-01-01,Chile,Chile,-0.0229087465751582,0.34375
2020-01-01,ChinaA,China,-0.027318761629926525,0.609375
2020-01-01,ChinaH,China,-0.03279899455260753,0.5625
2020-01-01,Denmark,Denmark,0.03497471339301751,0.375
2020-01-01,France,France,-0.030936718805744834,0.625
2020-01-01,Germany,Germany,0.002414298856617876,0.65625
2020-01-01,Hong Kong,Hong Kong,-0.0073887100441657645,0.53125
2020-01-01,Indonesia,Indonesia,-0.014859463393644788,0.1875
2020-01-01,Italy,Italy,-0.025628510603561132,0.8125
2020-01-01,Japan,Japan,-0.022007698812084392,0.6875
2020-01-01,Korea,Korea,-0.016047483880184926,0.578125
2020-01-01,Malaysia,Malaysia,-0.024219029536402672,0.40625
2020-01-01,Mexico,Mexico,-0.01835882616564386,0.328125
2020-01-01,NASDAQ,US,0.03514352670436936,0.515625
2020-01-01,Netherlands,Netherlands,-0.01119235014140867,0.546875
2020-01-01,Philippines,Philippines,-0.026206352078276655,0.359375
2020-01-01,Poland,Poland,-0.013946230561682003,0.5
2020-01-01,Singapore,Singapore,0.0025245648590475935,0.625
2020-01-01,South Africa,South Africa,-0.008733364965740334,0.3125
2020-01-01,Spain,Spain,-0.01829529180749375,0.5625
2020-01-01,Sweden,Sweden,0.0012716275406399382,0.421875
2020-01-01,Switzerland,Switzerland,-0.015444681973565785,0.53125
2020-01-01,Taiwan,Taiwan,-0.02006333000588168,0.546875
2020-01-01,Thailand,Thailand,-0.013885046601315006,0.359375
2020-01-01,Turkey,Turkey,-0.030061962119193264,0.65625
2020-01-01,U.K.,U.K.,-0.0021230013314458025,0.625
2020-01-01,U.S.,US,0.03038106794265028,0.53125
2020-01-01,US SmallCap,US,0.04846251848014922,0.640625
2020-01-01,Vietnam,Vietnam,0.011703488160284343,0.265625
2020-02-01,Australia,Australia,-0.021320162595077782,0.609375
2020-02-01,Brazil,Brazil,-0.02259799411223804,0.34375
2020-02-01,Canada,Canada,-0.0033730071712998735,0.53125
2020-02-01,Chile,Chile,-0.01710982322342294,0.375
2020-02-01,ChinaA,China,-0.026209161456135086,0.640625
2020-02-01,ChinaH,China,-0.030656393791034988,0.546875
2020-02-01,Denmark,Denmark,0.032575923016573055,0.484375
2020-02-01,France,France,-0.028170954655668323,0.671875
2020-02-01,Germany,Germany,0.004583316964547109,0.625
2020-02-01,Hong Kong,Hong Kong,-0.004469838747416604,0.609375
2020-02-01,Indonesia,Indonesia,-0.0127291113785338,0.203125
2020-02-01,Italy,Italy,-0.024097480025674627,0.8125
2020-02-01,Japan,Japan,-0.019770008638742082,0.671875
2020-02-01,Korea,Korea,-0.014477464178847533,0.6875
2020-02-01,Malaysia,Malaysia,-0.021743825062161836,0.40625
2020-02-01,Mexico,Mexico,-0.017427537947208194,0.28125
2020-02-01,NASDAQ,US,0.0384261302511502,0.5
2020-02-01,Netherlands,Netherlands,-0.007889745273070898,0.515625
2020-02-01,Philippines,Philippines,-0.021693542314719795,0.34375
2020-02-01,Poland,Poland,-0.012351527760678792,0.5
2020-02-01,Singapore,Singapore,0.004194042037042062,0.65625
2020-02-01,South Africa,South Africa,-0.00882240991074722,0.3125
2020-02-01,Spain,Spain,-0.017301039225942307,0.625
2020-02-01,Sweden,Sweden,0.0014120060922582778,0.453125
2020-02-01,Switzerland,Switzerland,-0.014876515329718992,0.53125
2020-02-01,Taiwan,Taiwan,-0.019263734215850047,0.671875
2020-02-01,Thailand,Thailand,-0.007364113363254595,0.34375
2020-02-01,Turkey,Turkey,-0.02830376510715203,0.53125
2020-02-01,U.K.,U.K.,0.004738627476169785,0.6875
2020-02-01,U.S.,US,0.034062233088467384,0.484375
2020-02-01,US SmallCap,US,0.052997709731840606,0.609375
2020-02-01,Vietnam,Vietnam,0.015166541463750901,0.234375
2020-03-01,Australia,Australia,-0.021538319631539564,0.578125
2020-03-01,Brazil,Brazil,-0.016897447668301334,0.453125
2020-03-01,Canada,Canada,0.007792117470318948,0.625
2020-03-01,Chile,Chile,-0.011885873727252494,0.390625
2020-03-01,ChinaA,China,-0.01412329166466464,0.5625
2020-03-01,ChinaH,China,-0.019682308687202263,0.453125
2020-03-01,Denmark,Denmark,0.041483313536512925,0.46875
2020-03-01,France,France,-0.01645333737428595,0.640625
2020-03-01,Germany,Germany,0.011246845601933217,0.609375
2020-03-01,Hong Kong,Hong Kong,-0.001223873364761147,0.484375
2020-03-01,Indonesia,Indonesia,-0.008797829150376003,0.3125
2020-03-01,Italy,Italy,-0.02013424162434381,0.765625
2020-03-01,Japan,Japan,-0.01053666095984275,0.8125
2020-03-01,Korea,Korea,-0.008112513253455194,0.640625
2020-03-01,Malaysia,Malaysia,-0.014982495550058024,0.40625
2020-03-01,Mexico,Mexico,-0.012041879448282514,0.53125
2020-03-01,NASDAQ,US,0.0426697539175664,0.515625
2020-03-01,Netherlands,Netherlands,0.0017846616980921673,0.515625
2020-03-01,Philippines,Philippines,-0.01826781637436906,0.3125
2020-03-01,Poland,Poland,-0.006195389827925554,0.5
2020-03-01,Singapore,Singapore,0.010215556113163146,0.671875
2020-03-01,South Africa,South Africa,-0.008573856868581604,0.28125
2020-03-01,Spain,Spain,-0.010947291401065665,0.59375
2020-03-01,Sweden,Sweden,0.009614950985905958,0.421875
2020-03-01,Switzerland,Switzerland,-0.0028173691847492403,0.5625
2020-03-01,Taiwan,Taiwan,-0.014955100278392513,0.59375
2020-03-01,Thailand,Thailand,-0.0003748857421337279,0.375
2020-03-01,Turkey,Turkey,-0.02130261224876314,0.65625
2020-03-01,U.K.,U.K.,0.015364394436666307,0.671875
2020-03-01,U.S.,US,0.0431539632773988,0.515625
2020-03-01,US SmallCap,US,0.057286278542311914,0.46875
2020-03-01,Vietnam,Vietnam,0.018130080217637897,0.109375
2020-04-01,Australia,Australia,-0.002060489282475906,0.546875
2020-04-01,Brazil,Brazil,-0.008264028894798402,0.515625
2020-04-01,Canada,Canada,0.018938794040815388,0.671875
2020-04-01,Chile,Chile,-0.008650487172802977,0.515625
2020-04-01,ChinaA,China,-0.01294222054751043,0.625
2020-04-01,ChinaH,China,-0.01578708594401418,0.484375
2020-04-01,Denmark,Denmark,0.04772034272178016,0.5
2020-04-01,France,France,-0.001952034315402959,0.609375
2020-04-01,Germany,Germany,0.019831835725285685,0.625
2020-04-01,Hong Kong,Hong Kong,0.007583953243231245,0.515625
2020-04-01,Indonesia,Indonesia,-0.00020723371939205745,0.265625
2020-04-01,Italy,Italy,-0.008823745983801664,0.765625
2020-04-01,Japan,Japan,-0.0037550344148962475,0.734375
2020-04-01,Korea,Korea,-0.0022913254089569485,0.65625
2020-04-01,Malaysia,Malaysia,-0.013801783729348123,0.390625
2020-04-01,Mexico,Mexico,-0.0038200127848200165,0.46875
2020-04-01,NASDAQ,US,0.05170600686080022,0.5
2020-04-01,Netherlands,Netherlands,0.011492645908927668,0.484375
2020-04-01,Philippines,Philippines,-0.011438288938836876,0.34375
2020-04-01,Poland,Poland,0.0001728341094729656,0.484375
2020-04-01,Singapore,Singapore,0.020604370352175685,0.65625
2020-04-01,South Africa,South Africa,-0.01186986659409832,0.21875
2020-04-01,Spain,Spain,-0.0023139433448892063,0.578125
2020-04-01,Sweden,Sweden,0.01841713379585407,0.515625
2020-04-01,Switzerland,Switzerland,0.00460275057703937,0.515625
2020-04-01,Taiwan,Taiwan,-0.003003425287887225,0.640625
2020-04-01,Thailand,Thailand,0.0022238753469349774,0.265625
2020-04-01,Turkey,Turkey,-0.017487966412713947,0.828125
2020-04-01,U.K.,U.K.,0.022670250789783578,0.421875
2020-04-01,U.S.,US,0.05467293132106488,0.484375
2020-04-01,US SmallCap,US,0.06515369698501883,0.515625
2020-04-01,Vietnam,Vietnam,0.023137803568564996,0.15625
2020-05-01,Australia,Australia,0.001017383837742844,0.375
2020-05-01,Brazil,Brazil,-0.007914690878535219,0.296875
2020-05-01,Canada,Canada,0.024611806165253537,0.5625
2020-05-01,Chile,Chile,-0.006568834611149894,0.515625
2020-05-01,ChinaA,China,-0.010009465373112583,0.796875
2020-05-01,ChinaH,China,-0.0159540943374328,0.6875
2020-05-01,Denmark,Denmark,0.04282234368670976,0.53125
2020-05-01,France,France,-0.000376945552208241,0.578125
2020-05-01,Germany,Germany,0.02332148596158778,0.578125
2020-05-01,Hong Kong,Hong Kong,0.007491477414726604,0.65625
2020-05-01,Indonesia,Indonesia,0.006186910995475909,0.21875
2020-05-01,Italy,Italy,-0.006586876956353183,0.640625
2020-05-01,Japan,Japan,-0.0033600973288085883,0.78125
2020-05-01,Korea,Korea,-0.004717085082940585,0.796875
2020-05-01,Malaysia,Malaysia,-0.011407563112884747,0.625
2020-05-01,Mexico,Mexico,0.005853519225342578,0.328125
2020-05-01,NASDAQ,US,0.05126084773666163,0.484375
2020-05-01,Netherlands,Netherlands,0.012342407490612797,0.46875
2020-05-01,Philippines,Philippines,-0.004151385592819149,0.4375
2020-05-01,Poland,Poland,0.0018375968490142829,0.515625
2020-05-01,Singapore,Singapore,0.023950379484462336,0.578125
2020-05-01,South Africa,South Africa,-0.010768352852290901,0.1875
2020-05-01,Spain,Spain,0.0029582277205255983,0.59375
2020-05-01,Sweden,Sweden,0.020698682037523602,0.46875
2020-05-01,Switzerland,Switzerland,0.0038650632327387607,0.546875
2020-05-01,Taiwan,Taiwan,-0.003671078378997131,0.578125
2020-05-01,Thailand,Thailand,0.0036008875048233815,0.3125
2020-05-01,Turkey,Turkey,-0.017541504082171325,0.828125
2020-05-01,U.K.,U.K.,0.027307298175787708,0.515625
2020-05-01,U.S.,US,0.057227163911101775,0.4375
2020-05-01,US SmallCap,US,0.06861293434333433,0.390625
2020-05-01,Vietnam,Vietnam,0.02496579991197888,0.1875
2020-06-01,Australia,Australia,-0.004544548257703306,0.359375
2020-06-01,Brazil,Brazil,-0.02226349737036651,0.234375
2020-06-01,Canada,Canada,0.018518892012841577,0.578125
2020-06-01,Chile,Chile,-0.009808484229297606,0.546875
2020-06-01,ChinaA,China,-0.013961017269935351,0.8125
2020-06-01,ChinaH,China,-0.019983499916303778,0.71875
2020-06-01,Denmark,Denmark,0.047897498700570126,0.515625
2020-06-01,France,France,-0.004936717319911143,0.5625
2020-06-01,Germany,Germany,0.016412068003230786,0.640625
2020-06-01,Hong Kong,Hong Kong,0.006883714234403718,0.671875
2020-06-01,Indonesia,Indonesia,0.0035655562932740276,0.203125
2020-06-01,Italy,Italy,-0.009610602624843274,0.640625
2020-06-01,Japan,Japan,-0.011037160587790574,0.71875
2020-06-01,Korea,Korea,-0.010596270918225025,0.84375
2020-06-01,Malaysia,Malaysia,-0.017814709920276832,0.484375
2020-06-01,Mexico,Mexico,-0.0016374815391448812,0.296875
2020-06-01,NASDAQ,US,0.03930427494236757,0.515625
2020-06-01,Netherlands,Netherlands,0.005167959224597793,0.453125
2020-06-01,Philippines,Philippines,-0.007177662458098644,0.421875
2020-06-01,Poland,Poland,-0.0016857697732802664,0.484375
2020-06-01,Singapore,Singapore,0.021594379511662588,0.640625
2020-06-01,South Africa,South Africa,-0.013433897491655153,0.234375
2020-06-01,Spain,Spain,0.0002997109524435111,0.53125
2020-06-01,Sweden,Sweden,0.01313154239279428,0.5
2020-06-01,Switzerland,Switzerland,0.0008404774622443392,0.484375
2020-06-01,Taiwan,Taiwan,-0.009291386014032045,0.609375
2020-06-01,Thailand,Thailand,-0.0017434493649966971,0.390625
2020-06-01,Turkey,Turkey,-0.020046695786627395,0.734375
2020-06-01,U.K.,U.K.,0.023799991605800427,0.53125
2020-06-01,U.S.,US,0.045115825414505276,0.46875
2020-06-01,US SmallCap,US,0.058041875431330534,0.46875
2020-06-01,Vietnam,Vietnam,0.02150824648252053,0.203125
2020-07-01,Australia,Australia,-0.012543103207674036,0.40625
2020-07-01,Brazil,Brazil,-0.015002282461766657,0.1875
2020-07-01,Canada,Canada,0.018517098143382156,0.53125
2020-07-01,Chile,Chile,-0.02323852961633426,0.515625
2020-07-01,ChinaA,China,-0.016580574795623016,0.796875
2020-07-01,ChinaH,China,-0.024560291168688787,0.625
2020-07-01,Denmark,Denmark,0.04029275689574219,0.515625
2020-07-01,France,France,-0.010654939807257771,0.53125
2020-07-01,Germany,Germany,0.015094639269044252,0.671875
2020-07-01,Hong Kong,Hong Kong,0.00690023245969649,0.5625
2020-07-01,Indonesia,Indonesia,-0.0028098905925628788,0.1875
2020-07-01,Italy,Italy,-0.01545062959806862,0.59375
2020-07-01,Japan,Japan,-0.016657810532341527,0.765625
2020-07-01,Korea,Korea,-0.01447320100362102,0.8125
2020-07-01,Malaysia,Malaysia,-0.024443475084174087,0.5625
2020-07-01,Mexico,Mexico,-0.004925673253663632,0.34375
2020-07-01,NASDAQ,US,0.03904866880748789,0.515625
2020-07-01,Netherlands,Netherlands,0.005297377125666176,0.46875
2020-07-01,Philippines,Philippines,-0.01589742615616007,0.375
2020-07-01,Poland,Poland,-0.007100426923904403,0.515625
2020-07-01,Singapore,Singapore,0.025879327500091618,0.59375
2020-07-01,South Africa,South Africa,-0.0206874099103528,0.21875
2020-07-01,Spain,Spain,-0.0068111556640330535,0.5625
2020-07-01,Sweden,Sweden,0.013403478366341249,0.484375
2020-07-01,Switzerland,Switzerland,0.0033658917445286134,0.46875
2020-07-01,Taiwan,Taiwan,-0.011729850119008314,0.609375
2020-07-01,Thailand,Thailand,-0.005403363900145957,0.34375
2020-07-01,Turkey,Turkey,-0.026786661186295992,0.75
2020-07-01,U.K.,U.K.,0.024003537585800695,0.5
2020-07-01,U.S.,US,0.04776588339323247,0.5
2020-07-01,US SmallCap,US,0.0648148182400878,0.609375
2020-07-01,Vietnam,Vietnam,0.014116601703181707,0.375
2020-08-01,Australia,Australia,-0.015723874184937613,0.421875
2020-08-01,Brazil,Brazil,-0.013204139801110279,0.21875
2020-08-01,Canada,Canada,0.014841405091191195,0.515625
2020-08-01,Chile,Chile,-0.02566729769388733,0.484375
2020-08-01,ChinaA,China,-0.023520971712223258,0.796875
2020-08-01,ChinaH,China,-0.02845511233966281,0.59375
2020-08-01,Denmark,Denmark,0.034930228852395245,0.515625
2020-08-01,France,France,-0.011847630651965431,0.640625
2020-08-01,Germany,Germany,0.012622148050886597,0.65625
2020-08-01,Hong Kong,Hong Kong,0.0025799876650414028,0.59375
2020-08-01,Indonesia,Indonesia,-0.006685426051813393,0.1875
2020-08-01,Italy,Italy,-0.016847548623075692,0.640625
2020-08-01,Japan,Japan,-0.014271751806865138,0.71875
2020-08-01,Korea,Korea,-0.020401822652320087,0.859375
2020-08-01,Malaysia,Malaysia,-0.030438138540164066,0.546875
2020-08-01,Mexico,Mexico,-0.006838576342990253,0.34375
2020-08-01,NASDAQ,US,0.03544722553049161,0.515625
2020-08-01,Netherlands,Netherlands,0.004380486099902532,0.5
2020-08-01,Philippines,Philippines,-0.017929227506759154,0.421875
2020-08-01,Poland,Poland,-0.008439280973127504,0.53125
2020-08-01,Singapore,Singapore,0.024539075143869753,0.609375
2020-08-01,South Africa,South Africa,-0.02151151429690825,0.265625
2020-08-01,Spain,Spain,-0.008321941083625514,0.578125
2020-08-01,Sweden,Sweden,0.008569074538616082,0.515625
2020-08-01,Switzerland,Switzerland,0.0003548335874811268,0.421875
2020-08-01,Taiwan,Taiwan,-0.020723943704135623,0.578125
2020-08-01,Thailand,Thailand,-0.006188206883193903,0.34375
2020-08-01,Turkey,Turkey,-0.02534436363194404,0.6875
2020-08-01,U.K.,U.K.,0.024851808603855583,0.53125
2020-08-01,U.S.,US,0.04560547500176129,0.4375
2020-08-01,US SmallCap,US,0.06167182162474745,0.578125
2020-08-01,Vietnam,Vietnam,0.015868310672337207,0.25
2020-09-01,Australia,Australia,-0.020818174059677796,0.421875
2020-09-01,Brazil,Brazil,-0.017854501272700486,0.28125
2020-09-01,Canada,Canada,0.007215395461093316,0.484375
2020-09-01,Chile,Chile,-0.027780700681428547,0.578125
2020-09-01,ChinaA,China,-0.04042956161458272,0.78125
2020-09-01,ChinaH,China,-0.04376511059858634,0.625
2020-09-01,Denmark,Denmark,0.031122590148158897,0.5
2020-09-01,France,France,-0.015936170387429123,0.59375
2020-09-01,Germany,Germany,0.007266112759139871,0.65625
2020-09-01,Hong Kong,Hong Kong,-0.0037899888844926052,0.640625
2020-09-01,Indonesia,Indonesia,-0.009397111110345835,0.171875
2020-09-01,Italy,Italy,-0.01807501624501832,0.625
2020-09-01,Japan,Japan,-0.017834298512516805,0.671875
2020-09-01,Korea,Korea,-0.02428429893066797,0.84375
2020-09-01,Malaysia,Malaysia,-0.03026071664256741,0.671875
2020-09-01,Mexico,Mexico,-0.008187101500651838,0.296875
2020-09-01,NASDAQ,US,0.029744916123106948,0.5
2020-09-01,Netherlands,Netherlands,0.0012536510152292603,0.46875
2020-09-01,Philippines,Philippines,-0.018779198145977685,0.328125
2020-09-01,Poland,Poland,-0.011989129046742417,0.625
2020-09-01,Singapore,Singapore,0.02280794344583612,0.609375
2020-09-01,South Africa,South Africa,-0.025605396323363627,0.40625
2020-09-01,Spain,Spain,-0.00980669804412447,0.546875
2020-09-01,Sweden,Sweden,0.0007737750717289309,0.5625
2020-09-01,Switzerland,Switzerland,-0.0020901033576339123,0.421875
2020-09-01,Taiwan,Taiwan,-0.024812443942468326,0.625
2020-09-01,Thailand,Thailand,-0.005166274531900406,0.28125
2020-09-01,Turkey,Turkey,-0.024484834810912612,0.65625
2020-09-01,U.K.,U.K.,0.020242805024865976,0.484375
2020-09-01,U.S.,US,0.03892796628354239,0.4375
2020-09-01,US SmallCap,US,0.056280962916415225,0.546875
2020-09-01,Vietnam,Vietnam,0.014946322825277372,0.15625
2020-10-01,Australia,Australia,-0.018605913326572812,0.421875
2020-10-01,Brazil,Brazil,-0.0157921715343895,0.21875
2020-10-01,Canada,Canada,0.008296884908577086,0.5
2020-10-01,Chile,Chile,-0.024643138405982173,0.53125
2020-10-01,ChinaA,China,-0.028080503792859136,0.828125
2020-10-01,ChinaH,China,-0.03232074961938056,0.640625
2020-10-01,Denmark,Denmark,0.03489449068490512,0.515625
2020-10-01,France,France,-0.015504924925072515,0.578125
2020-10-01,Germany,Germany,0.007589594379557651,0.671875
2020-10-01,Hong Kong,Hong Kong,-0.004627960539247246,0.6875
2020-10-01,Indonesia,Indonesia,-0.0055652237088470845,0.265625
2020-10-01,Italy,Italy,-0.01700264355563061,0.65625
2020-10-01,Japan,Japan,-0.02112161410973632,0.703125
2020-10-01,Korea,Korea,-0.023895885286153905,0.796875
2020-10-01,Malaysia,Malaysia,-0.0321177234587098,0.515625
2020-10-01,Mexico,Mexico,-0.005558299811060501,0.359375
2020-10-01,NASDAQ,US,0.028501887553568295,0.515625
2020-10-01,Netherlands,Netherlands,0.0016348695790613134,0.46875
2020-10-01,Philippines,Philippines,-0.02008563184021078,0.390625
2020-10-01,Poland,Poland,-0.010986331164914495,0.625
2020-10-01,Singapore,Singapore,0.023083061251615498,0.609375
2020-10-01,South Africa,South Africa,-0.02590021245811397,0.390625
2020-10-01,Spain,Spain,-0.008838769579808597,0.53125
2020-10-01,Sweden,Sweden,-0.0006959524575601839,0.53125
2020-10-01,Switzerland,Switzerland,-0.0024380549607419108,0.40625
2020-10-01,Taiwan,Taiwan,-0.021351304264318378,0.5625
2020-10-01,Thailand,Thailand,-0.0019031895146039831,0.390625
2020-10-01,Turkey,Turkey,-0.02311880668046179,0.5
2020-10-01,U.K.,U.K.,0.020746443011640275,0.453125
2020-10-01,U.S.,US,0.038257977657102274,0.453125
2020-10-01,US SmallCap,US,0.05495404350100411,0.546875
2020-10-01,Vietnam,Vietnam,0.013513613909467412,0.234375
2020-11-01,Australia,Australia,-0.0200528608731348,0.40625
2020-11-01,Brazil,Brazil,-0.013766341844451194,0.203125
2020-11-01,Canada,Canada,0.012537809367997785,0.53125
2020-11-01,Chile,Chile,-0.025240260575582152,0.546875
2020-11-01,ChinaA,China,-0.02648977989402473,0.78125
2020-11-01,ChinaH,China,-0.031424227581932945,0.625
2020-11-01,Denmark,Denmark,0.039159447335863184,0.515625
2020-11-01,France,France,-0.010741549157931293,0.5625
2020-11-01,Germany,Germany,0.014935554752204174,0.703125
2020-11-01,Hong Kong,Hong Kong,-0.0010014907555756089,0.65625
2020-11-01,Indonesia,Indonesia,-0.019488435363983998,0.203125
2020-11-01,Italy,Italy,-0.013975961295691286,0.59375
2020-11-01,Japan,Japan,-0.018160292262243298,0.703125
2020-11-01,Korea,Korea,-0.02218890607589092,0.828125
2020-11-01,Malaysia,Malaysia,-0.029778386926834037,0.5625
2020-11-01,Mexico,Mexico,-0.005501198552764841,0.375
2020-11-01,NASDAQ,US,0.034351691334043546,0.515625
2020-11-01,Netherlands,Netherlands,0.0034584340376031513,0.46875
2020-11-01,Philippines,Philippines,-0.020754838068304186,0.390625
2020-11-01,Poland,Poland,-0.007142779550880343,0.546875
2020-11-01,Singapore,Singapore,0.02602231157606438,0.609375
2020-11-01,South Africa,South Africa,-0.013059651198888004,0.421875
2020-11-01,Spain,Spain,-0.0028120592200166104,0.5625
2020-11-01,Sweden,Sweden,0.005483648491483228,0.53125
2020-11-01,Switzerland,Switzerland,0.002990303480992164,0.4375
2020-11-01,Taiwan,Taiwan,-0.018826706914608898,0.546875
2020-11-01,Thailand,Thailand,0.00018710065188854222,0.359375
2020-11-01,Turkey,Turkey,-0.02329501737134553,0.578125
2020-11-01,U.K.,U.K.,0.026120125795146987,0.484375
2020-11-01,U.S.,US,0.04328482321955174,0.4375
2020-11-01,US SmallCap,US,0.056374733984575404,0.515625
2020-11-01,Vietnam,Vietnam,0.012299709210841558,0.296875
2020-12-01,Australia,Australia,-0.023959550667738604,0.40625
2020-12-01,Brazil,Brazil,-0.01689713989237108,0.21875
2020-12-01,Canada,Canada,0.008483813434774886,0.484375
2020-12-01,Chile,Chile,-0.028142464985082005,0.671875
2020-12-01,ChinaA,China,-0.03034239478129009,0.859375
2020-12-01,ChinaH,China,-0.03220193208650893,0.6875
2020-12-01,Denmark,Denmark,0.037026218063615654,0.5
2020-12-01,France,France,-0.019142125905983562,0.5
2020-12-01,Germany,Germany,0.011772719725108322,0.578125
2020-12-01,Hong Kong,Hong Kong,-0.005001223372879969,0.671875
2020-12-01,Indonesia,Indonesia,-0.009947520257030823,0.296875
2020-12-01,Italy,Italy,-0.019816787116297783,0.515625
2020-12-01,Japan,Japan,-0.022729029394933535,0.71875
2020-12-01,Korea,Korea,-0.028561723898239025,0.84375
2020-12-01,Malaysia,Malaysia,-0.03328178502904987,0.640625
2020-12-01,Mexico,Mexico,-0.01254320894650185,0.390625
2020-12-01,NASDAQ,US,0.0355773794714052,0.46875
2020-12-01,Netherlands,Netherlands,0.005748776900644575,0.5
2020-12-01,Philippines,Philippines,-0.02564787082940507,0.484375
2020-12-01,Poland,Poland,-0.012137126854412313,0.5
2020-12-01,Singapore,Singapore,0.019858583138705106,0.5625
2020-12-01,South Africa,South Africa,-0.015477662180771653,0.453125
2020-12-01,Spain,Spain,-0.010945143314410348,0.515625
2020-12-01,Sweden,Sweden,-0.00010003288066471466,0.515625
2020-12-01,Switzerland,Switzerland,0.0014820526649391413,0.4375
2020-12-01,Taiwan,Taiwan,-0.02162070831608437,0.53125
2020-12-01,Thailand,Thailand,-0.007454930427223177,0.359375
2020-12-01,Turkey,Turkey,-0.023583790112532158,0.5
2020-12-01,U.K.,U.K.,0.018171236976001103,0.390625
2020-12-01,U.S.,US,0.043231755255581,0.4375
2020-12-01,US SmallCap,US,0.05004114743904123,0.46875
2020-12-01,Vietnam,Vietnam,0.010903024284522056,0.390625
2021-01-01,Australia,Australia,-0.02968139175853106,0.46875
2021-01-01,Brazil,Brazil,-0.015885171851348284,0.265625
2021-01-01,Canada,Canada,0.0032410482020835945,0.484375
2021-01-01,Chile,Chile,-0.03016556307281968,0.546875
2021-01-01,ChinaA,China,-0.030719049410134418,0.796875
2021-01-01,ChinaH,China,-0.03234789244427665,0.609375
2021-01-01,Denmark,Denmark,0.03154251056743708,0.515625
2021-01-01,France,France,-0.024439501890154435,0.546875
2021-01-01,Germany,Germany,0.005104739135131509,0.625
2021-01-01,Hong Kong,Hong Kong,-0.008859044672569302,0.65625
2021-01-01,Indonesia,Indonesia,-0.01418813720465776,0.21875
2021-01-01,Italy,Italy,-0.025116151074189755,0.625
2021-01-01,Japan,Japan,-0.029710075910845946,0.71875
2021-01-01,Korea,Korea,-0.03620597848333111,0.84375
2021-01-01,Malaysia,Malaysia,-0.03650793363101762,0.546875
2021-01-01,Mexico,Mexico,-0.018061771589989093,0.390625
2021-01-01,NASDAQ,US,0.03137856620363358,0.515625
2021-01-01,Netherlands,Netherlands,-0.000412746090045827,0.5
2021-01-01,Philippines,Philippines,-0.028993481626252704,0.46875
2021-01-01,Poland,Poland,-0.017112951748860065,0.484375
2021-01-01,Singapore,Singapore,0.014174627620468526,0.59375
2021-01-01,South Africa,South Africa,-0.018312943998363647,0.3125
2021-01-01,Spain,Spain,-0.015515363843571382,0.640625
2021-01-01,Sweden,Sweden,-0.0027682590031774664,0.546875
2021-01-01,Switzerland,Switzerland,-0.0008447567146357693,0.390625
2021-01-01,Taiwan,Taiwan,-0.02241163824001394,0.5625
2021-01-01,Thailand,Thailand,-0.01360505559156286,0.375
2021-01-01,Turkey,Turkey,-0.03044809888475897,0.53125
2021-01-01,U.K.,U.K.,0.013233248394471861,0.390625
2021-01-01,U.S.,US,0.03758396984591976,0.421875
2021-01-01,US SmallCap,US,0.04219798198089032,0.515625
2021-01-01,Vietnam,Vietnam,0.007764561104939449,0.390625
2021-02-01,Australia,Australia,-0.031396397666643136,0.46875
2021-02-01,Brazil,Brazil,-0.0173925900411629,0.265625
2021-02-01,Canada,Canada,0.003176293611759454,0.453125
2021-02-01,Chile,Chile,-0.03362807315792267,0.640625
2021-02-01,ChinaA,China,-0.03312722757524225,0.796875
2021-02-01,ChinaH,China,-0.03573613657580041,0.59375
2021-02-01,Denmark,Denmark,0.030016703559243584,0.484375
2021-02-01,France,France,-0.02527615511273619,0.5625
2021-02-01,Germany,Germany,0.0029061670313619975,0.65625
2021-02-01,Hong Kong,Hong Kong,-0.012740978485690065,0.6875
2021-02-01,Indonesia,Indonesia,-0.018111890836304094,0.21875
2021-02-01,Italy,Italy,-0.023451171396093075,0.59375
2021-02-01,Japan,Japan,-0.03161775069542998,0.703125
2021-02-01,Korea,Korea,-0.04304079448151521,0.90625
2021-02-01,Malaysia,Malaysia,-0.04641064233235538,0.53125
2021-02-01,Mexico,Mexico,-0.02002626547387027,0.328125
2021-02-01,NASDAQ,US,0.030972814837089423,0.484375
2021-02-01,Netherlands,Netherlands,-0.004575329037133594,0.515625
2021-02-01,Philippines,Philippines,-0.03186051882161861,0.515625
2021-02-01,Poland,Poland,-0.019684943695427046,0.46875
2021-02-01,Singapore,Singapore,0.012490425519708519,0.515625
2021-02-01,South Africa,South Africa,-0.021723089820131294,0.390625
2021-02-01,Spain,Spain,-0.0156585955830144,0.609375
2021-02-01,Sweden,Sweden,-0.005708872481428939,0.546875
2021-02-01,Switzerland,Switzerland,-0.0025475079839677355,0.34375
2021-02-01,Taiwan,Taiwan,-0.02779496180963479,0.578125
2021-02-01,Thailand,Thailand,-0.01568319838229027,0.390625
2021-02-01,Turkey,Turkey,-0.031518111347537715,0.53125
2021-02-01,U.K.,U.K.,0.010703212513206387,0.40625
2021-02-01,U.S.,US,0.036738039298800956,0.40625
2021-02-01,US SmallCap,US,0.03607660805179544,0.5
2021-02-01,Vietnam,Vietnam,0.005896780948109782,0.40625
2021-03-01,Australia,Australia,-0.03312246096963742,0.515625
2021-03-01,Brazil,Brazil,-0.02101463872176479,0.21875
2021-03-01,Canada,Canada,0.003785913986253152,0.46875
2021-03-01,Chile,Chile,-0.03891426646038716,0.625
2021-03-01,ChinaA,China,-0.03481150229301949,0.78125
2021-03-01,ChinaH,China,-0.036648859374301304,0.578125
2021-03-01,Denmark,Denmark,0.03500506296839166,0.484375
2021-03-01,France,France,-0.027569160083767554,0.515625
2021-03-01,Germany,Germany,-0.0006196349501973002,0.640625
2021-03-01,Hong Kong,Hong Kong,-0.015777430164080605,0.640625
2021-03-01,Indonesia,Indonesia,-0.01856770342042809,0.234375
2021-03-01,Italy,Italy,-0.02458446717204879,0.59375
2021-03-01,Japan,Japan,-0.03445058900421803,0.734375
2021-03-01,Korea,Korea,-0.04286977061393066,0.921875
2021-03-01,Malaysia,Malaysia,-0.035176258604025734,0.5625
2021-03-01,Mexico,Mexico,-0.01998334828289608,0.296875
2021-03-01,NASDAQ,US,0.02899414990506059,0.484375
2021-03-01,Netherlands,Netherlands,-0.009096277845524423,0.5
2021-03-01,Philippines,Philippines,-0.031696217941353806,0.359375
2021-03-01,Poland,Poland,-0.021663318944931148,0.59375
2021-03-01,Singapore,Singapore,0.01058904334285344,0.578125
2021-03-01,South Africa,South Africa,-0.0269125894298912,0.515625
2021-03-01,Spain,Spain,-0.021482980869060704,0.46875
2021-03-01,Sweden,Sweden,-0.007126329307717461,0.53125
2021-03-01,Switzerland,Switzerland,-0.0007820156022226195,0.328125
2021-03-01,Taiwan,Taiwan,-0.030633626974367553,0.578125
2021-03-01,Thailand,Thailand,-0.017958917596558214,0.4375
2021-03-01,Turkey,Turkey,-0.030039579137594027,0.546875
2021-03-01,U.K.,U.K.,0.009171959137632437,0.453125
2021-03-01,U.S.,US,0.033946502172237505,0.40625
2021-03-01,US SmallCap,US,0.030915095004497854,0.5625
2021-03-01,Vietnam,Vietnam,0.005998963975378045,0.34375
2021-04-01,Australia,Australia,-0.04091803395931197,0.609375
2021-04-01,Brazil,Brazil,-0.026180234844509737,0.390625
2021-04-01,Canada,Canada,-0.0074407095400746805,0.609375
2021-04-01,Chile,Chile,-0.043740456176905515,0.84375
2021-04-01,ChinaA,China,-0.035748264906999234,0.65625
2021-04-01,ChinaH,China,-0.03493995641356199,0.5
2021-04-01,Denmark,Denmark,0.03351100395687817,0.3125
2021-04-01,France,France,-0.040483418990795855,0.5
2021-04-01,Germany,Germany,-0.009355467684535223,0.625
2021-04-01,Hong Kong,Hong Kong,-0.01913210486410862,0.578125
2021-04-01,Indonesia,Indonesia,-0.025913909342057572,0.421875
2021-04-01,Italy,Italy,-0.0363417876184688,0.609375
2021-04-01,Japan,Japan,-0.03943214907264496,0.546875
2021-04-01,Korea,Korea,-0.042205141427424514,0.859375
2021-04-01,Malaysia,Malaysia,-0.03948423352268611,0.390625
2021-04-01,Mexico,Mexico,-0.03241013071539736,0.453125
2021-04-01,NASDAQ,US,0.029072500206149533,0.46875
2021-04-01,Netherlands,Netherlands,-0.01427318133658165,0.484375
2021-04-01,Philippines,Philippines,-0.038669069663325756,0.4375
2021-04-01,Poland,Poland,-0.025477997157611315,0.53125
2021-04-01,Singapore,Singapore,-0.0007969513470017491,0.53125
2021-04-01,South Africa,South Africa,-0.033952602319070206,0.59375
2021-04-01,Spain,Spain,-0.031125607825476798,0.578125
2021-04-01,Sweden,Sweden,-0.015391209116458377,0.5
2021-04-01,Switzerland,Switzerland,-0.00433944326038036,0.09375
2021-04-01,Taiwan,Taiwan,-0.02984786269339441,0.59375
2021-04-01,Thailand,Thailand,-0.025682460815120524,0.359375
2021-04-01,Turkey,Turkey,-0.03282256692042263,0.546875
2021-04-01,U.K.,U.K.,-0.00013277533965429592,0.421875
2021-04-01,U.S.,US,0.028764788503828503,0.34375
2021-04-01,US SmallCap,US,0.029322231432094736,0.640625
2021-04-01,Vietnam,Vietnam,-0.0013618541914173802,0.46875
2021-05-01,Australia,Australia,-0.04170228956919246,0.515625
2021-05-01,Brazil,Brazil,-0.024541835716448787,0.5
2021-05-01,Canada,Canada,-0.009264512923905921,0.546875
2021-05-01,Chile,Chile,-0.04059073598755565,0.8125
2021-05-01,ChinaA,China,-0.027606195085656517,0.5625
2021-05-01,ChinaH,China,-0.031254985070406985,0.390625
2021-05-01,Denmark,Denmark,0.03722955697445063,0.28125
2021-05-01,France,France,-0.03920358411216378,0.5625
2021-05-01,Germany,Germany,-0.00697806632563499,0.625
2021-05-01,Hong Kong,Hong Kong,-0.017434140940344775,0.515625
2021-05-01,Indonesia,Indonesia,-0.02001576695525958,0.296875
2021-05-01,Italy,Italy,-0.03539535664340805,0.8125
2021-05-01,Japan,Japan,-0.03489992186430047,0.53125
2021-05-01,Korea,Korea,-0.04101197481779181,0.90625
2021-05-01,Malaysia,Malaysia,-0.037780819065067556,0.359375
2021-05-01,Mexico,Mexico,-0.03484752968938872,0.609375
2021-05-01,NASDAQ,US,0.03240829416661059,0.40625
2021-05-01,Netherlands,Netherlands,-0.014212032078876613,0.53125
2021-05-01,Philippines,Philippines,-0.03297735045945724,0.40625
2021-05-01,Poland,Poland,-0.02388643713293301,0.546875
2021-05-01,Singapore,Singapore,0.00012133132315161367,0.59375
2021-05-01,South Africa,South Africa,-0.034456864617059435,0.625
2021-05-01,Spain,Spain,-0.03126562916921481,0.640625
2021-05-01,Sweden,Sweden,-0.012580313234864294,0.5625
2021-05-01,Switzerland,Switzerland,-0.0036486196259182414,0.125
2021-05-01,Taiwan,Taiwan,-0.029560442304220346,0.5625
2021-05-01,Thailand,Thailand,-0.021304875636112414,0.359375
2021-05-01,Turkey,Turkey,-0.028603635445624026,0.515625
2021-05-01,U.K.,U.K.,0.00014326539101572333,0.484375
2021-05-01,U.S.,US,0.028370866647254318,0.28125
2021-05-01,US SmallCap,US,0.029705886650922466,0.625
2021-05-01,Vietnam,Vietnam,0.0020688644109030756,0.40625
2021-06-01,Australia,Australia,-0.04242299768298807,0.546875
2021-06-01,Brazil,Brazil,-0.025714234616445418,0.421875
2021-06-01,Canada,Canada,-0.014113879045055448,0.59375
2021-06-01,Chile,Chile,-0.03889328482486869,0.75
2021-06-01,ChinaA,China,-0.030198821575893996,0.53125
2021-06-01,ChinaH,China,-0.032169739888160506,0.40625
2021-06-01,Denmark,Denmark,0.033329059737013125,0.265625
2021-06-01,France,France,-0.04060992779485942,0.625
2021-06-01,Germany,Germany,-0.004474281369978831,0.46875
2021-06-01,Hong Kong,Hong Kong,-0.022994194941168014,0.734375
2021-06-01,Indonesia,Indonesia,-0.020373773736926594,0.296875
2021-06-01,Italy,Italy,-0.033948944621651496,0.765625
2021-06-01,Japan,Japan,-0.03141732610576334,0.484375
2021-06-01,Korea,Korea,-0.040856857271205776,0.890625
2021-06-01,Malaysia,Malaysia,-0.03690925700440661,0.375
2021-06-01,Mexico,Mexico,-0.03640584227146519,0.578125
2021-06-01,NASDAQ,US,0.0341739816795064,0.421875
2021-06-01,Netherlands,Netherlands,-0.013820484592306725,0.53125
2021-06-01,Philippines,Philippines,-0.03395504996598536,0.390625
2021-06-01,Poland,Poland,-0.026662092662671055,0.53125
2021-06-01,Singapore,Singapore,-0.0023715549402681226,0.71875
2021-06-01,South Africa,South Africa,-0.033388349577627596,0.640625
2021-06-01,Spain,Spain,-0.0329596237849497,0.609375
2021-06-01,Sweden,Sweden,-0.014463934068420468,0.546875
2021-06-01,Switzerland,Switzerland,-0.005678556509754958,0.15625
2021-06-01,Taiwan,Taiwan,-0.029223951320135038,0.609375
2021-06-01,Thailand,Thailand,-0.023036969133807463,0.296875
2021-06-01,Turkey,Turkey,-0.03149420240841562,0.515625
2021-06-01,U.K.,U.K.,-0.002768448234935124,0.5
2021-06-01,U.S.,US,0.029349832988755657,0.328125
2021-06-01,US SmallCap,US,0.030803456044257844,0.609375
2021-06-01,Vietnam,Vietnam,0.0028370969803732937,0.359375
2021-07-01,Australia,Australia,-0.03350613474711409,0.515625
2021-07-01,Brazil,Brazil,-0.026986806145596346,0.5
2021-07-01,Canada,Canada,-0.0010076464792014971,0.5625
2021-07-01,Chile,Chile,-0.038917358780583895,0.640625
2021-07-01,ChinaA,China,-0.029411410150465493,0.484375
2021-07-01,ChinaH,China,-0.029896016898736336,0.375
2021-07-01,Denmark,Denmark,0.05338936927988236,0.34375
2021-07-01,France,France,-0.030391981930549098,0.609375
2021-07-01,Germany,Germany,0.007173274567755669,0.515625
2021-07-01,Hong Kong,Hong Kong,-0.009737715690565592,0.578125
2021-07-01,Indonesia,Indonesia,-0.023008530216305677,0.296875
2021-07-01,Italy,Italy,-0.02740518369861321,0.71875
2021-07-01,Japan,Japan,-0.0287824954355233,0.484375
2021-07-01,Korea,Korea,-0.03193588455585325,0.875
2021-07-01,Malaysia,Malaysia,-0.03755921730944713,0.390625
2021-07-01,Mexico,Mexico,-0.0366390574641472,0.640625
2021-07-01,NASDAQ,US,0.0561165998153042,0.265625
2021-07-01,Netherlands,Netherlands,0.0015820373348920998,0.484375
2021-07-01,Philippines,Philippines,-0.040346139390299365,0.375
2021-07-01,Poland,Poland,-0.023241150845876205,0.671875
2021-07-01,Singapore,Singapore,0.0066061558632948165,0.671875
2021-07-01,South Africa,South Africa,-0.03324782695948629,0.71875
2021-07-01,Spain,Spain,-0.02699840903100388,0.6875
2021-07-01,Sweden,Sweden,0.0011365960985261058,0.578125
2021-07-01,Switzerland,Switzerland,0.007095566525542513,0.171875
2021-07-01,Taiwan,Taiwan,-0.011958295028536469,0.609375
2021-07-01,Thailand,Thailand,-0.021153531500700443,0.28125
2021-07-01,Turkey,Turkey,-0.033297490623488246,0.515625
2021-07-01,U.K.,U.K.,0.005288096958144443,0.609375
2021-07-01,U.S.,US,0.05052124143982256,0.28125
2021-07-01,US SmallCap,US,0.05033793099293331,0.578125
2021-07-01,Vietnam,Vietnam,0.0038235454139650994,0.46875
2021-08-01,Australia,Australia,-0.030841302857079235,0.5
2021-08-01,Brazil,Brazil,-0.025073823992478768,0.4375
2021-08-01,Canada,Canada,0.0025329059301022246,0.578125
2021-08-01,Chile,Chile,-0.03714775105122359,0.46875
2021-08-01,ChinaA,China,-0.023232082266210673,0.46875
2021-08-01,ChinaH,China,-0.023242420277811662,0.40625
2021-08-01,Denmark,Denmark,0.054462871020193065,0.3125
2021-08-01,France,France,-0.02852451319674929,0.578125
2021-08-01,Germany,Germany,0.009366966106347348,0.46875
2021-08-01,Hong Kong,Hong Kong,-0.008448813762860274,0.65625
2021-08-01,Indonesia,Indonesia,-0.03403105740499888,0.25
2021-08-01,Italy,Italy,-0.02557747205312174,0.71875
2021-08-01,Japan,Japan,-0.02876538807671849,0.5625
2021-08-01,Korea,Korea,-0.028704129576054813,0.875
2021-08-01,Malaysia,Malaysia,-0.03390342284708109,0.375
2021-08-01,Mexico,Mexico,-0.035551074240550984,0.625
2021-08-01,NASDAQ,US,0.056577392922785505,0.390625
2021-08-01,Netherlands,Netherlands,0.003246353084015238,0.515625
2021-08-01,Philippines,Philippines,-0.0395370436187093,0.453125
2021-08-01,Poland,Poland,-0.02136489494553377,0.59375
2021-08-01,Singapore,Singapore,0.007550736276168736,0.703125
2021-08-01,South Africa,South Africa,-0.02909340225822376,0.5625
2021-08-01,Spain,Spain,-0.024772936064745753,0.71875
2021-08-01,Sweden,Sweden,0.005102072057424091,0.53125
2021-08-01,Switzerland,Switzerland,0.00807927302648467,0.203125
2021-08-01,Taiwan,Taiwan,-0.00816690711940643,0.546875
2021-08-01,Thailand,Thailand,-0.02045761791614495,0.28125
2021-08-01,Turkey,Turkey,-0.03443970141995678,0.515625
2021-08-01,U.K.,U.K.,0.00750318235727233,0.640625
2021-08-01,U.S.,US,0.05263311743896297,0.359375
2021-08-01,US SmallCap,US,0.0521278881883709,0.625
2021-08-01,Vietnam,Vietnam,0.0035414436307251926,0.578125
2021-09-01,Australia,Australia,-0.02839062939230339,0.40625
2021-09-01,Brazil,Brazil,-0.02595017359332378,0.625
2021-09-01,Canada,Canada,0.004991633796105533,0.53125
2021-09-01,Chile,Chile,-0.03889936582807832,0.5625
2021-09-01,ChinaA,China,-0.019490053788600234,0.390625
2021-09-01,ChinaH,China,-0.019229685969870264,0.328125
2021-09-01,Denmark,Denmark,0.05443427322461891,0.390625
2021-09-01,France,France,-0.02742295414111945,0.5625
2021-09-01,Germany,Germany,0.01102630382760662,0.421875
2021-09-01,Hong Kong,Hong Kong,-0.005129899806963056,0.59375
2021-09-01,Indonesia,Indonesia,-0.019259387600307487,0.25
2021-09-01,Italy,Italy,-0.024734189909616296,0.734375
2021-09-01,Japan,Japan,-0.025901734164252625,0.515625
2021-09-01,Korea,Korea,-0.026092114943576033,0.90625
2021-09-01,Malaysia,Malaysia,-0.03302023195018382,0.390625
2021-09-01,Mexico,Mexico,-0.035762791047444425,0.671875
2021-09-01,NASDAQ,US,0.058841609497928646,0.234375
2021-09-01,Netherlands,Netherlands,0.0029665928284250704,0.5625
2021-09-01,Philippines,Philippines,-0.03436782655344021,0.375
2021-09-01,Poland,Poland,-0.021234129438822684,0.5625
2021-09-01,Singapore,Singapore,0.008406377978608388,0.78125
2021-09-01,South Africa,South Africa,-0.02845523010357411,0.703125
2021-09-01,Spain,Spain,-0.023994213677422414,0.6875
2021-09-01,Sweden,Sweden,0.005827617140406445,0.53125
2021-09-01,Switzerland,Switzerland,0.007614218644318778,0.265625
2021-09-01,Taiwan,Taiwan,-0.008290049509767552,0.546875
2021-09-01,Thailand,Thailand,-0.01917669368532448,0.3125
2021-09-01,Turkey,Turkey,-0.03798169795325475,0.609375
2021-09-01,U.K.,U.K.,0.00892512562495858,0.609375
2021-09-01,U.S.,US,0.05488962332406434,0.328125
2021-09-01,US SmallCap,US,0.05516442969002057,0.59375
2021-09-01,Vietnam,Vietnam,0.007258231179065822,0.515625
2021-10-01,Australia,Australia,-0.031073986952487944,0.484375
2021-10-01,Brazil,Brazil,-0.025787490767318778,0.6484375
2021-10-01,Canada,Canada,0.0033679598462369228,0.578125
2021-10-01,Chile,Chile,-0.04033237916676595,0.59375
2021-10-01,ChinaA,China,-0.01991063776270132,0.359375
2021-10-01,ChinaH,China,-0.01923786401566093,0.3125
2021-10-01,Denmark,Denmark,0.05736659244105659,0.265625
2021-10-01,France,France,-0.0286171417334023,0.6171875
2021-10-01,Germany,Germany,0.010725163684423555,0.421875
2021-10-01,Hong Kong,Hong Kong,-0.005980610201645064,0.578125
2021-10-01,Indonesia,Indonesia,-0.025878737844381786,0.34375
2021-10-01,Italy,Italy,-0.026566530828261888,0.734375
2021-10-01,Japan,Japan,-0.02714824759450637,0.453125
2021-10-01,Korea,Korea,-0.02374804170400279,0.84375
2021-10-01,Malaysia,Malaysia,-0.035910270949748385,0.390625
2021-10-01,Mexico,Mexico,-0.032452552625012274,0.859375
2021-10-01,NASDAQ,US,0.05608913855873576,0.359375
2021-10-01,Netherlands,Netherlands,0.0028775247344642995,0.5625
2021-10-01,Philippines,Philippines,-0.0382678589177016,0.328125
2021-10-01,Poland,Poland,-0.024981521300264365,0.703125
2021-10-01,Singapore,Singapore,0.00687716013338787,0.59375
2021-10-01,South Africa,South Africa,-0.02826935294066452,0.5
2021-10-01,Spain,Spain,-0.025952117269183804,0.703125
2021-10-01,Sweden,Sweden,0.0073751717771298984,0.4375
2021-10-01,Switzerland,Switzerland,0.010091281608990827,0.1875
2021-10-01,Taiwan,Taiwan,-0.007585680085997987,0.5625
2021-10-01,Thailand,Thailand,-0.025243497552103242,0.359375
2021-10-01,Turkey,Turkey,-0.038544798805559076,0.59375
2021-10-01,U.K.,U.K.,0.006056393058372602,0.6875
2021-10-01,U.S.,US,0.05220345235738927,0.328125
2021-10-01,US SmallCap,US,0.05391671687376444,0.609375
2021-10-01,Vietnam,Vietnam,0.008076461145330147,0.5
2021-11-01,Australia,Australia,-0.029997919975536604,0.46875
2021-11-01,Brazil,Brazil,-0.023041367599409963,0.484375
2021-11-01,Canada,Canada,0.002793180525628264,0.59375
2021-11-01,Chile,Chile,-0.038449729586952044,0.609375
2021-11-01,ChinaA,China,-0.018404436163867055,0.375
2021-11-01,ChinaH,China,-0.017871037969936367,0.34375
2021-11-01,Denmark,Denmark,0.05661613501278466,0.28125
2021-11-01,France,France,-0.02952680004949832,0.640625
2021-11-01,Germany,Germany,0.007372085089138631,0.53125
2021-11-01,Hong Kong,Hong Kong,-0.004152150418924531,0.53125
2021-11-01,Indonesia,Indonesia,-0.03940482908600203,0.265625
2021-11-01,Italy,Italy,-0.028479503241847393,0.84375
2021-11-01,Japan,Japan,-0.02798369740478871,0.53125
2021-11-01,Korea,Korea,-0.021951192931951857,0.703125
2021-11-01,Malaysia,Malaysia,-0.03521991354961711,0.40625
2021-11-01,Mexico,Mexico,-0.03186328076041961,0.703125
2021-11-01,NASDAQ,US,0.057002838032616326,0.296875
2021-11-01,Netherlands,Netherlands,0.0045099132545347465,0.53125
2021-11-01,Philippines,Philippines,-0.03584399031193529,0.328125
2021-11-01,Poland,Poland,-0.02922017217178076,0.9375
2021-11-01,Singapore,Singapore,0.0057215686078301,0.71875
2021-11-01,South Africa,South Africa,-0.027322863068397426,0.484375
2021-11-01,Spain,Spain,-0.026775298948696128,0.765625
2021-11-01,Sweden,Sweden,0.00646502382758567,0.46875
2021-11-01,Switzerland,Switzerland,0.00978101118536431,0.1875
2021-11-01,Taiwan,Taiwan,-0.005869176920326968,0.484375
2021-11-01,Thailand,Thailand,-0.024304924825584683,0.359375
2021-11-01,Turkey,Turkey,-0.03973491056002695,0.640625
2021-11-01,U.K.,U.K.,0.00420258973737221,0.703125
2021-11-01,U.S.,US,0.053051998962329636,0.34375
2021-11-01,US SmallCap,US,0.05529309010881152,0.578125
2021-11-01,Vietnam,Vietnam,0.008921829812998994,0.359375
2021-12-01,Australia,Australia,-0.0275689331337824,0.484375
2021-12-01,Brazil,Brazil,-0.0206602157460798,0.34375
2021-12-01,Canada,Canada,0.004688445044872964,0.65625
2021-12-01,Chile,Chile,-0.03619431197225091,0.515625
2021-12-01,ChinaA,China,-0.018407986864164935,0.375
2021-12-01,ChinaH,China,-0.017435552014061863,0.328125
2021-12-01,Denmark,Denmark,0.05978129122948493,0.453125
2021-12-01,France,France,-0.028655170123508267,0.53125
2021-12-01,Germany,Germany,0.009832047240885308,0.546875
2021-12-01,Hong Kong,Hong Kong,-0.0020079670783754427,0.625
2021-12-01,Indonesia,Indonesia,-0.03915566711846885,0.359375
2021-12-01,Italy,Italy,-0.028884651157978877,0.703125
2021-12-01,Japan,Japan,-0.0253966965852033,0.515625
2021-12-01,Korea,Korea,-0.02119063366073913,0.65625
2021-12-01,Malaysia,Malaysia,-0.03381586698753648,0.4375
2021-12-01,Mexico,Mexico,-0.029174882541468022,0.546875
2021-12-01,NASDAQ,US,0.05735208786663973,0.4375
2021-12-01,Netherlands,Netherlands,0.006114304389757495,0.5625
2021-12-01,Philippines,Philippines,-0.03504041294079108,0.375
2021-12-01,Poland,Poland,-0.026648568642485895,0.765625
2021-12-01,Singapore,Singapore,0.007145407063097773,0.671875
2021-12-01,South Africa,South Africa,-0.025792253897961605,0.484375
2021-12-01,Spain,Spain,-0.025026514865373724,0.671875
2021-12-01,Sweden,Sweden,0.007788007599788014,0.46875
2021-12-01,Switzerland,Switzerland,0.009522021873173248,0.328125
2021-12-01,Taiwan,Taiwan,-0.004522263970230447,0.484375
2021-12-01,Thailand,Thailand,-0.022335499897016442,0.328125
2021-12-01,Turkey,Turkey,-0.037883779462408854,0.53125
2021-12-01,U.K.,U.K.,0.006617227907253501,0.734375
2021-12-01,U.S.,US,0.05407318079612275,0.46875
2021-12-01,US SmallCap,US,0.0568603090628734,0.53125
2021-12-01,Vietnam,Vietnam,0.00900667679921319,0.578125
2022-01-01,Australia,Australia,-0.024534373057656433,0.453125
2022-01-01,Brazil,Brazil,-0.02011567319722963,0.328125
2022-01-01,Canada,Canada,0.0075122496941458505,0.640625
2022-01-01,Chile,Chile,-0.036339686356890055,0.53125
2022-01-01,ChinaA,China,-0.017645702262045274,0.375
2022-01-01,ChinaH,China,-0.01623049557906433,0.40625
2022-01-01,Denmark,Denmark,0.0624733257147959,0.40625
2022-01-01,France,France,-0.026725327628232123,0.578125
2022-01-01,Germany,Germany,0.012413011512072435,0.5
2022-01-01,Hong Kong,Hong Kong,0.0004389082154916211,0.65625
2022-01-01,Indonesia,Indonesia,-0.023383935871541722,0.421875
2022-01-01,Italy,Italy,-0.026411677660826492,0.6875
2022-01-01,Japan,Japan,-0.02380048687400022,0.5625
2022-01-01,Korea,Korea,-0.023259743715257283,0.546875
2022-01-01,Malaysia,Malaysia,-0.031515209208369185,0.453125
2022-01-01,Mexico,Mexico,-0.02625268877852245,0.484375
2022-01-01,NASDAQ,US,0.0590755160918921,0.484375
2022-01-01,Netherlands,Netherlands,0.009207079807251998,0.5625
2022-01-01,Philippines,Philippines,-0.0347807884641337,0.484375
2022-01-01,Poland,Poland,-0.023261699828601407,0.703125
2022-01-01,Singapore,Singapore,0.009330670722782333,0.65625
2022-01-01,South Africa,South Africa,-0.024319802535199123,0.46875
2022-01-01,Spain,Spain,-0.02265381683659647,0.578125
2022-01-01,Sweden,Sweden,0.010055641789159884,0.5
2022-01-01,Switzerland,Switzerland,0.0136223978426313,0.390625
2022-01-01,Taiwan,Taiwan,-0.003984404262756263,0.53125
2022-01-01,Thailand,Thailand,-0.02049712503610386,0.328125
2022-01-01,Turkey,Turkey,-0.03536452775765525,0.5
2022-01-01,U.K.,U.K.,0.00996507317227215,0.671875
2022-01-01,U.S.,US,0.05615029120582618,0.53125
2022-01-01,US SmallCap,US,0.058921485978840324,0.53125
2022-01-01,Vietnam,Vietnam,0.010224557936327507,0.546875
2022-02-01,Australia,Australia,-0.02426611151727163,0.453125
2022-02-01,Brazil,Brazil,-0.018940781721619573,0.515625
2022-02-01,Canada,Canada,0.006327067133960983,0.6875
2022-02-01,Chile,Chile,-0.03363948369307447,0.421875
2022-02-01,ChinaA,China,-0.016426400205215907,0.40625
2022-02-01,ChinaH,China,-0.016505322095992092,0.359375
2022-02-01,Denmark,Denmark,0.0646943969193192,0.453125
2022-02-01,France,France,-0.02881089872519798,0.625
2022-02-01,Germany,Germany,0.011119906769435615,0.515625
2022-02-01,Hong Kong,Hong Kong,0.0005444684414149074,0.578125
2022-02-01,Indonesia,Indonesia,-0.02590372139541864,0.375
2022-02-01,Italy,Italy,-0.028740926141202234,0.75
2022-02-01,Japan,Japan,-0.023173467560365896,0.53125
2022-02-01,Korea,Korea,-0.021493397961835466,0.59375
2022-02-01,Malaysia,Malaysia,-0.0351011998023626,0.4375
2022-02-01,Mexico,Mexico,-0.02905393293130538,0.671875
2022-02-01,NASDAQ,US,0.06168219034003432,0.390625
2022-02-01,Netherlands,Netherlands,0.013425420809522338,0.5
2022-02-01,Philippines,Philippines,-0.037395592295148425,0.453125
2022-02-01,Poland,Poland,-0.024217943885265103,0.734375
2022-02-01,Singapore,Singapore,0.009802128415675983,0.546875
2022-02-01,South Africa,South Africa,-0.024441540973729935,0.421875
2022-02-01,Spain,Spain,-0.02495717167705211,0.671875
2022-02-01,Sweden,Sweden,0.011876514460689134,0.453125
2022-02-01,Switzerland,Switzerland,0.011692059767706157,0.421875
2022-02-01,Taiwan,Taiwan,-0.003692126302050982,0.421875
2022-02-01,Thailand,Thailand,-0.021743545292156535,0.34375
2022-02-01,Turkey,Turkey,-0.036098698900759695,0.53125
2022-02-01,U.K.,U.K.,0.008122253222465455,0.71875
2022-02-01,U.S.,US,0.05505937919169275,0.53125
2022-02-01,US SmallCap,US,0.06135721456283856,0.4375
2022-02-01,Vietnam,Vietnam,0.010150657426329177,0.546875
2022-03-01,Australia,Australia,-0.0207677244142965,0.34375
2022-03-01,Brazil,Brazil,-0.025782041658862352,0.46875
2022-03-01,Canada,Canada,0.007725049634498108,0.640625
2022-03-01,Chile,Chile,-0.034911992671636596,0.40625
2022-03-01,ChinaA,China,-0.015701585058624498,0.390625
2022-03-01,ChinaH,China,-0.0152743744967928,0.375
2022-03-01,Denmark,Denmark,0.0676382687594386,0.40625
2022-03-01,France,France,-0.024893036583438638,0.71875
2022-03-01,Germany,Germany,0.014162396389358418,0.5625
2022-03-01,Hong Kong,Hong Kong,0.000976404632524807,0.515625
2022-03-01,Indonesia,Indonesia,-0.02620441447546751,0.390625
2022-03-01,Italy,Italy,-0.025794456623016083,0.75
2022-03-01,Japan,Japan,-0.020026839473303443,0.546875
2022-03-01,Korea,Korea,-0.01974085340095208,0.546875
2022-03-01,Malaysia,Malaysia,-0.03199923945277164,0.4375
2022-03-01,Mexico,Mexico,-0.02750938815676077,0.671875
2022-03-01,NASDAQ,US,0.06547720884995771,0.359375
2022-03-01,Netherlands,Netherlands,0.01886404253279178,0.34375
2022-03-01,Philippines,Philippines,-0.03808291459220585,0.5625
2022-03-01,Poland,Poland,-0.022822645563834135,0.84375
2022-03-01,Singapore,Singapore,0.011001599887041868,0.609375
2022-03-01,South Africa,South Africa,-0.039096703196876484,0.515625
2022-03-01,Spain,Spain,-0.02259553776279516,0.640625
2022-03-01,Sweden,Sweden,0.017151316398830017,0.4375
2022-03-01,Switzerland,Switzerland,0.015051023715348014,0.5
2022-03-01,Taiwan,Taiwan,-0.0017419536512549277,0.46875
2022-03-01,Thailand,Thailand,-0.020983068035208403,0.40625
2022-03-01,Turkey,Turkey,-0.036147039956815494,0.546875
2022-03-01,U.K.,U.K.,0.009030123093873903,0.78125
2022-03-01,U.S.,US,0.059888018538433244,0.5
2022-03-01,US SmallCap,US,0.06418716822553774,0.328125
2022-03-01,Vietnam,Vietnam,0.012818586504732249,0.484375
2022-04-01,Australia,Australia,-0.0216406638489696,0.46875
2022-04-01,Brazil,Brazil,-0.025530453799679345,0.515625
2022-04-01,Canada,Canada,0.009506782035181054,0.640625
2022-04-01,Chile,Chile,-0.03387710630608457,0.40625
2022-04-01,ChinaA,China,-0.015807667145979185,0.40625
2022-04-01,ChinaH,China,-0.014504093885729118,0.421875
2022-04-01,Denmark,Denmark,0.06669966384153854,0.421875
2022-04-01,France,France,-0.023010254093565927,0.609375
2022-04-01,Germany,Germany,0.017219484319714047,0.453125
2022-04-01,Hong Kong,Hong Kong,0.002463742488160692,0.515625
2022-04-01,Indonesia,Indonesia,-0.028651077927347758,0.578125
2022-04-01,Italy,Italy,-0.023726201635920013,0.671875
2022-04-01,Japan,Japan,-0.020143029931021683,0.515625
2022-04-01,Korea,Korea,-0.02008421825874561,0.546875
2022-04-01,Malaysia,Malaysia,-0.034625083518559405,0.59375
2022-04-01,Mexico,Mexico,-0.02709783027378481,0.625
2022-04-01,NASDAQ,US,0.06688828121608083,0.34375
2022-04-01,Netherlands,Netherlands,0.020699427350359036,0.3125
2022-04-01,Philippines,Philippines,-0.039434250584457306,0.703125
2022-04-01,Poland,Poland,-0.020988545705340093,0.671875
2022-04-01,Singapore,Singapore,0.010944744636666691,0.484375
2022-04-01,South Africa,South Africa,-0.03847570909548291,0.53125
2022-04-01,Spain,Spain,-0.02206813799897535,0.671875
2022-04-01,Sweden,Sweden,0.019644651714153836,0.3125
2022-04-01,Switzerland,Switzerland,0.016121375143629192,0.46875
2022-04-01,Taiwan,Taiwan,-0.0011657748445876893,0.453125
2022-04-01,Thailand,Thailand,-0.021841291792507777,0.46875
2022-04-01,Turkey,Turkey,-0.039876147935746245,0.640625
2022-04-01,U.K.,U.K.,0.010058983799875444,0.78125
2022-04-01,U.S.,US,0.0626724910301202,0.46875
2022-04-01,US SmallCap,US,0.0639658699930944,0.359375
2022-04-01,Vietnam,Vietnam,0.013268649369386782,0.4375
2022-05-01,Australia,Australia,-0.02281413193842778,0.53125
2022-05-01,Brazil,Brazil,-0.02234189908101017,0.796875
2022-05-01,Canada,Canada,0.010560729289989104,0.640625
2022-05-01,Chile,Chile,-0.036657349616301044,0.671875
2022-05-01,ChinaA,China,-0.014810381352053887,0.390625
2022-05-01,ChinaH,China,-0.014140934252686763,0.4375
2022-05-01,Denmark,Denmark,0.06715502727209337,0.375
2022-05-01,France,France,-0.0212927654529444,0.515625
2022-05-01,Germany,Germany,0.018970524944369856,0.421875
2022-05-01,Hong Kong,Hong Kong,0.0034153685402308013,0.546875
2022-05-01,Indonesia,Indonesia,-0.02970683240618868,0.5625
2022-05-01,Italy,Italy,-0.022357490666732063,0.640625
2022-05-01,Japan,Japan,-0.017905148740513452,0.5625
2022-05-01,Korea,Korea,-0.01980739505281282,0.53125
2022-05-01,Malaysia,Malaysia,-0.033584323020751185,0.546875
2022-05-01,Mexico,Mexico,-0.02565294852593054,0.703125
2022-05-01,NASDAQ,US,0.06951548076376392,0.328125
2022-05-01,Netherlands,Netherlands,0.023017030539083685,0.203125
2022-05-01,Philippines,Philippines,-0.037564538260475414,0.671875
2022-05-01,Poland,Poland,-0.018211567107603015,0.703125
2022-05-01,Singapore,Singapore,0.012721720891715829,0.46875
2022-05-01,South Africa,South Africa,-0.037033100901434704,0.671875
2022-05-01,Spain,Spain,-0.021369154156373776,0.5625
2022-05-01,Sweden,Sweden,0.020434447344778856,0.25
2022-05-01,Switzerland,Switzerland,0.018007027971406908,0.421875
2022-05-01,Taiwan,Taiwan,0.0014812105114190444,0.34375
2022-05-01,Thailand,Thailand,-0.02160021963203436,0.453125
2022-05-01,Turkey,Turkey,-0.041039862596565814,0.71875
2022-05-01,U.K.,U.K.,0.011234038818066158,0.671875
2022-05-01,U.S.,US,0.06470432536111424,0.421875
2022-05-01,US SmallCap,US,0.06542895850042227,0.359375
2022-05-01,Vietnam,Vietnam,0.014871792409309515,0.375
2022-06-01,Australia,Australia,-0.019172834582418495,0.6060606060606061
2022-06-01,Brazil,Brazil,-0.017832587792262045,0.7575757575757576
2022-06-01,Canada,Canada,0.014793689345599263,0.6515151515151515
2022-06-01,Chile,Chile,-0.0331777578549311,0.6212121212121212
2022-06-01,ChinaA,China,-0.015136548429187907,0.36363636363636365
2022-06-01,ChinaH,China,-0.014433409453413173,0.40909090909090906
2022-06-01,Denmark,Denmark,0.069095512332887,0.40909090909090906
2022-06-01,France,France,-0.01917995422581075,0.5
2022-06-01,Germany,Germany,0.02078505467846271,0.4393939393939394
2022-06-01,Hong Kong,Hong Kong,0.0044565342290093565,0.5757575757575757
2022-06-01,Indonesia,Indonesia,-0.029821877770047866,0.5757575757575758
2022-06-01,Italy,Italy,-0.020570662904789046,0.5909090909090909
2022-06-01,Japan,Japan,-0.014929562382305247,0.5757575757575757
2022-06-01,Korea,Korea,-0.018850950050197497,0.5454545454545454
2022-06-01,Malaysia,Malaysia,-0.033387315996843865,0.6515151515151516
2022-06-01,Mexico,Mexico,-0.022232112864128566,0.6060606060606061
2022-06-01,NASDAQ,US,0.07266193992893652,0.2727272727272727
2022-06-01,Netherlands,Netherlands,0.02485213800086757,0.2272727272727273
2022-06-01,Philippines,Philippines,-0.033668411193250966,0.5909090909090908
2022-06-01,Poland,Poland,-0.015384763411881403,0.5454545454545454
2022-06-01,Saudi Arabia,Saudi Arabia,-0.043046369792559824,0.5757575757575758
2022-06-01,Singapore,Singapore,0.014648291756891616,0.5303030303030303
2022-06-01,South Africa,South Africa,-0.033946200895641813,0.5454545454545454
2022-06-01,Spain,Spain,-0.020448254864034024,0.5909090909090909
2022-06-01,Sweden,Sweden,0.02222731899012204,0.2727272727272727
2022-06-01,Switzerland,Switzerland,0.022824921425834813,0.42424242424242425
2022-06-01,Taiwan,Taiwan,0.0030663033265167835,0.3333333333333333
2022-06-01,Thailand,Thailand,-0.020731265045687716,0.4696969696969697
2022-06-01,Turkey,Turkey,-0.04088337234035895,0.8636363636363636
2022-06-01,U.K.,U.K.,0.012932990269233557,0.7121212121212122
2022-06-01,U.S.,US,0.06823650984223072,0.4393939393939394
2022-06-01,US SmallCap,US,0.06688046475617608,0.3484848484848485
2022-06-01,Vietnam,Vietnam,0.016586785001283945,0.3787878787878788
2022-07-01,Australia,Australia,-0.015080912268154289,0.5454545454545454
2022-07-01,Brazil,Brazil,-0.01498624266528958,0.6212121212121212
2022-07-01,Canada,Canada,0.018536715642013354,0.6515151515151515
2022-07-01,Chile,Chile,-0.032884616595910826,0.8484848484848485
2022-07-01,ChinaA,China,-0.015050475394515808,0.34848484848484845
2022-07-01,ChinaH,China,-0.013765920808756146,0.33333333333333337
2022-07-01,Denmark,Denmark,0.0747873479480319,0.31818181818181823
2022-07-01,France,France,-0.01730446868945299,0.5151515151515151
2022-07-01,Germany,Germany,0.02402916680459488,0.48484848484848486
2022-07-01,Hong Kong,Hong Kong,-0.0004140495117796435,0.5757575757575758
2022-07-01,Indonesia,Indonesia,-0.025707416380519425,0.5909090909090909
2022-07-01,Italy,Italy,-0.017404259437405964,0.6666666666666666
2022-07-01,Japan,Japan,-0.014122045186735984,0.5757575757575757
2022-07-01,Korea,Korea,-0.014962265672527852,0.5151515151515151
2022-07-01,Malaysia,Malaysia,-0.03112521435561654,0.696969696969697
2022-07-01,Mexico,Mexico,-0.018520166810854857,0.6212121212121212
2022-07-01,NASDAQ,US,0.07546976673174666,0.18181818181818182
2022-07-01,Netherlands,Netherlands,0.02823467325079026,0.19696969696969696
2022-07-01,Philippines,Philippines,-0.032089228631872836,0.5757575757575757
2022-07-01,Poland,Poland,-0.013342519449603619,0.5454545454545454
2022-07-01,Saudi Arabia,Saudi Arabia,-0.03594943601983135,0.5606060606060607
2022-07-01,Singapore,Singapore,0.015107723010678689,0.5606060606060606
2022-07-01,South Africa,South Africa,-0.03540804358396683,0.6363636363636364
2022-07-01,Spain,Spain,-0.019180991497805104,0.696969696969697
2022-07-01,Sweden,Sweden,0.02746207740127332,0.30303030303030304
2022-07-01,Switzerland,Switzerland,0.028686296139145827,0.3333333333333333
2022-07-01,Taiwan,Taiwan,0.003132308547325725,0.36363636363636365
2022-07-01,Thailand,Thailand,-0.01903690326194799,0.5454545454545454
2022-07-01,Turkey,Turkey,-0.039385128833794296,0.9090909090909092
2022-07-01,U.K.,U.K.,0.016051777231617534,0.696969696969697
2022-07-01,U.S.,US,0.07187826037288375,0.3787878787878788
2022-07-01,US SmallCap,US,0.06967299503409019,0.3484848484848485
2022-07-01,Vietnam,Vietnam,0.015790439595819154,0.25757575757575757
2022-08-01,Australia,Australia,-0.014417697152596401,0.5151515151515151
2022-08-01,Brazil,Brazil,-0.014079974318158165,0.5606060606060606
2022-08-01,Canada,Canada,0.020024615495684524,0.6060606060606061
2022-08-01,Chile,Chile,-0.03130154378144912,0.6818181818181819
2022-08-01,ChinaA,China,-0.01871051420458746,0.5151515151515151
2022-08-01,ChinaH,China,-0.017415796175722115,0.5757575757575757
2022-08-01,Denmark,Denmark,0.07736501508830994,0.303030303030303
2022-08-01,France,France,-0.016035251099202147,0.4393939393939394
2022-08-01,Germany,Germany,0.02478251645364863,0.4696969696969697
2022-08-01,Hong Kong,Hong Kong,-0.0004876216358714212,0.7878787878787878
2022-08-01,Indonesia,Indonesia,-0.024237617333805,0.6060606060606061
2022-08-01,Italy,Italy,-0.016274678859697606,0.5303030303030303
2022-08-01,Japan,Japan,-0.011607634780722109,0.6212121212121212
2022-08-01,Korea,Korea,-0.013963749984490884,0.5151515151515151
2022-08-01,Malaysia,Malaysia,-0.0312523266625596,0.7424242424242424
2022-08-01,Mexico,Mexico,-0.01743022852750195,0.6363636363636364
2022-08-01,NASDAQ,US,0.07799349156744459,0.12121212121212122
2022-08-01,Netherlands,Netherlands,0.030167612071319523,0.16666666666666669
2022-08-01,Philippines,Philippines,-0.0337544461121565,0.6818181818181819
2022-08-01,Poland,Poland,-0.012530339875582264,0.5
2022-08-01,Saudi Arabia,Saudi Arabia,-0.03394077844135003,0.5606060606060607
2022-08-01,Singapore,Singapore,0.0168177132265026,0.48484848484848486
2022-08-01,South Africa,South Africa,-0.03469242339464409,0.6515151515151516
2022-08-01,Spain,Spain,-0.01827366501367147,0.7121212121212122
2022-08-01,Sweden,Sweden,0.029479186843620393,0.21212121212121213
2022-08-01,Switzerland,Switzerland,0.030475251947054603,0.3181818181818182
2022-08-01,Taiwan,Taiwan,0.004305130921037457,0.33333333333333337
2022-08-01,Thailand,Thailand,-0.01972188812279751,0.5909090909090908
2022-08-01,Turkey,Turkey,-0.038223722029428954,0.803030303030303
2022-08-01,U.K.,U.K.,0.018305626754408486,0.7424242424242424
2022-08-01,U.S.,US,0.07452145795759624,0.36363636363636365
2022-08-01,US SmallCap,US,0.07088031728723558,0.3181818181818182
2022-08-01,Vietnam,Vietnam,0.015378628096782988,0.3333333333333333
2022-09-01,Australia,Australia,-0.015162928492829486,0.5909090909090909
2022-09-01,Brazil,Brazil,-0.013622845947329399,0.7121212121212122
2022-09-01,Canada,Canada,0.019609555888295438,0.6515151515151515
2022-09-01,Chile,Chile,-0.032509746412170706,0.696969696969697
2022-09-01,ChinaA,China,-0.017790277135698238,0.42424242424242425
2022-09-01,ChinaH,China,-0.01681130360978666,0.4696969696969697
2022-09-01,Denmark,Denmark,0.07772367867645952,0.36363636363636365
2022-09-01,France,France,-0.016169565628243673,0.5
2022-09-01,Germany,Germany,0.0246842080258377,0.43939393939393945
2022-09-01,Hong Kong,Hong Kong,-0.00027881870419239375,0.7121212121212122
2022-09-01,Indonesia,Indonesia,-0.024223596319355223,0.5909090909090909
2022-09-01,Italy,Italy,-0.015843846669612433,0.5757575757575757
2022-09-01,Japan,Japan,-0.012866274957593819,0.5757575757575757
2022-09-01,Korea,Korea,-0.014619858264964364,0.5454545454545454
2022-09-01,Malaysia,Malaysia,-0.03319931692578067,0.696969696969697
2022-09-01,Mexico,Mexico,-0.01647467608705907,0.6515151515151515
2022-09-01,NASDAQ,US,0.07652919587862067,0.2121212121212121
2022-09-01,Netherlands,Netherlands,0.029257208431411948,0.15151515151515152
2022-09-01,Philippines,Philippines,-0.0348018609079682,0.5151515151515151
2022-09-01,Poland,Poland,-0.010956270660464063,0.5151515151515151
2022-09-01,Saudi Arabia,Saudi Arabia,-0.03460683953850341,0.5606060606060607
2022-09-01,Singapore,Singapore,0.015955278523052903,0.5757575757575757
2022-09-01,South Africa,South Africa,-0.03423560397448266,0.6666666666666667
2022-09-01,Spain,Spain,-0.017766516369140985,0.6515151515151515
2022-09-01,Sweden,Sweden,0.02946927702734014,0.30303030303030304
2022-09-01,Switzerland,Switzerland,0.029295277679543603,0.36363636363636365
2022-09-01,Taiwan,Taiwan,0.0035630705311812654,0.28787878787878785
2022-09-01,Thailand,Thailand,-0.01979009363134252,0.4696969696969697
2022-09-01,Turkey,Turkey,-0.035768081287626353,0.6212121212121212
2022-09-01,U.K.,U.K.,0.018873023829690645,0.7424242424242424
2022-09-01,U.S.,US,0.07323093136275939,0.4545454545454546
2022-09-01,US SmallCap,US,0.06988017335275548,0.4393939393939394
2022-09-01,Vietnam,Vietnam,0.015605877574595405,0.2727272727272727
2022-10-01,Australia,Australia,-0.013668883075506873,0.5606060606060606
2022-10-01,Brazil,Brazil,-0.015962036894918707,0.8484848484848485
2022-10-01,Canada,Canada,0.021244053691973602,0.6060606060606061
2022-10-01,Chile,Chile,-0.033112146816408464,0.7424242424242424
2022-10-01,ChinaA,China,-0.01371101498944177,0.43939393939393945
2022-10-01,ChinaH,China,-0.012544717343309444,0.5
2022-10-01,Denmark,Denmark,0.081248053216298,0.28787878787878785
2022-10-01,France,France,-0.014223731598102685,0.46969696969696967
2022-10-01,Germany,Germany,0.025401487460857443,0.4242424242424242
2022-10-01,Hong Kong,Hong Kong,0.0023907705873366155,0.7272727272727273
2022-10-01,Indonesia,Indonesia,-0.02478420033853048,0.5606060606060607
2022-10-01,Italy,Italy,-0.015407281701405715,0.5454545454545454
2022-10-01,Japan,Japan,-0.009606641810844502,0.5
2022-10-01,Korea,Korea,-0.01022324288734631,0.5606060606060607
2022-10-01,Malaysia,Malaysia,-0.030665693894402983,0.6515151515151515
2022-10-01,Mexico,Mexico,-0.016958927567357916,0.5757575757575758
2022-10-01,NASDAQ,US,0.07759543684192043,0.24242424242424243
2022-10-01,Netherlands,Netherlands,0.030517214899606855,0.15151515151515152
2022-10-01,Philippines,Philippines,-0.030293245069303455,0.6212121212121212
2022-10-01,Poland,Poland,-0.010095923613803185,0.5151515151515151
2022-10-01,Saudi Arabia,Saudi Arabia,-0.031873535419457096,0.5606060606060607
2022-10-01,Singapore,Singapore,0.016455570047590545,0.5454545454545454
2022-10-01,South Africa,South Africa,-0.0332825776330409,0.5909090909090909
2022-10-01,Spain,Spain,-0.016214405004066457,0.6060606060606061
2022-10-01,Sweden,Sweden,0.030391524489780414,0.25757575757575757
2022-10-01,Switzerland,Switzerland,0.028193691577045724,0.3484848484848485
2022-10-01,Taiwan,Taiwan,0.007262746146913787,0.3181818181818182
2022-10-01,Thailand,Thailand,-0.02088029673549847,0.5303030303030303
2022-10-01,Turkey,Turkey,-0.04067189519781829,0.9242424242424243
2022-10-01,U.K.,U.K.,0.0215421268360127,0.6818181818181819
2022-10-01,U.S.,US,0.07473141193257986,0.393939393939394
2022-10-01,US SmallCap,US,0.07124259949760066,0.42424242424242425
2022-10-01,Vietnam,Vietnam,0.016976393157096634,0.28787878787878785
2022-11-01,Australia,Australia,-0.012150248362468146,0.5454545454545454
2022-11-01,Brazil,Brazil,-0.02031298925641324,0.7575757575757576
2022-11-01,Canada,Canada,0.021806689195783595,0.5151515151515151
2022-11-01,Chile,Chile,-0.03319279908602194,0.7727272727272727
2022-11-01,ChinaA,China,-0.009157703876087667,0.48484848484848486
2022-11-01,ChinaH,China,-0.007805713698161611,0.5606060606060606
2022-11-01,Denmark,Denmark,0.0836299561366338,0.21212121212121213
2022-11-01,France,France,-0.012794142894240067,0.4545454545454546
2022-11-01,Germany,Germany,0.02654373455654547,0.4393939393939394
2022-11-01,Hong Kong,Hong Kong,0.006635554617558888,0.7727272727272727
2022-11-01,Indonesia,Indonesia,-0.024255852512658,0.5454545454545455
2022-11-01,Italy,Italy,-0.013924965255037343,0.5606060606060606
2022-11-01,Japan,Japan,-0.008664668750403122,0.5909090909090909
2022-11-01,Korea,Korea,-0.008183655827585668,0.5454545454545455
2022-11-01,Malaysia,Malaysia,-0.02918851013642664,0.696969696969697
2022-11-01,Mexico,Mexico,-0.016405453168663382,0.5606060606060606
2022-11-01,NASDAQ,US,0.07807980391431327,0.18181818181818182
2022-11-01,Netherlands,Netherlands,0.029965988794115418,0.13636363636363635
2022-11-01,Philippines,Philippines,-0.02657001270897886,0.5151515151515151
2022-11-01,Poland,Poland,-0.00656188676350156,0.5151515151515151
2022-11-01,Saudi Arabia,Saudi Arabia,-0.030961429311389364,0.5303030303030303
2022-11-01,Singapore,Singapore,0.016695531033551328,0.6212121212121212
2022-11-01,South Africa,South Africa,-0.032879688750485296,0.6666666666666667
2022-11-01,Spain,Spain,-0.014829701837904373,0.6212121212121212
2022-11-01,Sweden,Sweden,0.030839779199187838,0.25757575757575757
2022-11-01,Switzerland,Switzerland,0.028305251606874575,0.36363636363636365
2022-11-01,Taiwan,Taiwan,0.00838378437336529,0.3333333333333333
2022-11-01,Thailand,Thailand,-0.020185810285096098,0.5303030303030303
2022-11-01,Turkey,Turkey,-0.038418484567147825,0.8636363636363636
2022-11-01,U.K.,U.K.,0.023387666067298585,0.696969696969697
2022-11-01,U.S.,US,0.07672065830572768,0.36363636363636365
2022-11-01,US SmallCap,US,0.07279887717527235,0.40909090909090906
2022-11-01,Vietnam,Vietnam,0.017538432267519888,0.3787878787878788
2022-12-01,Australia,Australia,-0.014842399401206739,0.5
2022-12-01,Brazil,Brazil,-0.018618149784843836,0.9545454545454546
2022-12-01,Canada,Canada,0.019590737033965702,0.5606060606060606
2022-12-01,Chile,Chile,-0.033089402641267224,0.7272727272727273
2022-12-01,ChinaA,China,-0.0024314078361975617,0.3939393939393939
2022-12-01,ChinaH,China,-0.0015222575539407908,0.43939393939393945
2022-12-01,Denmark,Denmark,0.08082804066910029,0.303030303030303
2022-12-01,France,France,-0.013791830470164253,0.48484848484848486
2022-12-01,Germany,Germany,0.02691697832486492,0.5
2022-12-01,Hong Kong,Hong Kong,0.015282451958010082,0.6060606060606061
2022-12-01,Indonesia,Indonesia,-0.025106505606746446,0.5151515151515151
2022-12-01,Italy,Italy,-0.01425576647180644,0.6515151515151515
2022-12-01,Japan,Japan,-0.00684111135291908,0.5757575757575757
2022-12-01,Korea,Korea,-0.005940330469079293,0.6060606060606061
2022-12-01,Malaysia,Malaysia,-0.02913975159107387,0.6666666666666667
2022-12-01,Mexico,Mexico,-0.01960466520771219,0.6363636363636364
2022-12-01,NASDAQ,US,0.07733336910936388,0.18181818181818182
2022-12-01,Netherlands,Netherlands,0.03162958475396314,0.18181818181818182
2022-12-01,Philippines,Philippines,-0.02668731068728389,0.46969696969696967
2022-12-01,Poland,Poland,-0.006592010868168591,0.5454545454545454
2022-12-01,Saudi Arabia,Saudi Arabia,-0.032545087537719966,0.5606060606060606
2022-12-01,Singapore,Singapore,0.01772975437929896,0.5606060606060606
2022-12-01,South Africa,South Africa,-0.03141737176214216,0.5909090909090908
2022-12-01,Spain,Spain,-0.01779282814783182,0.7424242424242424
2022-12-01,Sweden,Sweden,0.031040218276210528,0.3181818181818182
2022-12-01,Switzerland,Switzerland,0.02973286877507654,0.30303030303030304
2022-12-01,Taiwan,Taiwan,0.01438369099283338,0.2121212121212121
2022-12-01,Thailand,Thailand,-0.020684976456979892,0.5606060606060607
2022-12-01,Turkey,Turkey,-0.04639066928897701,0.8484848484848485
2022-12-01,U.K.,U.K.,0.021730011824350665,0.6818181818181819
2022-12-01,U.S.,US,0.07484287852550169,0.3484848484848485
2022-12-01,US SmallCap,US,0.07102308139659039,0.4696969696969697
2022-12-01,Vietnam,Vietnam,0.01825361237424375,0.30303030303030304
2023-01-01,Australia,Australia,-0.01582239740552556,0.5
2023-01-01,Brazil,Brazil,-0.02027689288291719,0.7878787878787878
2023-01-01,Canada,Canada,0.020264964265718055,0.5303030303030303
2023-01-01,Chile,Chile,-0.03619586366746042,0.7878787878787878
2023-01-01,ChinaA,China,-0.0044968807569891675,0.4696969696969697
2023-01-01,ChinaH,China,-0.004168472036684329,0.48484848484848486
2023-01-01,Denmark,Denmark,0.0785070975235342,0.2727272727272727
2023-01-01,France,France,-0.014920187514503037,0.45454545454545453
2023-01-01,Germany,Germany,0.025530363811554185,0.5454545454545454
2023-01-01,Hong Kong,Hong Kong,0.011186069100980458,0.7121212121212122
2023-01-01,Indonesia,Indonesia,-0.02423946638397259,0.5303030303030303
2023-01-01,Italy,Italy,-0.015517564368285294,0.6666666666666667
2023-01-01,Japan,Japan,-0.008055853849216272,0.5909090909090909
2023-01-01,Korea,Korea,-0.007043775771782352,0.6212121212121212
2023-01-01,Malaysia,Malaysia,-0.030932384751306198,0.6818181818181819
2023-01-01,Mexico,Mexico,-0.018954290896257168,0.6060606060606061
2023-01-01,NASDAQ,US,0.0776820724834391,0.13636363636363635
2023-01-01,Netherlands,Netherlands,0.030946761556626186,0.16666666666666669
2023-01-01,Philippines,Philippines,-0.02918444367160298,0.5151515151515151
2023-01-01,Poland,Poland,-0.008461463579187086,0.5303030303030303
2023-01-01,Saudi Arabia,Saudi Arabia,-0.030989043437245054,0.4696969696969697
2023-01-01,Singapore,Singapore,0.016485685945071757,0.6666666666666667
2023-01-01,South Africa,South Africa,-0.03233378028756039,0.696969696969697
2023-01-01,Spain,Spain,-0.01843930903027289,0.7575757575757576
2023-01-01,Sweden,Sweden,0.029456463745563703,0.25757575757575757
2023-01-01,Switzerland,Switzerland,0.026682971125081466,0.22727272727272727
2023-01-01,Taiwan,Taiwan,0.012414252508499363,0.21212121212121213
2023-01-01,Thailand,Thailand,-0.02207776380548028,0.5606060606060606
2023-01-01,Turkey,Turkey,-0.045904545813569356,0.9393939393939394
2023-01-01,U.K.,U.K.,0.02039106357961673,0.6666666666666666
2023-01-01,U.S.,US,0.07486236245523721,0.2878787878787879
2023-01-01,US SmallCap,US,0.07162079676398436,0.3939393939393939
2023-01-01,Vietnam,Vietnam,0.018104391057252943,0.2727272727272727
2023-02-01,Australia,Australia,-0.01803884084459262,0.5909090909090909
2023-02-01,Brazil,Brazil,-0.019349399281550016,0.696969696969697
2023-02-01,Canada,Canada,0.020974620216947806,0.5
2023-02-01,Chile,Chile,-0.034814230434226434,0.803030303030303
2023-02-01,ChinaA,China,-0.006126162700571477,0.5
2023-02-01,ChinaH,China,-0.005798167651693529,0.46969696969696967
2023-02-01,Denmark,Denmark,0.07497176480145598,0.48484848484848486
2023-02-01,France,France,-0.015333613499500801,0.5
2023-02-01,Germany,Germany,0.02572036070683193,0.4696969696969697
2023-02-01,Hong Kong,Hong Kong,0.008919233005227045,0.803030303030303
2023-02-01,Indonesia,Indonesia,-0.023310325915433187,0.5
2023-02-01,Italy,Italy,-0.015447288847914995,0.6363636363636364
2023-02-01,Japan,Japan,-0.008997447380058119,0.5909090909090909
2023-02-01,Korea,Korea,-0.007201433775553743,0.6060606060606061
2023-02-01,Malaysia,Malaysia,-0.0321475829274369,0.7272727272727273
2023-02-01,Mexico,Mexico,-0.01819238217734556,0.5757575757575758
2023-02-01,NASDAQ,US,0.0781442240389797,0.06060606060606061
2023-02-01,Netherlands,Netherlands,0.028812391478634215,0.2272727272727273
2023-02-01,Philippines,Philippines,-0.02904156856654974,0.40909090909090906
2023-02-01,Poland,Poland,-0.009275388065683333,0.5606060606060606
2023-02-01,Saudi Arabia,Saudi Arabia,-0.03165383293730219,0.3333333333333333
2023-02-01,Singapore,Singapore,0.016732534035330177,0.6515151515151516
2023-02-01,South Africa,South Africa,-0.032466721590961554,0.5757575757575757
2023-02-01,Spain,Spain,-0.018901100268450204,0.7575757575757576
2023-02-01,Sweden,Sweden,0.027050680711771295,0.2727272727272727
2023-02-01,Switzerland,Switzerland,0.02400960102706784,0.30303030303030304
2023-02-01,Taiwan,Taiwan,0.01300845099341621,0.16666666666666666
2023-02-01,Thailand,Thailand,-0.022580156050071198,0.6060606060606061
2023-02-01,Turkey,Turkey,-0.04333565200991629,0.9696969696969697
2023-02-01,U.K.,U.K.,0.0199481000722974,0.6515151515151515
2023-02-01,U.S.,US,0.07465126777902721,0.25757575757575757
2023-02-01,US SmallCap,US,0.0706218788178749,0.4393939393939394
2023-02-01,Vietnam,Vietnam,0.02086661313033615,0.30303030303030304
2023-03-01,Australia,Australia,-0.017611106759521516,0.5909090909090908
2023-03-01,Brazil,Brazil,-0.018823265982926572,0.696969696969697
2023-03-01,Canada,Canada,0.01991991120740704,0.43939393939393934
2023-03-01,Chile,Chile,-0.03539189107863033,0.8333333333333334
2023-03-01,ChinaA,China,-0.007772496570048023,0.48484848484848486
2023-03-01,ChinaH,China,-0.006448422203182952,0.5454545454545454
2023-03-01,Denmark,Denmark,0.07288856204119915,0.45454545454545453
2023-03-01,France,France,-0.017022635582470837,0.5909090909090909
2023-03-01,Germany,Germany,0.022512912940201746,0.5303030303030303
2023-03-01,Hong Kong,Hong Kong,0.008527026101093441,0.7878787878787878
2023-03-01,Indonesia,Indonesia,-0.02366149577852336,0.4242424242424242
2023-03-01,Italy,Italy,-0.018545559278531798,0.7575757575757576
2023-03-01,Japan,Japan,-0.009756285490976832,0.6060606060606061
2023-03-01,Korea,Korea,-0.008061803663667426,0.5757575757575758
2023-03-01,Malaysia,Malaysia,-0.029413928990702276,0.6060606060606061
2023-03-01,Mexico,Mexico,-0.018654585591340526,0.6212121212121212
2023-03-01,NASDAQ,US,0.07700201256433709,0.07575757575757576
2023-03-01,Netherlands,Netherlands,0.027220436053065455,0.36363636363636365
2023-03-01,Philippines,Philippines,-0.029638557221230988,0.3181818181818182
2023-03-01,Poland,Poland,-0.012036014211133669,0.6363636363636364
2023-03-01,Saudi Arabia,Saudi Arabia,-0.030704496212402323,0.16666666666666669
2023-03-01,Singapore,Singapore,0.01683845029878305,0.696969696969697
2023-03-01,South Africa,South Africa,-0.0304602085913279,0.3787878787878788
2023-03-01,Spain,Spain,-0.020947198327028745,0.8484848484848485
2023-03-01,Sweden,Sweden,0.025160403737159782,0.30303030303030304
2023-03-01,Switzerland,Switzerland,0.023554203283593547,0.25757575757575757
2023-03-01,Taiwan,Taiwan,0.011334881218603992,0.15151515151515152
2023-03-01,Thailand,Thailand,-0.020517478356485545,0.6060606060606061
2023-03-01,Turkey,Turkey,-0.04454080678016885,0.9545454545454546
2023-03-01,U.K.,U.K.,0.018977800211274494,0.6666666666666667
2023-03-01,U.S.,US,0.07401688421355457,0.25757575757575757
2023-03-01,US SmallCap,US,0.07035592827836606,0.45454545454545453
2023-03-01,Vietnam,Vietnam,0.020875351001158705,0.3181818181818182
2023-04-01,Australia,Australia,-0.015865858111343285,0.42424242424242425
2023-04-01,Brazil,Brazil,-0.01555664460703856,0.5606060606060607
2023-04-01,Canada,Canada,0.02182049002881476,0.3787878787878788
2023-04-01,Chile,Chile,-0.03452687805538928,0.7575757575757576
2023-04-01,ChinaA,China,-0.00792495376811652,0.5151515151515151
2023-04-01,ChinaH,China,-0.005948056985815818,0.6212121212121212
2023-04-01,Denmark,Denmark,0.07248982722459218,0.46969696969696967
2023-04-01,France,France,-0.017302338828295433,0.5909090909090909
2023-04-01,Germany,Germany,0.02291955332246879,0.6818181818181819
2023-04-01,Hong Kong,Hong Kong,0.009553979844819325,0.7575757575757576
2023-04-01,Indonesia,Indonesia,-0.02129711502133258,0.4696969696969697
2023-04-01,Italy,Italy,-0.01771918091035808,0.8636363636363636
2023-04-01,Japan,Japan,-0.00947204613246434,0.6363636363636364
2023-04-01,Korea,Korea,-0.008285312539625264,0.5606060606060606
2023-04-01,Malaysia,Malaysia,-0.02753619909512641,0.5151515151515151
2023-04-01,Mexico,Mexico,-0.018428313592522033,0.6212121212121212
2023-04-01,NASDAQ,US,0.07709206231425185,0.10606060606060606
2023-04-01,Netherlands,Netherlands,0.026520403400751506,0.40909090909090906
2023-04-01,Philippines,Philippines,-0.02819332517116633,0.3939393939393939
2023-04-01,Poland,Poland,-0.010772822243868309,0.6212121212121212
2023-04-01,Saudi Arabia,Saudi Arabia,-0.028473480579453155,0.16666666666666666
2023-04-01,Singapore,Singapore,0.017519728209752602,0.606060606060606
2023-04-01,South Africa,South Africa,-0.03169025974500854,0.24242424242424243
2023-04-01,Spain,Spain,-0.021675089386138303,0.8787878787878788
2023-04-01,Sweden,Sweden,0.024865507015428216,0.4242424242424242
2023-04-01,Switzerland,Switzerland,0.024587223127469762,0.24242424242424243
2023-04-01,Taiwan,Taiwan,0.010281875119519395,0.16666666666666669
2023-04-01,Thailand,Thailand,-0.01822556111682423,0.5909090909090909
2023-04-01,Turkey,Turkey,-0.03939466131115476,0.9848484848484849
2023-04-01,U.K.,U.K.,0.02065723850448649,0.696969696969697
2023-04-01,U.S.,US,0.07444149102683757,0.24242424242424243
2023-04-01,US SmallCap,US,0.07118654813658704,0.5
2023-04-01,Vietnam,Vietnam,0.021462540402244303,0.30303030303030304
2023-05-01,Australia,Australia,-0.01730984226633612,0.36363636363636365
2023-05-01,Brazil,Brazil,-0.021276866787449916,0.42424242424242425
2023-05-01,Canada,Canada,0.019670195747834865,0.30303030303030304
2023-05-01,Chile,Chile,-0.03735875171724688,0.8333333333333334
2023-05-01,ChinaA,China,-0.0078286448539065,0.5151515151515151
2023-05-01,ChinaH,China,-0.006580784147689343,0.6060606060606061
2023-05-01,Denmark,Denmark,0.06966889009173169,0.48484848484848486
2023-05-01,France,France,-0.020389185043850865,0.5909090909090909
2023-05-01,Germany,Germany,0.019660485986721613,0.696969696969697
2023-05-01,Hong Kong,Hong Kong,0.007515900309779422,0.7272727272727273
2023-05-01,Indonesia,Indonesia,-0.021656625142916157,0.2727272727272727
2023-05-01,Italy,Italy,-0.02026670276392674,0.8939393939393939
2023-05-01,Japan,Japan,-0.014393544220028922,0.696969696969697
2023-05-01,Korea,Korea,-0.010276862010730742,0.5606060606060607
2023-05-01,Malaysia,Malaysia,-0.02864566693624137,0.4090909090909091
2023-05-01,Mexico,Mexico,-0.022591890079459984,0.6363636363636364
2023-05-01,NASDAQ,US,0.07214457809558918,0.31818181818181823
2023-05-01,Netherlands,Netherlands,0.023322946740706424,0.46969696969696967
2023-05-01,Philippines,Philippines,-0.03163116184851335,0.3787878787878788
2023-05-01,Poland,Poland,-0.014717570038159232,0.7575757575757576
2023-05-01,Saudi Arabia,Saudi Arabia,-0.029406645800983337,0.13636363636363635
2023-05-01,Singapore,Singapore,0.014474587379391323,0.6818181818181819
2023-05-01,South Africa,South Africa,-0.033823897422904106,0.3333333333333333
2023-05-01,Spain,Spain,-0.02275782896700581,0.8484848484848485
2023-05-01,Sweden,Sweden,0.022810397222120596,0.42424242424242425
2023-05-01,Switzerland,Switzerland,0.02223675903733449,0.21212121212121213
2023-05-01,Taiwan,Taiwan,0.008118203272841398,0.21212121212121213
2023-05-01,Thailand,Thailand,-0.01965734280157042,0.5909090909090908
2023-05-01,Turkey,Turkey,-0.039821234497230386,0.9696969696969697
2023-05-01,U.K.,U.K.,0.018830955949372993,0.5909090909090909
2023-05-01,U.S.,US,0.07055060621554675,0.3484848484848485
2023-05-01,US SmallCap,US,0.06963873544744976,0.40909090909090906
2023-05-01,Vietnam,Vietnam,0.02005582370779168,0.30303030303030304
2023-06-01,Australia,Australia,-0.016739747622158282,0.3787878787878788
2023-06-01,Brazil,Brazil,-0.02180769325425324,0.3787878787878788
2023-06-01,Canada,Canada,0.02056247243918232,0.3787878787878788
2023-06-01,Chile,Chile,-0.0381436703649937,0.5606060606060607
2023-06-01,ChinaA,China,-0.006605532193649583,0.43939393939393945
2023-06-01,ChinaH,China,-0.00535990965581775,0.5454545454545454
2023-06-01,Denmark,Denmark,0.06852119582218526,0.5151515151515151
2023-06-01,France,France,-0.018924844699177865,0.6363636363636364
2023-06-01,Germany,Germany,0.020594774610447758,0.7121212121212122
2023-06-01,Hong Kong,Hong Kong,0.009432544471759974,0.6893939393939394
2023-06-01,Indonesia,Indonesia,-0.02307481165152121,0.4242424242424242
2023-06-01,Italy,Italy,-0.019332417114356917,0.8787878787878788
2023-06-01,Japan,Japan,-0.01506613094279735,0.5909090909090908
2023-06-01,Korea,Korea,-0.010582712412497886,0.5378787878787878
2023-06-01,Malaysia,Malaysia,-0.028580017414289678,0.5151515151515151
2023-06-01,Mexico,Mexico,-0.02201473996762865,0.6212121212121212
2023-06-01,NASDAQ,US,0.07163022956609776,0.28787878787878785
2023-06-01,Netherlands,Netherlands,0.023028255706408554,0.45454545454545453
2023-06-01,Philippines,Philippines,-0.03110878464397436,0.4242424242424242
2023-06-01,Poland,Poland,-0.01582528900202508,0.8636363636363636
2023-06-01,Saudi Arabia,Saudi Arabia,-0.031531971933016135,0.16666666666666669
2023-06-01,Singapore,Singapore,0.01529375886549931,0.7121212121212122
2023-06-01,South Africa,South Africa,-0.031560142163014726,0.393939393939394
2023-06-01,Spain,Spain,-0.02166838597362927,0.803030303030303
2023-06-01,Sweden,Sweden,0.023513993743594974,0.4696969696969697
2023-06-01,Switzerland,Switzerland,0.02062968039746748,0.3787878787878788
2023-06-01,Taiwan,Taiwan,0.008150092743370788,0.13636363636363635
2023-06-01,Thailand,Thailand,-0.01871855159536298,0.4696969696969697
2023-06-01,Turkey,Turkey,-0.04013283280793113,0.9545454545454546
2023-06-01,U.K.,U.K.,0.020058123051257384,0.696969696969697
2023-06-01,U.S.,US,0.07016879942503342,0.33333333333333337
2023-06-01,US SmallCap,US,0.0699584976288971,0.40909090909090906
2023-06-01,Vietnam,Vietnam,0.01947221989938571,0.24242424242424243
2023-07-01,Australia,Australia,-0.015519072369363774,0.3181818181818182
2023-07-01,Brazil,Brazil,-0.021768565580163976,0.5909090909090909
2023-07-01,Canada,Canada,0.015098239768935989,0.33333333333333337
2023-07-01,Chile,Chile,-0.03717727847145407,0.7121212121212122
2023-07-01,ChinaA,China,-0.0032808409557078476,0.3787878787878788
2023-07-01,ChinaH,China,-0.002505239124372753,0.48484848484848486
2023-07-01,Denmark,Denmark,0.054095273223956505,0.5151515151515151
2023-07-01,France,France,-0.01774213249604692,0.6060606060606061
2023-07-01,Germany,Germany,0.01386585498420024,0.7272727272727273
2023-07-01,Hong Kong,Hong Kong,0.009288180207321648,0.5454545454545454
2023-07-01,Indonesia,Indonesia,-0.020802443856045072,0.45454545454545453
2023-07-01,Italy,Italy,-0.019722859934605493,0.8787878787878788
2023-07-01,Japan,Japan,-0.01610636923798031,0.5757575757575757
2023-07-01,Korea,Korea,-0.012260990948891957,0.7727272727272727
2023-07-01,Malaysia,Malaysia,-0.02519047934125359,0.48484848484848486
2023-07-01,Mexico,Mexico,-0.020891865356640615,0.6212121212121212
2023-07-01,NASDAQ,US,0.05451630447993854,0.3939393939393939
2023-07-01,Netherlands,Netherlands,0.0162879865969619,0.5151515151515151
2023-07-01,Philippines,Philippines,-0.027747661467256345,0.4545454545454546
2023-07-01,Poland,Poland,-0.01577805896746846,0.8787878787878789
2023-07-01,Saudi Arabia,Saudi Arabia,-0.0291113093288088,0.19696969696969696
2023-07-01,Singapore,Singapore,0.011118412167770117,0.5454545454545454
2023-07-01,South Africa,South Africa,-0.025766296399258072,0.34848484848484845
2023-07-01,Spain,Spain,-0.019854410785734144,0.7727272727272727
2023-07-01,Sweden,Sweden,0.015898389979211003,0.40909090909090906
2023-07-01,Switzerland,Switzerland,0.012663774113436521,0.28787878787878785
2023-07-01,Taiwan,Taiwan,0.0028464007776195926,0.30303030303030304
2023-07-01,Thailand,Thailand,-0.016631985917277596,0.40909090909090906
2023-07-01,Turkey,Turkey,-0.03667370702948551,0.9545454545454546
2023-07-01,U.K.,U.K.,0.01470425880032654,0.6060606060606061
2023-07-01,U.S.,US,0.053329945974790884,0.33333333333333337
2023-07-01,US SmallCap,US,0.05493026297385635,0.3333333333333333
2023-07-01,Vietnam,Vietnam,0.014683849412567883,0.25757575757575757
2023-08-01,Australia,Australia,-0.016219436450840122,0.3484848484848485
2023-08-01,Brazil,Brazil,-0.023064061249408116,0.7121212121212122
2023-08-01,Canada,Canada,0.014050318845148431,0.36363636363636365
2023-08-01,Chile,Chile,-0.03812771710321028,0.6666666666666666
2023-08-01,ChinaA,China,-0.005724258019146803,0.43939393939393945
2023-08-01,ChinaH,China,-0.005457755203596655,0.48484848484848486
2023-08-01,Denmark,Denmark,0.054406675219950865,0.40909090909090906
2023-08-01,France,France,-0.01810256419354974,0.5757575757575757
2023-08-01,Germany,Germany,0.0131991430886089,0.7575757575757576
2023-08-01,Hong Kong,Hong Kong,0.0073727121070350805,0.5909090909090909
2023-08-01,Indonesia,Indonesia,-0.020628749564960178,0.4393939393939394
2023-08-01,Italy,Italy,-0.021409427864627878,0.9090909090909092
2023-08-01,Japan,Japan,-0.016258152041207743,0.6515151515151516
2023-08-01,Korea,Korea,-0.012701085935734865,0.7424242424242424
2023-08-01,Malaysia,Malaysia,-0.022848835571589572,0.42424242424242425
2023-08-01,Mexico,Mexico,-0.020946535146487706,0.6060606060606061
2023-08-01,NASDAQ,US,0.053076036323643445,0.34848484848484845
2023-08-01,Netherlands,Netherlands,0.01595315614523088,0.4393939393939394
2023-08-01,Philippines,Philippines,-0.028494569754200477,0.5
2023-08-01,Poland,Poland,-0.018043565651781633,0.9545454545454546
2023-08-01,Saudi Arabia,Saudi Arabia,-0.030119648565810793,0.18181818181818182
2023-08-01,Singapore,Singapore,0.01155919415468038,0.5
2023-08-01,South Africa,South Africa,-0.02667537977194715,0.3787878787878788
2023-08-01,Spain,Spain,-0.02139115272010314,0.8939393939393939
2023-08-01,Sweden,Sweden,0.015617103066531654,0.36363636363636365
2023-08-01,Switzerland,Switzerland,0.012664015236123616,0.28787878787878785
2023-08-01,Taiwan,Taiwan,0.002590921126877286,0.33333333333333337
2023-08-01,Thailand,Thailand,-0.016896606803742987,0.42424242424242425
2023-08-01,Turkey,Turkey,-0.037289155848579426,0.8181818181818181
2023-08-01,U.K.,U.K.,0.013765993839593904,0.6060606060606061
2023-08-01,U.S.,US,0.05202084068419644,0.3484848484848485
2023-08-01,US SmallCap,US,0.0535922071764584,0.3181818181818182
2023-08-01,Vietnam,Vietnam,0.01463959961462919,0.18181818181818182
2023-09-01,Australia,Australia,-0.01643147978620744,0.3333333333333333
2023-09-01,Brazil,Brazil,-0.02084644950577326,0.6666666666666666
2023-09-01,Canada,Canada,0.013130584111030076,0.40909090909090906
2023-09-01,Chile,Chile,-0.036831851583237665,0.6666666666666666
2023-09-01,ChinaA,China,-0.006111634478062176,0.4393939393939394
2023-09-01,ChinaH,China,-0.005926571595052846,0.48484848484848486
2023-09-01,Denmark,Denmark,0.050287661417341006,0.4242424242424242
2023-09-01,France,France,-0.019435435928867498,0.5606060606060606
2023-09-01,Germany,Germany,0.012014690553223595,0.7878787878787878
2023-09-01,Hong Kong,Hong Kong,0.007246201155615207,0.5909090909090909
2023-09-01,Indonesia,Indonesia,-0.02002625650442465,0.24242424242424243
2023-09-01,Italy,Italy,-0.02252166705934315,0.8787878787878789
2023-09-01,Japan,Japan,-0.017439005806624813,0.5454545454545454
2023-09-01,Korea,Korea,-0.01255882500984345,0.7878787878787878
2023-09-01,Malaysia,Malaysia,-0.025322449192088432,0.42424242424242425
2023-09-01,Mexico,Mexico,-0.02184107089486389,0.6212121212121212
2023-09-01,NASDAQ,US,0.05181151336347937,0.36363636363636365
2023-09-01,Netherlands,Netherlands,0.014502373300303002,0.48484848484848486
2023-09-01,Philippines,Philippines,-0.02670235729514367,0.4090909090909091
2023-09-01,Poland,Poland,-0.02040802233270633,0.9848484848484849
2023-09-01,Saudi Arabia,Saudi Arabia,-0.02993507078301562,0.13636363636363635
2023-09-01,Singapore,Singapore,0.012167595577517521,0.6212121212121212
2023-09-01,South Africa,South Africa,-0.026825816244979116,0.5303030303030303
2023-09-01,Spain,Spain,-0.022286794098637923,0.8787878787878788
2023-09-01,Sweden,Sweden,0.013893777176548194,0.46969696969696967
2023-09-01,Switzerland,Switzerland,0.010117744727592545,0.3484848484848485
2023-09-01,Taiwan,Taiwan,0.002583823347051536,0.24242424242424243
2023-09-01,Thailand,Thailand,-0.017408783474647284,0.3787878787878788
2023-09-01,Turkey,Turkey,-0.039337253547601855,0.7727272727272727
2023-09-01,U.K.,U.K.,0.012490428862102847,0.6212121212121212
2023-09-01,U.S.,US,0.050563498014988655,0.3484848484848485
2023-09-01,US SmallCap,US,0.05356954208617406,0.3787878787878788
2023-09-01,Vietnam,Vietnam,0.013926088921255126,0.16666666666666669
2023-10-01,Australia,Australia,-0.01838044055687796,0.3939393939393939
2023-10-01,Brazil,Brazil,-0.020405968295553203,0.5151515151515151
2023-10-01,Canada,Canada,0.011698118687547792,0.40909090909090906
2023-10-01,Chile,Chile,-0.037844580160656484,0.6212121212121212
2023-10-01,ChinaA,China,-0.008319707043306222,0.46969696969696967
2023-10-01,ChinaH,China,-0.00809899161060508,0.5303030303030303
2023-10-01,Denmark,Denmark,0.04353199310246039,0.5
2023-10-01,France,France,-0.020990161096389078,0.5606060606060606
2023-10-01,Germany,Germany,0.010941656216531979,0.7575757575757576
2023-10-01,Hong Kong,Hong Kong,0.006816856608119457,0.5454545454545454
2023-10-01,Indonesia,Indonesia,-0.019418179799873148,0.16666666666666669
2023-10-01,Italy,Italy,-0.023119454481891795,0.8636363636363636
2023-10-01,Japan,Japan,-0.022405781131136726,0.6666666666666667
2023-10-01,Korea,Korea,-0.01771390646274858,0.8333333333333334
2023-10-01,Malaysia,Malaysia,-0.02983104897184049,0.4393939393939394
2023-10-01,Mexico,Mexico,-0.018935341299320348,0.6363636363636364
2023-10-01,NASDAQ,US,0.04919467323567207,0.36363636363636365
2023-10-01,Netherlands,Netherlands,0.014427111480725728,0.45454545454545453
2023-10-01,Philippines,Philippines,-0.03381326098281481,0.4393939393939394
2023-10-01,Poland,Poland,-0.020518171542343946,0.9848484848484849
2023-10-01,Saudi Arabia,Saudi Arabia,-0.031052268947819157,0.13636363636363635
2023-10-01,Singapore,Singapore,0.011985669938619216,0.5151515151515151
2023-10-01,South Africa,South Africa,-0.026399038887617896,0.4545454545454546
2023-10-01,Spain,Spain,-0.024342767445095503,0.8636363636363636
2023-10-01,Sweden,Sweden,0.011117818328001404,0.3939393939393939
2023-10-01,Switzerland,Switzerland,0.009229942434131689,0.3333333333333333
2023-10-01,Taiwan,Taiwan,-0.0005164962254044919,0.3787878787878788
2023-10-01,Thailand,Thailand,-0.01624157223637595,0.4090909090909091
2023-10-01,Turkey,Turkey,-0.04116001870448216,0.7575757575757576
2023-10-01,U.K.,U.K.,0.00840052163330741,0.5606060606060606
2023-10-01,U.S.,US,0.04771059782659647,0.36363636363636365
2023-10-01,US SmallCap,US,0.05286548279379206,0.4696969696969697
2023-10-01,Vietnam,Vietnam,0.012817681936057842,0.21212121212121213
2023-11-01,Australia,Australia,-0.016636525014750533,0.3484848484848485
2023-11-01,Brazil,Brazil,-0.019546570621575374,0.4696969696969697
2023-11-01,Canada,Canada,0.013687087165680725,0.3333333333333333
2023-11-01,Chile,Chile,-0.035524304534626135,0.5606060606060606
2023-11-01,ChinaA,China,-0.011394965406284277,0.803030303030303
2023-11-01,ChinaH,China,-0.011476429877711662,0.8181818181818181
2023-11-01,Denmark,Denmark,0.04501085424709356,0.5151515151515151
2023-11-01,France,France,-0.01829154882274933,0.5
2023-11-01,Germany,Germany,0.013726355345634428,0.7272727272727273
2023-11-01,Hong Kong,Hong Kong,0.004161635231397365,0.6818181818181819
2023-11-01,Indonesia,Indonesia,-0.016712032908999874,0.18181818181818182
2023-11-01,Italy,Italy,-0.020730847171631227,0.8787878787878788
2023-11-01,Japan,Japan,-0.019765239230689242,0.6666666666666667
2023-11-01,Korea,Korea,-0.015378908288030903,0.7575757575757576
2023-11-01,Malaysia,Malaysia,-0.029014535598693887,0.40909090909090906
2023-11-01,Mexico,Mexico,-0.017431958074953808,0.4696969696969697
2023-11-01,NASDAQ,US,0.05079105912541839,0.3787878787878788
2023-11-01,Netherlands,Netherlands,0.0162967360938715,0.3939393939393939
2023-11-01,Philippines,Philippines,-0.032359603641428765,0.4242424242424242
2023-11-01,Poland,Poland,-0.018070172588594842,0.9393939393939394
2023-11-01,Saudi Arabia,Saudi Arabia,-0.030308027491237878,0.12121212121212122
2023-11-01,Singapore,Singapore,0.012926767899793133,0.6060606060606061
2023-11-01,South Africa,South Africa,-0.02570609080101518,0.3939393939393939
2023-11-01,Spain,Spain,-0.022306942289646164,0.8333333333333333
2023-11-01,Sweden,Sweden,0.012569879791465491,0.3787878787878788
2023-11-01,Switzerland,Switzerland,0.013329567848887032,0.25757575757575757
2023-11-01,Taiwan,Taiwan,-0.0013779896025369887,0.5
2023-11-01,Thailand,Thailand,-0.013592167337229642,0.33333333333333337
2023-11-01,Turkey,Turkey,-0.03849744204758273,0.803030303030303
2023-11-01,U.K.,U.K.,0.011406449780560156,0.6212121212121212
2023-11-01,U.S.,US,0.04894050474982131,0.30303030303030304
2023-11-01,US SmallCap,US,0.05391726584163542,0.25757575757575757
2023-11-01,Vietnam,Vietnam,0.013700874986782028,0.33333333333333337
2023-12-01,Australia,Australia,-0.015946461695223128,0.3333333333333333
2023-12-01,Brazil,Brazil,-0.01873043278808663,0.696969696969697
2023-12-01,Canada,Canada,0.015277954693504866,0.36363636363636365
2023-12-01,Chile,Chile,-0.033271510718506196,0.46969696969696967
2023-12-01,ChinaA,China,-0.012976557042681436,0.5606060606060606
2023-12-01,ChinaH,China,-0.01322451274403549,0.5909090909090908
2023-12-01,Denmark,Denmark,0.04454840542671441,0.5151515151515151
2023-12-01,France,France,-0.01778827368300798,0.5303030303030303
2023-12-01,Germany,Germany,0.01431848724227769,0.6666666666666667
2023-12-01,Hong Kong,Hong Kong,0.0016912435626180982,0.5606060606060606
2023-12-01,Indonesia,Indonesia,-0.015259577029261907,0.2727272727272727
2023-12-01,Italy,Italy,-0.02037686430866048,0.893939393939394
2023-12-01,Japan,Japan,-0.01901354588868253,0.7121212121212122
2023-12-01,Korea,Korea,-0.014515444880965678,0.7121212121212122
2023-12-01,Malaysia,Malaysia,-0.028828669138369387,0.5606060606060606
2023-12-01,Mexico,Mexico,-0.015712390493174626,0.5151515151515151
2023-12-01,NASDAQ,US,0.05226506848635189,0.45454545454545453
2023-12-01,Netherlands,Netherlands,0.015661276151070484,0.36363636363636365
2023-12-01,Philippines,Philippines,-0.03138527957307739,0.3787878787878788
2023-12-01,Poland,Poland,-0.019049566862950687,0.9696969696969697
2023-12-01,Saudi Arabia,Saudi Arabia,-0.03218006966410728,0.36363636363636365
2023-12-01,Singapore,Singapore,0.013021732376870999,0.6515151515151516
2023-12-01,South Africa,South Africa,-0.027835509332513407,0.2727272727272727
2023-12-01,Spain,Spain,-0.02048147959980719,0.8181818181818181
2023-12-01,Sweden,Sweden,0.015131478868363373,0.3787878787878788
2023-12-01,Switzerland,Switzerland,0.01584813124443775,0.3333333333333333
2023-12-01,Taiwan,Taiwan,-0.002403471048613444,0.3939393939393939
2023-12-01,Thailand,Thailand,-0.013346100557927329,0.36363636363636365
2023-12-01,Turkey,Turkey,-0.039411721052173096,0.6363636363636364
2023-12-01,U.K.,U.K.,0.011734135616554562,0.6818181818181819
2023-12-01,U.S.,US,0.0503653504808094,0.4393939393939394
2023-12-01,US SmallCap,US,0.05460782396471868,0.30303030303030304
2023-12-01,Vietnam,Vietnam,0.015640108218099726,0.24242424242424243
2024-01-01,Australia,Australia,-0.01755080386759409,0.3333333333333333
2024-01-01,Brazil,Brazil,-0.020892146674904726,0.696969696969697
2024-01-01,Canada,Canada,0.012636486533405539,0.48484848484848486
2024-01-01,Chile,Chile,-0.0324392291039669,0.6363636363636364
2024-01-01,ChinaA,China,-0.012740343904083162,0.4696969696969697
2024-01-01,ChinaH,China,-0.012988622901111486,0.5
2024-01-01,Denmark,Denmark,0.04374348378643407,0.4545454545454546
2024-01-01,France,France,-0.019328041819251057,0.5
2024-01-01,Germany,Germany,0.01234000784451157,0.6515151515151515
2024-01-01,Hong Kong,Hong Kong,0.0012906429777771577,0.5
2024-01-01,Indonesia,Indonesia,-0.017703985953084447,0.3181818181818182
2024-01-01,Italy,Italy,-0.021369467752561044,0.8787878787878789
2024-01-01,Japan,Japan,-0.020047188180930653,0.6515151515151516
2024-01-01,Korea,Korea,-0.01651658749545027,0.7878787878787878
2024-01-01,Malaysia,Malaysia,-0.029472271178183594,0.45454545454545453
2024-01-01,Mexico,Mexico,-0.019961163982043173,0.6212121212121212
2024-01-01,NASDAQ,US,0.046717308542581805,0.5
2024-01-01,Netherlands,Netherlands,0.013414581299255454,0.4393939393939394
2024-01-01,Philippines,Philippines,-0.03321567891769038,0.3787878787878788
2024-01-01,Poland,Poland,-0.019523021238236953,0.9545454545454546
2024-01-01,Saudi Arabia,Saudi Arabia,-0.032760108083425624,0.30303030303030304
2024-01-01,Singapore,Singapore,0.012897285250225104,0.5
2024-01-01,South Africa,South Africa,-0.028615182372672382,0.36363636363636365
2024-01-01,Spain,Spain,-0.02208992245897639,0.7878787878787878
2024-01-01,Sweden,Sweden,0.0137845007650863,0.3939393939393939
2024-01-01,Switzerland,Switzerland,0.014266113497785076,0.30303030303030304
2024-01-01,Taiwan,Taiwan,-0.004993476603116952,0.4696969696969697
2024-01-01,Thailand,Thailand,-0.01368001781360367,0.33333333333333337
2024-01-01,Turkey,Turkey,-0.03838539905758238,0.48484848484848486
2024-01-01,U.K.,U.K.,0.009426726353949028,0.5757575757575758
2024-01-01,U.S.,US,0.046036517875230956,0.4393939393939394
2024-01-01,US SmallCap,US,0.05306867900212807,0.3787878787878788
2024-01-01,Vietnam,Vietnam,0.042150656615160466,0.4545454545454546
2024-02-01,Australia,Australia,-0.018807115163683632,0.30303030303030304
2024-02-01,Brazil,Brazil,-0.020192653811127004,0.7878787878787878
2024-02-01,Canada,Canada,0.011716219051085738,0.4393939393939394
2024-02-01,Chile,Chile,-0.03177491623073113,0.5909090909090909
2024-02-01,ChinaA,China,-0.011400507541663588,0.4393939393939394
2024-02-01,ChinaH,China,-0.01190328015524833,0.48484848484848486
2024-02-01,Denmark,Denmark,0.04324628914014139,0.5
2024-02-01,France,France,-0.020591638501710675,0.4393939393939394
2024-02-01,Germany,Germany,0.01128526493057364,0.5909090909090909
2024-02-01,Hong Kong,Hong Kong,0.002653792024572804,0.5303030303030303
2024-02-01,Indonesia,Indonesia,-0.018036257116945613,0.3181818181818182
2024-02-01,Italy,Italy,-0.021817225222104913,0.8181818181818182
2024-02-01,Japan,Japan,-0.021830650924867284,0.6515151515151515
2024-02-01,Korea,Korea,-0.015545594190892992,0.7878787878787878
2024-02-01,Malaysia,Malaysia,-0.030058796631036187,0.4393939393939394
2024-02-01,Mexico,Mexico,-0.02135733924050008,0.6060606060606061
2024-02-01,NASDAQ,US,0.046014227371971146,0.5
2024-02-01,Netherlands,Netherlands,0.011346504342020709,0.36363636363636365
2024-02-01,Philippines,Philippines,-0.033737368189267695,0.3939393939393939
2024-02-01,Poland,Poland,-0.019302813363775193,0.9393939393939394
2024-02-01,Saudi Arabia,Saudi Arabia,-0.033244943336685845,0.4545454545454546
2024-02-01,Singapore,Singapore,0.012648638444789412,0.5151515151515151
2024-02-01,South Africa,South Africa,-0.028279519764042922,0.3787878787878788
2024-02-01,Spain,Spain,-0.02068427419913416,0.7727272727272727
2024-02-01,Sweden,Sweden,0.013214318038221812,0.48484848484848486
2024-02-01,Switzerland,Switzerland,0.012744545137167647,0.3333333333333333
2024-02-01,Taiwan,Taiwan,-0.005693137048639111,0.43939393939393945
2024-02-01,Thailand,Thailand,-0.013424912505609194,0.36363636363636365
2024-02-01,Turkey,Turkey,-0.039163008241951645,0.4242424242424242
2024-02-01,U.K.,U.K.,0.009021953200141626,0.6060606060606061
2024-02-01,U.S.,US,0.04563073772067973,0.4696969696969697
2024-02-01,US SmallCap,US,0.052536257958985755,0.40909090909090906
2024-02-01,Vietnam,Vietnam,0.013063130225456776,0.42424242424242425
2024-03-01,Australia,Australia,-0.019617156554911336,0.3939393939393939
2024-03-01,Brazil,Brazil,-0.021602202386708468,0.7575757575757576
2024-03-01,Canada,Canada,0.011322597136411915,0.5
2024-03-01,Chile,Chile,-0.03271361797203854,0.5151515151515151
2024-03-01,ChinaA,China,-0.012559465080051303,0.4393939393939394
2024-03-01,ChinaH,China,-0.012248084898164285,0.5
2024-03-01,Denmark,Denmark,0.044055646938260584,0.5
2024-03-01,France,France,-0.02006570978076814,0.3939393939393939
2024-03-01,Germany,Germany,0.010563355111838002,0.5606060606060606
2024-03-01,Hong Kong,Hong Kong,0.002307285689066572,0.5454545454545454
2024-03-01,Indonesia,Indonesia,-0.018346450428304305,0.25757575757575757
2024-03-01,Italy,Italy,-0.02260196874770199,0.7575757575757576
2024-03-01,Japan,Japan,-0.02406293529573133,0.7727272727272727
2024-03-01,Korea,Korea,-0.015593511719972171,0.6666666666666667
2024-03-01,Malaysia,Malaysia,-0.03349916194528306,0.48484848484848486
2024-03-01,Mexico,Mexico,-0.019463862531346812,0.5757575757575758
2024-03-01,NASDAQ,US,0.045514058675778506,0.5
2024-03-01,Netherlands,Netherlands,0.010161368772046634,0.46969696969696967
2024-03-01,Philippines,Philippines,-0.03601459094055529,0.36363636363636365
2024-03-01,Poland,Poland,-0.03548731161384029,0.9545454545454546
2024-03-01,Saudi Arabia,Saudi Arabia,-0.035563401554953265,0.5
2024-03-01,Singapore,Singapore,0.01244996099099631,0.5
2024-03-01,South Africa,South Africa,-0.028389230947852603,0.42424242424242425
2024-03-01,Spain,Spain,-0.019828226584659814,0.7272727272727273
2024-03-01,Sweden,Sweden,0.014272576500367536,0.3484848484848485
2024-03-01,Switzerland,Switzerland,0.013001574207861006,0.3787878787878788
2024-03-01,Taiwan,Taiwan,-0.005030508946747779,0.43939393939393945
2024-03-01,Thailand,Thailand,-0.015180030269262236,0.3484848484848485
2024-03-01,Turkey,Turkey,-0.0396898744191023,0.5151515151515151
2024-03-01,U.K.,U.K.,0.009969395525722949,0.5454545454545454
2024-03-01,U.S.,US,0.04538087129493988,0.48484848484848486
2024-03-01,US SmallCap,US,0.053673169435022164,0.36363636363636365
2024-03-01,Vietnam,Vietnam,0.010724987867482516,0.5151515151515151
2024-04-01,Australia,Australia,-0.019848701244900308,0.3484848484848485
2024-04-01,Brazil,Brazil,-0.020504117870210132,0.8636363636363636
2024-04-01,Canada,Canada,0.010737572189069218,0.46969696969696967
2024-04-01,Chile,Chile,-0.03333501390946202,0.5303030303030303
2024-04-01,ChinaA,China,-0.013539778291074922,0.4393939393939394
2024-04-01,ChinaH,China,-0.012484306923230513,0.5151515151515151
2024-04-01,Denmark,Denmark,0.04353917026197634,0.46969696969696967
2024-04-01,France,France,-0.020606787083094418,0.3484848484848485
2024-04-01,Germany,Germany,0.01065100842376083,0.5151515151515151
2024-04-01,Hong Kong,Hong Kong,0.0024618930143294696,0.5454545454545454
2024-04-01,Indonesia,Indonesia,-0.017602659177763498,0.28787878787878785
2024-04-01,Italy,Italy,-0.02304093986840282,0.7878787878787878
2024-04-01,Japan,Japan,-0.02441770522093044,0.7121212121212122
2024-04-01,Korea,Korea,-0.016242921139659406,0.6818181818181819
2024-04-01,Malaysia,Malaysia,-0.03371370609735668,0.5
2024-04-01,Mexico,Mexico,-0.019017860814931987,0.4696969696969697
2024-04-01,NASDAQ,US,0.0465948751692389,0.5151515151515151
2024-04-01,Netherlands,Netherlands,0.009542426687568844,0.45454545454545453
2024-04-01,Philippines,Philippines,-0.03473139296117411,0.4696969696969697
2024-04-01,Poland,Poland,-0.021221005703223564,0.9545454545454546
2024-04-01,Saudi Arabia,Saudi Arabia,-0.03569530423659843,0.5
2024-04-01,Singapore,Singapore,0.012213573129382206,0.5151515151515151
2024-04-01,South Africa,South Africa,-0.028641090631856346,0.3333333333333333
2024-04-01,Spain,Spain,-0.01978401139932561,0.5757575757575758
2024-04-01,Sweden,Sweden,0.013268643396604557,0.4393939393939394
2024-04-01,Switzerland,Switzerland,0.013247537951051208,0.21212121212121213
2024-04-01,Taiwan,Taiwan,-0.005777895038988647,0.43939393939393945
2024-04-01,Thailand,Thailand,-0.015772486762377795,0.3333333333333333
2024-04-01,Turkey,Turkey,-0.03975204970838237,0.7272727272727273
2024-04-01,U.K.,U.K.,0.009522866422032901,0.5151515151515151
2024-04-01,U.S.,US,0.04490749458887576,0.48484848484848486
2024-04-01,US SmallCap,US,0.051766128992688606,0.5454545454545454
2024-04-01,Vietnam,Vietnam,0.024903409699848535,0.5
2024-05-01,Australia,Australia,-0.019534012041687525,0.3787878787878788
2024-05-01,Brazil,Brazil,-0.01927646255217056,0.7878787878787878
2024-05-01,Canada,Canada,0.01127561230923666,0.45454545454545453
2024-05-01,Chile,Chile,-0.03379410505630915,0.5606060606060606
2024-05-01,ChinaA,China,-0.013176223919529642,0.4545454545454546
2024-05-01,ChinaH,China,-0.013336456274249467,0.5151515151515151
2024-05-01,Denmark,Denmark,0.043763018603256806,0.46969696969696967
2024-05-01,France,France,-0.019998350217873627,0.3484848484848485
2024-05-01,Germany,Germany,0.011287011426733438,0.5606060606060606
2024-05-01,Hong Kong,Hong Kong,0.002990612596928238,0.5151515151515151
2024-05-01,Indonesia,Indonesia,-0.016037943050398427,0.24242424242424243
2024-05-01,Italy,Italy,-0.022043318344250336,0.8181818181818181
2024-05-01,Japan,Japan,-0.022689361615358103,0.6515151515151516
2024-05-01,Korea,Korea,-0.015807983381717062,0.7878787878787878
2024-05-01,Malaysia,Malaysia,-0.034902881606603195,0.5
2024-05-01,Mexico,Mexico,-0.018755718225230283,0.4545454545454546
2024-05-01,NASDAQ,US,0.04782493166815024,0.5151515151515151
2024-05-01,Netherlands,Netherlands,0.009935517436357054,0.46969696969696967
2024-05-01,Philippines,Philippines,-0.03339165565036426,0.45454545454545453
2024-05-01,Poland,Poland,-0.02078480914351252,0.9393939393939394
2024-05-01,Saudi Arabia,Saudi Arabia,-0.03552129381571824,0.3333333333333333
2024-05-01,Singapore,Singapore,0.011380394747143552,0.48484848484848486
2024-05-01,South Africa,South Africa,-0.027641732529718507,0.3787878787878788
2024-05-01,Spain,Spain,-0.0201151125594405,0.7121212121212122
2024-05-01,Sweden,Sweden,0.014082091749317639,0.33333333333333337
2024-05-01,Switzerland,Switzerland,0.014910724832619,0.19696969696969696
2024-05-01,Taiwan,Taiwan,-0.007189215155932737,0.5606060606060607
2024-05-01,Thailand,Thailand,-0.01632447902498825,0.30303030303030304
2024-05-01,Turkey,Turkey,-0.03897883117284685,0.7272727272727273
2024-05-01,U.K.,U.K.,0.00889722739280487,0.4545454545454546
2024-05-01,U.S.,US,0.04644404270906842,0.48484848484848486
2024-05-01,US SmallCap,US,0.052762842503768156,0.5757575757575758
2024-05-01,Vietnam,Vietnam,0.010585351807762667,0.5757575757575757
2024-06-01,Australia,Australia,-0.020173742959649035,0.4393939393939394
2024-06-01,Brazil,Brazil,-0.01831776026998133,0.7424242424242424
2024-06-01,Canada,Canada,0.009886436360533246,0.48484848484848486
2024-06-01,Chile,Chile,-0.03377923412524374,0.5151515151515151
2024-06-01,ChinaA,China,-0.015272684311301047,0.5454545454545454
2024-06-01,ChinaH,China,-0.015654405603063908,0.5757575757575758
2024-06-01,Denmark,Denmark,0.041473957091027094,0.48484848484848486
2024-06-01,France,France,-0.022431947262844497,0.3787878787878788
2024-06-01,Germany,Germany,0.009602382933922385,0.5454545454545454
2024-06-01,Hong Kong,Hong Kong,0.00037248402207948166,0.5303030303030303
2024-06-01,Indonesia,Indonesia,-0.013837459590237097,0.19696969696969696
2024-06-01,Italy,Italy,-0.024323124427578634,0.8181818181818181
2024-06-01,Japan,Japan,-0.021247475266827087,0.5757575757575757
2024-06-01,Korea,Korea,-0.014621175267169117,0.6060606060606061
2024-06-01,Malaysia,Malaysia,-0.03882352540120565,0.5454545454545454
2024-06-01,Mexico,Mexico,-0.018103374203870287,0.4242424242424242
2024-06-01,NASDAQ,US,0.04874618686976707,0.43939393939393945
2024-06-01,Netherlands,Netherlands,0.010097702749940625,0.45454545454545453
2024-06-01,Philippines,Philippines,-0.032360792157183814,0.4393939393939394
2024-06-01,Poland,Poland,-0.027861351169222157,0.9090909090909092
2024-06-01,Saudi Arabia,Saudi Arabia,-0.03356755884835473,0.303030303030303
2024-06-01,Singapore,Singapore,0.008755597718621328,0.5303030303030303
2024-06-01,South Africa,South Africa,-0.031645819853767,0.5303030303030303
2024-06-01,Spain,Spain,-0.02053696519305804,0.803030303030303
2024-06-01,Sweden,Sweden,0.011662093343317638,0.4393939393939394
2024-06-01,Switzerland,Switzerland,0.014912362440079424,0.12121212121212122
2024-06-01,Taiwan,Taiwan,-0.006940482572083624,0.4545454545454546
2024-06-01,Thailand,Thailand,-0.016096285157476693,0.2727272727272727
2024-06-01,Turkey,Turkey,-0.039580119215195136,0.9090909090909092
2024-06-01,U.K.,U.K.,0.005578898656638475,0.6212121212121212
2024-06-01,U.S.,US,0.04698376942106763,0.48484848484848486
2024-06-01,US SmallCap,US,0.05286076239341303,0.48484848484848486
2024-06-01,Vietnam,Vietnam,0.011154362336606495,0.3939393939393939
2024-07-01,Australia,Australia,-0.017774515651306836,0.42424242424242425
2024-07-01,Brazil,Brazil,-0.01577457664112157,0.42424242424242425
2024-07-01,Canada,Canada,0.010224058908370772,0.43939393939393934
2024-07-01,Chile,Chile,-0.036594511515452684,0.5606060606060607
2024-07-01,ChinaA,China,-0.011755072555271882,0.5757575757575757
2024-07-01,ChinaH,China,-0.012596626222467038,0.5757575757575757
2024-07-01,Denmark,Denmark,0.04140821416326325,0.5
2024-07-01,France,France,-0.017703917497664867,0.40909090909090906
2024-07-01,Germany,Germany,0.009707722432644993,0.5606060606060606
2024-07-01,Hong Kong,Hong Kong,-0.00463101936765712,0.5303030303030303
2024-07-01,Indonesia,Indonesia,-0.0121597116581733,0.16666666666666669
2024-07-01,Italy,Italy,-0.020234450281768582,0.8484848484848484
2024-07-01,Japan,Japan,-0.01712553077306643,0.6212121212121212
2024-07-01,Korea,Korea,-0.01204373655009668,0.6363636363636364
2024-07-01,Malaysia,Malaysia,-0.042165039656087255,0.6818181818181819
2024-07-01,Mexico,Mexico,-0.012107257848157632,0.4242424242424242
2024-07-01,NASDAQ,US,0.04827651478652939,0.4545454545454546
2024-07-01,Netherlands,Netherlands,0.009353185215403645,0.45454545454545453
2024-07-01,Philippines,Philippines,-0.034630835966629386,0.34848484848484845
2024-07-01,Poland,Poland,-0.01946564508918549,0.8484848484848485
2024-07-01,Saudi Arabia,Saudi Arabia,-0.03616232506828433,0.24242424242424243
2024-07-01,Singapore,Singapore,0.007791853971452231,0.6060606060606061
2024-07-01,South Africa,South Africa,-0.03421040924650289,0.4242424242424242
2024-07-01,Spain,Spain,-0.016535852920568285,0.7727272727272727
2024-07-01,Sweden,Sweden,0.011607142227466272,0.48484848484848486
2024-07-01,Switzerland,Switzerland,0.013329742483586888,0.24242424242424243
2024-07-01,Taiwan,Taiwan,-0.013411394160114883,0.5303030303030303
2024-07-01,Thailand,Thailand,-0.013344137560096114,0.33333333333333337
2024-07-01,Turkey,Turkey,-0.04336617276993411,0.9090909090909092
2024-07-01,U.K.,U.K.,0.006494221008435377,0.6212121212121212
2024-07-01,U.S.,US,0.04649793954193926,0.4393939393939394
2024-07-01,US SmallCap,US,0.05294822468650585,0.45454545454545453
2024-07-01,Vietnam,Vietnam,0.009066751849715194,0.4545454545454546
2024-08-01,Australia,Australia,-0.018255108300132862,0.4696969696969697
2024-08-01,Brazil,Brazil,-0.01538474737946915,0.4696969696969697
2024-08-01,Canada,Canada,0.010143166011064509,0.4545454545454546
2024-08-01,Chile,Chile,-0.036046960658979096,0.5303030303030303
2024-08-01,ChinaA,China,-0.01170566391730479,0.5
2024-08-01,ChinaH,China,-0.012451129130905769,0.5454545454545454
2024-08-01,Denmark,Denmark,0.04362433249416773,0.5303030303030303
2024-08-01,France,France,-0.01682600528712263,0.3484848484848485
2024-08-01,Germany,Germany,0.010128761266680737,0.606060606060606
2024-08-01,Hong Kong,Hong Kong,-0.0035086009735929733,0.5151515151515151
2024-08-01,Indonesia,Indonesia,-0.013524900077394599,0.19696969696969696
2024-08-01,Italy,Italy,-0.0196951078679932,0.7272727272727273
2024-08-01,Japan,Japan,-0.01701204513960288,0.6212121212121212
2024-08-01,Korea,Korea,-0.012524527697150643,0.696969696969697
2024-08-01,Malaysia,Malaysia,-0.043342307101722044,0.6515151515151516
2024-08-01,Mexico,Mexico,-0.011662599181279758,0.33333333333333337
2024-08-01,NASDAQ,US,0.048337331103767,0.46969696969696967
2024-08-01,Netherlands,Netherlands,0.01078427125112653,0.5
2024-08-01,Philippines,Philippines,-0.035059390086159964,0.40909090909090906
2024-08-01,Poland,Poland,-0.01850172672619739,0.8636363636363636
2024-08-01,Saudi Arabia,Saudi Arabia,-0.036255182955427734,0.3181818181818182
2024-08-01,Singapore,Singapore,0.007289087338508219,0.5757575757575757
2024-08-01,South Africa,South Africa,-0.034327431228185185,0.48484848484848486
2024-08-01,Spain,Spain,-0.01600319906314845,0.7272727272727273
2024-08-01,Sweden,Sweden,0.011643414266093399,0.5303030303030303
2024-08-01,Switzerland,Switzerland,0.013453033678320698,0.2727272727272727
2024-08-01,Taiwan,Taiwan,-0.013133654452497812,0.5606060606060607
2024-08-01,Thailand,Thailand,-0.013263820106607437,0.303030303030303
2024-08-01,Turkey,Turkey,-0.04384613510405112,0.8787878787878789
2024-08-01,U.K.,U.K.,0.006604284978885105,0.5909090909090908
2024-08-01,U.S.,US,0.04627268929265536,0.4696969696969697
2024-08-01,US SmallCap,US,0.054414570162779036,0.4696969696969697
2024-08-01,Vietnam,Vietnam,0.008969453684007126,0.3787878787878788
2024-09-01,Australia,Australia,-0.019169511476043642,0.42424242424242425
2024-09-01,Brazil,Brazil,-0.016866302393913513,0.46969696969696967
2024-09-01,Canada,Canada,0.008390394534718853,0.40909090909090906
2024-09-01,Chile,Chile,-0.03260550028797157,0.6212121212121212
2024-09-01,ChinaA,China,-0.012560746743065114,0.5151515151515151
2024-09-01,ChinaH,China,-0.013596747650634882,0.5151515151515151
2024-09-01,Denmark,Denmark,0.04424497105361616,0.48484848484848486
2024-09-01,France,France,-0.017738095668653912,0.33333333333333337
2024-09-01,Germany,Germany,0.008645397327375447,0.5454545454545454
2024-09-01,Hong Kong,Hong Kong,-0.005436984085250424,0.5
2024-09-01,Indonesia,Indonesia,-0.012827145787636317,0.18181818181818182
2024-09-01,Italy,Italy,-0.020961234120621147,0.7121212121212122
2024-09-01,Japan,Japan,-0.01734331659538692,0.6363636363636364
2024-09-01,Korea,Korea,-0.013183738445885926,0.6818181818181819
2024-09-01,Malaysia,Malaysia,-0.04324450730003331,0.6060606060606061
2024-09-01,Mexico,Mexico,-0.011872804711814377,0.3181818181818182
2024-09-01,NASDAQ,US,0.04790290268495646,0.48484848484848486
2024-09-01,Netherlands,Netherlands,0.008745128734401432,0.5151515151515151
2024-09-01,Philippines,Philippines,-0.03836793135764344,0.42424242424242425
2024-09-01,Poland,Poland,-0.02020385059732318,0.893939393939394
2024-09-01,Saudi Arabia,Saudi Arabia,-0.0367257018481361,0.3181818181818182
2024-09-01,Singapore,Singapore,0.0038332685864176756,0.5909090909090909
2024-09-01,South Africa,South Africa,-0.03919000953517767,0.6363636363636365
2024-09-01,Spain,Spain,-0.017075766955838186,0.696969696969697
2024-09-01,Sweden,Sweden,0.00969358762717158,0.5303030303030303
2024-09-01,Switzerland,Switzerland,0.011464856563588328,0.25757575757575757
2024-09-01,Taiwan,Taiwan,-0.013165348048393685,0.5909090909090909
2024-09-01,Thailand,Thailand,-0.013572987191153069,0.303030303030303
2024-09-01,Turkey,Turkey,-0.040428188959548916,0.8787878787878788
2024-09-01,U.K.,U.K.,0.005325427024043216,0.5757575757575757
2024-09-01,U.S.,US,0.045416872595283354,0.4545454545454546
2024-09-01,US SmallCap,US,0.05272966015921422,0.5909090909090909
2024-09-01,Vietnam,Vietnam,0.008864386876355873,0.30303030303030304
2024-10-01,Australia,Australia,-0.020457802551351434,0.42424242424242425
2024-10-01,Brazil,Brazil,-0.01790333511914964,0.40909090909090906
2024-10-01,Canada,Canada,0.006530772544449554,0.43939393939393934
2024-10-01,Chile,Chile,-0.0339425907294434,0.6363636363636364
2024-10-01,ChinaA,China,-0.011638315742910577,0.4696969696969697
2024-10-01,ChinaH,China,-0.011385795706206518,0.3939393939393939
2024-10-01,Denmark,Denmark,0.04734428717210969,0.48484848484848486
2024-10-01,France,France,-0.01968414166255359,0.36363636363636365
2024-10-01,Germany,Germany,0.005821633155696015,0.6212121212121212
2024-10-01,Hong Kong,Hong Kong,-0.005857416971750809,0.5303030303030303
2024-10-01,Indonesia,Indonesia,-0.014628786336648407,0.24242424242424243
2024-10-01,Italy,Italy,-0.022008338256912847,0.8181818181818182
2024-10-01,Japan,Japan,-0.017253366417174162,0.6212121212121212
2024-10-01,Korea,Korea,-0.013053411811673559,0.6818181818181819
2024-10-01,Malaysia,Malaysia,-0.045160242995997135,0.7424242424242424
2024-10-01,Mexico,Mexico,-0.012453592895373167,0.24242424242424243
2024-10-01,NASDAQ,US,0.04523516171719013,0.45454545454545453
2024-10-01,Netherlands,Netherlands,0.006583431245249205,0.5454545454545455
2024-10-01,Philippines,Philippines,-0.040124010926520695,0.48484848484848486
2024-10-01,Poland,Poland,-0.022854311757196266,0.9393939393939394
2024-10-01,Saudi Arabia,Saudi Arabia,-0.03822191594182657,0.3181818181818182
2024-10-01,Singapore,Singapore,0.003470531635479798,0.5606060606060606
2024-10-01,South Africa,South Africa,-0.042068014062026385,0.5606060606060607
2024-10-01,Spain,Spain,-0.01884950275930193,0.7121212121212122
2024-10-01,Sweden,Sweden,0.008610902755660654,0.5
2024-10-01,Switzerland,Switzerland,0.008260221394769446,0.30303030303030304
2024-10-01,Taiwan,Taiwan,-0.014391338476771725,0.5757575757575758
2024-10-01,Thailand,Thailand,-0.01673855977016482,0.3787878787878788
2024-10-01,Turkey,Turkey,-0.038994556892984165,0.6060606060606061
2024-10-01,U.K.,U.K.,0.004396030709996479,0.5606060606060606
2024-10-01,U.S.,US,0.04244521685910811,0.4696969696969697
2024-10-01,US SmallCap,US,0.051536096792233754,0.5454545454545454
2024-10-01,Vietnam,Vietnam,0.00708352024642459,0.36363636363636365
2024-11-01,Australia,Australia,-0.02122633119885764,0.5606060606060606
2024-11-01,Brazil,Brazil,-0.01799592746432669,0.33333333333333337
2024-11-01,Canada,Canada,0.004519397968182159,0.4696969696969697
2024-11-01,Chile,Chile,-0.03701832856589915,0.6212121212121212
2024-11-01,ChinaA,China,-0.0133975911520216,0.6666666666666667
2024-11-01,ChinaH,China,-0.013167493684162077,0.5909090909090908
2024-11-01,Denmark,Denmark,0.05060280253687896,0.19696969696969696
2024-11-01,France,France,-0.01886406055576819,0.3181818181818182
2024-11-01,Germany,Germany,0.005237295127978311,0.6515151515151515
2024-11-01,Hong Kong,Hong Kong,-0.006979150842601907,0.5303030303030303
2024-11-01,Indonesia,Indonesia,-0.016292408235256323,0.18181818181818182
2024-11-01,Italy,Italy,-0.02203594137966833,0.6666666666666667
2024-11-01,Japan,Japan,-0.019069615480211966,0.5606060606060607
2024-11-01,Korea,Korea,-0.012913915587654855,0.5757575757575758
2024-11-01,Malaysia,Malaysia,-0.0401252353289519,0.696969696969697
2024-11-01,Mexico,Mexico,-0.01271521848272095,0.2727272727272727
2024-11-01,NASDAQ,US,0.0442606415442861,0.5
2024-11-01,Netherlands,Netherlands,0.010594603990512163,0.4696969696969697
2024-11-01,Philippines,Philippines,-0.041810188324327584,0.5454545454545454
2024-11-01,Poland,Poland,-0.022047255482214156,0.6818181818181819
2024-11-01,Saudi Arabia,Saudi Arabia,-0.03839493647650783,0.19696969696969696
2024-11-01,Singapore,Singapore,0.001591920517531771,0.7575757575757576
2024-11-01,South Africa,South Africa,-0.04265213567480541,0.6060606060606061
2024-11-01,Spain,Spain,-0.01858405127973114,0.8484848484848485
2024-11-01,Sweden,Sweden,0.009223305902395158,0.6060606060606061
2024-11-01,Switzerland,Switzerland,0.008776329650511937,0.28787878787878785
2024-11-01,Taiwan,Taiwan,-0.015849095148301125,0.5757575757575758
2024-11-01,Thailand,Thailand,-0.019032577291425747,0.36363636363636365
2024-11-01,Turkey,Turkey,-0.03996350147554145,0.6666666666666667
2024-11-01,U.K.,U.K.,0.005349282187096786,0.5909090909090909
2024-11-01,U.S.,US,0.04185408343943031,0.4393939393939394
2024-11-01,US SmallCap,US,0.04991298905447844,0.5909090909090909
2024-11-01,Vietnam,Vietnam,0.003544165534096675,0.3787878787878788
2024-12-01,Australia,Australia,-0.02037901397401555,0.5
2024-12-01,Brazil,Brazil,-0.017481506942362522,0.3787878787878788
2024-12-01,Canada,Canada,0.0036735496360561504,0.5
2024-12-01,Chile,Chile,-0.03705147740089015,0.5606060606060606
2024-12-01,ChinaA,China,-0.012481607811037358,0.7121212121212122
2024-12-01,ChinaH,China,-0.011941428575975166,0.7121212121212122
2024-12-01,Denmark,Denmark,0.05183470461801387,0.18181818181818182
2024-12-01,France,France,-0.018199931287409557,0.2727272727272727
2024-12-01,Germany,Germany,0.0036496708445542415,0.5909090909090908
2024-12-01,Hong Kong,Hong Kong,-0.005527026281257012,0.6818181818181819
2024-12-01,Indonesia,Indonesia,-0.013030058491607696,0.28787878787878785
2024-12-01,Italy,Italy,-0.02050192411269235,0.7272727272727273
2024-12-01,Japan,Japan,-0.01940920352716817,0.5606060606060606
2024-12-01,Korea,Korea,-0.013820266869878403,0.5303030303030303
2024-12-01,Malaysia,Malaysia,-0.03813369762236753,0.7727272727272727
2024-12-01,Mexico,Mexico,-0.014874275111883599,0.28787878787878785
2024-12-01,NASDAQ,US,0.04343448285078912,0.48484848484848486
2024-12-01,Netherlands,Netherlands,0.010354642063838453,0.2727272727272727
2024-12-01,Philippines,Philippines,-0.03772030766021071,0.5606060606060606
2024-12-01,Poland,Poland,-0.021672905848523067,0.5757575757575757
2024-12-01,Saudi Arabia,Saudi Arabia,-0.03742568411804764,0.3181818181818182
2024-12-01,Singapore,Singapore,0.0024621038918992144,0.7424242424242424
2024-12-01,South Africa,South Africa,-0.04052696369623623,0.696969696969697
2024-12-01,Spain,Spain,-0.018428753015791794,0.7575757575757576
2024-12-01,Sweden,Sweden,0.006612423926178829,0.3484848484848485
2024-12-01,Switzerland,Switzerland,0.009036624718309403,0.25757575757575757
2024-12-01,Taiwan,Taiwan,-0.01503355808720216,0.5757575757575758
2024-12-01,Thailand,Thailand,-0.01740342285327752,0.5151515151515151
2024-12-01,Turkey,Turkey,-0.03926279696021607,0.5606060606060606
2024-12-01,U.K.,U.K.,0.0058560914793144795,0.6060606060606061
2024-12-01,U.S.,US,0.041728562964938876,0.48484848484848486
2024-12-01,US SmallCap,US,0.05025421077627524,0.6060606060606061
2024-12-01,Vietnam,Vietnam,0.00289870139143749,0.3787878787878788
2025-01-01,Australia,Australia,-0.019260848869355345,0.4393939393939394
2025-01-01,Brazil,Brazil,-0.016475682471427482,0.40909090909090906
2025-01-01,Canada,Canada,0.005333678593389729,0.5757575757575758
2025-01-01,Chile,Chile,-0.04108426610045623,0.5303030303030303
2025-01-01,ChinaA,China,-0.012750345862861032,0.7272727272727273
2025-01-01,ChinaH,China,-0.012166058588260224,0.7575757575757576
2025-01-01,Denmark,Denmark,0.05704276004796571,0.19696969696969696
2025-01-01,France,France,-0.018264965542048078,0.2727272727272727
2025-01-01,Germany,Germany,0.003977707155419646,0.5909090909090909
2025-01-01,Hong Kong,Hong Kong,-0.004747825949770388,0.696969696969697
2025-01-01,Indonesia,Indonesia,-0.010568491556415847,0.22727272727272727
2025-01-01,Italy,Italy,-0.020312378343718178,0.6363636363636364
2025-01-01,Japan,Japan,-0.019877374820481006,0.5909090909090908
2025-01-01,Korea,Korea,-0.01351962950722568,0.5454545454545454
2025-01-01,Malaysia,Malaysia,-0.03832455795687173,0.7424242424242424
2025-01-01,Mexico,Mexico,-0.01692672483534962,0.2727272727272727
2025-01-01,NASDAQ,US,0.04321143861066989,0.5
2025-01-01,Netherlands,Netherlands,0.010092009155022879,0.2727272727272727
2025-01-01,Philippines,Philippines,-0.03607009723639812,0.5151515151515151
2025-01-01,Poland,Poland,-0.02226917377879259,0.5606060606060606
2025-01-01,Saudi Arabia,Saudi Arabia,-0.03912806912387551,0.25757575757575757
2025-01-01,Singapore,Singapore,0.0026299210637362666,0.7272727272727273
2025-01-01,South Africa,South Africa,-0.03854296122507829,0.6363636363636364
2025-01-01,Spain,Spain,-0.017712477057792192,0.7272727272727273
2025-01-01,Sweden,Sweden,0.0048824044679446725,0.25757575757575757
2025-01-01,Switzerland,Switzerland,0.009964217030161107,0.28787878787878785
2025-01-01,Taiwan,Taiwan,-0.014644281855440746,0.5303030303030303
2025-01-01,Thailand,Thailand,-0.015874106347645106,0.48484848484848486
2025-01-01,Turkey,Turkey,-0.04101397307615991,0.8787878787878789
2025-01-01,U.K.,U.K.,0.00680519866306775,0.5909090909090909
2025-01-01,U.S.,US,0.043006385501807576,0.5151515151515151
2025-01-01,US SmallCap,US,0.050561880129311114,0.6212121212121212
2025-01-01,Vietnam,Vietnam,0.002982883362439223,0.42424242424242425
2025-02-01,Australia,Australia,-0.018942046127253094,0.3484848484848485
2025-02-01,Brazil,Brazil,-0.014765550782678659,0.3939393939393939
2025-02-01,Canada,Canada,0.00553600726622073,0.5
2025-02-01,Chile,Chile,-0.043155194205345734,0.6666666666666667
2025-02-01,ChinaA,China,-0.01459933156443392,0.9090909090909092
2025-02-01,ChinaH,China,-0.014855320174380446,0.8636363636363636
2025-02-01,Denmark,Denmark,0.058150842339853986,0.09090909090909091
2025-02-01,France,France,-0.01791244600691816,0.25757575757575757
2025-02-01,Germany,Germany,0.004596432676613506,0.5606060606060606
2025-02-01,Hong Kong,Hong Kong,-0.0068294407485908135,0.8333333333333333
2025-02-01,Indonesia,Indonesia,-0.010427197354128424,0.2727272727272727
2025-02-01,Italy,Italy,-0.02045847798568122,0.5909090909090908
2025-02-01,Japan,Japan,-0.020241263486984754,0.5151515151515151
2025-02-01,Korea,Korea,-0.014027861790857294,0.5454545454545454
2025-02-01,Malaysia,Malaysia,-0.036447396288183505,0.7878787878787878
2025-02-01,Mexico,Mexico,-0.016572843564698472,0.2727272727272727
2025-02-01,NASDAQ,US,0.0432955603581289,0.45454545454545453
2025-02-01,Netherlands,Netherlands,0.00975718159654449,0.19696969696969696
2025-02-01,Philippines,Philippines,-0.03271483574118425,0.5
2025-02-01,Poland,Poland,-0.0206003702080692,0.5909090909090908
2025-02-01,Saudi Arabia,Saudi Arabia,-0.039563489208672274,0.3333333333333333
2025-02-01,Singapore,Singapore,0.0008660912742357394,0.7272727272727273
2025-02-01,South Africa,South Africa,-0.03974947149911997,0.6060606060606061
2025-02-01,Spain,Spain,-0.018804389596314815,0.7121212121212122
2025-02-01,Sweden,Sweden,0.005877741404646697,0.2878787878787879
2025-02-01,Switzerland,Switzerland,0.01190859271612867,0.18181818181818182
2025-02-01,Taiwan,Taiwan,-0.015531633838005625,0.5606060606060607
2025-02-01,Thailand,Thailand,-0.017029596320640376,0.5909090909090909
2025-02-01,Turkey,Turkey,-0.038606348135232844,0.7272727272727273
2025-02-01,U.K.,U.K.,0.005874620140878929,0.5909090909090909
2025-02-01,U.S.,US,0.043400549313254724,0.4545454545454546
2025-02-01,US SmallCap,US,0.05025842505084615,0.5757575757575757
2025-02-01,Vietnam,Vietnam,0.003587760234120517,0.5
2025-03-01,Australia,Australia,-0.017899248370932777,0.4393939393939394
2025-03-01,Brazil,Brazil,-0.014343608724861715,0.5
2025-03-01,Canada,Canada,0.006419976638835831,0.5151515151515151
2025-03-01,Chile,Chile,-0.04349240550059647,0.6515151515151515
2025-03-01,ChinaA,China,-0.013886111477289891,0.8636363636363636
2025-03-01,ChinaH,China,-0.014926570315386791,0.7121212121212122
2025-03-01,Denmark,Denmark,0.06058073811565026,0.06060606060606061
2025-03-01,France,France,-0.01788635770043287,0.3181818181818182
2025-03-01,Germany,Germany,0.003962839469041933,0.5606060606060607
2025-03-01,Hong Kong,Hong Kong,-0.006646305786764159,0.6666666666666667
2025-03-01,Indonesia,Indonesia,-0.005838356922249782,0.3484848484848485
2025-03-01,Italy,Italy,-0.021274324739317417,0.5606060606060606
2025-03-01,Japan,Japan,-0.01839237684542107,0.5606060606060606
2025-03-01,Korea,Korea,-0.01446364687207497,0.5757575757575758
2025-03-01,Malaysia,Malaysia,-0.03702226943024671,0.6515151515151515
2025-03-01,Mexico,Mexico,-0.01640712232771055,0.2727272727272727
2025-03-01,NASDAQ,US,0.04474412086063071,0.46969696969696967
2025-03-01,Netherlands,Netherlands,0.009753899960577695,0.21212121212121213
2025-03-01,Philippines,Philippines,-0.03214067209275835,0.36363636363636365
2025-03-01,Poland,Poland,-0.02128907083360694,0.6515151515151515
2025-03-01,Saudi Arabia,Saudi Arabia,-0.04014116678570185,0.25757575757575757
2025-03-01,Singapore,Singapore,0.0008637355572819801,0.7272727272727273
2025-03-01,South Africa,South Africa,-0.041481704687343045,0.6666666666666667
2025-03-01,Spain,Spain,-0.019624522791532595,0.7424242424242424
2025-03-01,Sweden,Sweden,0.0062047297245703525,0.30303030303030304
2025-03-01,Switzerland,Switzerland,0.011697250108735905,0.3181818181818182
2025-03-01,Taiwan,Taiwan,-0.01309078932776685,0.5606060606060607
2025-03-01,Thailand,Thailand,-0.013578461676633818,0.5757575757575757
2025-03-01,Turkey,Turkey,-0.03768674550640556,0.696969696969697
2025-03-01,U.K.,U.K.,0.0056980882903609475,0.5909090909090909
2025-03-01,U.S.,US,0.04523401135248443,0.4242424242424242
2025-03-01,US SmallCap,US,0.05542333520425399,0.7272727272727273
2025-03-01,Vietnam,Vietnam,0.0032380825068107112,0.4545454545454546
2025-04-01,Australia,Australia,-0.01659165161538575,0.3484848484848485
2025-04-01,Brazil,Brazil,-0.014348343738352184,0.45454545454545453
2025-04-01,Canada,Canada,0.007293670778284378,0.4545454545454546
2025-04-01,Chile,Chile,-0.04298488082851253,0.7121212121212122
2025-04-01,ChinaA,China,-0.015380716896986599,0.893939393939394
2025-04-01,ChinaH,China,-0.015281258662233801,0.8333333333333334
2025-04-01,Denmark,Denmark,0.06543486472906532,0.10606060606060606
2025-04-01,France,France,-0.017439534823333838,0.33333333333333337
2025-04-01,Germany,Germany,0.004242932285673202,0.6060606060606061
2025-04-01,Hong Kong,Hong Kong,-0.008476187118819936,0.8787878787878789
2025-04-01,Indonesia,Indonesia,-0.005909788677235289,0.2121212121212121
2025-04-01,Italy,Italy,-0.02049604536094128,0.5757575757575757
2025-04-01,Japan,Japan,-0.017923232543429722,0.5303030303030303
2025-04-01,Korea,Korea,-0.015158678668827367,0.5454545454545454
2025-04-01,Malaysia,Malaysia,-0.03580608827863361,0.6515151515151515
2025-04-01,Mexico,Mexico,-0.017549158480985327,0.25757575757575757
2025-04-01,NASDAQ,US,0.050244757001661304,0.3939393939393939
2025-04-01,Netherlands,Netherlands,0.010645365889831337,0.18181818181818182
2025-04-01,Philippines,Philippines,-0.03213664192865325,0.3787878787878788
2025-04-01,Poland,Poland,-0.021078089356758624,0.7575757575757576
2025-04-01,Saudi Arabia,Saudi Arabia,-0.039110029635239706,0.30303030303030304
2025-04-01,Singapore,Singapore,0.0015672696867782363,0.7424242424242424
2025-04-01,South Africa,South Africa,-0.04138629862926533,0.6212121212121212
2025-04-01,Spain,Spain,-0.020374739529151042,0.7727272727272727
2025-04-01,Sweden,Sweden,0.007675574550116781,0.36363636363636365
2025-04-01,Switzerland,Switzerland,0.011603443283378524,0.3181818181818182
2025-04-01,Taiwan,Taiwan,-0.009201153885754626,0.48484848484848486
2025-04-01,Thailand,Thailand,-0.012803753791243835,0.4696969696969697
2025-04-01,Turkey,Turkey,-0.0345610699592717,0.696969696969697
2025-04-01,U.K.,U.K.,0.005727530038459614,0.6515151515151515
2025-04-01,U.S.,US,0.048198481739740416,0.3939393939393939
2025-04-01,US SmallCap,US,0.05727395735541366,0.6818181818181818
2025-04-01,Vietnam,Vietnam,0.002639866607826988,0.3939393939393939
2025-05-01,Australia,Australia,-0.016977297485998966,0.33333333333333337
2025-05-01,Brazil,Brazil,-0.014980065218827549,0.4545454545454546
2025-05-01,Canada,Canada,0.006792329945669586,0.5
2025-05-01,Chile,Chile,-0.043248397814309676,0.7727272727272727
2025-05-01,ChinaA,China,-0.01271413609484236,0.9393939393939394
2025-05-01,ChinaH,China,-0.014215047501481093,0.893939393939394
2025-05-01,Denmark,Denmark,0.06624725007455386,0.07575757575757576
2025-05-01,France,France,-0.017424534892127218,0.36363636363636365
2025-05-01,Germany,Germany,0.003426833917553289,0.6666666666666667
2025-05-01,Hong Kong,Hong Kong,-0.007926932415439111,0.7727272727272727
2025-05-01,Indonesia,Indonesia,-0.007778718424207031,0.24242424242424243
2025-05-01,Italy,Italy,-0.020838026077860075,0.7121212121212122
2025-05-01,Japan,Japan,-0.018269191059135825,0.5909090909090909
2025-05-01,Korea,Korea,-0.01492591805858432,0.5606060606060607
2025-05-01,Malaysia,Malaysia,-0.03510591896380546,0.5606060606060606
2025-05-01,Mexico,Mexico,-0.0162268487827782,0.18181818181818182
2025-05-01,NASDAQ,US,0.04956379249541946,0.30303030303030304
2025-05-01,Netherlands,Netherlands,0.010818128564016836,0.18181818181818182
2025-05-01,Philippines,Philippines,-0.03448569408793986,0.40909090909090906
2025-05-01,Poland,Poland,-0.021334318754374637,0.8484848484848485
2025-05-01,Saudi Arabia,Saudi Arabia,-0.03828002596865137,0.303030303030303
2025-05-01,Singapore,Singapore,0.0026045742905700213,0.7575757575757576
2025-05-01,South Africa,South Africa,-0.04073879974615286,0.6818181818181818
2025-05-01,Spain,Spain,-0.021243717120387202,0.7575757575757576
2025-05-01,Sweden,Sweden,0.007528366119039903,0.3787878787878788
2025-05-01,Switzerland,Switzerland,0.00837406980741213,0.393939393939394
2025-05-01,Taiwan,Taiwan,-0.008277926771603359,0.33333333333333337
2025-05-01,Thailand,Thailand,-0.012484200650339672,0.4090909090909091
2025-05-01,Turkey,Turkey,-0.03511848889195729,0.5454545454545454
2025-05-01,U.K.,U.K.,0.0055319187426841904,0.5909090909090908
2025-05-01,U.S.,US,0.04781274016127907,0.3484848484848485
2025-05-01,US SmallCap,US,0.055483882700379,0.6060606060606061
2025-05-01,Vietnam,Vietnam,0.0015625058088364037,0.5303030303030303
2025-06-01,Australia,Australia,-0.01762061785046699,0.3787878787878788
2025-06-01,Brazil,Brazil,-0.016081755689598555,0.5303030303030303
2025-06-01,Canada,Canada,0.006259562251740449,0.5151515151515151
2025-06-01,Chile,Chile,-0.0429599071575698,0.7727272727272727
2025-06-01,ChinaA,China,-0.012374843268782876,0.8939393939393939
2025-06-01,ChinaH,China,-0.013722075987944749,0.8333333333333334
2025-06-01,Denmark,Denmark,0.06549361519934857,0.07575757575757576
2025-06-01,France,France,-0.01770571495731713,0.3787878787878788
2025-06-01,Germany,Germany,0.0027187168715838914,0.6666666666666666
2025-06-01,Hong Kong,Hong Kong,-0.008048948887156935,0.7575757575757576
2025-06-01,Indonesia,Indonesia,-0.009545656140441634,0.24242424242424243
2025-06-01,Italy,Italy,-0.021066987037768138,0.7272727272727273
2025-06-01,Japan,Japan,-0.019447461506799043,0.5454545454545454
2025-06-01,Korea,Korea,-0.014639178119163238,0.5454545454545454
2025-06-01,Malaysia,Malaysia,-0.03508315112731585,0.6818181818181819
2025-06-01,Mexico,Mexico,-0.017424433707520028,0.24242424242424243
2025-06-01,NASDAQ,US,0.04992790194921694,0.2121212121212121
2025-06-01,Netherlands,Netherlands,0.010704707986529578,0.12121212121212122
2025-06-01,Philippines,Philippines,-0.036884670583889015,0.606060606060606
2025-06-01,Poland,Poland,-0.021159699484090265,0.8484848484848485
2025-06-01,Saudi Arabia,Saudi Arabia,-0.038647025273296935,0.42424242424242425
2025-06-01,Singapore,Singapore,0.003105317032403347,0.7575757575757576
2025-06-01,South Africa,South Africa,-0.041189467423486135,0.7272727272727273
2025-06-01,Spain,Spain,-0.021966904852532318,0.7727272727272727
2025-06-01,Sweden,Sweden,0.006894447487093206,0.3181818181818182
2025-06-01,Switzerland,Switzerland,0.005767403092098397,0.36363636363636365
2025-06-01,Taiwan,Taiwan,-0.007466343191290662,0.25757575757575757
2025-06-01,Thailand,Thailand,-0.012580903168186778,0.5454545454545454
2025-06-01,Turkey,Turkey,-0.035034401281799854,0.5303030303030303
2025-06-01,U.K.,U.K.,0.005109273543675999,0.5909090909090908
2025-06-01,U.S.,US,0.04818251597428403,0.303030303030303
2025-06-01,US SmallCap,US,0.055369056761581485,0.45454545454545453
2025-06-01,Vietnam,Vietnam,0.004265972449782468,0.3787878787878788
2025-07-01,Australia,Australia,-0.01972839006740453,0.30303030303030304
2025-07-01,Brazil,Brazil,-0.01768801740392779,0.5
2025-07-01,Canada,Canada,0.0062254430347774,0.5
2025-07-01,Chile,Chile,-0.04343973056044104,0.7727272727272727
2025-07-01,ChinaA,China,-0.014341504443804217,0.8484848484848484
2025-07-01,ChinaH,China,-0.01556122646622795,0.8181818181818182
2025-07-01,Denmark,Denmark,0.05807119590788587,0.06060606060606061
2025-07-01,France,France,-0.021739328053877623,0.5303030303030303
2025-07-01,Germany,Germany,0.0037012475302016755,0.6666666666666667
2025-07-01,Hong Kong,Hong Kong,-0.006276104323143282,0.9090909090909092
2025-07-01,Indonesia,Indonesia,-0.008744110252298392,0.2878787878787879
2025-07-01,Italy,Italy,-0.024578682370928962,0.8333333333333333
2025-07-01,Japan,Japan,-0.022116467846467612,0.5454545454545454
2025-07-01,Korea,Korea,-0.01418252718866632,0.5303030303030303
2025-07-01,Malaysia,Malaysia,-0.03356635015370052,0.5606060606060607
2025-07-01,Mexico,Mexico,-0.022141535902408374,0.43939393939393945
2025-07-01,NASDAQ,US,0.041878890734737786,0.2121212121212121
2025-07-01,Netherlands,Netherlands,0.011980915084131016,0.15151515151515152
2025-07-01,Philippines,Philippines,-0.035131984243381764,0.5454545454545454
2025-07-01,Poland,Poland,-0.023171264181844856,0.7272727272727273
2025-07-01,Saudi Arabia,Saudi Arabia,-0.03742872976401147,0.25757575757575757
2025-07-01,Singapore,Singapore,0.004404442560060898,0.7575757575757576
2025-07-01,South Africa,South Africa,-0.03994127750076225,0.6666666666666667
2025-07-01,Spain,Spain,-0.025529994114850848,0.8181818181818181
2025-07-01,Sweden,Sweden,0.007869800336726143,0.36363636363636365
2025-07-01,Switzerland,Switzerland,0.007443124634119072,0.3787878787878788
2025-07-01,Taiwan,Taiwan,-0.004060420356585359,0.19696969696969696
2025-07-01,Thailand,Thailand,-0.012289165689439666,0.5909090909090909
2025-07-01,Turkey,Turkey,-0.032855422839539655,0.5303030303030303
2025-07-01,U.K.,U.K.,0.006133476368586764,0.5606060606060606
2025-07-01,U.S.,US,0.04031417489936069,0.25757575757575757
2025-07-01,US SmallCap,US,0.04828243584877716,0.42424242424242425
2025-07-01,Vietnam,Vietnam,-0.0047664699750216855,0.4545454545454546
2025-08-01,Australia,Australia,-0.020088345134210258,0.3181818181818182
2025-08-01,Brazil,Brazil,-0.017214981054566793,0.6363636363636364
2025-08-01,Canada,Canada,0.006166525283944652,0.5
2025-08-01,Chile,Chile,-0.04273919605068219,0.8333333333333333
2025-08-01,ChinaA,China,-0.01553230523523006,0.8636363636363636
2025-08-01,ChinaH,China,-0.016621704522545022,0.8181818181818181
2025-08-01,Denmark,Denmark,0.061556835502307825,0.09090909090909091
2025-08-01,France,France,-0.021513419952237142,0.4696969696969697
2025-08-01,Germany,Germany,0.004571530232264063,0.6666666666666666
2025-08-01,Hong Kong,Hong Kong,-0.007419573780387976,0.9090909090909092
2025-08-01,Indonesia,Indonesia,-0.008951601805382329,0.24242424242424243
2025-08-01,Italy,Italy,-0.02485047948164109,0.7272727272727273
2025-08-01,Japan,Japan,-0.022882815560073367,0.48484848484848486
2025-08-01,Korea,Korea,-0.015835135032303337,0.6363636363636364
2025-08-01,Malaysia,Malaysia,-0.03342419168278143,0.5757575757575758
2025-08-01,Mexico,Mexico,-0.02272906636881988,0.3787878787878788
2025-08-01,NASDAQ,US,0.04112385075179251,0.3181818181818182
2025-08-01,Netherlands,Netherlands,0.012076950751908112,0.19696969696969696
2025-08-01,Philippines,Philippines,-0.03360939682738639,0.45454545454545453
2025-08-01,Poland,Poland,-0.02450936337596722,0.8484848484848485
2025-08-01,Saudi Arabia,Saudi Arabia,-0.03767347743980237,0.24242424242424243
2025-08-01,Singapore,Singapore,0.004528440220426689,0.7272727272727273
2025-08-01,South Africa,South Africa,-0.040151609283377965,0.6212121212121212
2025-08-01,Spain,Spain,-0.025790294909465966,0.8181818181818181
2025-08-01,Sweden,Sweden,0.008533302840398682,0.36363636363636365
2025-08-01,Switzerland,Switzerland,0.0076563139396921415,0.2272727272727273
2025-08-01,Taiwan,Taiwan,-0.006162514224563693,0.3787878787878788
2025-08-01,Thailand,Thailand,-0.011021347081433343,0.36363636363636365
2025-08-01,Turkey,Turkey,-0.03306605960971788,0.5303030303030303
2025-08-01,U.K.,U.K.,0.005461581451931893,0.5151515151515151
2025-08-01,U.S.,US,0.03971756972098249,0.303030303030303
2025-08-01,US SmallCap,US,0.04612556176985487,0.3787878787878788
2025-08-01,Vietnam,Vietnam,-0.0027915715349644287,0.5606060606060606
2025-09-01,Australia,Australia,-0.01989211887971757,0.33333333333333337
2025-09-01,Brazil,Brazil,-0.015939080869441822,0.5303030303030303
2025-09-01,Canada,Canada,0.006111394180755238,0.42424242424242425
2025-09-01,Chile,Chile,-0.04041530595372286,0.7272727272727273
2025-09-01,ChinaA,China,-0.01730938527703125,0.9393939393939394
2025-09-01,ChinaH,China,-0.01744855937898789,0.8636363636363636
2025-09-01,Denmark,Denmark,0.06193097360803221,0.07575757575757576
2025-09-01,France,France,-0.021138545994538308,0.48484848484848486
2025-09-01,Germany,Germany,0.006075634989146442,0.6666666666666666
2025-09-01,Hong Kong,Hong Kong,-0.007350338765391641,0.893939393939394
2025-09-01,Indonesia,Indonesia,-0.010112125965387058,0.19696969696969696
2025-09-01,Italy,Italy,-0.02450630077206761,0.7121212121212122
2025-09-01,Japan,Japan,-0.021529986712178803,0.5
2025-09-01,Korea,Korea,-0.016338477127763068,0.7424242424242424
2025-09-01,Malaysia,Malaysia,-0.035122650156808696,0.5151515151515151
2025-09-01,Mexico,Mexico,-0.02324040795852611,0.4545454545454546
2025-09-01,NASDAQ,US,0.0395781734127712,0.36363636363636365
2025-09-01,Netherlands,Netherlands,0.012880214078813491,0.19696969696969696
2025-09-01,Philippines,Philippines,-0.033898373228944664,0.393939393939394
2025-09-01,Poland,Poland,-0.023392975574186254,0.8787878787878788
2025-09-01,Saudi Arabia,Saudi Arabia,-0.035751856383476346,0.30303030303030304
2025-09-01,Singapore,Singapore,0.005106878535663828,0.6666666666666667
2025-09-01,South Africa,South Africa,-0.039954130136899677,0.5757575757575758
2025-09-01,Spain,Spain,-0.025726615134507993,0.7575757575757576
2025-09-01,Sweden,Sweden,0.009237019455037158,0.30303030303030304
2025-09-01,Switzerland,Switzerland,0.007923304264949263,0.2121212121212121
2025-09-01,Taiwan,Taiwan,-0.00633520390267967,0.3939393939393939
2025-09-01,Thailand,Thailand,-0.011971793458601573,0.5151515151515151
2025-09-01,Turkey,Turkey,-0.0349364760744489,0.5757575757575758
2025-09-01,U.K.,U.K.,0.005996932877857733,0.45454545454545453
2025-09-01,U.S.,US,0.03969502002800787,0.2727272727272727
2025-09-01,US SmallCap,US,0.046186628356258946,0.43939393939393945
2025-09-01,Vietnam,Vietnam,-0.002785517544600899,0.6363636363636364
2025-10-01,Australia,Australia,-0.019407685489984103,0.25757575757575757
2025-10-01,Brazil,Brazil,-0.016439084053556888,0.6212121212121212
2025-10-01,Canada,Canada,0.005246662913459339,0.48484848484848486
2025-10-01,Chile,Chile,-0.040726943645272906,0.8787878787878788
2025-10-01,ChinaA,China,-0.01951298855147261,0.7272727272727273
2025-10-01,ChinaH,China,-0.020310902115750595,0.6363636363636364
2025-10-01,Denmark,Denmark,0.06126827534214167,0.10606060606060606
2025-10-01,France,France,-0.021419875099159817,0.3939393939393939
2025-10-01,Germany,Germany,0.006721048304766376,0.6818181818181819
2025-10-01,Hong Kong,Hong Kong,-0.0088211132518782,0.7878787878787878
2025-10-01,Indonesia,Indonesia,-0.010732619902808035,0.19696969696969696
2025-10-01,Italy,Italy,-0.024978406078141016,0.7878787878787878
2025-10-01,Japan,Japan,-0.02289641172111077,0.5606060606060606
2025-10-01,Korea,Korea,-0.0170649177326248,0.7272727272727273
2025-10-01,Malaysia,Malaysia,-0.03573024612078957,0.48484848484848486
2025-10-01,Mexico,Mexico,-0.02301126032107278,0.5151515151515151
2025-10-01,NASDAQ,US,0.03963305832767365,0.34848484848484845
2025-10-01,Netherlands,Netherlands,0.013644197584309431,0.19696969696969696
2025-10-01,Philippines,Philippines,-0.032993044470741834,0.42424242424242425
2025-10-01,Poland,Poland,-0.023337034465117635,0.8787878787878788
2025-10-01,Saudi Arabia,Saudi Arabia,-0.03388059823385786,0.25757575757575757
2025-10-01,Singapore,Singapore,0.0049667366053232805,0.696969696969697
2025-10-01,South Africa,South Africa,-0.04008376151784743,0.5909090909090908
2025-10-01,Spain,Spain,-0.026056571637891587,0.7878787878787878
2025-10-01,Sweden,Sweden,0.008936607710823994,0.2878787878787879
2025-10-01,Switzerland,Switzerland,0.007045853151450173,0.2121212121212121
2025-10-01,Taiwan,Taiwan,-0.00641440167748941,0.3333333333333333
2025-10-01,Thailand,Thailand,-0.012968145005442983,0.42424242424242425
2025-10-01,Turkey,Turkey,-0.035253450118138456,0.6060606060606061
2025-10-01,U.K.,U.K.,0.005373788242581621,0.5909090909090909
2025-10-01,U.S.,US,0.039500983696345415,0.2727272727272727
2025-10-01,US SmallCap,US,0.04556485178002037,0.48484848484848486
2025-10-01,Vietnam,Vietnam,-0.003709163875883661,0.7575757575757576
2025-11-01,Australia,Australia,-0.021201594398503144,0.2272727272727273
2025-11-01,Brazil,Brazil,-0.018060485266562332,0.6515151515151515
2025-11-01,Canada,Canada,0.004401371398663114,0.4090909090909091
2025-11-01,Chile,Chile,-0.04217495939331625,0.803030303030303
2025-11-01,ChinaA,China,-0.02154202131673122,0.8484848484848485
2025-11-01,ChinaH,China,-0.021649758683703432,0.7424242424242424
2025-11-01,Denmark,Denmark,0.060653649935012266,0.1515151515151515
2025-11-01,France,France,-0.024475091674160735,0.41666666666666663
2025-11-01,Germany,Germany,0.006012967452292158,0.5909090909090908
2025-11-01,Hong Kong,Hong Kong,-0.010640369001237018,0.7575757575757576
2025-11-01,Indonesia,Indonesia,-0.011248930438295418,0.18181818181818182
2025-11-01,Italy,Italy,-0.025099492845723097,0.7121212121212122
2025-11-01,Japan,Japan,-0.02599745034982537,0.5
2025-11-01,Korea,Korea,-0.01777585542975045,0.7878787878787878
2025-11-01,Malaysia,Malaysia,-0.042263514771411465,0.5454545454545454
2025-11-01,Mexico,Mexico,-0.024281072704238682,0.6212121212121212
2025-11-01,NASDAQ,US,0.03875779387682515,0.2727272727272727
2025-11-01,Netherlands,Netherlands,0.008197123658478191,0.3787878787878788
2025-11-01,Philippines,Philippines,-0.03379760041497895,0.4545454545454546
2025-11-01,Poland,Poland,-0.026264353976168654,0.8636363636363636
2025-11-01,Saudi Arabia,Saudi Arabia,-0.035606543382975794,0.24242424242424243
2025-11-01,Singapore,Singapore,0.003973481330472135,0.6742424242424243
2025-11-01,South Africa,South Africa,-0.04183594219283458,0.6666666666666666
2025-11-01,Spain,Spain,-0.02831638704347039,0.7878787878787878
2025-11-01,Sweden,Sweden,0.005061182476135538,0.30303030303030304
2025-11-01,Switzerland,Switzerland,0.0023470995645862146,0.21212121212121213
2025-11-01,Taiwan,Taiwan,-0.007087421530641383,0.2878787878787879
2025-11-01,Thailand,Thailand,-0.013967482102503165,0.3939393939393939
2025-11-01,Turkey,Turkey,-0.027125581442880405,0.6060606060606061
2025-11-01,U.K.,U.K.,0.0015345271703695587,0.5303030303030303
2025-11-01,U.S.,US,0.03857252482034869,0.21212121212121213
2025-11-01,US SmallCap,US,0.04572159188482272,0.45454545454545453
2025-11-01,Vietnam,Vietnam,-0.004649387176770959,0.7121212121212122
2025-12-01,Australia,Australia,-0.019763796746072353,0.2272727272727273
2025-12-01,Brazil,Brazil,-0.019893380525038994,0.6818181818181819
2025-12-01,Canada,Canada,0.004624562135420977,0.2878787878787879
2025-12-01,Chile,Chile,-0.04385265053920624,0.7424242424242424
2025-12-01,ChinaA,China,-0.021570322037104284,0.8333333333333334
2025-12-01,ChinaH,China,-0.02190205353497715,0.696969696969697
2025-12-01,Denmark,Denmark,0.06079100303826303,0.1515151515151515
2025-12-01,France,France,-0.026368435591863557,0.4393939393939394
2025-12-01,Germany,Germany,0.006314720974275786,0.5454545454545454
2025-12-01,Hong Kong,Hong Kong,-0.011794514737233247,0.803030303030303
2025-12-01,Indonesia,Indonesia,-0.013589467017786148,0.18181818181818182
2025-12-01,Italy,Italy,-0.027275486661427328,0.7878787878787878
2025-12-01,Japan,Japan,-0.025573407325077756,0.5151515151515151
2025-12-01,Korea,Korea,-0.018842097461704704,0.9393939393939394
2025-12-01,Malaysia,Malaysia,-0.04255683646857082,0.5909090909090908
2025-12-01,Mexico,Mexico,-0.02546374934312974,0.5606060606060606
2025-12-01,NASDAQ,US,0.03809772810679822,0.24242424242424243
2025-12-01,Netherlands,Netherlands,0.00833512085777134,0.40909090909090906
2025-12-01,Philippines,Philippines,-0.03655709421163039,0.4545454545454546
2025-12-01,Poland,Poland,-0.026753499328044127,0.893939393939394
2025-12-01,Saudi Arabia,Saudi Arabia,-0.0007384090292653026,0.33333333333333337
2025-12-01,Singapore,Singapore,0.004132237806819199,0.5151515151515151
2025-12-01,South Africa,South Africa,-0.04361681595892275,0.6060606060606061
2025-12-01,Spain,Spain,-0.030193667992167297,0.7575757575757576
2025-12-01,Sweden,Sweden,0.004519623615371263,0.33333333333333337
2025-12-01,Switzerland,Switzerland,0.0010925610028579133,0.22727272727272727
2025-12-01,Taiwan,Taiwan,-0.008085236477732608,0.42424242424242425
2025-12-01,Thailand,Thailand,-0.0329786260138883,0.4545454545454546
2025-12-01,Turkey,Turkey,-0.026430512477852188,0.5606060606060606
2025-12-01,U.K.,U.K.,0.001838992915269115,0.5
2025-12-01,U.S.,US,0.03861068601015624,0.18181818181818182
2025-12-01,US SmallCap,US,0.04399593604360154,0.40909090909090906
2025-12-01,Vietnam,Vietnam,-0.004180552179842126,0.7121212121212122
2026-01-01,Australia,Australia,-0.022482689227314036,0.24242424242424243
2026-01-01,Brazil,Brazil,-0.022577627155259957,0.8636363636363636
2026-01-01,Canada,Canada,0.0005808748074157119,0.4393939393939394
2026-01-01,Chile,Chile,-0.04472157781317403,0.7272727272727273
2026-01-01,ChinaA,China,-0.02132853987706258,0.7575757575757576
2026-01-01,ChinaH,China,-0.02106570004807537,0.6818181818181819
2026-01-01,Denmark,Denmark,0.05761259928252002,0.1515151515151515
2026-01-01,France,France,-0.02648152721771746,0.4242424242424242
2026-01-01,Germany,Germany,0.005869286269669366,0.5303030303030303
2026-01-01,Hong Kong,Hong Kong,-0.0116888088322074,0.8333333333333334
2026-01-01,Indonesia,Indonesia,-0.013871463951681758,0.24242424242424243
2026-01-01,Italy,Italy,-0.028042707624437443,0.7272727272727273
2026-01-01,Japan,Japan,-0.025121442550265966,0.48484848484848486
2026-01-01,Korea,Korea,-0.020985154778891,0.8636363636363636
2026-01-01,Malaysia,Malaysia,-0.04123162672214088,0.5454545454545454
2026-01-01,Mexico,Mexico,-0.027468813230680005,0.5606060606060606
2026-01-01,NASDAQ,US,0.038946451872684876,0.19696969696969696
2026-01-01,Netherlands,Netherlands,0.008060016297154499,0.3787878787878788
2026-01-01,Philippines,Philippines,-0.037005631338141394,0.5
2026-01-01,Poland,Poland,-0.02732351404304857,0.8484848484848484
2026-01-01,Saudi Arabia,Saudi Arabia,-0.03089962008995748,0.25757575757575757
2026-01-01,Singapore,Singapore,0.0035133067216884997,0.5606060606060606
2026-01-01,South Africa,South Africa,-0.04721765500519676,0.6212121212121212
2026-01-01,Spain,Spain,-0.03199789639847848,0.7424242424242424
2026-01-01,Sweden,Sweden,0.003869436970371988,0.33333333333333337
2026-01-01,Switzerland,Switzerland,-0.0023440449217146746,0.2727272727272727
2026-01-01,Taiwan,Taiwan,-0.007375719093135926,0.30303030303030304
2026-01-01,Thailand,Thailand,-0.015019462770830723,0.4696969696969697
2026-01-01,Turkey,Turkey,-0.025979272032467145,0.5303030303030303
2026-01-01,U.K.,U.K.,-0.0006785064510259299,0.5606060606060606
2026-01-01,U.S.,US,0.03807883898468904,0.18181818181818182
2026-01-01,US SmallCap,US,0.04091376880780384,0.46969696969696967
2026-01-01,Vietnam,Vietnam,-0.004793650069184191,0.696969696969697
2026-02-01,Australia,Australia,-0.02373666631151087,0.18181818181818182
2026-02-01,Brazil,Brazil,-0.021093874649477748,0.7272727272727273
2026-02-01,Canada,Canada,0.0009607774666625978,0.46969696969696967
2026-02-01,Chile,Chile,-0.0436816385300965,0.6818181818181819
2026-02-01,ChinaA,China,-0.021881330501527543,0.7575757575757576
2026-02-01,ChinaH,China,-0.021256108527092046,0.6818181818181819
2026-02-01,Denmark,Denmark,0.05731704179417915,0.12121212121212122
2026-02-01,France,France,-0.027950196585927175,0.4545454545454546
2026-02-01,Germany,Germany,0.004893876522297823,0.5454545454545454
2026-02-01,Hong Kong,Hong Kong,-0.01245050684800512,0.8636363636363636
2026-02-01,Indonesia,Indonesia,-0.012280738597977512,0.2727272727272727
2026-02-01,Italy,Italy,-0.027500574530138218,0.8333333333333333
2026-02-01,Japan,Japan,-0.024103305916275814,0.5151515151515151
2026-02-01,Korea,Korea,-0.016677032009120983,0.7575757575757576
2026-02-01,Malaysia,Malaysia,-0.04517254964983061,0.6515151515151515
2026-02-01,Mexico,Mexico,-0.027940619491916226,0.5606060606060607
2026-02-01,NASDAQ,US,0.03952048875655581,0.18181818181818182
2026-02-01,Netherlands,Netherlands,0.009352370612944924,0.3787878787878788
2026-02-01,Philippines,Philippines,-0.04261440538798025,0.5454545454545454
2026-02-01,Poland,Poland,-0.028278875793250675,0.8181818181818181
2026-02-01,Saudi Arabia,Saudi Arabia,-0.029500862763803204,0.21212121212121213
2026-02-01,Singapore,Singapore,0.0035588405774739755,0.5454545454545454
2026-02-01,South Africa,South Africa,-0.04750855963658218,0.6363636363636364
2026-02-01,Spain,Spain,-0.03189846928144166,0.7272727272727273
2026-02-01,Sweden,Sweden,0.0032523828266107883,0.36363636363636365
2026-02-01,Switzerland,Switzerland,-0.0033524157733267287,0.2727272727272727
2026-02-01,Taiwan,Taiwan,-0.007108995849927776,0.36363636363636365
2026-02-01,Thailand,Thailand,-0.016531157385084747,0.4696969696969697
2026-02-01,Turkey,Turkey,-0.02221010666255539,0.5454545454545454
2026-02-01,U.K.,U.K.,0.0001630420456967827,0.5606060606060606
2026-02-01,U.S.,US,0.0383137208181851,0.16666666666666666
2026-02-01,US SmallCap,US,0.0410067966268976,0.42424242424242425
2026-02-01,Vietnam,Vietnam,-0.005602880144841253,0.7121212121212122
2026-03-01,Australia,Australia,-0.025183788532435213,0.2878787878787879
2026-03-01,Brazil,Brazil,-0.0255734355489036,0.803030303030303
2026-03-01,Canada,Canada,0.0011913726539623222,0.4393939393939394
2026-03-01,Chile,Chile,-0.04167953003026738,0.8484848484848485
2026-03-01,ChinaA,China,-0.022144121315747046,0.5757575757575757
2026-03-01,ChinaH,China,-0.020829924569058647,0.5454545454545454
2026-03-01,Denmark,Denmark,0.06141749628562787,0.2272727272727273
2026-03-01,France,France,-0.026718562475096658,0.3181818181818182
2026-03-01,Germany,Germany,0.004681548260964025,0.45454545454545453
2026-03-01,Hong Kong,Hong Kong,-0.01314372318581908,0.8333333333333334
2026-03-01,Indonesia,Indonesia,-0.018770944712051797,0.2272727272727273
2026-03-01,Italy,Italy,-0.028824242307055756,0.696969696969697
2026-03-01,Japan,Japan,-0.024475355071146482,0.6212121212121212
2026-03-01,Korea,Korea,-0.01691156587643329,0.7272727272727273
2026-03-01,Malaysia,Malaysia,-0.04451029336150858,0.7272727272727273
2026-03-01,Mexico,Mexico,-0.027850415169571145,0.5909090909090909
2026-03-01,NASDAQ,US,0.043397422461745425,0.24242424242424243
2026-03-01,Netherlands,Netherlands,0.00876901944184901,0.4393939393939394
2026-03-01,Philippines,Philippines,-0.042644458756173995,0.4696969696969697
2026-03-01,Poland,Poland,-0.027888936594184597,0.8181818181818181
2026-03-01,Saudi Arabia,Saudi Arabia,-0.011656314317479544,0.22727272727272727
2026-03-01,Singapore,Singapore,0.004063089469942754,0.5454545454545454
2026-03-01,South Africa,South Africa,-0.04872148317788075,0.5757575757575758
2026-03-01,Spain,Spain,-0.03156691619711707,0.696969696969697
2026-03-01,Sweden,Sweden,0.0033468136272563082,0.3181818181818182
2026-03-01,Switzerland,Switzerland,-0.0010534377376502741,0.21212121212121213
2026-03-01,Taiwan,Taiwan,-0.007851336993205591,0.42424242424242425
2026-03-01,Thailand,Thailand,-0.023495674313906815,0.5606060606060606
2026-03-01,Turkey,Turkey,-0.017531215333347828,0.7121212121212122
2026-03-01,U.K.,U.K.,-9.989392377555192e-05,0.48484848484848486
2026-03-01,U.S.,US,0.04014258331206476,0.12121212121212122
2026-03-01,US SmallCap,US,0.036628585924267015,0.4242424242424242
2026-03-01,Vietnam,Vietnam,-0.0031723143429713955,0.803030303030303
2026-04-01,Australia,Australia,-0.021923748368041424,0.3484848484848485
2026-04-01,Brazil,Brazil,-0.02334933927265274,0.7878787878787878
2026-04-01,Canada,Canada,0.0034949048859266255,0.4393939393939394
2026-04-01,Chile,Chile,-0.03846679722143673,0.696969696969697
2026-04-01,ChinaA,China,-0.02003911416942522,0.5151515151515151
2026-04-01,ChinaH,China,-0.01772194937480012,0.5303030303030303
2026-04-01,Denmark,Denmark,0.05862381894737527,0.2121212121212121
2026-04-01,France,France,-0.018952447436175794,0.3939393939393939
2026-04-01,Germany,Germany,0.011615897505152076,0.4545454545454546
2026-04-01,Hong Kong,Hong Kong,-0.01019201226092593,0.8333333333333334
2026-04-01,Indonesia,Indonesia,-0.008623222322063357,0.33333333333333337
2026-04-01,Italy,Italy,-0.023590861628246237,0.606060606060606
2026-04-01,Japan,Japan,-0.015858001317615285,0.6060606060606061
2026-04-01,Korea,Korea,-0.011456809019486976,0.8939393939393939
2026-04-01,Malaysia,Malaysia,-0.0427829027126628,0.6060606060606061
2026-04-01,Mexico,Mexico,-0.023308088378731637,0.5909090909090908
2026-04-01,NASDAQ,US,0.041740351780640325,0.2121212121212121
2026-04-01,Netherlands,Netherlands,0.01231699979904496,0.4393939393939394
2026-04-01,Philippines,Philippines,-0.032497840022158664,0.5454545454545454
2026-04-01,Poland,Poland,-0.024667499044178132,0.7272727272727273
2026-04-01,Saudi Arabia,Saudi Arabia,-0.026737970375649893,0.19696969696969696
2026-04-01,Singapore,Singapore,0.007197923409821283,0.3939393939393939
2026-04-01,South Africa,South Africa,-0.036703314016913624,0.6515151515151516
2026-04-01,Spain,Spain,-0.025127402810609736,0.6515151515151515
2026-04-01,Sweden,Sweden,0.01016932533175369,0.36363636363636365
2026-04-01,Switzerland,Switzerland,0.011216030010484448,0.22727272727272727
2026-04-01,Taiwan,Taiwan,-0.008555483089398089,0.5303030303030303
2026-04-01,Thailand,Thailand,-0.013983342557655008,0.6363636363636364
2026-04-01,Turkey,Turkey,-0.015241598001200387,0.7121212121212122
2026-04-01,U.K.,U.K.,0.0063952314426536806,0.43939393939393945
2026-04-01,U.S.,US,0.04000189537667534,0.16666666666666666
2026-04-01,US SmallCap,US,0.03478452446790495,0.4393939393939394
2026-04-01,Vietnam,Vietnam,0.0011612756423253889,0.8181818181818181
2026-05-01,Australia,Australia,-0.020103054206204132,0.25757575757575757
2026-05-01,Brazil,Brazil,-0.022235231847746693,0.8484848484848484
2026-05-01,Canada,Canada,0.005503301973437886,0.4393939393939394
2026-05-01,Chile,Chile,-0.03710218276900691,0.7727272727272727
2026-05-01,ChinaA,China,-0.01889373691382573,0.5606060606060606
2026-05-01,ChinaH,China,-0.01815708410185432,0.5909090909090909
2026-05-01,Denmark,Denmark,0.05869685860502925,0.16666666666666669
2026-05-01,France,France,-0.017802167148402784,0.36363636363636365
2026-05-01,Germany,Germany,0.013017656799516459,0.3939393939393939
2026-05-01,Hong Kong,Hong Kong,-0.009828022403439954,0.8787878787878788
2026-05-01,Indonesia,Indonesia,-0.005174956312023466,0.40909090909090906
2026-05-01,Italy,Italy,-0.021692437367470337,0.5454545454545454
2026-05-01,Japan,Japan,-0.013492534358842416,0.48484848484848486
2026-05-01,Korea,Korea,-0.012201881118906008,0.7424242424242424
2026-05-01,Malaysia,Malaysia,-0.04193638144576983,0.6666666666666667
2026-05-01,Mexico,Mexico,-0.02304340229276006,0.5454545454545454
2026-05-01,NASDAQ,US,0.045284543575289465,0.2727272727272727
2026-05-01,Netherlands,Netherlands,0.013376136027761061,0.3939393939393939
2026-05-01,Philippines,Philippines,-0.0304003268383638,0.48484848484848486
2026-05-01,Poland,Poland,-0.023459656231893524,0.7121212121212122
2026-05-01,Saudi Arabia,Saudi Arabia,-0.027325269887210187,0.2878787878787879
2026-05-01,Singapore,Singapore,0.008125096309642728,0.5
2026-05-01,South Africa,South Africa,-0.0341392833810747,0.6363636363636364
2026-05-01,Spain,Spain,-0.02349390077561606,0.6212121212121212
2026-05-01,Sweden,Sweden,0.011759202197820524,0.2727272727272727
2026-05-01,Switzerland,Switzerland,0.013586600528930688,0.19696969696969696
2026-05-01,Taiwan,Taiwan,-0.004357578742636831,0.5303030303030303
2026-05-01,Thailand,Thailand,-0.01375087240684154,0.6060606060606061
2026-05-01,Turkey,Turkey,-0.016318828708678727,0.8484848484848485
2026-05-01,U.K.,U.K.,0.00837940174087014,0.45454545454545453
2026-05-01,U.S.,US,0.04222193616293028,0.22727272727272727
2026-05-01,US SmallCap,US,0.036686990188598875,0.4545454545454546
2026-05-01,Vietnam,Vietnam,0.002588546441065492,0.8333333333333334
2026-06-01,Australia,Australia,-0.020256409161655387,0.3181818181818182
2026-06-01,Brazil,Brazil,-0.020209759561127028,0.8484848484848484
2026-06-01,Canada,Canada,0.0049468130207928115,0.4090909090909091
2026-06-01,Chile,Chile,-0.03727616017496614,0.7727272727272727
2026-06-01,ChinaA,China,-0.01894565573587214,0.5454545454545454
2026-06-01,ChinaH,China,-0.017506256677475997,0.5454545454545455
2026-06-01,Denmark,Denmark,0.057336845115531415,0.18181818181818182
2026-06-01,France,France,-0.0182021050615892,0.42424242424242425
2026-06-01,Germany,Germany,0.012283217435101256,0.3939393939393939
2026-06-01,Hong Kong,Hong Kong,-0.009487357992996368,0.7575757575757576
2026-06-01,Indonesia,Indonesia,-0.004246454906642171,0.42424242424242425
2026-06-01,Italy,Italy,-0.021928836973930783,0.5454545454545454
2026-06-01,Japan,Japan,-0.014529811122522112,0.5151515151515151
2026-06-01,Korea,Korea,-0.013250821405012388,0.5909090909090909
2026-06-01,Malaysia,Malaysia,-0.04166879402616455,0.6666666666666667
2026-06-01,Mexico,Mexico,-0.023023927835102227,0.5303030303030303
2026-06-01,NASDAQ,US,0.043520722516436045,0.30303030303030304
2026-06-01,Netherlands,Netherlands,0.012243903879875194,0.3939393939393939
2026-06-01,Philippines,Philippines,-0.030005960856488337,0.48484848484848486
2026-06-01,Poland,Poland,-0.023557866196891764,0.7272727272727273
2026-06-01,Saudi Arabia,Saudi Arabia,-0.028504135449514374,0.3787878787878788
2026-06-01,Singapore,Singapore,0.007571273608478948,0.4545454545454546
2026-06-01,South Africa,South Africa,-0.03406508396347592,0.6363636363636364
2026-06-01,Spain,Spain,-0.023728485156167874,0.606060606060606
2026-06-01,Sweden,Sweden,0.011371020977969173,0.2727272727272727
2026-06-01,Switzerland,Switzerland,0.012796208729576323,0.19696969696969696
2026-06-01,Taiwan,Taiwan,-0.005713198470815846,0.5151515151515151
2026-06-01,Thailand,Thailand,-0.016208757340487108,0.6515151515151515
2026-06-01,Turkey,Turkey,-0.015315304166034625,0.9393939393939394
2026-06-01,U.K.,U.K.,0.008447835833667547,0.4696969696969697
2026-06-01,U.S.,US,0.04067543532985603,0.2727272727272727
2026-06-01,US SmallCap,US,0.035200574107640964,0.5606060606060606
2026-06-01,Vietnam,Vietnam,-9.221785950889148e-05,0.6666666666666667
2026-07-01,Australia,Australia,-0.016687687288104082,0.30303030303030304
2026-07-01,Brazil,Brazil,-0.015016916512461754,0.7121212121212122
2026-07-01,Canada,Canada,0.004876328588548135,0.42424242424242425
2026-07-01,Chile,Chile,-0.031532342268302045,0.7272727272727273
2026-07-01,ChinaA,China,-0.014837339764167687,0.5151515151515151
2026-07-01,ChinaH,China,-0.011533129153437382,0.5303030303030303
2026-07-01,Denmark,Denmark,0.04320214818095939,0.12121212121212122
2026-07-01,France,France,-0.015401318381090148,0.4090909090909091
2026-07-01,Germany,Germany,0.01048534197262201,0.43939393939393945
2026-07-01,Hong Kong,Hong Kong,-0.005575167534040096,0.6818181818181819
2026-07-01,Indonesia,Indonesia,0.0016500250298397282,0.46969696969696967
2026-07-01,Italy,Italy,-0.01898223356672256,0.6060606060606061
2026-07-01,Japan,Japan,-0.01669122797379092,0.6060606060606061
2026-07-01,Korea,Korea,-0.01855199564290456,0.6060606060606061
2026-07-01,Malaysia,Malaysia,-0.031726991884135844,0.6212121212121212
2026-07-01,Mexico,Mexico,-0.01830956792349629,0.5909090909090909
2026-07-01,NASDAQ,US,0.032361682447406954,0.34848484848484845
2026-07-01,Netherlands,Netherlands,0.005670519698147811,0.48484848484848486
2026-07-01,Philippines,Philippines,-0.022697755828049705,0.4696969696969697
2026-07-01,Poland,Poland,-0.01883316240666629,0.7424242424242424
2026-07-01,Saudi Arabia,Saudi Arabia,-0.022361007423366323,0.3787878787878788
2026-07-01,Singapore,Singapore,0.006157826793589016,0.4393939393939394
2026-07-01,South Africa,South Africa,-0.029146057782294857,0.7424242424242424
2026-07-01,Spain,Spain,-0.021237115870997032,0.5757575757575758
2026-07-01,Sweden,Sweden,0.009485592276336902,0.2727272727272727
2026-07-01,Switzerland,Switzerland,0.007075084871937106,0.24242424242424243
2026-07-01,Taiwan,Taiwan,-0.011387975882306861,0.5151515151515151
2026-07-01,Thailand,Thailand,-0.017924951210280902,0.7121212121212122
2026-07-01,Turkey,Turkey,-0.010657329602067871,0.7272727272727273
2026-07-01,U.K.,U.K.,0.006851000473167003,0.48484848484848486
2026-07-01,U.S.,US,0.030382189805141194,0.30303030303030304
2026-07-01,US SmallCap,US,0.026348815068769994,0.5454545454545454
2026-07-01,Vietnam,Vietnam,-0.006059196497163861,0.6515151515151515
